source,destination,distance,time_0,time_1,time_2,time_3,time_4,time_5,time_6,time_7,time_8,time_9,time_10,time_11,time_12,time_13,time_14,time_15,time_16,time_17,time_18,time_19,time_20,time_21,time_22,time_23
N_0_0,N_1_0,3.393772505532792,3.46,3.46,3.46,3.46,3.46,3.46,5.29,5.29,6.11,6.11,4.07,4.07,4.07,4.07,4.07,4.07,5.7,6.52,6.52,5.7,3.67,3.67,3.67,3.67
N_0_0,N_1_2,1.3873571033234116,2.28,2.28,2.28,2.28,2.28,2.28,3.77,3.77,4.44,4.44,2.77,2.77,2.77,2.77,2.77,2.77,4.11,4.77,4.77,4.11,2.44,2.44,2.44,2.44
N_0_0,N_1_1,0.5919819373544255,0.97,0.97,0.97,0.97,0.97,0.97,1.61,1.61,1.89,1.89,1.18,1.18,1.18,1.18,1.18,1.18,1.75,2.04,2.04,1.75,1.04,1.04,1.04,1.04
N_0_0,N_2_1,10.623887628427203,5.9,5.9,5.9,5.9,5.9,5.9,7.33,7.33,7.97,7.97,6.37,6.37,6.37,6.37,6.37,6.37,7.65,8.29,8.29,7.65,6.06,6.06,6.06,6.06
N_0_1,N_2_0,5.332628522608212,5.44,5.44,5.44,5.44,5.44,5.44,8.32,8.32,9.6,9.6,6.4,6.4,6.4,6.4,6.4,6.4,8.96,10.24,10.24,8.96,5.76,5.76,5.76,5.76
N_0_1,N_2_1,4.8382819967069235,4.94,4.94,4.94,4.94,4.94,4.94,7.55,7.55,8.71,8.71,5.81,5.81,5.81,5.81,5.81,5.81,8.13,9.29,9.29,8.13,5.23,5.23,5.23,5.23
N_0_10,N_2_10,4.827343250671146,4.92,4.92,4.92,4.92,4.92,4.92,7.53,7.53,8.69,8.69,5.79,5.79,5.79,5.79,5.79,5.79,8.11,9.27,9.27,8.11,5.21,5.21,5.21,5.21
N_0_10,N_1_9,2.2066709173203716,3.62,3.62,3.62,3.62,3.62,3.62,6.0,6.0,7.06,7.06,4.41,4.41,4.41,4.41,4.41,4.41,6.53,7.59,7.59,6.53,3.88,3.88,3.88,3.88
N_0_10,N_1_12,4.435836630308984,4.52,4.52,4.52,4.52,4.52,4.52,6.92,6.92,7.98,7.98,5.32,5.32,5.32,5.32,5.32,5.32,7.45,8.52,8.52,7.45,4.79,4.79,4.79,4.79
N_0_10,N_1_10,3.08775839143826,3.15,3.15,3.15,3.15,3.15,3.15,4.82,4.82,5.56,5.56,3.71,3.71,3.71,3.71,3.71,3.71,5.19,5.93,5.93,5.19,3.33,3.33,3.33,3.33
N_0_10,N_0_9,3.032391863045961,3.09,3.09,3.09,3.09,3.09,3.09,4.73,4.73,5.46,5.46,3.64,3.64,3.64,3.64,3.64,3.64,5.09,5.82,5.82,5.09,3.27,3.27,3.27,3.27
N_0_10,N_1_11,6.8944112673117,7.03,7.03,7.03,7.03,7.03,7.03,10.76,10.76,12.41,12.41,8.27,8.27,8.27,8.27,8.27,8.27,11.58,13.24,13.24,11.58,7.45,7.45,7.45,7.45
N_0_11,N_2_12,6.6136148162918715,6.75,6.75,6.75,6.75,6.75,6.75,10.32,10.32,11.9,11.9,7.94,7.94,7.94,7.94,7.94,7.94,11.11,12.7,12.7,11.11,7.14,7.14,7.14,7.14
N_0_11,N_2_11,4.763292760651247,4.86,4.86,4.86,4.86,4.86,4.86,7.43,7.43,8.57,8.57,5.72,5.72,5.72,5.72,5.72,5.72,8.0,9.15,9.15,8.0,5.14,5.14,5.14,5.14
N_0_11,N_1_12,3.3605335029848757,3.43,3.43,3.43,3.43,3.43,3.43,5.24,5.24,6.05,6.05,4.03,4.03,4.03,4.03,4.03,4.03,5.65,6.45,6.45,5.65,3.63,3.63,3.63,3.63
N_0_11,N_1_10,3.7025602817772265,3.78,3.78,3.78,3.78,3.78,3.78,5.78,5.78,6.66,6.66,4.44,4.44,4.44,4.44,4.44,4.44,6.22,7.11,7.11,6.22,4.0,4.0,4.0,4.0
N_0_12,N_1_10,1.4366627777053906,2.36,2.36,2.36,2.36,2.36,2.36,3.91,3.91,4.6,4.6,2.87,2.87,2.87,2.87,2.87,2.87,4.25,4.94,4.94,4.25,2.53,2.53,2.53,2.53
N_0_12,N_0_10,3.9024587827962813,3.98,3.98,3.98,3.98,3.98,3.98,6.09,6.09,7.02,7.02,4.68,4.68,4.68,4.68,4.68,4.68,6.56,7.49,7.49,6.56,4.21,4.21,4.21,4.21
N_0_12,N_2_13,4.589645980813197,4.68,4.68,4.68,4.68,4.68,4.68,7.16,7.16,8.26,8.26,5.51,5.51,5.51,5.51,5.51,5.51,7.71,8.81,8.81,7.71,4.96,4.96,4.96,4.96
N_0_13,N_1_11,6.2896692049070975,6.42,6.42,6.42,6.42,6.42,6.42,9.81,9.81,11.32,11.32,7.55,7.55,7.55,7.55,7.55,7.55,10.57,12.08,12.08,10.57,6.79,6.79,6.79,6.79
N_0_13,N_0_11,9.636753315481082,5.35,5.35,5.35,5.35,5.35,5.35,6.65,6.65,7.23,7.23,5.78,5.78,5.78,5.78,5.78,5.78,6.94,7.52,7.52,6.94,5.49,5.49,5.49,5.49
N_0_14,N_1_12,8.260484897572935,4.58,4.58,4.58,4.58,4.58,4.58,5.7,5.7,6.2,6.2,4.96,4.96,4.96,4.96,4.96,4.96,5.95,6.44,6.44,5.95,4.71,4.71,4.71,4.71
N_0_14,N_0_12,9.643600227019304,5.35,5.35,5.35,5.35,5.35,5.35,6.65,6.65,7.23,7.23,5.79,5.79,5.79,5.79,5.79,5.79,6.94,7.52,7.52,6.94,5.5,5.5,5.5,5.5
N_0_15,N_0_17,1.7313044281023127,2.84,2.84,2.84,2.84,2.84,2.84,4.71,4.71,5.54,5.54,3.46,3.46,3.46,3.46,3.46,3.46,5.12,5.96,5.96,5.12,3.05,3.05,3.05,3.05
N_0_15,N_2_15,12.831964646232946,7.12,7.12,7.12,7.12,7.12,7.12,8.85,8.85,9.62,9.62,7.7,7.7,7.7,7.7,7.7,7.7,9.24,10.01,10.01,9.24,7.31,7.31,7.31,7.31
N_0_16,N_2_16,8.855118033610847,4.91,4.91,4.91,4.91,4.91,4.91,6.11,6.11,6.64,6.64,5.31,5.31,5.31,5.31,5.31,5.31,6.38,6.91,6.91,6.38,5.05,5.05,5.05,5.05
N_0_16,N_1_15,5.651074952247912,5.76,5.76,5.76,5.76,5.76,5.76,8.82,8.82,10.17,10.17,6.78,6.78,6.78,6.78,6.78,6.78,9.49,10.85,10.85,9.49,6.1,6.1,6.1,6.1
N_0_16,N_0_14,3.0854298189454825,3.15,3.15,3.15,3.15,3.15,3.15,4.81,4.81,5.55,5.55,3.7,3.7,3.7,3.7,3.7,3.7,5.18,5.92,5.92,5.18,3.33,3.33,3.33,3.33
N_0_16,N_0_17,8.8814671971563,4.93,4.93,4.93,4.93,4.93,4.93,6.13,6.13,6.66,6.66,5.33,5.33,5.33,5.33,5.33,5.33,6.39,6.93,6.93,6.39,5.06,5.06,5.06,5.06
N_0_17,N_0_16,8.8814671971563,4.93,4.93,4.93,4.93,4.93,4.93,6.13,6.13,6.66,6.66,5.33,5.33,5.33,5.33,5.33,5.33,6.39,6.93,6.93,6.39,5.06,5.06,5.06,5.06
N_0_17,N_0_18,1.5804309137263028,2.59,2.59,2.59,2.59,2.59,2.59,4.3,4.3,5.06,5.06,3.16,3.16,3.16,3.16,3.16,3.16,4.68,5.44,5.44,4.68,2.78,2.78,2.78,2.78
N_0_18,N_0_19,8.887309805989462,4.93,4.93,4.93,4.93,4.93,4.93,6.13,6.13,6.67,6.67,5.33,5.33,5.33,5.33,5.33,5.33,6.4,6.93,6.93,6.4,5.07,5.07,5.07,5.07
N_0_18,N_2_17,8.444906267029953,4.69,4.69,4.69,4.69,4.69,4.69,5.83,5.83,6.33,6.33,5.07,5.07,5.07,5.07,5.07,5.07,6.08,6.59,6.59,6.08,4.81,4.81,4.81,4.81
N_0_18,N_0_17,5.374664071472108,5.48,5.48,5.48,5.48,5.48,5.48,8.38,8.38,9.67,9.67,6.45,6.45,6.45,6.45,6.45,6.45,9.03,10.32,10.32,9.03,5.8,5.8,5.8,5.8
N_0_18,N_1_18,12.305747853991056,6.83,6.83,6.83,6.83,6.83,6.83,8.49,8.49,9.23,9.23,7.38,7.38,7.38,7.38,7.38,7.38,8.86,9.6,9.6,8.86,7.01,7.01,7.01,7.01
N_0_19,N_0_18,8.887309805989462,4.93,4.93,4.93,4.93,4.93,4.93,6.13,6.13,6.67,6.67,5.33,5.33,5.33,5.33,5.33,5.33,6.4,6.93,6.93,6.4,5.07,5.07,5.07,5.07
N_0_19,N_2_18,6.638803316460917,6.77,6.77,6.77,6.77,6.77,6.77,10.36,10.36,11.95,11.95,7.97,7.97,7.97,7.97,7.97,7.97,11.15,12.75,12.75,11.15,7.17,7.17,7.17,7.17
N_0_19,N_1_17,12.25808196543408,6.8,6.8,6.8,6.8,6.8,6.8,8.46,8.46,9.19,9.19,7.35,7.35,7.35,7.35,7.35,7.35,8.83,9.56,9.56,8.83,6.99,6.99,6.99,6.99
N_0_19,N_1_20,12.431537070107108,6.9,6.9,6.9,6.9,6.9,6.9,8.58,8.58,9.32,9.32,7.46,7.46,7.46,7.46,7.46,7.46,8.95,9.7,9.7,8.95,7.09,7.09,7.09,7.09
N_0_2,N_0_0,1.8018333297626108,2.96,2.96,2.96,2.96,2.96,2.96,4.9,4.9,5.77,5.77,3.6,3.6,3.6,3.6,3.6,3.6,5.33,6.2,6.2,5.33,3.17,3.17,3.17,3.17
N_0_2,N_0_4,3.8600922653099876,3.94,3.94,3.94,3.94,3.94,3.94,6.02,6.02,6.95,6.95,4.63,4.63,4.63,4.63,4.63,4.63,6.48,7.41,7.41,6.48,4.17,4.17,4.17,4.17
N_0_2,N_1_4,10.372521331846226,5.76,5.76,5.76,5.76,5.76,5.76,7.16,7.16,7.78,7.78,6.22,6.22,6.22,6.22,6.22,6.22,7.47,8.09,8.09,7.47,5.91,5.91,5.91,5.91
N_0_2,N_1_0,3.3803433571025234,3.45,3.45,3.45,3.45,3.45,3.45,5.27,5.27,6.08,6.08,4.06,4.06,4.06,4.06,4.06,4.06,5.68,6.49,6.49,5.68,3.65,3.65,3.65,3.65
N_0_20,N_2_19,4.490587437503614,4.58,4.58,4.58,4.58,4.58,4.58,7.01,7.01,8.08,8.08,5.39,5.39,5.39,5.39,5.39,5.39,7.54,8.62,8.62,7.54,4.85,4.85,4.85,4.85
N_0_20,N_1_21,14.696372366928346,8.16,8.16,8.16,8.16,8.16,8.16,10.14,10.14,11.02,11.02,8.82,8.82,8.82,8.82,8.82,8.82,10.58,11.46,11.46,10.58,8.38,8.38,8.38,8.38
N_0_21,N_2_20,5.31167407355942,5.42,5.42,5.42,5.42,5.42,5.42,8.29,8.29,9.56,9.56,6.37,6.37,6.37,6.37,6.37,6.37,8.92,10.2,10.2,8.92,5.74,5.74,5.74,5.74
N_0_21,N_0_22,3.8969794764302623,3.97,3.97,3.97,3.97,3.97,3.97,6.08,6.08,7.01,7.01,4.68,4.68,4.68,4.68,4.68,4.68,6.55,7.48,7.48,6.55,4.21,4.21,4.21,4.21
N_0_21,N_0_23,1.2351221012307003,2.03,2.03,2.03,2.03,2.03,2.03,3.36,3.36,3.95,3.95,2.47,2.47,2.47,2.47,2.47,2.47,3.66,4.25,4.25,3.66,2.17,2.17,2.17,2.17
N_0_21,N_0_19,6.2288854846093775,6.35,6.35,6.35,6.35,6.35,6.35,9.72,9.72,11.21,11.21,7.47,7.47,7.47,7.47,7.47,7.47,10.46,11.96,11.96,10.46,6.73,6.73,6.73,6.73
N_0_22,N_0_21,3.8969794764302623,3.97,3.97,3.97,3.97,3.97,3.97,6.08,6.08,7.01,7.01,4.68,4.68,4.68,4.68,4.68,4.68,6.55,7.48,7.48,6.55,4.21,4.21,4.21,4.21
N_0_22,N_1_24,14.089038945755068,7.82,7.82,7.82,7.82,7.82,7.82,9.72,9.72,10.57,10.57,8.45,8.45,8.45,8.45,8.45,8.45,10.14,10.99,10.99,10.14,8.03,8.03,8.03,8.03
N_0_22,N_2_23,3.5674986166050746,3.64,3.64,3.64,3.64,3.64,3.64,5.57,5.57,6.42,6.42,4.28,4.28,4.28,4.28,4.28,4.28,5.99,6.85,6.85,5.99,3.85,3.85,3.85,3.85
N_0_23,N_0_22,6.107342479866964,6.23,6.23,6.23,6.23,6.23,6.23,9.53,9.53,10.99,10.99,7.33,7.33,7.33,7.33,7.33,7.33,10.26,11.73,11.73,10.26,6.6,6.6,6.6,6.6
N_0_23,N_0_24,8.368261784978653,4.64,4.64,4.64,4.64,4.64,4.64,5.77,5.77,6.28,6.28,5.02,5.02,5.02,5.02,5.02,5.02,6.03,6.53,6.53,6.03,4.77,4.77,4.77,4.77
N_0_24,N_0_23,8.368261784978653,4.64,4.64,4.64,4.64,4.64,4.64,5.77,5.77,6.28,6.28,5.02,5.02,5.02,5.02,5.02,5.02,6.03,6.53,6.53,6.03,4.77,4.77,4.77,4.77
N_0_24,N_1_26,11.586424140607733,6.43,6.43,6.43,6.43,6.43,6.43,7.99,7.99,8.69,8.69,6.95,6.95,6.95,6.95,6.95,6.95,8.34,9.04,9.04,8.34,6.6,6.6,6.6,6.6
N_0_25,N_0_26,3.844935916881249,3.92,3.92,3.92,3.92,3.92,3.92,6.0,6.0,6.92,6.92,4.61,4.61,4.61,4.61,4.61,4.61,6.46,7.38,7.38,6.46,4.15,4.15,4.15,4.15
N_0_25,N_1_26,10.296856491564888,5.71,5.71,5.71,5.71,5.71,5.71,7.1,7.1,7.72,7.72,6.18,6.18,6.18,6.18,6.18,6.18,7.41,8.03,8.03,7.41,5.87,5.87,5.87,5.87
N_0_26,N_0_25,3.844935916881249,3.92,3.92,3.92,3.92,3.92,3.92,6.0,6.0,6.92,6.92,4.61,4.61,4.61,4.61,4.61,4.61,6.46,7.38,7.38,6.46,4.15,4.15,4.15,4.15
N_0_26,N_2_27,0.5846045231255828,0.96,0.96,0.96,0.96,0.96,0.96,1.59,1.59,1.87,1.87,1.17,1.17,1.17,1.17,1.17,1.17,1.73,2.01,2.01,1.73,1.03,1.03,1.03,1.03
N_0_27,N_0_28,10.273377256118597,5.7,5.7,5.7,5.7,5.7,5.7,7.09,7.09,7.71,7.71,6.16,6.16,6.16,6.16,6.16,6.16,7.4,8.01,8.01,7.4,5.86,5.86,5.86,5.86
N_0_27,N_0_25,6.328103652286829,6.45,6.45,6.45,6.45,6.45,6.45,9.87,9.87,11.39,11.39,7.59,7.59,7.59,7.59,7.59,7.59,10.63,12.15,12.15,10.63,6.83,6.83,6.83,6.83
N_0_28,N_0_29,3.8862882355770054,3.96,3.96,3.96,3.96,3.96,3.96,6.06,6.06,7.0,7.0,4.66,4.66,4.66,4.66,4.66,4.66,6.53,7.46,7.46,6.53,4.2,4.2,4.2,4.2
N_0_28,N_0_30,12.432572668777304,6.9,6.9,6.9,6.9,6.9,6.9,8.58,8.58,9.32,9.32,7.46,7.46,7.46,7.46,7.46,7.46,8.95,9.7,9.7,8.95,7.09,7.09,7.09,7.09
N_0_28,N_2_29,13.433597605270347,7.46,7.46,7.46,7.46,7.46,7.46,9.27,9.27,10.08,10.08,8.06,8.06,8.06,8.06,8.06,8.06,9.67,10.48,10.48,9.67,7.66,7.66,7.66,7.66
N_0_28,N_1_27,1.7908859523391276,2.94,2.94,2.94,2.94,2.94,2.94,4.87,4.87,5.73,5.73,3.58,3.58,3.58,3.58,3.58,3.58,5.3,6.16,6.16,5.3,3.15,3.15,3.15,3.15
N_0_28,N_2_27,9.791777554012109,5.43,5.43,5.43,5.43,5.43,5.43,6.76,6.76,7.34,7.34,5.88,5.88,5.88,5.88,5.88,5.88,7.05,7.64,7.64,7.05,5.58,5.58,5.58,5.58
N_0_28,N_1_29,13.314066660318993,7.39,7.39,7.39,7.39,7.39,7.39,9.19,9.19,9.99,9.99,7.99,7.99,7.99,7.99,7.99,7.99,9.59,10.38,10.38,9.59,7.59,7.59,7.59,7.59
N_0_29,N_2_28,5.525540480101718,5.64,5.64,5.64,5.64,5.64,5.64,8.62,8.62,9.95,9.95,6.63,6.63,6.63,6.63,6.63,6.63,9.28,10.61,10.61,9.28,5.97,5.97,5.97,5.97
N_0_29,N_2_29,4.407768890480306,4.5,4.5,4.5,4.5,4.5,4.5,6.88,6.88,7.93,7.93,5.29,5.29,5.29,5.29,5.29,5.29,7.41,8.46,8.46,7.41,4.76,4.76,4.76,4.76
N_0_29,N_2_30,3.1504289822843683,3.21,3.21,3.21,3.21,3.21,3.21,4.91,4.91,5.67,5.67,3.78,3.78,3.78,3.78,3.78,3.78,5.29,6.05,6.05,5.29,3.4,3.4,3.4,3.4
N_0_29,N_1_31,12.512665287030861,6.94,6.94,6.94,6.94,6.94,6.94,8.63,8.63,9.38,9.38,7.51,7.51,7.51,7.51,7.51,7.51,9.01,9.76,9.76,9.01,7.13,7.13,7.13,7.13
N_0_3,N_0_4,4.902516111772278,5.0,5.0,5.0,5.0,5.0,5.0,7.65,7.65,8.82,8.82,5.88,5.88,5.88,5.88,5.88,5.88,8.24,9.41,9.41,8.24,5.29,5.29,5.29,5.29
N_0_3,N_1_5,8.724513140892741,4.84,4.84,4.84,4.84,4.84,4.84,6.02,6.02,6.54,6.54,5.23,5.23,5.23,5.23,5.23,5.23,6.28,6.81,6.81,6.28,4.97,4.97,4.97,4.97
N_0_30,N_0_28,12.432572668777304,6.9,6.9,6.9,6.9,6.9,6.9,8.58,8.58,9.32,9.32,7.46,7.46,7.46,7.46,7.46,7.46,8.95,9.7,9.7,8.95,7.09,7.09,7.09,7.09
N_0_30,N_0_31,6.097859154294942,6.22,6.22,6.22,6.22,6.22,6.22,9.51,9.51,10.98,10.98,7.32,7.32,7.32,7.32,7.32,7.32,10.24,11.71,11.71,10.24,6.59,6.59,6.59,6.59
N_0_30,N_1_28,12.416206021093856,6.89,6.89,6.89,6.89,6.89,6.89,8.57,8.57,9.31,9.31,7.45,7.45,7.45,7.45,7.45,7.45,8.94,9.68,9.68,8.94,7.08,7.08,7.08,7.08
N_0_30,N_1_30,5.23185284967361,5.34,5.34,5.34,5.34,5.34,5.34,8.16,8.16,9.42,9.42,6.28,6.28,6.28,6.28,6.28,6.28,8.79,10.05,10.05,8.79,5.65,5.65,5.65,5.65
N_0_31,N_0_30,6.097859154294942,6.22,6.22,6.22,6.22,6.22,6.22,9.51,9.51,10.98,10.98,7.32,7.32,7.32,7.32,7.32,7.32,10.24,11.71,11.71,10.24,6.59,6.59,6.59,6.59
N_0_31,N_1_32,12.961838100597376,7.19,7.19,7.19,7.19,7.19,7.19,8.94,8.94,9.72,9.72,7.78,7.78,7.78,7.78,7.78,7.78,9.33,10.11,10.11,9.33,7.39,7.39,7.39,7.39
N_0_32,N_1_30,6.804677254384537,6.94,6.94,6.94,6.94,6.94,6.94,10.62,10.62,12.25,12.25,8.17,8.17,8.17,8.17,8.17,8.17,11.43,13.06,13.06,11.43,7.35,7.35,7.35,7.35
N_0_32,N_0_34,3.768020934657545,3.84,3.84,3.84,3.84,3.84,3.84,5.88,5.88,6.78,6.78,4.52,4.52,4.52,4.52,4.52,4.52,6.33,7.23,7.23,6.33,4.07,4.07,4.07,4.07
N_0_32,N_0_30,10.070544711582352,5.59,5.59,5.59,5.59,5.59,5.59,6.95,6.95,7.55,7.55,6.04,6.04,6.04,6.04,6.04,6.04,7.25,7.86,7.86,7.25,5.74,5.74,5.74,5.74
N_0_32,N_1_32,5.159083033654684,5.26,5.26,5.26,5.26,5.26,5.26,8.05,8.05,9.29,9.29,6.19,6.19,6.19,6.19,6.19,6.19,8.67,9.91,9.91,8.67,5.57,5.57,5.57,5.57
N_0_32,N_0_33,5.6477169494856705,5.76,5.76,5.76,5.76,5.76,5.76,8.81,8.81,10.17,10.17,6.78,6.78,6.78,6.78,6.78,6.78,9.49,10.84,10.84,9.49,6.1,6.1,6.1,6.1
N_0_32,N_1_34,5.388985764286514,5.5,5.5,5.5,5.5,5.5,5.5,8.41,8.41,9.7,9.7,6.47,6.47,6.47,6.47,6.47,6.47,9.05,10.35,10.35,9.05,5.82,5.82,5.82,5.82
N_0_32,N_2_31,12.849919486028586,7.13,7.13,7.13,7.13,7.13,7.13,8.87,8.87,9.64,9.64,7.71,7.71,7.71,7.71,7.71,7.71,9.25,10.02,10.02,9.25,7.32,7.32,7.32,7.32
N_0_33,N_1_33,6.13520143773937,6.26,6.26,6.26,6.26,6.26,6.26,9.57,9.57,11.04,11.04,7.36,7.36,7.36,7.36,7.36,7.36,10.31,11.78,11.78,10.31,6.63,6.63,6.63,6.63
N_0_33,N_2_33,14.759176460358255,8.19,8.19,8.19,8.19,8.19,8.19,10.18,10.18,11.07,11.07,8.86,8.86,8.86,8.86,8.86,8.86,10.63,11.51,11.51,10.63,8.41,8.41,8.41,8.41
N_0_33,N_0_32,0.8880323524451397,1.46,1.46,1.46,1.46,1.46,1.46,2.42,2.42,2.84,2.84,1.78,1.78,1.78,1.78,1.78,1.78,2.63,3.05,3.05,2.63,1.56,1.56,1.56,1.56
N_0_33,N_0_35,4.762389614036082,4.86,4.86,4.86,4.86,4.86,4.86,7.43,7.43,8.57,8.57,5.71,5.71,5.71,5.71,5.71,5.71,8.0,9.14,9.14,8.0,5.14,5.14,5.14,5.14
N_0_34,N_0_36,6.496467780208948,6.63,6.63,6.63,6.63,6.63,6.63,10.13,10.13,11.69,11.69,7.8,7.8,7.8,7.8,7.8,7.8,10.91,12.47,12.47,10.91,7.02,7.02,7.02,7.02
N_0_34,N_1_32,13.921245937134069,7.73,7.73,7.73,7.73,7.73,7.73,9.61,9.61,10.44,10.44,8.35,8.35,8.35,8.35,8.35,8.35,10.02,10.86,10.86,10.02,7.94,7.94,7.94,7.94
N_0_34,N_2_33,13.341817812041835,7.4,7.4,7.4,7.4,7.4,7.4,9.21,9.21,10.01,10.01,8.01,8.01,8.01,8.01,8.01,8.01,9.61,10.41,10.41,9.61,7.6,7.6,7.6,7.6
N_0_34,N_2_35,0.7946973119832086,1.3,1.3,1.3,1.3,1.3,1.3,2.16,2.16,2.54,2.54,1.59,1.59,1.59,1.59,1.59,1.59,2.35,2.73,2.73,2.35,1.4,1.4,1.4,1.4
N_0_35,N_1_34,1.2498253468355351,2.05,2.05,2.05,2.05,2.05,2.05,3.4,3.4,4.0,4.0,2.5,2.5,2.5,2.5,2.5,2.5,3.7,4.3,4.3,3.7,2.2,2.2,2.2,2.2
N_0_35,N_2_35,2.1783525752232116,3.57,3.57,3.57,3.57,3.57,3.57,5.93,5.93,6.97,6.97,4.36,4.36,4.36,4.36,4.36,4.36,6.45,7.49,7.49,6.45,3.83,3.83,3.83,3.83
N_0_35,N_0_33,3.5503983509034867,3.62,3.62,3.62,3.62,3.62,3.62,5.54,5.54,6.39,6.39,4.26,4.26,4.26,4.26,4.26,4.26,5.96,6.82,6.82,5.96,3.83,3.83,3.83,3.83
N_0_35,N_0_34,1.8921439771519672,3.1,3.1,3.1,3.1,3.1,3.1,5.15,5.15,6.05,6.05,3.78,3.78,3.78,3.78,3.78,3.78,5.6,6.51,6.51,5.6,3.33,3.33,3.33,3.33
N_0_36,N_0_34,6.496467780208948,6.63,6.63,6.63,6.63,6.63,6.63,10.13,10.13,11.69,11.69,7.8,7.8,7.8,7.8,7.8,7.8,10.91,12.47,12.47,10.91,7.02,7.02,7.02,7.02
N_0_36,N_2_37,10.016711046274613,5.56,5.56,5.56,5.56,5.56,5.56,6.91,6.91,7.51,7.51,6.01,6.01,6.01,6.01,6.01,6.01,7.21,7.81,7.81,7.21,5.71,5.71,5.71,5.71
N_0_36,N_2_36,10.938778806274101,6.07,6.07,6.07,6.07,6.07,6.07,7.55,7.55,8.2,8.2,6.56,6.56,6.56,6.56,6.56,6.56,7.88,8.53,8.53,7.88,6.24,6.24,6.24,6.24
N_0_37,N_2_37,8.010950351533793,4.45,4.45,4.45,4.45,4.45,4.45,5.53,5.53,6.01,6.01,4.81,4.81,4.81,4.81,4.81,4.81,5.77,6.25,6.25,5.77,4.57,4.57,4.57,4.57
N_0_37,N_0_38,3.74925564719353,3.82,3.82,3.82,3.82,3.82,3.82,5.85,5.85,6.75,6.75,4.5,4.5,4.5,4.5,4.5,4.5,6.3,7.2,7.2,6.3,4.05,4.05,4.05,4.05
N_0_38,N_0_37,3.74925564719353,3.82,3.82,3.82,3.82,3.82,3.82,5.85,5.85,6.75,6.75,4.5,4.5,4.5,4.5,4.5,4.5,6.3,7.2,7.2,6.3,4.05,4.05,4.05,4.05
N_0_38,N_2_37,10.708169250691503,5.94,5.94,5.94,5.94,5.94,5.94,7.39,7.39,8.03,8.03,6.42,6.42,6.42,6.42,6.42,6.42,7.71,8.35,8.35,7.71,6.1,6.1,6.1,6.1
N_0_38,N_0_36,4.428375506058932,4.52,4.52,4.52,4.52,4.52,4.52,6.91,6.91,7.97,7.97,5.31,5.31,5.31,5.31,5.31,5.31,7.44,8.5,8.5,7.44,4.78,4.78,4.78,4.78
N_0_39,N_1_39,4.3541890327188035,4.44,4.44,4.44,4.44,4.44,4.44,6.79,6.79,7.84,7.84,5.23,5.23,5.23,5.23,5.23,5.23,7.32,8.36,8.36,7.32,4.7,4.7,4.7,4.7
N_0_39,N_1_37,1.869365132817967,3.07,3.07,3.07,3.07,3.07,3.07,5.08,5.08,5.98,5.98,3.74,3.74,3.74,3.74,3.74,3.74,5.53,6.43,6.43,5.53,3.29,3.29,3.29,3.29
N_0_39,N_0_38,3.729111993655493,3.8,3.8,3.8,3.8,3.8,3.8,5.82,5.82,6.71,6.71,4.47,4.47,4.47,4.47,4.47,4.47,6.26,7.16,7.16,6.26,4.03,4.03,4.03,4.03
N_0_39,N_1_38,6.774420602848517,6.91,6.91,6.91,6.91,6.91,6.91,10.57,10.57,12.19,12.19,8.13,8.13,8.13,8.13,8.13,8.13,11.38,13.01,13.01,11.38,7.32,7.32,7.32,7.32
N_0_39,N_2_39,13.537764492603308,7.51,7.51,7.51,7.51,7.51,7.51,9.34,9.34,10.15,10.15,8.12,8.12,8.12,8.12,8.12,8.12,9.75,10.56,10.56,9.75,7.72,7.72,7.72,7.72
N_0_4,N_0_2,3.8600922653099876,3.94,3.94,3.94,3.94,3.94,3.94,6.02,6.02,6.95,6.95,4.63,4.63,4.63,4.63,4.63,4.63,6.48,7.41,7.41,6.48,4.17,4.17,4.17,4.17
N_0_4,N_0_3,4.902516111772278,5.0,5.0,5.0,5.0,5.0,5.0,7.65,7.65,8.82,8.82,5.88,5.88,5.88,5.88,5.88,5.88,8.24,9.41,9.41,8.24,5.29,5.29,5.29,5.29
N_0_4,N_1_5,10.57613422020271,5.87,5.87,5.87,5.87,5.87,5.87,7.3,7.3,7.93,7.93,6.35,6.35,6.35,6.35,6.35,6.35,7.61,8.25,8.25,7.61,6.03,6.03,6.03,6.03
N_0_5,N_2_6,1.9541626486852715,3.2,3.2,3.2,3.2,3.2,3.2,5.32,5.32,6.25,6.25,3.91,3.91,3.91,3.91,3.91,3.91,5.78,6.72,6.72,5.78,3.44,3.44,3.44,3.44
N_0_5,N_2_5,6.289365118159546,6.42,6.42,6.42,6.42,6.42,6.42,9.81,9.81,11.32,11.32,7.55,7.55,7.55,7.55,7.55,7.55,10.57,12.08,12.08,10.57,6.79,6.79,6.79,6.79
N_0_6,N_0_4,3.169420651400518,3.23,3.23,3.23,3.23,3.23,3.23,4.94,4.94,5.7,5.7,3.8,3.8,3.8,3.8,3.8,3.8,5.32,6.09,6.09,5.32,3.42,3.42,3.42,3.42
N_0_6,N_0_7,6.992602391092197,7.13,7.13,7.13,7.13,7.13,7.13,10.91,10.91,12.59,12.59,8.39,8.39,8.39,8.39,8.39,8.39,11.75,13.43,13.43,11.75,7.55,7.55,7.55,7.55
N_0_7,N_0_6,6.992602391092197,7.13,7.13,7.13,7.13,7.13,7.13,10.91,10.91,12.59,12.59,8.39,8.39,8.39,8.39,8.39,8.39,11.75,13.43,13.43,11.75,7.55,7.55,7.55,7.55
N_0_7,N_0_8,4.531417606755111,4.62,4.62,4.62,4.62,4.62,4.62,7.07,7.07,8.16,8.16,5.44,5.44,5.44,5.44,5.44,5.44,7.61,8.7,8.7,7.61,4.89,4.89,4.89,4.89
N_0_7,N_0_9,5.71624822765358,5.83,5.83,5.83,5.83,5.83,5.83,8.92,8.92,10.29,10.29,6.86,6.86,6.86,6.86,6.86,6.86,9.6,10.98,10.98,9.6,6.17,6.17,6.17,6.17
N_0_7,N_0_5,6.052337887194318,6.17,6.17,6.17,6.17,6.17,6.17,9.44,9.44,10.89,10.89,7.26,7.26,7.26,7.26,7.26,7.26,10.17,11.62,11.62,10.17,6.54,6.54,6.54,6.54
N_0_8,N_0_7,4.531417606755111,4.62,4.62,4.62,4.62,4.62,4.62,7.07,7.07,8.16,8.16,5.44,5.44,5.44,5.44,5.44,5.44,7.61,8.7,8.7,7.61,4.89,4.89,4.89,4.89
N_0_8,N_1_10,0.7355219909813504,1.21,1.21,1.21,1.21,1.21,1.21,2.0,2.0,2.35,2.35,1.47,1.47,1.47,1.47,1.47,1.47,2.18,2.53,2.53,2.18,1.29,1.29,1.29,1.29
N_0_8,N_0_10,3.858281701694879,3.94,3.94,3.94,3.94,3.94,3.94,6.02,6.02,6.94,6.94,4.63,4.63,4.63,4.63,4.63,4.63,6.48,7.41,7.41,6.48,4.17,4.17,4.17,4.17
N_0_9,N_2_8,2.1210264367152636,3.48,3.48,3.48,3.48,3.48,3.48,5.77,5.77,6.79,6.79,4.24,4.24,4.24,4.24,4.24,4.24,6.28,7.3,7.3,6.28,3.73,3.73,3.73,3.73
N_0_9,N_2_9,1.8356795809779358,3.01,3.01,3.01,3.01,3.01,3.01,4.99,4.99,5.87,5.87,3.67,3.67,3.67,3.67,3.67,3.67,5.43,6.31,6.31,5.43,3.23,3.23,3.23,3.23
N_0_9,N_1_10,4.1614491311112545,4.24,4.24,4.24,4.24,4.24,4.24,6.49,6.49,7.49,7.49,4.99,4.99,4.99,4.99,4.99,4.99,6.99,7.99,7.99,6.99,4.49,4.49,4.49,4.49
N_10_0,N_9_0,5.289109628466104,5.39,5.39,5.39,5.39,5.39,5.39,8.25,8.25,9.52,9.52,6.35,6.35,6.35,6.35,6.35,6.35,8.89,10.16,10.16,8.89,5.71,5.71,5.71,5.71
N_10_0,N_8_1,0.7595424594275408,1.25,1.25,1.25,1.25,1.25,1.25,2.07,2.07,2.43,2.43,1.52,1.52,1.52,1.52,1.52,1.52,2.25,2.61,2.61,2.25,1.34,1.34,1.34,1.34
N_10_0,N_9_2,10.78711986539636,5.99,5.99,5.99,5.99,5.99,5.99,7.44,7.44,8.09,8.09,6.47,6.47,6.47,6.47,6.47,6.47,7.77,8.41,8.41,7.77,6.15,6.15,6.15,6.15
N_10_0,N_10_2,4.643180482660668,4.74,4.74,4.74,4.74,4.74,4.74,7.24,7.24,8.36,8.36,5.57,5.57,5.57,5.57,5.57,5.57,7.8,8.91,8.91,7.8,5.01,5.01,5.01,5.01
N_10_0,N_11_1,3.501307129036776,3.57,3.57,3.57,3.57,3.57,3.57,5.46,5.46,6.3,6.3,4.2,4.2,4.2,4.2,4.2,4.2,5.88,6.72,6.72,5.88,3.78,3.78,3.78,3.78
N_10_0,N_10_1,11.260832397347412,6.25,6.25,6.25,6.25,6.25,6.25,7.77,7.77,8.45,8.45,6.76,6.76,6.76,6.76,6.76,6.76,8.11,8.78,8.78,8.11,6.42,6.42,6.42,6.42
N_10_0,N_11_0,13.803376096947792,7.66,7.66,7.66,7.66,7.66,7.66,9.52,9.52,10.35,10.35,8.28,8.28,8.28,8.28,8.28,8.28,9.94,10.77,10.77,9.94,7.87,7.87,7.87,7.87
N_10_1,N_10_0,11.260832397347412,6.25,6.25,6.25,6.25,6.25,6.25,7.77,7.77,8.45,8.45,6.76,6.76,6.76,6.76,6.76,6.76,8.11,8.78,8.78,8.11,6.42,6.42,6.42,6.42
N_10_1,N_11_2,1.0012106179639981,1.64,1.64,1.64,1.64,1.64,1.64,2.72,2.72,3.2,3.2,2.0,2.0,2.0,2.0,2.0,2.0,2.96,3.44,3.44,2.96,1.76,1.76,1.76,1.76
N_10_1,N_11_0,3.500681180507611,3.57,3.57,3.57,3.57,3.57,3.57,5.46,5.46,6.3,6.3,4.2,4.2,4.2,4.2,4.2,4.2,5.88,6.72,6.72,5.88,3.78,3.78,3.78,3.78
N_10_1,N_9_0,5.010292578965051,5.11,5.11,5.11,5.11,5.11,5.11,7.82,7.82,9.02,9.02,6.01,6.01,6.01,6.01,6.01,6.01,8.42,9.62,9.62,8.42,5.41,5.41,5.41,5.41
N_10_1,N_10_3,0.8083885337591263,1.33,1.33,1.33,1.33,1.33,1.33,2.2,2.2,2.59,2.59,1.62,1.62,1.62,1.62,1.62,1.62,2.39,2.78,2.78,2.39,1.42,1.42,1.42,1.42
N_10_10,N_9_8,6.218752616862933,6.34,6.34,6.34,6.34,6.34,6.34,9.7,9.7,11.19,11.19,7.46,7.46,7.46,7.46,7.46,7.46,10.45,11.94,11.94,10.45,6.72,6.72,6.72,6.72
N_10_10,N_12_10,8.51081117853742,4.72,4.72,4.72,4.72,4.72,4.72,5.87,5.87,6.38,6.38,5.11,5.11,5.11,5.11,5.11,5.11,6.13,6.64,6.64,6.13,4.85,4.85,4.85,4.85
N_10_11,N_12_10,4.069886697816729,4.15,4.15,4.15,4.15,4.15,4.15,6.35,6.35,7.33,7.33,4.88,4.88,4.88,4.88,4.88,4.88,6.84,7.81,7.81,6.84,4.4,4.4,4.4,4.4
N_10_11,N_11_9,10.031484034789312,5.57,5.57,5.57,5.57,5.57,5.57,6.92,6.92,7.52,7.52,6.02,6.02,6.02,6.02,6.02,6.02,7.22,7.82,7.82,7.22,5.72,5.72,5.72,5.72
N_10_11,N_12_12,3.9930811215247464,4.07,4.07,4.07,4.07,4.07,4.07,6.23,6.23,7.19,7.19,4.79,4.79,4.79,4.79,4.79,4.79,6.71,7.67,7.67,6.71,4.31,4.31,4.31,4.31
N_10_12,N_11_13,9.969494368614699,5.53,5.53,5.53,5.53,5.53,5.53,6.88,6.88,7.48,7.48,5.98,5.98,5.98,5.98,5.98,5.98,7.18,7.78,7.78,7.18,5.68,5.68,5.68,5.68
N_10_12,N_12_12,1.8450412075308986,3.03,3.03,3.03,3.03,3.03,3.03,5.02,5.02,5.9,5.9,3.69,3.69,3.69,3.69,3.69,3.69,5.46,6.35,6.35,5.46,3.25,3.25,3.25,3.25
N_10_13,N_10_12,11.529788703862433,6.4,6.4,6.4,6.4,6.4,6.4,7.96,7.96,8.65,8.65,6.92,6.92,6.92,6.92,6.92,6.92,8.3,8.99,8.99,8.3,6.57,6.57,6.57,6.57
N_10_13,N_9_13,14.923634904345057,8.28,8.28,8.28,8.28,8.28,8.28,10.3,10.3,11.19,11.19,8.95,8.95,8.95,8.95,8.95,8.95,10.75,11.64,11.64,10.75,8.51,8.51,8.51,8.51
N_10_14,N_9_14,1.5386654206661665,2.52,2.52,2.52,2.52,2.52,2.52,4.19,4.19,4.92,4.92,3.08,3.08,3.08,3.08,3.08,3.08,4.55,5.29,5.29,4.55,2.71,2.71,2.71,2.71
N_10_14,N_11_13,0.7795619715447104,1.28,1.28,1.28,1.28,1.28,1.28,2.12,2.12,2.49,2.49,1.56,1.56,1.56,1.56,1.56,1.56,2.31,2.68,2.68,2.31,1.37,1.37,1.37,1.37
N_10_14,N_9_16,4.571818351465932,4.66,4.66,4.66,4.66,4.66,4.66,7.13,7.13,8.23,8.23,5.49,5.49,5.49,5.49,5.49,5.49,7.68,8.78,8.78,7.68,4.94,4.94,4.94,4.94
N_10_15,N_10_17,12.589136805238782,6.99,6.99,6.99,6.99,6.99,6.99,8.69,8.69,9.44,9.44,7.55,7.55,7.55,7.55,7.55,7.55,9.06,9.82,9.82,9.06,7.18,7.18,7.18,7.18
N_10_15,N_9_13,3.910172901195291,3.99,3.99,3.99,3.99,3.99,3.99,6.1,6.1,7.04,7.04,4.69,4.69,4.69,4.69,4.69,4.69,6.57,7.51,7.51,6.57,4.22,4.22,4.22,4.22
N_10_16,N_12_17,6.0998892072283635,6.22,6.22,6.22,6.22,6.22,6.22,9.52,9.52,10.98,10.98,7.32,7.32,7.32,7.32,7.32,7.32,10.25,11.71,11.71,10.25,6.59,6.59,6.59,6.59
N_10_16,N_11_17,1.9716745425373627,3.23,3.23,3.23,3.23,3.23,3.23,5.36,5.36,6.31,6.31,3.94,3.94,3.94,3.94,3.94,3.94,5.84,6.78,6.78,5.84,3.47,3.47,3.47,3.47
N_10_16,N_8_15,9.451391934798712,5.25,5.25,5.25,5.25,5.25,5.25,6.52,6.52,7.09,7.09,5.67,5.67,5.67,5.67,5.67,5.67,6.81,7.37,7.37,6.81,5.39,5.39,5.39,5.39
N_10_17,N_12_18,5.819603747346335,5.94,5.94,5.94,5.94,5.94,5.94,9.08,9.08,10.48,10.48,6.98,6.98,6.98,6.98,6.98,6.98,9.78,11.17,11.17,9.78,6.29,6.29,6.29,6.29
N_10_17,N_8_16,4.9192136928082455,5.02,5.02,5.02,5.02,5.02,5.02,7.67,7.67,8.85,8.85,5.9,5.9,5.9,5.9,5.9,5.9,8.26,9.44,9.44,8.26,5.31,5.31,5.31,5.31
N_10_17,N_11_15,1.9433287571885813,3.19,3.19,3.19,3.19,3.19,3.19,5.29,5.29,6.22,6.22,3.89,3.89,3.89,3.89,3.89,3.89,5.75,6.69,6.69,5.75,3.42,3.42,3.42,3.42
N_10_18,N_9_16,1.0422654439959516,1.71,1.71,1.71,1.71,1.71,1.71,2.83,2.83,3.34,3.34,2.08,2.08,2.08,2.08,2.08,2.08,3.09,3.59,3.59,3.09,1.83,1.83,1.83,1.83
N_10_18,N_8_19,8.76458607099756,4.86,4.86,4.86,4.86,4.86,4.86,6.05,6.05,6.57,6.57,5.26,5.26,5.26,5.26,5.26,5.26,6.31,6.84,6.84,6.31,5.0,5.0,5.0,5.0
N_10_18,N_11_16,8.355358009702249,4.64,4.64,4.64,4.64,4.64,4.64,5.77,5.77,6.27,6.27,5.01,5.01,5.01,5.01,5.01,5.01,6.02,6.52,6.52,6.02,4.76,4.76,4.76,4.76
N_10_18,N_9_20,9.629855918641669,5.34,5.34,5.34,5.34,5.34,5.34,6.64,6.64,7.22,7.22,5.78,5.78,5.78,5.78,5.78,5.78,6.93,7.51,7.51,6.93,5.49,5.49,5.49,5.49
N_10_19,N_12_19,5.892470712969693,6.01,6.01,6.01,6.01,6.01,6.01,9.19,9.19,10.61,10.61,7.07,7.07,7.07,7.07,7.07,7.07,9.9,11.31,11.31,9.9,6.36,6.36,6.36,6.36
N_10_19,N_12_20,0.8501295509619262,1.39,1.39,1.39,1.39,1.39,1.39,2.31,2.31,2.72,2.72,1.7,1.7,1.7,1.7,1.7,1.7,2.52,2.92,2.92,2.52,1.5,1.5,1.5,1.5
N_10_19,N_9_19,14.437443682956538,8.01,8.01,8.01,8.01,8.01,8.01,9.96,9.96,10.83,10.83,8.66,8.66,8.66,8.66,8.66,8.66,10.39,11.26,11.26,10.39,8.23,8.23,8.23,8.23
N_10_2,N_10_0,4.643180482660668,4.74,4.74,4.74,4.74,4.74,4.74,7.24,7.24,8.36,8.36,5.57,5.57,5.57,5.57,5.57,5.57,7.8,8.91,8.91,7.8,5.01,5.01,5.01,5.01
N_10_2,N_11_0,13.661697147701139,7.58,7.58,7.58,7.58,7.58,7.58,9.43,9.43,10.25,10.25,8.2,8.2,8.2,8.2,8.2,8.2,9.84,10.66,10.66,9.84,7.79,7.79,7.79,7.79
N_10_20,N_12_19,8.984283129440088,4.99,4.99,4.99,4.99,4.99,4.99,6.2,6.2,6.74,6.74,5.39,5.39,5.39,5.39,5.39,5.39,6.47,7.01,7.01,6.47,5.12,5.12,5.12,5.12
N_10_20,N_10_18,9.825496939458107,5.45,5.45,5.45,5.45,5.45,5.45,6.78,6.78,7.37,7.37,5.9,5.9,5.9,5.9,5.9,5.9,7.07,7.66,7.66,7.07,5.6,5.6,5.6,5.6
N_10_20,N_11_21,6.816139290619651,6.95,6.95,6.95,6.95,6.95,6.95,10.63,10.63,12.27,12.27,8.18,8.18,8.18,8.18,8.18,8.18,11.45,13.09,13.09,11.45,7.36,7.36,7.36,7.36
N_10_20,N_10_19,3.045742936776672,3.11,3.11,3.11,3.11,3.11,3.11,4.75,4.75,5.48,5.48,3.65,3.65,3.65,3.65,3.65,3.65,5.12,5.85,5.85,5.12,3.29,3.29,3.29,3.29
N_10_21,N_9_22,6.955351847581236,7.09,7.09,7.09,7.09,7.09,7.09,10.85,10.85,12.52,12.52,8.35,8.35,8.35,8.35,8.35,8.35,11.68,13.35,13.35,11.68,7.51,7.51,7.51,7.51
N_10_21,N_10_22,6.6511875531324165,6.78,6.78,6.78,6.78,6.78,6.78,10.38,10.38,11.97,11.97,7.98,7.98,7.98,7.98,7.98,7.98,11.17,12.77,12.77,11.17,7.18,7.18,7.18,7.18
N_10_21,N_9_21,2.151207018172914,3.53,3.53,3.53,3.53,3.53,3.53,5.85,5.85,6.88,6.88,4.3,4.3,4.3,4.3,4.3,4.3,6.37,7.4,7.4,6.37,3.79,3.79,3.79,3.79
N_10_22,N_9_24,4.955311867324759,5.05,5.05,5.05,5.05,5.05,5.05,7.73,7.73,8.92,8.92,5.95,5.95,5.95,5.95,5.95,5.95,8.32,9.51,9.51,8.32,5.35,5.35,5.35,5.35
N_10_22,N_11_22,3.222543223304519,3.29,3.29,3.29,3.29,3.29,3.29,5.03,5.03,5.8,5.8,3.87,3.87,3.87,3.87,3.87,3.87,5.41,6.19,6.19,5.41,3.48,3.48,3.48,3.48
N_10_22,N_8_21,5.255644740394853,5.36,5.36,5.36,5.36,5.36,5.36,8.2,8.2,9.46,9.46,6.31,6.31,6.31,6.31,6.31,6.31,8.83,10.09,10.09,8.83,5.68,5.68,5.68,5.68
N_10_22,N_12_21,4.232678256132605,4.32,4.32,4.32,4.32,4.32,4.32,6.6,6.6,7.62,7.62,5.08,5.08,5.08,5.08,5.08,5.08,7.11,8.13,8.13,7.11,4.57,4.57,4.57,4.57
N_10_23,N_10_21,6.565334420874107,6.7,6.7,6.7,6.7,6.7,6.7,10.24,10.24,11.82,11.82,7.88,7.88,7.88,7.88,7.88,7.88,11.03,12.61,12.61,11.03,7.09,7.09,7.09,7.09
N_10_23,N_10_22,1.254992699260198,2.06,2.06,2.06,2.06,2.06,2.06,3.41,3.41,4.02,4.02,2.51,2.51,2.51,2.51,2.51,2.51,3.71,4.32,4.32,3.71,2.21,2.21,2.21,2.21
N_10_24,N_8_25,0.9950240770075511,1.63,1.63,1.63,1.63,1.63,1.63,2.71,2.71,3.18,3.18,1.99,1.99,1.99,1.99,1.99,1.99,2.95,3.42,3.42,2.95,1.75,1.75,1.75,1.75
N_10_24,N_11_23,14.561872527945468,8.08,8.08,8.08,8.08,8.08,8.08,10.05,10.05,10.92,10.92,8.74,8.74,8.74,8.74,8.74,8.74,10.48,11.36,11.36,10.48,8.3,8.3,8.3,8.3
N_10_24,N_8_24,13.66634728477436,7.58,7.58,7.58,7.58,7.58,7.58,9.43,9.43,10.25,10.25,8.2,8.2,8.2,8.2,8.2,8.2,9.84,10.66,10.66,9.84,7.79,7.79,7.79,7.79
N_10_25,N_10_24,4.157053805415675,4.24,4.24,4.24,4.24,4.24,4.24,6.49,6.49,7.48,7.48,4.99,4.99,4.99,4.99,4.99,4.99,6.98,7.98,7.98,6.98,4.49,4.49,4.49,4.49
N_10_25,N_9_26,4.275614785476768,4.36,4.36,4.36,4.36,4.36,4.36,6.67,6.67,7.7,7.7,5.13,5.13,5.13,5.13,5.13,5.13,7.18,8.21,8.21,7.18,4.62,4.62,4.62,4.62
N_10_26,N_12_26,4.274937829265249,4.36,4.36,4.36,4.36,4.36,4.36,6.67,6.67,7.69,7.69,5.13,5.13,5.13,5.13,5.13,5.13,7.18,8.21,8.21,7.18,4.62,4.62,4.62,4.62
N_10_26,N_9_27,10.635221319549924,5.9,5.9,5.9,5.9,5.9,5.9,7.34,7.34,7.98,7.98,6.38,6.38,6.38,6.38,6.38,6.38,7.66,8.3,8.3,7.66,6.06,6.06,6.06,6.06
N_10_26,N_10_28,6.397363729040162,6.53,6.53,6.53,6.53,6.53,6.53,9.98,9.98,11.52,11.52,7.68,7.68,7.68,7.68,7.68,7.68,10.75,12.28,12.28,10.75,6.91,6.91,6.91,6.91
N_10_26,N_11_25,6.223104639739548,6.35,6.35,6.35,6.35,6.35,6.35,9.71,9.71,11.2,11.2,7.47,7.47,7.47,7.47,7.47,7.47,10.45,11.95,11.95,10.45,6.72,6.72,6.72,6.72
N_10_27,N_8_28,5.411688179956304,5.52,5.52,5.52,5.52,5.52,5.52,8.44,8.44,9.74,9.74,6.49,6.49,6.49,6.49,6.49,6.49,9.09,10.39,10.39,9.09,5.84,5.84,5.84,5.84
N_10_27,N_11_29,13.33187492276047,7.4,7.4,7.4,7.4,7.4,7.4,9.2,9.2,10.0,10.0,8.0,8.0,8.0,8.0,8.0,8.0,9.6,10.4,10.4,9.6,7.6,7.6,7.6,7.6
N_10_27,N_9_25,4.917576825883659,5.02,5.02,5.02,5.02,5.02,5.02,7.67,7.67,8.85,8.85,5.9,5.9,5.9,5.9,5.9,5.9,8.26,9.44,9.44,8.26,5.31,5.31,5.31,5.31
N_10_28,N_10_26,6.397363729040162,6.53,6.53,6.53,6.53,6.53,6.53,9.98,9.98,11.52,11.52,7.68,7.68,7.68,7.68,7.68,7.68,10.75,12.28,12.28,10.75,6.91,6.91,6.91,6.91
N_10_28,N_12_28,4.4370382222063025,4.53,4.53,4.53,4.53,4.53,4.53,6.92,6.92,7.99,7.99,5.32,5.32,5.32,5.32,5.32,5.32,7.45,8.52,8.52,7.45,4.79,4.79,4.79,4.79
N_10_28,N_10_30,4.989109172403934,5.09,5.09,5.09,5.09,5.09,5.09,7.78,7.78,8.98,8.98,5.99,5.99,5.99,5.99,5.99,5.99,8.38,9.58,9.58,8.38,5.39,5.39,5.39,5.39
N_10_28,N_10_27,1.4389808440451168,2.36,2.36,2.36,2.36,2.36,2.36,3.91,3.91,4.6,4.6,2.88,2.88,2.88,2.88,2.88,2.88,4.26,4.95,4.95,4.26,2.53,2.53,2.53,2.53
N_10_28,N_9_27,1.2414098428625169,2.04,2.04,2.04,2.04,2.04,2.04,3.38,3.38,3.97,3.97,2.48,2.48,2.48,2.48,2.48,2.48,3.67,4.27,4.27,3.67,2.18,2.18,2.18,2.18
N_10_28,N_8_27,3.885096393264901,3.96,3.96,3.96,3.96,3.96,3.96,6.06,6.06,6.99,6.99,4.66,4.66,4.66,4.66,4.66,4.66,6.53,7.46,7.46,6.53,4.2,4.2,4.2,4.2
N_10_28,N_8_28,14.543307752074474,8.07,8.07,8.07,8.07,8.07,8.07,10.03,10.03,10.91,10.91,8.73,8.73,8.73,8.73,8.73,8.73,10.47,11.34,11.34,10.47,8.29,8.29,8.29,8.29
N_10_29,N_11_31,13.042194715334656,7.24,7.24,7.24,7.24,7.24,7.24,9.0,9.0,9.78,9.78,7.83,7.83,7.83,7.83,7.83,7.83,9.39,10.17,10.17,9.39,7.43,7.43,7.43,7.43
N_10_29,N_10_31,1.5842737107027103,2.6,2.6,2.6,2.6,2.6,2.6,4.31,4.31,5.07,5.07,3.17,3.17,3.17,3.17,3.17,3.17,4.69,5.45,5.45,4.69,2.79,2.79,2.79,2.79
N_10_29,N_11_28,8.236766300152834,4.57,4.57,4.57,4.57,4.57,4.57,5.68,5.68,6.18,6.18,4.94,4.94,4.94,4.94,4.94,4.94,5.93,6.42,6.42,5.93,4.69,4.69,4.69,4.69
N_10_29,N_9_28,1.8364310867863056,3.01,3.01,3.01,3.01,3.01,3.01,5.0,5.0,5.88,5.88,3.67,3.67,3.67,3.67,3.67,3.67,5.44,6.32,6.32,5.44,3.23,3.23,3.23,3.23
N_10_3,N_10_1,0.8083885337591263,1.33,1.33,1.33,1.33,1.33,1.33,2.2,2.2,2.59,2.59,1.62,1.62,1.62,1.62,1.62,1.62,2.39,2.78,2.78,2.39,1.42,1.42,1.42,1.42
N_10_3,N_11_5,4.098962948791328,4.18,4.18,4.18,4.18,4.18,4.18,6.39,6.39,7.38,7.38,4.92,4.92,4.92,4.92,4.92,4.92,6.89,7.87,7.87,6.89,4.43,4.43,4.43,4.43
N_10_3,N_11_2,13.69210054639737,7.6,7.6,7.6,7.6,7.6,7.6,9.45,9.45,10.27,10.27,8.22,8.22,8.22,8.22,8.22,8.22,9.86,10.68,10.68,9.86,7.8,7.8,7.8,7.8
N_10_30,N_10_28,4.989109172403934,5.09,5.09,5.09,5.09,5.09,5.09,7.78,7.78,8.98,8.98,5.99,5.99,5.99,5.99,5.99,5.99,8.38,9.58,9.58,8.38,5.39,5.39,5.39,5.39
N_10_30,N_11_31,0.9517145052548444,1.56,1.56,1.56,1.56,1.56,1.56,2.59,2.59,3.05,3.05,1.9,1.9,1.9,1.9,1.9,1.9,2.82,3.27,3.27,2.82,1.68,1.68,1.68,1.68
N_10_30,N_9_30,1.8074714391183062,2.96,2.96,2.96,2.96,2.96,2.96,4.92,4.92,5.78,5.78,3.61,3.61,3.61,3.61,3.61,3.61,5.35,6.22,6.22,5.35,3.18,3.18,3.18,3.18
N_10_30,N_9_28,3.3740020217084377,3.44,3.44,3.44,3.44,3.44,3.44,5.26,5.26,6.07,6.07,4.05,4.05,4.05,4.05,4.05,4.05,5.67,6.48,6.48,5.67,3.64,3.64,3.64,3.64
N_10_31,N_10_29,1.5842737107027103,2.6,2.6,2.6,2.6,2.6,2.6,4.31,4.31,5.07,5.07,3.17,3.17,3.17,3.17,3.17,3.17,4.69,5.45,5.45,4.69,2.79,2.79,2.79,2.79
N_10_31,N_8_32,1.868857486927283,3.06,3.06,3.06,3.06,3.06,3.06,5.08,5.08,5.98,5.98,3.74,3.74,3.74,3.74,3.74,3.74,5.53,6.43,6.43,5.53,3.29,3.29,3.29,3.29
N_10_32,N_8_33,5.958980683682876,6.08,6.08,6.08,6.08,6.08,6.08,9.3,9.3,10.73,10.73,7.15,7.15,7.15,7.15,7.15,7.15,10.01,11.44,11.44,10.01,6.44,6.44,6.44,6.44
N_10_32,N_9_30,3.3137107640741124,3.38,3.38,3.38,3.38,3.38,3.38,5.17,5.17,5.96,5.96,3.98,3.98,3.98,3.98,3.98,3.98,5.57,6.36,6.36,5.57,3.58,3.58,3.58,3.58
N_10_32,N_10_33,3.39074314943219,3.46,3.46,3.46,3.46,3.46,3.46,5.29,5.29,6.1,6.1,4.07,4.07,4.07,4.07,4.07,4.07,5.7,6.51,6.51,5.7,3.66,3.66,3.66,3.66
N_10_32,N_11_33,12.236181202404495,6.79,6.79,6.79,6.79,6.79,6.79,8.44,8.44,9.18,9.18,7.34,7.34,7.34,7.34,7.34,7.34,8.81,9.54,9.54,8.81,6.97,6.97,6.97,6.97
N_10_33,N_10_32,3.39074314943219,3.46,3.46,3.46,3.46,3.46,3.46,5.29,5.29,6.1,6.1,4.07,4.07,4.07,4.07,4.07,4.07,5.7,6.51,6.51,5.7,3.66,3.66,3.66,3.66
N_10_33,N_9_35,5.852434130713543,5.97,5.97,5.97,5.97,5.97,5.97,9.13,9.13,10.53,10.53,7.02,7.02,7.02,7.02,7.02,7.02,9.83,11.24,11.24,9.83,6.32,6.32,6.32,6.32
N_10_34,N_11_33,5.049763393641834,5.15,5.15,5.15,5.15,5.15,5.15,7.88,7.88,9.09,9.09,6.06,6.06,6.06,6.06,6.06,6.06,8.48,9.7,9.7,8.48,5.45,5.45,5.45,5.45
N_10_34,N_11_32,11.879538637783003,6.59,6.59,6.59,6.59,6.59,6.59,8.2,8.2,8.91,8.91,7.13,7.13,7.13,7.13,7.13,7.13,8.55,9.27,9.27,8.55,6.77,6.77,6.77,6.77
N_10_35,N_12_35,9.021543744525834,5.01,5.01,5.01,5.01,5.01,5.01,6.22,6.22,6.77,6.77,5.41,5.41,5.41,5.41,5.41,5.41,6.5,7.04,7.04,6.5,5.14,5.14,5.14,5.14
N_10_35,N_11_33,10.098265777450942,5.6,5.6,5.6,5.6,5.6,5.6,6.97,6.97,7.57,7.57,6.06,6.06,6.06,6.06,6.06,6.06,7.27,7.88,7.88,7.27,5.76,5.76,5.76,5.76
N_10_35,N_10_34,6.7768891825255775,6.91,6.91,6.91,6.91,6.91,6.91,10.57,10.57,12.2,12.2,8.13,8.13,8.13,8.13,8.13,8.13,11.39,13.01,13.01,11.39,7.32,7.32,7.32,7.32
N_10_35,N_10_37,5.46667516814316,5.58,5.58,5.58,5.58,5.58,5.58,8.53,8.53,9.84,9.84,6.56,6.56,6.56,6.56,6.56,6.56,9.18,10.5,10.5,9.18,5.9,5.9,5.9,5.9
N_10_36,N_11_35,10.787677077808056,5.99,5.99,5.99,5.99,5.99,5.99,7.44,7.44,8.09,8.09,6.47,6.47,6.47,6.47,6.47,6.47,7.77,8.41,8.41,7.77,6.15,6.15,6.15,6.15
N_10_36,N_10_38,5.531609847873667,5.64,5.64,5.64,5.64,5.64,5.64,8.63,8.63,9.96,9.96,6.64,6.64,6.64,6.64,6.64,6.64,9.29,10.62,10.62,9.29,5.97,5.97,5.97,5.97
N_10_37,N_10_35,5.46667516814316,5.58,5.58,5.58,5.58,5.58,5.58,8.53,8.53,9.84,9.84,6.56,6.56,6.56,6.56,6.56,6.56,9.18,10.5,10.5,9.18,5.9,5.9,5.9,5.9
N_10_37,N_9_38,2.0913136719919088,3.43,3.43,3.43,3.43,3.43,3.43,5.69,5.69,6.69,6.69,4.18,4.18,4.18,4.18,4.18,4.18,6.19,7.19,7.19,6.19,3.68,3.68,3.68,3.68
N_10_37,N_12_37,5.533344158614654,5.64,5.64,5.64,5.64,5.64,5.64,8.63,8.63,9.96,9.96,6.64,6.64,6.64,6.64,6.64,6.64,9.3,10.62,10.62,9.3,5.98,5.98,5.98,5.98
N_10_38,N_11_37,4.420035277793959,4.51,4.51,4.51,4.51,4.51,4.51,6.9,6.9,7.96,7.96,5.3,5.3,5.3,5.3,5.3,5.3,7.43,8.49,8.49,7.43,4.77,4.77,4.77,4.77
N_10_38,N_12_39,14.885257441663878,8.26,8.26,8.26,8.26,8.26,8.26,10.27,10.27,11.16,11.16,8.93,8.93,8.93,8.93,8.93,8.93,10.72,11.61,11.61,10.72,8.48,8.48,8.48,8.48
N_10_38,N_12_37,6.010731110918423,6.13,6.13,6.13,6.13,6.13,6.13,9.38,9.38,10.82,10.82,7.21,7.21,7.21,7.21,7.21,7.21,10.1,11.54,11.54,10.1,6.49,6.49,6.49,6.49
N_10_38,N_9_37,3.04219109113832,3.1,3.1,3.1,3.1,3.1,3.1,4.75,4.75,5.48,5.48,3.65,3.65,3.65,3.65,3.65,3.65,5.11,5.84,5.84,5.11,3.29,3.29,3.29,3.29
N_10_38,N_10_39,5.075191067397398,5.18,5.18,5.18,5.18,5.18,5.18,7.92,7.92,9.14,9.14,6.09,6.09,6.09,6.09,6.09,6.09,8.53,9.74,9.74,8.53,5.48,5.48,5.48,5.48
N_10_38,N_9_39,4.7831142060196274,4.88,4.88,4.88,4.88,4.88,4.88,7.46,7.46,8.61,8.61,5.74,5.74,5.74,5.74,5.74,5.74,8.04,9.18,9.18,8.04,5.17,5.17,5.17,5.17
N_10_38,N_12_38,5.354359826160589,5.46,5.46,5.46,5.46,5.46,5.46,8.35,8.35,9.64,9.64,6.43,6.43,6.43,6.43,6.43,6.43,9.0,10.28,10.28,9.0,5.78,5.78,5.78,5.78
N_10_39,N_10_38,5.075191067397398,5.18,5.18,5.18,5.18,5.18,5.18,7.92,7.92,9.14,9.14,6.09,6.09,6.09,6.09,6.09,6.09,8.53,9.74,9.74,8.53,5.48,5.48,5.48,5.48
N_10_39,N_10_37,6.137079990114788,6.26,6.26,6.26,6.26,6.26,6.26,9.57,9.57,11.05,11.05,7.36,7.36,7.36,7.36,7.36,7.36,10.31,11.78,11.78,10.31,6.63,6.63,6.63,6.63
N_10_39,N_8_39,4.8097887730273445,4.91,4.91,4.91,4.91,4.91,4.91,7.5,7.5,8.66,8.66,5.77,5.77,5.77,5.77,5.77,5.77,8.08,9.23,9.23,8.08,5.19,5.19,5.19,5.19
N_10_39,N_11_39,12.975452928286767,7.2,7.2,7.2,7.2,7.2,7.2,8.95,8.95,9.73,9.73,7.79,7.79,7.79,7.79,7.79,7.79,9.34,10.12,10.12,9.34,7.4,7.4,7.4,7.4
N_10_39,N_9_38,3.4374507271390953,3.51,3.51,3.51,3.51,3.51,3.51,5.36,5.36,6.19,6.19,4.12,4.12,4.12,4.12,4.12,4.12,5.77,6.6,6.6,5.77,3.71,3.71,3.71,3.71
N_10_39,N_11_38,1.9809789693938633,3.25,3.25,3.25,3.25,3.25,3.25,5.39,5.39,6.34,6.34,3.96,3.96,3.96,3.96,3.96,3.96,5.86,6.81,6.81,5.86,3.49,3.49,3.49,3.49
N_10_39,N_8_38,4.323958622212677,4.41,4.41,4.41,4.41,4.41,4.41,6.75,6.75,7.78,7.78,5.19,5.19,5.19,5.19,5.19,5.19,7.26,8.3,8.3,7.26,4.67,4.67,4.67,4.67
N_10_4,N_12_3,13.266278467523442,7.36,7.36,7.36,7.36,7.36,7.36,9.15,9.15,9.95,9.95,7.96,7.96,7.96,7.96,7.96,7.96,9.55,10.35,10.35,9.55,7.56,7.56,7.56,7.56
N_10_4,N_9_5,8.712264341089996,4.84,4.84,4.84,4.84,4.84,4.84,6.01,6.01,6.53,6.53,5.23,5.23,5.23,5.23,5.23,5.23,6.27,6.8,6.8,6.27,4.97,4.97,4.97,4.97
N_10_5,N_11_6,1.91197672189196,3.14,3.14,3.14,3.14,3.14,3.14,5.2,5.2,6.12,6.12,3.82,3.82,3.82,3.82,3.82,3.82,5.66,6.58,6.58,5.66,3.37,3.37,3.37,3.37
N_10_5,N_8_5,3.3390078744921112,3.41,3.41,3.41,3.41,3.41,3.41,5.21,5.21,6.01,6.01,4.01,4.01,4.01,4.01,4.01,4.01,5.61,6.41,6.41,5.61,3.61,3.61,3.61,3.61
N_10_5,N_12_5,10.137660017748493,5.63,5.63,5.63,5.63,5.63,5.63,6.99,6.99,7.6,7.6,6.08,6.08,6.08,6.08,6.08,6.08,7.3,7.91,7.91,7.3,5.78,5.78,5.78,5.78
N_10_6,N_11_5,6.462088923425649,6.59,6.59,6.59,6.59,6.59,6.59,10.08,10.08,11.63,11.63,7.75,7.75,7.75,7.75,7.75,7.75,10.86,12.41,12.41,10.86,6.98,6.98,6.98,6.98
N_10_6,N_8_5,3.7805139665369967,3.86,3.86,3.86,3.86,3.86,3.86,5.9,5.9,6.8,6.8,4.54,4.54,4.54,4.54,4.54,4.54,6.35,7.26,7.26,6.35,4.08,4.08,4.08,4.08
N_10_6,N_11_4,5.612279042451675,5.72,5.72,5.72,5.72,5.72,5.72,8.76,8.76,10.1,10.1,6.73,6.73,6.73,6.73,6.73,6.73,9.43,10.78,10.78,9.43,6.06,6.06,6.06,6.06
N_10_6,N_11_8,5.840569491383189,5.96,5.96,5.96,5.96,5.96,5.96,9.11,9.11,10.51,10.51,7.01,7.01,7.01,7.01,7.01,7.01,9.81,11.21,11.21,9.81,6.31,6.31,6.31,6.31
N_10_6,N_9_8,11.957784594714827,6.64,6.64,6.64,6.64,6.64,6.64,8.25,8.25,8.97,8.97,7.17,7.17,7.17,7.17,7.17,7.17,8.61,9.33,9.33,8.61,6.82,6.82,6.82,6.82
N_10_6,N_10_8,8.228865608006496,4.57,4.57,4.57,4.57,4.57,4.57,5.68,5.68,6.17,6.17,4.94,4.94,4.94,4.94,4.94,4.94,5.92,6.42,6.42,5.92,4.69,4.69,4.69,4.69
N_10_6,N_9_5,13.465181382009757,7.47,7.47,7.47,7.47,7.47,7.47,9.29,9.29,10.1,10.1,8.08,8.08,8.08,8.08,8.08,8.08,9.69,10.5,10.5,9.69,7.68,7.68,7.68,7.68
N_10_7,N_12_8,14.03539737848267,7.79,7.79,7.79,7.79,7.79,7.79,9.68,9.68,10.53,10.53,8.42,8.42,8.42,8.42,8.42,8.42,10.11,10.95,10.95,10.11,8.0,8.0,8.0,8.0
N_10_7,N_8_8,0.7347720529978221,1.21,1.21,1.21,1.21,1.21,1.21,2.0,2.0,2.35,2.35,1.47,1.47,1.47,1.47,1.47,1.47,2.17,2.53,2.53,2.17,1.29,1.29,1.29,1.29
N_10_7,N_8_6,13.163290874030196,7.31,7.31,7.31,7.31,7.31,7.31,9.08,9.08,9.87,9.87,7.9,7.9,7.9,7.9,7.9,7.9,9.48,10.27,10.27,9.48,7.5,7.5,7.5,7.5
N_10_8,N_10_6,8.228865608006496,4.57,4.57,4.57,4.57,4.57,4.57,5.68,5.68,6.17,6.17,4.94,4.94,4.94,4.94,4.94,4.94,5.92,6.42,6.42,5.92,4.69,4.69,4.69,4.69
N_10_8,N_9_6,9.871401463946562,5.48,5.48,5.48,5.48,5.48,5.48,6.81,6.81,7.4,7.4,5.92,5.92,5.92,5.92,5.92,5.92,7.11,7.7,7.7,7.11,5.63,5.63,5.63,5.63
N_10_8,N_11_6,1.85859863184662,3.05,3.05,3.05,3.05,3.05,3.05,5.06,5.06,5.95,5.95,3.72,3.72,3.72,3.72,3.72,3.72,5.5,6.39,6.39,5.5,3.27,3.27,3.27,3.27
N_10_8,N_11_9,2.0713820965825946,3.4,3.4,3.4,3.4,3.4,3.4,5.63,5.63,6.63,6.63,4.14,4.14,4.14,4.14,4.14,4.14,6.13,7.13,7.13,6.13,3.65,3.65,3.65,3.65
N_10_9,N_10_11,5.99920953149276,6.12,6.12,6.12,6.12,6.12,6.12,9.36,9.36,10.8,10.8,7.2,7.2,7.2,7.2,7.2,7.2,10.08,11.52,11.52,10.08,6.48,6.48,6.48,6.48
N_10_9,N_11_10,1.4093912981488417,2.31,2.31,2.31,2.31,2.31,2.31,3.83,3.83,4.51,4.51,2.82,2.82,2.82,2.82,2.82,2.82,4.17,4.85,4.85,4.17,2.48,2.48,2.48,2.48
N_10_9,N_9_11,6.475631051484802,6.61,6.61,6.61,6.61,6.61,6.61,10.1,10.1,11.66,11.66,7.77,7.77,7.77,7.77,7.77,7.77,10.88,12.43,12.43,10.88,6.99,6.99,6.99,6.99
N_11_0,N_10_0,13.803376096947792,7.66,7.66,7.66,7.66,7.66,7.66,9.52,9.52,10.35,10.35,8.28,8.28,8.28,8.28,8.28,8.28,9.94,10.77,10.77,9.94,7.87,7.87,7.87,7.87
N_11_0,N_10_1,3.500681180507611,3.57,3.57,3.57,3.57,3.57,3.57,5.46,5.46,6.3,6.3,4.2,4.2,4.2,4.2,4.2,4.2,5.88,6.72,6.72,5.88,3.78,3.78,3.78,3.78
N_11_1,N_10_0,3.501307129036776,3.57,3.57,3.57,3.57,3.57,3.57,5.46,5.46,6.3,6.3,4.2,4.2,4.2,4.2,4.2,4.2,5.88,6.72,6.72,5.88,3.78,3.78,3.78,3.78
N_11_1,N_13_1,3.002703726048417,3.06,3.06,3.06,3.06,3.06,3.06,4.68,4.68,5.4,5.4,3.6,3.6,3.6,3.6,3.6,3.6,5.04,5.77,5.77,5.04,3.24,3.24,3.24,3.24
N_11_1,N_9_1,12.820143173380572,7.12,7.12,7.12,7.12,7.12,7.12,8.85,8.85,9.62,9.62,7.69,7.69,7.69,7.69,7.69,7.69,9.23,10.0,10.0,9.23,7.31,7.31,7.31,7.31
N_11_10,N_10_9,1.4093912981488417,2.31,2.31,2.31,2.31,2.31,2.31,3.83,3.83,4.51,4.51,2.82,2.82,2.82,2.82,2.82,2.82,4.17,4.85,4.85,4.17,2.48,2.48,2.48,2.48
N_11_10,N_11_8,3.0043452147668948,3.06,3.06,3.06,3.06,3.06,3.06,4.69,4.69,5.41,5.41,3.61,3.61,3.61,3.61,3.61,3.61,5.05,5.77,5.77,5.05,3.24,3.24,3.24,3.24
N_11_10,N_11_12,3.0371477904338406,3.1,3.1,3.1,3.1,3.1,3.1,4.74,4.74,5.47,5.47,3.64,3.64,3.64,3.64,3.64,3.64,5.1,5.83,5.83,5.1,3.28,3.28,3.28,3.28
N_11_10,N_11_9,2.476309818928544,4.06,4.06,4.06,4.06,4.06,4.06,6.74,6.74,7.92,7.92,4.95,4.95,4.95,4.95,4.95,4.95,7.33,8.52,8.52,7.33,4.36,4.36,4.36,4.36
N_11_10,N_9_10,8.495798137803584,4.72,4.72,4.72,4.72,4.72,4.72,5.86,5.86,6.37,6.37,5.1,5.1,5.1,5.1,5.1,5.1,6.12,6.63,6.63,6.12,4.84,4.84,4.84,4.84
N_11_10,N_10_11,3.4097086817980267,3.48,3.48,3.48,3.48,3.48,3.48,5.32,5.32,6.14,6.14,4.09,4.09,4.09,4.09,4.09,4.09,5.73,6.55,6.55,5.73,3.68,3.68,3.68,3.68
N_11_10,N_11_11,0.7742585894870913,1.27,1.27,1.27,1.27,1.27,1.27,2.11,2.11,2.48,2.48,1.55,1.55,1.55,1.55,1.55,1.55,2.29,2.66,2.66,2.29,1.36,1.36,1.36,1.36
N_11_11,N_10_10,8.862100557439158,4.92,4.92,4.92,4.92,4.92,4.92,6.11,6.11,6.65,6.65,5.32,5.32,5.32,5.32,5.32,5.32,6.38,6.91,6.91,6.38,5.05,5.05,5.05,5.05
N_11_11,N_9_12,4.717554966047516,4.81,4.81,4.81,4.81,4.81,4.81,7.36,7.36,8.49,8.49,5.66,5.66,5.66,5.66,5.66,5.66,7.93,9.06,9.06,7.93,5.09,5.09,5.09,5.09
N_11_11,N_11_12,12.512343977315284,6.94,6.94,6.94,6.94,6.94,6.94,8.63,8.63,9.38,9.38,7.51,7.51,7.51,7.51,7.51,7.51,9.01,9.76,9.76,9.01,7.13,7.13,7.13,7.13
N_11_11,N_13_10,5.884718555438313,6.0,6.0,6.0,6.0,6.0,6.0,9.18,9.18,10.59,10.59,7.06,7.06,7.06,7.06,7.06,7.06,9.89,11.3,11.3,9.89,6.36,6.36,6.36,6.36
N_11_11,N_10_11,0.5536488122923984,0.91,0.91,0.91,0.91,0.91,0.91,1.51,1.51,1.77,1.77,1.11,1.11,1.11,1.11,1.11,1.11,1.64,1.9,1.9,1.64,0.97,0.97,0.97,0.97
N_11_12,N_11_10,3.0371477904338406,3.1,3.1,3.1,3.1,3.1,3.1,4.74,4.74,5.47,5.47,3.64,3.64,3.64,3.64,3.64,3.64,5.1,5.83,5.83,5.1,3.28,3.28,3.28,3.28
N_11_12,N_11_11,12.512343977315284,6.94,6.94,6.94,6.94,6.94,6.94,8.63,8.63,9.38,9.38,7.51,7.51,7.51,7.51,7.51,7.51,9.01,9.76,9.76,9.01,7.13,7.13,7.13,7.13
N_11_12,N_11_14,2.3678488033484317,3.88,3.88,3.88,3.88,3.88,3.88,6.44,6.44,7.58,7.58,4.74,4.74,4.74,4.74,4.74,4.74,7.01,8.15,8.15,7.01,4.17,4.17,4.17,4.17
N_11_12,N_12_11,1.6367607775459219,2.68,2.68,2.68,2.68,2.68,2.68,4.45,4.45,5.24,5.24,3.27,3.27,3.27,3.27,3.27,3.27,4.84,5.63,5.63,4.84,2.88,2.88,2.88,2.88
N_11_13,N_10_12,9.969494368614699,5.53,5.53,5.53,5.53,5.53,5.53,6.88,6.88,7.48,7.48,5.98,5.98,5.98,5.98,5.98,5.98,7.18,7.78,7.78,7.18,5.68,5.68,5.68,5.68
N_11_13,N_10_14,11.755953712490108,6.52,6.52,6.52,6.52,6.52,6.52,8.11,8.11,8.82,8.82,7.05,7.05,7.05,7.05,7.05,7.05,8.46,9.17,9.17,8.46,6.7,6.7,6.7,6.7
N_11_13,N_12_15,10.169348199316493,5.64,5.64,5.64,5.64,5.64,5.64,7.02,7.02,7.63,7.63,6.1,6.1,6.1,6.1,6.1,6.1,7.32,7.93,7.93,7.32,5.8,5.8,5.8,5.8
N_11_14,N_11_12,2.3678488033484317,3.88,3.88,3.88,3.88,3.88,3.88,6.44,6.44,7.58,7.58,4.74,4.74,4.74,4.74,4.74,4.74,7.01,8.15,8.15,7.01,4.17,4.17,4.17,4.17
N_11_14,N_12_13,12.286077560945056,6.82,6.82,6.82,6.82,6.82,6.82,8.48,8.48,9.21,9.21,7.37,7.37,7.37,7.37,7.37,7.37,8.85,9.58,9.58,8.85,7.0,7.0,7.0,7.0
N_11_14,N_10_13,5.632209442277496,5.74,5.74,5.74,5.74,5.74,5.74,8.79,8.79,10.14,10.14,6.76,6.76,6.76,6.76,6.76,6.76,9.46,10.81,10.81,9.46,6.08,6.08,6.08,6.08
N_11_14,N_13_15,8.960482581783065,4.97,4.97,4.97,4.97,4.97,4.97,6.18,6.18,6.72,6.72,5.38,5.38,5.38,5.38,5.38,5.38,6.45,6.99,6.99,6.45,5.11,5.11,5.11,5.11
N_11_15,N_10_17,1.9433287571885813,3.19,3.19,3.19,3.19,3.19,3.19,5.29,5.29,6.22,6.22,3.89,3.89,3.89,3.89,3.89,3.89,5.75,6.69,6.69,5.75,3.42,3.42,3.42,3.42
N_11_15,N_12_17,5.043127517703887,5.14,5.14,5.14,5.14,5.14,5.14,7.87,7.87,9.08,9.08,6.05,6.05,6.05,6.05,6.05,6.05,8.47,9.68,9.68,8.47,5.45,5.45,5.45,5.45
N_11_15,N_9_15,0.8337627853108611,1.37,1.37,1.37,1.37,1.37,1.37,2.27,2.27,2.67,2.67,1.67,1.67,1.67,1.67,1.67,1.67,2.47,2.87,2.87,2.47,1.47,1.47,1.47,1.47
N_11_15,N_13_14,6.577073680577048,6.71,6.71,6.71,6.71,6.71,6.71,10.26,10.26,11.84,11.84,7.89,7.89,7.89,7.89,7.89,7.89,11.05,12.63,12.63,11.05,7.1,7.1,7.1,7.1
N_11_16,N_12_16,14.410983354166266,8.0,8.0,8.0,8.0,8.0,8.0,9.94,9.94,10.81,10.81,8.65,8.65,8.65,8.65,8.65,8.65,10.38,11.24,11.24,10.38,8.21,8.21,8.21,8.21
N_11_16,N_12_17,1.6430719252349162,2.69,2.69,2.69,2.69,2.69,2.69,4.47,4.47,5.26,5.26,3.29,3.29,3.29,3.29,3.29,3.29,4.86,5.65,5.65,4.86,2.89,2.89,2.89,2.89
N_11_16,N_13_15,3.210688596348296,3.27,3.27,3.27,3.27,3.27,3.27,5.01,5.01,5.78,5.78,3.85,3.85,3.85,3.85,3.85,3.85,5.39,6.16,6.16,5.39,3.47,3.47,3.47,3.47
N_11_16,N_10_16,3.183714388432485,3.25,3.25,3.25,3.25,3.25,3.25,4.97,4.97,5.73,5.73,3.82,3.82,3.82,3.82,3.82,3.82,5.35,6.11,6.11,5.35,3.44,3.44,3.44,3.44
N_11_17,N_10_16,1.9716745425373627,3.23,3.23,3.23,3.23,3.23,3.23,5.36,5.36,6.31,6.31,3.94,3.94,3.94,3.94,3.94,3.94,5.84,6.78,6.78,5.84,3.47,3.47,3.47,3.47
N_11_17,N_12_15,14.526782727764939,8.06,8.06,8.06,8.06,8.06,8.06,10.02,10.02,10.9,10.9,8.72,8.72,8.72,8.72,8.72,8.72,10.46,11.33,11.33,10.46,8.28,8.28,8.28,8.28
N_11_18,N_13_19,14.448920820804744,8.02,8.02,8.02,8.02,8.02,8.02,9.97,9.97,10.84,10.84,8.67,8.67,8.67,8.67,8.67,8.67,10.4,11.27,11.27,10.4,8.24,8.24,8.24,8.24
N_11_18,N_9_18,5.803387638794718,5.92,5.92,5.92,5.92,5.92,5.92,9.05,9.05,10.45,10.45,6.96,6.96,6.96,6.96,6.96,6.96,9.75,11.14,11.14,9.75,6.27,6.27,6.27,6.27
N_11_18,N_10_18,0.669804835032979,1.1,1.1,1.1,1.1,1.1,1.1,1.82,1.82,2.14,2.14,1.34,1.34,1.34,1.34,1.34,1.34,1.98,2.3,2.3,1.98,1.18,1.18,1.18,1.18
N_11_18,N_13_18,13.739740243259511,7.63,7.63,7.63,7.63,7.63,7.63,9.48,9.48,10.3,10.3,8.24,8.24,8.24,8.24,8.24,8.24,9.89,10.72,10.72,9.89,7.83,7.83,7.83,7.83
N_11_19,N_9_18,9.150624864898377,5.08,5.08,5.08,5.08,5.08,5.08,6.31,6.31,6.86,6.86,5.49,5.49,5.49,5.49,5.49,5.49,6.59,7.14,7.14,6.59,5.22,5.22,5.22,5.22
N_11_19,N_11_18,5.143698196360095,5.25,5.25,5.25,5.25,5.25,5.25,8.02,8.02,9.26,9.26,6.17,6.17,6.17,6.17,6.17,6.17,8.64,9.88,9.88,8.64,5.56,5.56,5.56,5.56
N_11_19,N_10_21,10.158154027487532,5.64,5.64,5.64,5.64,5.64,5.64,7.01,7.01,7.62,7.62,6.09,6.09,6.09,6.09,6.09,6.09,7.31,7.92,7.92,7.31,5.79,5.79,5.79,5.79
N_11_19,N_10_18,9.103307639458613,5.05,5.05,5.05,5.05,5.05,5.05,6.28,6.28,6.83,6.83,5.46,5.46,5.46,5.46,5.46,5.46,6.55,7.1,7.1,6.55,5.19,5.19,5.19,5.19
N_11_2,N_10_1,1.0012106179639981,1.64,1.64,1.64,1.64,1.64,1.64,2.72,2.72,3.2,3.2,2.0,2.0,2.0,2.0,2.0,2.0,2.96,3.44,3.44,2.96,1.76,1.76,1.76,1.76
N_11_2,N_10_3,13.69210054639737,7.6,7.6,7.6,7.6,7.6,7.6,9.45,9.45,10.27,10.27,8.22,8.22,8.22,8.22,8.22,8.22,9.86,10.68,10.68,9.86,7.8,7.8,7.8,7.8
N_11_20,N_12_20,0.8955006733908664,1.47,1.47,1.47,1.47,1.47,1.47,2.44,2.44,2.87,2.87,1.79,1.79,1.79,1.79,1.79,1.79,2.65,3.08,3.08,2.65,1.58,1.58,1.58,1.58
N_11_20,N_12_18,0.6839572773140365,1.12,1.12,1.12,1.12,1.12,1.12,1.86,1.86,2.19,2.19,1.37,1.37,1.37,1.37,1.37,1.37,2.02,2.35,2.35,2.02,1.2,1.2,1.2,1.2
N_11_20,N_9_21,0.7450553185149478,1.22,1.22,1.22,1.22,1.22,1.22,2.03,2.03,2.38,2.38,1.49,1.49,1.49,1.49,1.49,1.49,2.21,2.56,2.56,2.21,1.31,1.31,1.31,1.31
N_11_20,N_10_19,14.468922078737537,8.03,8.03,8.03,8.03,8.03,8.03,9.98,9.98,10.85,10.85,8.68,8.68,8.68,8.68,8.68,8.68,10.42,11.29,11.29,10.42,8.25,8.25,8.25,8.25
N_11_20,N_13_21,4.984505564853022,5.08,5.08,5.08,5.08,5.08,5.08,7.78,7.78,8.97,8.97,5.98,5.98,5.98,5.98,5.98,5.98,8.37,9.57,9.57,8.37,5.38,5.38,5.38,5.38
N_11_20,N_10_20,4.4157730106924795,4.5,4.5,4.5,4.5,4.5,4.5,6.89,6.89,7.95,7.95,5.3,5.3,5.3,5.3,5.3,5.3,7.42,8.48,8.48,7.42,4.77,4.77,4.77,4.77
N_11_21,N_10_20,6.816139290619651,6.95,6.95,6.95,6.95,6.95,6.95,10.63,10.63,12.27,12.27,8.18,8.18,8.18,8.18,8.18,8.18,11.45,13.09,13.09,11.45,7.36,7.36,7.36,7.36
N_11_21,N_11_19,9.396204646666106,5.21,5.21,5.21,5.21,5.21,5.21,6.48,6.48,7.05,7.05,5.64,5.64,5.64,5.64,5.64,5.64,6.77,7.33,7.33,6.77,5.36,5.36,5.36,5.36
N_11_21,N_9_22,5.523017555299022,5.63,5.63,5.63,5.63,5.63,5.63,8.62,8.62,9.94,9.94,6.63,6.63,6.63,6.63,6.63,6.63,9.28,10.6,10.6,9.28,5.96,5.96,5.96,5.96
N_11_21,N_12_19,6.957614463046136,7.1,7.1,7.1,7.1,7.1,7.1,10.85,10.85,12.52,12.52,8.35,8.35,8.35,8.35,8.35,8.35,11.69,13.36,13.36,11.69,7.51,7.51,7.51,7.51
N_11_22,N_10_22,3.222543223304519,3.29,3.29,3.29,3.29,3.29,3.29,5.03,5.03,5.8,5.8,3.87,3.87,3.87,3.87,3.87,3.87,5.41,6.19,6.19,5.41,3.48,3.48,3.48,3.48
N_11_22,N_9_22,1.443368770620708,2.37,2.37,2.37,2.37,2.37,2.37,3.93,3.93,4.62,4.62,2.89,2.89,2.89,2.89,2.89,2.89,4.27,4.97,4.97,4.27,2.54,2.54,2.54,2.54
N_11_23,N_10_24,14.561872527945468,8.08,8.08,8.08,8.08,8.08,8.08,10.05,10.05,10.92,10.92,8.74,8.74,8.74,8.74,8.74,8.74,10.48,11.36,11.36,10.48,8.3,8.3,8.3,8.3
N_11_23,N_9_22,1.89525312719916,3.11,3.11,3.11,3.11,3.11,3.11,5.16,5.16,6.06,6.06,3.79,3.79,3.79,3.79,3.79,3.79,5.61,6.52,6.52,5.61,3.34,3.34,3.34,3.34
N_11_24,N_10_24,0.9029287667042822,1.48,1.48,1.48,1.48,1.48,1.48,2.46,2.46,2.89,2.89,1.81,1.81,1.81,1.81,1.81,1.81,2.67,3.11,3.11,2.67,1.59,1.59,1.59,1.59
N_11_24,N_9_24,6.675123149228824,6.81,6.81,6.81,6.81,6.81,6.81,10.41,10.41,12.02,12.02,8.01,8.01,8.01,8.01,8.01,8.01,11.21,12.82,12.82,11.21,7.21,7.21,7.21,7.21
N_11_24,N_10_23,3.087651584974289,3.15,3.15,3.15,3.15,3.15,3.15,4.82,4.82,5.56,5.56,3.71,3.71,3.71,3.71,3.71,3.71,5.19,5.93,5.93,5.19,3.33,3.33,3.33,3.33
N_11_25,N_10_24,3.6968106838221226,3.77,3.77,3.77,3.77,3.77,3.77,5.77,5.77,6.65,6.65,4.44,4.44,4.44,4.44,4.44,4.44,6.21,7.1,7.1,6.21,3.99,3.99,3.99,3.99
N_11_25,N_12_25,6.715380835941701,6.85,6.85,6.85,6.85,6.85,6.85,10.48,10.48,12.09,12.09,8.06,8.06,8.06,8.06,8.06,8.06,11.28,12.89,12.89,11.28,7.25,7.25,7.25,7.25
N_11_25,N_13_24,12.122651090481725,6.73,6.73,6.73,6.73,6.73,6.73,8.36,8.36,9.09,9.09,7.27,7.27,7.27,7.27,7.27,7.27,8.73,9.46,9.46,8.73,6.91,6.91,6.91,6.91
N_11_26,N_11_28,3.9519837005975877,4.03,4.03,4.03,4.03,4.03,4.03,6.17,6.17,7.11,7.11,4.74,4.74,4.74,4.74,4.74,4.74,6.64,7.59,7.59,6.64,4.27,4.27,4.27,4.27
N_11_26,N_9_27,14.197241773765962,7.88,7.88,7.88,7.88,7.88,7.88,9.8,9.8,10.65,10.65,8.52,8.52,8.52,8.52,8.52,8.52,10.22,11.07,11.07,10.22,8.09,8.09,8.09,8.09
N_11_26,N_10_25,5.5564107516195165,5.67,5.67,5.67,5.67,5.67,5.67,8.67,8.67,10.0,10.0,6.67,6.67,6.67,6.67,6.67,6.67,9.33,10.67,10.67,9.33,6.0,6.0,6.0,6.0
N_11_27,N_12_25,1.2024623385969395,1.97,1.97,1.97,1.97,1.97,1.97,3.27,3.27,3.85,3.85,2.4,2.4,2.4,2.4,2.4,2.4,3.56,4.14,4.14,3.56,2.12,2.12,2.12,2.12
N_11_27,N_10_27,2.0774599889524388,3.41,3.41,3.41,3.41,3.41,3.41,5.65,5.65,6.65,6.65,4.15,4.15,4.15,4.15,4.15,4.15,6.15,7.15,7.15,6.15,3.66,3.66,3.66,3.66
N_11_27,N_11_25,3.9023309100465924,3.98,3.98,3.98,3.98,3.98,3.98,6.09,6.09,7.02,7.02,4.68,4.68,4.68,4.68,4.68,4.68,6.56,7.49,7.49,6.56,4.21,4.21,4.21,4.21
N_11_27,N_12_26,3.1336511461409513,3.2,3.2,3.2,3.2,3.2,3.2,4.89,4.89,5.64,5.64,3.76,3.76,3.76,3.76,3.76,3.76,5.26,6.02,6.02,5.26,3.38,3.38,3.38,3.38
N_11_28,N_11_26,4.736801539573186,4.83,4.83,4.83,4.83,4.83,4.83,7.39,7.39,8.53,8.53,5.68,5.68,5.68,5.68,5.68,5.68,7.96,9.09,9.09,7.96,5.12,5.12,5.12,5.12
N_11_28,N_12_28,6.897593682705887,7.04,7.04,7.04,7.04,7.04,7.04,10.76,10.76,12.42,12.42,8.28,8.28,8.28,8.28,8.28,8.28,11.59,13.24,13.24,11.59,7.45,7.45,7.45,7.45
N_11_28,N_11_29,6.702294401227653,6.84,6.84,6.84,6.84,6.84,6.84,10.46,10.46,12.06,12.06,8.04,8.04,8.04,8.04,8.04,8.04,11.26,12.87,12.87,11.26,7.24,7.24,7.24,7.24
N_11_28,N_13_28,4.189602590726265,4.27,4.27,4.27,4.27,4.27,4.27,6.54,6.54,7.54,7.54,5.03,5.03,5.03,5.03,5.03,5.03,7.04,8.04,8.04,7.04,4.52,4.52,4.52,4.52
N_11_28,N_10_29,5.198650534148648,5.3,5.3,5.3,5.3,5.3,5.3,8.11,8.11,9.36,9.36,6.24,6.24,6.24,6.24,6.24,6.24,8.73,9.98,9.98,8.73,5.61,5.61,5.61,5.61
N_11_29,N_10_27,13.33187492276047,7.4,7.4,7.4,7.4,7.4,7.4,9.2,9.2,10.0,10.0,8.0,8.0,8.0,8.0,8.0,8.0,9.6,10.4,10.4,9.6,7.6,7.6,7.6,7.6
N_11_29,N_11_28,6.702294401227653,6.84,6.84,6.84,6.84,6.84,6.84,10.46,10.46,12.06,12.06,8.04,8.04,8.04,8.04,8.04,8.04,11.26,12.87,12.87,11.26,7.24,7.24,7.24,7.24
N_11_29,N_9_29,4.9563872484826295,5.06,5.06,5.06,5.06,5.06,5.06,7.73,7.73,8.92,8.92,5.95,5.95,5.95,5.95,5.95,5.95,8.33,9.52,9.52,8.33,5.35,5.35,5.35,5.35
N_11_29,N_10_29,11.808882204537763,6.55,6.55,6.55,6.55,6.55,6.55,8.15,8.15,8.86,8.86,7.09,7.09,7.09,7.09,7.09,7.09,8.5,9.21,9.21,8.5,6.73,6.73,6.73,6.73
N_11_3,N_10_1,1.327973305742525,2.18,2.18,2.18,2.18,2.18,2.18,3.61,3.61,4.25,4.25,2.66,2.66,2.66,2.66,2.66,2.66,3.93,4.57,4.57,3.93,2.34,2.34,2.34,2.34
N_11_3,N_9_3,8.426886222404093,4.68,4.68,4.68,4.68,4.68,4.68,5.81,5.81,6.32,6.32,5.06,5.06,5.06,5.06,5.06,5.06,6.07,6.57,6.57,6.07,4.8,4.8,4.8,4.8
N_11_30,N_13_29,10.963624295209197,6.08,6.08,6.08,6.08,6.08,6.08,7.56,7.56,8.22,8.22,6.58,6.58,6.58,6.58,6.58,6.58,7.89,8.55,8.55,7.89,6.25,6.25,6.25,6.25
N_11_30,N_10_32,6.989076907115102,7.13,7.13,7.13,7.13,7.13,7.13,10.9,10.9,12.58,12.58,8.39,8.39,8.39,8.39,8.39,8.39,11.74,13.42,13.42,11.74,7.55,7.55,7.55,7.55
N_11_30,N_13_31,1.015772719975553,1.67,1.67,1.67,1.67,1.67,1.67,2.76,2.76,3.25,3.25,2.03,2.03,2.03,2.03,2.03,2.03,3.01,3.49,3.49,3.01,1.79,1.79,1.79,1.79
N_11_30,N_12_32,0.6340239060972248,1.04,1.04,1.04,1.04,1.04,1.04,1.72,1.72,2.03,2.03,1.27,1.27,1.27,1.27,1.27,1.27,1.88,2.18,2.18,1.88,1.12,1.12,1.12,1.12
N_11_31,N_10_29,13.042194715334656,7.24,7.24,7.24,7.24,7.24,7.24,9.0,9.0,9.78,9.78,7.83,7.83,7.83,7.83,7.83,7.83,9.39,10.17,10.17,9.39,7.43,7.43,7.43,7.43
N_11_31,N_10_30,0.9517145052548444,1.56,1.56,1.56,1.56,1.56,1.56,2.59,2.59,3.05,3.05,1.9,1.9,1.9,1.9,1.9,1.9,2.82,3.27,3.27,2.82,1.68,1.68,1.68,1.68
N_11_31,N_13_32,10.002649978342106,5.55,5.55,5.55,5.55,5.55,5.55,6.9,6.9,7.5,7.5,6.0,6.0,6.0,6.0,6.0,6.0,7.2,7.8,7.8,7.2,5.7,5.7,5.7,5.7
N_11_32,N_10_34,11.879538637783003,6.59,6.59,6.59,6.59,6.59,6.59,8.2,8.2,8.91,8.91,7.13,7.13,7.13,7.13,7.13,7.13,8.55,9.27,9.27,8.55,6.77,6.77,6.77,6.77
N_11_32,N_9_32,3.197163902096445,3.26,3.26,3.26,3.26,3.26,3.26,4.99,4.99,5.75,5.75,3.84,3.84,3.84,3.84,3.84,3.84,5.37,6.14,6.14,5.37,3.45,3.45,3.45,3.45
N_11_33,N_10_32,12.236181202404495,6.79,6.79,6.79,6.79,6.79,6.79,8.44,8.44,9.18,9.18,7.34,7.34,7.34,7.34,7.34,7.34,8.81,9.54,9.54,8.81,6.97,6.97,6.97,6.97
N_11_33,N_10_34,5.049763393641834,5.15,5.15,5.15,5.15,5.15,5.15,7.88,7.88,9.09,9.09,6.06,6.06,6.06,6.06,6.06,6.06,8.48,9.7,9.7,8.48,5.45,5.45,5.45,5.45
N_11_33,N_11_31,3.357147401211729,3.42,3.42,3.42,3.42,3.42,3.42,5.24,5.24,6.04,6.04,4.03,4.03,4.03,4.03,4.03,4.03,5.64,6.45,6.45,5.64,3.63,3.63,3.63,3.63
N_11_33,N_9_33,1.3143407216808913,2.16,2.16,2.16,2.16,2.16,2.16,3.58,3.58,4.21,4.21,2.63,2.63,2.63,2.63,2.63,2.63,3.89,4.52,4.52,3.89,2.31,2.31,2.31,2.31
N_11_33,N_10_33,4.495640838772577,4.59,4.59,4.59,4.59,4.59,4.59,7.01,7.01,8.09,8.09,5.39,5.39,5.39,5.39,5.39,5.39,7.55,8.63,8.63,7.55,4.86,4.86,4.86,4.86
N_11_33,N_13_33,3.2624678704477277,3.33,3.33,3.33,3.33,3.33,3.33,5.09,5.09,5.87,5.87,3.91,3.91,3.91,3.91,3.91,3.91,5.48,6.26,6.26,5.48,3.52,3.52,3.52,3.52
N_11_33,N_11_35,6.122065718510608,6.24,6.24,6.24,6.24,6.24,6.24,9.55,9.55,11.02,11.02,7.35,7.35,7.35,7.35,7.35,7.35,10.29,11.75,11.75,10.29,6.61,6.61,6.61,6.61
N_11_34,N_9_33,3.9677523783584463,4.05,4.05,4.05,4.05,4.05,4.05,6.19,6.19,7.14,7.14,4.76,4.76,4.76,4.76,4.76,4.76,6.67,7.62,7.62,6.67,4.29,4.29,4.29,4.29
N_11_34,N_10_34,6.842081513121151,6.98,6.98,6.98,6.98,6.98,6.98,10.67,10.67,12.32,12.32,8.21,8.21,8.21,8.21,8.21,8.21,11.49,13.14,13.14,11.49,7.39,7.39,7.39,7.39
N_11_35,N_10_36,10.787677077808056,5.99,5.99,5.99,5.99,5.99,5.99,7.44,7.44,8.09,8.09,6.47,6.47,6.47,6.47,6.47,6.47,7.77,8.41,8.41,7.77,6.15,6.15,6.15,6.15
N_11_35,N_11_33,6.122065718510608,6.24,6.24,6.24,6.24,6.24,6.24,9.55,9.55,11.02,11.02,7.35,7.35,7.35,7.35,7.35,7.35,10.29,11.75,11.75,10.29,6.61,6.61,6.61,6.61
N_11_35,N_13_36,4.076334317075828,4.16,4.16,4.16,4.16,4.16,4.16,6.36,6.36,7.34,7.34,4.89,4.89,4.89,4.89,4.89,4.89,6.85,7.83,7.83,6.85,4.4,4.4,4.4,4.4
N_11_36,N_10_36,5.708784625549253,5.82,5.82,5.82,5.82,5.82,5.82,8.91,8.91,10.28,10.28,6.85,6.85,6.85,6.85,6.85,6.85,9.59,10.96,10.96,9.59,6.17,6.17,6.17,6.17
N_11_36,N_9_37,3.4092484118744006,3.48,3.48,3.48,3.48,3.48,3.48,5.32,5.32,6.14,6.14,4.09,4.09,4.09,4.09,4.09,4.09,5.73,6.55,6.55,5.73,3.68,3.68,3.68,3.68
N_11_36,N_12_38,6.373135800343109,6.5,6.5,6.5,6.5,6.5,6.5,9.94,9.94,11.47,11.47,7.65,7.65,7.65,7.65,7.65,7.65,10.71,12.24,12.24,10.71,6.88,6.88,6.88,6.88
N_11_37,N_10_38,4.420035277793959,4.51,4.51,4.51,4.51,4.51,4.51,6.9,6.9,7.96,7.96,5.3,5.3,5.3,5.3,5.3,5.3,7.43,8.49,8.49,7.43,4.77,4.77,4.77,4.77
N_11_37,N_9_38,5.723023001549527,5.84,5.84,5.84,5.84,5.84,5.84,8.93,8.93,10.3,10.3,6.87,6.87,6.87,6.87,6.87,6.87,9.61,10.99,10.99,9.61,6.18,6.18,6.18,6.18
N_11_37,N_11_39,6.989876398313184,7.13,7.13,7.13,7.13,7.13,7.13,10.9,10.9,12.58,12.58,8.39,8.39,8.39,8.39,8.39,8.39,11.74,13.42,13.42,11.74,7.55,7.55,7.55,7.55
N_11_38,N_10_39,1.9809789693938633,3.25,3.25,3.25,3.25,3.25,3.25,5.39,5.39,6.34,6.34,3.96,3.96,3.96,3.96,3.96,3.96,5.86,6.81,6.81,5.86,3.49,3.49,3.49,3.49
N_11_38,N_13_37,2.1812773891928,3.58,3.58,3.58,3.58,3.58,3.58,5.93,5.93,6.98,6.98,4.36,4.36,4.36,4.36,4.36,4.36,6.46,7.5,7.5,6.46,3.84,3.84,3.84,3.84
N_11_39,N_10_39,12.975452928286767,7.2,7.2,7.2,7.2,7.2,7.2,8.95,8.95,9.73,9.73,7.79,7.79,7.79,7.79,7.79,7.79,9.34,10.12,10.12,9.34,7.4,7.4,7.4,7.4
N_11_39,N_11_37,6.989876398313184,7.13,7.13,7.13,7.13,7.13,7.13,10.9,10.9,12.58,12.58,8.39,8.39,8.39,8.39,8.39,8.39,11.74,13.42,13.42,11.74,7.55,7.55,7.55,7.55
N_11_4,N_10_6,5.612279042451675,5.72,5.72,5.72,5.72,5.72,5.72,8.76,8.76,10.1,10.1,6.73,6.73,6.73,6.73,6.73,6.73,9.43,10.78,10.78,9.43,6.06,6.06,6.06,6.06
N_11_4,N_11_5,3.7781752199076823,3.85,3.85,3.85,3.85,3.85,3.85,5.89,5.89,6.8,6.8,4.53,4.53,4.53,4.53,4.53,4.53,6.35,7.25,7.25,6.35,4.08,4.08,4.08,4.08
N_11_4,N_12_5,5.11935401851999,5.22,5.22,5.22,5.22,5.22,5.22,7.99,7.99,9.21,9.21,6.14,6.14,6.14,6.14,6.14,6.14,8.6,9.83,9.83,8.6,5.53,5.53,5.53,5.53
N_11_4,N_9_4,0.8015569021905251,1.31,1.31,1.31,1.31,1.31,1.31,2.18,2.18,2.56,2.56,1.6,1.6,1.6,1.6,1.6,1.6,2.37,2.76,2.76,2.37,1.41,1.41,1.41,1.41
N_11_5,N_11_4,3.7781752199076823,3.85,3.85,3.85,3.85,3.85,3.85,5.89,5.89,6.8,6.8,4.53,4.53,4.53,4.53,4.53,4.53,6.35,7.25,7.25,6.35,4.08,4.08,4.08,4.08
N_11_5,N_13_5,3.6744230263316306,3.75,3.75,3.75,3.75,3.75,3.75,5.73,5.73,6.61,6.61,4.41,4.41,4.41,4.41,4.41,4.41,6.17,7.05,7.05,6.17,3.97,3.97,3.97,3.97
N_11_5,N_10_7,6.054276668421997,6.18,6.18,6.18,6.18,6.18,6.18,9.44,9.44,10.9,10.9,7.27,7.27,7.27,7.27,7.27,7.27,10.17,11.62,11.62,10.17,6.54,6.54,6.54,6.54
N_11_5,N_12_3,5.533950162810377,5.64,5.64,5.64,5.64,5.64,5.64,8.63,8.63,9.96,9.96,6.64,6.64,6.64,6.64,6.64,6.64,9.3,10.63,10.63,9.3,5.98,5.98,5.98,5.98
N_11_6,N_10_5,1.91197672189196,3.14,3.14,3.14,3.14,3.14,3.14,5.2,5.2,6.12,6.12,3.82,3.82,3.82,3.82,3.82,3.82,5.66,6.58,6.58,5.66,3.37,3.37,3.37,3.37
N_11_6,N_10_8,1.85859863184662,3.05,3.05,3.05,3.05,3.05,3.05,5.06,5.06,5.95,5.95,3.72,3.72,3.72,3.72,3.72,3.72,5.5,6.39,6.39,5.5,3.27,3.27,3.27,3.27
N_11_6,N_12_8,3.410832893358185,3.48,3.48,3.48,3.48,3.48,3.48,5.32,5.32,6.14,6.14,4.09,4.09,4.09,4.09,4.09,4.09,5.73,6.55,6.55,5.73,3.68,3.68,3.68,3.68
N_11_7,N_11_9,14.348259653355463,7.96,7.96,7.96,7.96,7.96,7.96,9.9,9.9,10.76,10.76,8.61,8.61,8.61,8.61,8.61,8.61,10.33,11.19,11.19,10.33,8.18,8.18,8.18,8.18
N_11_7,N_10_8,9.570249543265863,5.31,5.31,5.31,5.31,5.31,5.31,6.6,6.6,7.18,7.18,5.74,5.74,5.74,5.74,5.74,5.74,6.89,7.46,7.46,6.89,5.46,5.46,5.46,5.46
N_11_7,N_11_8,8.153392904459311,4.53,4.53,4.53,4.53,4.53,4.53,5.63,5.63,6.12,6.12,4.89,4.89,4.89,4.89,4.89,4.89,5.87,6.36,6.36,5.87,4.65,4.65,4.65,4.65
N_11_7,N_11_6,12.977770630670953,7.2,7.2,7.2,7.2,7.2,7.2,8.95,8.95,9.73,9.73,7.79,7.79,7.79,7.79,7.79,7.79,9.34,10.12,10.12,9.34,7.4,7.4,7.4,7.4
N_11_7,N_9_8,5.5612843410905946,5.67,5.67,5.67,5.67,5.67,5.67,8.68,8.68,10.01,10.01,6.67,6.67,6.67,6.67,6.67,6.67,9.34,10.68,10.68,9.34,6.01,6.01,6.01,6.01
N_11_7,N_10_6,5.375696271499402,5.48,5.48,5.48,5.48,5.48,5.48,8.39,8.39,9.68,9.68,6.45,6.45,6.45,6.45,6.45,6.45,9.03,10.32,10.32,9.03,5.81,5.81,5.81,5.81
N_11_7,N_12_8,13.852840066985728,7.69,7.69,7.69,7.69,7.69,7.69,9.56,9.56,10.39,10.39,8.31,8.31,8.31,8.31,8.31,8.31,9.97,10.81,10.81,9.97,7.9,7.9,7.9,7.9
N_11_8,N_10_6,5.840569491383189,5.96,5.96,5.96,5.96,5.96,5.96,9.11,9.11,10.51,10.51,7.01,7.01,7.01,7.01,7.01,7.01,9.81,11.21,11.21,9.81,6.31,6.31,6.31,6.31
N_11_8,N_11_10,3.0043452147668948,3.06,3.06,3.06,3.06,3.06,3.06,4.69,4.69,5.41,5.41,3.61,3.61,3.61,3.61,3.61,3.61,5.05,5.77,5.77,5.05,3.24,3.24,3.24,3.24
N_11_8,N_11_7,8.153392904459311,4.53,4.53,4.53,4.53,4.53,4.53,5.63,5.63,6.12,6.12,4.89,4.89,4.89,4.89,4.89,4.89,5.87,6.36,6.36,5.87,4.65,4.65,4.65,4.65
N_11_8,N_12_8,6.594487700012751,6.73,6.73,6.73,6.73,6.73,6.73,10.29,10.29,11.87,11.87,7.91,7.91,7.91,7.91,7.91,7.91,11.08,12.66,12.66,11.08,7.12,7.12,7.12,7.12
N_11_9,N_10_11,10.031484034789312,5.57,5.57,5.57,5.57,5.57,5.57,6.92,6.92,7.52,7.52,6.02,6.02,6.02,6.02,6.02,6.02,7.22,7.82,7.82,7.22,5.72,5.72,5.72,5.72
N_11_9,N_11_10,2.476309818928544,4.06,4.06,4.06,4.06,4.06,4.06,6.74,6.74,7.92,7.92,4.95,4.95,4.95,4.95,4.95,4.95,7.33,8.52,8.52,7.33,4.36,4.36,4.36,4.36
N_11_9,N_9_8,1.8764078309107473,3.08,3.08,3.08,3.08,3.08,3.08,5.1,5.1,6.0,6.0,3.75,3.75,3.75,3.75,3.75,3.75,5.55,6.45,6.45,5.55,3.3,3.3,3.3,3.3
N_12_0,N_11_1,3.4051619143718295,3.47,3.47,3.47,3.47,3.47,3.47,5.31,5.31,6.13,6.13,4.09,4.09,4.09,4.09,4.09,4.09,5.72,6.54,6.54,5.72,3.68,3.68,3.68,3.68
N_12_0,N_11_0,14.920661515303228,8.28,8.28,8.28,8.28,8.28,8.28,10.3,10.3,11.19,11.19,8.95,8.95,8.95,8.95,8.95,8.95,10.74,11.64,11.64,10.74,8.5,8.5,8.5,8.5
N_12_0,N_13_2,3.39923566023047,3.47,3.47,3.47,3.47,3.47,3.47,5.3,5.3,6.12,6.12,4.08,4.08,4.08,4.08,4.08,4.08,5.71,6.53,6.53,5.71,3.67,3.67,3.67,3.67
N_12_1,N_12_0,1.0366187971603205,1.7,1.7,1.7,1.7,1.7,1.7,2.82,2.82,3.32,3.32,2.07,2.07,2.07,2.07,2.07,2.07,3.07,3.57,3.57,3.07,1.82,1.82,1.82,1.82
N_12_1,N_12_3,4.370890891041441,4.46,4.46,4.46,4.46,4.46,4.46,6.82,6.82,7.87,7.87,5.25,5.25,5.25,5.25,5.25,5.25,7.34,8.39,8.39,7.34,4.72,4.72,4.72,4.72
N_12_1,N_11_2,4.826154746765884,4.92,4.92,4.92,4.92,4.92,4.92,7.53,7.53,8.69,8.69,5.79,5.79,5.79,5.79,5.79,5.79,8.11,9.27,9.27,8.11,5.21,5.21,5.21,5.21
N_12_1,N_10_2,4.912980043885085,5.01,5.01,5.01,5.01,5.01,5.01,7.66,7.66,8.84,8.84,5.9,5.9,5.9,5.9,5.9,5.9,8.25,9.43,9.43,8.25,5.31,5.31,5.31,5.31
N_12_10,N_10_10,8.51081117853742,4.72,4.72,4.72,4.72,4.72,4.72,5.87,5.87,6.38,6.38,5.11,5.11,5.11,5.11,5.11,5.11,6.13,6.64,6.64,6.13,4.85,4.85,4.85,4.85
N_12_10,N_10_11,4.069886697816729,4.15,4.15,4.15,4.15,4.15,4.15,6.35,6.35,7.33,7.33,4.88,4.88,4.88,4.88,4.88,4.88,6.84,7.81,7.81,6.84,4.4,4.4,4.4,4.4
N_12_10,N_11_9,4.952491107968612,5.05,5.05,5.05,5.05,5.05,5.05,7.73,7.73,8.91,8.91,5.94,5.94,5.94,5.94,5.94,5.94,8.32,9.51,9.51,8.32,5.35,5.35,5.35,5.35
N_12_11,N_11_12,1.6367607775459219,2.68,2.68,2.68,2.68,2.68,2.68,4.45,4.45,5.24,5.24,3.27,3.27,3.27,3.27,3.27,3.27,4.84,5.63,5.63,4.84,2.88,2.88,2.88,2.88
N_12_11,N_11_13,5.654842575678098,5.77,5.77,5.77,5.77,5.77,5.77,8.82,8.82,10.18,10.18,6.79,6.79,6.79,6.79,6.79,6.79,9.5,10.86,10.86,9.5,6.11,6.11,6.11,6.11
N_12_12,N_10_12,1.8450412075308986,3.03,3.03,3.03,3.03,3.03,3.03,5.02,5.02,5.9,5.9,3.69,3.69,3.69,3.69,3.69,3.69,5.46,6.35,6.35,5.46,3.25,3.25,3.25,3.25
N_12_12,N_11_11,4.514550370075613,4.6,4.6,4.6,4.6,4.6,4.6,7.04,7.04,8.13,8.13,5.42,5.42,5.42,5.42,5.42,5.42,7.58,8.67,8.67,7.58,4.88,4.88,4.88,4.88
N_12_12,N_13_14,11.109322135216214,6.17,6.17,6.17,6.17,6.17,6.17,7.67,7.67,8.33,8.33,6.67,6.67,6.67,6.67,6.67,6.67,8.0,8.67,8.67,8.0,6.33,6.33,6.33,6.33
N_12_13,N_11_14,12.286077560945056,6.82,6.82,6.82,6.82,6.82,6.82,8.48,8.48,9.21,9.21,7.37,7.37,7.37,7.37,7.37,7.37,8.85,9.58,9.58,8.85,7.0,7.0,7.0,7.0
N_12_13,N_12_14,1.6246651441879756,2.66,2.66,2.66,2.66,2.66,2.66,4.42,4.42,5.2,5.2,3.25,3.25,3.25,3.25,3.25,3.25,4.81,5.59,5.59,4.81,2.86,2.86,2.86,2.86
N_12_14,N_12_13,1.6246651441879756,2.66,2.66,2.66,2.66,2.66,2.66,4.42,4.42,5.2,5.2,3.25,3.25,3.25,3.25,3.25,3.25,4.81,5.59,5.59,4.81,2.86,2.86,2.86,2.86
N_12_14,N_11_12,10.48597285009315,5.82,5.82,5.82,5.82,5.82,5.82,7.24,7.24,7.86,7.86,6.29,6.29,6.29,6.29,6.29,6.29,7.55,8.18,8.18,7.55,5.98,5.98,5.98,5.98
N_12_15,N_11_13,10.169348199316493,5.64,5.64,5.64,5.64,5.64,5.64,7.02,7.02,7.63,7.63,6.1,6.1,6.1,6.1,6.1,6.1,7.32,7.93,7.93,7.32,5.8,5.8,5.8,5.8
N_12_15,N_11_17,14.526782727764939,8.06,8.06,8.06,8.06,8.06,8.06,10.02,10.02,10.9,10.9,8.72,8.72,8.72,8.72,8.72,8.72,10.46,11.33,11.33,10.46,8.28,8.28,8.28,8.28
N_12_15,N_12_13,3.431062989149968,3.5,3.5,3.5,3.5,3.5,3.5,5.35,5.35,6.18,6.18,4.12,4.12,4.12,4.12,4.12,4.12,5.76,6.59,6.59,5.76,3.71,3.71,3.71,3.71
N_12_15,N_13_17,2.17493247497293,3.57,3.57,3.57,3.57,3.57,3.57,5.92,5.92,6.96,6.96,4.35,4.35,4.35,4.35,4.35,4.35,6.44,7.48,7.48,6.44,3.83,3.83,3.83,3.83
N_12_15,N_13_13,4.802018387835856,4.9,4.9,4.9,4.9,4.9,4.9,7.49,7.49,8.64,8.64,5.76,5.76,5.76,5.76,5.76,5.76,8.07,9.22,9.22,8.07,5.19,5.19,5.19,5.19
N_12_15,N_14_15,0.7692720288612656,1.26,1.26,1.26,1.26,1.26,1.26,2.09,2.09,2.46,2.46,1.54,1.54,1.54,1.54,1.54,1.54,2.28,2.65,2.65,2.28,1.35,1.35,1.35,1.35
N_12_16,N_11_16,14.410983354166266,8.0,8.0,8.0,8.0,8.0,8.0,9.94,9.94,10.81,10.81,8.65,8.65,8.65,8.65,8.65,8.65,10.38,11.24,11.24,10.38,8.21,8.21,8.21,8.21
N_12_16,N_13_14,5.4359747742387725,5.54,5.54,5.54,5.54,5.54,5.54,8.48,8.48,9.78,9.78,6.52,6.52,6.52,6.52,6.52,6.52,9.13,10.44,10.44,9.13,5.87,5.87,5.87,5.87
N_12_16,N_12_15,10.785089975186844,5.99,5.99,5.99,5.99,5.99,5.99,7.44,7.44,8.09,8.09,6.47,6.47,6.47,6.47,6.47,6.47,7.77,8.41,8.41,7.77,6.15,6.15,6.15,6.15
N_12_16,N_13_18,13.633577815693638,7.57,7.57,7.57,7.57,7.57,7.57,9.41,9.41,10.23,10.23,8.18,8.18,8.18,8.18,8.18,8.18,9.82,10.63,10.63,9.82,7.77,7.77,7.77,7.77
N_12_17,N_11_15,5.043127517703887,5.14,5.14,5.14,5.14,5.14,5.14,7.87,7.87,9.08,9.08,6.05,6.05,6.05,6.05,6.05,6.05,8.47,9.68,9.68,8.47,5.45,5.45,5.45,5.45
N_12_17,N_11_16,1.6430719252349162,2.69,2.69,2.69,2.69,2.69,2.69,4.47,4.47,5.26,5.26,3.29,3.29,3.29,3.29,3.29,3.29,4.86,5.65,5.65,4.86,2.89,2.89,2.89,2.89
N_12_17,N_14_18,6.770694603537239,6.91,6.91,6.91,6.91,6.91,6.91,10.56,10.56,12.19,12.19,8.12,8.12,8.12,8.12,8.12,8.12,11.37,13.0,13.0,11.37,7.31,7.31,7.31,7.31
N_12_17,N_13_15,6.57546400551168,6.71,6.71,6.71,6.71,6.71,6.71,10.26,10.26,11.84,11.84,7.89,7.89,7.89,7.89,7.89,7.89,11.05,12.62,12.62,11.05,7.1,7.1,7.1,7.1
N_12_18,N_10_17,5.819603747346335,5.94,5.94,5.94,5.94,5.94,5.94,9.08,9.08,10.48,10.48,6.98,6.98,6.98,6.98,6.98,6.98,9.78,11.17,11.17,9.78,6.29,6.29,6.29,6.29
N_12_18,N_10_19,11.788204612032656,6.54,6.54,6.54,6.54,6.54,6.54,8.13,8.13,8.84,8.84,7.07,7.07,7.07,7.07,7.07,7.07,8.49,9.19,9.19,8.49,6.72,6.72,6.72,6.72
N_12_18,N_11_18,5.464435335041147,5.57,5.57,5.57,5.57,5.57,5.57,8.52,8.52,9.84,9.84,6.56,6.56,6.56,6.56,6.56,6.56,9.18,10.49,10.49,9.18,5.9,5.9,5.9,5.9
N_12_19,N_10_20,8.984283129440088,4.99,4.99,4.99,4.99,4.99,4.99,6.2,6.2,6.74,6.74,5.39,5.39,5.39,5.39,5.39,5.39,6.47,7.01,7.01,6.47,5.12,5.12,5.12,5.12
N_12_19,N_13_21,14.081949729222611,7.82,7.82,7.82,7.82,7.82,7.82,9.72,9.72,10.56,10.56,8.45,8.45,8.45,8.45,8.45,8.45,10.14,10.98,10.98,10.14,8.03,8.03,8.03,8.03
N_12_19,N_13_20,3.90219399069209,3.98,3.98,3.98,3.98,3.98,3.98,6.09,6.09,7.02,7.02,4.68,4.68,4.68,4.68,4.68,4.68,6.56,7.49,7.49,6.56,4.21,4.21,4.21,4.21
N_12_19,N_14_20,4.470964484068981,4.56,4.56,4.56,4.56,4.56,4.56,6.97,6.97,8.05,8.05,5.37,5.37,5.37,5.37,5.37,5.37,7.51,8.58,8.58,7.51,4.83,4.83,4.83,4.83
N_12_2,N_14_3,4.020064592529688,4.1,4.1,4.1,4.1,4.1,4.1,6.27,6.27,7.24,7.24,4.82,4.82,4.82,4.82,4.82,4.82,6.75,7.72,7.72,6.75,4.34,4.34,4.34,4.34
N_12_2,N_13_1,3.619222791193145,3.69,3.69,3.69,3.69,3.69,3.69,5.65,5.65,6.51,6.51,4.34,4.34,4.34,4.34,4.34,4.34,6.08,6.95,6.95,6.08,3.91,3.91,3.91,3.91
N_12_2,N_14_1,3.203421764780907,3.27,3.27,3.27,3.27,3.27,3.27,5.0,5.0,5.77,5.77,3.84,3.84,3.84,3.84,3.84,3.84,5.38,6.15,6.15,5.38,3.46,3.46,3.46,3.46
N_12_2,N_12_0,5.647560843859756,5.76,5.76,5.76,5.76,5.76,5.76,8.81,8.81,10.17,10.17,6.78,6.78,6.78,6.78,6.78,6.78,9.49,10.84,10.84,9.49,6.1,6.1,6.1,6.1
N_12_20,N_11_20,0.8955006733908664,1.47,1.47,1.47,1.47,1.47,1.47,2.44,2.44,2.87,2.87,1.79,1.79,1.79,1.79,1.79,1.79,2.65,3.08,3.08,2.65,1.58,1.58,1.58,1.58
N_12_20,N_14_19,1.826668952880554,3.0,3.0,3.0,3.0,3.0,3.0,4.97,4.97,5.85,5.85,3.65,3.65,3.65,3.65,3.65,3.65,5.41,6.28,6.28,5.41,3.21,3.21,3.21,3.21
N_12_20,N_13_22,14.652157934521062,8.13,8.13,8.13,8.13,8.13,8.13,10.11,10.11,10.99,10.99,8.79,8.79,8.79,8.79,8.79,8.79,10.55,11.43,11.43,10.55,8.35,8.35,8.35,8.35
N_12_21,N_10_22,4.232678256132605,4.32,4.32,4.32,4.32,4.32,4.32,6.6,6.6,7.62,7.62,5.08,5.08,5.08,5.08,5.08,5.08,7.11,8.13,8.13,7.11,4.57,4.57,4.57,4.57
N_12_21,N_11_23,11.61807475801381,6.45,6.45,6.45,6.45,6.45,6.45,8.02,8.02,8.71,8.71,6.97,6.97,6.97,6.97,6.97,6.97,8.37,9.06,9.06,8.37,6.62,6.62,6.62,6.62
N_12_21,N_13_23,5.034942372010853,5.14,5.14,5.14,5.14,5.14,5.14,7.85,7.85,9.06,9.06,6.04,6.04,6.04,6.04,6.04,6.04,8.46,9.67,9.67,8.46,5.44,5.44,5.44,5.44
N_12_21,N_11_21,12.5606973718672,6.97,6.97,6.97,6.97,6.97,6.97,8.67,8.67,9.42,9.42,7.54,7.54,7.54,7.54,7.54,7.54,9.04,9.8,9.8,9.04,7.16,7.16,7.16,7.16
N_12_22,N_12_23,13.018077986851392,7.23,7.23,7.23,7.23,7.23,7.23,8.98,8.98,9.76,9.76,7.81,7.81,7.81,7.81,7.81,7.81,9.37,10.15,10.15,9.37,7.42,7.42,7.42,7.42
N_12_22,N_13_22,9.24594514488804,5.13,5.13,5.13,5.13,5.13,5.13,6.38,6.38,6.93,6.93,5.55,5.55,5.55,5.55,5.55,5.55,6.66,7.21,7.21,6.66,5.27,5.27,5.27,5.27
N_12_22,N_11_23,13.751335230421418,7.63,7.63,7.63,7.63,7.63,7.63,9.49,9.49,10.31,10.31,8.25,8.25,8.25,8.25,8.25,8.25,9.9,10.73,10.73,9.9,7.84,7.84,7.84,7.84
N_12_23,N_12_22,13.018077986851392,7.23,7.23,7.23,7.23,7.23,7.23,8.98,8.98,9.76,9.76,7.81,7.81,7.81,7.81,7.81,7.81,9.37,10.15,10.15,9.37,7.42,7.42,7.42,7.42
N_12_23,N_10_24,5.011347803656326,5.11,5.11,5.11,5.11,5.11,5.11,7.82,7.82,9.02,9.02,6.01,6.01,6.01,6.01,6.01,6.01,8.42,9.62,9.62,8.42,5.41,5.41,5.41,5.41
N_12_23,N_10_22,5.426263364747323,5.53,5.53,5.53,5.53,5.53,5.53,8.46,8.46,9.77,9.77,6.51,6.51,6.51,6.51,6.51,6.51,9.12,10.42,10.42,9.12,5.86,5.86,5.86,5.86
N_12_24,N_11_22,8.035208873518036,4.46,4.46,4.46,4.46,4.46,4.46,5.54,5.54,6.03,6.03,4.82,4.82,4.82,4.82,4.82,4.82,5.79,6.27,6.27,5.79,4.58,4.58,4.58,4.58
N_12_24,N_10_23,6.787917556915487,6.92,6.92,6.92,6.92,6.92,6.92,10.59,10.59,12.22,12.22,8.15,8.15,8.15,8.15,8.15,8.15,11.4,13.03,13.03,11.4,7.33,7.33,7.33,7.33
N_12_25,N_11_27,1.2024623385969395,1.97,1.97,1.97,1.97,1.97,1.97,3.27,3.27,3.85,3.85,2.4,2.4,2.4,2.4,2.4,2.4,3.56,4.14,4.14,3.56,2.12,2.12,2.12,2.12
N_12_25,N_14_25,8.471539301833609,4.7,4.7,4.7,4.7,4.7,4.7,5.85,5.85,6.35,6.35,5.08,5.08,5.08,5.08,5.08,5.08,6.1,6.61,6.61,6.1,4.83,4.83,4.83,4.83
N_12_26,N_10_26,4.274937829265249,4.36,4.36,4.36,4.36,4.36,4.36,6.67,6.67,7.69,7.69,5.13,5.13,5.13,5.13,5.13,5.13,7.18,8.21,8.21,7.18,4.62,4.62,4.62,4.62
N_12_26,N_11_27,3.1336511461409513,3.2,3.2,3.2,3.2,3.2,3.2,4.89,4.89,5.64,5.64,3.76,3.76,3.76,3.76,3.76,3.76,5.26,6.02,6.02,5.26,3.38,3.38,3.38,3.38
N_12_26,N_14_25,3.6095798482165335,3.68,3.68,3.68,3.68,3.68,3.68,5.63,5.63,6.5,6.5,4.33,4.33,4.33,4.33,4.33,4.33,6.06,6.93,6.93,6.06,3.9,3.9,3.9,3.9
N_12_26,N_11_28,2.4173178438590077,3.96,3.96,3.96,3.96,3.96,3.96,6.58,6.58,7.74,7.74,4.83,4.83,4.83,4.83,4.83,4.83,7.16,8.32,8.32,7.16,4.25,4.25,4.25,4.25
N_12_27,N_12_29,2.2174273107415985,3.64,3.64,3.64,3.64,3.64,3.64,6.03,6.03,7.1,7.1,4.43,4.43,4.43,4.43,4.43,4.43,6.56,7.63,7.63,6.56,3.9,3.9,3.9,3.9
N_12_27,N_13_28,4.052938602374333,4.13,4.13,4.13,4.13,4.13,4.13,6.32,6.32,7.3,7.3,4.86,4.86,4.86,4.86,4.86,4.86,6.81,7.78,7.78,6.81,4.38,4.38,4.38,4.38
N_12_27,N_14_26,8.527799697553636,4.73,4.73,4.73,4.73,4.73,4.73,5.88,5.88,6.4,6.4,5.12,5.12,5.12,5.12,5.12,5.12,6.14,6.65,6.65,6.14,4.86,4.86,4.86,4.86
N_12_28,N_10_28,4.4370382222063025,4.53,4.53,4.53,4.53,4.53,4.53,6.92,6.92,7.99,7.99,5.32,5.32,5.32,5.32,5.32,5.32,7.45,8.52,8.52,7.45,4.79,4.79,4.79,4.79
N_12_28,N_11_28,6.897593682705887,7.04,7.04,7.04,7.04,7.04,7.04,10.76,10.76,12.42,12.42,8.28,8.28,8.28,8.28,8.28,8.28,11.59,13.24,13.24,11.59,7.45,7.45,7.45,7.45
N_12_29,N_12_27,2.2174273107415985,3.64,3.64,3.64,3.64,3.64,3.64,6.03,6.03,7.1,7.1,4.43,4.43,4.43,4.43,4.43,4.43,6.56,7.63,7.63,6.56,3.9,3.9,3.9,3.9
N_12_29,N_10_28,0.5808396521034704,0.95,0.95,0.95,0.95,0.95,0.95,1.58,1.58,1.86,1.86,1.16,1.16,1.16,1.16,1.16,1.16,1.72,2.0,2.0,1.72,1.02,1.02,1.02,1.02
N_12_3,N_11_5,5.533950162810377,5.64,5.64,5.64,5.64,5.64,5.64,8.63,8.63,9.96,9.96,6.64,6.64,6.64,6.64,6.64,6.64,9.3,10.63,10.63,9.3,5.98,5.98,5.98,5.98
N_12_3,N_12_1,4.370890891041441,4.46,4.46,4.46,4.46,4.46,4.46,6.82,6.82,7.87,7.87,5.25,5.25,5.25,5.25,5.25,5.25,7.34,8.39,8.39,7.34,4.72,4.72,4.72,4.72
N_12_30,N_10_30,4.928440358852503,5.03,5.03,5.03,5.03,5.03,5.03,7.69,7.69,8.87,8.87,5.91,5.91,5.91,5.91,5.91,5.91,8.28,9.46,9.46,8.28,5.32,5.32,5.32,5.32
N_12_30,N_14_29,3.5558732283085197,3.63,3.63,3.63,3.63,3.63,3.63,5.55,5.55,6.4,6.4,4.27,4.27,4.27,4.27,4.27,4.27,5.97,6.83,6.83,5.97,3.84,3.84,3.84,3.84
N_12_31,N_12_32,5.58903693656221,5.7,5.7,5.7,5.7,5.7,5.7,8.72,8.72,10.06,10.06,6.71,6.71,6.71,6.71,6.71,6.71,9.39,10.73,10.73,9.39,6.04,6.04,6.04,6.04
N_12_31,N_13_29,8.895195804643672,4.94,4.94,4.94,4.94,4.94,4.94,6.14,6.14,6.67,6.67,5.34,5.34,5.34,5.34,5.34,5.34,6.4,6.94,6.94,6.4,5.07,5.07,5.07,5.07
N_12_31,N_10_31,11.58849971200776,6.43,6.43,6.43,6.43,6.43,6.43,8.0,8.0,8.69,8.69,6.95,6.95,6.95,6.95,6.95,6.95,8.34,9.04,9.04,8.34,6.61,6.61,6.61,6.61
N_12_31,N_13_30,9.164389564155172,5.09,5.09,5.09,5.09,5.09,5.09,6.32,6.32,6.87,6.87,5.5,5.5,5.5,5.5,5.5,5.5,6.6,7.15,7.15,6.6,5.22,5.22,5.22,5.22
N_12_31,N_11_30,4.621825265865252,4.71,4.71,4.71,4.71,4.71,4.71,7.21,7.21,8.32,8.32,5.55,5.55,5.55,5.55,5.55,5.55,7.76,8.87,8.87,7.76,4.99,4.99,4.99,4.99
N_12_31,N_14_32,6.5140359318121455,6.64,6.64,6.64,6.64,6.64,6.64,10.16,10.16,11.73,11.73,7.82,7.82,7.82,7.82,7.82,7.82,10.94,12.51,12.51,10.94,7.04,7.04,7.04,7.04
N_12_32,N_11_30,0.6340239060972248,1.04,1.04,1.04,1.04,1.04,1.04,1.72,1.72,2.03,2.03,1.27,1.27,1.27,1.27,1.27,1.27,1.88,2.18,2.18,1.88,1.12,1.12,1.12,1.12
N_12_32,N_12_31,5.58903693656221,5.7,5.7,5.7,5.7,5.7,5.7,8.72,8.72,10.06,10.06,6.71,6.71,6.71,6.71,6.71,6.71,9.39,10.73,10.73,9.39,6.04,6.04,6.04,6.04
N_12_33,N_11_31,1.6996275937413656,2.79,2.79,2.79,2.79,2.79,2.79,4.62,4.62,5.44,5.44,3.4,3.4,3.4,3.4,3.4,3.4,5.03,5.85,5.85,5.03,2.99,2.99,2.99,2.99
N_12_33,N_14_32,6.009532604143512,6.13,6.13,6.13,6.13,6.13,6.13,9.37,9.37,10.82,10.82,7.21,7.21,7.21,7.21,7.21,7.21,10.1,11.54,11.54,10.1,6.49,6.49,6.49,6.49
N_12_33,N_12_34,6.607939022883017,6.74,6.74,6.74,6.74,6.74,6.74,10.31,10.31,11.89,11.89,7.93,7.93,7.93,7.93,7.93,7.93,11.1,12.69,12.69,11.1,7.14,7.14,7.14,7.14
N_12_33,N_13_34,14.564143884361481,8.08,8.08,8.08,8.08,8.08,8.08,10.05,10.05,10.92,10.92,8.74,8.74,8.74,8.74,8.74,8.74,10.49,11.36,11.36,10.49,8.3,8.3,8.3,8.3
N_12_34,N_12_33,6.607939022883017,6.74,6.74,6.74,6.74,6.74,6.74,10.31,10.31,11.89,11.89,7.93,7.93,7.93,7.93,7.93,7.93,11.1,12.69,12.69,11.1,7.14,7.14,7.14,7.14
N_12_34,N_10_35,14.137364192352571,7.85,7.85,7.85,7.85,7.85,7.85,9.75,9.75,10.6,10.6,8.48,8.48,8.48,8.48,8.48,8.48,10.18,11.03,11.03,10.18,8.06,8.06,8.06,8.06
N_12_34,N_13_32,12.964041860442755,7.2,7.2,7.2,7.2,7.2,7.2,8.95,8.95,9.72,9.72,7.78,7.78,7.78,7.78,7.78,7.78,9.33,10.11,10.11,9.33,7.39,7.39,7.39,7.39
N_12_35,N_10_35,9.021543744525834,5.01,5.01,5.01,5.01,5.01,5.01,6.22,6.22,6.77,6.77,5.41,5.41,5.41,5.41,5.41,5.41,6.5,7.04,7.04,6.5,5.14,5.14,5.14,5.14
N_12_35,N_14_34,5.44752270804526,5.56,5.56,5.56,5.56,5.56,5.56,8.5,8.5,9.81,9.81,6.54,6.54,6.54,6.54,6.54,6.54,9.15,10.46,10.46,9.15,5.88,5.88,5.88,5.88
N_12_35,N_13_33,3.814774644769077,3.89,3.89,3.89,3.89,3.89,3.89,5.95,5.95,6.87,6.87,4.58,4.58,4.58,4.58,4.58,4.58,6.41,7.32,7.32,6.41,4.12,4.12,4.12,4.12
N_12_35,N_13_35,3.7148783913318204,3.79,3.79,3.79,3.79,3.79,3.79,5.8,5.8,6.69,6.69,4.46,4.46,4.46,4.46,4.46,4.46,6.24,7.13,7.13,6.24,4.01,4.01,4.01,4.01
N_12_36,N_11_38,14.751991759621621,8.19,8.19,8.19,8.19,8.19,8.19,10.18,10.18,11.06,11.06,8.85,8.85,8.85,8.85,8.85,8.85,10.62,11.51,11.51,10.62,8.41,8.41,8.41,8.41
N_12_36,N_10_36,9.017299050850276,5.0,5.0,5.0,5.0,5.0,5.0,6.22,6.22,6.76,6.76,5.41,5.41,5.41,5.41,5.41,5.41,6.49,7.03,7.03,6.49,5.14,5.14,5.14,5.14
N_12_37,N_10_37,5.533344158614654,5.64,5.64,5.64,5.64,5.64,5.64,8.63,8.63,9.96,9.96,6.64,6.64,6.64,6.64,6.64,6.64,9.3,10.62,10.62,9.3,5.98,5.98,5.98,5.98
N_12_37,N_10_38,3.8068289712240584,3.88,3.88,3.88,3.88,3.88,3.88,5.94,5.94,6.85,6.85,4.57,4.57,4.57,4.57,4.57,4.57,6.4,7.31,7.31,6.4,4.11,4.11,4.11,4.11
N_12_37,N_12_38,1.0720130234173908,1.76,1.76,1.76,1.76,1.76,1.76,2.92,2.92,3.43,3.43,2.14,2.14,2.14,2.14,2.14,2.14,3.17,3.69,3.69,3.17,1.89,1.89,1.89,1.89
N_12_38,N_10_38,5.354359826160589,5.46,5.46,5.46,5.46,5.46,5.46,8.35,8.35,9.64,9.64,6.43,6.43,6.43,6.43,6.43,6.43,9.0,10.28,10.28,9.0,5.78,5.78,5.78,5.78
N_12_38,N_11_36,6.373135800343109,6.5,6.5,6.5,6.5,6.5,6.5,9.94,9.94,11.47,11.47,7.65,7.65,7.65,7.65,7.65,7.65,10.71,12.24,12.24,10.71,6.88,6.88,6.88,6.88
N_12_38,N_12_37,1.0720130234173908,1.76,1.76,1.76,1.76,1.76,1.76,2.92,2.92,3.43,3.43,2.14,2.14,2.14,2.14,2.14,2.14,3.17,3.69,3.69,3.17,1.89,1.89,1.89,1.89
N_12_38,N_14_39,3.8012415324968902,3.88,3.88,3.88,3.88,3.88,3.88,5.93,5.93,6.84,6.84,4.56,4.56,4.56,4.56,4.56,4.56,6.39,7.3,7.3,6.39,4.11,4.11,4.11,4.11
N_12_38,N_13_39,6.676709684436496,6.81,6.81,6.81,6.81,6.81,6.81,10.42,10.42,12.02,12.02,8.01,8.01,8.01,8.01,8.01,8.01,11.22,12.82,12.82,11.22,7.21,7.21,7.21,7.21
N_12_39,N_10_38,14.885257441663878,8.26,8.26,8.26,8.26,8.26,8.26,10.27,10.27,11.16,11.16,8.93,8.93,8.93,8.93,8.93,8.93,10.72,11.61,11.61,10.72,8.48,8.48,8.48,8.48
N_12_39,N_14_38,4.044430022687756,4.13,4.13,4.13,4.13,4.13,4.13,6.31,6.31,7.28,7.28,4.85,4.85,4.85,4.85,4.85,4.85,6.79,7.77,7.77,6.79,4.37,4.37,4.37,4.37
N_12_39,N_11_37,14.629108256243638,8.12,8.12,8.12,8.12,8.12,8.12,10.09,10.09,10.97,10.97,8.78,8.78,8.78,8.78,8.78,8.78,10.53,11.41,11.41,10.53,8.34,8.34,8.34,8.34
N_12_39,N_10_39,2.2522260924861337,3.69,3.69,3.69,3.69,3.69,3.69,6.13,6.13,7.21,7.21,4.5,4.5,4.5,4.5,4.5,4.5,6.67,7.75,7.75,6.67,3.96,3.96,3.96,3.96
N_12_4,N_14_3,3.9197205543566165,4.0,4.0,4.0,4.0,4.0,4.0,6.11,6.11,7.06,7.06,4.7,4.7,4.7,4.7,4.7,4.7,6.59,7.53,7.53,6.59,4.23,4.23,4.23,4.23
N_12_4,N_10_4,1.5330084344096766,2.51,2.51,2.51,2.51,2.51,2.51,4.17,4.17,4.91,4.91,3.07,3.07,3.07,3.07,3.07,3.07,4.54,5.27,5.27,4.54,2.7,2.7,2.7,2.7
N_12_4,N_11_2,0.996515218724155,1.63,1.63,1.63,1.63,1.63,1.63,2.71,2.71,3.19,3.19,1.99,1.99,1.99,1.99,1.99,1.99,2.95,3.43,3.43,2.95,1.75,1.75,1.75,1.75
N_12_5,N_10_5,10.137660017748493,5.63,5.63,5.63,5.63,5.63,5.63,6.99,6.99,7.6,7.6,6.08,6.08,6.08,6.08,6.08,6.08,7.3,7.91,7.91,7.3,5.78,5.78,5.78,5.78
N_12_5,N_11_4,5.11935401851999,5.22,5.22,5.22,5.22,5.22,5.22,7.99,7.99,9.21,9.21,6.14,6.14,6.14,6.14,6.14,6.14,8.6,9.83,9.83,8.6,5.53,5.53,5.53,5.53
N_12_5,N_12_7,13.844583360462398,7.68,7.68,7.68,7.68,7.68,7.68,9.55,9.55,10.38,10.38,8.31,8.31,8.31,8.31,8.31,8.31,9.97,10.8,10.8,9.97,7.89,7.89,7.89,7.89
N_12_5,N_12_6,6.115753922065773,6.24,6.24,6.24,6.24,6.24,6.24,9.54,9.54,11.01,11.01,7.34,7.34,7.34,7.34,7.34,7.34,10.27,11.74,11.74,10.27,6.61,6.61,6.61,6.61
N_12_6,N_12_5,6.115753922065773,6.24,6.24,6.24,6.24,6.24,6.24,9.54,9.54,11.01,11.01,7.34,7.34,7.34,7.34,7.34,7.34,10.27,11.74,11.74,10.27,6.61,6.61,6.61,6.61
N_12_6,N_12_7,13.594889424459868,7.55,7.55,7.55,7.55,7.55,7.55,9.38,9.38,10.2,10.2,8.16,8.16,8.16,8.16,8.16,8.16,9.79,10.6,10.6,9.79,7.75,7.75,7.75,7.75
N_12_6,N_11_8,5.009900848486691,5.11,5.11,5.11,5.11,5.11,5.11,7.82,7.82,9.02,9.02,6.01,6.01,6.01,6.01,6.01,6.01,8.42,9.62,9.62,8.42,5.41,5.41,5.41,5.41
N_12_7,N_12_6,13.594889424459868,7.55,7.55,7.55,7.55,7.55,7.55,9.38,9.38,10.2,10.2,8.16,8.16,8.16,8.16,8.16,8.16,9.79,10.6,10.6,9.79,7.75,7.75,7.75,7.75
N_12_7,N_11_8,11.299417553169189,6.27,6.27,6.27,6.27,6.27,6.27,7.8,7.8,8.47,8.47,6.78,6.78,6.78,6.78,6.78,6.78,8.14,8.81,8.81,8.14,6.44,6.44,6.44,6.44
N_12_7,N_11_5,4.995080066440787,5.09,5.09,5.09,5.09,5.09,5.09,7.79,7.79,8.99,8.99,5.99,5.99,5.99,5.99,5.99,5.99,8.39,9.59,9.59,8.39,5.39,5.39,5.39,5.39
N_12_7,N_13_7,4.489238511475264,4.58,4.58,4.58,4.58,4.58,4.58,7.0,7.0,8.08,8.08,5.39,5.39,5.39,5.39,5.39,5.39,7.54,8.62,8.62,7.54,4.85,4.85,4.85,4.85
N_12_8,N_10_7,14.03539737848267,7.79,7.79,7.79,7.79,7.79,7.79,9.68,9.68,10.53,10.53,8.42,8.42,8.42,8.42,8.42,8.42,10.11,10.95,10.95,10.11,8.0,8.0,8.0,8.0
N_12_8,N_11_6,3.410832893358185,3.48,3.48,3.48,3.48,3.48,3.48,5.32,5.32,6.14,6.14,4.09,4.09,4.09,4.09,4.09,4.09,5.73,6.55,6.55,5.73,3.68,3.68,3.68,3.68
N_12_9,N_10_8,5.519448849448618,5.63,5.63,5.63,5.63,5.63,5.63,8.61,8.61,9.94,9.94,6.62,6.62,6.62,6.62,6.62,6.62,9.27,10.6,10.6,9.27,5.96,5.96,5.96,5.96
N_12_9,N_11_7,4.443848084220486,4.53,4.53,4.53,4.53,4.53,4.53,6.93,6.93,8.0,8.0,5.33,5.33,5.33,5.33,5.33,5.33,7.47,8.53,8.53,7.47,4.8,4.8,4.8,4.8
N_12_9,N_11_10,1.0154296509048384,1.67,1.67,1.67,1.67,1.67,1.67,2.76,2.76,3.25,3.25,2.03,2.03,2.03,2.03,2.03,2.03,3.01,3.49,3.49,3.01,1.79,1.79,1.79,1.79
N_12_9,N_13_11,14.071580087818958,7.81,7.81,7.81,7.81,7.81,7.81,9.71,9.71,10.55,10.55,8.44,8.44,8.44,8.44,8.44,8.44,10.13,10.98,10.98,10.13,8.02,8.02,8.02,8.02
N_13_0,N_12_1,4.787720468331351,4.88,4.88,4.88,4.88,4.88,4.88,7.47,7.47,8.62,8.62,5.75,5.75,5.75,5.75,5.75,5.75,8.04,9.19,9.19,8.04,5.17,5.17,5.17,5.17
N_13_0,N_12_2,4.855008322945601,4.95,4.95,4.95,4.95,4.95,4.95,7.57,7.57,8.74,8.74,5.83,5.83,5.83,5.83,5.83,5.83,8.16,9.32,9.32,8.16,5.24,5.24,5.24,5.24
N_13_0,N_14_2,1.7811613054233362,2.92,2.92,2.92,2.92,2.92,2.92,4.84,4.84,5.7,5.7,3.56,3.56,3.56,3.56,3.56,3.56,5.27,6.13,6.13,5.27,3.13,3.13,3.13,3.13
N_13_0,N_11_1,5.449240552533793,5.56,5.56,5.56,5.56,5.56,5.56,8.5,8.5,9.81,9.81,6.54,6.54,6.54,6.54,6.54,6.54,9.15,10.46,10.46,9.15,5.89,5.89,5.89,5.89
N_13_0,N_14_0,0.658223854929201,1.08,1.08,1.08,1.08,1.08,1.08,1.79,1.79,2.11,2.11,1.32,1.32,1.32,1.32,1.32,1.32,1.95,2.26,2.26,1.95,1.16,1.16,1.16,1.16
N_13_1,N_12_2,3.619222791193145,3.69,3.69,3.69,3.69,3.69,3.69,5.65,5.65,6.51,6.51,4.34,4.34,4.34,4.34,4.34,4.34,6.08,6.95,6.95,6.08,3.91,3.91,3.91,3.91
N_13_1,N_15_1,8.161707646215554,4.53,4.53,4.53,4.53,4.53,4.53,5.63,5.63,6.12,6.12,4.9,4.9,4.9,4.9,4.9,4.9,5.88,6.37,6.37,5.88,4.65,4.65,4.65,4.65
N_13_10,N_11_11,5.884718555438313,6.0,6.0,6.0,6.0,6.0,6.0,9.18,9.18,10.59,10.59,7.06,7.06,7.06,7.06,7.06,7.06,9.89,11.3,11.3,9.89,6.36,6.36,6.36,6.36
N_13_10,N_11_10,14.521127061533177,8.06,8.06,8.06,8.06,8.06,8.06,10.02,10.02,10.89,10.89,8.71,8.71,8.71,8.71,8.71,8.71,10.46,11.33,11.33,10.46,8.28,8.28,8.28,8.28
N_13_10,N_13_9,13.163152597764334,7.31,7.31,7.31,7.31,7.31,7.31,9.08,9.08,9.87,9.87,7.9,7.9,7.9,7.9,7.9,7.9,9.48,10.27,10.27,9.48,7.5,7.5,7.5,7.5
N_13_10,N_14_11,11.68719636551756,6.49,6.49,6.49,6.49,6.49,6.49,8.06,8.06,8.77,8.77,7.01,7.01,7.01,7.01,7.01,7.01,8.41,9.12,9.12,8.41,6.66,6.66,6.66,6.66
N_13_11,N_13_10,1.4633033654044287,2.4,2.4,2.4,2.4,2.4,2.4,3.98,3.98,4.68,4.68,2.93,2.93,2.93,2.93,2.93,2.93,4.33,5.03,5.03,4.33,2.58,2.58,2.58,2.58
N_13_11,N_15_11,10.15507729769113,5.64,5.64,5.64,5.64,5.64,5.64,7.01,7.01,7.62,7.62,6.09,6.09,6.09,6.09,6.09,6.09,7.31,7.92,7.92,7.31,5.79,5.79,5.79,5.79
N_13_11,N_13_9,8.073890730743456,4.48,4.48,4.48,4.48,4.48,4.48,5.57,5.57,6.06,6.06,4.84,4.84,4.84,4.84,4.84,4.84,5.81,6.3,6.3,5.81,4.6,4.6,4.6,4.6
N_13_11,N_12_9,3.5452018184627567,3.62,3.62,3.62,3.62,3.62,3.62,5.53,5.53,6.38,6.38,4.25,4.25,4.25,4.25,4.25,4.25,5.96,6.81,6.81,5.96,3.83,3.83,3.83,3.83
N_13_12,N_14_14,13.159824978723641,7.3,7.3,7.3,7.3,7.3,7.3,9.08,9.08,9.87,9.87,7.9,7.9,7.9,7.9,7.9,7.9,9.48,10.26,10.26,9.48,7.5,7.5,7.5,7.5
N_13_12,N_12_12,4.0519211017849965,4.13,4.13,4.13,4.13,4.13,4.13,6.32,6.32,7.29,7.29,4.86,4.86,4.86,4.86,4.86,4.86,6.81,7.78,7.78,6.81,4.38,4.38,4.38,4.38
N_13_12,N_12_14,13.351768058536301,7.41,7.41,7.41,7.41,7.41,7.41,9.21,9.21,10.01,10.01,8.01,8.01,8.01,8.01,8.01,8.01,9.61,10.41,10.41,9.61,7.61,7.61,7.61,7.61
N_13_12,N_15_13,1.8692805807570385,3.07,3.07,3.07,3.07,3.07,3.07,5.08,5.08,5.98,5.98,3.74,3.74,3.74,3.74,3.74,3.74,5.53,6.43,6.43,5.53,3.29,3.29,3.29,3.29
N_13_12,N_13_10,6.235234596396149,6.36,6.36,6.36,6.36,6.36,6.36,9.73,9.73,11.22,11.22,7.48,7.48,7.48,7.48,7.48,7.48,10.48,11.97,11.97,10.48,6.73,6.73,6.73,6.73
N_13_12,N_15_11,0.8648143580052856,1.42,1.42,1.42,1.42,1.42,1.42,2.35,2.35,2.77,2.77,1.73,1.73,1.73,1.73,1.73,1.73,2.56,2.97,2.97,2.56,1.52,1.52,1.52,1.52
N_13_13,N_12_15,4.802018387835856,4.9,4.9,4.9,4.9,4.9,4.9,7.49,7.49,8.64,8.64,5.76,5.76,5.76,5.76,5.76,5.76,8.07,9.22,9.22,8.07,5.19,5.19,5.19,5.19
N_13_13,N_12_11,9.05478585588242,5.03,5.03,5.03,5.03,5.03,5.03,6.25,6.25,6.79,6.79,5.43,5.43,5.43,5.43,5.43,5.43,6.52,7.06,7.06,6.52,5.16,5.16,5.16,5.16
N_13_13,N_15_14,4.246306740812222,4.33,4.33,4.33,4.33,4.33,4.33,6.62,6.62,7.64,7.64,5.1,5.1,5.1,5.1,5.1,5.1,7.13,8.15,8.15,7.13,4.59,4.59,4.59,4.59
N_13_13,N_11_13,1.4273689344068585,2.34,2.34,2.34,2.34,2.34,2.34,3.88,3.88,4.57,4.57,2.85,2.85,2.85,2.85,2.85,2.85,4.23,4.91,4.91,4.23,2.51,2.51,2.51,2.51
N_13_14,N_11_15,6.577073680577048,6.71,6.71,6.71,6.71,6.71,6.71,10.26,10.26,11.84,11.84,7.89,7.89,7.89,7.89,7.89,7.89,11.05,12.63,12.63,11.05,7.1,7.1,7.1,7.1
N_13_14,N_12_12,11.109322135216214,6.17,6.17,6.17,6.17,6.17,6.17,7.67,7.67,8.33,8.33,6.67,6.67,6.67,6.67,6.67,6.67,8.0,8.67,8.67,8.0,6.33,6.33,6.33,6.33
N_13_14,N_12_16,5.4359747742387725,5.54,5.54,5.54,5.54,5.54,5.54,8.48,8.48,9.78,9.78,6.52,6.52,6.52,6.52,6.52,6.52,9.13,10.44,10.44,9.13,5.87,5.87,5.87,5.87
N_13_15,N_11_14,8.960482581783065,4.97,4.97,4.97,4.97,4.97,4.97,6.18,6.18,6.72,6.72,5.38,5.38,5.38,5.38,5.38,5.38,6.45,6.99,6.99,6.45,5.11,5.11,5.11,5.11
N_13_15,N_11_16,3.210688596348296,3.27,3.27,3.27,3.27,3.27,3.27,5.01,5.01,5.78,5.78,3.85,3.85,3.85,3.85,3.85,3.85,5.39,6.16,6.16,5.39,3.47,3.47,3.47,3.47
N_13_16,N_14_18,4.583233201180213,4.67,4.67,4.67,4.67,4.67,4.67,7.15,7.15,8.25,8.25,5.5,5.5,5.5,5.5,5.5,5.5,7.7,8.8,8.8,7.7,4.95,4.95,4.95,4.95
N_13_16,N_14_14,1.6621540454547887,2.73,2.73,2.73,2.73,2.73,2.73,4.52,4.52,5.32,5.32,3.32,3.32,3.32,3.32,3.32,3.32,4.92,5.72,5.72,4.92,2.93,2.93,2.93,2.93
N_13_16,N_14_16,3.6199677697240906,3.69,3.69,3.69,3.69,3.69,3.69,5.65,5.65,6.52,6.52,4.34,4.34,4.34,4.34,4.34,4.34,6.08,6.95,6.95,6.08,3.91,3.91,3.91,3.91
N_13_17,N_12_15,2.17493247497293,3.57,3.57,3.57,3.57,3.57,3.57,5.92,5.92,6.96,6.96,4.35,4.35,4.35,4.35,4.35,4.35,6.44,7.48,7.48,6.44,3.83,3.83,3.83,3.83
N_13_17,N_14_18,1.3774377961931947,2.26,2.26,2.26,2.26,2.26,2.26,3.75,3.75,4.41,4.41,2.75,2.75,2.75,2.75,2.75,2.75,4.08,4.74,4.74,4.08,2.42,2.42,2.42,2.42
N_13_17,N_12_18,4.432669989001726,4.52,4.52,4.52,4.52,4.52,4.52,6.91,6.91,7.98,7.98,5.32,5.32,5.32,5.32,5.32,5.32,7.45,8.51,8.51,7.45,4.79,4.79,4.79,4.79
N_13_17,N_12_19,1.4706042663250263,2.41,2.41,2.41,2.41,2.41,2.41,4.0,4.0,4.71,4.71,2.94,2.94,2.94,2.94,2.94,2.94,4.35,5.06,5.06,4.35,2.59,2.59,2.59,2.59
N_13_17,N_13_18,12.879264424969584,7.15,7.15,7.15,7.15,7.15,7.15,8.89,8.89,9.66,9.66,7.73,7.73,7.73,7.73,7.73,7.73,9.27,10.05,10.05,9.27,7.34,7.34,7.34,7.34
N_13_18,N_11_18,13.739740243259511,7.63,7.63,7.63,7.63,7.63,7.63,9.48,9.48,10.3,10.3,8.24,8.24,8.24,8.24,8.24,8.24,9.89,10.72,10.72,9.89,7.83,7.83,7.83,7.83
N_13_18,N_12_16,13.633577815693638,7.57,7.57,7.57,7.57,7.57,7.57,9.41,9.41,10.23,10.23,8.18,8.18,8.18,8.18,8.18,8.18,9.82,10.63,10.63,9.82,7.77,7.77,7.77,7.77
N_13_19,N_14_17,5.563615719140293,5.67,5.67,5.67,5.67,5.67,5.67,8.68,8.68,10.01,10.01,6.68,6.68,6.68,6.68,6.68,6.68,9.35,10.68,10.68,9.35,6.01,6.01,6.01,6.01
N_13_19,N_11_18,3.2667193723850625,3.33,3.33,3.33,3.33,3.33,3.33,5.1,5.1,5.88,5.88,3.92,3.92,3.92,3.92,3.92,3.92,5.49,6.27,6.27,5.49,3.53,3.53,3.53,3.53
N_13_19,N_12_20,14.114449443064007,7.83,7.83,7.83,7.83,7.83,7.83,9.74,9.74,10.59,10.59,8.47,8.47,8.47,8.47,8.47,8.47,10.16,11.01,11.01,10.16,8.05,8.05,8.05,8.05
N_13_2,N_12_0,3.39923566023047,3.47,3.47,3.47,3.47,3.47,3.47,5.3,5.3,6.12,6.12,4.08,4.08,4.08,4.08,4.08,4.08,5.71,6.53,6.53,5.71,3.67,3.67,3.67,3.67
N_13_2,N_12_4,2.1641553950303316,3.55,3.55,3.55,3.55,3.55,3.55,5.89,5.89,6.93,6.93,4.33,4.33,4.33,4.33,4.33,4.33,6.41,7.44,7.44,6.41,3.81,3.81,3.81,3.81
N_13_20,N_12_19,3.90219399069209,3.98,3.98,3.98,3.98,3.98,3.98,6.09,6.09,7.02,7.02,4.68,4.68,4.68,4.68,4.68,4.68,6.56,7.49,7.49,6.56,4.21,4.21,4.21,4.21
N_13_20,N_13_19,9.617126023185456,5.34,5.34,5.34,5.34,5.34,5.34,6.64,6.64,7.21,7.21,5.77,5.77,5.77,5.77,5.77,5.77,6.92,7.5,7.5,6.92,5.48,5.48,5.48,5.48
N_13_20,N_15_20,12.598135596076705,6.99,6.99,6.99,6.99,6.99,6.99,8.69,8.69,9.45,9.45,7.56,7.56,7.56,7.56,7.56,7.56,9.07,9.83,9.83,9.07,7.18,7.18,7.18,7.18
N_13_20,N_14_22,1.6168469600259416,2.65,2.65,2.65,2.65,2.65,2.65,4.4,4.4,5.17,5.17,3.23,3.23,3.23,3.23,3.23,3.23,4.79,5.56,5.56,4.79,2.85,2.85,2.85,2.85
N_13_21,N_11_20,4.984505564853022,5.08,5.08,5.08,5.08,5.08,5.08,7.78,7.78,8.97,8.97,5.98,5.98,5.98,5.98,5.98,5.98,8.37,9.57,9.57,8.37,5.38,5.38,5.38,5.38
N_13_21,N_14_21,6.987401256699982,7.13,7.13,7.13,7.13,7.13,7.13,10.9,10.9,12.58,12.58,8.38,8.38,8.38,8.38,8.38,8.38,11.74,13.42,13.42,11.74,7.55,7.55,7.55,7.55
N_13_21,N_15_20,5.532963288741948,5.64,5.64,5.64,5.64,5.64,5.64,8.63,8.63,9.96,9.96,6.64,6.64,6.64,6.64,6.64,6.64,9.3,10.62,10.62,9.3,5.98,5.98,5.98,5.98
N_13_21,N_15_21,3.9628902245505064,4.04,4.04,4.04,4.04,4.04,4.04,6.18,6.18,7.13,7.13,4.76,4.76,4.76,4.76,4.76,4.76,6.66,7.61,7.61,6.66,4.28,4.28,4.28,4.28
N_13_22,N_12_20,14.652157934521062,8.13,8.13,8.13,8.13,8.13,8.13,10.11,10.11,10.99,10.99,8.79,8.79,8.79,8.79,8.79,8.79,10.55,11.43,11.43,10.55,8.35,8.35,8.35,8.35
N_13_22,N_12_22,9.24594514488804,5.13,5.13,5.13,5.13,5.13,5.13,6.38,6.38,6.93,6.93,5.55,5.55,5.55,5.55,5.55,5.55,6.66,7.21,7.21,6.66,5.27,5.27,5.27,5.27
N_13_22,N_11_21,13.753579457129801,7.63,7.63,7.63,7.63,7.63,7.63,9.49,9.49,10.32,10.32,8.25,8.25,8.25,8.25,8.25,8.25,9.9,10.73,10.73,9.9,7.84,7.84,7.84,7.84
N_13_23,N_12_21,5.034942372010853,5.14,5.14,5.14,5.14,5.14,5.14,7.85,7.85,9.06,9.06,6.04,6.04,6.04,6.04,6.04,6.04,8.46,9.67,9.67,8.46,5.44,5.44,5.44,5.44
N_13_23,N_11_23,3.8697491208990202,3.95,3.95,3.95,3.95,3.95,3.95,6.04,6.04,6.97,6.97,4.64,4.64,4.64,4.64,4.64,4.64,6.5,7.43,7.43,6.5,4.18,4.18,4.18,4.18
N_13_23,N_14_25,4.930132692244722,5.03,5.03,5.03,5.03,5.03,5.03,7.69,7.69,8.87,8.87,5.92,5.92,5.92,5.92,5.92,5.92,8.28,9.47,9.47,8.28,5.32,5.32,5.32,5.32
N_13_23,N_14_21,1.9056957896982498,3.13,3.13,3.13,3.13,3.13,3.13,5.18,5.18,6.1,6.1,3.81,3.81,3.81,3.81,3.81,3.81,5.64,6.56,6.56,5.64,3.35,3.35,3.35,3.35
N_13_24,N_11_25,12.122651090481725,6.73,6.73,6.73,6.73,6.73,6.73,8.36,8.36,9.09,9.09,7.27,7.27,7.27,7.27,7.27,7.27,8.73,9.46,9.46,8.73,6.91,6.91,6.91,6.91
N_13_24,N_14_24,11.670683460595278,6.48,6.48,6.48,6.48,6.48,6.48,8.05,8.05,8.75,8.75,7.0,7.0,7.0,7.0,7.0,7.0,8.4,9.1,9.1,8.4,6.65,6.65,6.65,6.65
N_13_24,N_13_22,4.307326510620165,4.39,4.39,4.39,4.39,4.39,4.39,6.72,6.72,7.75,7.75,5.17,5.17,5.17,5.17,5.17,5.17,7.24,8.27,8.27,7.24,4.65,4.65,4.65,4.65
N_13_24,N_13_23,12.715446696587279,7.06,7.06,7.06,7.06,7.06,7.06,8.77,8.77,9.54,9.54,7.63,7.63,7.63,7.63,7.63,7.63,9.16,9.92,9.92,9.16,7.25,7.25,7.25,7.25
N_13_24,N_11_23,2.005680406021061,3.29,3.29,3.29,3.29,3.29,3.29,5.46,5.46,6.42,6.42,4.01,4.01,4.01,4.01,4.01,4.01,5.94,6.9,6.9,5.94,3.53,3.53,3.53,3.53
N_13_24,N_13_25,11.023549691054829,6.12,6.12,6.12,6.12,6.12,6.12,7.61,7.61,8.27,8.27,6.61,6.61,6.61,6.61,6.61,6.61,7.94,8.6,8.6,7.94,6.28,6.28,6.28,6.28
N_13_24,N_14_22,10.353177246286092,5.75,5.75,5.75,5.75,5.75,5.75,7.14,7.14,7.76,7.76,6.21,6.21,6.21,6.21,6.21,6.21,7.45,8.08,8.08,7.45,5.9,5.9,5.9,5.9
N_13_25,N_13_24,9.86379963485452,5.47,5.47,5.47,5.47,5.47,5.47,6.81,6.81,7.4,7.4,5.92,5.92,5.92,5.92,5.92,5.92,7.1,7.69,7.69,7.1,5.62,5.62,5.62,5.62
N_13_25,N_14_27,5.304072948980172,5.41,5.41,5.41,5.41,5.41,5.41,8.27,8.27,9.55,9.55,6.36,6.36,6.36,6.36,6.36,6.36,8.91,10.18,10.18,8.91,5.73,5.73,5.73,5.73
N_13_25,N_11_24,4.461070577749844,4.55,4.55,4.55,4.55,4.55,4.55,6.96,6.96,8.03,8.03,5.35,5.35,5.35,5.35,5.35,5.35,7.49,8.57,8.57,7.49,4.82,4.82,4.82,4.82
N_13_25,N_11_25,5.621639431244338,5.73,5.73,5.73,5.73,5.73,5.73,8.77,8.77,10.12,10.12,6.75,6.75,6.75,6.75,6.75,6.75,9.44,10.79,10.79,9.44,6.07,6.07,6.07,6.07
N_13_26,N_12_27,2.1402679128599926,3.51,3.51,3.51,3.51,3.51,3.51,5.82,5.82,6.85,6.85,4.28,4.28,4.28,4.28,4.28,4.28,6.34,7.36,7.36,6.34,3.77,3.77,3.77,3.77
N_13_26,N_15_26,3.4451119692658794,3.51,3.51,3.51,3.51,3.51,3.51,5.37,5.37,6.2,6.2,4.13,4.13,4.13,4.13,4.13,4.13,5.79,6.61,6.61,5.79,3.72,3.72,3.72,3.72
N_13_26,N_12_24,9.463066787869415,5.25,5.25,5.25,5.25,5.25,5.25,6.53,6.53,7.1,7.1,5.68,5.68,5.68,5.68,5.68,5.68,6.81,7.38,7.38,6.81,5.39,5.39,5.39,5.39
N_13_26,N_12_25,11.66286117026572,6.47,6.47,6.47,6.47,6.47,6.47,8.05,8.05,8.75,8.75,7.0,7.0,7.0,7.0,7.0,7.0,8.4,9.1,9.1,8.4,6.65,6.65,6.65,6.65
N_13_26,N_14_28,5.919694334039155,6.04,6.04,6.04,6.04,6.04,6.04,9.23,9.23,10.66,10.66,7.1,7.1,7.1,7.1,7.1,7.1,9.95,11.37,11.37,9.95,6.39,6.39,6.39,6.39
N_13_26,N_12_26,3.073554050225218,3.14,3.14,3.14,3.14,3.14,3.14,4.79,4.79,5.53,5.53,3.69,3.69,3.69,3.69,3.69,3.69,5.16,5.9,5.9,5.16,3.32,3.32,3.32,3.32
N_13_26,N_11_27,3.173928029997836,3.24,3.24,3.24,3.24,3.24,3.24,4.95,4.95,5.71,5.71,3.81,3.81,3.81,3.81,3.81,3.81,5.33,6.09,6.09,5.33,3.43,3.43,3.43,3.43
N_13_27,N_13_25,1.4693243036683312,2.41,2.41,2.41,2.41,2.41,2.41,4.0,4.0,4.7,4.7,2.94,2.94,2.94,2.94,2.94,2.94,4.35,5.05,5.05,4.35,2.59,2.59,2.59,2.59
N_13_27,N_14_26,9.392126400057641,5.21,5.21,5.21,5.21,5.21,5.21,6.48,6.48,7.04,7.04,5.64,5.64,5.64,5.64,5.64,5.64,6.76,7.33,7.33,6.76,5.35,5.35,5.35,5.35
N_13_27,N_11_27,5.849876762076868,5.97,5.97,5.97,5.97,5.97,5.97,9.13,9.13,10.53,10.53,7.02,7.02,7.02,7.02,7.02,7.02,9.83,11.23,11.23,9.83,6.32,6.32,6.32,6.32
N_13_27,N_13_26,1.1098550458784346,1.82,1.82,1.82,1.82,1.82,1.82,3.02,3.02,3.55,3.55,2.22,2.22,2.22,2.22,2.22,2.22,3.29,3.82,3.82,3.29,1.95,1.95,1.95,1.95
N_13_28,N_11_28,4.189602590726265,4.27,4.27,4.27,4.27,4.27,4.27,6.54,6.54,7.54,7.54,5.03,5.03,5.03,5.03,5.03,5.03,7.04,8.04,8.04,7.04,4.52,4.52,4.52,4.52
N_13_28,N_12_29,4.571386386660688,4.66,4.66,4.66,4.66,4.66,4.66,7.13,7.13,8.23,8.23,5.49,5.49,5.49,5.49,5.49,5.49,7.68,8.78,8.78,7.68,4.94,4.94,4.94,4.94
N_13_28,N_12_28,5.082871376294067,5.18,5.18,5.18,5.18,5.18,5.18,7.93,7.93,9.15,9.15,6.1,6.1,6.1,6.1,6.1,6.1,8.54,9.76,9.76,8.54,5.49,5.49,5.49,5.49
N_13_29,N_12_31,8.895195804643672,4.94,4.94,4.94,4.94,4.94,4.94,6.14,6.14,6.67,6.67,5.34,5.34,5.34,5.34,5.34,5.34,6.4,6.94,6.94,6.4,5.07,5.07,5.07,5.07
N_13_29,N_14_30,6.636008381121663,6.77,6.77,6.77,6.77,6.77,6.77,10.35,10.35,11.94,11.94,7.96,7.96,7.96,7.96,7.96,7.96,11.15,12.74,12.74,11.15,7.17,7.17,7.17,7.17
N_13_29,N_11_30,5.259377149257425,5.36,5.36,5.36,5.36,5.36,5.36,8.2,8.2,9.47,9.47,6.31,6.31,6.31,6.31,6.31,6.31,8.84,10.1,10.1,8.84,5.68,5.68,5.68,5.68
N_13_29,N_15_30,11.73073082894244,6.51,6.51,6.51,6.51,6.51,6.51,8.09,8.09,8.8,8.8,7.04,7.04,7.04,7.04,7.04,7.04,8.45,9.15,9.15,8.45,6.69,6.69,6.69,6.69
N_13_3,N_12_4,5.449448085752468,5.56,5.56,5.56,5.56,5.56,5.56,8.5,8.5,9.81,9.81,6.54,6.54,6.54,6.54,6.54,6.54,9.16,10.46,10.46,9.16,5.89,5.89,5.89,5.89
N_13_3,N_13_5,8.182591449579816,4.54,4.54,4.54,4.54,4.54,4.54,5.65,5.65,6.14,6.14,4.91,4.91,4.91,4.91,4.91,4.91,5.89,6.38,6.38,5.89,4.66,4.66,4.66,4.66
N_13_3,N_12_2,3.536346510121959,3.61,3.61,3.61,3.61,3.61,3.61,5.52,5.52,6.37,6.37,4.24,4.24,4.24,4.24,4.24,4.24,5.94,6.79,6.79,5.94,3.82,3.82,3.82,3.82
N_13_3,N_12_3,5.598274212299567,5.71,5.71,5.71,5.71,5.71,5.71,8.73,8.73,10.08,10.08,6.72,6.72,6.72,6.72,6.72,6.72,9.41,10.75,10.75,9.41,6.05,6.05,6.05,6.05
N_13_30,N_11_29,2.4712552791727362,4.05,4.05,4.05,4.05,4.05,4.05,6.72,6.72,7.91,7.91,4.94,4.94,4.94,4.94,4.94,4.94,7.31,8.5,8.5,7.31,4.35,4.35,4.35,4.35
N_13_30,N_12_32,4.299582507216183,4.39,4.39,4.39,4.39,4.39,4.39,6.71,6.71,7.74,7.74,5.16,5.16,5.16,5.16,5.16,5.16,7.22,8.26,8.26,7.22,4.64,4.64,4.64,4.64
N_13_30,N_15_29,10.8340673776977,6.01,6.01,6.01,6.01,6.01,6.01,7.48,7.48,8.13,8.13,6.5,6.5,6.5,6.5,6.5,6.5,7.8,8.45,8.45,7.8,6.18,6.18,6.18,6.18
N_13_30,N_12_29,4.521496675020483,4.61,4.61,4.61,4.61,4.61,4.61,7.05,7.05,8.14,8.14,5.43,5.43,5.43,5.43,5.43,5.43,7.6,8.68,8.68,7.6,4.88,4.88,4.88,4.88
N_13_31,N_15_32,11.076877123015219,6.15,6.15,6.15,6.15,6.15,6.15,7.64,7.64,8.31,8.31,6.65,6.65,6.65,6.65,6.65,6.65,7.98,8.64,8.64,7.98,6.31,6.31,6.31,6.31
N_13_31,N_15_30,4.143658353726481,4.23,4.23,4.23,4.23,4.23,4.23,6.46,6.46,7.46,7.46,4.97,4.97,4.97,4.97,4.97,4.97,6.96,7.96,7.96,6.96,4.48,4.48,4.48,4.48
N_13_31,N_14_33,14.433229739828606,8.01,8.01,8.01,8.01,8.01,8.01,9.96,9.96,10.82,10.82,8.66,8.66,8.66,8.66,8.66,8.66,10.39,11.26,11.26,10.39,8.23,8.23,8.23,8.23
N_13_31,N_14_29,1.4271579061432704,2.34,2.34,2.34,2.34,2.34,2.34,3.88,3.88,4.57,4.57,2.85,2.85,2.85,2.85,2.85,2.85,4.22,4.91,4.91,4.22,2.51,2.51,2.51,2.51
N_13_31,N_13_30,11.504604531766482,6.39,6.39,6.39,6.39,6.39,6.39,7.94,7.94,8.63,8.63,6.9,6.9,6.9,6.9,6.9,6.9,8.28,8.97,8.97,8.28,6.56,6.56,6.56,6.56
N_13_31,N_11_31,6.577312072995726,6.71,6.71,6.71,6.71,6.71,6.71,10.26,10.26,11.84,11.84,7.89,7.89,7.89,7.89,7.89,7.89,11.05,12.63,12.63,11.05,7.1,7.1,7.1,7.1
N_13_31,N_12_33,4.293843729820425,4.38,4.38,4.38,4.38,4.38,4.38,6.7,6.7,7.73,7.73,5.15,5.15,5.15,5.15,5.15,5.15,7.21,8.24,8.24,7.21,4.64,4.64,4.64,4.64
N_13_32,N_11_31,10.002649978342106,5.55,5.55,5.55,5.55,5.55,5.55,6.9,6.9,7.5,7.5,6.0,6.0,6.0,6.0,6.0,6.0,7.2,7.8,7.8,7.2,5.7,5.7,5.7,5.7
N_13_32,N_12_30,6.9007657024760976,7.04,7.04,7.04,7.04,7.04,7.04,10.77,10.77,12.42,12.42,8.28,8.28,8.28,8.28,8.28,8.28,11.59,13.25,13.25,11.59,7.45,7.45,7.45,7.45
N_13_33,N_11_33,3.2624678704477277,3.33,3.33,3.33,3.33,3.33,3.33,5.09,5.09,5.87,5.87,3.91,3.91,3.91,3.91,3.91,3.91,5.48,6.26,6.26,5.48,3.52,3.52,3.52,3.52
N_13_33,N_12_35,3.814774644769077,3.89,3.89,3.89,3.89,3.89,3.89,5.95,5.95,6.87,6.87,4.58,4.58,4.58,4.58,4.58,4.58,6.41,7.32,7.32,6.41,4.12,4.12,4.12,4.12
N_13_33,N_12_34,6.843864454217501,6.98,6.98,6.98,6.98,6.98,6.98,10.68,10.68,12.32,12.32,8.21,8.21,8.21,8.21,8.21,8.21,11.5,13.14,13.14,11.5,7.39,7.39,7.39,7.39
N_13_34,N_12_33,14.564143884361481,8.08,8.08,8.08,8.08,8.08,8.08,10.05,10.05,10.92,10.92,8.74,8.74,8.74,8.74,8.74,8.74,10.49,11.36,11.36,10.49,8.3,8.3,8.3,8.3
N_13_34,N_12_35,4.767501445990947,4.86,4.86,4.86,4.86,4.86,4.86,7.44,7.44,8.58,8.58,5.72,5.72,5.72,5.72,5.72,5.72,8.01,9.15,9.15,8.01,5.15,5.15,5.15,5.15
N_13_35,N_12_35,3.7148783913318204,3.79,3.79,3.79,3.79,3.79,3.79,5.8,5.8,6.69,6.69,4.46,4.46,4.46,4.46,4.46,4.46,6.24,7.13,7.13,6.24,4.01,4.01,4.01,4.01
N_13_35,N_14_36,12.704633466829835,7.05,7.05,7.05,7.05,7.05,7.05,8.77,8.77,9.53,9.53,7.62,7.62,7.62,7.62,7.62,7.62,9.15,9.91,9.91,9.15,7.24,7.24,7.24,7.24
N_13_35,N_14_37,5.3798759452188785,5.49,5.49,5.49,5.49,5.49,5.49,8.39,8.39,9.68,9.68,6.46,6.46,6.46,6.46,6.46,6.46,9.04,10.33,10.33,9.04,5.81,5.81,5.81,5.81
N_13_35,N_11_35,11.18736479614186,6.21,6.21,6.21,6.21,6.21,6.21,7.72,7.72,8.39,8.39,6.71,6.71,6.71,6.71,6.71,6.71,8.05,8.73,8.73,8.05,6.38,6.38,6.38,6.38
N_13_36,N_11_35,4.076334317075828,4.16,4.16,4.16,4.16,4.16,4.16,6.36,6.36,7.34,7.34,4.89,4.89,4.89,4.89,4.89,4.89,6.85,7.83,7.83,6.85,4.4,4.4,4.4,4.4
N_13_36,N_13_35,5.783317989380686,5.9,5.9,5.9,5.9,5.9,5.9,9.02,9.02,10.41,10.41,6.94,6.94,6.94,6.94,6.94,6.94,9.72,11.1,11.1,9.72,6.25,6.25,6.25,6.25
N_13_36,N_13_37,13.108099638338757,7.27,7.27,7.27,7.27,7.27,7.27,9.04,9.04,9.83,9.83,7.86,7.86,7.86,7.86,7.86,7.86,9.44,10.22,10.22,9.44,7.47,7.47,7.47,7.47
N_13_36,N_13_34,1.467325966418894,2.41,2.41,2.41,2.41,2.41,2.41,3.99,3.99,4.7,4.7,2.93,2.93,2.93,2.93,2.93,2.93,4.34,5.05,5.05,4.34,2.58,2.58,2.58,2.58
N_13_37,N_13_36,13.108099638338757,7.27,7.27,7.27,7.27,7.27,7.27,9.04,9.04,9.83,9.83,7.86,7.86,7.86,7.86,7.86,7.86,9.44,10.22,10.22,9.44,7.47,7.47,7.47,7.47
N_13_37,N_13_35,0.5031618344516624,0.83,0.83,0.83,0.83,0.83,0.83,1.37,1.37,1.61,1.61,1.01,1.01,1.01,1.01,1.01,1.01,1.49,1.73,1.73,1.49,0.89,0.89,0.89,0.89
N_13_38,N_14_38,5.026758508384036,5.13,5.13,5.13,5.13,5.13,5.13,7.84,7.84,9.05,9.05,6.03,6.03,6.03,6.03,6.03,6.03,8.44,9.65,9.65,8.44,5.43,5.43,5.43,5.43
N_13_38,N_14_37,12.800850520528705,7.1,7.1,7.1,7.1,7.1,7.1,8.83,8.83,9.6,9.6,7.68,7.68,7.68,7.68,7.68,7.68,9.22,9.98,9.98,9.22,7.3,7.3,7.3,7.3
N_13_38,N_11_39,5.4639733719859365,5.57,5.57,5.57,5.57,5.57,5.57,8.52,8.52,9.84,9.84,6.56,6.56,6.56,6.56,6.56,6.56,9.18,10.49,10.49,9.18,5.9,5.9,5.9,5.9
N_13_38,N_13_36,10.31360382465107,5.72,5.72,5.72,5.72,5.72,5.72,7.12,7.12,7.74,7.74,6.19,6.19,6.19,6.19,6.19,6.19,7.43,8.04,8.04,7.43,5.88,5.88,5.88,5.88
N_13_39,N_12_38,6.676709684436496,6.81,6.81,6.81,6.81,6.81,6.81,10.42,10.42,12.02,12.02,8.01,8.01,8.01,8.01,8.01,8.01,11.22,12.82,12.82,11.22,7.21,7.21,7.21,7.21
N_13_39,N_14_37,0.6120445703730841,1.0,1.0,1.0,1.0,1.0,1.0,1.66,1.66,1.96,1.96,1.22,1.22,1.22,1.22,1.22,1.22,1.81,2.11,2.11,1.81,1.08,1.08,1.08,1.08
N_13_39,N_15_39,5.712790498599494,5.83,5.83,5.83,5.83,5.83,5.83,8.91,8.91,10.28,10.28,6.86,6.86,6.86,6.86,6.86,6.86,9.6,10.97,10.97,9.6,6.17,6.17,6.17,6.17
N_13_4,N_12_4,4.0859896663984525,4.17,4.17,4.17,4.17,4.17,4.17,6.37,6.37,7.35,7.35,4.9,4.9,4.9,4.9,4.9,4.9,6.86,7.85,7.85,6.86,4.41,4.41,4.41,4.41
N_13_4,N_14_3,1.243167153774296,2.04,2.04,2.04,2.04,2.04,2.04,3.38,3.38,3.98,3.98,2.49,2.49,2.49,2.49,2.49,2.49,3.68,4.28,4.28,3.68,2.19,2.19,2.19,2.19
N_13_4,N_13_6,5.100401678750464,5.2,5.2,5.2,5.2,5.2,5.2,7.96,7.96,9.18,9.18,6.12,6.12,6.12,6.12,6.12,6.12,8.57,9.79,9.79,8.57,5.51,5.51,5.51,5.51
N_13_5,N_13_3,8.182591449579816,4.54,4.54,4.54,4.54,4.54,4.54,5.65,5.65,6.14,6.14,4.91,4.91,4.91,4.91,4.91,4.91,5.89,6.38,6.38,5.89,4.66,4.66,4.66,4.66
N_13_5,N_15_5,3.393006259862736,3.46,3.46,3.46,3.46,3.46,3.46,5.29,5.29,6.11,6.11,4.07,4.07,4.07,4.07,4.07,4.07,5.7,6.51,6.51,5.7,3.66,3.66,3.66,3.66
N_13_6,N_13_4,5.100401678750464,5.2,5.2,5.2,5.2,5.2,5.2,7.96,7.96,9.18,9.18,6.12,6.12,6.12,6.12,6.12,6.12,8.57,9.79,9.79,8.57,5.51,5.51,5.51,5.51
N_13_6,N_14_4,13.309456744678322,7.39,7.39,7.39,7.39,7.39,7.39,9.18,9.18,9.98,9.98,7.99,7.99,7.99,7.99,7.99,7.99,9.58,10.38,10.38,9.58,7.59,7.59,7.59,7.59
N_13_7,N_14_6,10.452226965468821,5.8,5.8,5.8,5.8,5.8,5.8,7.21,7.21,7.84,7.84,6.27,6.27,6.27,6.27,6.27,6.27,7.53,8.15,8.15,7.53,5.96,5.96,5.96,5.96
N_13_7,N_13_9,12.930475872963815,7.18,7.18,7.18,7.18,7.18,7.18,8.92,8.92,9.7,9.7,7.76,7.76,7.76,7.76,7.76,7.76,9.31,10.09,10.09,9.31,7.37,7.37,7.37,7.37
N_13_7,N_15_8,8.498700098541699,4.72,4.72,4.72,4.72,4.72,4.72,5.86,5.86,6.37,6.37,5.1,5.1,5.1,5.1,5.1,5.1,6.12,6.63,6.63,6.12,4.84,4.84,4.84,4.84
N_13_8,N_13_6,6.269767916147325,6.4,6.4,6.4,6.4,6.4,6.4,9.78,9.78,11.29,11.29,7.52,7.52,7.52,7.52,7.52,7.52,10.53,12.04,12.04,10.53,6.77,6.77,6.77,6.77
N_13_8,N_14_6,5.133939715580511,5.24,5.24,5.24,5.24,5.24,5.24,8.01,8.01,9.24,9.24,6.16,6.16,6.16,6.16,6.16,6.16,8.63,9.86,9.86,8.63,5.54,5.54,5.54,5.54
N_13_8,N_12_10,4.862781452172676,4.96,4.96,4.96,4.96,4.96,4.96,7.59,7.59,8.75,8.75,5.84,5.84,5.84,5.84,5.84,5.84,8.17,9.34,9.34,8.17,5.25,5.25,5.25,5.25
N_13_9,N_13_10,13.163152597764334,7.31,7.31,7.31,7.31,7.31,7.31,9.08,9.08,9.87,9.87,7.9,7.9,7.9,7.9,7.9,7.9,9.48,10.27,10.27,9.48,7.5,7.5,7.5,7.5
N_13_9,N_13_11,8.073890730743456,4.48,4.48,4.48,4.48,4.48,4.48,5.57,5.57,6.06,6.06,4.84,4.84,4.84,4.84,4.84,4.84,5.81,6.3,6.3,5.81,4.6,4.6,4.6,4.6
N_14_0,N_13_0,0.658223854929201,1.08,1.08,1.08,1.08,1.08,1.08,1.79,1.79,2.11,2.11,1.32,1.32,1.32,1.32,1.32,1.32,1.95,2.26,2.26,1.95,1.16,1.16,1.16,1.16
N_14_0,N_14_1,3.4279251791796006,3.5,3.5,3.5,3.5,3.5,3.5,5.35,5.35,6.17,6.17,4.11,4.11,4.11,4.11,4.11,4.11,5.76,6.58,6.58,5.76,3.7,3.7,3.7,3.7
N_14_1,N_14_0,3.4279251791796006,3.5,3.5,3.5,3.5,3.5,3.5,5.35,5.35,6.17,6.17,4.11,4.11,4.11,4.11,4.11,4.11,5.76,6.58,6.58,5.76,3.7,3.7,3.7,3.7
N_14_1,N_14_2,4.741414832091665,4.84,4.84,4.84,4.84,4.84,4.84,7.4,7.4,8.53,8.53,5.69,5.69,5.69,5.69,5.69,5.69,7.97,9.1,9.1,7.97,5.12,5.12,5.12,5.12
N_14_10,N_15_8,5.385621660093765,5.49,5.49,5.49,5.49,5.49,5.49,8.4,8.4,9.69,9.69,6.46,6.46,6.46,6.46,6.46,6.46,9.05,10.34,10.34,9.05,5.82,5.82,5.82,5.82
N_14_10,N_15_9,5.5799564617921344,5.69,5.69,5.69,5.69,5.69,5.69,8.7,8.7,10.04,10.04,6.7,6.7,6.7,6.7,6.7,6.7,9.37,10.71,10.71,9.37,6.03,6.03,6.03,6.03
N_14_10,N_13_9,8.972417162439456,4.98,4.98,4.98,4.98,4.98,4.98,6.19,6.19,6.73,6.73,5.38,5.38,5.38,5.38,5.38,5.38,6.46,7.0,7.0,6.46,5.11,5.11,5.11,5.11
N_14_10,N_14_9,6.239357471471558,6.36,6.36,6.36,6.36,6.36,6.36,9.73,9.73,11.23,11.23,7.49,7.49,7.49,7.49,7.49,7.49,10.48,11.98,11.98,10.48,6.74,6.74,6.74,6.74
N_14_10,N_13_8,4.811897681094879,4.91,4.91,4.91,4.91,4.91,4.91,7.51,7.51,8.66,8.66,5.77,5.77,5.77,5.77,5.77,5.77,8.08,9.24,9.24,8.08,5.2,5.2,5.2,5.2
N_14_10,N_14_11,4.788639074434835,4.88,4.88,4.88,4.88,4.88,4.88,7.47,7.47,8.62,8.62,5.75,5.75,5.75,5.75,5.75,5.75,8.04,9.19,9.19,8.04,5.17,5.17,5.17,5.17
N_14_11,N_13_10,11.68719636551756,6.49,6.49,6.49,6.49,6.49,6.49,8.06,8.06,8.77,8.77,7.01,7.01,7.01,7.01,7.01,7.01,8.41,9.12,9.12,8.41,6.66,6.66,6.66,6.66
N_14_11,N_14_10,4.788639074434835,4.88,4.88,4.88,4.88,4.88,4.88,7.47,7.47,8.62,8.62,5.75,5.75,5.75,5.75,5.75,5.75,8.04,9.19,9.19,8.04,5.17,5.17,5.17,5.17
N_14_12,N_15_12,10.692165403837663,5.93,5.93,5.93,5.93,5.93,5.93,7.38,7.38,8.02,8.02,6.42,6.42,6.42,6.42,6.42,6.42,7.7,8.34,8.34,7.7,6.09,6.09,6.09,6.09
N_14_12,N_14_10,0.8085345817874501,1.33,1.33,1.33,1.33,1.33,1.33,2.2,2.2,2.59,2.59,1.62,1.62,1.62,1.62,1.62,1.62,2.39,2.78,2.78,2.39,1.42,1.42,1.42,1.42
N_14_13,N_13_12,4.69649873829037,4.79,4.79,4.79,4.79,4.79,4.79,7.33,7.33,8.45,8.45,5.64,5.64,5.64,5.64,5.64,5.64,7.89,9.02,9.02,7.89,5.07,5.07,5.07,5.07
N_14_13,N_16_14,3.9029636736449906,3.98,3.98,3.98,3.98,3.98,3.98,6.09,6.09,7.03,7.03,4.68,4.68,4.68,4.68,4.68,4.68,6.56,7.49,7.49,6.56,4.22,4.22,4.22,4.22
N_14_13,N_13_13,11.4870987454625,6.38,6.38,6.38,6.38,6.38,6.38,7.93,7.93,8.62,8.62,6.89,6.89,6.89,6.89,6.89,6.89,8.27,8.96,8.96,8.27,6.55,6.55,6.55,6.55
N_14_13,N_14_14,4.077001792515451,4.16,4.16,4.16,4.16,4.16,4.16,6.36,6.36,7.34,7.34,4.89,4.89,4.89,4.89,4.89,4.89,6.85,7.83,7.83,6.85,4.4,4.4,4.4,4.4
N_14_14,N_13_12,13.159824978723641,7.3,7.3,7.3,7.3,7.3,7.3,9.08,9.08,9.87,9.87,7.9,7.9,7.9,7.9,7.9,7.9,9.48,10.26,10.26,9.48,7.5,7.5,7.5,7.5
N_14_14,N_13_16,1.6621540454547887,2.73,2.73,2.73,2.73,2.73,2.73,4.52,4.52,5.32,5.32,3.32,3.32,3.32,3.32,3.32,3.32,4.92,5.72,5.72,4.92,2.93,2.93,2.93,2.93
N_14_14,N_16_13,5.654947756541104,5.77,5.77,5.77,5.77,5.77,5.77,8.82,8.82,10.18,10.18,6.79,6.79,6.79,6.79,6.79,6.79,9.5,10.86,10.86,9.5,6.11,6.11,6.11,6.11
N_14_15,N_12_15,0.7692720288612656,1.26,1.26,1.26,1.26,1.26,1.26,2.09,2.09,2.46,2.46,1.54,1.54,1.54,1.54,1.54,1.54,2.28,2.65,2.65,2.28,1.35,1.35,1.35,1.35
N_14_15,N_15_17,5.390546075982609,5.5,5.5,5.5,5.5,5.5,5.5,8.41,8.41,9.7,9.7,6.47,6.47,6.47,6.47,6.47,6.47,9.06,10.35,10.35,9.06,5.82,5.82,5.82,5.82
N_14_16,N_16_15,9.966803520370421,5.53,5.53,5.53,5.53,5.53,5.53,6.88,6.88,7.48,7.48,5.98,5.98,5.98,5.98,5.98,5.98,7.18,7.77,7.77,7.18,5.68,5.68,5.68,5.68
N_14_16,N_12_16,8.780845830043782,4.87,4.87,4.87,4.87,4.87,4.87,6.06,6.06,6.59,6.59,5.27,5.27,5.27,5.27,5.27,5.27,6.32,6.85,6.85,6.32,5.01,5.01,5.01,5.01
N_14_16,N_14_15,3.6045424538599145,3.68,3.68,3.68,3.68,3.68,3.68,5.62,5.62,6.49,6.49,4.33,4.33,4.33,4.33,4.33,4.33,6.06,6.92,6.92,6.06,3.89,3.89,3.89,3.89
N_14_16,N_13_18,1.0225051758069947,1.68,1.68,1.68,1.68,1.68,1.68,2.78,2.78,3.27,3.27,2.05,2.05,2.05,2.05,2.05,2.05,3.03,3.52,3.52,3.03,1.8,1.8,1.8,1.8
N_14_17,N_13_19,5.563615719140293,5.67,5.67,5.67,5.67,5.67,5.67,8.68,8.68,10.01,10.01,6.68,6.68,6.68,6.68,6.68,6.68,9.35,10.68,10.68,9.35,6.01,6.01,6.01,6.01
N_14_17,N_13_18,0.6050463939845621,0.99,0.99,0.99,0.99,0.99,0.99,1.65,1.65,1.94,1.94,1.21,1.21,1.21,1.21,1.21,1.21,1.79,2.08,2.08,1.79,1.06,1.06,1.06,1.06
N_14_18,N_12_17,6.770694603537239,6.91,6.91,6.91,6.91,6.91,6.91,10.56,10.56,12.19,12.19,8.12,8.12,8.12,8.12,8.12,8.12,11.37,13.0,13.0,11.37,7.31,7.31,7.31,7.31
N_14_18,N_13_16,4.583233201180213,4.67,4.67,4.67,4.67,4.67,4.67,7.15,7.15,8.25,8.25,5.5,5.5,5.5,5.5,5.5,5.5,7.7,8.8,8.8,7.7,4.95,4.95,4.95,4.95
N_14_19,N_12_20,1.826668952880554,3.0,3.0,3.0,3.0,3.0,3.0,4.97,4.97,5.85,5.85,3.65,3.65,3.65,3.65,3.65,3.65,5.41,6.28,6.28,5.41,3.21,3.21,3.21,3.21
N_14_19,N_15_17,5.354897164419212,5.46,5.46,5.46,5.46,5.46,5.46,8.35,8.35,9.64,9.64,6.43,6.43,6.43,6.43,6.43,6.43,9.0,10.28,10.28,9.0,5.78,5.78,5.78,5.78
N_14_19,N_14_18,5.761113315618481,5.88,5.88,5.88,5.88,5.88,5.88,8.99,8.99,10.37,10.37,6.91,6.91,6.91,6.91,6.91,6.91,9.68,11.06,11.06,9.68,6.22,6.22,6.22,6.22
N_14_19,N_15_19,5.69120743895996,5.81,5.81,5.81,5.81,5.81,5.81,8.88,8.88,10.24,10.24,6.83,6.83,6.83,6.83,6.83,6.83,9.56,10.93,10.93,9.56,6.15,6.15,6.15,6.15
N_14_2,N_13_2,1.776165770318957,2.91,2.91,2.91,2.91,2.91,2.91,4.83,4.83,5.68,5.68,3.55,3.55,3.55,3.55,3.55,3.55,5.26,6.11,6.11,5.26,3.13,3.13,3.13,3.13
N_14_2,N_12_3,13.995085770136122,7.77,7.77,7.77,7.77,7.77,7.77,9.66,9.66,10.5,10.5,8.4,8.4,8.4,8.4,8.4,8.4,10.08,10.92,10.92,10.08,7.98,7.98,7.98,7.98
N_14_2,N_15_2,6.599588860508973,6.73,6.73,6.73,6.73,6.73,6.73,10.3,10.3,11.88,11.88,7.92,7.92,7.92,7.92,7.92,7.92,11.09,12.67,12.67,11.09,7.13,7.13,7.13,7.13
N_14_2,N_15_0,2.2920032607144876,3.76,3.76,3.76,3.76,3.76,3.76,6.23,6.23,7.33,7.33,4.58,4.58,4.58,4.58,4.58,4.58,6.78,7.88,7.88,6.78,4.03,4.03,4.03,4.03
N_14_2,N_15_4,11.268689041013605,6.25,6.25,6.25,6.25,6.25,6.25,7.78,7.78,8.45,8.45,6.76,6.76,6.76,6.76,6.76,6.76,8.11,8.79,8.79,8.11,6.42,6.42,6.42,6.42
N_14_20,N_12_19,4.470964484068981,4.56,4.56,4.56,4.56,4.56,4.56,6.97,6.97,8.05,8.05,5.37,5.37,5.37,5.37,5.37,5.37,7.51,8.58,8.58,7.51,4.83,4.83,4.83,4.83
N_14_20,N_13_18,6.714345192929182,6.85,6.85,6.85,6.85,6.85,6.85,10.47,10.47,12.09,12.09,8.06,8.06,8.06,8.06,8.06,8.06,11.28,12.89,12.89,11.28,7.25,7.25,7.25,7.25
N_14_20,N_12_20,11.444401061229506,6.35,6.35,6.35,6.35,6.35,6.35,7.9,7.9,8.58,8.58,6.87,6.87,6.87,6.87,6.87,6.87,8.24,8.93,8.93,8.24,6.52,6.52,6.52,6.52
N_14_20,N_12_21,3.873545992790648,3.95,3.95,3.95,3.95,3.95,3.95,6.04,6.04,6.97,6.97,4.65,4.65,4.65,4.65,4.65,4.65,6.51,7.44,7.44,6.51,4.18,4.18,4.18,4.18
N_14_21,N_13_19,12.90038639537108,7.16,7.16,7.16,7.16,7.16,7.16,8.9,8.9,9.68,9.68,7.74,7.74,7.74,7.74,7.74,7.74,9.29,10.06,10.06,9.29,7.35,7.35,7.35,7.35
N_14_21,N_12_21,5.061532011854817,5.16,5.16,5.16,5.16,5.16,5.16,7.9,7.9,9.11,9.11,6.07,6.07,6.07,6.07,6.07,6.07,8.5,9.72,9.72,8.5,5.47,5.47,5.47,5.47
N_14_22,N_13_20,1.6168469600259416,2.65,2.65,2.65,2.65,2.65,2.65,4.4,4.4,5.17,5.17,3.23,3.23,3.23,3.23,3.23,3.23,4.79,5.56,5.56,4.79,2.85,2.85,2.85,2.85
N_14_22,N_13_24,10.353177246286092,5.75,5.75,5.75,5.75,5.75,5.75,7.14,7.14,7.76,7.76,6.21,6.21,6.21,6.21,6.21,6.21,7.45,8.08,8.08,7.45,5.9,5.9,5.9,5.9
N_14_22,N_16_23,6.364726348508577,6.49,6.49,6.49,6.49,6.49,6.49,9.93,9.93,11.46,11.46,7.64,7.64,7.64,7.64,7.64,7.64,10.69,12.22,12.22,10.69,6.87,6.87,6.87,6.87
N_14_23,N_14_21,13.038173243214821,7.24,7.24,7.24,7.24,7.24,7.24,9.0,9.0,9.78,9.78,7.82,7.82,7.82,7.82,7.82,7.82,9.39,10.17,10.17,9.39,7.43,7.43,7.43,7.43
N_14_23,N_15_22,3.2519705233794203,3.32,3.32,3.32,3.32,3.32,3.32,5.07,5.07,5.85,5.85,3.9,3.9,3.9,3.9,3.9,3.9,5.46,6.24,6.24,5.46,3.51,3.51,3.51,3.51
N_14_23,N_13_24,5.135760187058265,5.24,5.24,5.24,5.24,5.24,5.24,8.01,8.01,9.24,9.24,6.16,6.16,6.16,6.16,6.16,6.16,8.63,9.86,9.86,8.63,5.55,5.55,5.55,5.55
N_14_23,N_14_22,6.983334512007781,7.12,7.12,7.12,7.12,7.12,7.12,10.89,10.89,12.57,12.57,8.38,8.38,8.38,8.38,8.38,8.38,11.73,13.41,13.41,11.73,7.54,7.54,7.54,7.54
N_14_23,N_12_22,13.514449723415701,7.5,7.5,7.5,7.5,7.5,7.5,9.32,9.32,10.14,10.14,8.11,8.11,8.11,8.11,8.11,8.11,9.73,10.54,10.54,9.73,7.7,7.7,7.7,7.7
N_14_23,N_14_25,13.649725940651816,7.58,7.58,7.58,7.58,7.58,7.58,9.42,9.42,10.24,10.24,8.19,8.19,8.19,8.19,8.19,8.19,9.83,10.65,10.65,9.83,7.78,7.78,7.78,7.78
N_14_24,N_13_24,11.670683460595278,6.48,6.48,6.48,6.48,6.48,6.48,8.05,8.05,8.75,8.75,7.0,7.0,7.0,7.0,7.0,7.0,8.4,9.1,9.1,8.4,6.65,6.65,6.65,6.65
N_14_24,N_13_22,2.141478446032064,3.51,3.51,3.51,3.51,3.51,3.51,5.82,5.82,6.85,6.85,4.28,4.28,4.28,4.28,4.28,4.28,6.34,7.37,7.37,6.34,3.77,3.77,3.77,3.77
N_14_24,N_15_26,6.341408627958372,6.47,6.47,6.47,6.47,6.47,6.47,9.89,9.89,11.41,11.41,7.61,7.61,7.61,7.61,7.61,7.61,10.65,12.18,12.18,10.65,6.85,6.85,6.85,6.85
N_14_24,N_13_23,0.7283593639305754,1.19,1.19,1.19,1.19,1.19,1.19,1.98,1.98,2.33,2.33,1.46,1.46,1.46,1.46,1.46,1.46,2.16,2.51,2.51,2.16,1.28,1.28,1.28,1.28
N_14_25,N_12_25,8.471539301833609,4.7,4.7,4.7,4.7,4.7,4.7,5.85,5.85,6.35,6.35,5.08,5.08,5.08,5.08,5.08,5.08,6.1,6.61,6.61,6.1,4.83,4.83,4.83,4.83
N_14_25,N_12_26,3.6095798482165335,3.68,3.68,3.68,3.68,3.68,3.68,5.63,5.63,6.5,6.5,4.33,4.33,4.33,4.33,4.33,4.33,6.06,6.93,6.93,6.06,3.9,3.9,3.9,3.9
N_14_25,N_13_23,4.930132692244722,5.03,5.03,5.03,5.03,5.03,5.03,7.69,7.69,8.87,8.87,5.92,5.92,5.92,5.92,5.92,5.92,8.28,9.47,9.47,8.28,5.32,5.32,5.32,5.32
N_14_26,N_12_27,8.527799697553636,4.73,4.73,4.73,4.73,4.73,4.73,5.88,5.88,6.4,6.4,5.12,5.12,5.12,5.12,5.12,5.12,6.14,6.65,6.65,6.14,4.86,4.86,4.86,4.86
N_14_26,N_15_26,0.6614452154390451,1.08,1.08,1.08,1.08,1.08,1.08,1.8,1.8,2.12,2.12,1.32,1.32,1.32,1.32,1.32,1.32,1.96,2.28,2.28,1.96,1.16,1.16,1.16,1.16
N_14_27,N_13_25,5.304072948980172,5.41,5.41,5.41,5.41,5.41,5.41,8.27,8.27,9.55,9.55,6.36,6.36,6.36,6.36,6.36,6.36,8.91,10.18,10.18,8.91,5.73,5.73,5.73,5.73
N_14_27,N_14_28,5.448199270674529,5.56,5.56,5.56,5.56,5.56,5.56,8.5,8.5,9.81,9.81,6.54,6.54,6.54,6.54,6.54,6.54,9.15,10.46,10.46,9.15,5.88,5.88,5.88,5.88
N_14_27,N_16_26,1.1023995332100027,1.81,1.81,1.81,1.81,1.81,1.81,3.0,3.0,3.53,3.53,2.2,2.2,2.2,2.2,2.2,2.2,3.26,3.79,3.79,3.26,1.94,1.94,1.94,1.94
N_14_27,N_14_25,3.7676114474984352,3.84,3.84,3.84,3.84,3.84,3.84,5.88,5.88,6.78,6.78,4.52,4.52,4.52,4.52,4.52,4.52,6.33,7.23,7.23,6.33,4.07,4.07,4.07,4.07
N_14_28,N_13_26,5.919694334039155,6.04,6.04,6.04,6.04,6.04,6.04,9.23,9.23,10.66,10.66,7.1,7.1,7.1,7.1,7.1,7.1,9.95,11.37,11.37,9.95,6.39,6.39,6.39,6.39
N_14_28,N_14_27,5.448199270674529,5.56,5.56,5.56,5.56,5.56,5.56,8.5,8.5,9.81,9.81,6.54,6.54,6.54,6.54,6.54,6.54,9.15,10.46,10.46,9.15,5.88,5.88,5.88,5.88
N_14_28,N_15_28,3.1724624053844095,3.24,3.24,3.24,3.24,3.24,3.24,4.95,4.95,5.71,5.71,3.81,3.81,3.81,3.81,3.81,3.81,5.33,6.09,6.09,5.33,3.43,3.43,3.43,3.43
N_14_28,N_16_28,11.042701495883408,6.13,6.13,6.13,6.13,6.13,6.13,7.62,7.62,8.28,8.28,6.63,6.63,6.63,6.63,6.63,6.63,7.95,8.61,8.61,7.95,6.29,6.29,6.29,6.29
N_14_29,N_12_30,3.5558732283085197,3.63,3.63,3.63,3.63,3.63,3.63,5.55,5.55,6.4,6.4,4.27,4.27,4.27,4.27,4.27,4.27,5.97,6.83,6.83,5.97,3.84,3.84,3.84,3.84
N_14_29,N_13_31,1.4271579061432704,2.34,2.34,2.34,2.34,2.34,2.34,3.88,3.88,4.57,4.57,2.85,2.85,2.85,2.85,2.85,2.85,4.22,4.91,4.91,4.22,2.51,2.51,2.51,2.51
N_14_29,N_13_27,6.593491027524619,6.73,6.73,6.73,6.73,6.73,6.73,10.29,10.29,11.87,11.87,7.91,7.91,7.91,7.91,7.91,7.91,11.08,12.66,12.66,11.08,7.12,7.12,7.12,7.12
N_14_29,N_14_28,9.594474447417623,5.32,5.32,5.32,5.32,5.32,5.32,6.62,6.62,7.2,7.2,5.76,5.76,5.76,5.76,5.76,5.76,6.91,7.48,7.48,6.91,5.47,5.47,5.47,5.47
N_14_3,N_12_2,4.020064592529688,4.1,4.1,4.1,4.1,4.1,4.1,6.27,6.27,7.24,7.24,4.82,4.82,4.82,4.82,4.82,4.82,6.75,7.72,7.72,6.75,4.34,4.34,4.34,4.34
N_14_3,N_12_4,3.9197205543566165,4.0,4.0,4.0,4.0,4.0,4.0,6.11,6.11,7.06,7.06,4.7,4.7,4.7,4.7,4.7,4.7,6.59,7.53,7.53,6.59,4.23,4.23,4.23,4.23
N_14_30,N_16_30,6.158187860088509,6.28,6.28,6.28,6.28,6.28,6.28,9.61,9.61,11.08,11.08,7.39,7.39,7.39,7.39,7.39,7.39,10.35,11.82,11.82,10.35,6.65,6.65,6.65,6.65
N_14_30,N_12_30,3.6797419362700414,3.75,3.75,3.75,3.75,3.75,3.75,5.74,5.74,6.62,6.62,4.42,4.42,4.42,4.42,4.42,4.42,6.18,7.07,7.07,6.18,3.97,3.97,3.97,3.97
N_14_30,N_15_29,0.6729486646010896,1.1,1.1,1.1,1.1,1.1,1.1,1.83,1.83,2.15,2.15,1.35,1.35,1.35,1.35,1.35,1.35,1.99,2.31,2.31,1.99,1.18,1.18,1.18,1.18
N_14_30,N_14_32,6.982657349599677,7.12,7.12,7.12,7.12,7.12,7.12,10.89,10.89,12.57,12.57,8.38,8.38,8.38,8.38,8.38,8.38,11.73,13.41,13.41,11.73,7.54,7.54,7.54,7.54
N_14_31,N_13_29,4.577280625083128,4.67,4.67,4.67,4.67,4.67,4.67,7.14,7.14,8.24,8.24,5.49,5.49,5.49,5.49,5.49,5.49,7.69,8.79,8.79,7.69,4.94,4.94,4.94,4.94
N_14_31,N_12_31,3.391996814383309,3.46,3.46,3.46,3.46,3.46,3.46,5.29,5.29,6.11,6.11,4.07,4.07,4.07,4.07,4.07,4.07,5.7,6.51,6.51,5.7,3.66,3.66,3.66,3.66
N_14_31,N_13_31,13.271550842277414,7.37,7.37,7.37,7.37,7.37,7.37,9.16,9.16,9.95,9.95,7.96,7.96,7.96,7.96,7.96,7.96,9.56,10.35,10.35,9.56,7.56,7.56,7.56,7.56
N_14_32,N_12_31,6.5140359318121455,6.64,6.64,6.64,6.64,6.64,6.64,10.16,10.16,11.73,11.73,7.82,7.82,7.82,7.82,7.82,7.82,10.94,12.51,12.51,10.94,7.04,7.04,7.04,7.04
N_14_32,N_12_33,6.009532604143512,6.13,6.13,6.13,6.13,6.13,6.13,9.37,9.37,10.82,10.82,7.21,7.21,7.21,7.21,7.21,7.21,10.1,11.54,11.54,10.1,6.49,6.49,6.49,6.49
N_14_32,N_14_30,6.982657349599677,7.12,7.12,7.12,7.12,7.12,7.12,10.89,10.89,12.57,12.57,8.38,8.38,8.38,8.38,8.38,8.38,11.73,13.41,13.41,11.73,7.54,7.54,7.54,7.54
N_14_33,N_13_31,14.433229739828606,8.01,8.01,8.01,8.01,8.01,8.01,9.96,9.96,10.82,10.82,8.66,8.66,8.66,8.66,8.66,8.66,10.39,11.26,11.26,10.39,8.23,8.23,8.23,8.23
N_14_33,N_13_32,4.34277870463612,4.43,4.43,4.43,4.43,4.43,4.43,6.77,6.77,7.82,7.82,5.21,5.21,5.21,5.21,5.21,5.21,7.3,8.34,8.34,7.3,4.69,4.69,4.69,4.69
N_14_33,N_12_32,6.640016456683068,6.77,6.77,6.77,6.77,6.77,6.77,10.36,10.36,11.95,11.95,7.97,7.97,7.97,7.97,7.97,7.97,11.16,12.75,12.75,11.16,7.17,7.17,7.17,7.17
N_14_33,N_13_34,10.680684965544462,5.93,5.93,5.93,5.93,5.93,5.93,7.37,7.37,8.01,8.01,6.41,6.41,6.41,6.41,6.41,6.41,7.69,8.33,8.33,7.69,6.09,6.09,6.09,6.09
N_14_34,N_14_33,6.591732152323658,6.72,6.72,6.72,6.72,6.72,6.72,10.28,10.28,11.87,11.87,7.91,7.91,7.91,7.91,7.91,7.91,11.07,12.66,12.66,11.07,7.12,7.12,7.12,7.12
N_14_34,N_16_34,3.21783998797444,3.28,3.28,3.28,3.28,3.28,3.28,5.02,5.02,5.79,5.79,3.86,3.86,3.86,3.86,3.86,3.86,5.41,6.18,6.18,5.41,3.48,3.48,3.48,3.48
N_14_34,N_16_33,5.005800382098037,5.11,5.11,5.11,5.11,5.11,5.11,7.81,7.81,9.01,9.01,6.01,6.01,6.01,6.01,6.01,6.01,8.41,9.61,9.61,8.41,5.41,5.41,5.41,5.41
N_14_34,N_13_35,5.127617915818342,5.23,5.23,5.23,5.23,5.23,5.23,8.0,8.0,9.23,9.23,6.15,6.15,6.15,6.15,6.15,6.15,8.61,9.85,9.85,8.61,5.54,5.54,5.54,5.54
N_14_35,N_14_33,6.4999725581483885,6.63,6.63,6.63,6.63,6.63,6.63,10.14,10.14,11.7,11.7,7.8,7.8,7.8,7.8,7.8,7.8,10.92,12.48,12.48,10.92,7.02,7.02,7.02,7.02
N_14_35,N_13_33,4.172677767769594,4.26,4.26,4.26,4.26,4.26,4.26,6.51,6.51,7.51,7.51,5.01,5.01,5.01,5.01,5.01,5.01,7.01,8.01,8.01,7.01,4.51,4.51,4.51,4.51
N_14_35,N_16_35,3.528109475192574,3.6,3.6,3.6,3.6,3.6,3.6,5.5,5.5,6.35,6.35,4.23,4.23,4.23,4.23,4.23,4.23,5.93,6.77,6.77,5.93,3.81,3.81,3.81,3.81
N_14_36,N_13_35,12.704633466829835,7.05,7.05,7.05,7.05,7.05,7.05,8.77,8.77,9.53,9.53,7.62,7.62,7.62,7.62,7.62,7.62,9.15,9.91,9.91,9.15,7.24,7.24,7.24,7.24
N_14_36,N_13_34,5.269006643651553,5.37,5.37,5.37,5.37,5.37,5.37,8.22,8.22,9.48,9.48,6.32,6.32,6.32,6.32,6.32,6.32,8.85,10.12,10.12,8.85,5.69,5.69,5.69,5.69
N_14_36,N_13_36,6.1570708233120275,6.28,6.28,6.28,6.28,6.28,6.28,9.61,9.61,11.08,11.08,7.39,7.39,7.39,7.39,7.39,7.39,10.34,11.82,11.82,10.34,6.65,6.65,6.65,6.65
N_14_36,N_14_34,4.15258517175167,4.24,4.24,4.24,4.24,4.24,4.24,6.48,6.48,7.47,7.47,4.98,4.98,4.98,4.98,4.98,4.98,6.98,7.97,7.97,6.98,4.48,4.48,4.48,4.48
N_14_36,N_15_35,9.99067423635338,5.54,5.54,5.54,5.54,5.54,5.54,6.89,6.89,7.49,7.49,5.99,5.99,5.99,5.99,5.99,5.99,7.19,7.79,7.79,7.19,5.69,5.69,5.69,5.69
N_14_36,N_14_37,3.643159529918795,3.72,3.72,3.72,3.72,3.72,3.72,5.68,5.68,6.56,6.56,4.37,4.37,4.37,4.37,4.37,4.37,6.12,6.99,6.99,6.12,3.93,3.93,3.93,3.93
N_14_36,N_16_35,9.227515413428259,5.12,5.12,5.12,5.12,5.12,5.12,6.37,6.37,6.92,6.92,5.54,5.54,5.54,5.54,5.54,5.54,6.64,7.2,7.2,6.64,5.26,5.26,5.26,5.26
N_14_37,N_13_38,12.800850520528705,7.1,7.1,7.1,7.1,7.1,7.1,8.83,8.83,9.6,9.6,7.68,7.68,7.68,7.68,7.68,7.68,9.22,9.98,9.98,9.22,7.3,7.3,7.3,7.3
N_14_37,N_13_39,0.6120445703730841,1.0,1.0,1.0,1.0,1.0,1.0,1.66,1.66,1.96,1.96,1.22,1.22,1.22,1.22,1.22,1.22,1.81,2.11,2.11,1.81,1.08,1.08,1.08,1.08
N_14_37,N_14_36,3.643159529918795,3.72,3.72,3.72,3.72,3.72,3.72,5.68,5.68,6.56,6.56,4.37,4.37,4.37,4.37,4.37,4.37,6.12,6.99,6.99,6.12,3.93,3.93,3.93,3.93
N_14_37,N_13_36,5.159466385110189,5.26,5.26,5.26,5.26,5.26,5.26,8.05,8.05,9.29,9.29,6.19,6.19,6.19,6.19,6.19,6.19,8.67,9.91,9.91,8.67,5.57,5.57,5.57,5.57
N_14_37,N_15_38,4.997667663351242,5.1,5.1,5.1,5.1,5.1,5.1,7.8,7.8,9.0,9.0,6.0,6.0,6.0,6.0,6.0,6.0,8.4,9.6,9.6,8.4,5.4,5.4,5.4,5.4
N_14_38,N_12_39,4.044430022687756,4.13,4.13,4.13,4.13,4.13,4.13,6.31,6.31,7.28,7.28,4.85,4.85,4.85,4.85,4.85,4.85,6.79,7.77,7.77,6.79,4.37,4.37,4.37,4.37
N_14_38,N_13_38,5.026758508384036,5.13,5.13,5.13,5.13,5.13,5.13,7.84,7.84,9.05,9.05,6.03,6.03,6.03,6.03,6.03,6.03,8.44,9.65,9.65,8.44,5.43,5.43,5.43,5.43
N_14_38,N_15_36,6.600697876217392,6.73,6.73,6.73,6.73,6.73,6.73,10.3,10.3,11.88,11.88,7.92,7.92,7.92,7.92,7.92,7.92,11.09,12.67,12.67,11.09,7.13,7.13,7.13,7.13
N_14_39,N_12_38,3.8012415324968902,3.88,3.88,3.88,3.88,3.88,3.88,5.93,5.93,6.84,6.84,4.56,4.56,4.56,4.56,4.56,4.56,6.39,7.3,7.3,6.39,4.11,4.11,4.11,4.11
N_14_39,N_14_38,3.8885754281664893,3.97,3.97,3.97,3.97,3.97,3.97,6.07,6.07,7.0,7.0,4.67,4.67,4.67,4.67,4.67,4.67,6.53,7.47,7.47,6.53,4.2,4.2,4.2,4.2
N_14_4,N_13_6,13.309456744678322,7.39,7.39,7.39,7.39,7.39,7.39,9.18,9.18,9.98,9.98,7.99,7.99,7.99,7.99,7.99,7.99,9.58,10.38,10.38,9.58,7.59,7.59,7.59,7.59
N_14_4,N_12_4,5.863855089360596,5.98,5.98,5.98,5.98,5.98,5.98,9.15,9.15,10.55,10.55,7.04,7.04,7.04,7.04,7.04,7.04,9.85,11.26,11.26,9.85,6.33,6.33,6.33,6.33
N_14_4,N_15_3,3.0487631644204365,3.11,3.11,3.11,3.11,3.11,3.11,4.76,4.76,5.49,5.49,3.66,3.66,3.66,3.66,3.66,3.66,5.12,5.85,5.85,5.12,3.29,3.29,3.29,3.29
N_14_4,N_13_4,4.782304164001397,4.88,4.88,4.88,4.88,4.88,4.88,7.46,7.46,8.61,8.61,5.74,5.74,5.74,5.74,5.74,5.74,8.03,9.18,9.18,8.03,5.16,5.16,5.16,5.16
N_14_4,N_14_5,14.21463413618164,7.89,7.89,7.89,7.89,7.89,7.89,9.81,9.81,10.66,10.66,8.53,8.53,8.53,8.53,8.53,8.53,10.23,11.09,11.09,10.23,8.1,8.1,8.1,8.1
N_14_4,N_13_2,4.7700174536893964,4.87,4.87,4.87,4.87,4.87,4.87,7.44,7.44,8.59,8.59,5.72,5.72,5.72,5.72,5.72,5.72,8.01,9.16,9.16,8.01,5.15,5.15,5.15,5.15
N_14_4,N_14_6,6.590894443506961,6.72,6.72,6.72,6.72,6.72,6.72,10.28,10.28,11.86,11.86,7.91,7.91,7.91,7.91,7.91,7.91,11.07,12.65,12.65,11.07,7.12,7.12,7.12,7.12
N_14_5,N_14_4,14.21463413618164,7.89,7.89,7.89,7.89,7.89,7.89,9.81,9.81,10.66,10.66,8.53,8.53,8.53,8.53,8.53,8.53,10.23,11.09,11.09,10.23,8.1,8.1,8.1,8.1
N_14_5,N_12_6,6.020974991168741,6.14,6.14,6.14,6.14,6.14,6.14,9.39,9.39,10.84,10.84,7.23,7.23,7.23,7.23,7.23,7.23,10.12,11.56,11.56,10.12,6.5,6.5,6.5,6.5
N_14_6,N_13_7,10.452226965468821,5.8,5.8,5.8,5.8,5.8,5.8,7.21,7.21,7.84,7.84,6.27,6.27,6.27,6.27,6.27,6.27,7.53,8.15,8.15,7.53,5.96,5.96,5.96,5.96
N_14_6,N_14_4,6.590894443506961,6.72,6.72,6.72,6.72,6.72,6.72,10.28,10.28,11.86,11.86,7.91,7.91,7.91,7.91,7.91,7.91,11.07,12.65,12.65,11.07,7.12,7.12,7.12,7.12
N_14_7,N_13_9,1.75599209496249,2.88,2.88,2.88,2.88,2.88,2.88,4.78,4.78,5.62,5.62,3.51,3.51,3.51,3.51,3.51,3.51,5.2,6.04,6.04,5.2,3.09,3.09,3.09,3.09
N_14_7,N_15_7,3.478334736025399,3.55,3.55,3.55,3.55,3.55,3.55,5.43,5.43,6.26,6.26,4.17,4.17,4.17,4.17,4.17,4.17,5.84,6.68,6.68,5.84,3.76,3.76,3.76,3.76
N_14_7,N_14_5,6.381120272264992,6.51,6.51,6.51,6.51,6.51,6.51,9.95,9.95,11.49,11.49,7.66,7.66,7.66,7.66,7.66,7.66,10.72,12.25,12.25,10.72,6.89,6.89,6.89,6.89
N_14_7,N_12_8,10.237767780030577,5.68,5.68,5.68,5.68,5.68,5.68,7.06,7.06,7.68,7.68,6.14,6.14,6.14,6.14,6.14,6.14,7.37,7.99,7.99,7.37,5.84,5.84,5.84,5.84
N_14_7,N_13_8,9.143161962704497,5.07,5.07,5.07,5.07,5.07,5.07,6.31,6.31,6.86,6.86,5.49,5.49,5.49,5.49,5.49,5.49,6.58,7.13,7.13,6.58,5.21,5.21,5.21,5.21
N_14_7,N_15_8,6.648418484781872,6.78,6.78,6.78,6.78,6.78,6.78,10.37,10.37,11.97,11.97,7.98,7.98,7.98,7.98,7.98,7.98,11.17,12.76,12.76,11.17,7.18,7.18,7.18,7.18
N_14_8,N_14_10,12.060326490263682,6.69,6.69,6.69,6.69,6.69,6.69,8.32,8.32,9.05,9.05,7.24,7.24,7.24,7.24,7.24,7.24,8.68,9.41,9.41,8.68,6.87,6.87,6.87,6.87
N_14_8,N_16_9,11.627195223941836,6.45,6.45,6.45,6.45,6.45,6.45,8.02,8.02,8.72,8.72,6.98,6.98,6.98,6.98,6.98,6.98,8.37,9.07,9.07,8.37,6.63,6.63,6.63,6.63
N_14_9,N_13_7,4.246293863387427,4.33,4.33,4.33,4.33,4.33,4.33,6.62,6.62,7.64,7.64,5.1,5.1,5.1,5.1,5.1,5.1,7.13,8.15,8.15,7.13,4.59,4.59,4.59,4.59
N_14_9,N_12_8,2.2794527707633634,3.74,3.74,3.74,3.74,3.74,3.74,6.2,6.2,7.29,7.29,4.56,4.56,4.56,4.56,4.56,4.56,6.75,7.84,7.84,6.75,4.01,4.01,4.01,4.01
N_14_9,N_14_7,4.368180518514131,4.46,4.46,4.46,4.46,4.46,4.46,6.81,6.81,7.86,7.86,5.24,5.24,5.24,5.24,5.24,5.24,7.34,8.39,8.39,7.34,4.72,4.72,4.72,4.72
N_14_9,N_13_8,13.70201875887944,7.6,7.6,7.6,7.6,7.6,7.6,9.45,9.45,10.28,10.28,8.22,8.22,8.22,8.22,8.22,8.22,9.87,10.69,10.69,9.87,7.81,7.81,7.81,7.81
N_14_9,N_15_9,0.784718672753083,1.29,1.29,1.29,1.29,1.29,1.29,2.13,2.13,2.51,2.51,1.57,1.57,1.57,1.57,1.57,1.57,2.32,2.7,2.7,2.32,1.38,1.38,1.38,1.38
N_14_9,N_16_8,8.91152776679223,4.95,4.95,4.95,4.95,4.95,4.95,6.15,6.15,6.68,6.68,5.35,5.35,5.35,5.35,5.35,5.35,6.42,6.95,6.95,6.42,5.08,5.08,5.08,5.08
N_15_0,N_14_2,2.2920032607144876,3.76,3.76,3.76,3.76,3.76,3.76,6.23,6.23,7.33,7.33,4.58,4.58,4.58,4.58,4.58,4.58,6.78,7.88,7.88,6.78,4.03,4.03,4.03,4.03
N_15_0,N_17_1,5.053916770016437,5.15,5.15,5.15,5.15,5.15,5.15,7.88,7.88,9.1,9.1,6.06,6.06,6.06,6.06,6.06,6.06,8.49,9.7,9.7,8.49,5.46,5.46,5.46,5.46
N_15_0,N_15_1,9.771087298564392,5.42,5.42,5.42,5.42,5.42,5.42,6.74,6.74,7.33,7.33,5.86,5.86,5.86,5.86,5.86,5.86,7.04,7.62,7.62,7.04,5.57,5.57,5.57,5.57
N_15_0,N_16_2,6.018201085820901,6.14,6.14,6.14,6.14,6.14,6.14,9.39,9.39,10.83,10.83,7.22,7.22,7.22,7.22,7.22,7.22,10.11,11.55,11.55,10.11,6.5,6.5,6.5,6.5
N_15_1,N_13_1,8.161707646215554,4.53,4.53,4.53,4.53,4.53,4.53,5.63,5.63,6.12,6.12,4.9,4.9,4.9,4.9,4.9,4.9,5.88,6.37,6.37,5.88,4.65,4.65,4.65,4.65
N_15_1,N_15_0,9.771087298564392,5.42,5.42,5.42,5.42,5.42,5.42,6.74,6.74,7.33,7.33,5.86,5.86,5.86,5.86,5.86,5.86,7.04,7.62,7.62,7.04,5.57,5.57,5.57,5.57
N_15_10,N_16_10,6.8309909435309315,6.97,6.97,6.97,6.97,6.97,6.97,10.66,10.66,12.3,12.3,8.2,8.2,8.2,8.2,8.2,8.2,11.48,13.12,13.12,11.48,7.38,7.38,7.38,7.38
N_15_10,N_17_11,4.518460226776953,4.61,4.61,4.61,4.61,4.61,4.61,7.05,7.05,8.13,8.13,5.42,5.42,5.42,5.42,5.42,5.42,7.59,8.68,8.68,7.59,4.88,4.88,4.88,4.88
N_15_10,N_14_10,8.789918350650861,4.88,4.88,4.88,4.88,4.88,4.88,6.07,6.07,6.59,6.59,5.27,5.27,5.27,5.27,5.27,5.27,6.33,6.86,6.86,6.33,5.01,5.01,5.01,5.01
N_15_10,N_16_12,8.772213128492929,4.87,4.87,4.87,4.87,4.87,4.87,6.05,6.05,6.58,6.58,5.26,5.26,5.26,5.26,5.26,5.26,6.32,6.84,6.84,6.32,5.0,5.0,5.0,5.0
N_15_11,N_13_11,10.15507729769113,5.64,5.64,5.64,5.64,5.64,5.64,7.01,7.01,7.62,7.62,6.09,6.09,6.09,6.09,6.09,6.09,7.31,7.92,7.92,7.31,5.79,5.79,5.79,5.79
N_15_11,N_13_12,0.8648143580052856,1.42,1.42,1.42,1.42,1.42,1.42,2.35,2.35,2.77,2.77,1.73,1.73,1.73,1.73,1.73,1.73,2.56,2.97,2.97,2.56,1.52,1.52,1.52,1.52
N_15_12,N_15_13,6.569710522230069,6.7,6.7,6.7,6.7,6.7,6.7,10.25,10.25,11.83,11.83,7.88,7.88,7.88,7.88,7.88,7.88,11.04,12.61,12.61,11.04,7.1,7.1,7.1,7.1
N_15_12,N_14_14,3.7963455420324697,3.87,3.87,3.87,3.87,3.87,3.87,5.92,5.92,6.83,6.83,4.56,4.56,4.56,4.56,4.56,4.56,6.38,7.29,7.29,6.38,4.1,4.1,4.1,4.1
N_15_13,N_13_12,1.8692805807570385,3.07,3.07,3.07,3.07,3.07,3.07,5.08,5.08,5.98,5.98,3.74,3.74,3.74,3.74,3.74,3.74,5.53,6.43,6.43,5.53,3.29,3.29,3.29,3.29
N_15_13,N_15_12,6.569710522230069,6.7,6.7,6.7,6.7,6.7,6.7,10.25,10.25,11.83,11.83,7.88,7.88,7.88,7.88,7.88,7.88,11.04,12.61,12.61,11.04,7.1,7.1,7.1,7.1
N_15_13,N_16_13,11.425389673418675,6.34,6.34,6.34,6.34,6.34,6.34,7.88,7.88,8.57,8.57,6.86,6.86,6.86,6.86,6.86,6.86,8.23,8.91,8.91,8.23,6.51,6.51,6.51,6.51
N_15_13,N_16_14,0.5594470366776494,0.92,0.92,0.92,0.92,0.92,0.92,1.52,1.52,1.79,1.79,1.12,1.12,1.12,1.12,1.12,1.12,1.66,1.92,1.92,1.66,0.98,0.98,0.98,0.98
N_15_13,N_13_14,1.4962698173240936,2.45,2.45,2.45,2.45,2.45,2.45,4.07,4.07,4.79,4.79,2.99,2.99,2.99,2.99,2.99,2.99,4.43,5.15,5.15,4.43,2.63,2.63,2.63,2.63
N_15_13,N_14_15,12.232087468761433,6.79,6.79,6.79,6.79,6.79,6.79,8.44,8.44,9.17,9.17,7.34,7.34,7.34,7.34,7.34,7.34,8.81,9.54,9.54,8.81,6.97,6.97,6.97,6.97
N_15_13,N_14_12,5.492930474768091,5.6,5.6,5.6,5.6,5.6,5.6,8.57,8.57,9.89,9.89,6.59,6.59,6.59,6.59,6.59,6.59,9.23,10.55,10.55,9.23,5.93,5.93,5.93,5.93
N_15_14,N_16_12,4.5053462518023295,4.6,4.6,4.6,4.6,4.6,4.6,7.03,7.03,8.11,8.11,5.41,5.41,5.41,5.41,5.41,5.41,7.57,8.65,8.65,7.57,4.87,4.87,4.87,4.87
N_15_14,N_14_16,11.896665853380242,6.6,6.6,6.6,6.6,6.6,6.6,8.21,8.21,8.92,8.92,7.14,7.14,7.14,7.14,7.14,7.14,8.57,9.28,9.28,8.57,6.78,6.78,6.78,6.78
N_15_14,N_14_12,5.824236815099246,5.94,5.94,5.94,5.94,5.94,5.94,9.09,9.09,10.48,10.48,6.99,6.99,6.99,6.99,6.99,6.99,9.78,11.18,11.18,9.78,6.29,6.29,6.29,6.29
N_15_14,N_16_13,13.010062327411497,7.22,7.22,7.22,7.22,7.22,7.22,8.98,8.98,9.76,9.76,7.81,7.81,7.81,7.81,7.81,7.81,9.37,10.15,10.15,9.37,7.42,7.42,7.42,7.42
N_15_15,N_16_15,12.133243905870835,6.73,6.73,6.73,6.73,6.73,6.73,8.37,8.37,9.1,9.1,7.28,7.28,7.28,7.28,7.28,7.28,8.74,9.46,9.46,8.74,6.92,6.92,6.92,6.92
N_15_15,N_17_14,6.238213710250173,6.36,6.36,6.36,6.36,6.36,6.36,9.73,9.73,11.23,11.23,7.49,7.49,7.49,7.49,7.49,7.49,10.48,11.98,11.98,10.48,6.74,6.74,6.74,6.74
N_15_15,N_14_17,5.5006120008604675,5.61,5.61,5.61,5.61,5.61,5.61,8.58,8.58,9.9,9.9,6.6,6.6,6.6,6.6,6.6,6.6,9.24,10.56,10.56,9.24,5.94,5.94,5.94,5.94
N_15_15,N_16_17,6.967782090823832,7.11,7.11,7.11,7.11,7.11,7.11,10.87,10.87,12.54,12.54,8.36,8.36,8.36,8.36,8.36,8.36,11.71,13.38,13.38,11.71,7.53,7.53,7.53,7.53
N_15_16,N_15_15,6.605639380847592,6.74,6.74,6.74,6.74,6.74,6.74,10.3,10.3,11.89,11.89,7.93,7.93,7.93,7.93,7.93,7.93,11.1,12.68,12.68,11.1,7.13,7.13,7.13,7.13
N_15_16,N_16_17,5.351956934399499,5.46,5.46,5.46,5.46,5.46,5.46,8.35,8.35,9.63,9.63,6.42,6.42,6.42,6.42,6.42,6.42,8.99,10.28,10.28,8.99,5.78,5.78,5.78,5.78
N_15_17,N_14_15,5.390546075982609,5.5,5.5,5.5,5.5,5.5,5.5,8.41,8.41,9.7,9.7,6.47,6.47,6.47,6.47,6.47,6.47,9.06,10.35,10.35,9.06,5.82,5.82,5.82,5.82
N_15_17,N_14_19,5.354897164419212,5.46,5.46,5.46,5.46,5.46,5.46,8.35,8.35,9.64,9.64,6.43,6.43,6.43,6.43,6.43,6.43,9.0,10.28,10.28,9.0,5.78,5.78,5.78,5.78
N_15_18,N_17_18,4.093459727384739,4.18,4.18,4.18,4.18,4.18,4.18,6.39,6.39,7.37,7.37,4.91,4.91,4.91,4.91,4.91,4.91,6.88,7.86,7.86,6.88,4.42,4.42,4.42,4.42
N_15_18,N_13_19,4.708423561148022,4.8,4.8,4.8,4.8,4.8,4.8,7.35,7.35,8.48,8.48,5.65,5.65,5.65,5.65,5.65,5.65,7.91,9.04,9.04,7.91,5.09,5.09,5.09,5.09
N_15_19,N_15_20,3.851811220073885,3.93,3.93,3.93,3.93,3.93,3.93,6.01,6.01,6.93,6.93,4.62,4.62,4.62,4.62,4.62,4.62,6.47,7.4,7.4,6.47,4.16,4.16,4.16,4.16
N_15_19,N_15_17,4.869181253550527,4.97,4.97,4.97,4.97,4.97,4.97,7.6,7.6,8.76,8.76,5.84,5.84,5.84,5.84,5.84,5.84,8.18,9.35,9.35,8.18,5.26,5.26,5.26,5.26
N_15_2,N_14_2,6.599588860508973,6.73,6.73,6.73,6.73,6.73,6.73,10.3,10.3,11.88,11.88,7.92,7.92,7.92,7.92,7.92,7.92,11.09,12.67,12.67,11.09,7.13,7.13,7.13,7.13
N_15_2,N_16_4,4.025786539520469,4.11,4.11,4.11,4.11,4.11,4.11,6.28,6.28,7.25,7.25,4.83,4.83,4.83,4.83,4.83,4.83,6.76,7.73,7.73,6.76,4.35,4.35,4.35,4.35
N_15_2,N_13_3,3.454234306513138,3.52,3.52,3.52,3.52,3.52,3.52,5.39,5.39,6.22,6.22,4.15,4.15,4.15,4.15,4.15,4.15,5.8,6.63,6.63,5.8,3.73,3.73,3.73,3.73
N_15_20,N_13_20,12.598135596076705,6.99,6.99,6.99,6.99,6.99,6.99,8.69,8.69,9.45,9.45,7.56,7.56,7.56,7.56,7.56,7.56,9.07,9.83,9.83,9.07,7.18,7.18,7.18,7.18
N_15_20,N_16_21,1.4716839310859702,2.41,2.41,2.41,2.41,2.41,2.41,4.0,4.0,4.71,4.71,2.94,2.94,2.94,2.94,2.94,2.94,4.36,5.06,5.06,4.36,2.59,2.59,2.59,2.59
N_15_21,N_13_21,3.9628902245505064,4.04,4.04,4.04,4.04,4.04,4.04,6.18,6.18,7.13,7.13,4.76,4.76,4.76,4.76,4.76,4.76,6.66,7.61,7.61,6.66,4.28,4.28,4.28,4.28
N_15_21,N_15_22,3.3609951507472053,3.43,3.43,3.43,3.43,3.43,3.43,5.24,5.24,6.05,6.05,4.03,4.03,4.03,4.03,4.03,4.03,5.65,6.45,6.45,5.65,3.63,3.63,3.63,3.63
N_15_21,N_15_23,4.2536413171674585,4.34,4.34,4.34,4.34,4.34,4.34,6.64,6.64,7.66,7.66,5.1,5.1,5.1,5.1,5.1,5.1,7.15,8.17,8.17,7.15,4.59,4.59,4.59,4.59
N_15_21,N_15_19,6.223366431843466,6.35,6.35,6.35,6.35,6.35,6.35,9.71,9.71,11.2,11.2,7.47,7.47,7.47,7.47,7.47,7.47,10.46,11.95,11.95,10.46,6.72,6.72,6.72,6.72
N_15_22,N_14_23,3.2519705233794203,3.32,3.32,3.32,3.32,3.32,3.32,5.07,5.07,5.85,5.85,3.9,3.9,3.9,3.9,3.9,3.9,5.46,6.24,6.24,5.46,3.51,3.51,3.51,3.51
N_15_22,N_15_21,3.3609951507472053,3.43,3.43,3.43,3.43,3.43,3.43,5.24,5.24,6.05,6.05,4.03,4.03,4.03,4.03,4.03,4.03,5.65,6.45,6.45,5.65,3.63,3.63,3.63,3.63
N_15_23,N_14_25,6.833934447187685,6.97,6.97,6.97,6.97,6.97,6.97,10.66,10.66,12.3,12.3,8.2,8.2,8.2,8.2,8.2,8.2,11.48,13.12,13.12,11.48,7.38,7.38,7.38,7.38
N_15_23,N_16_24,0.7441075374917787,1.22,1.22,1.22,1.22,1.22,1.22,2.02,2.02,2.38,2.38,1.49,1.49,1.49,1.49,1.49,1.49,2.2,2.56,2.56,2.2,1.31,1.31,1.31,1.31
N_15_23,N_13_23,1.276942029712589,2.09,2.09,2.09,2.09,2.09,2.09,3.47,3.47,4.09,4.09,2.55,2.55,2.55,2.55,2.55,2.55,3.78,4.39,4.39,3.78,2.25,2.25,2.25,2.25
N_15_23,N_14_22,6.9119714176036915,7.05,7.05,7.05,7.05,7.05,7.05,10.78,10.78,12.44,12.44,8.29,8.29,8.29,8.29,8.29,8.29,11.61,13.27,13.27,11.61,7.46,7.46,7.46,7.46
N_15_23,N_17_23,13.758954080169465,7.64,7.64,7.64,7.64,7.64,7.64,9.49,9.49,10.32,10.32,8.26,8.26,8.26,8.26,8.26,8.26,9.91,10.73,10.73,9.91,7.84,7.84,7.84,7.84
N_15_23,N_17_22,14.231727094364096,7.9,7.9,7.9,7.9,7.9,7.9,9.82,9.82,10.67,10.67,8.54,8.54,8.54,8.54,8.54,8.54,10.25,11.1,11.1,10.25,8.11,8.11,8.11,8.11
N_15_24,N_15_26,6.253712193600169,6.38,6.38,6.38,6.38,6.38,6.38,9.76,9.76,11.26,11.26,7.5,7.5,7.5,7.5,7.5,7.5,10.51,12.01,12.01,10.51,6.75,6.75,6.75,6.75
N_15_24,N_13_25,3.109403573333485,3.17,3.17,3.17,3.17,3.17,3.17,4.85,4.85,5.6,5.6,3.73,3.73,3.73,3.73,3.73,3.73,5.22,5.97,5.97,5.22,3.36,3.36,3.36,3.36
N_15_24,N_15_23,5.520625366073995,5.63,5.63,5.63,5.63,5.63,5.63,8.61,8.61,9.94,9.94,6.62,6.62,6.62,6.62,6.62,6.62,9.27,10.6,10.6,9.27,5.96,5.96,5.96,5.96
N_15_24,N_13_24,10.80463294983303,6.0,6.0,6.0,6.0,6.0,6.0,7.46,7.46,8.1,8.1,6.48,6.48,6.48,6.48,6.48,6.48,7.78,8.43,8.43,7.78,6.16,6.16,6.16,6.16
N_15_25,N_15_27,3.794654878509013,3.87,3.87,3.87,3.87,3.87,3.87,5.92,5.92,6.83,6.83,4.55,4.55,4.55,4.55,4.55,4.55,6.38,7.29,7.29,6.38,4.1,4.1,4.1,4.1
N_15_25,N_17_24,14.134730090508164,7.84,7.84,7.84,7.84,7.84,7.84,9.75,9.75,10.6,10.6,8.48,8.48,8.48,8.48,8.48,8.48,10.18,11.03,11.03,10.18,8.06,8.06,8.06,8.06
N_15_25,N_15_26,0.9489742669572625,1.56,1.56,1.56,1.56,1.56,1.56,2.58,2.58,3.04,3.04,1.9,1.9,1.9,1.9,1.9,1.9,2.81,3.26,3.26,2.81,1.67,1.67,1.67,1.67
N_15_26,N_13_26,3.4451119692658794,3.51,3.51,3.51,3.51,3.51,3.51,5.37,5.37,6.2,6.2,4.13,4.13,4.13,4.13,4.13,4.13,5.79,6.61,6.61,5.79,3.72,3.72,3.72,3.72
N_15_26,N_14_24,6.341408627958372,6.47,6.47,6.47,6.47,6.47,6.47,9.89,9.89,11.41,11.41,7.61,7.61,7.61,7.61,7.61,7.61,10.65,12.18,12.18,10.65,6.85,6.85,6.85,6.85
N_15_27,N_15_25,3.794654878509013,3.87,3.87,3.87,3.87,3.87,3.87,5.92,5.92,6.83,6.83,4.55,4.55,4.55,4.55,4.55,4.55,6.38,7.29,7.29,6.38,4.1,4.1,4.1,4.1
N_15_27,N_14_27,1.0659344900653966,1.75,1.75,1.75,1.75,1.75,1.75,2.9,2.9,3.41,3.41,2.13,2.13,2.13,2.13,2.13,2.13,3.16,3.67,3.67,3.16,1.88,1.88,1.88,1.88
N_15_27,N_16_25,4.634096407665716,4.73,4.73,4.73,4.73,4.73,4.73,7.23,7.23,8.34,8.34,5.56,5.56,5.56,5.56,5.56,5.56,7.79,8.9,8.9,7.79,5.0,5.0,5.0,5.0
N_15_27,N_13_28,9.832596247258778,5.46,5.46,5.46,5.46,5.46,5.46,6.78,6.78,7.37,7.37,5.9,5.9,5.9,5.9,5.9,5.9,7.08,7.67,7.67,7.08,5.6,5.6,5.6,5.6
N_15_28,N_14_28,3.1724624053844095,3.24,3.24,3.24,3.24,3.24,3.24,4.95,4.95,5.71,5.71,3.81,3.81,3.81,3.81,3.81,3.81,5.33,6.09,6.09,5.33,3.43,3.43,3.43,3.43
N_15_28,N_16_29,14.517452252238169,8.06,8.06,8.06,8.06,8.06,8.06,10.02,10.02,10.89,10.89,8.71,8.71,8.71,8.71,8.71,8.71,10.45,11.32,11.32,10.45,8.27,8.27,8.27,8.27
N_15_29,N_13_30,10.8340673776977,6.01,6.01,6.01,6.01,6.01,6.01,7.48,7.48,8.13,8.13,6.5,6.5,6.5,6.5,6.5,6.5,7.8,8.45,8.45,7.8,6.18,6.18,6.18,6.18
N_15_29,N_17_29,10.221221707551098,5.67,5.67,5.67,5.67,5.67,5.67,7.05,7.05,7.67,7.67,6.13,6.13,6.13,6.13,6.13,6.13,7.36,7.97,7.97,7.36,5.83,5.83,5.83,5.83
N_15_29,N_15_28,8.817894393152649,4.89,4.89,4.89,4.89,4.89,4.89,6.08,6.08,6.61,6.61,5.29,5.29,5.29,5.29,5.29,5.29,6.35,6.88,6.88,6.35,5.03,5.03,5.03,5.03
N_15_29,N_14_29,14.10175691406131,7.83,7.83,7.83,7.83,7.83,7.83,9.73,9.73,10.58,10.58,8.46,8.46,8.46,8.46,8.46,8.46,10.15,11.0,11.0,10.15,8.04,8.04,8.04,8.04
N_15_3,N_14_4,3.0487631644204365,3.11,3.11,3.11,3.11,3.11,3.11,4.76,4.76,5.49,5.49,3.66,3.66,3.66,3.66,3.66,3.66,5.12,5.85,5.85,5.12,3.29,3.29,3.29,3.29
N_15_3,N_17_3,9.821567745096122,5.45,5.45,5.45,5.45,5.45,5.45,6.78,6.78,7.37,7.37,5.89,5.89,5.89,5.89,5.89,5.89,7.07,7.66,7.66,7.07,5.6,5.6,5.6,5.6
N_15_3,N_13_4,6.980806973432756,7.12,7.12,7.12,7.12,7.12,7.12,10.89,10.89,12.57,12.57,8.38,8.38,8.38,8.38,8.38,8.38,11.73,13.4,13.4,11.73,7.54,7.54,7.54,7.54
N_15_3,N_15_1,10.495640813721195,5.83,5.83,5.83,5.83,5.83,5.83,7.24,7.24,7.87,7.87,6.3,6.3,6.3,6.3,6.3,6.3,7.56,8.19,8.19,7.56,5.98,5.98,5.98,5.98
N_15_30,N_13_29,11.73073082894244,6.51,6.51,6.51,6.51,6.51,6.51,8.09,8.09,8.8,8.8,7.04,7.04,7.04,7.04,7.04,7.04,8.45,9.15,9.15,8.45,6.69,6.69,6.69,6.69
N_15_30,N_13_31,4.143658353726481,4.23,4.23,4.23,4.23,4.23,4.23,6.46,6.46,7.46,7.46,4.97,4.97,4.97,4.97,4.97,4.97,6.96,7.96,7.96,6.96,4.48,4.48,4.48,4.48
N_15_30,N_14_32,5.283151244538094,5.39,5.39,5.39,5.39,5.39,5.39,8.24,8.24,9.51,9.51,6.34,6.34,6.34,6.34,6.34,6.34,8.88,10.14,10.14,8.88,5.71,5.71,5.71,5.71
N_15_30,N_14_28,13.377773988893445,7.42,7.42,7.42,7.42,7.42,7.42,9.23,9.23,10.03,10.03,8.03,8.03,8.03,8.03,8.03,8.03,9.63,10.43,10.43,9.63,7.63,7.63,7.63,7.63
N_15_31,N_15_33,3.0232214429803763,3.08,3.08,3.08,3.08,3.08,3.08,4.72,4.72,5.44,5.44,3.63,3.63,3.63,3.63,3.63,3.63,5.08,5.8,5.8,5.08,3.27,3.27,3.27,3.27
N_15_31,N_14_31,6.8035838739008305,6.94,6.94,6.94,6.94,6.94,6.94,10.61,10.61,12.25,12.25,8.16,8.16,8.16,8.16,8.16,8.16,11.43,13.06,13.06,11.43,7.35,7.35,7.35,7.35
N_15_31,N_15_29,5.937278238143872,6.06,6.06,6.06,6.06,6.06,6.06,9.26,9.26,10.69,10.69,7.12,7.12,7.12,7.12,7.12,7.12,9.97,11.4,11.4,9.97,6.41,6.41,6.41,6.41
N_15_32,N_17_31,9.457559184287375,5.25,5.25,5.25,5.25,5.25,5.25,6.53,6.53,7.09,7.09,5.67,5.67,5.67,5.67,5.67,5.67,6.81,7.38,7.38,6.81,5.39,5.39,5.39,5.39
N_15_32,N_14_31,5.588672004716353,5.7,5.7,5.7,5.7,5.7,5.7,8.72,8.72,10.06,10.06,6.71,6.71,6.71,6.71,6.71,6.71,9.39,10.73,10.73,9.39,6.04,6.04,6.04,6.04
N_15_33,N_14_32,1.4528793732595353,2.38,2.38,2.38,2.38,2.38,2.38,3.95,3.95,4.65,4.65,2.91,2.91,2.91,2.91,2.91,2.91,4.3,5.0,5.0,4.3,2.56,2.56,2.56,2.56
N_15_33,N_16_33,6.025962573961507,6.15,6.15,6.15,6.15,6.15,6.15,9.4,9.4,10.85,10.85,7.23,7.23,7.23,7.23,7.23,7.23,10.12,11.57,11.57,10.12,6.51,6.51,6.51,6.51
N_15_33,N_15_31,4.73642369004149,4.83,4.83,4.83,4.83,4.83,4.83,7.39,7.39,8.53,8.53,5.68,5.68,5.68,5.68,5.68,5.68,7.96,9.09,9.09,7.96,5.12,5.12,5.12,5.12
N_15_34,N_15_33,8.894528238402287,4.94,4.94,4.94,4.94,4.94,4.94,6.14,6.14,6.67,6.67,5.34,5.34,5.34,5.34,5.34,5.34,6.4,6.94,6.94,6.4,5.07,5.07,5.07,5.07
N_15_34,N_16_32,1.5461841140349477,2.54,2.54,2.54,2.54,2.54,2.54,4.21,4.21,4.95,4.95,3.09,3.09,3.09,3.09,3.09,3.09,4.58,5.32,5.32,4.58,2.72,2.72,2.72,2.72
N_15_34,N_15_36,8.535727638163522,4.74,4.74,4.74,4.74,4.74,4.74,5.89,5.89,6.4,6.4,5.12,5.12,5.12,5.12,5.12,5.12,6.15,6.66,6.66,6.15,4.87,4.87,4.87,4.87
N_15_35,N_16_35,9.275456941875582,5.15,5.15,5.15,5.15,5.15,5.15,6.4,6.4,6.96,6.96,5.57,5.57,5.57,5.57,5.57,5.57,6.68,7.23,7.23,6.68,5.29,5.29,5.29,5.29
N_15_35,N_16_33,14.137287429948522,7.85,7.85,7.85,7.85,7.85,7.85,9.75,9.75,10.6,10.6,8.48,8.48,8.48,8.48,8.48,8.48,10.18,11.03,11.03,10.18,8.06,8.06,8.06,8.06
N_15_36,N_14_38,6.600697876217392,6.73,6.73,6.73,6.73,6.73,6.73,10.3,10.3,11.88,11.88,7.92,7.92,7.92,7.92,7.92,7.92,11.09,12.67,12.67,11.09,7.13,7.13,7.13,7.13
N_15_36,N_15_34,8.535727638163522,4.74,4.74,4.74,4.74,4.74,4.74,5.89,5.89,6.4,6.4,5.12,5.12,5.12,5.12,5.12,5.12,6.15,6.66,6.66,6.15,4.87,4.87,4.87,4.87
N_15_36,N_17_35,8.816747822561354,4.89,4.89,4.89,4.89,4.89,4.89,6.08,6.08,6.61,6.61,5.29,5.29,5.29,5.29,5.29,5.29,6.35,6.88,6.88,6.35,5.03,5.03,5.03,5.03
N_15_36,N_14_34,5.767224919947731,5.88,5.88,5.88,5.88,5.88,5.88,9.0,9.0,10.38,10.38,6.92,6.92,6.92,6.92,6.92,6.92,9.69,11.07,11.07,9.69,6.23,6.23,6.23,6.23
N_15_36,N_17_37,1.7037748802589088,2.79,2.79,2.79,2.79,2.79,2.79,4.63,4.63,5.45,5.45,3.41,3.41,3.41,3.41,3.41,3.41,5.04,5.86,5.86,5.04,3.0,3.0,3.0,3.0
N_15_36,N_13_36,6.895687568686748,7.03,7.03,7.03,7.03,7.03,7.03,10.76,10.76,12.41,12.41,8.27,8.27,8.27,8.27,8.27,8.27,11.58,13.24,13.24,11.58,7.45,7.45,7.45,7.45
N_15_36,N_15_38,5.761173417422244,5.88,5.88,5.88,5.88,5.88,5.88,8.99,8.99,10.37,10.37,6.91,6.91,6.91,6.91,6.91,6.91,9.68,11.06,11.06,9.68,6.22,6.22,6.22,6.22
N_15_37,N_15_35,13.388048024803243,7.43,7.43,7.43,7.43,7.43,7.43,9.24,9.24,10.04,10.04,8.03,8.03,8.03,8.03,8.03,8.03,9.64,10.44,10.44,9.64,7.63,7.63,7.63,7.63
N_15_37,N_15_38,3.4658352782161677,3.54,3.54,3.54,3.54,3.54,3.54,5.41,5.41,6.24,6.24,4.16,4.16,4.16,4.16,4.16,4.16,5.82,6.65,6.65,5.82,3.74,3.74,3.74,3.74
N_15_38,N_14_37,4.997667663351242,5.1,5.1,5.1,5.1,5.1,5.1,7.8,7.8,9.0,9.0,6.0,6.0,6.0,6.0,6.0,6.0,8.4,9.6,9.6,8.4,5.4,5.4,5.4,5.4
N_15_38,N_15_36,5.761173417422244,5.88,5.88,5.88,5.88,5.88,5.88,8.99,8.99,10.37,10.37,6.91,6.91,6.91,6.91,6.91,6.91,9.68,11.06,11.06,9.68,6.22,6.22,6.22,6.22
N_15_38,N_16_36,2.197232522006381,3.6,3.6,3.6,3.6,3.6,3.6,5.98,5.98,7.03,7.03,4.39,4.39,4.39,4.39,4.39,4.39,6.5,7.56,7.56,6.5,3.87,3.87,3.87,3.87
N_15_38,N_17_37,5.217218100995611,5.32,5.32,5.32,5.32,5.32,5.32,8.14,8.14,9.39,9.39,6.26,6.26,6.26,6.26,6.26,6.26,8.76,10.02,10.02,8.76,5.63,5.63,5.63,5.63
N_15_38,N_16_39,4.944403842489592,5.04,5.04,5.04,5.04,5.04,5.04,7.71,7.71,8.9,8.9,5.93,5.93,5.93,5.93,5.93,5.93,8.31,9.49,9.49,8.31,5.34,5.34,5.34,5.34
N_15_38,N_14_38,5.7146716685614924,5.83,5.83,5.83,5.83,5.83,5.83,8.91,8.91,10.29,10.29,6.86,6.86,6.86,6.86,6.86,6.86,9.6,10.97,10.97,9.6,6.17,6.17,6.17,6.17
N_15_39,N_13_39,5.712790498599494,5.83,5.83,5.83,5.83,5.83,5.83,8.91,8.91,10.28,10.28,6.86,6.86,6.86,6.86,6.86,6.86,9.6,10.97,10.97,9.6,6.17,6.17,6.17,6.17
N_15_39,N_17_39,0.7338814809141874,1.2,1.2,1.2,1.2,1.2,1.2,2.0,2.0,2.35,2.35,1.47,1.47,1.47,1.47,1.47,1.47,2.17,2.52,2.52,2.17,1.29,1.29,1.29,1.29
N_15_39,N_14_38,4.793301573321653,4.89,4.89,4.89,4.89,4.89,4.89,7.48,7.48,8.63,8.63,5.75,5.75,5.75,5.75,5.75,5.75,8.05,9.2,9.2,8.05,5.18,5.18,5.18,5.18
N_15_4,N_14_5,6.199020235864569,6.32,6.32,6.32,6.32,6.32,6.32,9.67,9.67,11.16,11.16,7.44,7.44,7.44,7.44,7.44,7.44,10.41,11.9,11.9,10.41,6.69,6.69,6.69,6.69
N_15_4,N_15_2,4.129828861078547,4.21,4.21,4.21,4.21,4.21,4.21,6.44,6.44,7.43,7.43,4.96,4.96,4.96,4.96,4.96,4.96,6.94,7.93,7.93,6.94,4.46,4.46,4.46,4.46
N_15_4,N_16_3,3.516386216082904,3.59,3.59,3.59,3.59,3.59,3.59,5.49,5.49,6.33,6.33,4.22,4.22,4.22,4.22,4.22,4.22,5.91,6.75,6.75,5.91,3.8,3.8,3.8,3.8
N_15_5,N_17_6,1.1754695092234084,1.93,1.93,1.93,1.93,1.93,1.93,3.2,3.2,3.76,3.76,2.35,2.35,2.35,2.35,2.35,2.35,3.48,4.04,4.04,3.48,2.07,2.07,2.07,2.07
N_15_5,N_14_7,11.93387014097474,6.62,6.62,6.62,6.62,6.62,6.62,8.23,8.23,8.95,8.95,7.16,7.16,7.16,7.16,7.16,7.16,8.59,9.31,9.31,8.59,6.8,6.8,6.8,6.8
N_15_5,N_16_5,2.0697716080433275,3.39,3.39,3.39,3.39,3.39,3.39,5.63,5.63,6.62,6.62,4.14,4.14,4.14,4.14,4.14,4.14,6.13,7.12,7.12,6.13,3.64,3.64,3.64,3.64
N_15_5,N_13_6,5.228089400157071,5.33,5.33,5.33,5.33,5.33,5.33,8.16,8.16,9.41,9.41,6.27,6.27,6.27,6.27,6.27,6.27,8.78,10.04,10.04,8.78,5.65,5.65,5.65,5.65
N_15_5,N_17_4,2.247391350796631,3.69,3.69,3.69,3.69,3.69,3.69,6.11,6.11,7.19,7.19,4.49,4.49,4.49,4.49,4.49,4.49,6.65,7.73,7.73,6.65,3.96,3.96,3.96,3.96
N_15_5,N_14_4,8.352954294431393,4.64,4.64,4.64,4.64,4.64,4.64,5.76,5.76,6.26,6.26,5.01,5.01,5.01,5.01,5.01,5.01,6.01,6.52,6.52,6.01,4.76,4.76,4.76,4.76
N_15_5,N_16_7,6.850588436174302,6.99,6.99,6.99,6.99,6.99,6.99,10.69,10.69,12.33,12.33,8.22,8.22,8.22,8.22,8.22,8.22,11.51,13.15,13.15,11.51,7.4,7.4,7.4,7.4
N_15_6,N_16_6,3.551089856713517,3.62,3.62,3.62,3.62,3.62,3.62,5.54,5.54,6.39,6.39,4.26,4.26,4.26,4.26,4.26,4.26,5.97,6.82,6.82,5.97,3.84,3.84,3.84,3.84
N_15_6,N_17_7,4.662999354875662,4.76,4.76,4.76,4.76,4.76,4.76,7.27,7.27,8.39,8.39,5.6,5.6,5.6,5.6,5.6,5.6,7.83,8.95,8.95,7.83,5.04,5.04,5.04,5.04
N_15_6,N_16_8,13.664016509917701,7.58,7.58,7.58,7.58,7.58,7.58,9.43,9.43,10.25,10.25,8.2,8.2,8.2,8.2,8.2,8.2,9.84,10.66,10.66,9.84,7.79,7.79,7.79,7.79
N_15_7,N_14_7,3.478334736025399,3.55,3.55,3.55,3.55,3.55,3.55,5.43,5.43,6.26,6.26,4.17,4.17,4.17,4.17,4.17,4.17,5.84,6.68,6.68,5.84,3.76,3.76,3.76,3.76
N_15_7,N_16_5,2.403681082314111,3.94,3.94,3.94,3.94,3.94,3.94,6.54,6.54,7.69,7.69,4.81,4.81,4.81,4.81,4.81,4.81,7.11,8.27,8.27,7.11,4.23,4.23,4.23,4.23
N_15_7,N_14_8,6.774961025409786,6.91,6.91,6.91,6.91,6.91,6.91,10.57,10.57,12.19,12.19,8.13,8.13,8.13,8.13,8.13,8.13,11.38,13.01,13.01,11.38,7.32,7.32,7.32,7.32
N_15_8,N_13_7,8.498700098541699,4.72,4.72,4.72,4.72,4.72,4.72,5.86,5.86,6.37,6.37,5.1,5.1,5.1,5.1,5.1,5.1,6.12,6.63,6.63,6.12,4.84,4.84,4.84,4.84
N_15_8,N_14_7,6.648418484781872,6.78,6.78,6.78,6.78,6.78,6.78,10.37,10.37,11.97,11.97,7.98,7.98,7.98,7.98,7.98,7.98,11.17,12.76,12.76,11.17,7.18,7.18,7.18,7.18
N_15_8,N_14_8,6.543131401564796,6.67,6.67,6.67,6.67,6.67,6.67,10.21,10.21,11.78,11.78,7.85,7.85,7.85,7.85,7.85,7.85,10.99,12.56,12.56,10.99,7.07,7.07,7.07,7.07
N_15_8,N_16_10,1.9431020877167209,3.19,3.19,3.19,3.19,3.19,3.19,5.29,5.29,6.22,6.22,3.89,3.89,3.89,3.89,3.89,3.89,5.75,6.68,6.68,5.75,3.42,3.42,3.42,3.42
N_15_8,N_15_9,6.308014222376965,6.43,6.43,6.43,6.43,6.43,6.43,9.84,9.84,11.35,11.35,7.57,7.57,7.57,7.57,7.57,7.57,10.6,12.11,12.11,10.6,6.81,6.81,6.81,6.81
N_15_8,N_16_6,3.587447246917935,3.66,3.66,3.66,3.66,3.66,3.66,5.6,5.6,6.46,6.46,4.3,4.3,4.3,4.3,4.3,4.3,6.03,6.89,6.89,6.03,3.87,3.87,3.87,3.87
N_15_8,N_15_6,6.5503190322049045,6.68,6.68,6.68,6.68,6.68,6.68,10.22,10.22,11.79,11.79,7.86,7.86,7.86,7.86,7.86,7.86,11.0,12.58,12.58,11.0,7.07,7.07,7.07,7.07
N_15_9,N_14_10,5.5799564617921344,5.69,5.69,5.69,5.69,5.69,5.69,8.7,8.7,10.04,10.04,6.7,6.7,6.7,6.7,6.7,6.7,9.37,10.71,10.71,9.37,6.03,6.03,6.03,6.03
N_15_9,N_14_9,0.784718672753083,1.29,1.29,1.29,1.29,1.29,1.29,2.13,2.13,2.51,2.51,1.57,1.57,1.57,1.57,1.57,1.57,2.32,2.7,2.7,2.32,1.38,1.38,1.38,1.38
N_16_0,N_14_1,6.947818800964194,7.09,7.09,7.09,7.09,7.09,7.09,10.84,10.84,12.51,12.51,8.34,8.34,8.34,8.34,8.34,8.34,11.67,13.34,13.34,11.67,7.5,7.5,7.5,7.5
N_16_0,N_14_0,10.610852076249532,5.89,5.89,5.89,5.89,5.89,5.89,7.32,7.32,7.96,7.96,6.37,6.37,6.37,6.37,6.37,6.37,7.64,8.28,8.28,7.64,6.05,6.05,6.05,6.05
N_16_0,N_17_0,3.190931491749285,3.25,3.25,3.25,3.25,3.25,3.25,4.98,4.98,5.74,5.74,3.83,3.83,3.83,3.83,3.83,3.83,5.36,6.13,6.13,5.36,3.45,3.45,3.45,3.45
N_16_0,N_15_0,10.085727788560442,5.6,5.6,5.6,5.6,5.6,5.6,6.96,6.96,7.56,7.56,6.05,6.05,6.05,6.05,6.05,6.05,7.26,7.87,7.87,7.26,5.75,5.75,5.75,5.75
N_16_1,N_17_3,3.9905333252318775,4.07,4.07,4.07,4.07,4.07,4.07,6.23,6.23,7.18,7.18,4.79,4.79,4.79,4.79,4.79,4.79,6.7,7.66,7.66,6.7,4.31,4.31,4.31,4.31
N_16_1,N_18_1,6.291370891885444,6.42,6.42,6.42,6.42,6.42,6.42,9.81,9.81,11.32,11.32,7.55,7.55,7.55,7.55,7.55,7.55,10.57,12.08,12.08,10.57,6.79,6.79,6.79,6.79
N_16_1,N_17_1,12.981482945232429,7.2,7.2,7.2,7.2,7.2,7.2,8.96,8.96,9.74,9.74,7.79,7.79,7.79,7.79,7.79,7.79,9.35,10.13,10.13,9.35,7.4,7.4,7.4,7.4
N_16_1,N_14_2,8.43535570781087,4.68,4.68,4.68,4.68,4.68,4.68,5.82,5.82,6.33,6.33,5.06,5.06,5.06,5.06,5.06,5.06,6.07,6.58,6.58,6.07,4.81,4.81,4.81,4.81
N_16_10,N_15_10,6.8309909435309315,6.97,6.97,6.97,6.97,6.97,6.97,10.66,10.66,12.3,12.3,8.2,8.2,8.2,8.2,8.2,8.2,11.48,13.12,13.12,11.48,7.38,7.38,7.38,7.38
N_16_10,N_15_8,1.9431020877167209,3.19,3.19,3.19,3.19,3.19,3.19,5.29,5.29,6.22,6.22,3.89,3.89,3.89,3.89,3.89,3.89,5.75,6.68,6.68,5.75,3.42,3.42,3.42,3.42
N_16_10,N_17_11,11.54050123609504,6.4,6.4,6.4,6.4,6.4,6.4,7.96,7.96,8.66,8.66,6.92,6.92,6.92,6.92,6.92,6.92,8.31,9.0,9.0,8.31,6.58,6.58,6.58,6.58
N_16_10,N_15_12,6.87212722612991,7.01,7.01,7.01,7.01,7.01,7.01,10.72,10.72,12.37,12.37,8.25,8.25,8.25,8.25,8.25,8.25,11.55,13.19,13.19,11.55,7.42,7.42,7.42,7.42
N_16_11,N_17_13,10.134472146161949,5.62,5.62,5.62,5.62,5.62,5.62,6.99,6.99,7.6,7.6,6.08,6.08,6.08,6.08,6.08,6.08,7.3,7.9,7.9,7.3,5.78,5.78,5.78,5.78
N_16_11,N_17_11,8.195844497817948,4.55,4.55,4.55,4.55,4.55,4.55,5.66,5.66,6.15,6.15,4.92,4.92,4.92,4.92,4.92,4.92,5.9,6.39,6.39,5.9,4.67,4.67,4.67,4.67
N_16_12,N_15_10,8.772213128492929,4.87,4.87,4.87,4.87,4.87,4.87,6.05,6.05,6.58,6.58,5.26,5.26,5.26,5.26,5.26,5.26,6.32,6.84,6.84,6.32,5.0,5.0,5.0,5.0
N_16_12,N_15_14,4.5053462518023295,4.6,4.6,4.6,4.6,4.6,4.6,7.03,7.03,8.11,8.11,5.41,5.41,5.41,5.41,5.41,5.41,7.57,8.65,8.65,7.57,4.87,4.87,4.87,4.87
N_16_12,N_18_11,6.6011491518564,6.73,6.73,6.73,6.73,6.73,6.73,10.3,10.3,11.88,11.88,7.92,7.92,7.92,7.92,7.92,7.92,11.09,12.67,12.67,11.09,7.13,7.13,7.13,7.13
N_16_12,N_14_13,5.880133981516464,6.0,6.0,6.0,6.0,6.0,6.0,9.17,9.17,10.58,10.58,7.06,7.06,7.06,7.06,7.06,7.06,9.88,11.29,11.29,9.88,6.35,6.35,6.35,6.35
N_16_12,N_16_11,5.0190554450887515,5.12,5.12,5.12,5.12,5.12,5.12,7.83,7.83,9.03,9.03,6.02,6.02,6.02,6.02,6.02,6.02,8.43,9.64,9.64,8.43,5.42,5.42,5.42,5.42
N_16_12,N_16_10,4.796298955350595,4.89,4.89,4.89,4.89,4.89,4.89,7.48,7.48,8.63,8.63,5.76,5.76,5.76,5.76,5.76,5.76,8.06,9.21,9.21,8.06,5.18,5.18,5.18,5.18
N_16_13,N_14_14,5.654947756541104,5.77,5.77,5.77,5.77,5.77,5.77,8.82,8.82,10.18,10.18,6.79,6.79,6.79,6.79,6.79,6.79,9.5,10.86,10.86,9.5,6.11,6.11,6.11,6.11
N_16_13,N_15_13,11.425389673418675,6.34,6.34,6.34,6.34,6.34,6.34,7.88,7.88,8.57,8.57,6.86,6.86,6.86,6.86,6.86,6.86,8.23,8.91,8.91,8.23,6.51,6.51,6.51,6.51
N_16_13,N_15_14,13.010062327411497,7.22,7.22,7.22,7.22,7.22,7.22,8.98,8.98,9.76,9.76,7.81,7.81,7.81,7.81,7.81,7.81,9.37,10.15,10.15,9.37,7.42,7.42,7.42,7.42
N_16_14,N_14_13,3.9029636736449906,3.98,3.98,3.98,3.98,3.98,3.98,6.09,6.09,7.03,7.03,4.68,4.68,4.68,4.68,4.68,4.68,6.56,7.49,7.49,6.56,4.22,4.22,4.22,4.22
N_16_14,N_15_13,0.5594470366776494,0.92,0.92,0.92,0.92,0.92,0.92,1.52,1.52,1.79,1.79,1.12,1.12,1.12,1.12,1.12,1.12,1.66,1.92,1.92,1.66,0.98,0.98,0.98,0.98
N_16_14,N_17_16,3.179934575899632,3.24,3.24,3.24,3.24,3.24,3.24,4.96,4.96,5.72,5.72,3.82,3.82,3.82,3.82,3.82,3.82,5.34,6.11,6.11,5.34,3.43,3.43,3.43,3.43
N_16_14,N_16_15,11.059121938523322,6.14,6.14,6.14,6.14,6.14,6.14,7.63,7.63,8.29,8.29,6.64,6.64,6.64,6.64,6.64,6.64,7.96,8.63,8.63,7.96,6.3,6.3,6.3,6.3
N_16_15,N_15_15,12.133243905870835,6.73,6.73,6.73,6.73,6.73,6.73,8.37,8.37,9.1,9.1,7.28,7.28,7.28,7.28,7.28,7.28,8.74,9.46,9.46,8.74,6.92,6.92,6.92,6.92
N_16_15,N_16_14,11.059121938523322,6.14,6.14,6.14,6.14,6.14,6.14,7.63,7.63,8.29,8.29,6.64,6.64,6.64,6.64,6.64,6.64,7.96,8.63,8.63,7.96,6.3,6.3,6.3,6.3
N_16_15,N_17_13,14.72786334363397,8.17,8.17,8.17,8.17,8.17,8.17,10.16,10.16,11.05,11.05,8.84,8.84,8.84,8.84,8.84,8.84,10.6,11.49,11.49,10.6,8.39,8.39,8.39,8.39
N_16_16,N_16_15,1.0385750541185137,1.7,1.7,1.7,1.7,1.7,1.7,2.82,2.82,3.32,3.32,2.08,2.08,2.08,2.08,2.08,2.08,3.07,3.57,3.57,3.07,1.83,1.83,1.83,1.83
N_16_16,N_16_14,3.2618328477195355,3.33,3.33,3.33,3.33,3.33,3.33,5.09,5.09,5.87,5.87,3.91,3.91,3.91,3.91,3.91,3.91,5.48,6.26,6.26,5.48,3.52,3.52,3.52,3.52
N_16_17,N_15_15,6.967782090823832,7.11,7.11,7.11,7.11,7.11,7.11,10.87,10.87,12.54,12.54,8.36,8.36,8.36,8.36,8.36,8.36,11.71,13.38,13.38,11.71,7.53,7.53,7.53,7.53
N_16_17,N_17_18,3.672753327549209,3.75,3.75,3.75,3.75,3.75,3.75,5.73,5.73,6.61,6.61,4.41,4.41,4.41,4.41,4.41,4.41,6.17,7.05,7.05,6.17,3.97,3.97,3.97,3.97
N_16_17,N_15_17,2.4227042184992538,3.97,3.97,3.97,3.97,3.97,3.97,6.59,6.59,7.75,7.75,4.85,4.85,4.85,4.85,4.85,4.85,7.17,8.33,8.33,7.17,4.26,4.26,4.26,4.26
N_16_17,N_14_17,13.688506023977432,7.6,7.6,7.6,7.6,7.6,7.6,9.45,9.45,10.27,10.27,8.21,8.21,8.21,8.21,8.21,8.21,9.86,10.68,10.68,9.86,7.8,7.8,7.8,7.8
N_16_17,N_17_17,5.612235396268421,5.72,5.72,5.72,5.72,5.72,5.72,8.76,8.76,10.1,10.1,6.73,6.73,6.73,6.73,6.73,6.73,9.43,10.78,10.78,9.43,6.06,6.06,6.06,6.06
N_16_18,N_16_17,3.491907859757486,3.56,3.56,3.56,3.56,3.56,3.56,5.45,5.45,6.29,6.29,4.19,4.19,4.19,4.19,4.19,4.19,5.87,6.7,6.7,5.87,3.77,3.77,3.77,3.77
N_16_18,N_15_20,4.117833193489291,4.2,4.2,4.2,4.2,4.2,4.2,6.42,6.42,7.41,7.41,4.94,4.94,4.94,4.94,4.94,4.94,6.92,7.91,7.91,6.92,4.45,4.45,4.45,4.45
N_16_19,N_18_20,3.008190053963266,3.07,3.07,3.07,3.07,3.07,3.07,4.69,4.69,5.41,5.41,3.61,3.61,3.61,3.61,3.61,3.61,5.05,5.78,5.78,5.05,3.25,3.25,3.25,3.25
N_16_19,N_17_17,1.8454128082623484,3.03,3.03,3.03,3.03,3.03,3.03,5.02,5.02,5.91,5.91,3.69,3.69,3.69,3.69,3.69,3.69,5.46,6.35,6.35,5.46,3.25,3.25,3.25,3.25
N_16_2,N_15_4,10.593364488733819,5.88,5.88,5.88,5.88,5.88,5.88,7.31,7.31,7.95,7.95,6.36,6.36,6.36,6.36,6.36,6.36,7.63,8.26,8.26,7.63,6.04,6.04,6.04,6.04
N_16_2,N_14_1,13.202011116880712,7.33,7.33,7.33,7.33,7.33,7.33,9.11,9.11,9.9,9.9,7.92,7.92,7.92,7.92,7.92,7.92,9.51,10.3,10.3,9.51,7.53,7.53,7.53,7.53
N_16_2,N_17_4,5.836791108781726,5.95,5.95,5.95,5.95,5.95,5.95,9.11,9.11,10.51,10.51,7.0,7.0,7.0,7.0,7.0,7.0,9.81,11.21,11.21,9.81,6.3,6.3,6.3,6.3
N_16_2,N_16_3,1.7504731163856166,2.87,2.87,2.87,2.87,2.87,2.87,4.76,4.76,5.6,5.6,3.5,3.5,3.5,3.5,3.5,3.5,5.18,6.02,6.02,5.18,3.08,3.08,3.08,3.08
N_16_20,N_17_21,9.356391799590504,5.19,5.19,5.19,5.19,5.19,5.19,6.46,6.46,7.02,7.02,5.61,5.61,5.61,5.61,5.61,5.61,6.74,7.3,7.3,6.74,5.33,5.33,5.33,5.33
N_16_20,N_18_21,5.41189019576133,5.52,5.52,5.52,5.52,5.52,5.52,8.44,8.44,9.74,9.74,6.49,6.49,6.49,6.49,6.49,6.49,9.09,10.39,10.39,9.09,5.84,5.84,5.84,5.84
N_16_20,N_15_22,5.983893754036704,6.1,6.1,6.1,6.1,6.1,6.1,9.33,9.33,10.77,10.77,7.18,7.18,7.18,7.18,7.18,7.18,10.05,11.49,11.49,10.05,6.46,6.46,6.46,6.46
N_16_21,N_15_20,1.4716839310859702,2.41,2.41,2.41,2.41,2.41,2.41,4.0,4.0,4.71,4.71,2.94,2.94,2.94,2.94,2.94,2.94,4.36,5.06,5.06,4.36,2.59,2.59,2.59,2.59
N_16_21,N_18_20,12.761214328021309,7.08,7.08,7.08,7.08,7.08,7.08,8.81,8.81,9.57,9.57,7.66,7.66,7.66,7.66,7.66,7.66,9.19,9.95,9.95,9.19,7.27,7.27,7.27,7.27
N_16_22,N_18_22,1.347640513744588,2.21,2.21,2.21,2.21,2.21,2.21,3.67,3.67,4.31,4.31,2.7,2.7,2.7,2.7,2.7,2.7,3.99,4.64,4.64,3.99,2.37,2.37,2.37,2.37
N_16_22,N_17_20,9.151371026818248,5.08,5.08,5.08,5.08,5.08,5.08,6.31,6.31,6.86,6.86,5.49,5.49,5.49,5.49,5.49,5.49,6.59,7.14,7.14,6.59,5.22,5.22,5.22,5.22
N_16_22,N_16_21,3.3869043894968254,3.45,3.45,3.45,3.45,3.45,3.45,5.28,5.28,6.1,6.1,4.06,4.06,4.06,4.06,4.06,4.06,5.69,6.5,6.5,5.69,3.66,3.66,3.66,3.66
N_16_22,N_17_23,1.6850615411582723,2.76,2.76,2.76,2.76,2.76,2.76,4.58,4.58,5.39,5.39,3.37,3.37,3.37,3.37,3.37,3.37,4.99,5.8,5.8,4.99,2.97,2.97,2.97,2.97
N_16_22,N_17_24,4.001637883399534,4.08,4.08,4.08,4.08,4.08,4.08,6.24,6.24,7.2,7.2,4.8,4.8,4.8,4.8,4.8,4.8,6.72,7.68,7.68,6.72,4.32,4.32,4.32,4.32
N_16_23,N_17_24,3.248008934233063,3.31,3.31,3.31,3.31,3.31,3.31,5.07,5.07,5.85,5.85,3.9,3.9,3.9,3.9,3.9,3.9,5.46,6.24,6.24,5.46,3.51,3.51,3.51,3.51
N_16_23,N_16_25,12.275170478100303,6.81,6.81,6.81,6.81,6.81,6.81,8.47,8.47,9.21,9.21,7.37,7.37,7.37,7.37,7.37,7.37,8.84,9.57,9.57,8.84,7.0,7.0,7.0,7.0
N_16_24,N_17_24,6.750339408987048,6.89,6.89,6.89,6.89,6.89,6.89,10.53,10.53,12.15,12.15,8.1,8.1,8.1,8.1,8.1,8.1,11.34,12.96,12.96,11.34,7.29,7.29,7.29,7.29
N_16_24,N_16_23,4.312774675721328,4.4,4.4,4.4,4.4,4.4,4.4,6.73,6.73,7.76,7.76,5.18,5.18,5.18,5.18,5.18,5.18,7.25,8.28,8.28,7.25,4.66,4.66,4.66,4.66
N_16_24,N_17_26,12.166225753673135,6.75,6.75,6.75,6.75,6.75,6.75,8.39,8.39,9.12,9.12,7.3,7.3,7.3,7.3,7.3,7.3,8.76,9.49,9.49,8.76,6.93,6.93,6.93,6.93
N_16_25,N_15_27,4.634096407665716,4.73,4.73,4.73,4.73,4.73,4.73,7.23,7.23,8.34,8.34,5.56,5.56,5.56,5.56,5.56,5.56,7.79,8.9,8.9,7.79,5.0,5.0,5.0,5.0
N_16_25,N_16_23,12.275170478100303,6.81,6.81,6.81,6.81,6.81,6.81,8.47,8.47,9.21,9.21,7.37,7.37,7.37,7.37,7.37,7.37,8.84,9.57,9.57,8.84,7.0,7.0,7.0,7.0
N_16_25,N_17_24,5.6068199203721765,5.72,5.72,5.72,5.72,5.72,5.72,8.75,8.75,10.09,10.09,6.73,6.73,6.73,6.73,6.73,6.73,9.42,10.77,10.77,9.42,6.06,6.06,6.06,6.06
N_16_25,N_18_24,5.164574825033416,5.27,5.27,5.27,5.27,5.27,5.27,8.06,8.06,9.3,9.3,6.2,6.2,6.2,6.2,6.2,6.2,8.68,9.92,9.92,8.68,5.58,5.58,5.58,5.58
N_16_25,N_15_24,5.413317958799014,5.52,5.52,5.52,5.52,5.52,5.52,8.44,8.44,9.74,9.74,6.5,6.5,6.5,6.5,6.5,6.5,9.09,10.39,10.39,9.09,5.85,5.85,5.85,5.85
N_16_26,N_14_27,1.1023995332100027,1.81,1.81,1.81,1.81,1.81,1.81,3.0,3.0,3.53,3.53,2.2,2.2,2.2,2.2,2.2,2.2,3.26,3.79,3.79,3.26,1.94,1.94,1.94,1.94
N_16_26,N_15_26,6.927693023306203,7.07,7.07,7.07,7.07,7.07,7.07,10.81,10.81,12.47,12.47,8.31,8.31,8.31,8.31,8.31,8.31,11.64,13.3,13.3,11.64,7.48,7.48,7.48,7.48
N_16_27,N_16_29,13.142103242713501,7.29,7.29,7.29,7.29,7.29,7.29,9.07,9.07,9.86,9.86,7.89,7.89,7.89,7.89,7.89,7.89,9.46,10.25,10.25,9.46,7.49,7.49,7.49,7.49
N_16_27,N_18_26,5.960325550315136,6.08,6.08,6.08,6.08,6.08,6.08,9.3,9.3,10.73,10.73,7.15,7.15,7.15,7.15,7.15,7.15,10.01,11.44,11.44,10.01,6.44,6.44,6.44,6.44
N_16_28,N_14_28,11.042701495883408,6.13,6.13,6.13,6.13,6.13,6.13,7.62,7.62,8.28,8.28,6.63,6.63,6.63,6.63,6.63,6.63,7.95,8.61,8.61,7.95,6.29,6.29,6.29,6.29
N_16_28,N_15_29,9.219026264046246,5.12,5.12,5.12,5.12,5.12,5.12,6.36,6.36,6.91,6.91,5.53,5.53,5.53,5.53,5.53,5.53,6.64,7.19,7.19,6.64,5.25,5.25,5.25,5.25
N_16_28,N_15_28,4.35926997207207,4.45,4.45,4.45,4.45,4.45,4.45,6.8,6.8,7.85,7.85,5.23,5.23,5.23,5.23,5.23,5.23,7.32,8.37,8.37,7.32,4.71,4.71,4.71,4.71
N_16_29,N_15_28,14.517452252238169,8.06,8.06,8.06,8.06,8.06,8.06,10.02,10.02,10.89,10.89,8.71,8.71,8.71,8.71,8.71,8.71,10.45,11.32,11.32,10.45,8.27,8.27,8.27,8.27
N_16_29,N_15_30,6.764647022692166,6.9,6.9,6.9,6.9,6.9,6.9,10.55,10.55,12.18,12.18,8.12,8.12,8.12,8.12,8.12,8.12,11.36,12.99,12.99,11.36,7.31,7.31,7.31,7.31
N_16_29,N_17_28,2.263327590133519,3.71,3.71,3.71,3.71,3.71,3.71,6.16,6.16,7.24,7.24,4.53,4.53,4.53,4.53,4.53,4.53,6.7,7.79,7.79,6.7,3.98,3.98,3.98,3.98
N_16_29,N_15_29,9.011025720678731,5.0,5.0,5.0,5.0,5.0,5.0,6.22,6.22,6.76,6.76,5.41,5.41,5.41,5.41,5.41,5.41,6.49,7.03,7.03,6.49,5.14,5.14,5.14,5.14
N_16_3,N_15_4,3.516386216082904,3.59,3.59,3.59,3.59,3.59,3.59,5.49,5.49,6.33,6.33,4.22,4.22,4.22,4.22,4.22,4.22,5.91,6.75,6.75,5.91,3.8,3.8,3.8,3.8
N_16_3,N_17_2,2.203005276743613,3.61,3.61,3.61,3.61,3.61,3.61,5.99,5.99,7.05,7.05,4.41,4.41,4.41,4.41,4.41,4.41,6.52,7.58,7.58,6.52,3.88,3.88,3.88,3.88
N_16_30,N_14_30,6.158187860088509,6.28,6.28,6.28,6.28,6.28,6.28,9.61,9.61,11.08,11.08,7.39,7.39,7.39,7.39,7.39,7.39,10.35,11.82,11.82,10.35,6.65,6.65,6.65,6.65
N_16_30,N_15_32,5.324746739892545,5.43,5.43,5.43,5.43,5.43,5.43,8.31,8.31,9.58,9.58,6.39,6.39,6.39,6.39,6.39,6.39,8.95,10.22,10.22,8.95,5.75,5.75,5.75,5.75
N_16_30,N_17_29,5.598949046033754,5.71,5.71,5.71,5.71,5.71,5.71,8.73,8.73,10.08,10.08,6.72,6.72,6.72,6.72,6.72,6.72,9.41,10.75,10.75,9.41,6.05,6.05,6.05,6.05
N_16_30,N_16_31,1.4041601399059334,2.3,2.3,2.3,2.3,2.3,2.3,3.82,3.82,4.49,4.49,2.81,2.81,2.81,2.81,2.81,2.81,4.16,4.83,4.83,4.16,2.47,2.47,2.47,2.47
N_16_30,N_18_31,10.975159982002992,6.09,6.09,6.09,6.09,6.09,6.09,7.57,7.57,8.23,8.23,6.59,6.59,6.59,6.59,6.59,6.59,7.9,8.56,8.56,7.9,6.26,6.26,6.26,6.26
N_16_30,N_17_32,13.897021201392647,7.71,7.71,7.71,7.71,7.71,7.71,9.59,9.59,10.42,10.42,8.34,8.34,8.34,8.34,8.34,8.34,10.01,10.84,10.84,10.01,7.92,7.92,7.92,7.92
N_16_31,N_16_30,1.4041601399059334,2.3,2.3,2.3,2.3,2.3,2.3,3.82,3.82,4.49,4.49,2.81,2.81,2.81,2.81,2.81,2.81,4.16,4.83,4.83,4.16,2.47,2.47,2.47,2.47
N_16_31,N_16_32,1.1340408514889995,1.86,1.86,1.86,1.86,1.86,1.86,3.08,3.08,3.63,3.63,2.27,2.27,2.27,2.27,2.27,2.27,3.36,3.9,3.9,3.36,2.0,2.0,2.0,2.0
N_16_31,N_15_30,9.636532797361717,5.35,5.35,5.35,5.35,5.35,5.35,6.65,6.65,7.23,7.23,5.78,5.78,5.78,5.78,5.78,5.78,6.94,7.52,7.52,6.94,5.49,5.49,5.49,5.49
N_16_31,N_18_32,3.32967404408806,3.4,3.4,3.4,3.4,3.4,3.4,5.19,5.19,5.99,5.99,4.0,4.0,4.0,4.0,4.0,4.0,5.59,6.39,6.39,5.59,3.6,3.6,3.6,3.6
N_16_32,N_15_34,1.5461841140349477,2.54,2.54,2.54,2.54,2.54,2.54,4.21,4.21,4.95,4.95,3.09,3.09,3.09,3.09,3.09,3.09,4.58,5.32,5.32,4.58,2.72,2.72,2.72,2.72
N_16_32,N_16_31,1.1340408514889995,1.86,1.86,1.86,1.86,1.86,1.86,3.08,3.08,3.63,3.63,2.27,2.27,2.27,2.27,2.27,2.27,3.36,3.9,3.9,3.36,2.0,2.0,2.0,2.0
N_16_32,N_17_30,12.22823830683507,6.79,6.79,6.79,6.79,6.79,6.79,8.44,8.44,9.17,9.17,7.34,7.34,7.34,7.34,7.34,7.34,8.8,9.54,9.54,8.8,6.97,6.97,6.97,6.97
N_16_32,N_17_34,1.9323707184168846,3.17,3.17,3.17,3.17,3.17,3.17,5.26,5.26,6.18,6.18,3.86,3.86,3.86,3.86,3.86,3.86,5.72,6.65,6.65,5.72,3.4,3.4,3.4,3.4
N_16_33,N_15_35,14.137287429948522,7.85,7.85,7.85,7.85,7.85,7.85,9.75,9.75,10.6,10.6,8.48,8.48,8.48,8.48,8.48,8.48,10.18,11.03,11.03,10.18,8.06,8.06,8.06,8.06
N_16_33,N_14_33,5.063301401943077,5.16,5.16,5.16,5.16,5.16,5.16,7.9,7.9,9.11,9.11,6.08,6.08,6.08,6.08,6.08,6.08,8.51,9.72,9.72,8.51,5.47,5.47,5.47,5.47
N_16_34,N_14_34,3.21783998797444,3.28,3.28,3.28,3.28,3.28,3.28,5.02,5.02,5.79,5.79,3.86,3.86,3.86,3.86,3.86,3.86,5.41,6.18,6.18,5.41,3.48,3.48,3.48,3.48
N_16_34,N_15_32,5.951220244457756,6.07,6.07,6.07,6.07,6.07,6.07,9.28,9.28,10.71,10.71,7.14,7.14,7.14,7.14,7.14,7.14,10.0,11.43,11.43,10.0,6.43,6.43,6.43,6.43
N_16_35,N_14_35,3.528109475192574,3.6,3.6,3.6,3.6,3.6,3.6,5.5,5.5,6.35,6.35,4.23,4.23,4.23,4.23,4.23,4.23,5.93,6.77,6.77,5.93,3.81,3.81,3.81,3.81
N_16_35,N_14_36,9.227515413428259,5.12,5.12,5.12,5.12,5.12,5.12,6.37,6.37,6.92,6.92,5.54,5.54,5.54,5.54,5.54,5.54,6.64,7.2,7.2,6.64,5.26,5.26,5.26,5.26
N_16_36,N_15_38,2.197232522006381,3.6,3.6,3.6,3.6,3.6,3.6,5.98,5.98,7.03,7.03,4.39,4.39,4.39,4.39,4.39,4.39,6.5,7.56,7.56,6.5,3.87,3.87,3.87,3.87
N_16_36,N_14_35,9.39299114410905,5.21,5.21,5.21,5.21,5.21,5.21,6.48,6.48,7.04,7.04,5.64,5.64,5.64,5.64,5.64,5.64,6.76,7.33,7.33,6.76,5.35,5.35,5.35,5.35
N_16_37,N_14_36,10.928892421333178,6.07,6.07,6.07,6.07,6.07,6.07,7.54,7.54,8.2,8.2,6.56,6.56,6.56,6.56,6.56,6.56,7.87,8.52,8.52,7.87,6.23,6.23,6.23,6.23
N_16_37,N_16_35,6.614350016883,6.75,6.75,6.75,6.75,6.75,6.75,10.32,10.32,11.91,11.91,7.94,7.94,7.94,7.94,7.94,7.94,11.11,12.7,12.7,11.11,7.14,7.14,7.14,7.14
N_16_37,N_17_36,1.1195143525630336,1.84,1.84,1.84,1.84,1.84,1.84,3.05,3.05,3.58,3.58,2.24,2.24,2.24,2.24,2.24,2.24,3.31,3.85,3.85,3.31,1.97,1.97,1.97,1.97
N_16_37,N_17_38,3.6351249993952943,3.71,3.71,3.71,3.71,3.71,3.71,5.67,5.67,6.54,6.54,4.36,4.36,4.36,4.36,4.36,4.36,6.11,6.98,6.98,6.11,3.93,3.93,3.93,3.93
N_16_37,N_18_36,3.8118913621447983,3.89,3.89,3.89,3.89,3.89,3.89,5.95,5.95,6.86,6.86,4.57,4.57,4.57,4.57,4.57,4.57,6.4,7.32,7.32,6.4,4.12,4.12,4.12,4.12
N_16_37,N_16_39,3.8068109156919507,3.88,3.88,3.88,3.88,3.88,3.88,5.94,5.94,6.85,6.85,4.57,4.57,4.57,4.57,4.57,4.57,6.4,7.31,7.31,6.4,4.11,4.11,4.11,4.11
N_16_38,N_17_36,6.370557895649908,6.5,6.5,6.5,6.5,6.5,6.5,9.94,9.94,11.47,11.47,7.64,7.64,7.64,7.64,7.64,7.64,10.7,12.23,12.23,10.7,6.88,6.88,6.88,6.88
N_16_38,N_16_39,6.2937184217567665,6.42,6.42,6.42,6.42,6.42,6.42,9.82,9.82,11.33,11.33,7.55,7.55,7.55,7.55,7.55,7.55,10.57,12.08,12.08,10.57,6.8,6.8,6.8,6.8
N_16_38,N_15_36,3.718312439321417,3.79,3.79,3.79,3.79,3.79,3.79,5.8,5.8,6.69,6.69,4.46,4.46,4.46,4.46,4.46,4.46,6.25,7.14,7.14,6.25,4.02,4.02,4.02,4.02
N_16_38,N_17_37,4.538659987176451,4.63,4.63,4.63,4.63,4.63,4.63,7.08,7.08,8.17,8.17,5.45,5.45,5.45,5.45,5.45,5.45,7.62,8.71,8.71,7.62,4.9,4.9,4.9,4.9
N_16_38,N_16_36,3.382136684463957,3.45,3.45,3.45,3.45,3.45,3.45,5.28,5.28,6.09,6.09,4.06,4.06,4.06,4.06,4.06,4.06,5.68,6.49,6.49,5.68,3.65,3.65,3.65,3.65
N_16_38,N_17_38,14.198792726500162,7.88,7.88,7.88,7.88,7.88,7.88,9.8,9.8,10.65,10.65,8.52,8.52,8.52,8.52,8.52,8.52,10.22,11.08,11.08,10.22,8.09,8.09,8.09,8.09
N_16_39,N_15_38,4.944403842489592,5.04,5.04,5.04,5.04,5.04,5.04,7.71,7.71,8.9,8.9,5.93,5.93,5.93,5.93,5.93,5.93,8.31,9.49,9.49,8.31,5.34,5.34,5.34,5.34
N_16_39,N_17_37,5.017579369739862,5.12,5.12,5.12,5.12,5.12,5.12,7.83,7.83,9.03,9.03,6.02,6.02,6.02,6.02,6.02,6.02,8.43,9.63,9.63,8.43,5.42,5.42,5.42,5.42
N_16_39,N_14_38,3.659356422804791,3.73,3.73,3.73,3.73,3.73,3.73,5.71,5.71,6.59,6.59,4.39,4.39,4.39,4.39,4.39,4.39,6.15,7.03,7.03,6.15,3.95,3.95,3.95,3.95
N_16_4,N_15_2,4.025786539520469,4.11,4.11,4.11,4.11,4.11,4.11,6.28,6.28,7.25,7.25,4.83,4.83,4.83,4.83,4.83,4.83,6.76,7.73,7.73,6.76,4.35,4.35,4.35,4.35
N_16_4,N_16_3,3.2729486847683376,3.34,3.34,3.34,3.34,3.34,3.34,5.11,5.11,5.89,5.89,3.93,3.93,3.93,3.93,3.93,3.93,5.5,6.28,6.28,5.5,3.53,3.53,3.53,3.53
N_16_4,N_15_4,13.742986827745982,7.63,7.63,7.63,7.63,7.63,7.63,9.48,9.48,10.31,10.31,8.25,8.25,8.25,8.25,8.25,8.25,9.89,10.72,10.72,9.89,7.83,7.83,7.83,7.83
N_16_4,N_16_5,8.126462893552482,4.51,4.51,4.51,4.51,4.51,4.51,5.61,5.61,6.09,6.09,4.88,4.88,4.88,4.88,4.88,4.88,5.85,6.34,6.34,5.85,4.63,4.63,4.63,4.63
N_16_4,N_18_3,11.742576831505637,6.52,6.52,6.52,6.52,6.52,6.52,8.1,8.1,8.81,8.81,7.05,7.05,7.05,7.05,7.05,7.05,8.45,9.16,9.16,8.45,6.69,6.69,6.69,6.69
N_16_4,N_17_3,13.345123328853207,7.41,7.41,7.41,7.41,7.41,7.41,9.21,9.21,10.01,10.01,8.01,8.01,8.01,8.01,8.01,8.01,9.61,10.41,10.41,9.61,7.61,7.61,7.61,7.61
N_16_4,N_15_5,10.506608927589518,5.83,5.83,5.83,5.83,5.83,5.83,7.25,7.25,7.88,7.88,6.3,6.3,6.3,6.3,6.3,6.3,7.56,8.2,8.2,7.56,5.99,5.99,5.99,5.99
N_16_5,N_15_7,2.403681082314111,3.94,3.94,3.94,3.94,3.94,3.94,6.54,6.54,7.69,7.69,4.81,4.81,4.81,4.81,4.81,4.81,7.11,8.27,8.27,7.11,4.23,4.23,4.23,4.23
N_16_5,N_16_4,8.126462893552482,4.51,4.51,4.51,4.51,4.51,4.51,5.61,5.61,6.09,6.09,4.88,4.88,4.88,4.88,4.88,4.88,5.85,6.34,6.34,5.85,4.63,4.63,4.63,4.63
N_16_5,N_17_7,3.9541612923141027,4.03,4.03,4.03,4.03,4.03,4.03,6.17,6.17,7.12,7.12,4.74,4.74,4.74,4.74,4.74,4.74,6.64,7.59,7.59,6.64,4.27,4.27,4.27,4.27
N_16_6,N_15_8,3.587447246917935,3.66,3.66,3.66,3.66,3.66,3.66,5.6,5.6,6.46,6.46,4.3,4.3,4.3,4.3,4.3,4.3,6.03,6.89,6.89,6.03,3.87,3.87,3.87,3.87
N_16_6,N_14_7,6.737309472015578,6.87,6.87,6.87,6.87,6.87,6.87,10.51,10.51,12.13,12.13,8.08,8.08,8.08,8.08,8.08,8.08,11.32,12.94,12.94,11.32,7.28,7.28,7.28,7.28
N_16_7,N_14_8,4.475919844029514,4.57,4.57,4.57,4.57,4.57,4.57,6.98,6.98,8.06,8.06,5.37,5.37,5.37,5.37,5.37,5.37,7.52,8.59,8.59,7.52,4.83,4.83,4.83,4.83
N_16_7,N_17_7,10.110739740526794,5.61,5.61,5.61,5.61,5.61,5.61,6.98,6.98,7.58,7.58,6.07,6.07,6.07,6.07,6.07,6.07,7.28,7.89,7.89,7.28,5.76,5.76,5.76,5.76
N_16_8,N_14_9,8.91152776679223,4.95,4.95,4.95,4.95,4.95,4.95,6.15,6.15,6.68,6.68,5.35,5.35,5.35,5.35,5.35,5.35,6.42,6.95,6.95,6.42,5.08,5.08,5.08,5.08
N_16_8,N_15_6,13.664016509917701,7.58,7.58,7.58,7.58,7.58,7.58,9.43,9.43,10.25,10.25,8.2,8.2,8.2,8.2,8.2,8.2,9.84,10.66,10.66,9.84,7.79,7.79,7.79,7.79
N_16_8,N_17_8,14.384722784871297,7.98,7.98,7.98,7.98,7.98,7.98,9.93,9.93,10.79,10.79,8.63,8.63,8.63,8.63,8.63,8.63,10.36,11.22,11.22,10.36,8.2,8.2,8.2,8.2
N_16_9,N_14_8,11.627195223941836,6.45,6.45,6.45,6.45,6.45,6.45,8.02,8.02,8.72,8.72,6.98,6.98,6.98,6.98,6.98,6.98,8.37,9.07,9.07,8.37,6.63,6.63,6.63,6.63
N_16_9,N_17_11,9.061694097744194,5.03,5.03,5.03,5.03,5.03,5.03,6.25,6.25,6.8,6.8,5.44,5.44,5.44,5.44,5.44,5.44,6.52,7.07,7.07,6.52,5.17,5.17,5.17,5.17
N_17_0,N_16_0,3.190931491749285,3.25,3.25,3.25,3.25,3.25,3.25,4.98,4.98,5.74,5.74,3.83,3.83,3.83,3.83,3.83,3.83,5.36,6.13,6.13,5.36,3.45,3.45,3.45,3.45
N_17_0,N_16_1,13.928543918804168,7.73,7.73,7.73,7.73,7.73,7.73,9.61,9.61,10.45,10.45,8.36,8.36,8.36,8.36,8.36,8.36,10.03,10.86,10.86,10.03,7.94,7.94,7.94,7.94
N_17_0,N_16_2,11.775182264883204,6.54,6.54,6.54,6.54,6.54,6.54,8.12,8.12,8.83,8.83,7.07,7.07,7.07,7.07,7.07,7.07,8.48,9.18,9.18,8.48,6.71,6.71,6.71,6.71
N_17_1,N_15_0,5.053916770016437,5.15,5.15,5.15,5.15,5.15,5.15,7.88,7.88,9.1,9.1,6.06,6.06,6.06,6.06,6.06,6.06,8.49,9.7,9.7,8.49,5.46,5.46,5.46,5.46
N_17_1,N_18_2,0.7511219992005733,1.23,1.23,1.23,1.23,1.23,1.23,2.04,2.04,2.4,2.4,1.5,1.5,1.5,1.5,1.5,1.5,2.22,2.58,2.58,2.22,1.32,1.32,1.32,1.32
N_17_1,N_19_2,6.180932370776317,6.3,6.3,6.3,6.3,6.3,6.3,9.64,9.64,11.13,11.13,7.42,7.42,7.42,7.42,7.42,7.42,10.38,11.87,11.87,10.38,6.68,6.68,6.68,6.68
N_17_10,N_18_12,14.807886403181207,8.22,8.22,8.22,8.22,8.22,8.22,10.22,10.22,11.11,11.11,8.88,8.88,8.88,8.88,8.88,8.88,10.66,11.55,11.55,10.66,8.44,8.44,8.44,8.44
N_17_10,N_17_9,11.089632495931392,6.15,6.15,6.15,6.15,6.15,6.15,7.65,7.65,8.32,8.32,6.65,6.65,6.65,6.65,6.65,6.65,7.98,8.65,8.65,7.98,6.32,6.32,6.32,6.32
N_17_10,N_15_9,6.041297857638551,6.16,6.16,6.16,6.16,6.16,6.16,9.42,9.42,10.87,10.87,7.25,7.25,7.25,7.25,7.25,7.25,10.15,11.6,11.6,10.15,6.52,6.52,6.52,6.52
N_17_11,N_15_10,4.518460226776953,4.61,4.61,4.61,4.61,4.61,4.61,7.05,7.05,8.13,8.13,5.42,5.42,5.42,5.42,5.42,5.42,7.59,8.68,8.68,7.59,4.88,4.88,4.88,4.88
N_17_11,N_16_10,11.54050123609504,6.4,6.4,6.4,6.4,6.4,6.4,7.96,7.96,8.66,8.66,6.92,6.92,6.92,6.92,6.92,6.92,8.31,9.0,9.0,8.31,6.58,6.58,6.58,6.58
N_17_11,N_16_11,8.195844497817948,4.55,4.55,4.55,4.55,4.55,4.55,5.66,5.66,6.15,6.15,4.92,4.92,4.92,4.92,4.92,4.92,5.9,6.39,6.39,5.9,4.67,4.67,4.67,4.67
N_17_12,N_18_14,4.231243301661275,4.32,4.32,4.32,4.32,4.32,4.32,6.6,6.6,7.62,7.62,5.08,5.08,5.08,5.08,5.08,5.08,7.11,8.12,8.12,7.11,4.57,4.57,4.57,4.57
N_17_12,N_16_14,14.194997066794247,7.88,7.88,7.88,7.88,7.88,7.88,9.79,9.79,10.65,10.65,8.52,8.52,8.52,8.52,8.52,8.52,10.22,11.07,11.07,10.22,8.09,8.09,8.09,8.09
N_17_12,N_17_13,14.52490691065237,8.06,8.06,8.06,8.06,8.06,8.06,10.02,10.02,10.89,10.89,8.71,8.71,8.71,8.71,8.71,8.71,10.46,11.33,11.33,10.46,8.28,8.28,8.28,8.28
N_17_13,N_16_11,10.134472146161949,5.62,5.62,5.62,5.62,5.62,5.62,6.99,6.99,7.6,7.6,6.08,6.08,6.08,6.08,6.08,6.08,7.3,7.9,7.9,7.3,5.78,5.78,5.78,5.78
N_17_13,N_16_15,14.72786334363397,8.17,8.17,8.17,8.17,8.17,8.17,10.16,10.16,11.05,11.05,8.84,8.84,8.84,8.84,8.84,8.84,10.6,11.49,11.49,10.6,8.39,8.39,8.39,8.39
N_17_13,N_17_12,14.52490691065237,8.06,8.06,8.06,8.06,8.06,8.06,10.02,10.02,10.89,10.89,8.71,8.71,8.71,8.71,8.71,8.71,10.46,11.33,11.33,10.46,8.28,8.28,8.28,8.28
N_17_13,N_15_14,5.581334148284324,5.69,5.69,5.69,5.69,5.69,5.69,8.71,8.71,10.05,10.05,6.7,6.7,6.7,6.7,6.7,6.7,9.38,10.72,10.72,9.38,6.03,6.03,6.03,6.03
N_17_14,N_15_15,6.238213710250173,6.36,6.36,6.36,6.36,6.36,6.36,9.73,9.73,11.23,11.23,7.49,7.49,7.49,7.49,7.49,7.49,10.48,11.98,11.98,10.48,6.74,6.74,6.74,6.74
N_17_14,N_16_12,5.002587287654979,5.1,5.1,5.1,5.1,5.1,5.1,7.8,7.8,9.0,9.0,6.0,6.0,6.0,6.0,6.0,6.0,8.4,9.6,9.6,8.4,5.4,5.4,5.4,5.4
N_17_14,N_16_13,1.672159542262239,2.74,2.74,2.74,2.74,2.74,2.74,4.55,4.55,5.35,5.35,3.34,3.34,3.34,3.34,3.34,3.34,4.95,5.75,5.75,4.95,2.94,2.94,2.94,2.94
N_17_14,N_15_14,6.697282365788581,6.83,6.83,6.83,6.83,6.83,6.83,10.45,10.45,12.06,12.06,8.04,8.04,8.04,8.04,8.04,8.04,11.25,12.86,12.86,11.25,7.23,7.23,7.23,7.23
N_17_15,N_18_15,5.932168943612265,6.05,6.05,6.05,6.05,6.05,6.05,9.25,9.25,10.68,10.68,7.12,7.12,7.12,7.12,7.12,7.12,9.97,11.39,11.39,9.97,6.41,6.41,6.41,6.41
N_17_15,N_19_14,5.816188786456944,5.93,5.93,5.93,5.93,5.93,5.93,9.07,9.07,10.47,10.47,6.98,6.98,6.98,6.98,6.98,6.98,9.77,11.17,11.17,9.77,6.28,6.28,6.28,6.28
N_17_15,N_19_15,14.63938318022838,8.12,8.12,8.12,8.12,8.12,8.12,10.1,10.1,10.98,10.98,8.78,8.78,8.78,8.78,8.78,8.78,10.54,11.42,11.42,10.54,8.34,8.34,8.34,8.34
N_17_15,N_16_14,0.8712760836026199,1.43,1.43,1.43,1.43,1.43,1.43,2.37,2.37,2.79,2.79,1.74,1.74,1.74,1.74,1.74,1.74,2.58,3.0,3.0,2.58,1.53,1.53,1.53,1.53
N_17_16,N_16_17,4.911588474666903,5.01,5.01,5.01,5.01,5.01,5.01,7.66,7.66,8.84,8.84,5.89,5.89,5.89,5.89,5.89,5.89,8.25,9.43,9.43,8.25,5.3,5.3,5.3,5.3
N_17_16,N_18_15,8.427395268250741,4.68,4.68,4.68,4.68,4.68,4.68,5.81,5.81,6.32,6.32,5.06,5.06,5.06,5.06,5.06,5.06,6.07,6.57,6.57,6.07,4.8,4.8,4.8,4.8
N_17_16,N_15_16,12.07711813989617,6.7,6.7,6.7,6.7,6.7,6.7,8.33,8.33,9.06,9.06,7.25,7.25,7.25,7.25,7.25,7.25,8.7,9.42,9.42,8.7,6.88,6.88,6.88,6.88
N_17_16,N_15_17,11.656341810096098,6.47,6.47,6.47,6.47,6.47,6.47,8.04,8.04,8.74,8.74,6.99,6.99,6.99,6.99,6.99,6.99,8.39,9.09,9.09,8.39,6.64,6.64,6.64,6.64
N_17_16,N_16_14,6.9475873697417345,7.09,7.09,7.09,7.09,7.09,7.09,10.84,10.84,12.51,12.51,8.34,8.34,8.34,8.34,8.34,8.34,11.67,13.34,13.34,11.67,7.5,7.5,7.5,7.5
N_17_16,N_17_18,1.4464635663764422,2.37,2.37,2.37,2.37,2.37,2.37,3.93,3.93,4.63,4.63,2.89,2.89,2.89,2.89,2.89,2.89,4.28,4.98,4.98,4.28,2.55,2.55,2.55,2.55
N_17_17,N_16_17,5.612235396268421,5.72,5.72,5.72,5.72,5.72,5.72,8.76,8.76,10.1,10.1,6.73,6.73,6.73,6.73,6.73,6.73,9.43,10.78,10.78,9.43,6.06,6.06,6.06,6.06
N_17_17,N_16_19,1.8454128082623484,3.03,3.03,3.03,3.03,3.03,3.03,5.02,5.02,5.91,5.91,3.69,3.69,3.69,3.69,3.69,3.69,5.46,6.35,6.35,5.46,3.25,3.25,3.25,3.25
N_17_17,N_15_18,6.551882205159578,6.68,6.68,6.68,6.68,6.68,6.68,10.22,10.22,11.79,11.79,7.86,7.86,7.86,7.86,7.86,7.86,11.01,12.58,12.58,11.01,7.08,7.08,7.08,7.08
N_17_17,N_17_19,6.476021126825492,6.61,6.61,6.61,6.61,6.61,6.61,10.1,10.1,11.66,11.66,7.77,7.77,7.77,7.77,7.77,7.77,10.88,12.43,12.43,10.88,6.99,6.99,6.99,6.99
N_17_18,N_15_18,4.093459727384739,4.18,4.18,4.18,4.18,4.18,4.18,6.39,6.39,7.37,7.37,4.91,4.91,4.91,4.91,4.91,4.91,6.88,7.86,7.86,6.88,4.42,4.42,4.42,4.42
N_17_18,N_16_17,3.672753327549209,3.75,3.75,3.75,3.75,3.75,3.75,5.73,5.73,6.61,6.61,4.41,4.41,4.41,4.41,4.41,4.41,6.17,7.05,7.05,6.17,3.97,3.97,3.97,3.97
N_17_18,N_17_16,1.4464635663764422,2.37,2.37,2.37,2.37,2.37,2.37,3.93,3.93,4.63,4.63,2.89,2.89,2.89,2.89,2.89,2.89,4.28,4.98,4.98,4.28,2.55,2.55,2.55,2.55
N_17_18,N_18_19,5.450369381724608,5.56,5.56,5.56,5.56,5.56,5.56,8.5,8.5,9.81,9.81,6.54,6.54,6.54,6.54,6.54,6.54,9.16,10.46,10.46,9.16,5.89,5.89,5.89,5.89
N_17_18,N_19_18,6.725933877869773,6.86,6.86,6.86,6.86,6.86,6.86,10.49,10.49,12.11,12.11,8.07,8.07,8.07,8.07,8.07,8.07,11.3,12.91,12.91,11.3,7.26,7.26,7.26,7.26
N_17_18,N_16_16,2.2142000004574616,3.63,3.63,3.63,3.63,3.63,3.63,6.02,6.02,7.09,7.09,4.43,4.43,4.43,4.43,4.43,4.43,6.55,7.62,7.62,6.55,3.9,3.9,3.9,3.9
N_17_19,N_17_17,6.476021126825492,6.61,6.61,6.61,6.61,6.61,6.61,10.1,10.1,11.66,11.66,7.77,7.77,7.77,7.77,7.77,7.77,10.88,12.43,12.43,10.88,6.99,6.99,6.99,6.99
N_17_19,N_15_18,14.609469150142488,8.11,8.11,8.11,8.11,8.11,8.11,10.08,10.08,10.96,10.96,8.77,8.77,8.77,8.77,8.77,8.77,10.52,11.4,11.4,10.52,8.33,8.33,8.33,8.33
N_17_2,N_18_2,2.3635599102969778,3.88,3.88,3.88,3.88,3.88,3.88,6.43,6.43,7.56,7.56,4.73,4.73,4.73,4.73,4.73,4.73,7.0,8.13,8.13,7.0,4.16,4.16,4.16,4.16
N_17_2,N_15_3,5.575946162439161,5.69,5.69,5.69,5.69,5.69,5.69,8.7,8.7,10.04,10.04,6.69,6.69,6.69,6.69,6.69,6.69,9.37,10.71,10.71,9.37,6.02,6.02,6.02,6.02
N_17_20,N_16_22,9.151371026818248,5.08,5.08,5.08,5.08,5.08,5.08,6.31,6.31,6.86,6.86,5.49,5.49,5.49,5.49,5.49,5.49,6.59,7.14,7.14,6.59,5.22,5.22,5.22,5.22
N_17_20,N_15_19,1.6538336833852214,2.71,2.71,2.71,2.71,2.71,2.71,4.5,4.5,5.29,5.29,3.31,3.31,3.31,3.31,3.31,3.31,4.9,5.69,5.69,4.9,2.91,2.91,2.91,2.91
N_17_20,N_18_22,11.749221282668438,6.52,6.52,6.52,6.52,6.52,6.52,8.11,8.11,8.81,8.81,7.05,7.05,7.05,7.05,7.05,7.05,8.46,9.16,9.16,8.46,6.7,6.7,6.7,6.7
N_17_21,N_16_20,9.356391799590504,5.19,5.19,5.19,5.19,5.19,5.19,6.46,6.46,7.02,7.02,5.61,5.61,5.61,5.61,5.61,5.61,6.74,7.3,7.3,6.74,5.33,5.33,5.33,5.33
N_17_21,N_15_22,12.657454929827841,7.02,7.02,7.02,7.02,7.02,7.02,8.73,8.73,9.49,9.49,7.59,7.59,7.59,7.59,7.59,7.59,9.11,9.87,9.87,9.11,7.21,7.21,7.21,7.21
N_17_22,N_17_21,2.368865814960281,3.88,3.88,3.88,3.88,3.88,3.88,6.44,6.44,7.58,7.58,4.74,4.74,4.74,4.74,4.74,4.74,7.01,8.15,8.15,7.01,4.17,4.17,4.17,4.17
N_17_22,N_17_24,6.692631419462916,6.83,6.83,6.83,6.83,6.83,6.83,10.44,10.44,12.05,12.05,8.03,8.03,8.03,8.03,8.03,8.03,11.24,12.85,12.85,11.24,7.23,7.23,7.23,7.23
N_17_23,N_15_23,13.758954080169465,7.64,7.64,7.64,7.64,7.64,7.64,9.49,9.49,10.32,10.32,8.26,8.26,8.26,8.26,8.26,8.26,9.91,10.73,10.73,9.91,7.84,7.84,7.84,7.84
N_17_23,N_16_22,1.6850615411582723,2.76,2.76,2.76,2.76,2.76,2.76,4.58,4.58,5.39,5.39,3.37,3.37,3.37,3.37,3.37,3.37,4.99,5.8,5.8,4.99,2.97,2.97,2.97,2.97
N_17_23,N_16_25,5.1920401273301975,5.3,5.3,5.3,5.3,5.3,5.3,8.1,8.1,9.35,9.35,6.23,6.23,6.23,6.23,6.23,6.23,8.72,9.97,9.97,8.72,5.61,5.61,5.61,5.61
N_17_23,N_15_22,6.165109860312452,6.29,6.29,6.29,6.29,6.29,6.29,9.62,9.62,11.1,11.1,7.4,7.4,7.4,7.4,7.4,7.4,10.36,11.84,11.84,10.36,6.66,6.66,6.66,6.66
N_17_24,N_16_22,4.001637883399534,4.08,4.08,4.08,4.08,4.08,4.08,6.24,6.24,7.2,7.2,4.8,4.8,4.8,4.8,4.8,4.8,6.72,7.68,7.68,6.72,4.32,4.32,4.32,4.32
N_17_24,N_16_25,5.6068199203721765,5.72,5.72,5.72,5.72,5.72,5.72,8.75,8.75,10.09,10.09,6.73,6.73,6.73,6.73,6.73,6.73,9.42,10.77,10.77,9.42,6.06,6.06,6.06,6.06
N_17_24,N_17_23,6.953936751438103,7.09,7.09,7.09,7.09,7.09,7.09,10.85,10.85,12.52,12.52,8.34,8.34,8.34,8.34,8.34,8.34,11.68,13.35,13.35,11.68,7.51,7.51,7.51,7.51
N_17_24,N_17_22,1.354222128979046,2.22,2.22,2.22,2.22,2.22,2.22,3.68,3.68,4.33,4.33,2.71,2.71,2.71,2.71,2.71,2.71,4.01,4.66,4.66,4.01,2.38,2.38,2.38,2.38
N_17_24,N_16_23,14.861937318802223,8.25,8.25,8.25,8.25,8.25,8.25,10.25,10.25,11.15,11.15,8.92,8.92,8.92,8.92,8.92,8.92,10.7,11.59,11.59,10.7,8.47,8.47,8.47,8.47
N_17_24,N_18_25,6.878907893555413,7.02,7.02,7.02,7.02,7.02,7.02,10.73,10.73,12.38,12.38,8.25,8.25,8.25,8.25,8.25,8.25,11.56,13.21,13.21,11.56,7.43,7.43,7.43,7.43
N_17_25,N_15_24,3.4800015424677024,3.55,3.55,3.55,3.55,3.55,3.55,5.43,5.43,6.26,6.26,4.18,4.18,4.18,4.18,4.18,4.18,5.85,6.68,6.68,5.85,3.76,3.76,3.76,3.76
N_17_25,N_18_26,5.6751688393497,5.79,5.79,5.79,5.79,5.79,5.79,8.85,8.85,10.22,10.22,6.81,6.81,6.81,6.81,6.81,6.81,9.53,10.9,10.9,9.53,6.13,6.13,6.13,6.13
N_17_25,N_17_24,12.010873361762206,6.67,6.67,6.67,6.67,6.67,6.67,8.29,8.29,9.01,9.01,7.21,7.21,7.21,7.21,7.21,7.21,8.65,9.37,9.37,8.65,6.85,6.85,6.85,6.85
N_17_25,N_18_25,13.217515063746815,7.34,7.34,7.34,7.34,7.34,7.34,9.12,9.12,9.91,9.91,7.93,7.93,7.93,7.93,7.93,7.93,9.52,10.31,10.31,9.52,7.53,7.53,7.53,7.53
N_17_26,N_16_24,12.166225753673135,6.75,6.75,6.75,6.75,6.75,6.75,8.39,8.39,9.12,9.12,7.3,7.3,7.3,7.3,7.3,7.3,8.76,9.49,9.49,8.76,6.93,6.93,6.93,6.93
N_17_26,N_16_27,13.860007577337703,7.69,7.69,7.69,7.69,7.69,7.69,9.56,9.56,10.4,10.4,8.32,8.32,8.32,8.32,8.32,8.32,9.98,10.81,10.81,9.98,7.9,7.9,7.9,7.9
N_17_27,N_18_27,1.5122966214802551,2.48,2.48,2.48,2.48,2.48,2.48,4.11,4.11,4.84,4.84,3.02,3.02,3.02,3.02,3.02,3.02,4.48,5.2,5.2,4.48,2.66,2.66,2.66,2.66
N_17_27,N_18_26,4.692205309185478,4.79,4.79,4.79,4.79,4.79,4.79,7.32,7.32,8.45,8.45,5.63,5.63,5.63,5.63,5.63,5.63,7.88,9.01,9.01,7.88,5.07,5.07,5.07,5.07
N_17_27,N_19_28,10.104199844026295,5.61,5.61,5.61,5.61,5.61,5.61,6.97,6.97,7.58,7.58,6.06,6.06,6.06,6.06,6.06,6.06,7.28,7.88,7.88,7.28,5.76,5.76,5.76,5.76
N_17_27,N_16_28,6.131207296055461,6.25,6.25,6.25,6.25,6.25,6.25,9.56,9.56,11.04,11.04,7.36,7.36,7.36,7.36,7.36,7.36,10.3,11.77,11.77,10.3,6.62,6.62,6.62,6.62
N_17_28,N_16_26,4.109582875028018,4.19,4.19,4.19,4.19,4.19,4.19,6.41,6.41,7.4,7.4,4.93,4.93,4.93,4.93,4.93,4.93,6.9,7.89,7.89,6.9,4.44,4.44,4.44,4.44
N_17_28,N_16_27,5.199394442289095,5.3,5.3,5.3,5.3,5.3,5.3,8.11,8.11,9.36,9.36,6.24,6.24,6.24,6.24,6.24,6.24,8.73,9.98,9.98,8.73,5.62,5.62,5.62,5.62
N_17_28,N_16_30,3.6532774984854273,3.73,3.73,3.73,3.73,3.73,3.73,5.7,5.7,6.58,6.58,4.38,4.38,4.38,4.38,4.38,4.38,6.14,7.01,7.01,6.14,3.95,3.95,3.95,3.95
N_17_28,N_17_30,1.853051340957632,3.04,3.04,3.04,3.04,3.04,3.04,5.04,5.04,5.93,5.93,3.71,3.71,3.71,3.71,3.71,3.71,5.49,6.37,6.37,5.49,3.26,3.26,3.26,3.26
N_17_28,N_19_28,9.426340278192656,5.23,5.23,5.23,5.23,5.23,5.23,6.5,6.5,7.07,7.07,5.66,5.66,5.66,5.66,5.66,5.66,6.79,7.35,7.35,6.79,5.37,5.37,5.37,5.37
N_17_29,N_15_29,10.221221707551098,5.67,5.67,5.67,5.67,5.67,5.67,7.05,7.05,7.67,7.67,6.13,6.13,6.13,6.13,6.13,6.13,7.36,7.97,7.97,7.36,5.83,5.83,5.83,5.83
N_17_29,N_16_30,5.598949046033754,5.71,5.71,5.71,5.71,5.71,5.71,8.73,8.73,10.08,10.08,6.72,6.72,6.72,6.72,6.72,6.72,9.41,10.75,10.75,9.41,6.05,6.05,6.05,6.05
N_17_3,N_15_3,9.821567745096122,5.45,5.45,5.45,5.45,5.45,5.45,6.78,6.78,7.37,7.37,5.89,5.89,5.89,5.89,5.89,5.89,7.07,7.66,7.66,7.07,5.6,5.6,5.6,5.6
N_17_3,N_16_1,3.9905333252318775,4.07,4.07,4.07,4.07,4.07,4.07,6.23,6.23,7.18,7.18,4.79,4.79,4.79,4.79,4.79,4.79,6.7,7.66,7.66,6.7,4.31,4.31,4.31,4.31
N_17_30,N_16_32,12.22823830683507,6.79,6.79,6.79,6.79,6.79,6.79,8.44,8.44,9.17,9.17,7.34,7.34,7.34,7.34,7.34,7.34,8.8,9.54,9.54,8.8,6.97,6.97,6.97,6.97
N_17_30,N_19_29,3.510288812490136,3.58,3.58,3.58,3.58,3.58,3.58,5.48,5.48,6.32,6.32,4.21,4.21,4.21,4.21,4.21,4.21,5.9,6.74,6.74,5.9,3.79,3.79,3.79,3.79
N_17_30,N_18_30,10.651604652203062,5.91,5.91,5.91,5.91,5.91,5.91,7.35,7.35,7.99,7.99,6.39,6.39,6.39,6.39,6.39,6.39,7.67,8.31,8.31,7.67,6.07,6.07,6.07,6.07
N_17_30,N_18_28,13.077934909420865,7.26,7.26,7.26,7.26,7.26,7.26,9.02,9.02,9.81,9.81,7.85,7.85,7.85,7.85,7.85,7.85,9.42,10.2,10.2,9.42,7.45,7.45,7.45,7.45
N_17_31,N_15_32,9.457559184287375,5.25,5.25,5.25,5.25,5.25,5.25,6.53,6.53,7.09,7.09,5.67,5.67,5.67,5.67,5.67,5.67,6.81,7.38,7.38,6.81,5.39,5.39,5.39,5.39
N_17_31,N_18_32,1.7693533611219356,2.9,2.9,2.9,2.9,2.9,2.9,4.81,4.81,5.66,5.66,3.54,3.54,3.54,3.54,3.54,3.54,5.24,6.09,6.09,5.24,3.11,3.11,3.11,3.11
N_17_31,N_16_29,3.338340483409448,3.41,3.41,3.41,3.41,3.41,3.41,5.21,5.21,6.01,6.01,4.01,4.01,4.01,4.01,4.01,4.01,5.61,6.41,6.41,5.61,3.61,3.61,3.61,3.61
N_17_32,N_16_30,13.897021201392647,7.71,7.71,7.71,7.71,7.71,7.71,9.59,9.59,10.42,10.42,8.34,8.34,8.34,8.34,8.34,8.34,10.01,10.84,10.84,10.01,7.92,7.92,7.92,7.92
N_17_32,N_16_34,5.998671810181755,6.12,6.12,6.12,6.12,6.12,6.12,9.36,9.36,10.8,10.8,7.2,7.2,7.2,7.2,7.2,7.2,10.08,11.52,11.52,10.08,6.48,6.48,6.48,6.48
N_17_32,N_16_32,6.803473559631674,6.94,6.94,6.94,6.94,6.94,6.94,10.61,10.61,12.25,12.25,8.16,8.16,8.16,8.16,8.16,8.16,11.43,13.06,13.06,11.43,7.35,7.35,7.35,7.35
N_17_32,N_15_33,1.556222836436005,2.55,2.55,2.55,2.55,2.55,2.55,4.23,4.23,4.98,4.98,3.11,3.11,3.11,3.11,3.11,3.11,4.61,5.35,5.35,4.61,2.74,2.74,2.74,2.74
N_17_33,N_19_34,0.9995304470021487,1.64,1.64,1.64,1.64,1.64,1.64,2.72,2.72,3.2,3.2,2.0,2.0,2.0,2.0,2.0,2.0,2.96,3.44,3.44,2.96,1.76,1.76,1.76,1.76
N_17_33,N_16_31,3.4714616027493697,3.54,3.54,3.54,3.54,3.54,3.54,5.42,5.42,6.25,6.25,4.17,4.17,4.17,4.17,4.17,4.17,5.83,6.67,6.67,5.83,3.75,3.75,3.75,3.75
N_17_33,N_16_34,9.49146161240071,5.27,5.27,5.27,5.27,5.27,5.27,6.55,6.55,7.12,7.12,5.69,5.69,5.69,5.69,5.69,5.69,6.83,7.4,7.4,6.83,5.41,5.41,5.41,5.41
N_17_33,N_18_31,3.8698527790026773,3.95,3.95,3.95,3.95,3.95,3.95,6.04,6.04,6.97,6.97,4.64,4.64,4.64,4.64,4.64,4.64,6.5,7.43,7.43,6.5,4.18,4.18,4.18,4.18
N_17_34,N_16_32,1.9323707184168846,3.17,3.17,3.17,3.17,3.17,3.17,5.26,5.26,6.18,6.18,3.86,3.86,3.86,3.86,3.86,3.86,5.72,6.65,6.65,5.72,3.4,3.4,3.4,3.4
N_17_34,N_18_32,11.444322834780895,6.35,6.35,6.35,6.35,6.35,6.35,7.9,7.9,8.58,8.58,6.87,6.87,6.87,6.87,6.87,6.87,8.24,8.93,8.93,8.24,6.52,6.52,6.52,6.52
N_17_35,N_15_36,8.816747822561354,4.89,4.89,4.89,4.89,4.89,4.89,6.08,6.08,6.61,6.61,5.29,5.29,5.29,5.29,5.29,5.29,6.35,6.88,6.88,6.35,5.03,5.03,5.03,5.03
N_17_35,N_18_33,11.07000448252229,6.14,6.14,6.14,6.14,6.14,6.14,7.64,7.64,8.3,8.3,6.64,6.64,6.64,6.64,6.64,6.64,7.97,8.63,8.63,7.97,6.31,6.31,6.31,6.31
N_17_36,N_16_37,6.793503358343093,6.93,6.93,6.93,6.93,6.93,6.93,10.6,10.6,12.23,12.23,8.15,8.15,8.15,8.15,8.15,8.15,11.41,13.04,13.04,11.41,7.34,7.34,7.34,7.34
N_17_36,N_16_35,0.7375846120878355,1.21,1.21,1.21,1.21,1.21,1.21,2.01,2.01,2.36,2.36,1.48,1.48,1.48,1.48,1.48,1.48,2.18,2.54,2.54,2.18,1.3,1.3,1.3,1.3
N_17_36,N_19_36,5.726945928165941,5.84,5.84,5.84,5.84,5.84,5.84,8.93,8.93,10.31,10.31,6.87,6.87,6.87,6.87,6.87,6.87,9.62,11.0,11.0,9.62,6.19,6.19,6.19,6.19
N_17_36,N_15_37,6.121349986844257,6.24,6.24,6.24,6.24,6.24,6.24,9.55,9.55,11.02,11.02,7.35,7.35,7.35,7.35,7.35,7.35,10.28,11.75,11.75,10.28,6.61,6.61,6.61,6.61
N_17_37,N_15_36,1.7037748802589088,2.79,2.79,2.79,2.79,2.79,2.79,4.63,4.63,5.45,5.45,3.41,3.41,3.41,3.41,3.41,3.41,5.04,5.86,5.86,5.04,3.0,3.0,3.0,3.0
N_17_37,N_15_38,5.217218100995611,5.32,5.32,5.32,5.32,5.32,5.32,8.14,8.14,9.39,9.39,6.26,6.26,6.26,6.26,6.26,6.26,8.76,10.02,10.02,8.76,5.63,5.63,5.63,5.63
N_17_38,N_16_37,3.6351249993952943,3.71,3.71,3.71,3.71,3.71,3.71,5.67,5.67,6.54,6.54,4.36,4.36,4.36,4.36,4.36,4.36,6.11,6.98,6.98,6.11,3.93,3.93,3.93,3.93
N_17_38,N_16_38,14.198792726500162,7.88,7.88,7.88,7.88,7.88,7.88,9.8,9.8,10.65,10.65,8.52,8.52,8.52,8.52,8.52,8.52,10.22,11.08,11.08,10.22,8.09,8.09,8.09,8.09
N_17_39,N_15_39,0.7338814809141874,1.2,1.2,1.2,1.2,1.2,1.2,2.0,2.0,2.35,2.35,1.47,1.47,1.47,1.47,1.47,1.47,2.17,2.52,2.52,2.17,1.29,1.29,1.29,1.29
N_17_39,N_18_37,8.926070688731835,4.95,4.95,4.95,4.95,4.95,4.95,6.16,6.16,6.69,6.69,5.36,5.36,5.36,5.36,5.36,5.36,6.43,6.96,6.96,6.43,5.09,5.09,5.09,5.09
N_17_4,N_15_5,2.247391350796631,3.69,3.69,3.69,3.69,3.69,3.69,6.11,6.11,7.19,7.19,4.49,4.49,4.49,4.49,4.49,4.49,6.65,7.73,7.73,6.65,3.96,3.96,3.96,3.96
N_17_4,N_16_2,5.836791108781726,5.95,5.95,5.95,5.95,5.95,5.95,9.11,9.11,10.51,10.51,7.0,7.0,7.0,7.0,7.0,7.0,9.81,11.21,11.21,9.81,6.3,6.3,6.3,6.3
N_17_4,N_18_3,4.217159959973542,4.3,4.3,4.3,4.3,4.3,4.3,6.58,6.58,7.59,7.59,5.06,5.06,5.06,5.06,5.06,5.06,7.08,8.1,8.1,7.08,4.55,4.55,4.55,4.55
N_17_4,N_16_3,10.457171596445882,5.8,5.8,5.8,5.8,5.8,5.8,7.22,7.22,7.84,7.84,6.27,6.27,6.27,6.27,6.27,6.27,7.53,8.16,8.16,7.53,5.96,5.96,5.96,5.96
N_17_5,N_17_7,4.217426780209798,4.3,4.3,4.3,4.3,4.3,4.3,6.58,6.58,7.59,7.59,5.06,5.06,5.06,5.06,5.06,5.06,7.09,8.1,8.1,7.09,4.55,4.55,4.55,4.55
N_17_5,N_17_4,11.862377586910467,6.58,6.58,6.58,6.58,6.58,6.58,8.19,8.19,8.9,8.9,7.12,7.12,7.12,7.12,7.12,7.12,8.54,9.25,9.25,8.54,6.76,6.76,6.76,6.76
N_17_6,N_15_5,1.1754695092234084,1.93,1.93,1.93,1.93,1.93,1.93,3.2,3.2,3.76,3.76,2.35,2.35,2.35,2.35,2.35,2.35,3.48,4.04,4.04,3.48,2.07,2.07,2.07,2.07
N_17_6,N_17_8,11.120388608265701,6.17,6.17,6.17,6.17,6.17,6.17,7.67,7.67,8.34,8.34,6.67,6.67,6.67,6.67,6.67,6.67,8.01,8.67,8.67,8.01,6.34,6.34,6.34,6.34
N_17_6,N_19_6,1.7380207381084258,2.85,2.85,2.85,2.85,2.85,2.85,4.73,4.73,5.56,5.56,3.48,3.48,3.48,3.48,3.48,3.48,5.14,5.98,5.98,5.14,3.06,3.06,3.06,3.06
N_17_6,N_19_5,6.043952053844903,6.16,6.16,6.16,6.16,6.16,6.16,9.43,9.43,10.88,10.88,7.25,7.25,7.25,7.25,7.25,7.25,10.15,11.6,11.6,10.15,6.53,6.53,6.53,6.53
N_17_6,N_18_4,8.894823613330328,4.94,4.94,4.94,4.94,4.94,4.94,6.14,6.14,6.67,6.67,5.34,5.34,5.34,5.34,5.34,5.34,6.4,6.94,6.94,6.4,5.07,5.07,5.07,5.07
N_17_6,N_18_8,6.566346611889461,6.7,6.7,6.7,6.7,6.7,6.7,10.24,10.24,11.82,11.82,7.88,7.88,7.88,7.88,7.88,7.88,11.03,12.61,12.61,11.03,7.09,7.09,7.09,7.09
N_17_7,N_16_5,3.9541612923141027,4.03,4.03,4.03,4.03,4.03,4.03,6.17,6.17,7.12,7.12,4.74,4.74,4.74,4.74,4.74,4.74,6.64,7.59,7.59,6.64,4.27,4.27,4.27,4.27
N_17_7,N_16_7,10.110739740526794,5.61,5.61,5.61,5.61,5.61,5.61,6.98,6.98,7.58,7.58,6.07,6.07,6.07,6.07,6.07,6.07,7.28,7.89,7.89,7.28,5.76,5.76,5.76,5.76
N_17_8,N_16_8,14.384722784871297,7.98,7.98,7.98,7.98,7.98,7.98,9.93,9.93,10.79,10.79,8.63,8.63,8.63,8.63,8.63,8.63,10.36,11.22,11.22,10.36,8.2,8.2,8.2,8.2
N_17_8,N_17_6,11.120388608265701,6.17,6.17,6.17,6.17,6.17,6.17,7.67,7.67,8.34,8.34,6.67,6.67,6.67,6.67,6.67,6.67,8.01,8.67,8.67,8.01,6.34,6.34,6.34,6.34
N_17_8,N_19_7,12.00328584406267,6.66,6.66,6.66,6.66,6.66,6.66,8.28,8.28,9.0,9.0,7.2,7.2,7.2,7.2,7.2,7.2,8.64,9.36,9.36,8.64,6.84,6.84,6.84,6.84
N_17_9,N_17_10,11.089632495931392,6.15,6.15,6.15,6.15,6.15,6.15,7.65,7.65,8.32,8.32,6.65,6.65,6.65,6.65,6.65,6.65,7.98,8.65,8.65,7.98,6.32,6.32,6.32,6.32
N_17_9,N_16_9,6.768184002745225,6.9,6.9,6.9,6.9,6.9,6.9,10.56,10.56,12.18,12.18,8.12,8.12,8.12,8.12,8.12,8.12,11.37,12.99,12.99,11.37,7.31,7.31,7.31,7.31
N_18_0,N_19_0,6.785711309476546,6.92,6.92,6.92,6.92,6.92,6.92,10.59,10.59,12.21,12.21,8.14,8.14,8.14,8.14,8.14,8.14,11.4,13.03,13.03,11.4,7.33,7.33,7.33,7.33
N_18_0,N_19_1,8.935281201142073,4.96,4.96,4.96,4.96,4.96,4.96,6.17,6.17,6.7,6.7,5.36,5.36,5.36,5.36,5.36,5.36,6.43,6.97,6.97,6.43,5.09,5.09,5.09,5.09
N_18_0,N_17_0,14.89682898969087,8.27,8.27,8.27,8.27,8.27,8.27,10.28,10.28,11.17,11.17,8.94,8.94,8.94,8.94,8.94,8.94,10.73,11.62,11.62,10.73,8.49,8.49,8.49,8.49
N_18_0,N_17_1,10.488382075242379,5.82,5.82,5.82,5.82,5.82,5.82,7.24,7.24,7.87,7.87,6.29,6.29,6.29,6.29,6.29,6.29,7.55,8.18,8.18,7.55,5.98,5.98,5.98,5.98
N_18_1,N_16_1,6.291370891885444,6.42,6.42,6.42,6.42,6.42,6.42,9.81,9.81,11.32,11.32,7.55,7.55,7.55,7.55,7.55,7.55,10.57,12.08,12.08,10.57,6.79,6.79,6.79,6.79
N_18_1,N_17_2,6.4328853414326215,6.56,6.56,6.56,6.56,6.56,6.56,10.04,10.04,11.58,11.58,7.72,7.72,7.72,7.72,7.72,7.72,10.81,12.35,12.35,10.81,6.95,6.95,6.95,6.95
N_18_10,N_17_12,9.140430541312481,5.07,5.07,5.07,5.07,5.07,5.07,6.31,6.31,6.86,6.86,5.48,5.48,5.48,5.48,5.48,5.48,6.58,7.13,7.13,6.58,5.21,5.21,5.21,5.21
N_18_10,N_19_9,5.43128830754304,5.54,5.54,5.54,5.54,5.54,5.54,8.47,8.47,9.78,9.78,6.52,6.52,6.52,6.52,6.52,6.52,9.12,10.43,10.43,9.12,5.87,5.87,5.87,5.87
N_18_10,N_16_9,9.716776841768391,5.39,5.39,5.39,5.39,5.39,5.39,6.7,6.7,7.29,7.29,5.83,5.83,5.83,5.83,5.83,5.83,7.0,7.58,7.58,7.0,5.54,5.54,5.54,5.54
N_18_10,N_20_10,0.700467597310348,1.15,1.15,1.15,1.15,1.15,1.15,1.91,1.91,2.24,2.24,1.4,1.4,1.4,1.4,1.4,1.4,2.07,2.41,2.41,2.07,1.23,1.23,1.23,1.23
N_18_11,N_17_11,6.27302143986195,6.4,6.4,6.4,6.4,6.4,6.4,9.79,9.79,11.29,11.29,7.53,7.53,7.53,7.53,7.53,7.53,10.54,12.04,12.04,10.54,6.77,6.77,6.77,6.77
N_18_11,N_19_11,8.974610689006582,4.98,4.98,4.98,4.98,4.98,4.98,6.19,6.19,6.73,6.73,5.38,5.38,5.38,5.38,5.38,5.38,6.46,7.0,7.0,6.46,5.12,5.12,5.12,5.12
N_18_11,N_16_10,2.1309298450223273,3.49,3.49,3.49,3.49,3.49,3.49,5.8,5.8,6.82,6.82,4.26,4.26,4.26,4.26,4.26,4.26,6.31,7.33,7.33,6.31,3.75,3.75,3.75,3.75
N_18_11,N_19_9,3.975235434051618,4.05,4.05,4.05,4.05,4.05,4.05,6.2,6.2,7.16,7.16,4.77,4.77,4.77,4.77,4.77,4.77,6.68,7.63,7.63,6.68,4.29,4.29,4.29,4.29
N_18_12,N_17_10,14.807886403181207,8.22,8.22,8.22,8.22,8.22,8.22,10.22,10.22,11.11,11.11,8.88,8.88,8.88,8.88,8.88,8.88,10.66,11.55,11.55,10.66,8.44,8.44,8.44,8.44
N_18_12,N_16_12,4.147384829100501,4.23,4.23,4.23,4.23,4.23,4.23,6.47,6.47,7.47,7.47,4.98,4.98,4.98,4.98,4.98,4.98,6.97,7.96,7.96,6.97,4.48,4.48,4.48,4.48
N_18_13,N_16_12,5.3984459394623485,5.51,5.51,5.51,5.51,5.51,5.51,8.42,8.42,9.72,9.72,6.48,6.48,6.48,6.48,6.48,6.48,9.07,10.37,10.37,9.07,5.83,5.83,5.83,5.83
N_18_13,N_19_13,12.670913694874383,7.03,7.03,7.03,7.03,7.03,7.03,8.74,8.74,9.5,9.5,7.6,7.6,7.6,7.6,7.6,7.6,9.12,9.88,9.88,9.12,7.22,7.22,7.22,7.22
N_18_13,N_17_15,1.1967713665277089,1.96,1.96,1.96,1.96,1.96,1.96,3.26,3.26,3.83,3.83,2.39,2.39,2.39,2.39,2.39,2.39,3.54,4.12,4.12,3.54,2.11,2.11,2.11,2.11
N_18_13,N_17_14,1.8234634305404498,2.99,2.99,2.99,2.99,2.99,2.99,4.96,4.96,5.84,5.84,3.65,3.65,3.65,3.65,3.65,3.65,5.4,6.27,6.27,5.4,3.21,3.21,3.21,3.21
N_18_14,N_18_15,10.695121783526698,5.94,5.94,5.94,5.94,5.94,5.94,7.38,7.38,8.02,8.02,6.42,6.42,6.42,6.42,6.42,6.42,7.7,8.34,8.34,7.7,6.1,6.1,6.1,6.1
N_18_14,N_17_14,5.773683338548209,5.89,5.89,5.89,5.89,5.89,5.89,9.01,9.01,10.39,10.39,6.93,6.93,6.93,6.93,6.93,6.93,9.7,11.09,11.09,9.7,6.24,6.24,6.24,6.24
N_18_15,N_17_15,5.932168943612265,6.05,6.05,6.05,6.05,6.05,6.05,9.25,9.25,10.68,10.68,7.12,7.12,7.12,7.12,7.12,7.12,9.97,11.39,11.39,9.97,6.41,6.41,6.41,6.41
N_18_15,N_18_14,10.695121783526698,5.94,5.94,5.94,5.94,5.94,5.94,7.38,7.38,8.02,8.02,6.42,6.42,6.42,6.42,6.42,6.42,7.7,8.34,8.34,7.7,6.1,6.1,6.1,6.1
N_18_15,N_18_17,3.9407722759756276,4.02,4.02,4.02,4.02,4.02,4.02,6.15,6.15,7.09,7.09,4.73,4.73,4.73,4.73,4.73,4.73,6.62,7.57,7.57,6.62,4.26,4.26,4.26,4.26
N_18_16,N_17_16,8.96460918948539,4.98,4.98,4.98,4.98,4.98,4.98,6.19,6.19,6.72,6.72,5.38,5.38,5.38,5.38,5.38,5.38,6.45,6.99,6.99,6.45,5.11,5.11,5.11,5.11
N_18_16,N_20_16,4.50984313288574,4.6,4.6,4.6,4.6,4.6,4.6,7.04,7.04,8.12,8.12,5.41,5.41,5.41,5.41,5.41,5.41,7.58,8.66,8.66,7.58,4.87,4.87,4.87,4.87
N_18_16,N_19_18,1.2433684625340005,2.04,2.04,2.04,2.04,2.04,2.04,3.38,3.38,3.98,3.98,2.49,2.49,2.49,2.49,2.49,2.49,3.68,4.28,4.28,3.68,2.19,2.19,2.19,2.19
N_18_16,N_17_18,3.295081182623701,3.36,3.36,3.36,3.36,3.36,3.36,5.14,5.14,5.93,5.93,3.95,3.95,3.95,3.95,3.95,3.95,5.54,6.33,6.33,5.54,3.56,3.56,3.56,3.56
N_18_17,N_18_15,3.9407722759756276,4.02,4.02,4.02,4.02,4.02,4.02,6.15,6.15,7.09,7.09,4.73,4.73,4.73,4.73,4.73,4.73,6.62,7.57,7.57,6.62,4.26,4.26,4.26,4.26
N_18_17,N_17_18,4.775894545954373,4.87,4.87,4.87,4.87,4.87,4.87,7.45,7.45,8.6,8.6,5.73,5.73,5.73,5.73,5.73,5.73,8.02,9.17,9.17,8.02,5.16,5.16,5.16,5.16
N_18_17,N_17_17,8.77886666425475,4.87,4.87,4.87,4.87,4.87,4.87,6.06,6.06,6.58,6.58,5.27,5.27,5.27,5.27,5.27,5.27,6.32,6.85,6.85,6.32,5.0,5.0,5.0,5.0
N_18_17,N_17_16,5.416694395277885,5.53,5.53,5.53,5.53,5.53,5.53,8.45,8.45,9.75,9.75,6.5,6.5,6.5,6.5,6.5,6.5,9.1,10.4,10.4,9.1,5.85,5.85,5.85,5.85
N_18_18,N_17_19,3.2239872878463984,3.29,3.29,3.29,3.29,3.29,3.29,5.03,5.03,5.8,5.8,3.87,3.87,3.87,3.87,3.87,3.87,5.42,6.19,6.19,5.42,3.48,3.48,3.48,3.48
N_18_18,N_17_18,2.451974787701581,4.02,4.02,4.02,4.02,4.02,4.02,6.67,6.67,7.85,7.85,4.9,4.9,4.9,4.9,4.9,4.9,7.26,8.43,8.43,7.26,4.32,4.32,4.32,4.32
N_18_18,N_16_17,12.84698616921196,7.13,7.13,7.13,7.13,7.13,7.13,8.86,8.86,9.64,9.64,7.71,7.71,7.71,7.71,7.71,7.71,9.25,10.02,10.02,9.25,7.32,7.32,7.32,7.32
N_18_18,N_16_19,4.620399499751737,4.71,4.71,4.71,4.71,4.71,4.71,7.21,7.21,8.32,8.32,5.54,5.54,5.54,5.54,5.54,5.54,7.76,8.87,8.87,7.76,4.99,4.99,4.99,4.99
N_18_19,N_17_18,5.450369381724608,5.56,5.56,5.56,5.56,5.56,5.56,8.5,8.5,9.81,9.81,6.54,6.54,6.54,6.54,6.54,6.54,9.16,10.46,10.46,9.16,5.89,5.89,5.89,5.89
N_18_19,N_18_18,6.026085761478156,6.15,6.15,6.15,6.15,6.15,6.15,9.4,9.4,10.85,10.85,7.23,7.23,7.23,7.23,7.23,7.23,10.12,11.57,11.57,10.12,6.51,6.51,6.51,6.51
N_18_19,N_20_19,5.553555844104347,5.66,5.66,5.66,5.66,5.66,5.66,8.66,8.66,10.0,10.0,6.66,6.66,6.66,6.66,6.66,6.66,9.33,10.66,10.66,9.33,6.0,6.0,6.0,6.0
N_18_19,N_16_20,14.836642026833143,8.23,8.23,8.23,8.23,8.23,8.23,10.24,10.24,11.13,11.13,8.9,8.9,8.9,8.9,8.9,8.9,10.68,11.57,11.57,10.68,8.46,8.46,8.46,8.46
N_18_2,N_17_1,0.7511219992005733,1.23,1.23,1.23,1.23,1.23,1.23,2.04,2.04,2.4,2.4,1.5,1.5,1.5,1.5,1.5,1.5,2.22,2.58,2.58,2.22,1.32,1.32,1.32,1.32
N_18_2,N_20_1,6.5860447210506,6.72,6.72,6.72,6.72,6.72,6.72,10.27,10.27,11.85,11.85,7.9,7.9,7.9,7.9,7.9,7.9,11.06,12.65,12.65,11.06,7.11,7.11,7.11,7.11
N_18_2,N_17_4,6.1002407416756945,6.22,6.22,6.22,6.22,6.22,6.22,9.52,9.52,10.98,10.98,7.32,7.32,7.32,7.32,7.32,7.32,10.25,11.71,11.71,10.25,6.59,6.59,6.59,6.59
N_18_20,N_16_19,3.008190053963266,3.07,3.07,3.07,3.07,3.07,3.07,4.69,4.69,5.41,5.41,3.61,3.61,3.61,3.61,3.61,3.61,5.05,5.78,5.78,5.05,3.25,3.25,3.25,3.25
N_18_20,N_16_21,12.761214328021309,7.08,7.08,7.08,7.08,7.08,7.08,8.81,8.81,9.57,9.57,7.66,7.66,7.66,7.66,7.66,7.66,9.19,9.95,9.95,9.19,7.27,7.27,7.27,7.27
N_18_20,N_17_22,12.364295370814709,6.86,6.86,6.86,6.86,6.86,6.86,8.53,8.53,9.27,9.27,7.42,7.42,7.42,7.42,7.42,7.42,8.9,9.64,9.64,8.9,7.05,7.05,7.05,7.05
N_18_21,N_16_20,5.41189019576133,5.52,5.52,5.52,5.52,5.52,5.52,8.44,8.44,9.74,9.74,6.49,6.49,6.49,6.49,6.49,6.49,9.09,10.39,10.39,9.09,5.84,5.84,5.84,5.84
N_18_21,N_18_20,10.069257252889182,5.59,5.59,5.59,5.59,5.59,5.59,6.95,6.95,7.55,7.55,6.04,6.04,6.04,6.04,6.04,6.04,7.25,7.85,7.85,7.25,5.74,5.74,5.74,5.74
N_18_22,N_16_22,1.347640513744588,2.21,2.21,2.21,2.21,2.21,2.21,3.67,3.67,4.31,4.31,2.7,2.7,2.7,2.7,2.7,2.7,3.99,4.64,4.64,3.99,2.37,2.37,2.37,2.37
N_18_22,N_20_21,1.301878428593773,2.14,2.14,2.14,2.14,2.14,2.14,3.54,3.54,4.17,4.17,2.6,2.6,2.6,2.6,2.6,2.6,3.85,4.48,4.48,3.85,2.29,2.29,2.29,2.29
N_18_22,N_20_22,0.7579684770230601,1.24,1.24,1.24,1.24,1.24,1.24,2.06,2.06,2.43,2.43,1.52,1.52,1.52,1.52,1.52,1.52,2.24,2.61,2.61,2.24,1.33,1.33,1.33,1.33
N_18_22,N_20_23,2.4040899174458596,3.94,3.94,3.94,3.94,3.94,3.94,6.54,6.54,7.69,7.69,4.81,4.81,4.81,4.81,4.81,4.81,7.12,8.27,8.27,7.12,4.23,4.23,4.23,4.23
N_18_23,N_16_24,0.9461025802526324,1.55,1.55,1.55,1.55,1.55,1.55,2.57,2.57,3.03,3.03,1.89,1.89,1.89,1.89,1.89,1.89,2.8,3.25,3.25,2.8,1.67,1.67,1.67,1.67
N_18_23,N_19_21,4.395751847799945,4.48,4.48,4.48,4.48,4.48,4.48,6.86,6.86,7.91,7.91,5.27,5.27,5.27,5.27,5.27,5.27,7.38,8.44,8.44,7.38,4.75,4.75,4.75,4.75
N_18_23,N_17_21,6.273158981348663,6.4,6.4,6.4,6.4,6.4,6.4,9.79,9.79,11.29,11.29,7.53,7.53,7.53,7.53,7.53,7.53,10.54,12.04,12.04,10.54,6.78,6.78,6.78,6.78
N_18_23,N_16_23,8.758438322113621,4.86,4.86,4.86,4.86,4.86,4.86,6.04,6.04,6.57,6.57,5.26,5.26,5.26,5.26,5.26,5.26,6.31,6.83,6.83,6.31,4.99,4.99,4.99,4.99
N_18_24,N_16_25,5.164574825033416,5.27,5.27,5.27,5.27,5.27,5.27,8.06,8.06,9.3,9.3,6.2,6.2,6.2,6.2,6.2,6.2,8.68,9.92,9.92,8.68,5.58,5.58,5.58,5.58
N_18_24,N_16_23,4.280746476894812,4.37,4.37,4.37,4.37,4.37,4.37,6.68,6.68,7.71,7.71,5.14,5.14,5.14,5.14,5.14,5.14,7.19,8.22,8.22,7.19,4.62,4.62,4.62,4.62
N_18_24,N_19_23,1.222985517823087,2.01,2.01,2.01,2.01,2.01,2.01,3.33,3.33,3.91,3.91,2.45,2.45,2.45,2.45,2.45,2.45,3.62,4.21,4.21,3.62,2.15,2.15,2.15,2.15
N_18_25,N_17_24,6.878907893555413,7.02,7.02,7.02,7.02,7.02,7.02,10.73,10.73,12.38,12.38,8.25,8.25,8.25,8.25,8.25,8.25,11.56,13.21,13.21,11.56,7.43,7.43,7.43,7.43
N_18_25,N_17_27,1.5495558860019578,2.54,2.54,2.54,2.54,2.54,2.54,4.21,4.21,4.96,4.96,3.1,3.1,3.1,3.1,3.1,3.1,4.59,5.33,5.33,4.59,2.73,2.73,2.73,2.73
N_18_26,N_16_27,5.960325550315136,6.08,6.08,6.08,6.08,6.08,6.08,9.3,9.3,10.73,10.73,7.15,7.15,7.15,7.15,7.15,7.15,10.01,11.44,11.44,10.01,6.44,6.44,6.44,6.44
N_18_26,N_17_25,5.6751688393497,5.79,5.79,5.79,5.79,5.79,5.79,8.85,8.85,10.22,10.22,6.81,6.81,6.81,6.81,6.81,6.81,9.53,10.9,10.9,9.53,6.13,6.13,6.13,6.13
N_18_26,N_16_26,1.6218168852191026,2.66,2.66,2.66,2.66,2.66,2.66,4.41,4.41,5.19,5.19,3.24,3.24,3.24,3.24,3.24,3.24,4.8,5.58,5.58,4.8,2.85,2.85,2.85,2.85
N_18_27,N_17_27,1.5122966214802551,2.48,2.48,2.48,2.48,2.48,2.48,4.11,4.11,4.84,4.84,3.02,3.02,3.02,3.02,3.02,3.02,4.48,5.2,5.2,4.48,2.66,2.66,2.66,2.66
N_18_27,N_19_26,5.3135080664588825,5.42,5.42,5.42,5.42,5.42,5.42,8.29,8.29,9.56,9.56,6.38,6.38,6.38,6.38,6.38,6.38,8.93,10.2,10.2,8.93,5.74,5.74,5.74,5.74
N_18_27,N_18_28,3.750627768640998,3.83,3.83,3.83,3.83,3.83,3.83,5.85,5.85,6.75,6.75,4.5,4.5,4.5,4.5,4.5,4.5,6.3,7.2,7.2,6.3,4.05,4.05,4.05,4.05
N_18_28,N_18_27,3.750627768640998,3.83,3.83,3.83,3.83,3.83,3.83,5.85,5.85,6.75,6.75,4.5,4.5,4.5,4.5,4.5,4.5,6.3,7.2,7.2,6.3,4.05,4.05,4.05,4.05
N_18_28,N_17_29,4.406915913588143,4.5,4.5,4.5,4.5,4.5,4.5,6.87,6.87,7.93,7.93,5.29,5.29,5.29,5.29,5.29,5.29,7.4,8.46,8.46,7.4,4.76,4.76,4.76,4.76
N_18_29,N_16_30,2.111879525143422,3.46,3.46,3.46,3.46,3.46,3.46,5.74,5.74,6.76,6.76,4.22,4.22,4.22,4.22,4.22,4.22,6.25,7.26,7.26,6.25,3.72,3.72,3.72,3.72
N_18_29,N_19_27,5.465041486397288,5.57,5.57,5.57,5.57,5.57,5.57,8.53,8.53,9.84,9.84,6.56,6.56,6.56,6.56,6.56,6.56,9.18,10.49,10.49,9.18,5.9,5.9,5.9,5.9
N_18_29,N_18_31,6.006907034630348,6.13,6.13,6.13,6.13,6.13,6.13,9.37,9.37,10.81,10.81,7.21,7.21,7.21,7.21,7.21,7.21,10.09,11.53,11.53,10.09,6.49,6.49,6.49,6.49
N_18_29,N_19_29,11.108723495330889,6.17,6.17,6.17,6.17,6.17,6.17,7.67,7.67,8.33,8.33,6.67,6.67,6.67,6.67,6.67,6.67,8.0,8.66,8.66,8.0,6.33,6.33,6.33,6.33
N_18_3,N_16_4,11.742576831505637,6.52,6.52,6.52,6.52,6.52,6.52,8.1,8.1,8.81,8.81,7.05,7.05,7.05,7.05,7.05,7.05,8.45,9.16,9.16,8.45,6.69,6.69,6.69,6.69
N_18_3,N_17_4,4.217159959973542,4.3,4.3,4.3,4.3,4.3,4.3,6.58,6.58,7.59,7.59,5.06,5.06,5.06,5.06,5.06,5.06,7.08,8.1,8.1,7.08,4.55,4.55,4.55,4.55
N_18_3,N_18_2,5.030243256199491,5.13,5.13,5.13,5.13,5.13,5.13,7.85,7.85,9.05,9.05,6.04,6.04,6.04,6.04,6.04,6.04,8.45,9.66,9.66,8.45,5.43,5.43,5.43,5.43
N_18_3,N_18_1,4.229586745455389,4.31,4.31,4.31,4.31,4.31,4.31,6.6,6.6,7.61,7.61,5.08,5.08,5.08,5.08,5.08,5.08,7.11,8.12,8.12,7.11,4.57,4.57,4.57,4.57
N_18_30,N_17_30,10.651604652203062,5.91,5.91,5.91,5.91,5.91,5.91,7.35,7.35,7.99,7.99,6.39,6.39,6.39,6.39,6.39,6.39,7.67,8.31,8.31,7.67,6.07,6.07,6.07,6.07
N_18_30,N_16_31,12.511040506908477,6.94,6.94,6.94,6.94,6.94,6.94,8.63,8.63,9.38,9.38,7.51,7.51,7.51,7.51,7.51,7.51,9.01,9.76,9.76,9.01,7.13,7.13,7.13,7.13
N_18_30,N_19_31,1.6557072315976387,2.72,2.72,2.72,2.72,2.72,2.72,4.5,4.5,5.3,5.3,3.31,3.31,3.31,3.31,3.31,3.31,4.9,5.7,5.7,4.9,2.91,2.91,2.91,2.91
N_18_31,N_16_30,10.975159982002992,6.09,6.09,6.09,6.09,6.09,6.09,7.57,7.57,8.23,8.23,6.59,6.59,6.59,6.59,6.59,6.59,7.9,8.56,8.56,7.9,6.26,6.26,6.26,6.26
N_18_31,N_17_33,3.8698527790026773,3.95,3.95,3.95,3.95,3.95,3.95,6.04,6.04,6.97,6.97,4.64,4.64,4.64,4.64,4.64,4.64,6.5,7.43,7.43,6.5,4.18,4.18,4.18,4.18
N_18_31,N_17_32,13.39022562021775,7.43,7.43,7.43,7.43,7.43,7.43,9.24,9.24,10.04,10.04,8.03,8.03,8.03,8.03,8.03,8.03,9.64,10.44,10.44,9.64,7.63,7.63,7.63,7.63
N_18_32,N_17_31,1.7693533611219356,2.9,2.9,2.9,2.9,2.9,2.9,4.81,4.81,5.66,5.66,3.54,3.54,3.54,3.54,3.54,3.54,5.24,6.09,6.09,5.24,3.11,3.11,3.11,3.11
N_18_32,N_17_34,11.444322834780895,6.35,6.35,6.35,6.35,6.35,6.35,7.9,7.9,8.58,8.58,6.87,6.87,6.87,6.87,6.87,6.87,8.24,8.93,8.93,8.24,6.52,6.52,6.52,6.52
N_18_32,N_20_33,6.228389584602361,6.35,6.35,6.35,6.35,6.35,6.35,9.72,9.72,11.21,11.21,7.47,7.47,7.47,7.47,7.47,7.47,10.46,11.96,11.96,10.46,6.73,6.73,6.73,6.73
N_18_33,N_16_33,13.912365291489522,7.72,7.72,7.72,7.72,7.72,7.72,9.6,9.6,10.43,10.43,8.35,8.35,8.35,8.35,8.35,8.35,10.02,10.85,10.85,10.02,7.93,7.93,7.93,7.93
N_18_33,N_18_32,8.70470203785046,4.83,4.83,4.83,4.83,4.83,4.83,6.01,6.01,6.53,6.53,5.22,5.22,5.22,5.22,5.22,5.22,6.27,6.79,6.79,6.27,4.96,4.96,4.96,4.96
N_18_34,N_16_35,1.4678219854074126,2.41,2.41,2.41,2.41,2.41,2.41,3.99,3.99,4.7,4.7,2.94,2.94,2.94,2.94,2.94,2.94,4.34,5.05,5.05,4.34,2.58,2.58,2.58,2.58
N_18_34,N_18_35,3.63355307345833,3.71,3.71,3.71,3.71,3.71,3.71,5.67,5.67,6.54,6.54,4.36,4.36,4.36,4.36,4.36,4.36,6.1,6.98,6.98,6.1,3.92,3.92,3.92,3.92
N_18_35,N_18_34,3.63355307345833,3.71,3.71,3.71,3.71,3.71,3.71,5.67,5.67,6.54,6.54,4.36,4.36,4.36,4.36,4.36,4.36,6.1,6.98,6.98,6.1,3.92,3.92,3.92,3.92
N_18_35,N_19_35,8.643788899778379,4.8,4.8,4.8,4.8,4.8,4.8,5.96,5.96,6.48,6.48,5.19,5.19,5.19,5.19,5.19,5.19,6.22,6.74,6.74,6.22,4.93,4.93,4.93,4.93
N_18_35,N_19_34,4.868174992358519,4.97,4.97,4.97,4.97,4.97,4.97,7.59,7.59,8.76,8.76,5.84,5.84,5.84,5.84,5.84,5.84,8.18,9.35,9.35,8.18,5.26,5.26,5.26,5.26
N_18_35,N_17_35,6.785382699964707,6.92,6.92,6.92,6.92,6.92,6.92,10.59,10.59,12.21,12.21,8.14,8.14,8.14,8.14,8.14,8.14,11.4,13.03,13.03,11.4,7.33,7.33,7.33,7.33
N_18_35,N_19_37,9.385135105322318,5.21,5.21,5.21,5.21,5.21,5.21,6.48,6.48,7.04,7.04,5.63,5.63,5.63,5.63,5.63,5.63,6.76,7.32,7.32,6.76,5.35,5.35,5.35,5.35
N_18_36,N_16_37,3.8118913621447983,3.89,3.89,3.89,3.89,3.89,3.89,5.95,5.95,6.86,6.86,4.57,4.57,4.57,4.57,4.57,4.57,6.4,7.32,7.32,6.4,4.12,4.12,4.12,4.12
N_18_36,N_16_36,5.268568138865098,5.37,5.37,5.37,5.37,5.37,5.37,8.22,8.22,9.48,9.48,6.32,6.32,6.32,6.32,6.32,6.32,8.85,10.12,10.12,8.85,5.69,5.69,5.69,5.69
N_18_36,N_16_35,3.257065011543136,3.32,3.32,3.32,3.32,3.32,3.32,5.08,5.08,5.86,5.86,3.91,3.91,3.91,3.91,3.91,3.91,5.47,6.25,6.25,5.47,3.52,3.52,3.52,3.52
N_18_36,N_19_36,11.579497670914572,6.43,6.43,6.43,6.43,6.43,6.43,7.99,7.99,8.68,8.68,6.95,6.95,6.95,6.95,6.95,6.95,8.34,9.03,9.03,8.34,6.6,6.6,6.6,6.6
N_18_37,N_17_39,8.926070688731835,4.95,4.95,4.95,4.95,4.95,4.95,6.16,6.16,6.69,6.69,5.36,5.36,5.36,5.36,5.36,5.36,6.43,6.96,6.96,6.43,5.09,5.09,5.09,5.09
N_18_37,N_18_35,10.230123987928383,5.68,5.68,5.68,5.68,5.68,5.68,7.06,7.06,7.67,7.67,6.14,6.14,6.14,6.14,6.14,6.14,7.37,7.98,7.98,7.37,5.83,5.83,5.83,5.83
N_18_37,N_19_35,4.861506508811392,4.96,4.96,4.96,4.96,4.96,4.96,7.58,7.58,8.75,8.75,5.83,5.83,5.83,5.83,5.83,5.83,8.17,9.33,9.33,8.17,5.25,5.25,5.25,5.25
N_18_37,N_20_37,1.6232811669444314,2.66,2.66,2.66,2.66,2.66,2.66,4.42,4.42,5.19,5.19,3.25,3.25,3.25,3.25,3.25,3.25,4.8,5.58,5.58,4.8,2.86,2.86,2.86,2.86
N_18_38,N_19_37,6.961038865876658,7.1,7.1,7.1,7.1,7.1,7.1,10.86,10.86,12.53,12.53,8.35,8.35,8.35,8.35,8.35,8.35,11.69,13.37,13.37,11.69,7.52,7.52,7.52,7.52
N_18_38,N_20_39,9.197978103235474,5.1,5.1,5.1,5.1,5.1,5.1,6.35,6.35,6.9,6.9,5.52,5.52,5.52,5.52,5.52,5.52,6.62,7.17,7.17,6.62,5.24,5.24,5.24,5.24
N_18_39,N_18_37,14.767974881974425,8.2,8.2,8.2,8.2,8.2,8.2,10.19,10.19,11.08,11.08,8.86,8.86,8.86,8.86,8.86,8.86,10.63,11.52,11.52,10.63,8.42,8.42,8.42,8.42
N_18_39,N_17_38,5.110054732534893,5.21,5.21,5.21,5.21,5.21,5.21,7.97,7.97,9.2,9.2,6.13,6.13,6.13,6.13,6.13,6.13,8.58,9.81,9.81,8.58,5.52,5.52,5.52,5.52
N_18_4,N_17_6,8.894823613330328,4.94,4.94,4.94,4.94,4.94,4.94,6.14,6.14,6.67,6.67,5.34,5.34,5.34,5.34,5.34,5.34,6.4,6.94,6.94,6.4,5.07,5.07,5.07,5.07
N_18_4,N_17_4,5.564388542388455,5.68,5.68,5.68,5.68,5.68,5.68,8.68,8.68,10.02,10.02,6.68,6.68,6.68,6.68,6.68,6.68,9.35,10.68,10.68,9.35,6.01,6.01,6.01,6.01
N_18_4,N_18_5,2.375407511263743,3.9,3.9,3.9,3.9,3.9,3.9,6.46,6.46,7.6,7.6,4.75,4.75,4.75,4.75,4.75,4.75,7.03,8.17,8.17,7.03,4.18,4.18,4.18,4.18
N_18_4,N_19_4,14.954782599657872,8.3,8.3,8.3,8.3,8.3,8.3,10.32,10.32,11.22,11.22,8.97,8.97,8.97,8.97,8.97,8.97,10.77,11.66,11.66,10.77,8.52,8.52,8.52,8.52
N_18_5,N_18_4,2.375407511263743,3.9,3.9,3.9,3.9,3.9,3.9,6.46,6.46,7.6,7.6,4.75,4.75,4.75,4.75,4.75,4.75,7.03,8.17,8.17,7.03,4.18,4.18,4.18,4.18
N_18_5,N_16_6,6.166511321439907,6.29,6.29,6.29,6.29,6.29,6.29,9.62,9.62,11.1,11.1,7.4,7.4,7.4,7.4,7.4,7.4,10.36,11.84,11.84,10.36,6.66,6.66,6.66,6.66
N_18_6,N_17_7,9.846684235061808,5.46,5.46,5.46,5.46,5.46,5.46,6.79,6.79,7.39,7.39,5.91,5.91,5.91,5.91,5.91,5.91,7.09,7.68,7.68,7.09,5.61,5.61,5.61,5.61
N_18_6,N_17_5,11.909606641894538,6.61,6.61,6.61,6.61,6.61,6.61,8.22,8.22,8.93,8.93,7.15,7.15,7.15,7.15,7.15,7.15,8.57,9.29,9.29,8.57,6.79,6.79,6.79,6.79
N_18_6,N_17_4,5.9410731153447465,6.06,6.06,6.06,6.06,6.06,6.06,9.27,9.27,10.69,10.69,7.13,7.13,7.13,7.13,7.13,7.13,9.98,11.41,11.41,9.98,6.42,6.42,6.42,6.42
N_18_6,N_19_6,14.80235646264434,8.22,8.22,8.22,8.22,8.22,8.22,10.21,10.21,11.1,11.1,8.88,8.88,8.88,8.88,8.88,8.88,10.66,11.55,11.55,10.66,8.44,8.44,8.44,8.44
N_18_7,N_17_7,0.9375696616872733,1.54,1.54,1.54,1.54,1.54,1.54,2.55,2.55,3.0,3.0,1.88,1.88,1.88,1.88,1.88,1.88,2.78,3.23,3.23,2.78,1.65,1.65,1.65,1.65
N_18_7,N_19_6,2.2357175740670865,3.67,3.67,3.67,3.67,3.67,3.67,6.08,6.08,7.15,7.15,4.47,4.47,4.47,4.47,4.47,4.47,6.62,7.69,7.69,6.62,3.93,3.93,3.93,3.93
N_18_7,N_17_5,3.7518138905954155,3.83,3.83,3.83,3.83,3.83,3.83,5.85,5.85,6.75,6.75,4.5,4.5,4.5,4.5,4.5,4.5,6.3,7.2,7.2,6.3,4.05,4.05,4.05,4.05
N_18_8,N_17_9,11.852129851195718,6.58,6.58,6.58,6.58,6.58,6.58,8.18,8.18,8.89,8.89,7.11,7.11,7.11,7.11,7.11,7.11,8.53,9.24,9.24,8.53,6.76,6.76,6.76,6.76
N_18_8,N_18_10,10.778496008480584,5.98,5.98,5.98,5.98,5.98,5.98,7.44,7.44,8.08,8.08,6.47,6.47,6.47,6.47,6.47,6.47,7.76,8.41,8.41,7.76,6.14,6.14,6.14,6.14
N_18_9,N_18_7,3.4367382431376137,3.51,3.51,3.51,3.51,3.51,3.51,5.36,5.36,6.19,6.19,4.12,4.12,4.12,4.12,4.12,4.12,5.77,6.6,6.6,5.77,3.71,3.71,3.71,3.71
N_18_9,N_18_10,8.777579557426709,4.87,4.87,4.87,4.87,4.87,4.87,6.06,6.06,6.58,6.58,5.27,5.27,5.27,5.27,5.27,5.27,6.32,6.85,6.85,6.32,5.0,5.0,5.0,5.0
N_18_9,N_17_11,1.6504610071506833,2.71,2.71,2.71,2.71,2.71,2.71,4.49,4.49,5.28,5.28,3.3,3.3,3.3,3.3,3.3,3.3,4.89,5.68,5.68,4.89,2.9,2.9,2.9,2.9
N_19_0,N_17_1,3.6841164763488665,3.76,3.76,3.76,3.76,3.76,3.76,5.75,5.75,6.63,6.63,4.42,4.42,4.42,4.42,4.42,4.42,6.19,7.07,7.07,6.19,3.98,3.98,3.98,3.98
N_19_0,N_19_1,5.823413389811319,5.94,5.94,5.94,5.94,5.94,5.94,9.08,9.08,10.48,10.48,6.99,6.99,6.99,6.99,6.99,6.99,9.78,11.18,11.18,9.78,6.29,6.29,6.29,6.29
N_19_1,N_19_0,5.823413389811319,5.94,5.94,5.94,5.94,5.94,5.94,9.08,9.08,10.48,10.48,6.99,6.99,6.99,6.99,6.99,6.99,9.78,11.18,11.18,9.78,6.29,6.29,6.29,6.29
N_19_1,N_18_1,0.7836673105097267,1.29,1.29,1.29,1.29,1.29,1.29,2.13,2.13,2.51,2.51,1.57,1.57,1.57,1.57,1.57,1.57,2.32,2.7,2.7,2.32,1.38,1.38,1.38,1.38
N_19_10,N_18_8,8.121735751411817,4.51,4.51,4.51,4.51,4.51,4.51,5.6,5.6,6.09,6.09,4.87,4.87,4.87,4.87,4.87,4.87,5.85,6.33,6.33,5.85,4.63,4.63,4.63,4.63
N_19_10,N_17_9,9.598013696647318,5.33,5.33,5.33,5.33,5.33,5.33,6.62,6.62,7.2,7.2,5.76,5.76,5.76,5.76,5.76,5.76,6.91,7.49,7.49,6.91,5.47,5.47,5.47,5.47
N_19_10,N_19_8,6.101026210007372,6.22,6.22,6.22,6.22,6.22,6.22,9.52,9.52,10.98,10.98,7.32,7.32,7.32,7.32,7.32,7.32,10.25,11.71,11.71,10.25,6.59,6.59,6.59,6.59
N_19_11,N_19_9,5.912862170928726,6.03,6.03,6.03,6.03,6.03,6.03,9.22,9.22,10.64,10.64,7.1,7.1,7.1,7.1,7.1,7.1,9.93,11.35,11.35,9.93,6.39,6.39,6.39,6.39
N_19_11,N_18_13,2.2125310483612957,3.63,3.63,3.63,3.63,3.63,3.63,6.02,6.02,7.08,7.08,4.43,4.43,4.43,4.43,4.43,4.43,6.55,7.61,7.61,6.55,3.89,3.89,3.89,3.89
N_19_11,N_18_9,11.484825620176887,6.37,6.37,6.37,6.37,6.37,6.37,7.92,7.92,8.61,8.61,6.89,6.89,6.89,6.89,6.89,6.89,8.27,8.96,8.96,8.27,6.55,6.55,6.55,6.55
N_19_12,N_17_13,1.0524942622977986,1.73,1.73,1.73,1.73,1.73,1.73,2.86,2.86,3.37,3.37,2.1,2.1,2.1,2.1,2.1,2.1,3.12,3.62,3.62,3.12,1.85,1.85,1.85,1.85
N_19_12,N_21_12,5.80734253952725,5.92,5.92,5.92,5.92,5.92,5.92,9.06,9.06,10.45,10.45,6.97,6.97,6.97,6.97,6.97,6.97,9.76,11.15,11.15,9.76,6.27,6.27,6.27,6.27
N_19_13,N_18_13,12.670913694874383,7.03,7.03,7.03,7.03,7.03,7.03,8.74,8.74,9.5,9.5,7.6,7.6,7.6,7.6,7.6,7.6,9.12,9.88,9.88,9.12,7.22,7.22,7.22,7.22
N_19_13,N_20_13,10.063087106564245,5.59,5.59,5.59,5.59,5.59,5.59,6.94,6.94,7.55,7.55,6.04,6.04,6.04,6.04,6.04,6.04,7.25,7.85,7.85,7.25,5.74,5.74,5.74,5.74
N_19_13,N_17_14,13.77829420679436,7.65,7.65,7.65,7.65,7.65,7.65,9.51,9.51,10.33,10.33,8.27,8.27,8.27,8.27,8.27,8.27,9.92,10.75,10.75,9.92,7.85,7.85,7.85,7.85
N_19_14,N_17_15,5.816188786456944,5.93,5.93,5.93,5.93,5.93,5.93,9.07,9.07,10.47,10.47,6.98,6.98,6.98,6.98,6.98,6.98,9.77,11.17,11.17,9.77,6.28,6.28,6.28,6.28
N_19_14,N_18_16,13.131371940501719,7.29,7.29,7.29,7.29,7.29,7.29,9.06,9.06,9.85,9.85,7.88,7.88,7.88,7.88,7.88,7.88,9.45,10.24,10.24,9.45,7.48,7.48,7.48,7.48
N_19_14,N_19_12,1.0816040518709684,1.77,1.77,1.77,1.77,1.77,1.77,2.94,2.94,3.46,3.46,2.16,2.16,2.16,2.16,2.16,2.16,3.2,3.72,3.72,3.2,1.9,1.9,1.9,1.9
N_19_14,N_18_14,0.9974570097283881,1.64,1.64,1.64,1.64,1.64,1.64,2.71,2.71,3.19,3.19,1.99,1.99,1.99,1.99,1.99,1.99,2.95,3.43,3.43,2.95,1.76,1.76,1.76,1.76
N_19_15,N_17_15,14.63938318022838,8.12,8.12,8.12,8.12,8.12,8.12,10.1,10.1,10.98,10.98,8.78,8.78,8.78,8.78,8.78,8.78,10.54,11.42,11.42,10.54,8.34,8.34,8.34,8.34
N_19_15,N_17_14,3.7980927020627933,3.87,3.87,3.87,3.87,3.87,3.87,5.93,5.93,6.84,6.84,4.56,4.56,4.56,4.56,4.56,4.56,6.38,7.29,7.29,6.38,4.1,4.1,4.1,4.1
N_19_15,N_17_16,14.489830541597543,8.04,8.04,8.04,8.04,8.04,8.04,10.0,10.0,10.87,10.87,8.69,8.69,8.69,8.69,8.69,8.69,10.43,11.3,11.3,10.43,8.26,8.26,8.26,8.26
N_19_15,N_21_16,13.476840131964163,7.48,7.48,7.48,7.48,7.48,7.48,9.3,9.3,10.11,10.11,8.09,8.09,8.09,8.09,8.09,8.09,9.7,10.51,10.51,9.7,7.68,7.68,7.68,7.68
N_19_16,N_20_16,1.3418372435633685,2.2,2.2,2.2,2.2,2.2,2.2,3.65,3.65,4.29,4.29,2.68,2.68,2.68,2.68,2.68,2.68,3.97,4.62,4.62,3.97,2.36,2.36,2.36,2.36
N_19_16,N_18_15,4.2095599408934135,4.29,4.29,4.29,4.29,4.29,4.29,6.57,6.57,7.58,7.58,5.05,5.05,5.05,5.05,5.05,5.05,7.07,8.08,8.08,7.07,4.55,4.55,4.55,4.55
N_19_16,N_20_14,3.5090994423893016,3.58,3.58,3.58,3.58,3.58,3.58,5.47,5.47,6.32,6.32,4.21,4.21,4.21,4.21,4.21,4.21,5.9,6.74,6.74,5.9,3.79,3.79,3.79,3.79
N_19_17,N_21_16,1.6308868003110273,2.67,2.67,2.67,2.67,2.67,2.67,4.44,4.44,5.22,5.22,3.26,3.26,3.26,3.26,3.26,3.26,4.83,5.61,5.61,4.83,2.87,2.87,2.87,2.87
N_19_17,N_19_15,0.7428853622149367,1.22,1.22,1.22,1.22,1.22,1.22,2.02,2.02,2.38,2.38,1.49,1.49,1.49,1.49,1.49,1.49,2.2,2.56,2.56,2.2,1.31,1.31,1.31,1.31
N_19_17,N_19_16,5.86780551233948,5.99,5.99,5.99,5.99,5.99,5.99,9.15,9.15,10.56,10.56,7.04,7.04,7.04,7.04,7.04,7.04,9.86,11.27,11.27,9.86,6.34,6.34,6.34,6.34
N_19_17,N_17_16,5.2481970113642245,5.35,5.35,5.35,5.35,5.35,5.35,8.19,8.19,9.45,9.45,6.3,6.3,6.3,6.3,6.3,6.3,8.82,10.08,10.08,8.82,5.67,5.67,5.67,5.67
N_19_18,N_18_16,1.2433684625340005,2.04,2.04,2.04,2.04,2.04,2.04,3.38,3.38,3.98,3.98,2.49,2.49,2.49,2.49,2.49,2.49,3.68,4.28,4.28,3.68,2.19,2.19,2.19,2.19
N_19_18,N_18_17,8.725249173612868,4.84,4.84,4.84,4.84,4.84,4.84,6.02,6.02,6.54,6.54,5.24,5.24,5.24,5.24,5.24,5.24,6.28,6.81,6.81,6.28,4.97,4.97,4.97,4.97
N_19_18,N_20_19,4.562855573167001,4.65,4.65,4.65,4.65,4.65,4.65,7.12,7.12,8.21,8.21,5.48,5.48,5.48,5.48,5.48,5.48,7.67,8.76,8.76,7.67,4.93,4.93,4.93,4.93
N_19_18,N_21_19,11.386036693147375,6.32,6.32,6.32,6.32,6.32,6.32,7.86,7.86,8.54,8.54,6.83,6.83,6.83,6.83,6.83,6.83,8.2,8.88,8.88,8.2,6.49,6.49,6.49,6.49
N_19_18,N_19_16,13.934098004006108,7.73,7.73,7.73,7.73,7.73,7.73,9.61,9.61,10.45,10.45,8.36,8.36,8.36,8.36,8.36,8.36,10.03,10.87,10.87,10.03,7.94,7.94,7.94,7.94
N_19_18,N_20_16,4.756519402841147,4.85,4.85,4.85,4.85,4.85,4.85,7.42,7.42,8.56,8.56,5.71,5.71,5.71,5.71,5.71,5.71,7.99,9.13,9.13,7.99,5.14,5.14,5.14,5.14
N_19_18,N_21_18,9.023724596600086,5.01,5.01,5.01,5.01,5.01,5.01,6.23,6.23,6.77,6.77,5.41,5.41,5.41,5.41,5.41,5.41,6.5,7.04,7.04,6.5,5.14,5.14,5.14,5.14
N_19_19,N_18_18,6.253974420572309,6.38,6.38,6.38,6.38,6.38,6.38,9.76,9.76,11.26,11.26,7.5,7.5,7.5,7.5,7.5,7.5,10.51,12.01,12.01,10.51,6.75,6.75,6.75,6.75
N_19_19,N_20_20,8.840885482351956,4.91,4.91,4.91,4.91,4.91,4.91,6.1,6.1,6.63,6.63,5.3,5.3,5.3,5.3,5.3,5.3,6.37,6.9,6.9,6.37,5.04,5.04,5.04,5.04
N_19_19,N_18_20,3.1363341702553327,3.2,3.2,3.2,3.2,3.2,3.2,4.89,4.89,5.65,5.65,3.76,3.76,3.76,3.76,3.76,3.76,5.27,6.02,6.02,5.27,3.39,3.39,3.39,3.39
N_19_19,N_20_17,4.777917535383457,4.87,4.87,4.87,4.87,4.87,4.87,7.45,7.45,8.6,8.6,5.73,5.73,5.73,5.73,5.73,5.73,8.03,9.17,9.17,8.03,5.16,5.16,5.16,5.16
N_19_2,N_17_1,6.180932370776317,6.3,6.3,6.3,6.3,6.3,6.3,9.64,9.64,11.13,11.13,7.42,7.42,7.42,7.42,7.42,7.42,10.38,11.87,11.87,10.38,6.68,6.68,6.68,6.68
N_19_2,N_21_2,6.434655600389744,6.56,6.56,6.56,6.56,6.56,6.56,10.04,10.04,11.58,11.58,7.72,7.72,7.72,7.72,7.72,7.72,10.81,12.35,12.35,10.81,6.95,6.95,6.95,6.95
N_19_2,N_18_1,5.633775779692229,5.75,5.75,5.75,5.75,5.75,5.75,8.79,8.79,10.14,10.14,6.76,6.76,6.76,6.76,6.76,6.76,9.46,10.82,10.82,9.46,6.08,6.08,6.08,6.08
N_19_2,N_18_0,13.875278446942106,7.7,7.7,7.7,7.7,7.7,7.7,9.57,9.57,10.41,10.41,8.33,8.33,8.33,8.33,8.33,8.33,9.99,10.82,10.82,9.99,7.91,7.91,7.91,7.91
N_19_2,N_20_4,1.7116835960592598,2.81,2.81,2.81,2.81,2.81,2.81,4.66,4.66,5.48,5.48,3.42,3.42,3.42,3.42,3.42,3.42,5.07,5.89,5.89,5.07,3.01,3.01,3.01,3.01
N_19_2,N_17_2,5.0279208950816985,5.13,5.13,5.13,5.13,5.13,5.13,7.84,7.84,9.05,9.05,6.03,6.03,6.03,6.03,6.03,6.03,8.45,9.65,9.65,8.45,5.43,5.43,5.43,5.43
N_19_2,N_18_2,12.88438093862337,7.15,7.15,7.15,7.15,7.15,7.15,8.89,8.89,9.66,9.66,7.73,7.73,7.73,7.73,7.73,7.73,9.28,10.05,10.05,9.28,7.34,7.34,7.34,7.34
N_19_20,N_21_19,14.165287876263154,7.86,7.86,7.86,7.86,7.86,7.86,9.77,9.77,10.62,10.62,8.5,8.5,8.5,8.5,8.5,8.5,10.2,11.05,11.05,10.2,8.07,8.07,8.07,8.07
N_19_20,N_21_20,6.8932789093272735,7.03,7.03,7.03,7.03,7.03,7.03,10.75,10.75,12.41,12.41,8.27,8.27,8.27,8.27,8.27,8.27,11.58,13.24,13.24,11.58,7.44,7.44,7.44,7.44
N_19_20,N_17_19,9.753386943052087,5.41,5.41,5.41,5.41,5.41,5.41,6.73,6.73,7.32,7.32,5.85,5.85,5.85,5.85,5.85,5.85,7.02,7.61,7.61,7.02,5.56,5.56,5.56,5.56
N_19_20,N_19_21,4.766113810639141,4.86,4.86,4.86,4.86,4.86,4.86,7.44,7.44,8.58,8.58,5.72,5.72,5.72,5.72,5.72,5.72,8.01,9.15,9.15,8.01,5.15,5.15,5.15,5.15
N_19_21,N_18_23,4.395751847799945,4.48,4.48,4.48,4.48,4.48,4.48,6.86,6.86,7.91,7.91,5.27,5.27,5.27,5.27,5.27,5.27,7.38,8.44,8.44,7.38,4.75,4.75,4.75,4.75
N_19_21,N_19_20,4.766113810639141,4.86,4.86,4.86,4.86,4.86,4.86,7.44,7.44,8.58,8.58,5.72,5.72,5.72,5.72,5.72,5.72,8.01,9.15,9.15,8.01,5.15,5.15,5.15,5.15
N_19_21,N_18_21,5.1141177954874095,5.22,5.22,5.22,5.22,5.22,5.22,7.98,7.98,9.21,9.21,6.14,6.14,6.14,6.14,6.14,6.14,8.59,9.82,9.82,8.59,5.52,5.52,5.52,5.52
N_19_21,N_18_22,8.16970137807585,4.53,4.53,4.53,4.53,4.53,4.53,5.64,5.64,6.13,6.13,4.9,4.9,4.9,4.9,4.9,4.9,5.88,6.37,6.37,5.88,4.66,4.66,4.66,4.66
N_19_22,N_20_22,4.894931480313845,4.99,4.99,4.99,4.99,4.99,4.99,7.64,7.64,8.81,8.81,5.87,5.87,5.87,5.87,5.87,5.87,8.22,9.4,9.4,8.22,5.29,5.29,5.29,5.29
N_19_22,N_20_21,5.234789247912812,5.34,5.34,5.34,5.34,5.34,5.34,8.17,8.17,9.42,9.42,6.28,6.28,6.28,6.28,6.28,6.28,8.79,10.05,10.05,8.79,5.65,5.65,5.65,5.65
N_19_22,N_19_21,10.992582242029123,6.1,6.1,6.1,6.1,6.1,6.1,7.58,7.58,8.24,8.24,6.6,6.6,6.6,6.6,6.6,6.6,7.91,8.57,8.57,7.91,6.27,6.27,6.27,6.27
N_19_23,N_18_24,1.222985517823087,2.01,2.01,2.01,2.01,2.01,2.01,3.33,3.33,3.91,3.91,2.45,2.45,2.45,2.45,2.45,2.45,3.62,4.21,4.21,3.62,2.15,2.15,2.15,2.15
N_19_23,N_19_24,14.100313351340898,7.83,7.83,7.83,7.83,7.83,7.83,9.73,9.73,10.58,10.58,8.46,8.46,8.46,8.46,8.46,8.46,10.15,11.0,11.0,10.15,8.04,8.04,8.04,8.04
N_19_23,N_21_22,12.027491120172954,6.68,6.68,6.68,6.68,6.68,6.68,8.3,8.3,9.02,9.02,7.22,7.22,7.22,7.22,7.22,7.22,8.66,9.38,9.38,8.66,6.86,6.86,6.86,6.86
N_19_23,N_21_24,1.5000940160787004,2.46,2.46,2.46,2.46,2.46,2.46,4.08,4.08,4.8,4.8,3.0,3.0,3.0,3.0,3.0,3.0,4.44,5.16,5.16,4.44,2.64,2.64,2.64,2.64
N_19_24,N_19_23,1.8266722546863485,3.0,3.0,3.0,3.0,3.0,3.0,4.97,4.97,5.85,5.85,3.65,3.65,3.65,3.65,3.65,3.65,5.41,6.28,6.28,5.41,3.21,3.21,3.21,3.21
N_19_24,N_20_26,8.510383312699455,4.72,4.72,4.72,4.72,4.72,4.72,5.87,5.87,6.38,6.38,5.11,5.11,5.11,5.11,5.11,5.11,6.13,6.64,6.64,6.13,4.85,4.85,4.85,4.85
N_19_25,N_21_26,4.726062252449768,4.82,4.82,4.82,4.82,4.82,4.82,7.37,7.37,8.51,8.51,5.67,5.67,5.67,5.67,5.67,5.67,7.94,9.07,9.07,7.94,5.1,5.1,5.1,5.1
N_19_25,N_19_24,2.442931297835039,4.01,4.01,4.01,4.01,4.01,4.01,6.64,6.64,7.82,7.82,4.89,4.89,4.89,4.89,4.89,4.89,7.23,8.4,8.4,7.23,4.3,4.3,4.3,4.3
N_19_25,N_21_25,13.415292698687,7.45,7.45,7.45,7.45,7.45,7.45,9.26,9.26,10.06,10.06,8.05,8.05,8.05,8.05,8.05,8.05,9.66,10.46,10.46,9.66,7.65,7.65,7.65,7.65
N_19_25,N_19_26,6.441177886110198,6.57,6.57,6.57,6.57,6.57,6.57,10.05,10.05,11.59,11.59,7.73,7.73,7.73,7.73,7.73,7.73,10.82,12.37,12.37,10.82,6.96,6.96,6.96,6.96
N_19_25,N_17_26,5.209983840053479,5.31,5.31,5.31,5.31,5.31,5.31,8.13,8.13,9.38,9.38,6.25,6.25,6.25,6.25,6.25,6.25,8.75,10.0,10.0,8.75,5.63,5.63,5.63,5.63
N_19_25,N_19_23,5.781762126840276,5.9,5.9,5.9,5.9,5.9,5.9,9.02,9.02,10.41,10.41,6.94,6.94,6.94,6.94,6.94,6.94,9.71,11.1,11.1,9.71,6.24,6.24,6.24,6.24
N_19_25,N_20_27,3.5510817204589604,3.62,3.62,3.62,3.62,3.62,3.62,5.54,5.54,6.39,6.39,4.26,4.26,4.26,4.26,4.26,4.26,5.97,6.82,6.82,5.97,3.84,3.84,3.84,3.84
N_19_26,N_18_27,5.3135080664588825,5.42,5.42,5.42,5.42,5.42,5.42,8.29,8.29,9.56,9.56,6.38,6.38,6.38,6.38,6.38,6.38,8.93,10.2,10.2,8.93,5.74,5.74,5.74,5.74
N_19_26,N_19_25,6.441177886110198,6.57,6.57,6.57,6.57,6.57,6.57,10.05,10.05,11.59,11.59,7.73,7.73,7.73,7.73,7.73,7.73,10.82,12.37,12.37,10.82,6.96,6.96,6.96,6.96
N_19_26,N_21_27,0.6532233514883308,1.07,1.07,1.07,1.07,1.07,1.07,1.78,1.78,2.09,2.09,1.31,1.31,1.31,1.31,1.31,1.31,1.93,2.25,2.25,1.93,1.15,1.15,1.15,1.15
N_19_27,N_18_29,5.465041486397288,5.57,5.57,5.57,5.57,5.57,5.57,8.53,8.53,9.84,9.84,6.56,6.56,6.56,6.56,6.56,6.56,9.18,10.49,10.49,9.18,5.9,5.9,5.9,5.9
N_19_27,N_18_28,5.940874511403585,6.06,6.06,6.06,6.06,6.06,6.06,9.27,9.27,10.69,10.69,7.13,7.13,7.13,7.13,7.13,7.13,9.98,11.41,11.41,9.98,6.42,6.42,6.42,6.42
N_19_28,N_17_28,9.426340278192656,5.23,5.23,5.23,5.23,5.23,5.23,6.5,6.5,7.07,7.07,5.66,5.66,5.66,5.66,5.66,5.66,6.79,7.35,7.35,6.79,5.37,5.37,5.37,5.37
N_19_28,N_20_29,8.959920420422982,4.97,4.97,4.97,4.97,4.97,4.97,6.18,6.18,6.72,6.72,5.38,5.38,5.38,5.38,5.38,5.38,6.45,6.99,6.99,6.45,5.11,5.11,5.11,5.11
N_19_28,N_18_26,13.193360610833462,7.32,7.32,7.32,7.32,7.32,7.32,9.1,9.1,9.9,9.9,7.92,7.92,7.92,7.92,7.92,7.92,9.5,10.29,10.29,9.5,7.52,7.52,7.52,7.52
N_19_28,N_19_26,6.265518837807776,6.39,6.39,6.39,6.39,6.39,6.39,9.77,9.77,11.28,11.28,7.52,7.52,7.52,7.52,7.52,7.52,10.53,12.03,12.03,10.53,6.77,6.77,6.77,6.77
N_19_28,N_21_28,1.8966838783067077,3.11,3.11,3.11,3.11,3.11,3.11,5.16,5.16,6.07,6.07,3.79,3.79,3.79,3.79,3.79,3.79,5.61,6.52,6.52,5.61,3.34,3.34,3.34,3.34
N_19_28,N_20_30,3.456954539456655,3.53,3.53,3.53,3.53,3.53,3.53,5.39,5.39,6.22,6.22,4.15,4.15,4.15,4.15,4.15,4.15,5.81,6.64,6.64,5.81,3.73,3.73,3.73,3.73
N_19_28,N_17_29,9.945771315080531,5.52,5.52,5.52,5.52,5.52,5.52,6.86,6.86,7.46,7.46,5.97,5.97,5.97,5.97,5.97,5.97,7.16,7.76,7.76,7.16,5.67,5.67,5.67,5.67
N_19_29,N_17_30,3.510288812490136,3.58,3.58,3.58,3.58,3.58,3.58,5.48,5.48,6.32,6.32,4.21,4.21,4.21,4.21,4.21,4.21,5.9,6.74,6.74,5.9,3.79,3.79,3.79,3.79
N_19_29,N_18_29,11.108723495330889,6.17,6.17,6.17,6.17,6.17,6.17,7.67,7.67,8.33,8.33,6.67,6.67,6.67,6.67,6.67,6.67,8.0,8.66,8.66,8.0,6.33,6.33,6.33,6.33
N_19_29,N_19_30,13.340974177678167,7.4,7.4,7.4,7.4,7.4,7.4,9.21,9.21,10.01,10.01,8.0,8.0,8.0,8.0,8.0,8.0,9.61,10.41,10.41,9.61,7.6,7.6,7.6,7.6
N_19_29,N_19_28,2.008956147628566,3.29,3.29,3.29,3.29,3.29,3.29,5.46,5.46,6.43,6.43,4.02,4.02,4.02,4.02,4.02,4.02,5.95,6.91,6.91,5.95,3.54,3.54,3.54,3.54
N_19_3,N_17_3,10.669037247235531,5.92,5.92,5.92,5.92,5.92,5.92,7.36,7.36,8.0,8.0,6.4,6.4,6.4,6.4,6.4,6.4,7.68,8.32,8.32,7.68,6.08,6.08,6.08,6.08
N_19_3,N_21_2,0.7637454257564633,1.25,1.25,1.25,1.25,1.25,1.25,2.08,2.08,2.44,2.44,1.53,1.53,1.53,1.53,1.53,1.53,2.26,2.63,2.63,2.26,1.34,1.34,1.34,1.34
N_19_3,N_20_2,6.80386892778852,6.94,6.94,6.94,6.94,6.94,6.94,10.61,10.61,12.25,12.25,8.16,8.16,8.16,8.16,8.16,8.16,11.43,13.06,13.06,11.43,7.35,7.35,7.35,7.35
N_19_3,N_18_3,11.799631894162108,6.55,6.55,6.55,6.55,6.55,6.55,8.14,8.14,8.85,8.85,7.08,7.08,7.08,7.08,7.08,7.08,8.5,9.2,9.2,8.5,6.73,6.73,6.73,6.73
N_19_30,N_17_29,4.7596371176502315,4.85,4.85,4.85,4.85,4.85,4.85,7.43,7.43,8.57,8.57,5.71,5.71,5.71,5.71,5.71,5.71,8.0,9.14,9.14,8.0,5.14,5.14,5.14,5.14
N_19_30,N_19_29,1.460415819849716,2.4,2.4,2.4,2.4,2.4,2.4,3.97,3.97,4.67,4.67,2.92,2.92,2.92,2.92,2.92,2.92,4.32,5.02,5.02,4.32,2.57,2.57,2.57,2.57
N_19_31,N_18_30,1.6557072315976387,2.72,2.72,2.72,2.72,2.72,2.72,4.5,4.5,5.3,5.3,3.31,3.31,3.31,3.31,3.31,3.31,4.9,5.7,5.7,4.9,2.91,2.91,2.91,2.91
N_19_31,N_20_30,3.5876071414720765,3.66,3.66,3.66,3.66,3.66,3.66,5.6,5.6,6.46,6.46,4.31,4.31,4.31,4.31,4.31,4.31,6.03,6.89,6.89,6.03,3.87,3.87,3.87,3.87
N_19_31,N_17_32,8.801125940547927,4.88,4.88,4.88,4.88,4.88,4.88,6.07,6.07,6.6,6.6,5.28,5.28,5.28,5.28,5.28,5.28,6.34,6.86,6.86,6.34,5.02,5.02,5.02,5.02
N_19_32,N_20_30,8.542151575228951,4.74,4.74,4.74,4.74,4.74,4.74,5.89,5.89,6.41,6.41,5.13,5.13,5.13,5.13,5.13,5.13,6.15,6.66,6.66,6.15,4.87,4.87,4.87,4.87
N_19_32,N_18_30,6.316551411828188,6.44,6.44,6.44,6.44,6.44,6.44,9.85,9.85,11.37,11.37,7.58,7.58,7.58,7.58,7.58,7.58,10.61,12.13,12.13,10.61,6.82,6.82,6.82,6.82
N_19_32,N_19_34,10.985327311835974,6.1,6.1,6.1,6.1,6.1,6.1,7.58,7.58,8.24,8.24,6.59,6.59,6.59,6.59,6.59,6.59,7.91,8.57,8.57,7.91,6.26,6.26,6.26,6.26
N_19_32,N_19_31,12.248767178633445,6.8,6.8,6.8,6.8,6.8,6.8,8.45,8.45,9.19,9.19,7.35,7.35,7.35,7.35,7.35,7.35,8.82,9.55,9.55,8.82,6.98,6.98,6.98,6.98
N_19_32,N_20_33,2.2947844513055413,3.76,3.76,3.76,3.76,3.76,3.76,6.24,6.24,7.34,7.34,4.59,4.59,4.59,4.59,4.59,4.59,6.79,7.89,7.89,6.79,4.04,4.04,4.04,4.04
N_19_32,N_18_32,1.0881260726141389,1.78,1.78,1.78,1.78,1.78,1.78,2.96,2.96,3.48,3.48,2.18,2.18,2.18,2.18,2.18,2.18,3.22,3.74,3.74,3.22,1.92,1.92,1.92,1.92
N_19_33,N_21_33,2.4172503342556633,3.96,3.96,3.96,3.96,3.96,3.96,6.57,6.57,7.74,7.74,4.83,4.83,4.83,4.83,4.83,4.83,7.16,8.32,8.32,7.16,4.25,4.25,4.25,4.25
N_19_33,N_19_32,6.991251873208261,7.13,7.13,7.13,7.13,7.13,7.13,10.91,10.91,12.58,12.58,8.39,8.39,8.39,8.39,8.39,8.39,11.75,13.42,13.42,11.75,7.55,7.55,7.55,7.55
N_19_33,N_19_31,5.155869535596539,5.26,5.26,5.26,5.26,5.26,5.26,8.04,8.04,9.28,9.28,6.19,6.19,6.19,6.19,6.19,6.19,8.66,9.9,9.9,8.66,5.57,5.57,5.57,5.57
N_19_33,N_18_32,2.0964110948358696,3.44,3.44,3.44,3.44,3.44,3.44,5.7,5.7,6.71,6.71,4.19,4.19,4.19,4.19,4.19,4.19,6.21,7.21,7.21,6.21,3.69,3.69,3.69,3.69
N_19_34,N_17_33,0.9995304470021487,1.64,1.64,1.64,1.64,1.64,1.64,2.72,2.72,3.2,3.2,2.0,2.0,2.0,2.0,2.0,2.0,2.96,3.44,3.44,2.96,1.76,1.76,1.76,1.76
N_19_34,N_19_32,10.985327311835974,6.1,6.1,6.1,6.1,6.1,6.1,7.58,7.58,8.24,8.24,6.59,6.59,6.59,6.59,6.59,6.59,7.91,8.57,8.57,7.91,6.26,6.26,6.26,6.26
N_19_35,N_18_35,8.643788899778379,4.8,4.8,4.8,4.8,4.8,4.8,5.96,5.96,6.48,6.48,5.19,5.19,5.19,5.19,5.19,5.19,6.22,6.74,6.74,6.22,4.93,4.93,4.93,4.93
N_19_35,N_18_33,4.630469759527001,4.72,4.72,4.72,4.72,4.72,4.72,7.22,7.22,8.33,8.33,5.56,5.56,5.56,5.56,5.56,5.56,7.78,8.89,8.89,7.78,5.0,5.0,5.0,5.0
N_19_35,N_17_36,9.821952675066825,5.45,5.45,5.45,5.45,5.45,5.45,6.78,6.78,7.37,7.37,5.89,5.89,5.89,5.89,5.89,5.89,7.07,7.66,7.66,7.07,5.6,5.6,5.6,5.6
N_19_35,N_21_35,3.3260238292367097,3.39,3.39,3.39,3.39,3.39,3.39,5.19,5.19,5.99,5.99,3.99,3.99,3.99,3.99,3.99,3.99,5.59,6.39,6.39,5.59,3.59,3.59,3.59,3.59
N_19_36,N_17_36,5.726945928165941,5.84,5.84,5.84,5.84,5.84,5.84,8.93,8.93,10.31,10.31,6.87,6.87,6.87,6.87,6.87,6.87,9.62,11.0,11.0,9.62,6.19,6.19,6.19,6.19
N_19_36,N_18_36,11.579497670914572,6.43,6.43,6.43,6.43,6.43,6.43,7.99,7.99,8.68,8.68,6.95,6.95,6.95,6.95,6.95,6.95,8.34,9.03,9.03,8.34,6.6,6.6,6.6,6.6
N_19_36,N_18_35,6.959733935386381,7.1,7.1,7.1,7.1,7.1,7.1,10.86,10.86,12.53,12.53,8.35,8.35,8.35,8.35,8.35,8.35,11.69,13.36,13.36,11.69,7.52,7.52,7.52,7.52
N_19_37,N_18_38,6.961038865876658,7.1,7.1,7.1,7.1,7.1,7.1,10.86,10.86,12.53,12.53,8.35,8.35,8.35,8.35,8.35,8.35,11.69,13.37,13.37,11.69,7.52,7.52,7.52,7.52
N_19_37,N_20_35,14.44506596389937,8.02,8.02,8.02,8.02,8.02,8.02,9.97,9.97,10.83,10.83,8.67,8.67,8.67,8.67,8.67,8.67,10.4,11.27,11.27,10.4,8.23,8.23,8.23,8.23
N_19_38,N_18_36,4.7543481641030985,4.85,4.85,4.85,4.85,4.85,4.85,7.42,7.42,8.56,8.56,5.71,5.71,5.71,5.71,5.71,5.71,7.99,9.13,9.13,7.99,5.13,5.13,5.13,5.13
N_19_38,N_20_36,6.779072397142837,6.91,6.91,6.91,6.91,6.91,6.91,10.58,10.58,12.2,12.2,8.13,8.13,8.13,8.13,8.13,8.13,11.39,13.02,13.02,11.39,7.32,7.32,7.32,7.32
N_19_38,N_17_37,10.38782047732186,5.77,5.77,5.77,5.77,5.77,5.77,7.17,7.17,7.79,7.79,6.23,6.23,6.23,6.23,6.23,6.23,7.48,8.1,8.1,7.48,5.92,5.92,5.92,5.92
N_19_38,N_21_39,1.6596564130220992,2.72,2.72,2.72,2.72,2.72,2.72,4.51,4.51,5.31,5.31,3.32,3.32,3.32,3.32,3.32,3.32,4.91,5.71,5.71,4.91,2.92,2.92,2.92,2.92
N_19_39,N_19_37,4.113024907563263,4.2,4.2,4.2,4.2,4.2,4.2,6.42,6.42,7.4,7.4,4.94,4.94,4.94,4.94,4.94,4.94,6.91,7.9,7.9,6.91,4.44,4.44,4.44,4.44
N_19_39,N_20_38,4.389382460260121,4.48,4.48,4.48,4.48,4.48,4.48,6.85,6.85,7.9,7.9,5.27,5.27,5.27,5.27,5.27,5.27,7.37,8.43,8.43,7.37,4.74,4.74,4.74,4.74
N_19_39,N_17_39,11.4064500784309,6.33,6.33,6.33,6.33,6.33,6.33,7.87,7.87,8.55,8.55,6.84,6.84,6.84,6.84,6.84,6.84,8.21,8.9,8.9,8.21,6.5,6.5,6.5,6.5
N_19_39,N_21_38,14.574434149442997,8.09,8.09,8.09,8.09,8.09,8.09,10.06,10.06,10.93,10.93,8.74,8.74,8.74,8.74,8.74,8.74,10.49,11.37,11.37,10.49,8.31,8.31,8.31,8.31
N_19_4,N_21_5,1.6423303250447296,2.69,2.69,2.69,2.69,2.69,2.69,4.47,4.47,5.26,5.26,3.28,3.28,3.28,3.28,3.28,3.28,4.86,5.65,5.65,4.86,2.89,2.89,2.89,2.89
N_19_4,N_20_4,6.324151261265557,6.45,6.45,6.45,6.45,6.45,6.45,9.87,9.87,11.38,11.38,7.59,7.59,7.59,7.59,7.59,7.59,10.62,12.14,12.14,10.62,6.83,6.83,6.83,6.83
N_19_4,N_20_5,12.944255399959427,7.18,7.18,7.18,7.18,7.18,7.18,8.93,8.93,9.71,9.71,7.77,7.77,7.77,7.77,7.77,7.77,9.32,10.1,10.1,9.32,7.38,7.38,7.38,7.38
N_19_5,N_17_6,6.043952053844903,6.16,6.16,6.16,6.16,6.16,6.16,9.43,9.43,10.88,10.88,7.25,7.25,7.25,7.25,7.25,7.25,10.15,11.6,11.6,10.15,6.53,6.53,6.53,6.53
N_19_5,N_18_3,12.414367594932408,6.89,6.89,6.89,6.89,6.89,6.89,8.57,8.57,9.31,9.31,7.45,7.45,7.45,7.45,7.45,7.45,8.94,9.68,9.68,8.94,7.08,7.08,7.08,7.08
N_19_5,N_18_7,6.6989199232565415,6.83,6.83,6.83,6.83,6.83,6.83,10.45,10.45,12.06,12.06,8.04,8.04,8.04,8.04,8.04,8.04,11.25,12.86,12.86,11.25,7.23,7.23,7.23,7.23
N_19_5,N_17_5,2.0883947986557603,3.42,3.42,3.42,3.42,3.42,3.42,5.68,5.68,6.68,6.68,4.18,4.18,4.18,4.18,4.18,4.18,6.18,7.18,7.18,6.18,3.68,3.68,3.68,3.68
N_19_5,N_19_6,1.8222608542089913,2.99,2.99,2.99,2.99,2.99,2.99,4.96,4.96,5.83,5.83,3.64,3.64,3.64,3.64,3.64,3.64,5.39,6.27,6.27,5.39,3.21,3.21,3.21,3.21
N_19_6,N_17_6,1.7380207381084258,2.85,2.85,2.85,2.85,2.85,2.85,4.73,4.73,5.56,5.56,3.48,3.48,3.48,3.48,3.48,3.48,5.14,5.98,5.98,5.14,3.06,3.06,3.06,3.06
N_19_6,N_18_6,14.80235646264434,8.22,8.22,8.22,8.22,8.22,8.22,10.21,10.21,11.1,11.1,8.88,8.88,8.88,8.88,8.88,8.88,10.66,11.55,11.55,10.66,8.44,8.44,8.44,8.44
N_19_6,N_18_7,2.2357175740670865,3.67,3.67,3.67,3.67,3.67,3.67,6.08,6.08,7.15,7.15,4.47,4.47,4.47,4.47,4.47,4.47,6.62,7.69,7.69,6.62,3.93,3.93,3.93,3.93
N_19_7,N_17_8,12.00328584406267,6.66,6.66,6.66,6.66,6.66,6.66,8.28,8.28,9.0,9.0,7.2,7.2,7.2,7.2,7.2,7.2,8.64,9.36,9.36,8.64,6.84,6.84,6.84,6.84
N_19_7,N_19_8,4.936932251765166,5.04,5.04,5.04,5.04,5.04,5.04,7.7,7.7,8.89,8.89,5.92,5.92,5.92,5.92,5.92,5.92,8.29,9.48,9.48,8.29,5.33,5.33,5.33,5.33
N_19_7,N_20_5,10.100703998542151,5.61,5.61,5.61,5.61,5.61,5.61,6.97,6.97,7.58,7.58,6.06,6.06,6.06,6.06,6.06,6.06,7.27,7.88,7.88,7.27,5.76,5.76,5.76,5.76
N_19_8,N_19_10,6.101026210007372,6.22,6.22,6.22,6.22,6.22,6.22,9.52,9.52,10.98,10.98,7.32,7.32,7.32,7.32,7.32,7.32,10.25,11.71,11.71,10.25,6.59,6.59,6.59,6.59
N_19_8,N_19_7,4.936932251765166,5.04,5.04,5.04,5.04,5.04,5.04,7.7,7.7,8.89,8.89,5.92,5.92,5.92,5.92,5.92,5.92,8.29,9.48,9.48,8.29,5.33,5.33,5.33,5.33
N_19_9,N_18_10,5.43128830754304,5.54,5.54,5.54,5.54,5.54,5.54,8.47,8.47,9.78,9.78,6.52,6.52,6.52,6.52,6.52,6.52,9.12,10.43,10.43,9.12,5.87,5.87,5.87,5.87
N_19_9,N_18_11,3.975235434051618,4.05,4.05,4.05,4.05,4.05,4.05,6.2,6.2,7.16,7.16,4.77,4.77,4.77,4.77,4.77,4.77,6.68,7.63,7.63,6.68,4.29,4.29,4.29,4.29
N_19_9,N_19_11,5.912862170928726,6.03,6.03,6.03,6.03,6.03,6.03,9.22,9.22,10.64,10.64,7.1,7.1,7.1,7.1,7.1,7.1,9.93,11.35,11.35,9.93,6.39,6.39,6.39,6.39
N_19_9,N_19_7,4.644916337471557,4.74,4.74,4.74,4.74,4.74,4.74,7.25,7.25,8.36,8.36,5.57,5.57,5.57,5.57,5.57,5.57,7.8,8.92,8.92,7.8,5.02,5.02,5.02,5.02
N_19_9,N_20_9,4.042797533046267,4.12,4.12,4.12,4.12,4.12,4.12,6.31,6.31,7.28,7.28,4.85,4.85,4.85,4.85,4.85,4.85,6.79,7.76,7.76,6.79,4.37,4.37,4.37,4.37
N_19_9,N_21_9,3.8757927817059024,3.95,3.95,3.95,3.95,3.95,3.95,6.05,6.05,6.98,6.98,4.65,4.65,4.65,4.65,4.65,4.65,6.51,7.44,7.44,6.51,4.19,4.19,4.19,4.19
N_19_9,N_17_10,11.133454426144665,6.18,6.18,6.18,6.18,6.18,6.18,7.68,7.68,8.35,8.35,6.68,6.68,6.68,6.68,6.68,6.68,8.02,8.68,8.68,8.02,6.35,6.35,6.35,6.35
N_1_0,N_0_0,3.393772505532792,3.46,3.46,3.46,3.46,3.46,3.46,5.29,5.29,6.11,6.11,4.07,4.07,4.07,4.07,4.07,4.07,5.7,6.52,6.52,5.7,3.67,3.67,3.67,3.67
N_1_0,N_0_2,3.3803433571025234,3.45,3.45,3.45,3.45,3.45,3.45,5.27,5.27,6.08,6.08,4.06,4.06,4.06,4.06,4.06,4.06,5.68,6.49,6.49,5.68,3.65,3.65,3.65,3.65
N_1_0,N_2_0,0.5422353864075671,0.89,0.89,0.89,0.89,0.89,0.89,1.47,1.47,1.74,1.74,1.08,1.08,1.08,1.08,1.08,1.08,1.61,1.87,1.87,1.61,0.95,0.95,0.95,0.95
N_1_0,N_2_2,4.333152321345465,4.42,4.42,4.42,4.42,4.42,4.42,6.76,6.76,7.8,7.8,5.2,5.2,5.2,5.2,5.2,5.2,7.28,8.32,8.32,7.28,4.68,4.68,4.68,4.68
N_1_1,N_3_0,0.9586689366428178,1.57,1.57,1.57,1.57,1.57,1.57,2.61,2.61,3.07,3.07,1.92,1.92,1.92,1.92,1.92,1.92,2.84,3.3,3.3,2.84,1.69,1.69,1.69,1.69
N_1_1,N_1_3,1.1630042256920825,1.91,1.91,1.91,1.91,1.91,1.91,3.16,3.16,3.72,3.72,2.33,2.33,2.33,2.33,2.33,2.33,3.44,4.0,4.0,3.44,2.05,2.05,2.05,2.05
N_1_1,N_1_0,6.760055184770849,6.9,6.9,6.9,6.9,6.9,6.9,10.55,10.55,12.17,12.17,8.11,8.11,8.11,8.11,8.11,8.11,11.36,12.98,12.98,11.36,7.3,7.3,7.3,7.3
N_1_10,N_0_11,3.7025602817772265,3.78,3.78,3.78,3.78,3.78,3.78,5.78,5.78,6.66,6.66,4.44,4.44,4.44,4.44,4.44,4.44,6.22,7.11,7.11,6.22,4.0,4.0,4.0,4.0
N_1_10,N_0_12,1.4366627777053906,2.36,2.36,2.36,2.36,2.36,2.36,3.91,3.91,4.6,4.6,2.87,2.87,2.87,2.87,2.87,2.87,4.25,4.94,4.94,4.25,2.53,2.53,2.53,2.53
N_1_10,N_0_9,4.1614491311112545,4.24,4.24,4.24,4.24,4.24,4.24,6.49,6.49,7.49,7.49,4.99,4.99,4.99,4.99,4.99,4.99,6.99,7.99,7.99,6.99,4.49,4.49,4.49,4.49
N_1_10,N_0_10,1.2557134725939625,2.06,2.06,2.06,2.06,2.06,2.06,3.42,3.42,4.02,4.02,2.51,2.51,2.51,2.51,2.51,2.51,3.72,4.32,4.32,3.72,2.21,2.21,2.21,2.21
N_1_10,N_2_10,2.2532432864606182,3.7,3.7,3.7,3.7,3.7,3.7,6.13,6.13,7.21,7.21,4.51,4.51,4.51,4.51,4.51,4.51,6.67,7.75,7.75,6.67,3.97,3.97,3.97,3.97
N_1_10,N_1_12,11.531567641010806,6.4,6.4,6.4,6.4,6.4,6.4,7.96,7.96,8.65,8.65,6.92,6.92,6.92,6.92,6.92,6.92,8.3,8.99,8.99,8.3,6.57,6.57,6.57,6.57
N_1_11,N_2_13,4.835622555096945,4.93,4.93,4.93,4.93,4.93,4.93,7.54,7.54,8.7,8.7,5.8,5.8,5.8,5.8,5.8,5.8,8.12,9.28,9.28,8.12,5.22,5.22,5.22,5.22
N_1_11,N_0_11,1.652402363291388,2.71,2.71,2.71,2.71,2.71,2.71,4.49,4.49,5.29,5.29,3.3,3.3,3.3,3.3,3.3,3.3,4.89,5.68,5.68,4.89,2.91,2.91,2.91,2.91
N_1_12,N_0_10,4.435836630308984,4.52,4.52,4.52,4.52,4.52,4.52,6.92,6.92,7.98,7.98,5.32,5.32,5.32,5.32,5.32,5.32,7.45,8.52,8.52,7.45,4.79,4.79,4.79,4.79
N_1_12,N_0_11,3.3605335029848757,3.43,3.43,3.43,3.43,3.43,3.43,5.24,5.24,6.05,6.05,4.03,4.03,4.03,4.03,4.03,4.03,5.65,6.45,6.45,5.65,3.63,3.63,3.63,3.63
N_1_13,N_2_15,9.184789988799189,5.1,5.1,5.1,5.1,5.1,5.1,6.34,6.34,6.89,6.89,5.51,5.51,5.51,5.51,5.51,5.51,6.61,7.16,7.16,6.61,5.24,5.24,5.24,5.24
N_1_13,N_2_14,3.999876233455204,4.08,4.08,4.08,4.08,4.08,4.08,6.24,6.24,7.2,7.2,4.8,4.8,4.8,4.8,4.8,4.8,6.72,7.68,7.68,6.72,4.32,4.32,4.32,4.32
N_1_13,N_1_15,4.894058630567958,4.99,4.99,4.99,4.99,4.99,4.99,7.63,7.63,8.81,8.81,5.87,5.87,5.87,5.87,5.87,5.87,8.22,9.4,9.4,8.22,5.29,5.29,5.29,5.29
N_1_14,N_2_15,6.020151721310898,6.14,6.14,6.14,6.14,6.14,6.14,9.39,9.39,10.84,10.84,7.22,7.22,7.22,7.22,7.22,7.22,10.11,11.56,11.56,10.11,6.5,6.5,6.5,6.5
N_1_14,N_1_13,4.252064703687289,4.34,4.34,4.34,4.34,4.34,4.34,6.63,6.63,7.65,7.65,5.1,5.1,5.1,5.1,5.1,5.1,7.14,8.16,8.16,7.14,4.59,4.59,4.59,4.59
N_1_14,N_0_16,5.835472687572132,5.95,5.95,5.95,5.95,5.95,5.95,9.1,9.1,10.5,10.5,7.0,7.0,7.0,7.0,7.0,7.0,9.8,11.2,11.2,9.8,6.3,6.3,6.3,6.3
N_1_14,N_3_15,2.485510717825134,4.08,4.08,4.08,4.08,4.08,4.08,6.76,6.76,7.95,7.95,4.97,4.97,4.97,4.97,4.97,4.97,7.36,8.55,8.55,7.36,4.37,4.37,4.37,4.37
N_1_14,N_0_13,12.894788947273277,7.16,7.16,7.16,7.16,7.16,7.16,8.9,8.9,9.67,9.67,7.74,7.74,7.74,7.74,7.74,7.74,9.28,10.06,10.06,9.28,7.35,7.35,7.35,7.35
N_1_15,N_0_16,5.651074952247912,5.76,5.76,5.76,5.76,5.76,5.76,8.82,8.82,10.17,10.17,6.78,6.78,6.78,6.78,6.78,6.78,9.49,10.85,10.85,9.49,6.1,6.1,6.1,6.1
N_1_15,N_1_13,4.894058630567958,4.99,4.99,4.99,4.99,4.99,4.99,7.63,7.63,8.81,8.81,5.87,5.87,5.87,5.87,5.87,5.87,8.22,9.4,9.4,8.22,5.29,5.29,5.29,5.29
N_1_15,N_0_15,4.187004092859723,4.27,4.27,4.27,4.27,4.27,4.27,6.53,6.53,7.54,7.54,5.02,5.02,5.02,5.02,5.02,5.02,7.03,8.04,8.04,7.03,4.52,4.52,4.52,4.52
N_1_15,N_0_13,4.486527251118731,4.58,4.58,4.58,4.58,4.58,4.58,7.0,7.0,8.08,8.08,5.38,5.38,5.38,5.38,5.38,5.38,7.54,8.61,8.61,7.54,4.85,4.85,4.85,4.85
N_1_16,N_0_15,10.914120601524267,6.06,6.06,6.06,6.06,6.06,6.06,7.53,7.53,8.19,8.19,6.55,6.55,6.55,6.55,6.55,6.55,7.86,8.51,8.51,7.86,6.22,6.22,6.22,6.22
N_1_16,N_1_18,14.838832937473185,8.24,8.24,8.24,8.24,8.24,8.24,10.24,10.24,11.13,11.13,8.9,8.9,8.9,8.9,8.9,8.9,10.68,11.57,11.57,10.68,8.46,8.46,8.46,8.46
N_1_16,N_1_14,12.858316202885916,7.14,7.14,7.14,7.14,7.14,7.14,8.87,8.87,9.64,9.64,7.71,7.71,7.71,7.71,7.71,7.71,9.26,10.03,10.03,9.26,7.33,7.33,7.33,7.33
N_1_16,N_3_16,3.244431156664275,3.31,3.31,3.31,3.31,3.31,3.31,5.06,5.06,5.84,5.84,3.89,3.89,3.89,3.89,3.89,3.89,5.45,6.23,6.23,5.45,3.5,3.5,3.5,3.5
N_1_16,N_2_16,10.453169550406967,5.8,5.8,5.8,5.8,5.8,5.8,7.21,7.21,7.84,7.84,6.27,6.27,6.27,6.27,6.27,6.27,7.53,8.15,8.15,7.53,5.96,5.96,5.96,5.96
N_1_17,N_0_19,12.25808196543408,6.8,6.8,6.8,6.8,6.8,6.8,8.46,8.46,9.19,9.19,7.35,7.35,7.35,7.35,7.35,7.35,8.83,9.56,9.56,8.83,6.99,6.99,6.99,6.99
N_1_17,N_2_18,9.515090286432942,5.28,5.28,5.28,5.28,5.28,5.28,6.57,6.57,7.14,7.14,5.71,5.71,5.71,5.71,5.71,5.71,6.85,7.42,7.42,6.85,5.42,5.42,5.42,5.42
N_1_17,N_0_15,3.506816351320877,3.58,3.58,3.58,3.58,3.58,3.58,5.47,5.47,6.31,6.31,4.21,4.21,4.21,4.21,4.21,4.21,5.89,6.73,6.73,5.89,3.79,3.79,3.79,3.79
N_1_17,N_3_17,4.531786064212328,4.62,4.62,4.62,4.62,4.62,4.62,7.07,7.07,8.16,8.16,5.44,5.44,5.44,5.44,5.44,5.44,7.61,8.7,8.7,7.61,4.89,4.89,4.89,4.89
N_1_17,N_0_17,1.70955041464027,2.8,2.8,2.8,2.8,2.8,2.8,4.65,4.65,5.47,5.47,3.42,3.42,3.42,3.42,3.42,3.42,5.06,5.88,5.88,5.06,3.01,3.01,3.01,3.01
N_1_18,N_0_18,12.305747853991056,6.83,6.83,6.83,6.83,6.83,6.83,8.49,8.49,9.23,9.23,7.38,7.38,7.38,7.38,7.38,7.38,8.86,9.6,9.6,8.86,7.01,7.01,7.01,7.01
N_1_18,N_1_16,14.838832937473185,8.24,8.24,8.24,8.24,8.24,8.24,10.24,10.24,11.13,11.13,8.9,8.9,8.9,8.9,8.9,8.9,10.68,11.57,11.57,10.68,8.46,8.46,8.46,8.46
N_1_18,N_3_17,13.650640711768144,7.58,7.58,7.58,7.58,7.58,7.58,9.42,9.42,10.24,10.24,8.19,8.19,8.19,8.19,8.19,8.19,9.83,10.65,10.65,9.83,7.78,7.78,7.78,7.78
N_1_18,N_2_17,4.210233286034319,4.29,4.29,4.29,4.29,4.29,4.29,6.57,6.57,7.58,7.58,5.05,5.05,5.05,5.05,5.05,5.05,7.07,8.08,8.08,7.07,4.55,4.55,4.55,4.55
N_1_19,N_2_20,6.359504414714671,6.49,6.49,6.49,6.49,6.49,6.49,9.92,9.92,11.45,11.45,7.63,7.63,7.63,7.63,7.63,7.63,10.68,12.21,12.21,10.68,6.87,6.87,6.87,6.87
N_1_19,N_0_21,6.155860222892136,6.28,6.28,6.28,6.28,6.28,6.28,9.6,9.6,11.08,11.08,7.39,7.39,7.39,7.39,7.39,7.39,10.34,11.82,11.82,10.34,6.65,6.65,6.65,6.65
N_1_19,N_2_18,4.741653491618994,4.84,4.84,4.84,4.84,4.84,4.84,7.4,7.4,8.53,8.53,5.69,5.69,5.69,5.69,5.69,5.69,7.97,9.1,9.1,7.97,5.12,5.12,5.12,5.12
N_1_2,N_0_0,1.3873571033234116,2.28,2.28,2.28,2.28,2.28,2.28,3.77,3.77,4.44,4.44,2.77,2.77,2.77,2.77,2.77,2.77,4.11,4.77,4.77,4.11,2.44,2.44,2.44,2.44
N_1_2,N_0_2,3.7795544268374006,3.86,3.86,3.86,3.86,3.86,3.86,5.9,5.9,6.8,6.8,4.54,4.54,4.54,4.54,4.54,4.54,6.35,7.26,7.26,6.35,4.08,4.08,4.08,4.08
N_1_2,N_2_0,1.5055867123836868,2.47,2.47,2.47,2.47,2.47,2.47,4.1,4.1,4.82,4.82,3.01,3.01,3.01,3.01,3.01,3.01,4.46,5.18,5.18,4.46,2.65,2.65,2.65,2.65
N_1_2,N_2_3,12.530526823734192,6.95,6.95,6.95,6.95,6.95,6.95,8.65,8.65,9.4,9.4,7.52,7.52,7.52,7.52,7.52,7.52,9.02,9.77,9.77,9.02,7.14,7.14,7.14,7.14
N_1_2,N_0_4,6.9829513935893495,7.12,7.12,7.12,7.12,7.12,7.12,10.89,10.89,12.57,12.57,8.38,8.38,8.38,8.38,8.38,8.38,11.73,13.41,13.41,11.73,7.54,7.54,7.54,7.54
N_1_20,N_0_19,12.431537070107108,6.9,6.9,6.9,6.9,6.9,6.9,8.58,8.58,9.32,9.32,7.46,7.46,7.46,7.46,7.46,7.46,8.95,9.7,9.7,8.95,7.09,7.09,7.09,7.09
N_1_20,N_1_18,14.259855948337712,7.91,7.91,7.91,7.91,7.91,7.91,9.84,9.84,10.69,10.69,8.56,8.56,8.56,8.56,8.56,8.56,10.27,11.12,11.12,10.27,8.13,8.13,8.13,8.13
N_1_20,N_1_19,6.483652885286304,6.61,6.61,6.61,6.61,6.61,6.61,10.11,10.11,11.67,11.67,7.78,7.78,7.78,7.78,7.78,7.78,10.89,12.45,12.45,10.89,7.0,7.0,7.0,7.0
N_1_20,N_1_22,6.383212540132605,6.51,6.51,6.51,6.51,6.51,6.51,9.96,9.96,11.49,11.49,7.66,7.66,7.66,7.66,7.66,7.66,10.72,12.26,12.26,10.72,6.89,6.89,6.89,6.89
N_1_20,N_2_18,3.2493018899630473,3.31,3.31,3.31,3.31,3.31,3.31,5.07,5.07,5.85,5.85,3.9,3.9,3.9,3.9,3.9,3.9,5.46,6.24,6.24,5.46,3.51,3.51,3.51,3.51
N_1_20,N_0_20,6.933613713162418,7.07,7.07,7.07,7.07,7.07,7.07,10.82,10.82,12.48,12.48,8.32,8.32,8.32,8.32,8.32,8.32,11.65,13.31,13.31,11.65,7.49,7.49,7.49,7.49
N_1_21,N_0_20,14.696372366928346,8.16,8.16,8.16,8.16,8.16,8.16,10.14,10.14,11.02,11.02,8.82,8.82,8.82,8.82,8.82,8.82,10.58,11.46,11.46,10.58,8.38,8.38,8.38,8.38
N_1_21,N_0_21,1.5030513874815992,2.47,2.47,2.47,2.47,2.47,2.47,4.09,4.09,4.81,4.81,3.01,3.01,3.01,3.01,3.01,3.01,4.45,5.17,5.17,4.45,2.65,2.65,2.65,2.65
N_1_21,N_3_21,11.103792096015505,6.16,6.16,6.16,6.16,6.16,6.16,7.66,7.66,8.33,8.33,6.66,6.66,6.66,6.66,6.66,6.66,7.99,8.66,8.66,7.99,6.33,6.33,6.33,6.33
N_1_22,N_1_20,6.383212540132605,6.51,6.51,6.51,6.51,6.51,6.51,9.96,9.96,11.49,11.49,7.66,7.66,7.66,7.66,7.66,7.66,10.72,12.26,12.26,10.72,6.89,6.89,6.89,6.89
N_1_22,N_2_21,14.426077646269889,8.01,8.01,8.01,8.01,8.01,8.01,9.95,9.95,10.82,10.82,8.66,8.66,8.66,8.66,8.66,8.66,10.39,11.25,11.25,10.39,8.22,8.22,8.22,8.22
N_1_22,N_2_20,10.2225090201053,5.67,5.67,5.67,5.67,5.67,5.67,7.05,7.05,7.67,7.67,6.13,6.13,6.13,6.13,6.13,6.13,7.36,7.97,7.97,7.36,5.83,5.83,5.83,5.83
N_1_22,N_1_23,9.185350883909738,5.1,5.1,5.1,5.1,5.1,5.1,6.34,6.34,6.89,6.89,5.51,5.51,5.51,5.51,5.51,5.51,6.61,7.16,7.16,6.61,5.24,5.24,5.24,5.24
N_1_23,N_1_22,9.185350883909738,5.1,5.1,5.1,5.1,5.1,5.1,6.34,6.34,6.89,6.89,5.51,5.51,5.51,5.51,5.51,5.51,6.61,7.16,7.16,6.61,5.24,5.24,5.24,5.24
N_1_23,N_0_21,4.655931092082273,4.75,4.75,4.75,4.75,4.75,4.75,7.26,7.26,8.38,8.38,5.59,5.59,5.59,5.59,5.59,5.59,7.82,8.94,8.94,7.82,5.03,5.03,5.03,5.03
N_1_24,N_0_22,14.089038945755068,7.82,7.82,7.82,7.82,7.82,7.82,9.72,9.72,10.57,10.57,8.45,8.45,8.45,8.45,8.45,8.45,10.14,10.99,10.99,10.14,8.03,8.03,8.03,8.03
N_1_24,N_1_22,1.8740797464807397,3.07,3.07,3.07,3.07,3.07,3.07,5.1,5.1,6.0,6.0,3.75,3.75,3.75,3.75,3.75,3.75,5.55,6.45,6.45,5.55,3.3,3.3,3.3,3.3
N_1_25,N_0_27,11.27381738145591,6.26,6.26,6.26,6.26,6.26,6.26,7.78,7.78,8.46,8.46,6.76,6.76,6.76,6.76,6.76,6.76,8.12,8.79,8.79,8.12,6.43,6.43,6.43,6.43
N_1_25,N_0_24,12.608325268460778,7.0,7.0,7.0,7.0,7.0,7.0,8.7,8.7,9.46,9.46,7.56,7.56,7.56,7.56,7.56,7.56,9.08,9.83,9.83,9.08,7.19,7.19,7.19,7.19
N_1_26,N_0_24,11.586424140607733,6.43,6.43,6.43,6.43,6.43,6.43,7.99,7.99,8.69,8.69,6.95,6.95,6.95,6.95,6.95,6.95,8.34,9.04,9.04,8.34,6.6,6.6,6.6,6.6
N_1_26,N_0_25,10.296856491564888,5.71,5.71,5.71,5.71,5.71,5.71,7.1,7.1,7.72,7.72,6.18,6.18,6.18,6.18,6.18,6.18,7.41,8.03,8.03,7.41,5.87,5.87,5.87,5.87
N_1_26,N_2_28,0.8742230372600082,1.43,1.43,1.43,1.43,1.43,1.43,2.38,2.38,2.8,2.8,1.75,1.75,1.75,1.75,1.75,1.75,2.59,3.01,3.01,2.59,1.54,1.54,1.54,1.54
N_1_26,N_1_28,11.827446746104396,6.56,6.56,6.56,6.56,6.56,6.56,8.16,8.16,8.87,8.87,7.1,7.1,7.1,7.1,7.1,7.1,8.52,9.23,9.23,8.52,6.74,6.74,6.74,6.74
N_1_27,N_0_28,1.7908859523391276,2.94,2.94,2.94,2.94,2.94,2.94,4.87,4.87,5.73,5.73,3.58,3.58,3.58,3.58,3.58,3.58,5.3,6.16,6.16,5.3,3.15,3.15,3.15,3.15
N_1_27,N_2_29,6.883062688380168,7.02,7.02,7.02,7.02,7.02,7.02,10.74,10.74,12.39,12.39,8.26,8.26,8.26,8.26,8.26,8.26,11.56,13.22,13.22,11.56,7.43,7.43,7.43,7.43
N_1_28,N_0_30,12.416206021093856,6.89,6.89,6.89,6.89,6.89,6.89,8.57,8.57,9.31,9.31,7.45,7.45,7.45,7.45,7.45,7.45,8.94,9.68,9.68,8.94,7.08,7.08,7.08,7.08
N_1_28,N_3_29,10.33202980101098,5.73,5.73,5.73,5.73,5.73,5.73,7.13,7.13,7.75,7.75,6.2,6.2,6.2,6.2,6.2,6.2,7.44,8.06,8.06,7.44,5.89,5.89,5.89,5.89
N_1_28,N_2_28,1.1185470788607512,1.83,1.83,1.83,1.83,1.83,1.83,3.04,3.04,3.58,3.58,2.24,2.24,2.24,2.24,2.24,2.24,3.31,3.85,3.85,3.31,1.97,1.97,1.97,1.97
N_1_28,N_2_27,1.4174270390867272,2.32,2.32,2.32,2.32,2.32,2.32,3.86,3.86,4.54,4.54,2.83,2.83,2.83,2.83,2.83,2.83,4.2,4.88,4.88,4.2,2.49,2.49,2.49,2.49
N_1_28,N_2_30,9.032437066755039,5.01,5.01,5.01,5.01,5.01,5.01,6.23,6.23,6.77,6.77,5.42,5.42,5.42,5.42,5.42,5.42,6.5,7.05,7.05,6.5,5.15,5.15,5.15,5.15
N_1_28,N_0_27,9.423253871916549,5.23,5.23,5.23,5.23,5.23,5.23,6.5,6.5,7.07,7.07,5.65,5.65,5.65,5.65,5.65,5.65,6.78,7.35,7.35,6.78,5.37,5.37,5.37,5.37
N_1_28,N_1_30,12.79299503480969,7.1,7.1,7.1,7.1,7.1,7.1,8.83,8.83,9.59,9.59,7.68,7.68,7.68,7.68,7.68,7.68,9.21,9.98,9.98,9.21,7.29,7.29,7.29,7.29
N_1_29,N_0_28,13.314066660318993,7.39,7.39,7.39,7.39,7.39,7.39,9.19,9.19,9.99,9.99,7.99,7.99,7.99,7.99,7.99,7.99,9.59,10.38,10.38,9.59,7.59,7.59,7.59,7.59
N_1_29,N_0_27,3.3832994516960953,3.45,3.45,3.45,3.45,3.45,3.45,5.28,5.28,6.09,6.09,4.06,4.06,4.06,4.06,4.06,4.06,5.68,6.5,6.5,5.68,3.65,3.65,3.65,3.65
N_1_3,N_1_1,1.1630042256920825,1.91,1.91,1.91,1.91,1.91,1.91,3.16,3.16,3.72,3.72,2.33,2.33,2.33,2.33,2.33,2.33,3.44,4.0,4.0,3.44,2.05,2.05,2.05,2.05
N_1_3,N_0_2,4.476530264683975,4.57,4.57,4.57,4.57,4.57,4.57,6.98,6.98,8.06,8.06,5.37,5.37,5.37,5.37,5.37,5.37,7.52,8.59,8.59,7.52,4.83,4.83,4.83,4.83
N_1_3,N_0_5,1.721133047329935,2.82,2.82,2.82,2.82,2.82,2.82,4.68,4.68,5.51,5.51,3.44,3.44,3.44,3.44,3.44,3.44,5.09,5.92,5.92,5.09,3.03,3.03,3.03,3.03
N_1_30,N_0_30,5.23185284967361,5.34,5.34,5.34,5.34,5.34,5.34,8.16,8.16,9.42,9.42,6.28,6.28,6.28,6.28,6.28,6.28,8.79,10.05,10.05,8.79,5.65,5.65,5.65,5.65
N_1_30,N_0_32,6.804677254384537,6.94,6.94,6.94,6.94,6.94,6.94,10.62,10.62,12.25,12.25,8.17,8.17,8.17,8.17,8.17,8.17,11.43,13.06,13.06,11.43,7.35,7.35,7.35,7.35
N_1_30,N_1_31,5.701091731228679,5.82,5.82,5.82,5.82,5.82,5.82,8.89,8.89,10.26,10.26,6.84,6.84,6.84,6.84,6.84,6.84,9.58,10.95,10.95,9.58,6.16,6.16,6.16,6.16
N_1_30,N_2_31,14.68511949443935,8.15,8.15,8.15,8.15,8.15,8.15,10.13,10.13,11.01,11.01,8.81,8.81,8.81,8.81,8.81,8.81,10.57,11.45,11.45,10.57,8.37,8.37,8.37,8.37
N_1_30,N_3_31,5.069394285506979,5.17,5.17,5.17,5.17,5.17,5.17,7.91,7.91,9.12,9.12,6.08,6.08,6.08,6.08,6.08,6.08,8.52,9.73,9.73,8.52,5.47,5.47,5.47,5.47
N_1_30,N_3_29,1.1925737364003899,1.96,1.96,1.96,1.96,1.96,1.96,3.24,3.24,3.82,3.82,2.39,2.39,2.39,2.39,2.39,2.39,3.53,4.1,4.1,3.53,2.1,2.1,2.1,2.1
N_1_31,N_1_30,5.701091731228679,5.82,5.82,5.82,5.82,5.82,5.82,8.89,8.89,10.26,10.26,6.84,6.84,6.84,6.84,6.84,6.84,9.58,10.95,10.95,9.58,6.16,6.16,6.16,6.16
N_1_31,N_0_33,5.968260038915789,6.09,6.09,6.09,6.09,6.09,6.09,9.31,9.31,10.74,10.74,7.16,7.16,7.16,7.16,7.16,7.16,10.03,11.46,11.46,10.03,6.45,6.45,6.45,6.45
N_1_31,N_0_31,2.3164217390160253,3.8,3.8,3.8,3.8,3.8,3.8,6.3,6.3,7.41,7.41,4.63,4.63,4.63,4.63,4.63,4.63,6.86,7.97,7.97,6.86,4.08,4.08,4.08,4.08
N_1_31,N_1_32,5.848093907089934,5.97,5.97,5.97,5.97,5.97,5.97,9.12,9.12,10.53,10.53,7.02,7.02,7.02,7.02,7.02,7.02,9.82,11.23,11.23,9.82,6.32,6.32,6.32,6.32
N_1_32,N_0_31,12.961838100597376,7.19,7.19,7.19,7.19,7.19,7.19,8.94,8.94,9.72,9.72,7.78,7.78,7.78,7.78,7.78,7.78,9.33,10.11,10.11,9.33,7.39,7.39,7.39,7.39
N_1_32,N_0_32,5.159083033654684,5.26,5.26,5.26,5.26,5.26,5.26,8.05,8.05,9.29,9.29,6.19,6.19,6.19,6.19,6.19,6.19,8.67,9.91,9.91,8.67,5.57,5.57,5.57,5.57
N_1_33,N_0_33,6.13520143773937,6.26,6.26,6.26,6.26,6.26,6.26,9.57,9.57,11.04,11.04,7.36,7.36,7.36,7.36,7.36,7.36,10.31,11.78,11.78,10.31,6.63,6.63,6.63,6.63
N_1_33,N_2_31,6.067335004185717,6.19,6.19,6.19,6.19,6.19,6.19,9.47,9.47,10.92,10.92,7.28,7.28,7.28,7.28,7.28,7.28,10.19,11.65,11.65,10.19,6.55,6.55,6.55,6.55
N_1_33,N_1_32,10.052677799002808,5.58,5.58,5.58,5.58,5.58,5.58,6.94,6.94,7.54,7.54,6.03,6.03,6.03,6.03,6.03,6.03,7.24,7.84,7.84,7.24,5.73,5.73,5.73,5.73
N_1_34,N_0_32,5.388985764286514,5.5,5.5,5.5,5.5,5.5,5.5,8.41,8.41,9.7,9.7,6.47,6.47,6.47,6.47,6.47,6.47,9.05,10.35,10.35,9.05,5.82,5.82,5.82,5.82
N_1_34,N_0_35,1.2498253468355351,2.05,2.05,2.05,2.05,2.05,2.05,3.4,3.4,4.0,4.0,2.5,2.5,2.5,2.5,2.5,2.5,3.7,4.3,4.3,3.7,2.2,2.2,2.2,2.2
N_1_35,N_3_34,5.8952408026997585,6.01,6.01,6.01,6.01,6.01,6.01,9.2,9.2,10.61,10.61,7.07,7.07,7.07,7.07,7.07,7.07,9.9,11.32,11.32,9.9,6.37,6.37,6.37,6.37
N_1_35,N_2_33,11.588425963087868,6.43,6.43,6.43,6.43,6.43,6.43,8.0,8.0,8.69,8.69,6.95,6.95,6.95,6.95,6.95,6.95,8.34,9.04,9.04,8.34,6.61,6.61,6.61,6.61
N_1_36,N_3_36,3.195324879116904,3.26,3.26,3.26,3.26,3.26,3.26,4.98,4.98,5.75,5.75,3.83,3.83,3.83,3.83,3.83,3.83,5.37,6.14,6.14,5.37,3.45,3.45,3.45,3.45
N_1_36,N_1_38,14.548347861011472,8.07,8.07,8.07,8.07,8.07,8.07,10.04,10.04,10.91,10.91,8.73,8.73,8.73,8.73,8.73,8.73,10.47,11.35,11.35,10.47,8.29,8.29,8.29,8.29
N_1_36,N_2_35,3.742853888179475,3.82,3.82,3.82,3.82,3.82,3.82,5.84,5.84,6.74,6.74,4.49,4.49,4.49,4.49,4.49,4.49,6.29,7.19,7.19,6.29,4.04,4.04,4.04,4.04
N_1_37,N_1_36,6.903590489472647,7.04,7.04,7.04,7.04,7.04,7.04,10.77,10.77,12.43,12.43,8.28,8.28,8.28,8.28,8.28,8.28,11.6,13.25,13.25,11.6,7.46,7.46,7.46,7.46
N_1_37,N_0_39,8.126510463379766,4.51,4.51,4.51,4.51,4.51,4.51,5.61,5.61,6.09,6.09,4.88,4.88,4.88,4.88,4.88,4.88,5.85,6.34,6.34,5.85,4.63,4.63,4.63,4.63
N_1_37,N_2_39,10.014819183179346,5.56,5.56,5.56,5.56,5.56,5.56,6.91,6.91,7.51,7.51,6.01,6.01,6.01,6.01,6.01,6.01,7.21,7.81,7.81,7.21,5.71,5.71,5.71,5.71
N_1_38,N_0_39,6.774420602848517,6.91,6.91,6.91,6.91,6.91,6.91,10.57,10.57,12.19,12.19,8.13,8.13,8.13,8.13,8.13,8.13,11.38,13.01,13.01,11.38,7.32,7.32,7.32,7.32
N_1_38,N_1_36,14.548347861011472,8.07,8.07,8.07,8.07,8.07,8.07,10.04,10.04,10.91,10.91,8.73,8.73,8.73,8.73,8.73,8.73,10.47,11.35,11.35,10.47,8.29,8.29,8.29,8.29
N_1_39,N_0_39,4.3541890327188035,4.44,4.44,4.44,4.44,4.44,4.44,6.79,6.79,7.84,7.84,5.23,5.23,5.23,5.23,5.23,5.23,7.32,8.36,8.36,7.32,4.7,4.7,4.7,4.7
N_1_39,N_1_37,4.022770387021846,4.1,4.1,4.1,4.1,4.1,4.1,6.28,6.28,7.24,7.24,4.83,4.83,4.83,4.83,4.83,4.83,6.76,7.72,7.72,6.76,4.34,4.34,4.34,4.34
N_1_39,N_0_37,2.4354472172052937,3.99,3.99,3.99,3.99,3.99,3.99,6.62,6.62,7.79,7.79,4.87,4.87,4.87,4.87,4.87,4.87,7.21,8.38,8.38,7.21,4.29,4.29,4.29,4.29
N_1_4,N_0_2,10.372521331846226,5.76,5.76,5.76,5.76,5.76,5.76,7.16,7.16,7.78,7.78,6.22,6.22,6.22,6.22,6.22,6.22,7.47,8.09,8.09,7.47,5.91,5.91,5.91,5.91
N_1_4,N_1_5,6.059760630828391,6.18,6.18,6.18,6.18,6.18,6.18,9.45,9.45,10.91,10.91,7.27,7.27,7.27,7.27,7.27,7.27,10.18,11.63,11.63,10.18,6.54,6.54,6.54,6.54
N_1_5,N_1_7,9.113822626830059,5.06,5.06,5.06,5.06,5.06,5.06,6.29,6.29,6.84,6.84,5.47,5.47,5.47,5.47,5.47,5.47,6.56,7.11,7.11,6.56,5.19,5.19,5.19,5.19
N_1_5,N_3_4,4.604466037454317,4.7,4.7,4.7,4.7,4.7,4.7,7.18,7.18,8.29,8.29,5.53,5.53,5.53,5.53,5.53,5.53,7.74,8.84,8.84,7.74,4.97,4.97,4.97,4.97
N_1_5,N_2_5,4.672719982280102,4.77,4.77,4.77,4.77,4.77,4.77,7.29,7.29,8.41,8.41,5.61,5.61,5.61,5.61,5.61,5.61,7.85,8.97,8.97,7.85,5.05,5.05,5.05,5.05
N_1_5,N_2_4,4.452698726364245,4.54,4.54,4.54,4.54,4.54,4.54,6.95,6.95,8.01,8.01,5.34,5.34,5.34,5.34,5.34,5.34,7.48,8.55,8.55,7.48,4.81,4.81,4.81,4.81
N_1_6,N_3_6,5.624762450822313,5.74,5.74,5.74,5.74,5.74,5.74,8.77,8.77,10.12,10.12,6.75,6.75,6.75,6.75,6.75,6.75,9.45,10.8,10.8,9.45,6.07,6.07,6.07,6.07
N_1_6,N_0_8,12.061104801086557,6.69,6.69,6.69,6.69,6.69,6.69,8.32,8.32,9.05,9.05,7.24,7.24,7.24,7.24,7.24,7.24,8.68,9.41,9.41,8.68,6.87,6.87,6.87,6.87
N_1_7,N_2_5,12.378465870793125,6.87,6.87,6.87,6.87,6.87,6.87,8.54,8.54,9.28,9.28,7.43,7.43,7.43,7.43,7.43,7.43,8.91,9.66,9.66,8.91,7.06,7.06,7.06,7.06
N_1_7,N_3_8,0.5454390308702792,0.89,0.89,0.89,0.89,0.89,0.89,1.48,1.48,1.75,1.75,1.09,1.09,1.09,1.09,1.09,1.09,1.61,1.88,1.88,1.61,0.96,0.96,0.96,0.96
N_1_7,N_2_7,4.557357536317627,4.65,4.65,4.65,4.65,4.65,4.65,7.11,7.11,8.2,8.2,5.47,5.47,5.47,5.47,5.47,5.47,7.66,8.75,8.75,7.66,4.92,4.92,4.92,4.92
N_1_7,N_3_7,14.392447353375367,7.99,7.99,7.99,7.99,7.99,7.99,9.93,9.93,10.79,10.79,8.64,8.64,8.64,8.64,8.64,8.64,10.36,11.23,11.23,10.36,8.2,8.2,8.2,8.2
N_1_8,N_2_9,2.093507113708226,3.43,3.43,3.43,3.43,3.43,3.43,5.69,5.69,6.7,6.7,4.19,4.19,4.19,4.19,4.19,4.19,6.2,7.2,7.2,6.2,3.68,3.68,3.68,3.68
N_1_8,N_0_9,3.4446291865017105,3.51,3.51,3.51,3.51,3.51,3.51,5.37,5.37,6.2,6.2,4.13,4.13,4.13,4.13,4.13,4.13,5.79,6.61,6.61,5.79,3.72,3.72,3.72,3.72
N_1_9,N_0_10,2.2066709173203716,3.62,3.62,3.62,3.62,3.62,3.62,6.0,6.0,7.06,7.06,4.41,4.41,4.41,4.41,4.41,4.41,6.53,7.59,7.59,6.53,3.88,3.88,3.88,3.88
N_1_9,N_3_9,5.427907664987127,5.54,5.54,5.54,5.54,5.54,5.54,8.47,8.47,9.77,9.77,6.51,6.51,6.51,6.51,6.51,6.51,9.12,10.42,10.42,9.12,5.86,5.86,5.86,5.86
N_1_9,N_0_8,4.75408448221706,4.85,4.85,4.85,4.85,4.85,4.85,7.42,7.42,8.56,8.56,5.7,5.7,5.7,5.7,5.7,5.7,7.99,9.13,9.13,7.99,5.13,5.13,5.13,5.13
N_1_9,N_2_9,13.681636756574937,7.59,7.59,7.59,7.59,7.59,7.59,9.44,9.44,10.26,10.26,8.21,8.21,8.21,8.21,8.21,8.21,9.85,10.67,10.67,9.85,7.8,7.8,7.8,7.8
N_1_9,N_2_8,3.159625839095511,3.22,3.22,3.22,3.22,3.22,3.22,4.93,4.93,5.69,5.69,3.79,3.79,3.79,3.79,3.79,3.79,5.31,6.07,6.07,5.31,3.41,3.41,3.41,3.41
N_1_9,N_0_11,1.7585363931898743,2.88,2.88,2.88,2.88,2.88,2.88,4.78,4.78,5.63,5.63,3.52,3.52,3.52,3.52,3.52,3.52,5.21,6.05,6.05,5.21,3.1,3.1,3.1,3.1
N_1_9,N_1_10,3.414492045223228,3.48,3.48,3.48,3.48,3.48,3.48,5.33,5.33,6.15,6.15,4.1,4.1,4.1,4.1,4.1,4.1,5.74,6.56,6.56,5.74,3.69,3.69,3.69,3.69
N_20_0,N_19_2,10.310179796027011,5.72,5.72,5.72,5.72,5.72,5.72,7.11,7.11,7.73,7.73,6.19,6.19,6.19,6.19,6.19,6.19,7.42,8.04,8.04,7.42,5.88,5.88,5.88,5.88
N_20_0,N_20_1,5.836331531154421,5.95,5.95,5.95,5.95,5.95,5.95,9.1,9.1,10.51,10.51,7.0,7.0,7.0,7.0,7.0,7.0,9.81,11.21,11.21,9.81,6.3,6.3,6.3,6.3
N_20_0,N_21_0,4.369771608569982,4.46,4.46,4.46,4.46,4.46,4.46,6.82,6.82,7.87,7.87,5.24,5.24,5.24,5.24,5.24,5.24,7.34,8.39,8.39,7.34,4.72,4.72,4.72,4.72
N_20_0,N_18_0,4.801504632817556,4.9,4.9,4.9,4.9,4.9,4.9,7.49,7.49,8.64,8.64,5.76,5.76,5.76,5.76,5.76,5.76,8.07,9.22,9.22,8.07,5.19,5.19,5.19,5.19
N_20_1,N_18_2,6.5860447210506,6.72,6.72,6.72,6.72,6.72,6.72,10.27,10.27,11.85,11.85,7.9,7.9,7.9,7.9,7.9,7.9,11.06,12.65,12.65,11.06,7.11,7.11,7.11,7.11
N_20_1,N_18_1,4.218965455153132,4.3,4.3,4.3,4.3,4.3,4.3,6.58,6.58,7.59,7.59,5.06,5.06,5.06,5.06,5.06,5.06,7.09,8.1,8.1,7.09,4.56,4.56,4.56,4.56
N_20_1,N_20_0,3.6177651507774935,3.69,3.69,3.69,3.69,3.69,3.69,5.64,5.64,6.51,6.51,4.34,4.34,4.34,4.34,4.34,4.34,6.08,6.95,6.95,6.08,3.91,3.91,3.91,3.91
N_20_1,N_20_2,1.0146115219110596,1.66,1.66,1.66,1.66,1.66,1.66,2.76,2.76,3.25,3.25,2.03,2.03,2.03,2.03,2.03,2.03,3.0,3.49,3.49,3.0,1.79,1.79,1.79,1.79
N_20_1,N_19_3,1.666460742100426,2.73,2.73,2.73,2.73,2.73,2.73,4.53,4.53,5.33,5.33,3.33,3.33,3.33,3.33,3.33,3.33,4.93,5.73,5.73,4.93,2.93,2.93,2.93,2.93
N_20_10,N_18_10,0.700467597310348,1.15,1.15,1.15,1.15,1.15,1.15,1.91,1.91,2.24,2.24,1.4,1.4,1.4,1.4,1.4,1.4,2.07,2.41,2.41,2.07,1.23,1.23,1.23,1.23
N_20_10,N_19_10,1.4641049679426454,2.4,2.4,2.4,2.4,2.4,2.4,3.98,3.98,4.69,4.69,2.93,2.93,2.93,2.93,2.93,2.93,4.33,5.04,5.04,4.33,2.58,2.58,2.58,2.58
N_20_10,N_22_10,9.573776231446548,5.31,5.31,5.31,5.31,5.31,5.31,6.61,6.61,7.18,7.18,5.74,5.74,5.74,5.74,5.74,5.74,6.89,7.47,7.47,6.89,5.46,5.46,5.46,5.46
N_20_10,N_21_12,12.260488647565994,6.8,6.8,6.8,6.8,6.8,6.8,8.46,8.46,9.2,9.2,7.36,7.36,7.36,7.36,7.36,7.36,8.83,9.56,9.56,8.83,6.99,6.99,6.99,6.99
N_20_11,N_21_11,14.731593256766178,8.18,8.18,8.18,8.18,8.18,8.18,10.16,10.16,11.05,11.05,8.84,8.84,8.84,8.84,8.84,8.84,10.61,11.49,11.49,10.61,8.4,8.4,8.4,8.4
N_20_11,N_21_10,3.3177891662847165,3.38,3.38,3.38,3.38,3.38,3.38,5.18,5.18,5.97,5.97,3.98,3.98,3.98,3.98,3.98,3.98,5.57,6.37,6.37,5.57,3.58,3.58,3.58,3.58
N_20_11,N_22_11,5.091795183657764,5.19,5.19,5.19,5.19,5.19,5.19,7.94,7.94,9.17,9.17,6.11,6.11,6.11,6.11,6.11,6.11,8.55,9.78,9.78,8.55,5.5,5.5,5.5,5.5
N_20_11,N_19_9,3.7307386305838532,3.81,3.81,3.81,3.81,3.81,3.81,5.82,5.82,6.72,6.72,4.48,4.48,4.48,4.48,4.48,4.48,6.27,7.16,7.16,6.27,4.03,4.03,4.03,4.03
N_20_12,N_21_13,5.325081750073501,5.43,5.43,5.43,5.43,5.43,5.43,8.31,8.31,9.59,9.59,6.39,6.39,6.39,6.39,6.39,6.39,8.95,10.22,10.22,8.95,5.75,5.75,5.75,5.75
N_20_12,N_22_13,6.12565034780153,6.25,6.25,6.25,6.25,6.25,6.25,9.56,9.56,11.03,11.03,7.35,7.35,7.35,7.35,7.35,7.35,10.29,11.76,11.76,10.29,6.62,6.62,6.62,6.62
N_20_13,N_19_13,10.063087106564245,5.59,5.59,5.59,5.59,5.59,5.59,6.94,6.94,7.55,7.55,6.04,6.04,6.04,6.04,6.04,6.04,7.25,7.85,7.85,7.25,5.74,5.74,5.74,5.74
N_20_13,N_20_14,3.7791950580161076,3.85,3.85,3.85,3.85,3.85,3.85,5.9,5.9,6.8,6.8,4.54,4.54,4.54,4.54,4.54,4.54,6.35,7.26,7.26,6.35,4.08,4.08,4.08,4.08
N_20_14,N_19_16,3.5090994423893016,3.58,3.58,3.58,3.58,3.58,3.58,5.47,5.47,6.32,6.32,4.21,4.21,4.21,4.21,4.21,4.21,5.9,6.74,6.74,5.9,3.79,3.79,3.79,3.79
N_20_14,N_22_15,5.711370216645727,5.83,5.83,5.83,5.83,5.83,5.83,8.91,8.91,10.28,10.28,6.85,6.85,6.85,6.85,6.85,6.85,9.6,10.97,10.97,9.6,6.17,6.17,6.17,6.17
N_20_15,N_19_13,8.760981919914249,4.86,4.86,4.86,4.86,4.86,4.86,6.05,6.05,6.57,6.57,5.26,5.26,5.26,5.26,5.26,5.26,6.31,6.83,6.83,6.31,4.99,4.99,4.99,4.99
N_20_15,N_21_15,4.221535274982925,4.31,4.31,4.31,4.31,4.31,4.31,6.59,6.59,7.6,7.6,5.07,5.07,5.07,5.07,5.07,5.07,7.09,8.11,8.11,7.09,4.56,4.56,4.56,4.56
N_20_16,N_18_16,4.50984313288574,4.6,4.6,4.6,4.6,4.6,4.6,7.04,7.04,8.12,8.12,5.41,5.41,5.41,5.41,5.41,5.41,7.58,8.66,8.66,7.58,4.87,4.87,4.87,4.87
N_20_16,N_19_18,4.756519402841147,4.85,4.85,4.85,4.85,4.85,4.85,7.42,7.42,8.56,8.56,5.71,5.71,5.71,5.71,5.71,5.71,7.99,9.13,9.13,7.99,5.14,5.14,5.14,5.14
N_20_16,N_21_16,2.168878068083795,3.56,3.56,3.56,3.56,3.56,3.56,5.9,5.9,6.94,6.94,4.34,4.34,4.34,4.34,4.34,4.34,6.42,7.46,7.46,6.42,3.82,3.82,3.82,3.82
N_20_17,N_20_15,0.904426190385357,1.48,1.48,1.48,1.48,1.48,1.48,2.46,2.46,2.89,2.89,1.81,1.81,1.81,1.81,1.81,1.81,2.68,3.11,3.11,2.68,1.59,1.59,1.59,1.59
N_20_17,N_20_19,13.827862148093628,7.67,7.67,7.67,7.67,7.67,7.67,9.54,9.54,10.37,10.37,8.3,8.3,8.3,8.3,8.3,8.3,9.96,10.79,10.79,9.96,7.88,7.88,7.88,7.88
N_20_18,N_18_19,6.635549387529155,6.77,6.77,6.77,6.77,6.77,6.77,10.35,10.35,11.94,11.94,7.96,7.96,7.96,7.96,7.96,7.96,11.15,12.74,12.74,11.15,7.17,7.17,7.17,7.17
N_20_18,N_18_17,12.246933900585773,6.8,6.8,6.8,6.8,6.8,6.8,8.45,8.45,9.19,9.19,7.35,7.35,7.35,7.35,7.35,7.35,8.82,9.55,9.55,8.82,6.98,6.98,6.98,6.98
N_20_19,N_18_19,5.553555844104347,5.66,5.66,5.66,5.66,5.66,5.66,8.66,8.66,10.0,10.0,6.66,6.66,6.66,6.66,6.66,6.66,9.33,10.66,10.66,9.33,6.0,6.0,6.0,6.0
N_20_19,N_20_17,13.827862148093628,7.67,7.67,7.67,7.67,7.67,7.67,9.54,9.54,10.37,10.37,8.3,8.3,8.3,8.3,8.3,8.3,9.96,10.79,10.79,9.96,7.88,7.88,7.88,7.88
N_20_19,N_21_19,4.753044791377386,4.85,4.85,4.85,4.85,4.85,4.85,7.41,7.41,8.56,8.56,5.7,5.7,5.7,5.7,5.7,5.7,7.99,9.13,9.13,7.99,5.13,5.13,5.13,5.13
N_20_19,N_20_18,5.642763145587418,5.76,5.76,5.76,5.76,5.76,5.76,8.8,8.8,10.16,10.16,6.77,6.77,6.77,6.77,6.77,6.77,9.48,10.83,10.83,9.48,6.09,6.09,6.09,6.09
N_20_2,N_19_3,6.80386892778852,6.94,6.94,6.94,6.94,6.94,6.94,10.61,10.61,12.25,12.25,8.16,8.16,8.16,8.16,8.16,8.16,11.43,13.06,13.06,11.43,7.35,7.35,7.35,7.35
N_20_2,N_20_1,1.0146115219110596,1.66,1.66,1.66,1.66,1.66,1.66,2.76,2.76,3.25,3.25,2.03,2.03,2.03,2.03,2.03,2.03,3.0,3.49,3.49,3.0,1.79,1.79,1.79,1.79
N_20_2,N_20_0,13.233551960652834,7.34,7.34,7.34,7.34,7.34,7.34,9.13,9.13,9.93,9.93,7.94,7.94,7.94,7.94,7.94,7.94,9.53,10.32,10.32,9.53,7.54,7.54,7.54,7.54
N_20_20,N_19_19,8.840885482351956,4.91,4.91,4.91,4.91,4.91,4.91,6.1,6.1,6.63,6.63,5.3,5.3,5.3,5.3,5.3,5.3,6.37,6.9,6.9,6.37,5.04,5.04,5.04,5.04
N_20_20,N_21_20,5.9377352319822485,6.06,6.06,6.06,6.06,6.06,6.06,9.26,9.26,10.69,10.69,7.13,7.13,7.13,7.13,7.13,7.13,9.98,11.4,11.4,9.98,6.41,6.41,6.41,6.41
N_20_20,N_18_21,2.0611764209320382,3.38,3.38,3.38,3.38,3.38,3.38,5.61,5.61,6.6,6.6,4.12,4.12,4.12,4.12,4.12,4.12,6.1,7.09,7.09,6.1,3.63,3.63,3.63,3.63
N_20_21,N_19_22,5.234789247912812,5.34,5.34,5.34,5.34,5.34,5.34,8.17,8.17,9.42,9.42,6.28,6.28,6.28,6.28,6.28,6.28,8.79,10.05,10.05,8.79,5.65,5.65,5.65,5.65
N_20_21,N_21_19,1.3029321368744646,2.14,2.14,2.14,2.14,2.14,2.14,3.54,3.54,4.17,4.17,2.61,2.61,2.61,2.61,2.61,2.61,3.86,4.48,4.48,3.86,2.29,2.29,2.29,2.29
N_20_21,N_20_22,4.559789985980739,4.65,4.65,4.65,4.65,4.65,4.65,7.11,7.11,8.21,8.21,5.47,5.47,5.47,5.47,5.47,5.47,7.66,8.75,8.75,7.66,4.92,4.92,4.92,4.92
N_20_21,N_19_19,3.601979680623202,3.67,3.67,3.67,3.67,3.67,3.67,5.62,5.62,6.48,6.48,4.32,4.32,4.32,4.32,4.32,4.32,6.05,6.92,6.92,6.05,3.89,3.89,3.89,3.89
N_20_22,N_18_22,0.7579684770230601,1.24,1.24,1.24,1.24,1.24,1.24,2.06,2.06,2.43,2.43,1.52,1.52,1.52,1.52,1.52,1.52,2.24,2.61,2.61,2.24,1.33,1.33,1.33,1.33
N_20_22,N_19_22,4.894931480313845,4.99,4.99,4.99,4.99,4.99,4.99,7.64,7.64,8.81,8.81,5.87,5.87,5.87,5.87,5.87,5.87,8.22,9.4,9.4,8.22,5.29,5.29,5.29,5.29
N_20_22,N_20_21,4.559789985980739,4.65,4.65,4.65,4.65,4.65,4.65,7.11,7.11,8.21,8.21,5.47,5.47,5.47,5.47,5.47,5.47,7.66,8.75,8.75,7.66,4.92,4.92,4.92,4.92
N_20_22,N_22_21,5.16030500377773,5.26,5.26,5.26,5.26,5.26,5.26,8.05,8.05,9.29,9.29,6.19,6.19,6.19,6.19,6.19,6.19,8.67,9.91,9.91,8.67,5.57,5.57,5.57,5.57
N_20_23,N_18_22,2.4040899174458596,3.94,3.94,3.94,3.94,3.94,3.94,6.54,6.54,7.69,7.69,4.81,4.81,4.81,4.81,4.81,4.81,7.12,8.27,8.27,7.12,4.23,4.23,4.23,4.23
N_20_23,N_20_25,2.2083762249337546,3.62,3.62,3.62,3.62,3.62,3.62,6.01,6.01,7.07,7.07,4.42,4.42,4.42,4.42,4.42,4.42,6.54,7.6,7.6,6.54,3.89,3.89,3.89,3.89
N_20_24,N_20_23,4.267518324110743,4.35,4.35,4.35,4.35,4.35,4.35,6.66,6.66,7.68,7.68,5.12,5.12,5.12,5.12,5.12,5.12,7.17,8.19,8.19,7.17,4.61,4.61,4.61,4.61
N_20_24,N_19_22,2.0995824263529506,3.44,3.44,3.44,3.44,3.44,3.44,5.71,5.71,6.72,6.72,4.2,4.2,4.2,4.2,4.2,4.2,6.21,7.22,7.22,6.21,3.7,3.7,3.7,3.7
N_20_24,N_22_23,8.783946511255785,4.88,4.88,4.88,4.88,4.88,4.88,6.06,6.06,6.59,6.59,5.27,5.27,5.27,5.27,5.27,5.27,6.32,6.85,6.85,6.32,5.01,5.01,5.01,5.01
N_20_25,N_20_23,2.2083762249337546,3.62,3.62,3.62,3.62,3.62,3.62,6.01,6.01,7.07,7.07,4.42,4.42,4.42,4.42,4.42,4.42,6.54,7.6,7.6,6.54,3.89,3.89,3.89,3.89
N_20_25,N_19_25,6.589324781992165,6.72,6.72,6.72,6.72,6.72,6.72,10.28,10.28,11.86,11.86,7.91,7.91,7.91,7.91,7.91,7.91,11.07,12.65,12.65,11.07,7.12,7.12,7.12,7.12
N_20_26,N_21_27,11.630197769083837,6.45,6.45,6.45,6.45,6.45,6.45,8.02,8.02,8.72,8.72,6.98,6.98,6.98,6.98,6.98,6.98,8.37,9.07,9.07,8.37,6.63,6.63,6.63,6.63
N_20_26,N_19_27,1.8373356190564436,3.01,3.01,3.01,3.01,3.01,3.01,5.0,5.0,5.88,5.88,3.67,3.67,3.67,3.67,3.67,3.67,5.44,6.32,6.32,5.44,3.23,3.23,3.23,3.23
N_20_26,N_19_26,2.0731135630961317,3.4,3.4,3.4,3.4,3.4,3.4,5.64,5.64,6.63,6.63,4.15,4.15,4.15,4.15,4.15,4.15,6.14,7.13,7.13,6.14,3.65,3.65,3.65,3.65
N_20_26,N_19_25,10.82558007819345,6.01,6.01,6.01,6.01,6.01,6.01,7.47,7.47,8.12,8.12,6.5,6.5,6.5,6.5,6.5,6.5,7.79,8.44,8.44,7.79,6.17,6.17,6.17,6.17
N_20_27,N_19_25,3.5510817204589604,3.62,3.62,3.62,3.62,3.62,3.62,5.54,5.54,6.39,6.39,4.26,4.26,4.26,4.26,4.26,4.26,5.97,6.82,6.82,5.97,3.84,3.84,3.84,3.84
N_20_27,N_18_27,14.280320864609612,7.93,7.93,7.93,7.93,7.93,7.93,9.85,9.85,10.71,10.71,8.57,8.57,8.57,8.57,8.57,8.57,10.28,11.14,11.14,10.28,8.14,8.14,8.14,8.14
N_20_28,N_20_29,1.8368639009641898,3.01,3.01,3.01,3.01,3.01,3.01,5.0,5.0,5.88,5.88,3.67,3.67,3.67,3.67,3.67,3.67,5.44,6.32,6.32,5.44,3.23,3.23,3.23,3.23
N_20_28,N_21_28,6.3243574157943865,6.45,6.45,6.45,6.45,6.45,6.45,9.87,9.87,11.38,11.38,7.59,7.59,7.59,7.59,7.59,7.59,10.62,12.14,12.14,10.62,6.83,6.83,6.83,6.83
N_20_28,N_19_30,11.603138215159277,6.44,6.44,6.44,6.44,6.44,6.44,8.01,8.01,8.7,8.7,6.96,6.96,6.96,6.96,6.96,6.96,8.35,9.05,9.05,8.35,6.61,6.61,6.61,6.61
N_20_29,N_20_28,1.8368639009641898,3.01,3.01,3.01,3.01,3.01,3.01,5.0,5.0,5.88,5.88,3.67,3.67,3.67,3.67,3.67,3.67,5.44,6.32,6.32,5.44,3.23,3.23,3.23,3.23
N_20_29,N_19_28,5.6448073132402,5.76,5.76,5.76,5.76,5.76,5.76,8.81,8.81,10.16,10.16,6.77,6.77,6.77,6.77,6.77,6.77,9.48,10.84,10.84,9.48,6.1,6.1,6.1,6.1
N_20_3,N_20_2,6.267957954728001,6.39,6.39,6.39,6.39,6.39,6.39,9.78,9.78,11.28,11.28,7.52,7.52,7.52,7.52,7.52,7.52,10.53,12.03,12.03,10.53,6.77,6.77,6.77,6.77
N_20_3,N_18_2,3.859344764148998,3.94,3.94,3.94,3.94,3.94,3.94,6.02,6.02,6.95,6.95,4.63,4.63,4.63,4.63,4.63,4.63,6.48,7.41,7.41,6.48,4.17,4.17,4.17,4.17
N_20_3,N_22_4,3.4712765140819677,3.54,3.54,3.54,3.54,3.54,3.54,5.42,5.42,6.25,6.25,4.17,4.17,4.17,4.17,4.17,4.17,5.83,6.66,6.66,5.83,3.75,3.75,3.75,3.75
N_20_3,N_21_2,6.695542524378012,6.83,6.83,6.83,6.83,6.83,6.83,10.45,10.45,12.05,12.05,8.03,8.03,8.03,8.03,8.03,8.03,11.25,12.86,12.86,11.25,7.23,7.23,7.23,7.23
N_20_3,N_19_4,1.0105688473728744,1.66,1.66,1.66,1.66,1.66,1.66,2.75,2.75,3.23,3.23,2.02,2.02,2.02,2.02,2.02,2.02,2.99,3.48,3.48,2.99,1.78,1.78,1.78,1.78
N_20_3,N_19_3,5.195603145847201,5.3,5.3,5.3,5.3,5.3,5.3,8.11,8.11,9.35,9.35,6.23,6.23,6.23,6.23,6.23,6.23,8.73,9.98,9.98,8.73,5.61,5.61,5.61,5.61
N_20_30,N_19_28,3.456954539456655,3.53,3.53,3.53,3.53,3.53,3.53,5.39,5.39,6.22,6.22,4.15,4.15,4.15,4.15,4.15,4.15,5.81,6.64,6.64,5.81,3.73,3.73,3.73,3.73
N_20_30,N_19_31,3.5876071414720765,3.66,3.66,3.66,3.66,3.66,3.66,5.6,5.6,6.46,6.46,4.31,4.31,4.31,4.31,4.31,4.31,6.03,6.89,6.89,6.03,3.87,3.87,3.87,3.87
N_20_31,N_20_29,1.225312300614375,2.01,2.01,2.01,2.01,2.01,2.01,3.33,3.33,3.92,3.92,2.45,2.45,2.45,2.45,2.45,2.45,3.63,4.22,4.22,3.63,2.16,2.16,2.16,2.16
N_20_31,N_19_29,1.5617401475720623,2.56,2.56,2.56,2.56,2.56,2.56,4.25,4.25,5.0,5.0,3.12,3.12,3.12,3.12,3.12,3.12,4.62,5.37,5.37,4.62,2.75,2.75,2.75,2.75
N_20_31,N_18_32,9.159448612066742,5.08,5.08,5.08,5.08,5.08,5.08,6.32,6.32,6.87,6.87,5.5,5.5,5.5,5.5,5.5,5.5,6.59,7.14,7.14,6.59,5.22,5.22,5.22,5.22
N_20_31,N_20_32,6.372955171187188,6.5,6.5,6.5,6.5,6.5,6.5,9.94,9.94,11.47,11.47,7.65,7.65,7.65,7.65,7.65,7.65,10.71,12.24,12.24,10.71,6.88,6.88,6.88,6.88
N_20_31,N_19_32,14.595343915268131,8.1,8.1,8.1,8.1,8.1,8.1,10.07,10.07,10.95,10.95,8.76,8.76,8.76,8.76,8.76,8.76,10.51,11.38,11.38,10.51,8.32,8.32,8.32,8.32
N_20_31,N_21_30,1.0568427599804426,1.73,1.73,1.73,1.73,1.73,1.73,2.87,2.87,3.38,3.38,2.11,2.11,2.11,2.11,2.11,2.11,3.13,3.64,3.64,3.13,1.86,1.86,1.86,1.86
N_20_32,N_18_31,10.872628703580222,6.03,6.03,6.03,6.03,6.03,6.03,7.5,7.5,8.15,8.15,6.52,6.52,6.52,6.52,6.52,6.52,7.83,8.48,8.48,7.83,6.2,6.2,6.2,6.2
N_20_32,N_20_30,2.029185860933289,3.33,3.33,3.33,3.33,3.33,3.33,5.52,5.52,6.49,6.49,4.06,4.06,4.06,4.06,4.06,4.06,6.01,6.98,6.98,6.01,3.57,3.57,3.57,3.57
N_20_32,N_22_33,0.9849261252766588,1.62,1.62,1.62,1.62,1.62,1.62,2.68,2.68,3.15,3.15,1.97,1.97,1.97,1.97,1.97,1.97,2.92,3.39,3.39,2.92,1.73,1.73,1.73,1.73
N_20_33,N_18_32,6.228389584602361,6.35,6.35,6.35,6.35,6.35,6.35,9.72,9.72,11.21,11.21,7.47,7.47,7.47,7.47,7.47,7.47,10.46,11.96,11.96,10.46,6.73,6.73,6.73,6.73
N_20_33,N_19_32,2.2947844513055413,3.76,3.76,3.76,3.76,3.76,3.76,6.24,6.24,7.34,7.34,4.59,4.59,4.59,4.59,4.59,4.59,6.79,7.89,7.89,6.79,4.04,4.04,4.04,4.04
N_20_33,N_18_34,5.096963825899726,5.2,5.2,5.2,5.2,5.2,5.2,7.95,7.95,9.17,9.17,6.12,6.12,6.12,6.12,6.12,6.12,8.56,9.79,9.79,8.56,5.5,5.5,5.5,5.5
N_20_33,N_21_32,6.2889614738483575,6.41,6.41,6.41,6.41,6.41,6.41,9.81,9.81,11.32,11.32,7.55,7.55,7.55,7.55,7.55,7.55,10.57,12.07,12.07,10.57,6.79,6.79,6.79,6.79
N_20_33,N_21_34,3.6147064289570667,3.69,3.69,3.69,3.69,3.69,3.69,5.64,5.64,6.51,6.51,4.34,4.34,4.34,4.34,4.34,4.34,6.07,6.94,6.94,6.07,3.9,3.9,3.9,3.9
N_20_33,N_22_33,5.8800272745304465,6.0,6.0,6.0,6.0,6.0,6.0,9.17,9.17,10.58,10.58,7.06,7.06,7.06,7.06,7.06,7.06,9.88,11.29,11.29,9.88,6.35,6.35,6.35,6.35
N_20_34,N_20_33,2.4264888380837037,3.98,3.98,3.98,3.98,3.98,3.98,6.6,6.6,7.76,7.76,4.85,4.85,4.85,4.85,4.85,4.85,7.18,8.35,8.35,7.18,4.27,4.27,4.27,4.27
N_20_34,N_18_33,6.46066897421913,6.59,6.59,6.59,6.59,6.59,6.59,10.08,10.08,11.63,11.63,7.75,7.75,7.75,7.75,7.75,7.75,10.85,12.4,12.4,10.85,6.98,6.98,6.98,6.98
N_20_34,N_18_34,4.1034625442246,4.19,4.19,4.19,4.19,4.19,4.19,6.4,6.4,7.39,7.39,4.92,4.92,4.92,4.92,4.92,4.92,6.89,7.88,7.88,6.89,4.43,4.43,4.43,4.43
N_20_35,N_21_33,6.349648105073573,6.48,6.48,6.48,6.48,6.48,6.48,9.91,9.91,11.43,11.43,7.62,7.62,7.62,7.62,7.62,7.62,10.67,12.19,12.19,10.67,6.86,6.86,6.86,6.86
N_20_35,N_20_37,6.700972368346364,6.83,6.83,6.83,6.83,6.83,6.83,10.45,10.45,12.06,12.06,8.04,8.04,8.04,8.04,8.04,8.04,11.26,12.87,12.87,11.26,7.24,7.24,7.24,7.24
N_20_36,N_19_38,6.779072397142837,6.91,6.91,6.91,6.91,6.91,6.91,10.58,10.58,12.2,12.2,8.13,8.13,8.13,8.13,8.13,8.13,11.39,13.02,13.02,11.39,7.32,7.32,7.32,7.32
N_20_36,N_22_37,1.6466898450763712,2.7,2.7,2.7,2.7,2.7,2.7,4.48,4.48,5.27,5.27,3.29,3.29,3.29,3.29,3.29,3.29,4.87,5.66,5.66,4.87,2.9,2.9,2.9,2.9
N_20_37,N_18_37,1.6232811669444314,2.66,2.66,2.66,2.66,2.66,2.66,4.42,4.42,5.19,5.19,3.25,3.25,3.25,3.25,3.25,3.25,4.8,5.58,5.58,4.8,2.86,2.86,2.86,2.86
N_20_37,N_20_35,6.700972368346364,6.83,6.83,6.83,6.83,6.83,6.83,10.45,10.45,12.06,12.06,8.04,8.04,8.04,8.04,8.04,8.04,11.26,12.87,12.87,11.26,7.24,7.24,7.24,7.24
N_20_38,N_19_39,4.389382460260121,4.48,4.48,4.48,4.48,4.48,4.48,6.85,6.85,7.9,7.9,5.27,5.27,5.27,5.27,5.27,5.27,7.37,8.43,8.43,7.37,4.74,4.74,4.74,4.74
N_20_38,N_18_38,2.213292719257913,3.63,3.63,3.63,3.63,3.63,3.63,6.02,6.02,7.08,7.08,4.43,4.43,4.43,4.43,4.43,4.43,6.55,7.61,7.61,6.55,3.9,3.9,3.9,3.9
N_20_38,N_21_36,5.9594373048888345,6.08,6.08,6.08,6.08,6.08,6.08,9.3,9.3,10.73,10.73,7.15,7.15,7.15,7.15,7.15,7.15,10.01,11.44,11.44,10.01,6.44,6.44,6.44,6.44
N_20_38,N_18_39,13.800781772590028,7.66,7.66,7.66,7.66,7.66,7.66,9.52,9.52,10.35,10.35,8.28,8.28,8.28,8.28,8.28,8.28,9.94,10.76,10.76,9.94,7.87,7.87,7.87,7.87
N_20_38,N_19_38,5.55780695098833,5.67,5.67,5.67,5.67,5.67,5.67,8.67,8.67,10.0,10.0,6.67,6.67,6.67,6.67,6.67,6.67,9.34,10.67,10.67,9.34,6.0,6.0,6.0,6.0
N_20_38,N_21_39,4.058721567868471,4.14,4.14,4.14,4.14,4.14,4.14,6.33,6.33,7.31,7.31,4.87,4.87,4.87,4.87,4.87,4.87,6.82,7.79,7.79,6.82,4.38,4.38,4.38,4.38
N_20_39,N_18_38,9.197978103235474,5.1,5.1,5.1,5.1,5.1,5.1,6.35,6.35,6.9,6.9,5.52,5.52,5.52,5.52,5.52,5.52,6.62,7.17,7.17,6.62,5.24,5.24,5.24,5.24
N_20_39,N_18_39,1.9004566020117362,3.12,3.12,3.12,3.12,3.12,3.12,5.17,5.17,6.08,6.08,3.8,3.8,3.8,3.8,3.8,3.8,5.63,6.54,6.54,5.63,3.34,3.34,3.34,3.34
N_20_4,N_19_2,1.7116835960592598,2.81,2.81,2.81,2.81,2.81,2.81,4.66,4.66,5.48,5.48,3.42,3.42,3.42,3.42,3.42,3.42,5.07,5.89,5.89,5.07,3.01,3.01,3.01,3.01
N_20_4,N_19_4,6.324151261265557,6.45,6.45,6.45,6.45,6.45,6.45,9.87,9.87,11.38,11.38,7.59,7.59,7.59,7.59,7.59,7.59,10.62,12.14,12.14,10.62,6.83,6.83,6.83,6.83
N_20_4,N_21_6,0.7072520530970317,1.16,1.16,1.16,1.16,1.16,1.16,1.92,1.92,2.26,2.26,1.41,1.41,1.41,1.41,1.41,1.41,2.09,2.43,2.43,2.09,1.24,1.24,1.24,1.24
N_20_5,N_19_7,10.100703998542151,5.61,5.61,5.61,5.61,5.61,5.61,6.97,6.97,7.58,7.58,6.06,6.06,6.06,6.06,6.06,6.06,7.27,7.88,7.88,7.27,5.76,5.76,5.76,5.76
N_20_5,N_20_3,3.863872383397123,3.94,3.94,3.94,3.94,3.94,3.94,6.03,6.03,6.95,6.95,4.64,4.64,4.64,4.64,4.64,4.64,6.49,7.42,7.42,6.49,4.17,4.17,4.17,4.17
N_20_5,N_22_4,8.1454176753962,4.52,4.52,4.52,4.52,4.52,4.52,5.62,5.62,6.11,6.11,4.89,4.89,4.89,4.89,4.89,4.89,5.86,6.35,6.35,5.86,4.64,4.64,4.64,4.64
N_20_6,N_19_4,2.373844343941,3.89,3.89,3.89,3.89,3.89,3.89,6.46,6.46,7.6,7.6,4.75,4.75,4.75,4.75,4.75,4.75,7.03,8.17,8.17,7.03,4.18,4.18,4.18,4.18
N_20_6,N_18_7,6.8323643712162685,6.97,6.97,6.97,6.97,6.97,6.97,10.66,10.66,12.3,12.3,8.2,8.2,8.2,8.2,8.2,8.2,11.48,13.12,13.12,11.48,7.38,7.38,7.38,7.38
N_20_6,N_21_8,2.4725115850930632,4.05,4.05,4.05,4.05,4.05,4.05,6.73,6.73,7.91,7.91,4.95,4.95,4.95,4.95,4.95,4.95,7.32,8.51,8.51,7.32,4.35,4.35,4.35,4.35
N_20_7,N_21_9,4.744737001200251,4.84,4.84,4.84,4.84,4.84,4.84,7.4,7.4,8.54,8.54,5.69,5.69,5.69,5.69,5.69,5.69,7.97,9.11,9.11,7.97,5.12,5.12,5.12,5.12
N_20_7,N_22_6,11.919711106563195,6.62,6.62,6.62,6.62,6.62,6.62,8.22,8.22,8.94,8.94,7.15,7.15,7.15,7.15,7.15,7.15,8.58,9.3,9.3,8.58,6.79,6.79,6.79,6.79
N_20_8,N_20_7,0.9304082790285471,1.53,1.53,1.53,1.53,1.53,1.53,2.53,2.53,2.98,2.98,1.86,1.86,1.86,1.86,1.86,1.86,2.75,3.2,3.2,2.75,1.64,1.64,1.64,1.64
N_20_8,N_22_8,5.698670485754641,5.81,5.81,5.81,5.81,5.81,5.81,8.89,8.89,10.26,10.26,6.84,6.84,6.84,6.84,6.84,6.84,9.57,10.94,10.94,9.57,6.15,6.15,6.15,6.15
N_20_8,N_19_6,6.503874793885795,6.63,6.63,6.63,6.63,6.63,6.63,10.15,10.15,11.71,11.71,7.8,7.8,7.8,7.8,7.8,7.8,10.93,12.49,12.49,10.93,7.02,7.02,7.02,7.02
N_20_9,N_19_9,4.042797533046267,4.12,4.12,4.12,4.12,4.12,4.12,6.31,6.31,7.28,7.28,4.85,4.85,4.85,4.85,4.85,4.85,6.79,7.76,7.76,6.79,4.37,4.37,4.37,4.37
N_20_9,N_19_10,0.5589751101941913,0.92,0.92,0.92,0.92,0.92,0.92,1.52,1.52,1.79,1.79,1.12,1.12,1.12,1.12,1.12,1.12,1.65,1.92,1.92,1.65,0.98,0.98,0.98,0.98
N_20_9,N_21_7,4.32716045049148,4.41,4.41,4.41,4.41,4.41,4.41,6.75,6.75,7.79,7.79,5.19,5.19,5.19,5.19,5.19,5.19,7.27,8.31,8.31,7.27,4.67,4.67,4.67,4.67
N_21_0,N_20_0,4.369771608569982,4.46,4.46,4.46,4.46,4.46,4.46,6.82,6.82,7.87,7.87,5.24,5.24,5.24,5.24,5.24,5.24,7.34,8.39,8.39,7.34,4.72,4.72,4.72,4.72
N_21_0,N_21_2,3.7096438022632285,3.78,3.78,3.78,3.78,3.78,3.78,5.79,5.79,6.68,6.68,4.45,4.45,4.45,4.45,4.45,4.45,6.23,7.12,7.12,6.23,4.01,4.01,4.01,4.01
N_21_0,N_20_2,8.635141434460614,4.79,4.79,4.79,4.79,4.79,4.79,5.96,5.96,6.48,6.48,5.18,5.18,5.18,5.18,5.18,5.18,6.22,6.74,6.74,6.22,4.92,4.92,4.92,4.92
N_21_0,N_23_1,10.458404793586226,5.8,5.8,5.8,5.8,5.8,5.8,7.22,7.22,7.84,7.84,6.28,6.28,6.28,6.28,6.28,6.28,7.53,8.16,8.16,7.53,5.96,5.96,5.96,5.96
N_21_1,N_21_2,10.693274640618617,5.93,5.93,5.93,5.93,5.93,5.93,7.38,7.38,8.02,8.02,6.42,6.42,6.42,6.42,6.42,6.42,7.7,8.34,8.34,7.7,6.1,6.1,6.1,6.1
N_21_1,N_23_1,1.6267294045513274,2.67,2.67,2.67,2.67,2.67,2.67,4.42,4.42,5.21,5.21,3.25,3.25,3.25,3.25,3.25,3.25,4.82,5.6,5.6,4.82,2.86,2.86,2.86,2.86
N_21_1,N_22_2,0.8769641911459229,1.44,1.44,1.44,1.44,1.44,1.44,2.39,2.39,2.81,2.81,1.75,1.75,1.75,1.75,1.75,1.75,2.6,3.02,3.02,2.6,1.54,1.54,1.54,1.54
N_21_1,N_19_2,9.528617000806484,5.29,5.29,5.29,5.29,5.29,5.29,6.57,6.57,7.15,7.15,5.72,5.72,5.72,5.72,5.72,5.72,6.86,7.43,7.43,6.86,5.43,5.43,5.43,5.43
N_21_10,N_20_11,3.6695412367651046,3.74,3.74,3.74,3.74,3.74,3.74,5.72,5.72,6.61,6.61,4.4,4.4,4.4,4.4,4.4,4.4,6.16,7.05,7.05,6.16,3.96,3.96,3.96,3.96
N_21_10,N_23_10,9.086768343906055,5.04,5.04,5.04,5.04,5.04,5.04,6.27,6.27,6.82,6.82,5.45,5.45,5.45,5.45,5.45,5.45,6.54,7.09,7.09,6.54,5.18,5.18,5.18,5.18
N_21_10,N_20_9,4.818668363350822,4.92,4.92,4.92,4.92,4.92,4.92,7.52,7.52,8.67,8.67,5.78,5.78,5.78,5.78,5.78,5.78,8.1,9.25,9.25,8.1,5.2,5.2,5.2,5.2
N_21_11,N_19_10,4.2822122547586865,4.37,4.37,4.37,4.37,4.37,4.37,6.68,6.68,7.71,7.71,5.14,5.14,5.14,5.14,5.14,5.14,7.19,8.22,8.22,7.19,4.62,4.62,4.62,4.62
N_21_11,N_20_13,5.127702728559757,5.23,5.23,5.23,5.23,5.23,5.23,8.0,8.0,9.23,9.23,6.15,6.15,6.15,6.15,6.15,6.15,8.61,9.85,9.85,8.61,5.54,5.54,5.54,5.54
N_21_11,N_22_11,3.803728350477265,3.88,3.88,3.88,3.88,3.88,3.88,5.93,5.93,6.85,6.85,4.56,4.56,4.56,4.56,4.56,4.56,6.39,7.3,7.3,6.39,4.11,4.11,4.11,4.11
N_21_11,N_21_12,3.7921660629796725,3.87,3.87,3.87,3.87,3.87,3.87,5.92,5.92,6.83,6.83,4.55,4.55,4.55,4.55,4.55,4.55,6.37,7.28,7.28,6.37,4.1,4.1,4.1,4.1
N_21_12,N_20_10,12.260488647565994,6.8,6.8,6.8,6.8,6.8,6.8,8.46,8.46,9.2,9.2,7.36,7.36,7.36,7.36,7.36,7.36,8.83,9.56,9.56,8.83,6.99,6.99,6.99,6.99
N_21_12,N_19_13,8.624312483890643,4.79,4.79,4.79,4.79,4.79,4.79,5.95,5.95,6.47,6.47,5.17,5.17,5.17,5.17,5.17,5.17,6.21,6.73,6.73,6.21,4.92,4.92,4.92,4.92
N_21_12,N_19_11,5.285099641763777,5.39,5.39,5.39,5.39,5.39,5.39,8.24,8.24,9.51,9.51,6.34,6.34,6.34,6.34,6.34,6.34,8.88,10.15,10.15,8.88,5.71,5.71,5.71,5.71
N_21_12,N_23_13,3.1918241242853442,3.26,3.26,3.26,3.26,3.26,3.26,4.98,4.98,5.75,5.75,3.83,3.83,3.83,3.83,3.83,3.83,5.36,6.13,6.13,5.36,3.45,3.45,3.45,3.45
N_21_13,N_20_12,5.325081750073501,5.43,5.43,5.43,5.43,5.43,5.43,8.31,8.31,9.59,9.59,6.39,6.39,6.39,6.39,6.39,6.39,8.95,10.22,10.22,8.95,5.75,5.75,5.75,5.75
N_21_13,N_21_11,2.2847121539945476,3.75,3.75,3.75,3.75,3.75,3.75,6.21,6.21,7.31,7.31,4.57,4.57,4.57,4.57,4.57,4.57,6.76,7.86,7.86,6.76,4.02,4.02,4.02,4.02
N_21_13,N_19_12,9.425257634125101,5.23,5.23,5.23,5.23,5.23,5.23,6.5,6.5,7.07,7.07,5.66,5.66,5.66,5.66,5.66,5.66,6.79,7.35,7.35,6.79,5.37,5.37,5.37,5.37
N_21_14,N_23_15,9.72321214044352,5.4,5.4,5.4,5.4,5.4,5.4,6.71,6.71,7.29,7.29,5.83,5.83,5.83,5.83,5.83,5.83,7.0,7.58,7.58,7.0,5.54,5.54,5.54,5.54
N_21_14,N_20_14,1.3456812006294088,2.21,2.21,2.21,2.21,2.21,2.21,3.66,3.66,4.31,4.31,2.69,2.69,2.69,2.69,2.69,2.69,3.98,4.63,4.63,3.98,2.37,2.37,2.37,2.37
N_21_15,N_21_13,12.826495606905386,7.12,7.12,7.12,7.12,7.12,7.12,8.85,8.85,9.62,9.62,7.7,7.7,7.7,7.7,7.7,7.7,9.24,10.0,10.0,9.24,7.31,7.31,7.31,7.31
N_21_15,N_22_14,9.112466836836337,5.06,5.06,5.06,5.06,5.06,5.06,6.29,6.29,6.83,6.83,5.47,5.47,5.47,5.47,5.47,5.47,6.56,7.11,7.11,6.56,5.19,5.19,5.19,5.19
N_21_16,N_19_17,1.6308868003110273,2.67,2.67,2.67,2.67,2.67,2.67,4.44,4.44,5.22,5.22,3.26,3.26,3.26,3.26,3.26,3.26,4.83,5.61,5.61,4.83,2.87,2.87,2.87,2.87
N_21_16,N_20_16,2.168878068083795,3.56,3.56,3.56,3.56,3.56,3.56,5.9,5.9,6.94,6.94,4.34,4.34,4.34,4.34,4.34,4.34,6.42,7.46,7.46,6.42,3.82,3.82,3.82,3.82
N_21_16,N_21_17,2.2680531174261285,3.72,3.72,3.72,3.72,3.72,3.72,6.17,6.17,7.26,7.26,4.54,4.54,4.54,4.54,4.54,4.54,6.71,7.8,7.8,6.71,3.99,3.99,3.99,3.99
N_21_17,N_22_19,3.5710348320610468,3.64,3.64,3.64,3.64,3.64,3.64,5.57,5.57,6.43,6.43,4.29,4.29,4.29,4.29,4.29,4.29,6.0,6.86,6.86,6.0,3.86,3.86,3.86,3.86
N_21_17,N_20_19,14.535309139827898,8.07,8.07,8.07,8.07,8.07,8.07,10.03,10.03,10.9,10.9,8.72,8.72,8.72,8.72,8.72,8.72,10.47,11.34,11.34,10.47,8.29,8.29,8.29,8.29
N_21_18,N_19_18,9.023724596600086,5.01,5.01,5.01,5.01,5.01,5.01,6.23,6.23,6.77,6.77,5.41,5.41,5.41,5.41,5.41,5.41,6.5,7.04,7.04,6.5,5.14,5.14,5.14,5.14
N_21_18,N_22_17,12.390495399835508,6.88,6.88,6.88,6.88,6.88,6.88,8.55,8.55,9.29,9.29,7.43,7.43,7.43,7.43,7.43,7.43,8.92,9.66,9.66,8.92,7.06,7.06,7.06,7.06
N_21_18,N_23_19,3.1012386939328107,3.16,3.16,3.16,3.16,3.16,3.16,4.84,4.84,5.58,5.58,3.72,3.72,3.72,3.72,3.72,3.72,5.21,5.95,5.95,5.21,3.35,3.35,3.35,3.35
N_21_18,N_21_20,1.7033201087796181,2.79,2.79,2.79,2.79,2.79,2.79,4.63,4.63,5.45,5.45,3.41,3.41,3.41,3.41,3.41,3.41,5.04,5.86,5.86,5.04,3.0,3.0,3.0,3.0
N_21_19,N_19_18,11.386036693147375,6.32,6.32,6.32,6.32,6.32,6.32,7.86,7.86,8.54,8.54,6.83,6.83,6.83,6.83,6.83,6.83,8.2,8.88,8.88,8.2,6.49,6.49,6.49,6.49
N_21_19,N_19_20,14.165287876263154,7.86,7.86,7.86,7.86,7.86,7.86,9.77,9.77,10.62,10.62,8.5,8.5,8.5,8.5,8.5,8.5,10.2,11.05,11.05,10.2,8.07,8.07,8.07,8.07
N_21_19,N_20_19,4.753044791377386,4.85,4.85,4.85,4.85,4.85,4.85,7.41,7.41,8.56,8.56,5.7,5.7,5.7,5.7,5.7,5.7,7.99,9.13,9.13,7.99,5.13,5.13,5.13,5.13
N_21_19,N_20_21,1.3029321368744646,2.14,2.14,2.14,2.14,2.14,2.14,3.54,3.54,4.17,4.17,2.61,2.61,2.61,2.61,2.61,2.61,3.86,4.48,4.48,3.86,2.29,2.29,2.29,2.29
N_21_19,N_20_20,3.0236064309243376,3.08,3.08,3.08,3.08,3.08,3.08,4.72,4.72,5.44,5.44,3.63,3.63,3.63,3.63,3.63,3.63,5.08,5.81,5.81,5.08,3.27,3.27,3.27,3.27
N_21_2,N_19_2,6.434655600389744,6.56,6.56,6.56,6.56,6.56,6.56,10.04,10.04,11.58,11.58,7.72,7.72,7.72,7.72,7.72,7.72,10.81,12.35,12.35,10.81,6.95,6.95,6.95,6.95
N_21_2,N_19_3,0.7637454257564633,1.25,1.25,1.25,1.25,1.25,1.25,2.08,2.08,2.44,2.44,1.53,1.53,1.53,1.53,1.53,1.53,2.26,2.63,2.63,2.26,1.34,1.34,1.34,1.34
N_21_20,N_20_20,5.9377352319822485,6.06,6.06,6.06,6.06,6.06,6.06,9.26,9.26,10.69,10.69,7.13,7.13,7.13,7.13,7.13,7.13,9.98,11.4,11.4,9.98,6.41,6.41,6.41,6.41
N_21_20,N_21_18,1.7033201087796181,2.79,2.79,2.79,2.79,2.79,2.79,4.63,4.63,5.45,5.45,3.41,3.41,3.41,3.41,3.41,3.41,5.04,5.86,5.86,5.04,3.0,3.0,3.0,3.0
N_21_21,N_23_21,1.4211630781508875,2.33,2.33,2.33,2.33,2.33,2.33,3.87,3.87,4.55,4.55,2.84,2.84,2.84,2.84,2.84,2.84,4.21,4.89,4.89,4.21,2.5,2.5,2.5,2.5
N_21_21,N_20_21,1.4270343089634219,2.34,2.34,2.34,2.34,2.34,2.34,3.88,3.88,4.57,4.57,2.85,2.85,2.85,2.85,2.85,2.85,4.22,4.91,4.91,4.22,2.51,2.51,2.51,2.51
N_21_21,N_19_22,3.532458714345327,3.6,3.6,3.6,3.6,3.6,3.6,5.51,5.51,6.36,6.36,4.24,4.24,4.24,4.24,4.24,4.24,5.93,6.78,6.78,5.93,3.82,3.82,3.82,3.82
N_21_21,N_21_19,12.988129029696848,7.21,7.21,7.21,7.21,7.21,7.21,8.96,8.96,9.74,9.74,7.79,7.79,7.79,7.79,7.79,7.79,9.35,10.13,10.13,9.35,7.4,7.4,7.4,7.4
N_21_22,N_23_23,6.559698616168479,6.69,6.69,6.69,6.69,6.69,6.69,10.23,10.23,11.81,11.81,7.87,7.87,7.87,7.87,7.87,7.87,11.02,12.59,12.59,11.02,7.08,7.08,7.08,7.08
N_21_22,N_23_22,1.3635676381038908,2.24,2.24,2.24,2.24,2.24,2.24,3.71,3.71,4.36,4.36,2.73,2.73,2.73,2.73,2.73,2.73,4.04,4.69,4.69,4.04,2.4,2.4,2.4,2.4
N_21_22,N_20_20,9.445172970755358,5.24,5.24,5.24,5.24,5.24,5.24,6.52,6.52,7.08,7.08,5.67,5.67,5.67,5.67,5.67,5.67,6.8,7.37,7.37,6.8,5.38,5.38,5.38,5.38
N_21_22,N_19_23,14.88542788641007,8.26,8.26,8.26,8.26,8.26,8.26,10.27,10.27,11.16,11.16,8.93,8.93,8.93,8.93,8.93,8.93,10.72,11.61,11.61,10.72,8.48,8.48,8.48,8.48
N_21_22,N_23_21,5.564952564295425,5.68,5.68,5.68,5.68,5.68,5.68,8.68,8.68,10.02,10.02,6.68,6.68,6.68,6.68,6.68,6.68,9.35,10.68,10.68,9.35,6.01,6.01,6.01,6.01
N_21_22,N_21_24,0.801366514135744,1.31,1.31,1.31,1.31,1.31,1.31,2.18,2.18,2.56,2.56,1.6,1.6,1.6,1.6,1.6,1.6,2.37,2.76,2.76,2.37,1.41,1.41,1.41,1.41
N_21_22,N_20_21,13.169259778513652,7.31,7.31,7.31,7.31,7.31,7.31,9.09,9.09,9.88,9.88,7.9,7.9,7.9,7.9,7.9,7.9,9.48,10.27,10.27,9.48,7.51,7.51,7.51,7.51
N_21_23,N_20_25,1.2258801255111647,2.01,2.01,2.01,2.01,2.01,2.01,3.33,3.33,3.92,3.92,2.45,2.45,2.45,2.45,2.45,2.45,3.63,4.22,4.22,3.63,2.16,2.16,2.16,2.16
N_21_23,N_21_25,6.313018037277967,6.44,6.44,6.44,6.44,6.44,6.44,9.85,9.85,11.36,11.36,7.58,7.58,7.58,7.58,7.58,7.58,10.61,12.12,12.12,10.61,6.82,6.82,6.82,6.82
N_21_23,N_22_21,4.158964195944085,4.24,4.24,4.24,4.24,4.24,4.24,6.49,6.49,7.49,7.49,4.99,4.99,4.99,4.99,4.99,4.99,6.99,7.99,7.99,6.99,4.49,4.49,4.49,4.49
N_21_24,N_19_23,1.5000940160787004,2.46,2.46,2.46,2.46,2.46,2.46,4.08,4.08,4.8,4.8,3.0,3.0,3.0,3.0,3.0,3.0,4.44,5.16,5.16,4.44,2.64,2.64,2.64,2.64
N_21_24,N_21_22,0.801366514135744,1.31,1.31,1.31,1.31,1.31,1.31,2.18,2.18,2.56,2.56,1.6,1.6,1.6,1.6,1.6,1.6,2.37,2.76,2.76,2.37,1.41,1.41,1.41,1.41
N_21_24,N_22_26,0.694137867624663,1.14,1.14,1.14,1.14,1.14,1.14,1.89,1.89,2.22,2.22,1.39,1.39,1.39,1.39,1.39,1.39,2.05,2.39,2.39,2.05,1.22,1.22,1.22,1.22
N_21_24,N_20_25,1.4456261750961803,2.37,2.37,2.37,2.37,2.37,2.37,3.93,3.93,4.63,4.63,2.89,2.89,2.89,2.89,2.89,2.89,4.28,4.97,4.97,4.28,2.54,2.54,2.54,2.54
N_21_25,N_21_23,6.313018037277967,6.44,6.44,6.44,6.44,6.44,6.44,9.85,9.85,11.36,11.36,7.58,7.58,7.58,7.58,7.58,7.58,10.61,12.12,12.12,10.61,6.82,6.82,6.82,6.82
N_21_25,N_20_25,6.667056028529585,6.8,6.8,6.8,6.8,6.8,6.8,10.4,10.4,12.0,12.0,8.0,8.0,8.0,8.0,8.0,8.0,11.2,12.8,12.8,11.2,7.2,7.2,7.2,7.2
N_21_25,N_23_24,2.420828799440024,3.97,3.97,3.97,3.97,3.97,3.97,6.58,6.58,7.75,7.75,4.84,4.84,4.84,4.84,4.84,4.84,7.17,8.33,8.33,7.17,4.26,4.26,4.26,4.26
N_21_26,N_19_25,4.726062252449768,4.82,4.82,4.82,4.82,4.82,4.82,7.37,7.37,8.51,8.51,5.67,5.67,5.67,5.67,5.67,5.67,7.94,9.07,9.07,7.94,5.1,5.1,5.1,5.1
N_21_26,N_21_28,0.6040221400470303,0.99,0.99,0.99,0.99,0.99,0.99,1.64,1.64,1.93,1.93,1.21,1.21,1.21,1.21,1.21,1.21,1.79,2.08,2.08,1.79,1.06,1.06,1.06,1.06
N_21_26,N_21_24,4.795724272613344,4.89,4.89,4.89,4.89,4.89,4.89,7.48,7.48,8.63,8.63,5.75,5.75,5.75,5.75,5.75,5.75,8.06,9.21,9.21,8.06,5.18,5.18,5.18,5.18
N_21_27,N_19_26,0.6532233514883308,1.07,1.07,1.07,1.07,1.07,1.07,1.78,1.78,2.09,2.09,1.31,1.31,1.31,1.31,1.31,1.31,1.93,2.25,2.25,1.93,1.15,1.15,1.15,1.15
N_21_27,N_20_26,11.630197769083837,6.45,6.45,6.45,6.45,6.45,6.45,8.02,8.02,8.72,8.72,6.98,6.98,6.98,6.98,6.98,6.98,8.37,9.07,9.07,8.37,6.63,6.63,6.63,6.63
N_21_27,N_21_26,4.081134757305863,4.16,4.16,4.16,4.16,4.16,4.16,6.37,6.37,7.35,7.35,4.9,4.9,4.9,4.9,4.9,4.9,6.86,7.84,7.84,6.86,4.41,4.41,4.41,4.41
N_21_27,N_19_27,5.050336863208612,5.15,5.15,5.15,5.15,5.15,5.15,7.88,7.88,9.09,9.09,6.06,6.06,6.06,6.06,6.06,6.06,8.48,9.7,9.7,8.48,5.45,5.45,5.45,5.45
N_21_28,N_19_28,1.8966838783067077,3.11,3.11,3.11,3.11,3.11,3.11,5.16,5.16,6.07,6.07,3.79,3.79,3.79,3.79,3.79,3.79,5.61,6.52,6.52,5.61,3.34,3.34,3.34,3.34
N_21_28,N_20_28,6.3243574157943865,6.45,6.45,6.45,6.45,6.45,6.45,9.87,9.87,11.38,11.38,7.59,7.59,7.59,7.59,7.59,7.59,10.62,12.14,12.14,10.62,6.83,6.83,6.83,6.83
N_21_28,N_21_26,0.6040221400470303,0.99,0.99,0.99,0.99,0.99,0.99,1.64,1.64,1.93,1.93,1.21,1.21,1.21,1.21,1.21,1.21,1.79,2.08,2.08,1.79,1.06,1.06,1.06,1.06
N_21_28,N_19_29,8.899680805531043,4.94,4.94,4.94,4.94,4.94,4.94,6.14,6.14,6.67,6.67,5.34,5.34,5.34,5.34,5.34,5.34,6.41,6.94,6.94,6.41,5.07,5.07,5.07,5.07
N_21_29,N_22_30,4.323602550808538,4.41,4.41,4.41,4.41,4.41,4.41,6.74,6.74,7.78,7.78,5.19,5.19,5.19,5.19,5.19,5.19,7.26,8.3,8.3,7.26,4.67,4.67,4.67,4.67
N_21_29,N_21_30,3.2246656627699024,3.29,3.29,3.29,3.29,3.29,3.29,5.03,5.03,5.8,5.8,3.87,3.87,3.87,3.87,3.87,3.87,5.42,6.19,6.19,5.42,3.48,3.48,3.48,3.48
N_21_3,N_21_4,4.981201517744595,5.08,5.08,5.08,5.08,5.08,5.08,7.77,7.77,8.97,8.97,5.98,5.98,5.98,5.98,5.98,5.98,8.37,9.56,9.56,8.37,5.38,5.38,5.38,5.38
N_21_3,N_20_4,5.9262589715766705,6.04,6.04,6.04,6.04,6.04,6.04,9.24,9.24,10.67,10.67,7.11,7.11,7.11,7.11,7.11,7.11,9.96,11.38,11.38,9.96,6.4,6.4,6.4,6.4
N_21_3,N_23_4,1.3850326565642332,2.27,2.27,2.27,2.27,2.27,2.27,3.77,3.77,4.43,4.43,2.77,2.77,2.77,2.77,2.77,2.77,4.1,4.76,4.76,4.1,2.44,2.44,2.44,2.44
N_21_30,N_21_29,3.2246656627699024,3.29,3.29,3.29,3.29,3.29,3.29,5.03,5.03,5.8,5.8,3.87,3.87,3.87,3.87,3.87,3.87,5.42,6.19,6.19,5.42,3.48,3.48,3.48,3.48
N_21_30,N_21_31,5.026617814320176,5.13,5.13,5.13,5.13,5.13,5.13,7.84,7.84,9.05,9.05,6.03,6.03,6.03,6.03,6.03,6.03,8.44,9.65,9.65,8.44,5.43,5.43,5.43,5.43
N_21_30,N_20_31,6.29787428214428,6.42,6.42,6.42,6.42,6.42,6.42,9.82,9.82,11.34,11.34,7.56,7.56,7.56,7.56,7.56,7.56,10.58,12.09,12.09,10.58,6.8,6.8,6.8,6.8
N_21_30,N_22_29,5.619368669109227,5.73,5.73,5.73,5.73,5.73,5.73,8.77,8.77,10.11,10.11,6.74,6.74,6.74,6.74,6.74,6.74,9.44,10.79,10.79,9.44,6.07,6.07,6.07,6.07
N_21_31,N_21_30,5.026617814320176,5.13,5.13,5.13,5.13,5.13,5.13,7.84,7.84,9.05,9.05,6.03,6.03,6.03,6.03,6.03,6.03,8.44,9.65,9.65,8.44,5.43,5.43,5.43,5.43
N_21_31,N_19_31,6.085544434676569,6.21,6.21,6.21,6.21,6.21,6.21,9.49,9.49,10.95,10.95,7.3,7.3,7.3,7.3,7.3,7.3,10.22,11.68,11.68,10.22,6.57,6.57,6.57,6.57
N_21_32,N_20_33,6.2889614738483575,6.41,6.41,6.41,6.41,6.41,6.41,9.81,9.81,11.32,11.32,7.55,7.55,7.55,7.55,7.55,7.55,10.57,12.07,12.07,10.57,6.79,6.79,6.79,6.79
N_21_32,N_23_33,10.470264754206886,5.81,5.81,5.81,5.81,5.81,5.81,7.22,7.22,7.85,7.85,6.28,6.28,6.28,6.28,6.28,6.28,7.54,8.17,8.17,7.54,5.97,5.97,5.97,5.97
N_21_32,N_21_33,6.693784081824173,6.83,6.83,6.83,6.83,6.83,6.83,10.44,10.44,12.05,12.05,8.03,8.03,8.03,8.03,8.03,8.03,11.25,12.85,12.85,11.25,7.23,7.23,7.23,7.23
N_21_33,N_20_35,6.349648105073573,6.48,6.48,6.48,6.48,6.48,6.48,9.91,9.91,11.43,11.43,7.62,7.62,7.62,7.62,7.62,7.62,10.67,12.19,12.19,10.67,6.86,6.86,6.86,6.86
N_21_33,N_19_32,6.269619186573388,6.4,6.4,6.4,6.4,6.4,6.4,9.78,9.78,11.29,11.29,7.52,7.52,7.52,7.52,7.52,7.52,10.53,12.04,12.04,10.53,6.77,6.77,6.77,6.77
N_21_34,N_20_33,11.40574339961838,6.33,6.33,6.33,6.33,6.33,6.33,7.87,7.87,8.55,8.55,6.84,6.84,6.84,6.84,6.84,6.84,8.21,8.9,8.9,8.21,6.5,6.5,6.5,6.5
N_21_34,N_23_33,6.789323563921364,6.93,6.93,6.93,6.93,6.93,6.93,10.59,10.59,12.22,12.22,8.15,8.15,8.15,8.15,8.15,8.15,11.41,13.04,13.04,11.41,7.33,7.33,7.33,7.33
N_21_34,N_20_35,0.6195208333934754,1.02,1.02,1.02,1.02,1.02,1.02,1.69,1.69,1.98,1.98,1.24,1.24,1.24,1.24,1.24,1.24,1.83,2.13,2.13,1.83,1.09,1.09,1.09,1.09
N_21_34,N_22_33,10.262977502809232,5.7,5.7,5.7,5.7,5.7,5.7,7.08,7.08,7.7,7.7,6.16,6.16,6.16,6.16,6.16,6.16,7.39,8.01,8.01,7.39,5.85,5.85,5.85,5.85
N_21_35,N_19_35,3.3260238292367097,3.39,3.39,3.39,3.39,3.39,3.39,5.19,5.19,5.99,5.99,3.99,3.99,3.99,3.99,3.99,3.99,5.59,6.39,6.39,5.59,3.59,3.59,3.59,3.59
N_21_35,N_21_33,5.118546881732259,5.22,5.22,5.22,5.22,5.22,5.22,7.98,7.98,9.21,9.21,6.14,6.14,6.14,6.14,6.14,6.14,8.6,9.83,9.83,8.6,5.53,5.53,5.53,5.53
N_21_35,N_20_34,5.754057999375389,5.87,5.87,5.87,5.87,5.87,5.87,8.98,8.98,10.36,10.36,6.9,6.9,6.9,6.9,6.9,6.9,9.67,11.05,11.05,9.67,6.21,6.21,6.21,6.21
N_21_36,N_23_35,6.6074232496956835,6.74,6.74,6.74,6.74,6.74,6.74,10.31,10.31,11.89,11.89,7.93,7.93,7.93,7.93,7.93,7.93,11.1,12.69,12.69,11.1,7.14,7.14,7.14,7.14
N_21_36,N_20_38,5.289099841449728,5.39,5.39,5.39,5.39,5.39,5.39,8.25,8.25,9.52,9.52,6.35,6.35,6.35,6.35,6.35,6.35,8.89,10.16,10.16,8.89,5.71,5.71,5.71,5.71
N_21_37,N_23_36,10.727035346940403,5.95,5.95,5.95,5.95,5.95,5.95,7.4,7.4,8.05,8.05,6.44,6.44,6.44,6.44,6.44,6.44,7.72,8.37,8.37,7.72,6.11,6.11,6.11,6.11
N_21_37,N_22_38,5.84763047525535,5.96,5.96,5.96,5.96,5.96,5.96,9.12,9.12,10.53,10.53,7.02,7.02,7.02,7.02,7.02,7.02,9.82,11.23,11.23,9.82,6.32,6.32,6.32,6.32
N_21_37,N_23_38,4.894987739520836,4.99,4.99,4.99,4.99,4.99,4.99,7.64,7.64,8.81,8.81,5.87,5.87,5.87,5.87,5.87,5.87,8.22,9.4,9.4,8.22,5.29,5.29,5.29,5.29
N_21_37,N_20_39,10.493181428118477,5.82,5.82,5.82,5.82,5.82,5.82,7.24,7.24,7.87,7.87,6.3,6.3,6.3,6.3,6.3,6.3,7.56,8.18,8.18,7.56,5.98,5.98,5.98,5.98
N_21_38,N_19_39,14.574434149442997,8.09,8.09,8.09,8.09,8.09,8.09,10.06,10.06,10.93,10.93,8.74,8.74,8.74,8.74,8.74,8.74,10.49,11.37,11.37,10.49,8.31,8.31,8.31,8.31
N_21_38,N_20_37,10.632062360353315,5.9,5.9,5.9,5.9,5.9,5.9,7.34,7.34,7.97,7.97,6.38,6.38,6.38,6.38,6.38,6.38,7.66,8.29,8.29,7.66,6.06,6.06,6.06,6.06
N_21_38,N_19_38,1.096354026511131,1.8,1.8,1.8,1.8,1.8,1.8,2.98,2.98,3.51,3.51,2.19,2.19,2.19,2.19,2.19,2.19,3.25,3.77,3.77,3.25,1.93,1.93,1.93,1.93
N_21_38,N_20_39,8.201748643528258,4.55,4.55,4.55,4.55,4.55,4.55,5.66,5.66,6.15,6.15,4.92,4.92,4.92,4.92,4.92,4.92,5.91,6.4,6.4,5.91,4.67,4.67,4.67,4.67
N_21_38,N_22_39,4.474526598004683,4.56,4.56,4.56,4.56,4.56,4.56,6.98,6.98,8.05,8.05,5.37,5.37,5.37,5.37,5.37,5.37,7.52,8.59,8.59,7.52,4.83,4.83,4.83,4.83
N_21_38,N_22_36,1.3933701906485836,2.29,2.29,2.29,2.29,2.29,2.29,3.79,3.79,4.46,4.46,2.79,2.79,2.79,2.79,2.79,2.79,4.12,4.79,4.79,4.12,2.45,2.45,2.45,2.45
N_21_39,N_20_38,4.058721567868471,4.14,4.14,4.14,4.14,4.14,4.14,6.33,6.33,7.31,7.31,4.87,4.87,4.87,4.87,4.87,4.87,6.82,7.79,7.79,6.82,4.38,4.38,4.38,4.38
N_21_39,N_22_39,12.105362347511573,6.72,6.72,6.72,6.72,6.72,6.72,8.35,8.35,9.08,9.08,7.26,7.26,7.26,7.26,7.26,7.26,8.72,9.44,9.44,8.72,6.9,6.9,6.9,6.9
N_21_39,N_20_37,8.366964385466009,4.64,4.64,4.64,4.64,4.64,4.64,5.77,5.77,6.28,6.28,5.02,5.02,5.02,5.02,5.02,5.02,6.02,6.53,6.53,6.02,4.77,4.77,4.77,4.77
N_21_39,N_23_39,3.5670113657495,3.64,3.64,3.64,3.64,3.64,3.64,5.56,5.56,6.42,6.42,4.28,4.28,4.28,4.28,4.28,4.28,5.99,6.85,6.85,5.99,3.85,3.85,3.85,3.85
N_21_4,N_21_3,4.981201517744595,5.08,5.08,5.08,5.08,5.08,5.08,7.77,7.77,8.97,8.97,5.98,5.98,5.98,5.98,5.98,5.98,8.37,9.56,9.56,8.37,5.38,5.38,5.38,5.38
N_21_4,N_19_3,8.715772521938861,4.84,4.84,4.84,4.84,4.84,4.84,6.01,6.01,6.54,6.54,5.23,5.23,5.23,5.23,5.23,5.23,6.28,6.8,6.8,6.28,4.97,4.97,4.97,4.97
N_21_4,N_22_6,3.367437623580085,3.43,3.43,3.43,3.43,3.43,3.43,5.25,5.25,6.06,6.06,4.04,4.04,4.04,4.04,4.04,4.04,5.66,6.47,6.47,5.66,3.64,3.64,3.64,3.64
N_21_4,N_20_4,3.3246348921251827,3.39,3.39,3.39,3.39,3.39,3.39,5.19,5.19,5.98,5.98,3.99,3.99,3.99,3.99,3.99,3.99,5.59,6.38,6.38,5.59,3.59,3.59,3.59,3.59
N_21_5,N_19_4,1.6423303250447296,2.69,2.69,2.69,2.69,2.69,2.69,4.47,4.47,5.26,5.26,3.28,3.28,3.28,3.28,3.28,3.28,4.86,5.65,5.65,4.86,2.89,2.89,2.89,2.89
N_21_5,N_21_6,12.7846535660609,7.1,7.1,7.1,7.1,7.1,7.1,8.82,8.82,9.59,9.59,7.67,7.67,7.67,7.67,7.67,7.67,9.2,9.97,9.97,9.2,7.29,7.29,7.29,7.29
N_21_5,N_20_7,5.789151079223152,5.9,5.9,5.9,5.9,5.9,5.9,9.03,9.03,10.42,10.42,6.95,6.95,6.95,6.95,6.95,6.95,9.73,11.12,11.12,9.73,6.25,6.25,6.25,6.25
N_21_5,N_21_4,2.408842040158557,3.95,3.95,3.95,3.95,3.95,3.95,6.55,6.55,7.71,7.71,4.82,4.82,4.82,4.82,4.82,4.82,7.13,8.29,8.29,7.13,4.24,4.24,4.24,4.24
N_21_6,N_21_5,12.7846535660609,7.1,7.1,7.1,7.1,7.1,7.1,8.82,8.82,9.59,9.59,7.67,7.67,7.67,7.67,7.67,7.67,9.2,9.97,9.97,9.2,7.29,7.29,7.29,7.29
N_21_6,N_21_8,3.0286094948465085,3.09,3.09,3.09,3.09,3.09,3.09,4.72,4.72,5.45,5.45,3.63,3.63,3.63,3.63,3.63,3.63,5.09,5.81,5.81,5.09,3.27,3.27,3.27,3.27
N_21_6,N_23_7,4.472472921286482,4.56,4.56,4.56,4.56,4.56,4.56,6.98,6.98,8.05,8.05,5.37,5.37,5.37,5.37,5.37,5.37,7.51,8.59,8.59,7.51,4.83,4.83,4.83,4.83
N_21_6,N_19_5,9.489448316885463,5.27,5.27,5.27,5.27,5.27,5.27,6.55,6.55,7.12,7.12,5.69,5.69,5.69,5.69,5.69,5.69,6.83,7.4,7.4,6.83,5.41,5.41,5.41,5.41
N_21_7,N_20_9,4.32716045049148,4.41,4.41,4.41,4.41,4.41,4.41,6.75,6.75,7.79,7.79,5.19,5.19,5.19,5.19,5.19,5.19,7.27,8.31,8.31,7.27,4.67,4.67,4.67,4.67
N_21_7,N_23_8,6.870939095360297,7.01,7.01,7.01,7.01,7.01,7.01,10.72,10.72,12.37,12.37,8.25,8.25,8.25,8.25,8.25,8.25,11.54,13.19,13.19,11.54,7.42,7.42,7.42,7.42
N_21_7,N_21_5,3.818360244775773,3.89,3.89,3.89,3.89,3.89,3.89,5.96,5.96,6.87,6.87,4.58,4.58,4.58,4.58,4.58,4.58,6.41,7.33,7.33,6.41,4.12,4.12,4.12,4.12
N_21_7,N_19_7,3.4269184989575563,3.5,3.5,3.5,3.5,3.5,3.5,5.35,5.35,6.17,6.17,4.11,4.11,4.11,4.11,4.11,4.11,5.76,6.58,6.58,5.76,3.7,3.7,3.7,3.7
N_21_7,N_23_7,13.318314969475932,7.39,7.39,7.39,7.39,7.39,7.39,9.19,9.19,9.99,9.99,7.99,7.99,7.99,7.99,7.99,7.99,9.59,10.39,10.39,9.59,7.59,7.59,7.59,7.59
N_21_7,N_19_6,12.82824873715225,7.12,7.12,7.12,7.12,7.12,7.12,8.85,8.85,9.62,9.62,7.7,7.7,7.7,7.7,7.7,7.7,9.24,10.01,10.01,9.24,7.31,7.31,7.31,7.31
N_21_7,N_21_8,4.213482420472452,4.3,4.3,4.3,4.3,4.3,4.3,6.57,6.57,7.58,7.58,5.06,5.06,5.06,5.06,5.06,5.06,7.08,8.09,8.09,7.08,4.55,4.55,4.55,4.55
N_21_8,N_20_6,2.4725115850930632,4.05,4.05,4.05,4.05,4.05,4.05,6.73,6.73,7.91,7.91,4.95,4.95,4.95,4.95,4.95,4.95,7.32,8.51,8.51,7.32,4.35,4.35,4.35,4.35
N_21_8,N_21_6,3.0286094948465085,3.09,3.09,3.09,3.09,3.09,3.09,4.72,4.72,5.45,5.45,3.63,3.63,3.63,3.63,3.63,3.63,5.09,5.81,5.81,5.09,3.27,3.27,3.27,3.27
N_21_9,N_19_9,3.8757927817059024,3.95,3.95,3.95,3.95,3.95,3.95,6.05,6.05,6.98,6.98,4.65,4.65,4.65,4.65,4.65,4.65,6.51,7.44,7.44,6.51,4.19,4.19,4.19,4.19
N_21_9,N_20_7,10.576348353230658,5.87,5.87,5.87,5.87,5.87,5.87,7.3,7.3,7.93,7.93,6.35,6.35,6.35,6.35,6.35,6.35,7.61,8.25,8.25,7.61,6.03,6.03,6.03,6.03
N_21_9,N_23_8,1.9836929720110392,3.25,3.25,3.25,3.25,3.25,3.25,5.4,5.4,6.35,6.35,3.97,3.97,3.97,3.97,3.97,3.97,5.87,6.82,6.82,5.87,3.49,3.49,3.49,3.49
N_22_0,N_23_1,12.45696849532294,6.91,6.91,6.91,6.91,6.91,6.91,8.6,8.6,9.34,9.34,7.47,7.47,7.47,7.47,7.47,7.47,8.97,9.72,9.72,8.97,7.1,7.1,7.1,7.1
N_22_0,N_22_2,6.521162269444557,6.65,6.65,6.65,6.65,6.65,6.65,10.17,10.17,11.74,11.74,7.83,7.83,7.83,7.83,7.83,7.83,10.96,12.52,12.52,10.96,7.04,7.04,7.04,7.04
N_22_0,N_21_0,8.788107369860015,4.88,4.88,4.88,4.88,4.88,4.88,6.06,6.06,6.59,6.59,5.27,5.27,5.27,5.27,5.27,5.27,6.33,6.85,6.85,6.33,5.01,5.01,5.01,5.01
N_22_1,N_23_3,4.862806332481631,4.96,4.96,4.96,4.96,4.96,4.96,7.59,7.59,8.75,8.75,5.84,5.84,5.84,5.84,5.84,5.84,8.17,9.34,9.34,8.17,5.25,5.25,5.25,5.25
N_22_1,N_20_1,14.281856792481511,7.93,7.93,7.93,7.93,7.93,7.93,9.85,9.85,10.71,10.71,8.57,8.57,8.57,8.57,8.57,8.57,10.28,11.14,11.14,10.28,8.14,8.14,8.14,8.14
N_22_10,N_20_10,9.573776231446548,5.31,5.31,5.31,5.31,5.31,5.31,6.61,6.61,7.18,7.18,5.74,5.74,5.74,5.74,5.74,5.74,6.89,7.47,7.47,6.89,5.46,5.46,5.46,5.46
N_22_10,N_22_12,6.28285680629239,6.41,6.41,6.41,6.41,6.41,6.41,9.8,9.8,11.31,11.31,7.54,7.54,7.54,7.54,7.54,7.54,10.56,12.06,12.06,10.56,6.79,6.79,6.79,6.79
N_22_10,N_21_8,6.6072835734865745,6.74,6.74,6.74,6.74,6.74,6.74,10.31,10.31,11.89,11.89,7.93,7.93,7.93,7.93,7.93,7.93,11.1,12.69,12.69,11.1,7.14,7.14,7.14,7.14
N_22_10,N_23_11,4.282844952797739,4.37,4.37,4.37,4.37,4.37,4.37,6.68,6.68,7.71,7.71,5.14,5.14,5.14,5.14,5.14,5.14,7.2,8.22,8.22,7.2,4.63,4.63,4.63,4.63
N_22_11,N_20_11,5.091795183657764,5.19,5.19,5.19,5.19,5.19,5.19,7.94,7.94,9.17,9.17,6.11,6.11,6.11,6.11,6.11,6.11,8.55,9.78,9.78,8.55,5.5,5.5,5.5,5.5
N_22_11,N_21_11,3.803728350477265,3.88,3.88,3.88,3.88,3.88,3.88,5.93,5.93,6.85,6.85,4.56,4.56,4.56,4.56,4.56,4.56,6.39,7.3,7.3,6.39,4.11,4.11,4.11,4.11
N_22_11,N_20_12,1.7909282813452954,2.94,2.94,2.94,2.94,2.94,2.94,4.87,4.87,5.73,5.73,3.58,3.58,3.58,3.58,3.58,3.58,5.3,6.16,6.16,5.3,3.15,3.15,3.15,3.15
N_22_12,N_22_10,6.28285680629239,6.41,6.41,6.41,6.41,6.41,6.41,9.8,9.8,11.31,11.31,7.54,7.54,7.54,7.54,7.54,7.54,10.56,12.06,12.06,10.56,6.79,6.79,6.79,6.79
N_22_12,N_23_14,1.5879934734400871,2.6,2.6,2.6,2.6,2.6,2.6,4.32,4.32,5.08,5.08,3.18,3.18,3.18,3.18,3.18,3.18,4.7,5.46,5.46,4.7,2.79,2.79,2.79,2.79
N_22_12,N_21_13,4.018868653014459,4.1,4.1,4.1,4.1,4.1,4.1,6.27,6.27,7.23,7.23,4.82,4.82,4.82,4.82,4.82,4.82,6.75,7.72,7.72,6.75,4.34,4.34,4.34,4.34
N_22_12,N_22_11,1.9794225279507387,3.25,3.25,3.25,3.25,3.25,3.25,5.38,5.38,6.33,6.33,3.96,3.96,3.96,3.96,3.96,3.96,5.86,6.81,6.81,5.86,3.48,3.48,3.48,3.48
N_22_13,N_20_12,6.12565034780153,6.25,6.25,6.25,6.25,6.25,6.25,9.56,9.56,11.03,11.03,7.35,7.35,7.35,7.35,7.35,7.35,10.29,11.76,11.76,10.29,6.62,6.62,6.62,6.62
N_22_13,N_22_15,6.572734141158879,6.7,6.7,6.7,6.7,6.7,6.7,10.25,10.25,11.83,11.83,7.89,7.89,7.89,7.89,7.89,7.89,11.04,12.62,12.62,11.04,7.1,7.1,7.1,7.1
N_22_13,N_21_15,4.980811659823523,5.08,5.08,5.08,5.08,5.08,5.08,7.77,7.77,8.97,8.97,5.98,5.98,5.98,5.98,5.98,5.98,8.37,9.56,9.56,8.37,5.38,5.38,5.38,5.38
N_22_13,N_23_13,4.2262237144062915,4.31,4.31,4.31,4.31,4.31,4.31,6.59,6.59,7.61,7.61,5.07,5.07,5.07,5.07,5.07,5.07,7.1,8.11,8.11,7.1,4.56,4.56,4.56,4.56
N_22_13,N_24_14,3.83697609728476,3.91,3.91,3.91,3.91,3.91,3.91,5.99,5.99,6.91,6.91,4.6,4.6,4.6,4.6,4.6,4.6,6.45,7.37,7.37,6.45,4.14,4.14,4.14,4.14
N_22_14,N_23_13,4.499663746608746,4.59,4.59,4.59,4.59,4.59,4.59,7.02,7.02,8.1,8.1,5.4,5.4,5.4,5.4,5.4,5.4,7.56,8.64,8.64,7.56,4.86,4.86,4.86,4.86
N_22_14,N_21_14,6.678222759915575,6.81,6.81,6.81,6.81,6.81,6.81,10.42,10.42,12.02,12.02,8.01,8.01,8.01,8.01,8.01,8.01,11.22,12.82,12.82,11.22,7.21,7.21,7.21,7.21
N_22_14,N_24_13,5.7164696899453835,5.83,5.83,5.83,5.83,5.83,5.83,8.92,8.92,10.29,10.29,6.86,6.86,6.86,6.86,6.86,6.86,9.6,10.98,10.98,9.6,6.17,6.17,6.17,6.17
N_22_14,N_23_16,4.405987829895029,4.49,4.49,4.49,4.49,4.49,4.49,6.87,6.87,7.93,7.93,5.29,5.29,5.29,5.29,5.29,5.29,7.4,8.46,8.46,7.4,4.76,4.76,4.76,4.76
N_22_15,N_20_14,5.711370216645727,5.83,5.83,5.83,5.83,5.83,5.83,8.91,8.91,10.28,10.28,6.85,6.85,6.85,6.85,6.85,6.85,9.6,10.97,10.97,9.6,6.17,6.17,6.17,6.17
N_22_15,N_21_17,13.069950445103721,7.25,7.25,7.25,7.25,7.25,7.25,9.02,9.02,9.8,9.8,7.84,7.84,7.84,7.84,7.84,7.84,9.41,10.19,10.19,9.41,7.45,7.45,7.45,7.45
N_22_16,N_23_16,5.700970762396899,5.81,5.81,5.81,5.81,5.81,5.81,8.89,8.89,10.26,10.26,6.84,6.84,6.84,6.84,6.84,6.84,9.58,10.95,10.95,9.58,6.16,6.16,6.16,6.16
N_22_16,N_21_14,3.276398435296792,3.34,3.34,3.34,3.34,3.34,3.34,5.11,5.11,5.9,5.9,3.93,3.93,3.93,3.93,3.93,3.93,5.5,6.29,6.29,5.5,3.54,3.54,3.54,3.54
N_22_16,N_20_15,11.95534969655608,6.64,6.64,6.64,6.64,6.64,6.64,8.25,8.25,8.97,8.97,7.17,7.17,7.17,7.17,7.17,7.17,8.61,9.33,9.33,8.61,6.81,6.81,6.81,6.81
N_22_16,N_22_18,5.897323699257221,6.02,6.02,6.02,6.02,6.02,6.02,9.2,9.2,10.62,10.62,7.08,7.08,7.08,7.08,7.08,7.08,9.91,11.32,11.32,9.91,6.37,6.37,6.37,6.37
N_22_17,N_21_18,12.390495399835508,6.88,6.88,6.88,6.88,6.88,6.88,8.55,8.55,9.29,9.29,7.43,7.43,7.43,7.43,7.43,7.43,8.92,9.66,9.66,8.92,7.06,7.06,7.06,7.06
N_22_17,N_23_17,3.022769999125709,3.08,3.08,3.08,3.08,3.08,3.08,4.72,4.72,5.44,5.44,3.63,3.63,3.63,3.63,3.63,3.63,5.08,5.8,5.8,5.08,3.26,3.26,3.26,3.26
N_22_17,N_23_15,2.310819926509732,3.79,3.79,3.79,3.79,3.79,3.79,6.29,6.29,7.39,7.39,4.62,4.62,4.62,4.62,4.62,4.62,6.84,7.95,7.95,6.84,4.07,4.07,4.07,4.07
N_22_18,N_22_16,5.897323699257221,6.02,6.02,6.02,6.02,6.02,6.02,9.2,9.2,10.62,10.62,7.08,7.08,7.08,7.08,7.08,7.08,9.91,11.32,11.32,9.91,6.37,6.37,6.37,6.37
N_22_18,N_22_17,5.79568479746501,5.91,5.91,5.91,5.91,5.91,5.91,9.04,9.04,10.43,10.43,6.95,6.95,6.95,6.95,6.95,6.95,9.74,11.13,11.13,9.74,6.26,6.26,6.26,6.26
N_22_18,N_21_19,3.425312442142504,3.49,3.49,3.49,3.49,3.49,3.49,5.34,5.34,6.17,6.17,4.11,4.11,4.11,4.11,4.11,4.11,5.75,6.58,6.58,5.75,3.7,3.7,3.7,3.7
N_22_18,N_23_19,11.900970912831532,6.61,6.61,6.61,6.61,6.61,6.61,8.21,8.21,8.93,8.93,7.14,7.14,7.14,7.14,7.14,7.14,8.57,9.28,9.28,8.57,6.78,6.78,6.78,6.78
N_22_19,N_21_17,3.5710348320610468,3.64,3.64,3.64,3.64,3.64,3.64,5.57,5.57,6.43,6.43,4.29,4.29,4.29,4.29,4.29,4.29,6.0,6.86,6.86,6.0,3.86,3.86,3.86,3.86
N_22_19,N_22_20,4.911518963182536,5.01,5.01,5.01,5.01,5.01,5.01,7.66,7.66,8.84,8.84,5.89,5.89,5.89,5.89,5.89,5.89,8.25,9.43,9.43,8.25,5.3,5.3,5.3,5.3
N_22_19,N_24_20,5.328482044138186,5.44,5.44,5.44,5.44,5.44,5.44,8.31,8.31,9.59,9.59,6.39,6.39,6.39,6.39,6.39,6.39,8.95,10.23,10.23,8.95,5.75,5.75,5.75,5.75
N_22_19,N_20_19,9.417130865392913,5.23,5.23,5.23,5.23,5.23,5.23,6.5,6.5,7.06,7.06,5.65,5.65,5.65,5.65,5.65,5.65,6.78,7.35,7.35,6.78,5.37,5.37,5.37,5.37
N_22_19,N_24_19,4.562839031553079,4.65,4.65,4.65,4.65,4.65,4.65,7.12,7.12,8.21,8.21,5.48,5.48,5.48,5.48,5.48,5.48,7.67,8.76,8.76,7.67,4.93,4.93,4.93,4.93
N_22_19,N_21_21,3.048661682389753,3.11,3.11,3.11,3.11,3.11,3.11,4.76,4.76,5.49,5.49,3.66,3.66,3.66,3.66,3.66,3.66,5.12,5.85,5.85,5.12,3.29,3.29,3.29,3.29
N_22_19,N_23_18,11.71363509492578,6.5,6.5,6.5,6.5,6.5,6.5,8.08,8.08,8.79,8.79,7.03,7.03,7.03,7.03,7.03,7.03,8.43,9.14,9.14,8.43,6.68,6.68,6.68,6.68
N_22_2,N_21_1,0.8769641911459229,1.44,1.44,1.44,1.44,1.44,1.44,2.39,2.39,2.81,2.81,1.75,1.75,1.75,1.75,1.75,1.75,2.6,3.02,3.02,2.6,1.54,1.54,1.54,1.54
N_22_2,N_22_4,4.910753593247669,5.01,5.01,5.01,5.01,5.01,5.01,7.66,7.66,8.84,8.84,5.89,5.89,5.89,5.89,5.89,5.89,8.25,9.43,9.43,8.25,5.3,5.3,5.3,5.3
N_22_2,N_23_3,9.153129031728763,5.08,5.08,5.08,5.08,5.08,5.08,6.32,6.32,6.86,6.86,5.49,5.49,5.49,5.49,5.49,5.49,6.59,7.14,7.14,6.59,5.22,5.22,5.22,5.22
N_22_2,N_21_4,5.502493988326862,5.61,5.61,5.61,5.61,5.61,5.61,8.58,8.58,9.9,9.9,6.6,6.6,6.6,6.6,6.6,6.6,9.24,10.56,10.56,9.24,5.94,5.94,5.94,5.94
N_22_20,N_20_20,6.02172066674663,6.14,6.14,6.14,6.14,6.14,6.14,9.39,9.39,10.84,10.84,7.23,7.23,7.23,7.23,7.23,7.23,10.12,11.56,11.56,10.12,6.5,6.5,6.5,6.5
N_22_20,N_20_21,4.150510713372633,4.23,4.23,4.23,4.23,4.23,4.23,6.47,6.47,7.47,7.47,4.98,4.98,4.98,4.98,4.98,4.98,6.97,7.97,7.97,6.97,4.48,4.48,4.48,4.48
N_22_20,N_22_19,3.1236560469066035,3.19,3.19,3.19,3.19,3.19,3.19,4.87,4.87,5.62,5.62,3.75,3.75,3.75,3.75,3.75,3.75,5.25,6.0,6.0,5.25,3.37,3.37,3.37,3.37
N_22_21,N_21_23,4.158964195944085,4.24,4.24,4.24,4.24,4.24,4.24,6.49,6.49,7.49,7.49,4.99,4.99,4.99,4.99,4.99,4.99,6.99,7.99,7.99,6.99,4.49,4.49,4.49,4.49
N_22_21,N_22_22,3.3639507797784827,3.43,3.43,3.43,3.43,3.43,3.43,5.25,5.25,6.06,6.06,4.04,4.04,4.04,4.04,4.04,4.04,5.65,6.46,6.46,5.65,3.63,3.63,3.63,3.63
N_22_21,N_21_20,5.0679903214087085,5.17,5.17,5.17,5.17,5.17,5.17,7.91,7.91,9.12,9.12,6.08,6.08,6.08,6.08,6.08,6.08,8.51,9.73,9.73,8.51,5.47,5.47,5.47,5.47
N_22_22,N_22_21,3.3639507797784827,3.43,3.43,3.43,3.43,3.43,3.43,5.25,5.25,6.06,6.06,4.04,4.04,4.04,4.04,4.04,4.04,5.65,6.46,6.46,5.65,3.63,3.63,3.63,3.63
N_22_22,N_20_22,5.678738494488929,5.79,5.79,5.79,5.79,5.79,5.79,8.86,8.86,10.22,10.22,6.81,6.81,6.81,6.81,6.81,6.81,9.54,10.9,10.9,9.54,6.13,6.13,6.13,6.13
N_22_22,N_24_23,6.147573534824779,6.27,6.27,6.27,6.27,6.27,6.27,9.59,9.59,11.07,11.07,7.38,7.38,7.38,7.38,7.38,7.38,10.33,11.8,11.8,10.33,6.64,6.64,6.64,6.64
N_22_23,N_20_24,8.783946511255785,4.88,4.88,4.88,4.88,4.88,4.88,6.06,6.06,6.59,6.59,5.27,5.27,5.27,5.27,5.27,5.27,6.32,6.85,6.85,6.32,5.01,5.01,5.01,5.01
N_22_23,N_22_21,4.566520943771103,4.66,4.66,4.66,4.66,4.66,4.66,7.12,7.12,8.22,8.22,5.48,5.48,5.48,5.48,5.48,5.48,7.67,8.77,8.77,7.67,4.93,4.93,4.93,4.93
N_22_23,N_23_22,1.41815844979001,2.33,2.33,2.33,2.33,2.33,2.33,3.86,3.86,4.54,4.54,2.84,2.84,2.84,2.84,2.84,2.84,4.2,4.88,4.88,4.2,2.5,2.5,2.5,2.5
N_22_23,N_24_23,8.504351718483491,4.72,4.72,4.72,4.72,4.72,4.72,5.87,5.87,6.38,6.38,5.1,5.1,5.1,5.1,5.1,5.1,6.12,6.63,6.63,6.12,4.85,4.85,4.85,4.85
N_22_24,N_20_23,4.905472619449265,5.0,5.0,5.0,5.0,5.0,5.0,7.65,7.65,8.83,8.83,5.89,5.89,5.89,5.89,5.89,5.89,8.24,9.42,9.42,8.24,5.3,5.3,5.3,5.3
N_22_24,N_23_26,9.267733096036435,5.14,5.14,5.14,5.14,5.14,5.14,6.39,6.39,6.95,6.95,5.56,5.56,5.56,5.56,5.56,5.56,6.67,7.23,7.23,6.67,5.28,5.28,5.28,5.28
N_22_24,N_24_25,0.6090042895232828,1.0,1.0,1.0,1.0,1.0,1.0,1.66,1.66,1.95,1.95,1.22,1.22,1.22,1.22,1.22,1.22,1.8,2.09,2.09,1.8,1.07,1.07,1.07,1.07
N_22_25,N_20_25,9.543063240708285,5.3,5.3,5.3,5.3,5.3,5.3,6.58,6.58,7.16,7.16,5.73,5.73,5.73,5.73,5.73,5.73,6.87,7.44,7.44,6.87,5.44,5.44,5.44,5.44
N_22_25,N_23_25,6.7114061579887805,6.85,6.85,6.85,6.85,6.85,6.85,10.47,10.47,12.08,12.08,8.05,8.05,8.05,8.05,8.05,8.05,11.28,12.89,12.89,11.28,7.25,7.25,7.25,7.25
N_22_25,N_23_27,8.160678460269954,4.53,4.53,4.53,4.53,4.53,4.53,5.63,5.63,6.12,6.12,4.9,4.9,4.9,4.9,4.9,4.9,5.88,6.37,6.37,5.88,4.65,4.65,4.65,4.65
N_22_25,N_24_26,3.687369340828368,3.76,3.76,3.76,3.76,3.76,3.76,5.75,5.75,6.64,6.64,4.42,4.42,4.42,4.42,4.42,4.42,6.19,7.08,7.08,6.19,3.98,3.98,3.98,3.98
N_22_26,N_21_24,0.694137867624663,1.14,1.14,1.14,1.14,1.14,1.14,1.89,1.89,2.22,2.22,1.39,1.39,1.39,1.39,1.39,1.39,2.05,2.39,2.39,2.05,1.22,1.22,1.22,1.22
N_22_26,N_20_25,2.3352510663917903,3.83,3.83,3.83,3.83,3.83,3.83,6.35,6.35,7.47,7.47,4.67,4.67,4.67,4.67,4.67,4.67,6.91,8.03,8.03,6.91,4.11,4.11,4.11,4.11
N_22_27,N_21_27,12.71317813873767,7.06,7.06,7.06,7.06,7.06,7.06,8.77,8.77,9.53,9.53,7.63,7.63,7.63,7.63,7.63,7.63,9.15,9.92,9.92,9.15,7.25,7.25,7.25,7.25
N_22_27,N_23_28,1.1845774698567393,1.94,1.94,1.94,1.94,1.94,1.94,3.22,3.22,3.79,3.79,2.37,2.37,2.37,2.37,2.37,2.37,3.51,4.07,4.07,3.51,2.08,2.08,2.08,2.08
N_22_28,N_23_26,10.034751693078638,5.57,5.57,5.57,5.57,5.57,5.57,6.92,6.92,7.53,7.53,6.02,6.02,6.02,6.02,6.02,6.02,7.23,7.83,7.83,7.23,5.72,5.72,5.72,5.72
N_22_28,N_20_27,4.878852098007652,4.98,4.98,4.98,4.98,4.98,4.98,7.61,7.61,8.78,8.78,5.85,5.85,5.85,5.85,5.85,5.85,8.2,9.37,9.37,8.2,5.27,5.27,5.27,5.27
N_22_28,N_21_26,0.9881457931619473,1.62,1.62,1.62,1.62,1.62,1.62,2.69,2.69,3.16,3.16,1.98,1.98,1.98,1.98,1.98,1.98,2.92,3.4,3.4,2.92,1.74,1.74,1.74,1.74
N_22_29,N_21_27,3.674166626308464,3.75,3.75,3.75,3.75,3.75,3.75,5.73,5.73,6.61,6.61,4.41,4.41,4.41,4.41,4.41,4.41,6.17,7.05,7.05,6.17,3.97,3.97,3.97,3.97
N_22_29,N_21_29,5.396420882074134,5.5,5.5,5.5,5.5,5.5,5.5,8.42,8.42,9.71,9.71,6.48,6.48,6.48,6.48,6.48,6.48,9.07,10.36,10.36,9.07,5.83,5.83,5.83,5.83
N_22_29,N_20_28,2.458322992644371,4.03,4.03,4.03,4.03,4.03,4.03,6.69,6.69,7.87,7.87,4.92,4.92,4.92,4.92,4.92,4.92,7.28,8.46,8.46,7.28,4.33,4.33,4.33,4.33
N_22_29,N_24_29,3.3598900052042167,3.43,3.43,3.43,3.43,3.43,3.43,5.24,5.24,6.05,6.05,4.03,4.03,4.03,4.03,4.03,4.03,5.64,6.45,6.45,5.64,3.63,3.63,3.63,3.63
N_22_29,N_23_27,12.867189562840522,7.14,7.14,7.14,7.14,7.14,7.14,8.88,8.88,9.65,9.65,7.72,7.72,7.72,7.72,7.72,7.72,9.26,10.04,10.04,9.26,7.33,7.33,7.33,7.33
N_22_29,N_23_28,14.524070656195413,8.06,8.06,8.06,8.06,8.06,8.06,10.02,10.02,10.89,10.89,8.71,8.71,8.71,8.71,8.71,8.71,10.46,11.33,11.33,10.46,8.28,8.28,8.28,8.28
N_22_29,N_24_28,14.009501770520629,7.78,7.78,7.78,7.78,7.78,7.78,9.67,9.67,10.51,10.51,8.41,8.41,8.41,8.41,8.41,8.41,10.09,10.93,10.93,10.09,7.99,7.99,7.99,7.99
N_22_3,N_21_4,0.8907700121795286,1.46,1.46,1.46,1.46,1.46,1.46,2.42,2.42,2.85,2.85,1.78,1.78,1.78,1.78,1.78,1.78,2.64,3.06,3.06,2.64,1.57,1.57,1.57,1.57
N_22_3,N_23_4,8.71057212265811,4.83,4.83,4.83,4.83,4.83,4.83,6.01,6.01,6.53,6.53,5.23,5.23,5.23,5.23,5.23,5.23,6.27,6.79,6.79,6.27,4.97,4.97,4.97,4.97
N_22_3,N_20_4,8.868960965077692,4.92,4.92,4.92,4.92,4.92,4.92,6.12,6.12,6.65,6.65,5.32,5.32,5.32,5.32,5.32,5.32,6.39,6.92,6.92,6.39,5.06,5.06,5.06,5.06
N_22_30,N_21_29,4.323602550808538,4.41,4.41,4.41,4.41,4.41,4.41,6.74,6.74,7.78,7.78,5.19,5.19,5.19,5.19,5.19,5.19,7.26,8.3,8.3,7.26,4.67,4.67,4.67,4.67
N_22_30,N_24_30,0.983851132716064,1.61,1.61,1.61,1.61,1.61,1.61,2.68,2.68,3.15,3.15,1.97,1.97,1.97,1.97,1.97,1.97,2.91,3.38,3.38,2.91,1.73,1.73,1.73,1.73
N_22_30,N_21_31,6.132629820086867,6.26,6.26,6.26,6.26,6.26,6.26,9.57,9.57,11.04,11.04,7.36,7.36,7.36,7.36,7.36,7.36,10.3,11.77,11.77,10.3,6.62,6.62,6.62,6.62
N_22_30,N_24_29,3.648347605470899,3.72,3.72,3.72,3.72,3.72,3.72,5.69,5.69,6.57,6.57,4.38,4.38,4.38,4.38,4.38,4.38,6.13,7.0,7.0,6.13,3.94,3.94,3.94,3.94
N_22_31,N_22_30,5.093881664778891,5.2,5.2,5.2,5.2,5.2,5.2,7.95,7.95,9.17,9.17,6.11,6.11,6.11,6.11,6.11,6.11,8.56,9.78,9.78,8.56,5.5,5.5,5.5,5.5
N_22_31,N_22_32,4.998906794972415,5.1,5.1,5.1,5.1,5.1,5.1,7.8,7.8,9.0,9.0,6.0,6.0,6.0,6.0,6.0,6.0,8.4,9.6,9.6,8.4,5.4,5.4,5.4,5.4
N_22_31,N_20_30,12.198587521635012,6.77,6.77,6.77,6.77,6.77,6.77,8.42,8.42,9.15,9.15,7.32,7.32,7.32,7.32,7.32,7.32,8.78,9.51,9.51,8.78,6.95,6.95,6.95,6.95
N_22_31,N_21_30,12.230770277449164,6.79,6.79,6.79,6.79,6.79,6.79,8.44,8.44,9.17,9.17,7.34,7.34,7.34,7.34,7.34,7.34,8.81,9.54,9.54,8.81,6.97,6.97,6.97,6.97
N_22_32,N_20_31,14.303525042455647,7.94,7.94,7.94,7.94,7.94,7.94,9.87,9.87,10.73,10.73,8.58,8.58,8.58,8.58,8.58,8.58,10.3,11.16,11.16,10.3,8.15,8.15,8.15,8.15
N_22_32,N_22_30,10.794674301627602,5.99,5.99,5.99,5.99,5.99,5.99,7.45,7.45,8.1,8.1,6.48,6.48,6.48,6.48,6.48,6.48,7.77,8.42,8.42,7.77,6.15,6.15,6.15,6.15
N_22_33,N_21_34,10.262977502809232,5.7,5.7,5.7,5.7,5.7,5.7,7.08,7.08,7.7,7.7,6.16,6.16,6.16,6.16,6.16,6.16,7.39,8.01,8.01,7.39,5.85,5.85,5.85,5.85
N_22_33,N_24_33,5.050246016729078,5.15,5.15,5.15,5.15,5.15,5.15,7.88,7.88,9.09,9.09,6.06,6.06,6.06,6.06,6.06,6.06,8.48,9.7,9.7,8.48,5.45,5.45,5.45,5.45
N_22_33,N_23_32,2.237258074390509,3.67,3.67,3.67,3.67,3.67,3.67,6.09,6.09,7.16,7.16,4.47,4.47,4.47,4.47,4.47,4.47,6.62,7.7,7.7,6.62,3.94,3.94,3.94,3.94
N_22_33,N_21_31,3.7739172074300575,3.85,3.85,3.85,3.85,3.85,3.85,5.89,5.89,6.79,6.79,4.53,4.53,4.53,4.53,4.53,4.53,6.34,7.25,7.25,6.34,4.08,4.08,4.08,4.08
N_22_34,N_21_35,8.35641444927877,4.64,4.64,4.64,4.64,4.64,4.64,5.77,5.77,6.27,6.27,5.01,5.01,5.01,5.01,5.01,5.01,6.02,6.52,6.52,6.02,4.76,4.76,4.76,4.76
N_22_34,N_21_34,11.068784917216355,6.14,6.14,6.14,6.14,6.14,6.14,7.64,7.64,8.3,8.3,6.64,6.64,6.64,6.64,6.64,6.64,7.97,8.63,8.63,7.97,6.31,6.31,6.31,6.31
N_22_34,N_23_34,3.144623686859608,3.21,3.21,3.21,3.21,3.21,3.21,4.91,4.91,5.66,5.66,3.77,3.77,3.77,3.77,3.77,3.77,5.28,6.04,6.04,5.28,3.4,3.4,3.4,3.4
N_22_34,N_21_33,5.265402302323214,5.37,5.37,5.37,5.37,5.37,5.37,8.21,8.21,9.48,9.48,6.32,6.32,6.32,6.32,6.32,6.32,8.85,10.11,10.11,8.85,5.69,5.69,5.69,5.69
N_22_35,N_21_34,0.8889868917819241,1.46,1.46,1.46,1.46,1.46,1.46,2.42,2.42,2.84,2.84,1.78,1.78,1.78,1.78,1.78,1.78,2.63,3.06,3.06,2.63,1.56,1.56,1.56,1.56
N_22_35,N_20_34,6.303688492869336,6.43,6.43,6.43,6.43,6.43,6.43,9.83,9.83,11.35,11.35,7.56,7.56,7.56,7.56,7.56,7.56,10.59,12.1,12.1,10.59,6.81,6.81,6.81,6.81
N_22_35,N_22_37,4.020591526938269,4.1,4.1,4.1,4.1,4.1,4.1,6.27,6.27,7.24,7.24,4.82,4.82,4.82,4.82,4.82,4.82,6.75,7.72,7.72,6.75,4.34,4.34,4.34,4.34
N_22_35,N_21_33,8.463597850082367,4.7,4.7,4.7,4.7,4.7,4.7,5.84,5.84,6.35,6.35,5.08,5.08,5.08,5.08,5.08,5.08,6.09,6.6,6.6,6.09,4.82,4.82,4.82,4.82
N_22_35,N_20_35,11.37865203253243,6.32,6.32,6.32,6.32,6.32,6.32,7.85,7.85,8.53,8.53,6.83,6.83,6.83,6.83,6.83,6.83,8.19,8.88,8.88,8.19,6.49,6.49,6.49,6.49
N_22_35,N_22_36,6.924789076018451,7.06,7.06,7.06,7.06,7.06,7.06,10.8,10.8,12.46,12.46,8.31,8.31,8.31,8.31,8.31,8.31,11.63,13.3,13.3,11.63,7.48,7.48,7.48,7.48
N_22_35,N_23_33,3.319878121299062,3.39,3.39,3.39,3.39,3.39,3.39,5.18,5.18,5.98,5.98,3.98,3.98,3.98,3.98,3.98,3.98,5.58,6.37,6.37,5.58,3.59,3.59,3.59,3.59
N_22_36,N_21_38,1.3933701906485836,2.29,2.29,2.29,2.29,2.29,2.29,3.79,3.79,4.46,4.46,2.79,2.79,2.79,2.79,2.79,2.79,4.12,4.79,4.79,4.12,2.45,2.45,2.45,2.45
N_22_36,N_22_38,4.312614498732687,4.4,4.4,4.4,4.4,4.4,4.4,6.73,6.73,7.76,7.76,5.18,5.18,5.18,5.18,5.18,5.18,7.25,8.28,8.28,7.25,4.66,4.66,4.66,4.66
N_22_36,N_24_36,5.89710715387204,6.02,6.02,6.02,6.02,6.02,6.02,9.2,9.2,10.61,10.61,7.08,7.08,7.08,7.08,7.08,7.08,9.91,11.32,11.32,9.91,6.37,6.37,6.37,6.37
N_22_36,N_20_36,0.7129936043034344,1.17,1.17,1.17,1.17,1.17,1.17,1.94,1.94,2.28,2.28,1.43,1.43,1.43,1.43,1.43,1.43,2.11,2.45,2.45,2.11,1.25,1.25,1.25,1.25
N_22_36,N_24_37,13.484335158263653,7.48,7.48,7.48,7.48,7.48,7.48,9.3,9.3,10.11,10.11,8.09,8.09,8.09,8.09,8.09,8.09,9.71,10.52,10.52,9.71,7.69,7.69,7.69,7.69
N_22_36,N_23_38,14.336222611910163,7.96,7.96,7.96,7.96,7.96,7.96,9.89,9.89,10.75,10.75,8.6,8.6,8.6,8.6,8.6,8.6,10.32,11.18,11.18,10.32,8.17,8.17,8.17,8.17
N_22_37,N_20_36,1.6466898450763712,2.7,2.7,2.7,2.7,2.7,2.7,4.48,4.48,5.27,5.27,3.29,3.29,3.29,3.29,3.29,3.29,4.87,5.66,5.66,4.87,2.9,2.9,2.9,2.9
N_22_37,N_23_39,0.8080918850633934,1.33,1.33,1.33,1.33,1.33,1.33,2.2,2.2,2.59,2.59,1.62,1.62,1.62,1.62,1.62,1.62,2.39,2.78,2.78,2.39,1.42,1.42,1.42,1.42
N_22_37,N_23_35,14.563158151452695,8.08,8.08,8.08,8.08,8.08,8.08,10.05,10.05,10.92,10.92,8.74,8.74,8.74,8.74,8.74,8.74,10.49,11.36,11.36,10.49,8.3,8.3,8.3,8.3
N_22_37,N_24_37,14.15374090511046,7.86,7.86,7.86,7.86,7.86,7.86,9.77,9.77,10.62,10.62,8.49,8.49,8.49,8.49,8.49,8.49,10.19,11.04,11.04,10.19,8.07,8.07,8.07,8.07
N_22_38,N_21_37,5.84763047525535,5.96,5.96,5.96,5.96,5.96,5.96,9.12,9.12,10.53,10.53,7.02,7.02,7.02,7.02,7.02,7.02,9.82,11.23,11.23,9.82,6.32,6.32,6.32,6.32
N_22_38,N_22_36,4.312614498732687,4.4,4.4,4.4,4.4,4.4,4.4,6.73,6.73,7.76,7.76,5.18,5.18,5.18,5.18,5.18,5.18,7.25,8.28,8.28,7.25,4.66,4.66,4.66,4.66
N_22_39,N_21_39,12.105362347511573,6.72,6.72,6.72,6.72,6.72,6.72,8.35,8.35,9.08,9.08,7.26,7.26,7.26,7.26,7.26,7.26,8.72,9.44,9.44,8.72,6.9,6.9,6.9,6.9
N_22_39,N_22_38,8.934383102059074,4.96,4.96,4.96,4.96,4.96,4.96,6.16,6.16,6.7,6.7,5.36,5.36,5.36,5.36,5.36,5.36,6.43,6.97,6.97,6.43,5.09,5.09,5.09,5.09
N_22_39,N_24_38,5.742646810951339,5.86,5.86,5.86,5.86,5.86,5.86,8.96,8.96,10.34,10.34,6.89,6.89,6.89,6.89,6.89,6.89,9.65,11.03,11.03,9.65,6.2,6.2,6.2,6.2
N_22_4,N_20_3,3.4712765140819677,3.54,3.54,3.54,3.54,3.54,3.54,5.42,5.42,6.25,6.25,4.17,4.17,4.17,4.17,4.17,4.17,5.83,6.66,6.66,5.83,3.75,3.75,3.75,3.75
N_22_4,N_20_5,8.1454176753962,4.52,4.52,4.52,4.52,4.52,4.52,5.62,5.62,6.11,6.11,4.89,4.89,4.89,4.89,4.89,4.89,5.86,6.35,6.35,5.86,4.64,4.64,4.64,4.64
N_22_4,N_24_4,12.15359109669923,6.75,6.75,6.75,6.75,6.75,6.75,8.39,8.39,9.12,9.12,7.29,7.29,7.29,7.29,7.29,7.29,8.75,9.48,9.48,8.75,6.93,6.93,6.93,6.93
N_22_5,N_23_3,5.77963508584083,5.9,5.9,5.9,5.9,5.9,5.9,9.02,9.02,10.4,10.4,6.94,6.94,6.94,6.94,6.94,6.94,9.71,11.1,11.1,9.71,6.24,6.24,6.24,6.24
N_22_5,N_22_6,5.035503515791856,5.14,5.14,5.14,5.14,5.14,5.14,7.86,7.86,9.06,9.06,6.04,6.04,6.04,6.04,6.04,6.04,8.46,9.67,9.67,8.46,5.44,5.44,5.44,5.44
N_22_6,N_20_7,11.919711106563195,6.62,6.62,6.62,6.62,6.62,6.62,8.22,8.22,8.94,8.94,7.15,7.15,7.15,7.15,7.15,7.15,8.58,9.3,9.3,8.58,6.79,6.79,6.79,6.79
N_22_6,N_21_4,3.367437623580085,3.43,3.43,3.43,3.43,3.43,3.43,5.25,5.25,6.06,6.06,4.04,4.04,4.04,4.04,4.04,4.04,5.66,6.47,6.47,5.66,3.64,3.64,3.64,3.64
N_22_6,N_22_5,5.035503515791856,5.14,5.14,5.14,5.14,5.14,5.14,7.86,7.86,9.06,9.06,6.04,6.04,6.04,6.04,6.04,6.04,8.46,9.67,9.67,8.46,5.44,5.44,5.44,5.44
N_22_7,N_21_6,4.380342574896078,4.47,4.47,4.47,4.47,4.47,4.47,6.83,6.83,7.88,7.88,5.26,5.26,5.26,5.26,5.26,5.26,7.36,8.41,8.41,7.36,4.73,4.73,4.73,4.73
N_22_7,N_22_8,2.107254762235015,3.46,3.46,3.46,3.46,3.46,3.46,5.73,5.73,6.74,6.74,4.21,4.21,4.21,4.21,4.21,4.21,6.24,7.25,7.25,6.24,3.71,3.71,3.71,3.71
N_22_7,N_22_5,1.4270078935970283,2.34,2.34,2.34,2.34,2.34,2.34,3.88,3.88,4.57,4.57,2.85,2.85,2.85,2.85,2.85,2.85,4.22,4.91,4.91,4.22,2.51,2.51,2.51,2.51
N_22_7,N_22_9,6.4502976037138575,6.58,6.58,6.58,6.58,6.58,6.58,10.06,10.06,11.61,11.61,7.74,7.74,7.74,7.74,7.74,7.74,10.84,12.38,12.38,10.84,6.97,6.97,6.97,6.97
N_22_8,N_20_8,5.698670485754641,5.81,5.81,5.81,5.81,5.81,5.81,8.89,8.89,10.26,10.26,6.84,6.84,6.84,6.84,6.84,6.84,9.57,10.94,10.94,9.57,6.15,6.15,6.15,6.15
N_22_8,N_22_7,2.107254762235015,3.46,3.46,3.46,3.46,3.46,3.46,5.73,5.73,6.74,6.74,4.21,4.21,4.21,4.21,4.21,4.21,6.24,7.25,7.25,6.24,3.71,3.71,3.71,3.71
N_22_8,N_22_6,2.314613792333832,3.8,3.8,3.8,3.8,3.8,3.8,6.3,6.3,7.41,7.41,4.63,4.63,4.63,4.63,4.63,4.63,6.85,7.96,7.96,6.85,4.07,4.07,4.07,4.07
N_22_8,N_20_9,6.083439767635618,6.21,6.21,6.21,6.21,6.21,6.21,9.49,9.49,10.95,10.95,7.3,7.3,7.3,7.3,7.3,7.3,10.22,11.68,11.68,10.22,6.57,6.57,6.57,6.57
N_22_9,N_22_7,6.4502976037138575,6.58,6.58,6.58,6.58,6.58,6.58,10.06,10.06,11.61,11.61,7.74,7.74,7.74,7.74,7.74,7.74,10.84,12.38,12.38,10.84,6.97,6.97,6.97,6.97
N_22_9,N_24_9,5.155169010066691,5.26,5.26,5.26,5.26,5.26,5.26,8.04,8.04,9.28,9.28,6.19,6.19,6.19,6.19,6.19,6.19,8.66,9.9,9.9,8.66,5.57,5.57,5.57,5.57
N_22_9,N_24_8,10.328237847428056,5.73,5.73,5.73,5.73,5.73,5.73,7.13,7.13,7.75,7.75,6.2,6.2,6.2,6.2,6.2,6.2,7.44,8.06,8.06,7.44,5.89,5.89,5.89,5.89
N_22_9,N_21_9,6.167353125297977,6.29,6.29,6.29,6.29,6.29,6.29,9.62,9.62,11.1,11.1,7.4,7.4,7.4,7.4,7.4,7.4,10.36,11.84,11.84,10.36,6.66,6.66,6.66,6.66
N_22_9,N_23_9,2.358096815102444,3.87,3.87,3.87,3.87,3.87,3.87,6.41,6.41,7.55,7.55,4.72,4.72,4.72,4.72,4.72,4.72,6.98,8.11,8.11,6.98,4.15,4.15,4.15,4.15
N_23_0,N_24_2,2.2043294465349685,3.62,3.62,3.62,3.62,3.62,3.62,6.0,6.0,7.05,7.05,4.41,4.41,4.41,4.41,4.41,4.41,6.52,7.58,7.58,6.52,3.88,3.88,3.88,3.88
N_23_0,N_22_1,5.318254895631728,5.42,5.42,5.42,5.42,5.42,5.42,8.3,8.3,9.57,9.57,6.38,6.38,6.38,6.38,6.38,6.38,8.93,10.21,10.21,8.93,5.74,5.74,5.74,5.74
N_23_0,N_21_0,9.604545915751226,5.33,5.33,5.33,5.33,5.33,5.33,6.63,6.63,7.2,7.2,5.76,5.76,5.76,5.76,5.76,5.76,6.92,7.49,7.49,6.92,5.47,5.47,5.47,5.47
N_23_1,N_21_0,10.458404793586226,5.8,5.8,5.8,5.8,5.8,5.8,7.22,7.22,7.84,7.84,6.28,6.28,6.28,6.28,6.28,6.28,7.53,8.16,8.16,7.53,5.96,5.96,5.96,5.96
N_23_1,N_24_3,5.65325677547442,5.77,5.77,5.77,5.77,5.77,5.77,8.82,8.82,10.18,10.18,6.78,6.78,6.78,6.78,6.78,6.78,9.5,10.85,10.85,9.5,6.11,6.11,6.11,6.11
N_23_1,N_24_2,5.136360039153354,5.24,5.24,5.24,5.24,5.24,5.24,8.01,8.01,9.25,9.25,6.16,6.16,6.16,6.16,6.16,6.16,8.63,9.86,9.86,8.63,5.55,5.55,5.55,5.55
N_23_1,N_24_1,6.420935518587632,6.55,6.55,6.55,6.55,6.55,6.55,10.02,10.02,11.56,11.56,7.71,7.71,7.71,7.71,7.71,7.71,10.79,12.33,12.33,10.79,6.93,6.93,6.93,6.93
N_23_1,N_24_0,5.902884910362583,6.02,6.02,6.02,6.02,6.02,6.02,9.21,9.21,10.63,10.63,7.08,7.08,7.08,7.08,7.08,7.08,9.92,11.33,11.33,9.92,6.38,6.38,6.38,6.38
N_23_10,N_21_10,9.086768343906055,5.04,5.04,5.04,5.04,5.04,5.04,6.27,6.27,6.82,6.82,5.45,5.45,5.45,5.45,5.45,5.45,6.54,7.09,7.09,6.54,5.18,5.18,5.18,5.18
N_23_10,N_24_11,4.662302588279887,4.76,4.76,4.76,4.76,4.76,4.76,7.27,7.27,8.39,8.39,5.59,5.59,5.59,5.59,5.59,5.59,7.83,8.95,8.95,7.83,5.04,5.04,5.04,5.04
N_23_10,N_22_10,9.147351097539122,5.08,5.08,5.08,5.08,5.08,5.08,6.31,6.31,6.86,6.86,5.49,5.49,5.49,5.49,5.49,5.49,6.59,7.13,7.13,6.59,5.21,5.21,5.21,5.21
N_23_10,N_23_8,1.1189848482293647,1.84,1.84,1.84,1.84,1.84,1.84,3.04,3.04,3.58,3.58,2.24,2.24,2.24,2.24,2.24,2.24,3.31,3.85,3.85,3.31,1.97,1.97,1.97,1.97
N_23_10,N_24_8,3.2743590794868993,3.34,3.34,3.34,3.34,3.34,3.34,5.11,5.11,5.89,5.89,3.93,3.93,3.93,3.93,3.93,3.93,5.5,6.29,6.29,5.5,3.54,3.54,3.54,3.54
N_23_11,N_22_10,4.282844952797739,4.37,4.37,4.37,4.37,4.37,4.37,6.68,6.68,7.71,7.71,5.14,5.14,5.14,5.14,5.14,5.14,7.2,8.22,8.22,7.2,4.63,4.63,4.63,4.63
N_23_11,N_24_11,5.4574640178173945,5.57,5.57,5.57,5.57,5.57,5.57,8.51,8.51,9.82,9.82,6.55,6.55,6.55,6.55,6.55,6.55,9.17,10.48,10.48,9.17,5.89,5.89,5.89,5.89
N_23_11,N_22_11,3.368120412625079,3.44,3.44,3.44,3.44,3.44,3.44,5.25,5.25,6.06,6.06,4.04,4.04,4.04,4.04,4.04,4.04,5.66,6.47,6.47,5.66,3.64,3.64,3.64,3.64
N_23_11,N_24_9,1.5906089089056956,2.61,2.61,2.61,2.61,2.61,2.61,4.33,4.33,5.09,5.09,3.18,3.18,3.18,3.18,3.18,3.18,4.71,5.47,5.47,4.71,2.8,2.8,2.8,2.8
N_23_11,N_23_10,14.397159079778147,7.99,7.99,7.99,7.99,7.99,7.99,9.93,9.93,10.8,10.8,8.64,8.64,8.64,8.64,8.64,8.64,10.37,11.23,11.23,10.37,8.21,8.21,8.21,8.21
N_23_11,N_21_12,3.3456968066729003,3.41,3.41,3.41,3.41,3.41,3.41,5.22,5.22,6.02,6.02,4.01,4.01,4.01,4.01,4.01,4.01,5.62,6.42,6.42,5.62,3.61,3.61,3.61,3.61
N_23_12,N_22_11,9.331005806829971,5.18,5.18,5.18,5.18,5.18,5.18,6.44,6.44,7.0,7.0,5.6,5.6,5.6,5.6,5.6,5.6,6.72,7.28,7.28,6.72,5.32,5.32,5.32,5.32
N_23_12,N_23_14,5.99093737296327,6.11,6.11,6.11,6.11,6.11,6.11,9.35,9.35,10.78,10.78,7.19,7.19,7.19,7.19,7.19,7.19,10.06,11.5,11.5,10.06,6.47,6.47,6.47,6.47
N_23_12,N_23_13,0.9535023992435807,1.56,1.56,1.56,1.56,1.56,1.56,2.59,2.59,3.05,3.05,1.91,1.91,1.91,1.91,1.91,1.91,2.82,3.28,3.28,2.82,1.68,1.68,1.68,1.68
N_23_12,N_21_12,1.4887503468611503,2.44,2.44,2.44,2.44,2.44,2.44,4.05,4.05,4.76,4.76,2.98,2.98,2.98,2.98,2.98,2.98,4.41,5.12,5.12,4.41,2.62,2.62,2.62,2.62
N_23_13,N_21_12,3.1918241242853442,3.26,3.26,3.26,3.26,3.26,3.26,4.98,4.98,5.75,5.75,3.83,3.83,3.83,3.83,3.83,3.83,5.36,6.13,6.13,5.36,3.45,3.45,3.45,3.45
N_23_13,N_22_14,4.499663746608746,4.59,4.59,4.59,4.59,4.59,4.59,7.02,7.02,8.1,8.1,5.4,5.4,5.4,5.4,5.4,5.4,7.56,8.64,8.64,7.56,4.86,4.86,4.86,4.86
N_23_14,N_22_12,1.5879934734400871,2.6,2.6,2.6,2.6,2.6,2.6,4.32,4.32,5.08,5.08,3.18,3.18,3.18,3.18,3.18,3.18,4.7,5.46,5.46,4.7,2.79,2.79,2.79,2.79
N_23_14,N_23_12,5.99093737296327,6.11,6.11,6.11,6.11,6.11,6.11,9.35,9.35,10.78,10.78,7.19,7.19,7.19,7.19,7.19,7.19,10.06,11.5,11.5,10.06,6.47,6.47,6.47,6.47
N_23_14,N_22_14,5.552321175249425,5.66,5.66,5.66,5.66,5.66,5.66,8.66,8.66,9.99,9.99,6.66,6.66,6.66,6.66,6.66,6.66,9.33,10.66,10.66,9.33,6.0,6.0,6.0,6.0
N_23_14,N_22_15,4.702562430305818,4.8,4.8,4.8,4.8,4.8,4.8,7.34,7.34,8.46,8.46,5.64,5.64,5.64,5.64,5.64,5.64,7.9,9.03,9.03,7.9,5.08,5.08,5.08,5.08
N_23_15,N_21_14,9.72321214044352,5.4,5.4,5.4,5.4,5.4,5.4,6.71,6.71,7.29,7.29,5.83,5.83,5.83,5.83,5.83,5.83,7.0,7.58,7.58,7.0,5.54,5.54,5.54,5.54
N_23_15,N_24_15,4.199280542340007,4.28,4.28,4.28,4.28,4.28,4.28,6.55,6.55,7.56,7.56,5.04,5.04,5.04,5.04,5.04,5.04,7.05,8.06,8.06,7.05,4.54,4.54,4.54,4.54
N_23_15,N_23_14,1.1555076865073464,1.9,1.9,1.9,1.9,1.9,1.9,3.14,3.14,3.7,3.7,2.31,2.31,2.31,2.31,2.31,2.31,3.42,3.97,3.97,3.42,2.03,2.03,2.03,2.03
N_23_16,N_22_14,4.405987829895029,4.49,4.49,4.49,4.49,4.49,4.49,6.87,6.87,7.93,7.93,5.29,5.29,5.29,5.29,5.29,5.29,7.4,8.46,8.46,7.4,4.76,4.76,4.76,4.76
N_23_16,N_22_16,5.700970762396899,5.81,5.81,5.81,5.81,5.81,5.81,8.89,8.89,10.26,10.26,6.84,6.84,6.84,6.84,6.84,6.84,9.58,10.95,10.95,9.58,6.16,6.16,6.16,6.16
N_23_16,N_22_15,13.89027034733028,7.71,7.71,7.71,7.71,7.71,7.71,9.58,9.58,10.42,10.42,8.33,8.33,8.33,8.33,8.33,8.33,10.0,10.83,10.83,10.0,7.92,7.92,7.92,7.92
N_23_16,N_24_16,6.437010320414994,6.57,6.57,6.57,6.57,6.57,6.57,10.04,10.04,11.59,11.59,7.72,7.72,7.72,7.72,7.72,7.72,10.81,12.36,12.36,10.81,6.95,6.95,6.95,6.95
N_23_16,N_22_17,5.309447523066414,5.42,5.42,5.42,5.42,5.42,5.42,8.28,8.28,9.56,9.56,6.37,6.37,6.37,6.37,6.37,6.37,8.92,10.19,10.19,8.92,5.73,5.73,5.73,5.73
N_23_16,N_23_15,11.866567221323386,6.59,6.59,6.59,6.59,6.59,6.59,8.19,8.19,8.9,8.9,7.12,7.12,7.12,7.12,7.12,7.12,8.54,9.26,9.26,8.54,6.76,6.76,6.76,6.76
N_23_17,N_21_18,13.666504044293593,7.58,7.58,7.58,7.58,7.58,7.58,9.43,9.43,10.25,10.25,8.2,8.2,8.2,8.2,8.2,8.2,9.84,10.66,10.66,9.84,7.79,7.79,7.79,7.79
N_23_17,N_23_16,9.111648627638644,5.06,5.06,5.06,5.06,5.06,5.06,6.29,6.29,6.83,6.83,5.47,5.47,5.47,5.47,5.47,5.47,6.56,7.11,7.11,6.56,5.19,5.19,5.19,5.19
N_23_17,N_22_16,0.9951515358985792,1.63,1.63,1.63,1.63,1.63,1.63,2.71,2.71,3.18,3.18,1.99,1.99,1.99,1.99,1.99,1.99,2.95,3.42,3.42,2.95,1.75,1.75,1.75,1.75
N_23_17,N_24_16,14.427142031364937,8.01,8.01,8.01,8.01,8.01,8.01,9.95,9.95,10.82,10.82,8.66,8.66,8.66,8.66,8.66,8.66,10.39,11.25,11.25,10.39,8.22,8.22,8.22,8.22
N_23_17,N_24_15,13.685737506433714,7.6,7.6,7.6,7.6,7.6,7.6,9.44,9.44,10.26,10.26,8.21,8.21,8.21,8.21,8.21,8.21,9.85,10.67,10.67,9.85,7.8,7.8,7.8,7.8
N_23_17,N_23_19,3.5066456845214837,3.58,3.58,3.58,3.58,3.58,3.58,5.47,5.47,6.31,6.31,4.21,4.21,4.21,4.21,4.21,4.21,5.89,6.73,6.73,5.89,3.79,3.79,3.79,3.79
N_23_18,N_22_19,11.71363509492578,6.5,6.5,6.5,6.5,6.5,6.5,8.08,8.08,8.79,8.79,7.03,7.03,7.03,7.03,7.03,7.03,8.43,9.14,9.14,8.43,6.68,6.68,6.68,6.68
N_23_18,N_24_20,11.694468021757483,6.49,6.49,6.49,6.49,6.49,6.49,8.07,8.07,8.77,8.77,7.02,7.02,7.02,7.02,7.02,7.02,8.42,9.12,9.12,8.42,6.67,6.67,6.67,6.67
N_23_18,N_24_19,5.363080513821334,5.47,5.47,5.47,5.47,5.47,5.47,8.37,8.37,9.65,9.65,6.44,6.44,6.44,6.44,6.44,6.44,9.01,10.3,10.3,9.01,5.79,5.79,5.79,5.79
N_23_18,N_24_17,9.743214736243292,5.41,5.41,5.41,5.41,5.41,5.41,6.72,6.72,7.31,7.31,5.85,5.85,5.85,5.85,5.85,5.85,7.02,7.6,7.6,7.02,5.55,5.55,5.55,5.55
N_23_18,N_22_18,10.941569289453291,6.07,6.07,6.07,6.07,6.07,6.07,7.55,7.55,8.21,8.21,6.56,6.56,6.56,6.56,6.56,6.56,7.88,8.53,8.53,7.88,6.24,6.24,6.24,6.24
N_23_18,N_23_20,6.9112633798900465,7.05,7.05,7.05,7.05,7.05,7.05,10.78,10.78,12.44,12.44,8.29,8.29,8.29,8.29,8.29,8.29,11.61,13.27,13.27,11.61,7.46,7.46,7.46,7.46
N_23_19,N_21_18,3.1012386939328107,3.16,3.16,3.16,3.16,3.16,3.16,4.84,4.84,5.58,5.58,3.72,3.72,3.72,3.72,3.72,3.72,5.21,5.95,5.95,5.21,3.35,3.35,3.35,3.35
N_23_19,N_22_18,11.900970912831532,6.61,6.61,6.61,6.61,6.61,6.61,8.21,8.21,8.93,8.93,7.14,7.14,7.14,7.14,7.14,7.14,8.57,9.28,9.28,8.57,6.78,6.78,6.78,6.78
N_23_2,N_23_3,9.010685898579007,5.0,5.0,5.0,5.0,5.0,5.0,6.22,6.22,6.76,6.76,5.41,5.41,5.41,5.41,5.41,5.41,6.49,7.03,7.03,6.49,5.14,5.14,5.14,5.14
N_23_2,N_21_3,6.475204568170215,6.6,6.6,6.6,6.6,6.6,6.6,10.1,10.1,11.66,11.66,7.77,7.77,7.77,7.77,7.77,7.77,10.88,12.43,12.43,10.88,6.99,6.99,6.99,6.99
N_23_2,N_24_4,5.638080910410462,5.75,5.75,5.75,5.75,5.75,5.75,8.8,8.8,10.15,10.15,6.77,6.77,6.77,6.77,6.77,6.77,9.47,10.83,10.83,9.47,6.09,6.09,6.09,6.09
N_23_2,N_24_2,3.806195761494524,3.88,3.88,3.88,3.88,3.88,3.88,5.94,5.94,6.85,6.85,4.57,4.57,4.57,4.57,4.57,4.57,6.39,7.31,7.31,6.39,4.11,4.11,4.11,4.11
N_23_2,N_22_1,10.472247327238357,5.81,5.81,5.81,5.81,5.81,5.81,7.23,7.23,7.85,7.85,6.28,6.28,6.28,6.28,6.28,6.28,7.54,8.17,8.17,7.54,5.97,5.97,5.97,5.97
N_23_20,N_23_18,6.9112633798900465,7.05,7.05,7.05,7.05,7.05,7.05,10.78,10.78,12.44,12.44,8.29,8.29,8.29,8.29,8.29,8.29,11.61,13.27,13.27,11.61,7.46,7.46,7.46,7.46
N_23_20,N_24_21,8.772915401824907,4.87,4.87,4.87,4.87,4.87,4.87,6.05,6.05,6.58,6.58,5.26,5.26,5.26,5.26,5.26,5.26,6.32,6.84,6.84,6.32,5.0,5.0,5.0,5.0
N_23_20,N_24_18,9.239420547955229,5.13,5.13,5.13,5.13,5.13,5.13,6.38,6.38,6.93,6.93,5.54,5.54,5.54,5.54,5.54,5.54,6.65,7.21,7.21,6.65,5.27,5.27,5.27,5.27
N_23_20,N_24_22,6.050533340263138,6.17,6.17,6.17,6.17,6.17,6.17,9.44,9.44,10.89,10.89,7.26,7.26,7.26,7.26,7.26,7.26,10.16,11.62,11.62,10.16,6.53,6.53,6.53,6.53
N_23_21,N_21_21,1.4211630781508875,2.33,2.33,2.33,2.33,2.33,2.33,3.87,3.87,4.55,4.55,2.84,2.84,2.84,2.84,2.84,2.84,4.21,4.89,4.89,4.21,2.5,2.5,2.5,2.5
N_23_21,N_21_22,5.564952564295425,5.68,5.68,5.68,5.68,5.68,5.68,8.68,8.68,10.02,10.02,6.68,6.68,6.68,6.68,6.68,6.68,9.35,10.68,10.68,9.35,6.01,6.01,6.01,6.01
N_23_21,N_22_23,9.64094677207278,5.35,5.35,5.35,5.35,5.35,5.35,6.65,6.65,7.23,7.23,5.78,5.78,5.78,5.78,5.78,5.78,6.94,7.52,7.52,6.94,5.5,5.5,5.5,5.5
N_23_21,N_21_20,14.639607413576735,8.12,8.12,8.12,8.12,8.12,8.12,10.1,10.1,10.98,10.98,8.78,8.78,8.78,8.78,8.78,8.78,10.54,11.42,11.42,10.54,8.34,8.34,8.34,8.34
N_23_22,N_22_23,1.41815844979001,2.33,2.33,2.33,2.33,2.33,2.33,3.86,3.86,4.54,4.54,2.84,2.84,2.84,2.84,2.84,2.84,4.2,4.88,4.88,4.2,2.5,2.5,2.5,2.5
N_23_22,N_22_21,9.97969334397235,5.54,5.54,5.54,5.54,5.54,5.54,6.89,6.89,7.48,7.48,5.99,5.99,5.99,5.99,5.99,5.99,7.19,7.78,7.78,7.19,5.69,5.69,5.69,5.69
N_23_22,N_24_22,5.6737877110055575,5.79,5.79,5.79,5.79,5.79,5.79,8.85,8.85,10.21,10.21,6.81,6.81,6.81,6.81,6.81,6.81,9.53,10.89,10.89,9.53,6.13,6.13,6.13,6.13
N_23_22,N_24_24,6.195978609455546,6.32,6.32,6.32,6.32,6.32,6.32,9.67,9.67,11.15,11.15,7.44,7.44,7.44,7.44,7.44,7.44,10.41,11.9,11.9,10.41,6.69,6.69,6.69,6.69
N_23_23,N_21_22,6.559698616168479,6.69,6.69,6.69,6.69,6.69,6.69,10.23,10.23,11.81,11.81,7.87,7.87,7.87,7.87,7.87,7.87,11.02,12.59,12.59,11.02,7.08,7.08,7.08,7.08
N_23_23,N_22_24,4.699394710396758,4.79,4.79,4.79,4.79,4.79,4.79,7.33,7.33,8.46,8.46,5.64,5.64,5.64,5.64,5.64,5.64,7.89,9.02,9.02,7.89,5.08,5.08,5.08,5.08
N_23_23,N_24_21,9.396266970052787,5.21,5.21,5.21,5.21,5.21,5.21,6.48,6.48,7.05,7.05,5.64,5.64,5.64,5.64,5.64,5.64,6.77,7.33,7.33,6.77,5.36,5.36,5.36,5.36
N_23_23,N_21_23,1.7031446630539844,2.79,2.79,2.79,2.79,2.79,2.79,4.63,4.63,5.45,5.45,3.41,3.41,3.41,3.41,3.41,3.41,5.04,5.86,5.86,5.04,3.0,3.0,3.0,3.0
N_23_24,N_21_25,2.420828799440024,3.97,3.97,3.97,3.97,3.97,3.97,6.58,6.58,7.75,7.75,4.84,4.84,4.84,4.84,4.84,4.84,7.17,8.33,8.33,7.17,4.26,4.26,4.26,4.26
N_23_24,N_24_24,5.249741107715111,5.35,5.35,5.35,5.35,5.35,5.35,8.19,8.19,9.45,9.45,6.3,6.3,6.3,6.3,6.3,6.3,8.82,10.08,10.08,8.82,5.67,5.67,5.67,5.67
N_23_24,N_24_25,14.065860892140396,7.81,7.81,7.81,7.81,7.81,7.81,9.71,9.71,10.55,10.55,8.44,8.44,8.44,8.44,8.44,8.44,10.13,10.97,10.97,10.13,8.02,8.02,8.02,8.02
N_23_25,N_22_25,6.7114061579887805,6.85,6.85,6.85,6.85,6.85,6.85,10.47,10.47,12.08,12.08,8.05,8.05,8.05,8.05,8.05,8.05,11.28,12.89,12.89,11.28,7.25,7.25,7.25,7.25
N_23_25,N_22_23,9.962876234212029,5.53,5.53,5.53,5.53,5.53,5.53,6.87,6.87,7.47,7.47,5.98,5.98,5.98,5.98,5.98,5.98,7.17,7.77,7.77,7.17,5.68,5.68,5.68,5.68
N_23_25,N_23_26,3.836337747975676,3.91,3.91,3.91,3.91,3.91,3.91,5.98,5.98,6.91,6.91,4.6,4.6,4.6,4.6,4.6,4.6,6.45,7.37,7.37,6.45,4.14,4.14,4.14,4.14
N_23_25,N_23_24,8.831453708220803,4.9,4.9,4.9,4.9,4.9,4.9,6.09,6.09,6.62,6.62,5.3,5.3,5.3,5.3,5.3,5.3,6.36,6.89,6.89,6.36,5.03,5.03,5.03,5.03
N_23_25,N_23_27,5.147564344001345,5.25,5.25,5.25,5.25,5.25,5.25,8.03,8.03,9.27,9.27,6.18,6.18,6.18,6.18,6.18,6.18,8.65,9.88,9.88,8.65,5.56,5.56,5.56,5.56
N_23_26,N_22_24,9.267733096036435,5.14,5.14,5.14,5.14,5.14,5.14,6.39,6.39,6.95,6.95,5.56,5.56,5.56,5.56,5.56,5.56,6.67,7.23,7.23,6.67,5.28,5.28,5.28,5.28
N_23_26,N_22_28,10.034751693078638,5.57,5.57,5.57,5.57,5.57,5.57,6.92,6.92,7.53,7.53,6.02,6.02,6.02,6.02,6.02,6.02,7.23,7.83,7.83,7.23,5.72,5.72,5.72,5.72
N_23_27,N_22_25,8.160678460269954,4.53,4.53,4.53,4.53,4.53,4.53,5.63,5.63,6.12,6.12,4.9,4.9,4.9,4.9,4.9,4.9,5.88,6.37,6.37,5.88,4.65,4.65,4.65,4.65
N_23_27,N_22_29,12.867189562840522,7.14,7.14,7.14,7.14,7.14,7.14,8.88,8.88,9.65,9.65,7.72,7.72,7.72,7.72,7.72,7.72,9.26,10.04,10.04,9.26,7.33,7.33,7.33,7.33
N_23_27,N_23_25,5.147564344001345,5.25,5.25,5.25,5.25,5.25,5.25,8.03,8.03,9.27,9.27,6.18,6.18,6.18,6.18,6.18,6.18,8.65,9.88,9.88,8.65,5.56,5.56,5.56,5.56
N_23_27,N_21_27,13.7561981759867,7.63,7.63,7.63,7.63,7.63,7.63,9.49,9.49,10.32,10.32,8.25,8.25,8.25,8.25,8.25,8.25,9.9,10.73,10.73,9.9,7.84,7.84,7.84,7.84
N_23_27,N_22_27,9.25574095078552,5.14,5.14,5.14,5.14,5.14,5.14,6.39,6.39,6.94,6.94,5.55,5.55,5.55,5.55,5.55,5.55,6.66,7.22,7.22,6.66,5.28,5.28,5.28,5.28
N_23_28,N_22_27,1.1845774698567393,1.94,1.94,1.94,1.94,1.94,1.94,3.22,3.22,3.79,3.79,2.37,2.37,2.37,2.37,2.37,2.37,3.51,4.07,4.07,3.51,2.08,2.08,2.08,2.08
N_23_28,N_22_29,14.524070656195413,8.06,8.06,8.06,8.06,8.06,8.06,10.02,10.02,10.89,10.89,8.71,8.71,8.71,8.71,8.71,8.71,10.46,11.33,11.33,10.46,8.28,8.28,8.28,8.28
N_23_28,N_24_27,1.3636450492431145,2.24,2.24,2.24,2.24,2.24,2.24,3.71,3.71,4.36,4.36,2.73,2.73,2.73,2.73,2.73,2.73,4.04,4.69,4.69,4.04,2.4,2.4,2.4,2.4
N_23_29,N_22_30,4.7384738394396635,4.83,4.83,4.83,4.83,4.83,4.83,7.39,7.39,8.53,8.53,5.69,5.69,5.69,5.69,5.69,5.69,7.96,9.1,9.1,7.96,5.12,5.12,5.12,5.12
N_23_29,N_24_27,12.995879088653869,7.21,7.21,7.21,7.21,7.21,7.21,8.97,8.97,9.75,9.75,7.8,7.8,7.8,7.8,7.8,7.8,9.36,10.14,10.14,9.36,7.41,7.41,7.41,7.41
N_23_3,N_22_1,4.862806332481631,4.96,4.96,4.96,4.96,4.96,4.96,7.59,7.59,8.75,8.75,5.84,5.84,5.84,5.84,5.84,5.84,8.17,9.34,9.34,8.17,5.25,5.25,5.25,5.25
N_23_3,N_22_2,9.153129031728763,5.08,5.08,5.08,5.08,5.08,5.08,6.32,6.32,6.86,6.86,5.49,5.49,5.49,5.49,5.49,5.49,6.59,7.14,7.14,6.59,5.22,5.22,5.22,5.22
N_23_30,N_21_30,3.507115778351752,3.58,3.58,3.58,3.58,3.58,3.58,5.47,5.47,6.31,6.31,4.21,4.21,4.21,4.21,4.21,4.21,5.89,6.73,6.73,5.89,3.79,3.79,3.79,3.79
N_23_30,N_24_29,5.134171573804695,5.24,5.24,5.24,5.24,5.24,5.24,8.01,8.01,9.24,9.24,6.16,6.16,6.16,6.16,6.16,6.16,8.63,9.86,9.86,8.63,5.54,5.54,5.54,5.54
N_23_30,N_22_32,4.578428206125885,4.67,4.67,4.67,4.67,4.67,4.67,7.14,7.14,8.24,8.24,5.49,5.49,5.49,5.49,5.49,5.49,7.69,8.79,8.79,7.69,4.94,4.94,4.94,4.94
N_23_30,N_21_29,6.266817394948546,6.39,6.39,6.39,6.39,6.39,6.39,9.78,9.78,11.28,11.28,7.52,7.52,7.52,7.52,7.52,7.52,10.53,12.03,12.03,10.53,6.77,6.77,6.77,6.77
N_23_30,N_21_31,14.130593587626539,7.84,7.84,7.84,7.84,7.84,7.84,9.75,9.75,10.6,10.6,8.48,8.48,8.48,8.48,8.48,8.48,10.17,11.02,11.02,10.17,8.05,8.05,8.05,8.05
N_23_30,N_22_30,8.355307203225134,4.64,4.64,4.64,4.64,4.64,4.64,5.77,5.77,6.27,6.27,5.01,5.01,5.01,5.01,5.01,5.01,6.02,6.52,6.52,6.02,4.76,4.76,4.76,4.76
N_23_31,N_23_32,6.4009800505012695,6.53,6.53,6.53,6.53,6.53,6.53,9.99,9.99,11.52,11.52,7.68,7.68,7.68,7.68,7.68,7.68,10.75,12.29,12.29,10.75,6.91,6.91,6.91,6.91
N_23_31,N_24_32,0.9410156413730311,1.54,1.54,1.54,1.54,1.54,1.54,2.56,2.56,3.01,3.01,1.88,1.88,1.88,1.88,1.88,1.88,2.79,3.24,3.24,2.79,1.66,1.66,1.66,1.66
N_23_32,N_22_33,2.237258074390509,3.67,3.67,3.67,3.67,3.67,3.67,6.09,6.09,7.16,7.16,4.47,4.47,4.47,4.47,4.47,4.47,6.62,7.7,7.7,6.62,3.94,3.94,3.94,3.94
N_23_32,N_23_31,6.4009800505012695,6.53,6.53,6.53,6.53,6.53,6.53,9.99,9.99,11.52,11.52,7.68,7.68,7.68,7.68,7.68,7.68,10.75,12.29,12.29,10.75,6.91,6.91,6.91,6.91
N_23_33,N_21_32,10.470264754206886,5.81,5.81,5.81,5.81,5.81,5.81,7.22,7.22,7.85,7.85,6.28,6.28,6.28,6.28,6.28,6.28,7.54,8.17,8.17,7.54,5.97,5.97,5.97,5.97
N_23_33,N_21_34,6.789323563921364,6.93,6.93,6.93,6.93,6.93,6.93,10.59,10.59,12.22,12.22,8.15,8.15,8.15,8.15,8.15,8.15,11.41,13.04,13.04,11.41,7.33,7.33,7.33,7.33
N_23_34,N_24_32,4.043216263034179,4.12,4.12,4.12,4.12,4.12,4.12,6.31,6.31,7.28,7.28,4.85,4.85,4.85,4.85,4.85,4.85,6.79,7.76,7.76,6.79,4.37,4.37,4.37,4.37
N_23_34,N_24_34,1.7006965826175147,2.79,2.79,2.79,2.79,2.79,2.79,4.63,4.63,5.44,5.44,3.4,3.4,3.4,3.4,3.4,3.4,5.03,5.85,5.85,5.03,2.99,2.99,2.99,2.99
N_23_34,N_24_35,4.964556709594195,5.06,5.06,5.06,5.06,5.06,5.06,7.74,7.74,8.94,8.94,5.96,5.96,5.96,5.96,5.96,5.96,8.34,9.53,9.53,8.34,5.36,5.36,5.36,5.36
N_23_35,N_22_37,14.563158151452695,8.08,8.08,8.08,8.08,8.08,8.08,10.05,10.05,10.92,10.92,8.74,8.74,8.74,8.74,8.74,8.74,10.49,11.36,11.36,10.49,8.3,8.3,8.3,8.3
N_23_35,N_23_36,8.341972008493311,4.63,4.63,4.63,4.63,4.63,4.63,5.76,5.76,6.26,6.26,5.01,5.01,5.01,5.01,5.01,5.01,6.01,6.51,6.51,6.01,4.75,4.75,4.75,4.75
N_23_35,N_22_34,1.2557914755545878,2.06,2.06,2.06,2.06,2.06,2.06,3.42,3.42,4.02,4.02,2.51,2.51,2.51,2.51,2.51,2.51,3.72,4.32,4.32,3.72,2.21,2.21,2.21,2.21
N_23_35,N_24_37,13.067294587278626,7.25,7.25,7.25,7.25,7.25,7.25,9.02,9.02,9.8,9.8,7.84,7.84,7.84,7.84,7.84,7.84,9.41,10.19,10.19,9.41,7.45,7.45,7.45,7.45
N_23_36,N_21_37,10.727035346940403,5.95,5.95,5.95,5.95,5.95,5.95,7.4,7.4,8.05,8.05,6.44,6.44,6.44,6.44,6.44,6.44,7.72,8.37,8.37,7.72,6.11,6.11,6.11,6.11
N_23_36,N_23_35,8.341972008493311,4.63,4.63,4.63,4.63,4.63,4.63,5.76,5.76,6.26,6.26,5.01,5.01,5.01,5.01,5.01,5.01,6.01,6.51,6.51,6.01,4.75,4.75,4.75,4.75
N_23_37,N_21_38,3.0679774514545937,3.13,3.13,3.13,3.13,3.13,3.13,4.79,4.79,5.52,5.52,3.68,3.68,3.68,3.68,3.68,3.68,5.15,5.89,5.89,5.15,3.31,3.31,3.31,3.31
N_23_37,N_23_36,6.754388089661489,6.89,6.89,6.89,6.89,6.89,6.89,10.54,10.54,12.16,12.16,8.11,8.11,8.11,8.11,8.11,8.11,11.35,12.97,12.97,11.35,7.29,7.29,7.29,7.29
N_23_37,N_21_37,8.451601627655196,4.69,4.69,4.69,4.69,4.69,4.69,5.83,5.83,6.34,6.34,5.07,5.07,5.07,5.07,5.07,5.07,6.09,6.59,6.59,6.09,4.82,4.82,4.82,4.82
N_23_38,N_21_37,4.894987739520836,4.99,4.99,4.99,4.99,4.99,4.99,7.64,7.64,8.81,8.81,5.87,5.87,5.87,5.87,5.87,5.87,8.22,9.4,9.4,8.22,5.29,5.29,5.29,5.29
N_23_38,N_22_38,6.723599143296937,6.86,6.86,6.86,6.86,6.86,6.86,10.49,10.49,12.1,12.1,8.07,8.07,8.07,8.07,8.07,8.07,11.3,12.91,12.91,11.3,7.26,7.26,7.26,7.26
N_23_38,N_23_37,6.055411284794927,6.18,6.18,6.18,6.18,6.18,6.18,9.45,9.45,10.9,10.9,7.27,7.27,7.27,7.27,7.27,7.27,10.17,11.63,11.63,10.17,6.54,6.54,6.54,6.54
N_23_39,N_22_37,0.8080918850633934,1.33,1.33,1.33,1.33,1.33,1.33,2.2,2.2,2.59,2.59,1.62,1.62,1.62,1.62,1.62,1.62,2.39,2.78,2.78,2.39,1.42,1.42,1.42,1.42
N_23_39,N_23_38,4.180604449689079,4.26,4.26,4.26,4.26,4.26,4.26,6.52,6.52,7.53,7.53,5.02,5.02,5.02,5.02,5.02,5.02,7.02,8.03,8.03,7.02,4.52,4.52,4.52,4.52
N_23_39,N_23_37,5.677980711072056,5.79,5.79,5.79,5.79,5.79,5.79,8.86,8.86,10.22,10.22,6.81,6.81,6.81,6.81,6.81,6.81,9.54,10.9,10.9,9.54,6.13,6.13,6.13,6.13
N_23_39,N_24_38,3.6343714601012875,3.71,3.71,3.71,3.71,3.71,3.71,5.67,5.67,6.54,6.54,4.36,4.36,4.36,4.36,4.36,4.36,6.11,6.98,6.98,6.11,3.93,3.93,3.93,3.93
N_23_39,N_24_37,5.867964480236482,5.99,5.99,5.99,5.99,5.99,5.99,9.15,9.15,10.56,10.56,7.04,7.04,7.04,7.04,7.04,7.04,9.86,11.27,11.27,9.86,6.34,6.34,6.34,6.34
N_23_39,N_22_39,10.167095241885002,5.64,5.64,5.64,5.64,5.64,5.64,7.02,7.02,7.63,7.63,6.1,6.1,6.1,6.1,6.1,6.1,7.32,7.93,7.93,7.32,5.8,5.8,5.8,5.8
N_23_4,N_21_3,1.3850326565642332,2.27,2.27,2.27,2.27,2.27,2.27,3.77,3.77,4.43,4.43,2.77,2.77,2.77,2.77,2.77,2.77,4.1,4.76,4.76,4.1,2.44,2.44,2.44,2.44
N_23_4,N_23_5,5.884496500365463,6.0,6.0,6.0,6.0,6.0,6.0,9.18,9.18,10.59,10.59,7.06,7.06,7.06,7.06,7.06,7.06,9.89,11.3,11.3,9.89,6.36,6.36,6.36,6.36
N_23_4,N_22_6,3.7478212503741113,3.82,3.82,3.82,3.82,3.82,3.82,5.85,5.85,6.75,6.75,4.5,4.5,4.5,4.5,4.5,4.5,6.3,7.2,7.2,6.3,4.05,4.05,4.05,4.05
N_23_4,N_22_2,1.9584925774226203,3.21,3.21,3.21,3.21,3.21,3.21,5.33,5.33,6.27,6.27,3.92,3.92,3.92,3.92,3.92,3.92,5.8,6.74,6.74,5.8,3.45,3.45,3.45,3.45
N_23_5,N_23_4,5.884496500365463,6.0,6.0,6.0,6.0,6.0,6.0,9.18,9.18,10.59,10.59,7.06,7.06,7.06,7.06,7.06,7.06,9.89,11.3,11.3,9.89,6.36,6.36,6.36,6.36
N_23_5,N_24_3,1.0508663852743987,1.72,1.72,1.72,1.72,1.72,1.72,2.86,2.86,3.36,3.36,2.1,2.1,2.1,2.1,2.1,2.1,3.11,3.61,3.61,3.11,1.85,1.85,1.85,1.85
N_23_5,N_21_6,12.270666672455322,6.81,6.81,6.81,6.81,6.81,6.81,8.47,8.47,9.2,9.2,7.36,7.36,7.36,7.36,7.36,7.36,8.83,9.57,9.57,8.83,6.99,6.99,6.99,6.99
N_23_5,N_22_4,4.3597160290938906,4.45,4.45,4.45,4.45,4.45,4.45,6.8,6.8,7.85,7.85,5.23,5.23,5.23,5.23,5.23,5.23,7.32,8.37,8.37,7.32,4.71,4.71,4.71,4.71
N_23_5,N_24_4,6.972504104762238,7.11,7.11,7.11,7.11,7.11,7.11,10.88,10.88,12.55,12.55,8.37,8.37,8.37,8.37,8.37,8.37,11.71,13.39,13.39,11.71,7.53,7.53,7.53,7.53
N_23_5,N_24_7,9.512934285868408,5.28,5.28,5.28,5.28,5.28,5.28,6.56,6.56,7.13,7.13,5.71,5.71,5.71,5.71,5.71,5.71,6.85,7.42,7.42,6.85,5.42,5.42,5.42,5.42
N_23_6,N_21_5,5.885006900983946,6.0,6.0,6.0,6.0,6.0,6.0,9.18,9.18,10.59,10.59,7.06,7.06,7.06,7.06,7.06,7.06,9.89,11.3,11.3,9.89,6.36,6.36,6.36,6.36
N_23_6,N_24_5,5.425825982558437,5.53,5.53,5.53,5.53,5.53,5.53,8.46,8.46,9.77,9.77,6.51,6.51,6.51,6.51,6.51,6.51,9.12,10.42,10.42,9.12,5.86,5.86,5.86,5.86
N_23_6,N_22_4,5.523494383060424,5.63,5.63,5.63,5.63,5.63,5.63,8.62,8.62,9.94,9.94,6.63,6.63,6.63,6.63,6.63,6.63,9.28,10.61,10.61,9.28,5.97,5.97,5.97,5.97
N_23_6,N_21_6,10.834961552233976,6.01,6.01,6.01,6.01,6.01,6.01,7.48,7.48,8.13,8.13,6.5,6.5,6.5,6.5,6.5,6.5,7.8,8.45,8.45,7.8,6.18,6.18,6.18,6.18
N_23_7,N_21_7,13.318314969475932,7.39,7.39,7.39,7.39,7.39,7.39,9.19,9.19,9.99,9.99,7.99,7.99,7.99,7.99,7.99,7.99,9.59,10.39,10.39,9.59,7.59,7.59,7.59,7.59
N_23_7,N_24_8,5.881144281149384,6.0,6.0,6.0,6.0,6.0,6.0,9.17,9.17,10.59,10.59,7.06,7.06,7.06,7.06,7.06,7.06,9.88,11.29,11.29,9.88,6.35,6.35,6.35,6.35
N_23_7,N_23_6,14.380576307280375,7.98,7.98,7.98,7.98,7.98,7.98,9.92,9.92,10.79,10.79,8.63,8.63,8.63,8.63,8.63,8.63,10.35,11.22,11.22,10.35,8.2,8.2,8.2,8.2
N_23_7,N_22_9,13.674810291869846,7.59,7.59,7.59,7.59,7.59,7.59,9.44,9.44,10.26,10.26,8.2,8.2,8.2,8.2,8.2,8.2,9.85,10.67,10.67,9.85,7.79,7.79,7.79,7.79
N_23_8,N_21_7,6.870939095360297,7.01,7.01,7.01,7.01,7.01,7.01,10.72,10.72,12.37,12.37,8.25,8.25,8.25,8.25,8.25,8.25,11.54,13.19,13.19,11.54,7.42,7.42,7.42,7.42
N_23_8,N_21_9,1.9836929720110392,3.25,3.25,3.25,3.25,3.25,3.25,5.4,5.4,6.35,6.35,3.97,3.97,3.97,3.97,3.97,3.97,5.87,6.82,6.82,5.87,3.49,3.49,3.49,3.49
N_23_8,N_23_10,1.1189848482293647,1.84,1.84,1.84,1.84,1.84,1.84,3.04,3.04,3.58,3.58,2.24,2.24,2.24,2.24,2.24,2.24,3.31,3.85,3.85,3.31,1.97,1.97,1.97,1.97
N_23_9,N_24_9,2.241683192937991,3.68,3.68,3.68,3.68,3.68,3.68,6.1,6.1,7.17,7.17,4.48,4.48,4.48,4.48,4.48,4.48,6.64,7.71,7.71,6.64,3.95,3.95,3.95,3.95
N_23_9,N_22_11,3.4354245525368845,3.5,3.5,3.5,3.5,3.5,3.5,5.36,5.36,6.18,6.18,4.12,4.12,4.12,4.12,4.12,4.12,5.77,6.6,6.6,5.77,3.71,3.71,3.71,3.71
N_23_9,N_22_7,11.709219651977929,6.5,6.5,6.5,6.5,6.5,6.5,8.08,8.08,8.78,8.78,7.03,7.03,7.03,7.03,7.03,7.03,8.43,9.13,9.13,8.43,6.67,6.67,6.67,6.67
N_24_0,N_23_1,5.902884910362583,6.02,6.02,6.02,6.02,6.02,6.02,9.21,9.21,10.63,10.63,7.08,7.08,7.08,7.08,7.08,7.08,9.92,11.33,11.33,9.92,6.38,6.38,6.38,6.38
N_24_0,N_23_0,0.8153562090039272,1.34,1.34,1.34,1.34,1.34,1.34,2.22,2.22,2.61,2.61,1.63,1.63,1.63,1.63,1.63,1.63,2.41,2.8,2.8,2.41,1.44,1.44,1.44,1.44
N_24_0,N_24_2,3.5915292821377975,3.66,3.66,3.66,3.66,3.66,3.66,5.6,5.6,6.46,6.46,4.31,4.31,4.31,4.31,4.31,4.31,6.03,6.9,6.9,6.03,3.88,3.88,3.88,3.88
N_24_0,N_24_1,10.363862797080598,5.75,5.75,5.75,5.75,5.75,5.75,7.15,7.15,7.77,7.77,6.22,6.22,6.22,6.22,6.22,6.22,7.46,8.08,8.08,7.46,5.91,5.91,5.91,5.91
N_24_0,N_22_0,8.255380078166123,4.58,4.58,4.58,4.58,4.58,4.58,5.7,5.7,6.19,6.19,4.95,4.95,4.95,4.95,4.95,4.95,5.94,6.44,6.44,5.94,4.71,4.71,4.71,4.71
N_24_0,N_23_2,3.520209804763801,3.59,3.59,3.59,3.59,3.59,3.59,5.49,5.49,6.34,6.34,4.22,4.22,4.22,4.22,4.22,4.22,5.91,6.76,6.76,5.91,3.8,3.8,3.8,3.8
N_24_1,N_24_0,10.363862797080598,5.75,5.75,5.75,5.75,5.75,5.75,7.15,7.15,7.77,7.77,6.22,6.22,6.22,6.22,6.22,6.22,7.46,8.08,8.08,7.46,5.91,5.91,5.91,5.91
N_24_1,N_23_1,6.162927649729166,6.29,6.29,6.29,6.29,6.29,6.29,9.61,9.61,11.09,11.09,7.4,7.4,7.4,7.4,7.4,7.4,10.35,11.83,11.83,10.35,6.66,6.66,6.66,6.66
N_24_10,N_23_8,4.591321256296027,4.68,4.68,4.68,4.68,4.68,4.68,7.16,7.16,8.26,8.26,5.51,5.51,5.51,5.51,5.51,5.51,7.71,8.82,8.82,7.71,4.96,4.96,4.96,4.96
N_24_10,N_24_11,2.025472373176657,3.32,3.32,3.32,3.32,3.32,3.32,5.51,5.51,6.48,6.48,4.05,4.05,4.05,4.05,4.05,4.05,6.0,6.97,6.97,6.0,3.56,3.56,3.56,3.56
N_24_11,N_24_10,2.025472373176657,3.32,3.32,3.32,3.32,3.32,3.32,5.51,5.51,6.48,6.48,4.05,4.05,4.05,4.05,4.05,4.05,6.0,6.97,6.97,6.0,3.56,3.56,3.56,3.56
N_24_11,N_23_13,11.008554105188926,6.11,6.11,6.11,6.11,6.11,6.11,7.6,7.6,8.26,8.26,6.61,6.61,6.61,6.61,6.61,6.61,7.93,8.59,8.59,7.93,6.27,6.27,6.27,6.27
N_24_11,N_24_9,3.4350947286303675,3.5,3.5,3.5,3.5,3.5,3.5,5.36,5.36,6.18,6.18,4.12,4.12,4.12,4.12,4.12,4.12,5.77,6.6,6.6,5.77,3.71,3.71,3.71,3.71
N_24_11,N_22_11,3.570383179818948,3.64,3.64,3.64,3.64,3.64,3.64,5.57,5.57,6.43,6.43,4.28,4.28,4.28,4.28,4.28,4.28,6.0,6.86,6.86,6.0,3.86,3.86,3.86,3.86
N_24_12,N_22_11,4.370437124325044,4.46,4.46,4.46,4.46,4.46,4.46,6.82,6.82,7.87,7.87,5.24,5.24,5.24,5.24,5.24,5.24,7.34,8.39,8.39,7.34,4.72,4.72,4.72,4.72
N_24_12,N_23_13,2.3254485510332614,3.81,3.81,3.81,3.81,3.81,3.81,6.33,6.33,7.44,7.44,4.65,4.65,4.65,4.65,4.65,4.65,6.88,8.0,8.0,6.88,4.09,4.09,4.09,4.09
N_24_12,N_23_10,4.629828990880268,4.72,4.72,4.72,4.72,4.72,4.72,7.22,7.22,8.33,8.33,5.56,5.56,5.56,5.56,5.56,5.56,7.78,8.89,8.89,7.78,5.0,5.0,5.0,5.0
N_24_12,N_23_12,5.458034179325621,5.57,5.57,5.57,5.57,5.57,5.57,8.51,8.51,9.82,9.82,6.55,6.55,6.55,6.55,6.55,6.55,9.17,10.48,10.48,9.17,5.89,5.89,5.89,5.89
N_24_13,N_24_12,1.0715288307381792,1.76,1.76,1.76,1.76,1.76,1.76,2.91,2.91,3.43,3.43,2.14,2.14,2.14,2.14,2.14,2.14,3.17,3.69,3.69,3.17,1.89,1.89,1.89,1.89
N_24_13,N_23_11,14.967544653801287,8.31,8.31,8.31,8.31,8.31,8.31,10.33,10.33,11.23,11.23,8.98,8.98,8.98,8.98,8.98,8.98,10.78,11.67,11.67,10.78,8.53,8.53,8.53,8.53
N_24_14,N_22_13,3.83697609728476,3.91,3.91,3.91,3.91,3.91,3.91,5.99,5.99,6.91,6.91,4.6,4.6,4.6,4.6,4.6,4.6,6.45,7.37,7.37,6.45,4.14,4.14,4.14,4.14
N_24_14,N_22_15,13.484715316915985,7.48,7.48,7.48,7.48,7.48,7.48,9.3,9.3,10.11,10.11,8.09,8.09,8.09,8.09,8.09,8.09,9.71,10.52,10.52,9.71,7.69,7.69,7.69,7.69
N_24_15,N_23_15,4.199280542340007,4.28,4.28,4.28,4.28,4.28,4.28,6.55,6.55,7.56,7.56,5.04,5.04,5.04,5.04,5.04,5.04,7.05,8.06,8.06,7.05,4.54,4.54,4.54,4.54
N_24_15,N_23_17,13.685737506433714,7.6,7.6,7.6,7.6,7.6,7.6,9.44,9.44,10.26,10.26,8.21,8.21,8.21,8.21,8.21,8.21,9.85,10.67,10.67,9.85,7.8,7.8,7.8,7.8
N_24_15,N_23_13,6.1691942207471655,6.29,6.29,6.29,6.29,6.29,6.29,9.62,9.62,11.1,11.1,7.4,7.4,7.4,7.4,7.4,7.4,10.36,11.84,11.84,10.36,6.66,6.66,6.66,6.66
N_24_16,N_23_17,14.427142031364937,8.01,8.01,8.01,8.01,8.01,8.01,9.95,9.95,10.82,10.82,8.66,8.66,8.66,8.66,8.66,8.66,10.39,11.25,11.25,10.39,8.22,8.22,8.22,8.22
N_24_16,N_24_17,5.798710346906205,5.91,5.91,5.91,5.91,5.91,5.91,9.05,9.05,10.44,10.44,6.96,6.96,6.96,6.96,6.96,6.96,9.74,11.13,11.13,9.74,6.26,6.26,6.26,6.26
N_24_17,N_24_19,6.772126048645134,6.91,6.91,6.91,6.91,6.91,6.91,10.56,10.56,12.19,12.19,8.13,8.13,8.13,8.13,8.13,8.13,11.38,13.0,13.0,11.38,7.31,7.31,7.31,7.31
N_24_17,N_24_18,3.88158939259583,3.96,3.96,3.96,3.96,3.96,3.96,6.06,6.06,6.99,6.99,4.66,4.66,4.66,4.66,4.66,4.66,6.52,7.45,7.45,6.52,4.19,4.19,4.19,4.19
N_24_18,N_24_17,3.88158939259583,3.96,3.96,3.96,3.96,3.96,3.96,6.06,6.06,6.99,6.99,4.66,4.66,4.66,4.66,4.66,4.66,6.52,7.45,7.45,6.52,4.19,4.19,4.19,4.19
N_24_18,N_22_19,2.2745654383835623,3.73,3.73,3.73,3.73,3.73,3.73,6.19,6.19,7.28,7.28,4.55,4.55,4.55,4.55,4.55,4.55,6.73,7.82,7.82,6.73,4.0,4.0,4.0,4.0
N_24_18,N_22_18,12.866001337497494,7.14,7.14,7.14,7.14,7.14,7.14,8.88,8.88,9.65,9.65,7.72,7.72,7.72,7.72,7.72,7.72,9.26,10.04,10.04,9.26,7.33,7.33,7.33,7.33
N_24_18,N_23_17,5.197008782761849,5.3,5.3,5.3,5.3,5.3,5.3,8.11,8.11,9.35,9.35,6.24,6.24,6.24,6.24,6.24,6.24,8.73,9.98,9.98,8.73,5.61,5.61,5.61,5.61
N_24_18,N_22_17,12.133584926588362,6.73,6.73,6.73,6.73,6.73,6.73,8.37,8.37,9.1,9.1,7.28,7.28,7.28,7.28,7.28,7.28,8.74,9.46,9.46,8.74,6.92,6.92,6.92,6.92
N_24_18,N_24_19,4.736582298902231,4.83,4.83,4.83,4.83,4.83,4.83,7.39,7.39,8.53,8.53,5.68,5.68,5.68,5.68,5.68,5.68,7.96,9.09,9.09,7.96,5.12,5.12,5.12,5.12
N_24_19,N_22_19,4.562839031553079,4.65,4.65,4.65,4.65,4.65,4.65,7.12,7.12,8.21,8.21,5.48,5.48,5.48,5.48,5.48,5.48,7.67,8.76,8.76,7.67,4.93,4.93,4.93,4.93
N_24_19,N_24_17,6.772126048645134,6.91,6.91,6.91,6.91,6.91,6.91,10.56,10.56,12.19,12.19,8.13,8.13,8.13,8.13,8.13,8.13,11.38,13.0,13.0,11.38,7.31,7.31,7.31,7.31
N_24_19,N_24_18,4.736582298902231,4.83,4.83,4.83,4.83,4.83,4.83,7.39,7.39,8.53,8.53,5.68,5.68,5.68,5.68,5.68,5.68,7.96,9.09,9.09,7.96,5.12,5.12,5.12,5.12
N_24_19,N_22_18,0.6965055565835776,1.14,1.14,1.14,1.14,1.14,1.14,1.89,1.89,2.23,2.23,1.39,1.39,1.39,1.39,1.39,1.39,2.06,2.4,2.4,2.06,1.23,1.23,1.23,1.23
N_24_2,N_23_1,5.136360039153354,5.24,5.24,5.24,5.24,5.24,5.24,8.01,8.01,9.25,9.25,6.16,6.16,6.16,6.16,6.16,6.16,8.63,9.86,9.86,8.63,5.55,5.55,5.55,5.55
N_24_2,N_23_2,3.806195761494524,3.88,3.88,3.88,3.88,3.88,3.88,5.94,5.94,6.85,6.85,4.57,4.57,4.57,4.57,4.57,4.57,6.39,7.31,7.31,6.39,4.11,4.11,4.11,4.11
N_24_2,N_24_0,3.5915292821377975,3.66,3.66,3.66,3.66,3.66,3.66,5.6,5.6,6.46,6.46,4.31,4.31,4.31,4.31,4.31,4.31,6.03,6.9,6.9,6.03,3.88,3.88,3.88,3.88
N_24_20,N_22_19,5.328482044138186,5.44,5.44,5.44,5.44,5.44,5.44,8.31,8.31,9.59,9.59,6.39,6.39,6.39,6.39,6.39,6.39,8.95,10.23,10.23,8.95,5.75,5.75,5.75,5.75
N_24_20,N_23_18,11.694468021757483,6.49,6.49,6.49,6.49,6.49,6.49,8.07,8.07,8.77,8.77,7.02,7.02,7.02,7.02,7.02,7.02,8.42,9.12,9.12,8.42,6.67,6.67,6.67,6.67
N_24_21,N_23_20,8.772915401824907,4.87,4.87,4.87,4.87,4.87,4.87,6.05,6.05,6.58,6.58,5.26,5.26,5.26,5.26,5.26,5.26,6.32,6.84,6.84,6.32,5.0,5.0,5.0,5.0
N_24_21,N_23_23,9.396266970052787,5.21,5.21,5.21,5.21,5.21,5.21,6.48,6.48,7.05,7.05,5.64,5.64,5.64,5.64,5.64,5.64,6.77,7.33,7.33,6.77,5.36,5.36,5.36,5.36
N_24_21,N_23_21,12.678205328832046,7.04,7.04,7.04,7.04,7.04,7.04,8.75,8.75,9.51,9.51,7.61,7.61,7.61,7.61,7.61,7.61,9.13,9.89,9.89,9.13,7.23,7.23,7.23,7.23
N_24_21,N_22_20,0.5958323023519443,0.98,0.98,0.98,0.98,0.98,0.98,1.62,1.62,1.91,1.91,1.19,1.19,1.19,1.19,1.19,1.19,1.76,2.05,2.05,1.76,1.05,1.05,1.05,1.05
N_24_22,N_23_20,6.050533340263138,6.17,6.17,6.17,6.17,6.17,6.17,9.44,9.44,10.89,10.89,7.26,7.26,7.26,7.26,7.26,7.26,10.16,11.62,11.62,10.16,6.53,6.53,6.53,6.53
N_24_22,N_23_22,5.6737877110055575,5.79,5.79,5.79,5.79,5.79,5.79,8.85,8.85,10.21,10.21,6.81,6.81,6.81,6.81,6.81,6.81,9.53,10.89,10.89,9.53,6.13,6.13,6.13,6.13
N_24_23,N_22_23,8.504351718483491,4.72,4.72,4.72,4.72,4.72,4.72,5.87,5.87,6.38,6.38,5.1,5.1,5.1,5.1,5.1,5.1,6.12,6.63,6.63,6.12,4.85,4.85,4.85,4.85
N_24_23,N_23_23,10.57852740245741,5.87,5.87,5.87,5.87,5.87,5.87,7.3,7.3,7.93,7.93,6.35,6.35,6.35,6.35,6.35,6.35,7.62,8.25,8.25,7.62,6.03,6.03,6.03,6.03
N_24_24,N_23_22,6.195978609455546,6.32,6.32,6.32,6.32,6.32,6.32,9.67,9.67,11.15,11.15,7.44,7.44,7.44,7.44,7.44,7.44,10.41,11.9,11.9,10.41,6.69,6.69,6.69,6.69
N_24_24,N_23_24,5.249741107715111,5.35,5.35,5.35,5.35,5.35,5.35,8.19,8.19,9.45,9.45,6.3,6.3,6.3,6.3,6.3,6.3,8.82,10.08,10.08,8.82,5.67,5.67,5.67,5.67
N_24_24,N_23_25,1.9520424217465404,3.2,3.2,3.2,3.2,3.2,3.2,5.31,5.31,6.25,6.25,3.9,3.9,3.9,3.9,3.9,3.9,5.78,6.72,6.72,5.78,3.44,3.44,3.44,3.44
N_24_25,N_23_24,14.065860892140396,7.81,7.81,7.81,7.81,7.81,7.81,9.71,9.71,10.55,10.55,8.44,8.44,8.44,8.44,8.44,8.44,10.13,10.97,10.97,10.13,8.02,8.02,8.02,8.02
N_24_25,N_24_23,2.3461801118805274,3.85,3.85,3.85,3.85,3.85,3.85,6.38,6.38,7.51,7.51,4.69,4.69,4.69,4.69,4.69,4.69,6.94,8.07,8.07,6.94,4.13,4.13,4.13,4.13
N_24_26,N_22_27,11.177065071648297,6.2,6.2,6.2,6.2,6.2,6.2,7.71,7.71,8.38,8.38,6.71,6.71,6.71,6.71,6.71,6.71,8.05,8.72,8.72,8.05,6.37,6.37,6.37,6.37
N_24_26,N_23_28,14.519706355030841,8.06,8.06,8.06,8.06,8.06,8.06,10.02,10.02,10.89,10.89,8.71,8.71,8.71,8.71,8.71,8.71,10.45,11.33,11.33,10.45,8.28,8.28,8.28,8.28
N_24_26,N_24_25,0.9052371434083746,1.48,1.48,1.48,1.48,1.48,1.48,2.46,2.46,2.9,2.9,1.81,1.81,1.81,1.81,1.81,1.81,2.68,3.11,3.11,2.68,1.59,1.59,1.59,1.59
N_24_27,N_23_28,1.3636450492431145,2.24,2.24,2.24,2.24,2.24,2.24,3.71,3.71,4.36,4.36,2.73,2.73,2.73,2.73,2.73,2.73,4.04,4.69,4.69,4.04,2.4,2.4,2.4,2.4
N_24_27,N_23_29,12.995879088653869,7.21,7.21,7.21,7.21,7.21,7.21,8.97,8.97,9.75,9.75,7.8,7.8,7.8,7.8,7.8,7.8,9.36,10.14,10.14,9.36,7.41,7.41,7.41,7.41
N_24_27,N_24_25,9.143679693365478,5.07,5.07,5.07,5.07,5.07,5.07,6.31,6.31,6.86,6.86,5.49,5.49,5.49,5.49,5.49,5.49,6.58,7.13,7.13,6.58,5.21,5.21,5.21,5.21
N_24_27,N_24_26,10.95329691220679,6.08,6.08,6.08,6.08,6.08,6.08,7.56,7.56,8.21,8.21,6.57,6.57,6.57,6.57,6.57,6.57,7.89,8.54,8.54,7.89,6.24,6.24,6.24,6.24
N_24_28,N_22_29,14.009501770520629,7.78,7.78,7.78,7.78,7.78,7.78,9.67,9.67,10.51,10.51,8.41,8.41,8.41,8.41,8.41,8.41,10.09,10.93,10.93,10.09,7.99,7.99,7.99,7.99
N_24_28,N_23_26,8.520352253614394,4.73,4.73,4.73,4.73,4.73,4.73,5.88,5.88,6.39,6.39,5.11,5.11,5.11,5.11,5.11,5.11,6.13,6.65,6.65,6.13,4.86,4.86,4.86,4.86
N_24_28,N_22_28,9.85219070425544,5.47,5.47,5.47,5.47,5.47,5.47,6.8,6.8,7.39,7.39,5.91,5.91,5.91,5.91,5.91,5.91,7.09,7.68,7.68,7.09,5.62,5.62,5.62,5.62
N_24_28,N_24_29,2.229115956705906,3.66,3.66,3.66,3.66,3.66,3.66,6.06,6.06,7.13,7.13,4.46,4.46,4.46,4.46,4.46,4.46,6.6,7.67,7.67,6.6,3.92,3.92,3.92,3.92
N_24_29,N_22_30,3.648347605470899,3.72,3.72,3.72,3.72,3.72,3.72,5.69,5.69,6.57,6.57,4.38,4.38,4.38,4.38,4.38,4.38,6.13,7.0,7.0,6.13,3.94,3.94,3.94,3.94
N_24_29,N_24_28,2.229115956705906,3.66,3.66,3.66,3.66,3.66,3.66,6.06,6.06,7.13,7.13,4.46,4.46,4.46,4.46,4.46,4.46,6.6,7.67,7.67,6.6,3.92,3.92,3.92,3.92
N_24_29,N_24_30,9.434232210921802,5.24,5.24,5.24,5.24,5.24,5.24,6.51,6.51,7.08,7.08,5.66,5.66,5.66,5.66,5.66,5.66,6.79,7.36,7.36,6.79,5.38,5.38,5.38,5.38
N_24_29,N_24_27,11.292786193931644,6.27,6.27,6.27,6.27,6.27,6.27,7.79,7.79,8.47,8.47,6.78,6.78,6.78,6.78,6.78,6.78,8.13,8.81,8.81,8.13,6.44,6.44,6.44,6.44
N_24_3,N_23_1,5.65325677547442,5.77,5.77,5.77,5.77,5.77,5.77,8.82,8.82,10.18,10.18,6.78,6.78,6.78,6.78,6.78,6.78,9.5,10.85,10.85,9.5,6.11,6.11,6.11,6.11
N_24_3,N_23_5,1.0508663852743987,1.72,1.72,1.72,1.72,1.72,1.72,2.86,2.86,3.36,3.36,2.1,2.1,2.1,2.1,2.1,2.1,3.11,3.61,3.61,3.11,1.85,1.85,1.85,1.85
N_24_3,N_24_4,2.2885324630235857,3.75,3.75,3.75,3.75,3.75,3.75,6.22,6.22,7.32,7.32,4.58,4.58,4.58,4.58,4.58,4.58,6.77,7.87,7.87,6.77,4.03,4.03,4.03,4.03
N_24_3,N_24_5,0.7046759222189429,1.16,1.16,1.16,1.16,1.16,1.16,1.92,1.92,2.25,2.25,1.41,1.41,1.41,1.41,1.41,1.41,2.09,2.42,2.42,2.09,1.24,1.24,1.24,1.24
N_24_3,N_22_2,11.822875502563736,6.56,6.56,6.56,6.56,6.56,6.56,8.16,8.16,8.87,8.87,7.09,7.09,7.09,7.09,7.09,7.09,8.51,9.22,9.22,8.51,6.74,6.74,6.74,6.74
N_24_30,N_22_30,0.983851132716064,1.61,1.61,1.61,1.61,1.61,1.61,2.68,2.68,3.15,3.15,1.97,1.97,1.97,1.97,1.97,1.97,2.91,3.38,3.38,2.91,1.73,1.73,1.73,1.73
N_24_30,N_24_29,9.434232210921802,5.24,5.24,5.24,5.24,5.24,5.24,6.51,6.51,7.08,7.08,5.66,5.66,5.66,5.66,5.66,5.66,6.79,7.36,7.36,6.79,5.38,5.38,5.38,5.38
N_24_30,N_24_32,6.983660260392476,7.12,7.12,7.12,7.12,7.12,7.12,10.89,10.89,12.57,12.57,8.38,8.38,8.38,8.38,8.38,8.38,11.73,13.41,13.41,11.73,7.54,7.54,7.54,7.54
N_24_31,N_22_31,5.800446184309987,5.92,5.92,5.92,5.92,5.92,5.92,9.05,9.05,10.44,10.44,6.96,6.96,6.96,6.96,6.96,6.96,9.74,11.14,11.14,9.74,6.26,6.26,6.26,6.26
N_24_31,N_23_30,0.9718998357700186,1.59,1.59,1.59,1.59,1.59,1.59,2.64,2.64,3.11,3.11,1.94,1.94,1.94,1.94,1.94,1.94,2.88,3.34,3.34,2.88,1.71,1.71,1.71,1.71
N_24_31,N_22_32,3.58617668927017,3.66,3.66,3.66,3.66,3.66,3.66,5.59,5.59,6.46,6.46,4.3,4.3,4.3,4.3,4.3,4.3,6.02,6.89,6.89,6.02,3.87,3.87,3.87,3.87
N_24_32,N_23_31,0.9410156413730311,1.54,1.54,1.54,1.54,1.54,1.54,2.56,2.56,3.01,3.01,1.88,1.88,1.88,1.88,1.88,1.88,2.79,3.24,3.24,2.79,1.66,1.66,1.66,1.66
N_24_32,N_23_34,4.043216263034179,4.12,4.12,4.12,4.12,4.12,4.12,6.31,6.31,7.28,7.28,4.85,4.85,4.85,4.85,4.85,4.85,6.79,7.76,7.76,6.79,4.37,4.37,4.37,4.37
N_24_32,N_24_30,6.983660260392476,7.12,7.12,7.12,7.12,7.12,7.12,10.89,10.89,12.57,12.57,8.38,8.38,8.38,8.38,8.38,8.38,11.73,13.41,13.41,11.73,7.54,7.54,7.54,7.54
N_24_32,N_22_32,3.6368685986456013,3.71,3.71,3.71,3.71,3.71,3.71,5.67,5.67,6.55,6.55,4.36,4.36,4.36,4.36,4.36,4.36,6.11,6.98,6.98,6.11,3.93,3.93,3.93,3.93
N_24_33,N_22_33,5.050246016729078,5.15,5.15,5.15,5.15,5.15,5.15,7.88,7.88,9.09,9.09,6.06,6.06,6.06,6.06,6.06,6.06,8.48,9.7,9.7,8.48,5.45,5.45,5.45,5.45
N_24_33,N_23_31,5.091349829772165,5.19,5.19,5.19,5.19,5.19,5.19,7.94,7.94,9.16,9.16,6.11,6.11,6.11,6.11,6.11,6.11,8.55,9.78,9.78,8.55,5.5,5.5,5.5,5.5
N_24_33,N_23_35,14.871914289849459,8.25,8.25,8.25,8.25,8.25,8.25,10.26,10.26,11.15,11.15,8.92,8.92,8.92,8.92,8.92,8.92,10.71,11.6,11.6,10.71,8.48,8.48,8.48,8.48
N_24_33,N_23_33,6.819564850313508,6.96,6.96,6.96,6.96,6.96,6.96,10.64,10.64,12.28,12.28,8.18,8.18,8.18,8.18,8.18,8.18,11.46,13.09,13.09,11.46,7.37,7.37,7.37,7.37
N_24_33,N_22_34,5.727447994605228,5.84,5.84,5.84,5.84,5.84,5.84,8.93,8.93,10.31,10.31,6.87,6.87,6.87,6.87,6.87,6.87,9.62,11.0,11.0,9.62,6.19,6.19,6.19,6.19
N_24_33,N_23_34,5.167430558467033,5.27,5.27,5.27,5.27,5.27,5.27,8.06,8.06,9.3,9.3,6.2,6.2,6.2,6.2,6.2,6.2,8.68,9.92,9.92,8.68,5.58,5.58,5.58,5.58
N_24_33,N_23_32,2.40617381272222,3.95,3.95,3.95,3.95,3.95,3.95,6.54,6.54,7.7,7.7,4.81,4.81,4.81,4.81,4.81,4.81,7.12,8.28,8.28,7.12,4.23,4.23,4.23,4.23
N_24_34,N_23_34,1.7006965826175147,2.79,2.79,2.79,2.79,2.79,2.79,4.63,4.63,5.44,5.44,3.4,3.4,3.4,3.4,3.4,3.4,5.03,5.85,5.85,5.03,2.99,2.99,2.99,2.99
N_24_34,N_22_34,1.7194599436552171,2.82,2.82,2.82,2.82,2.82,2.82,4.68,4.68,5.5,5.5,3.44,3.44,3.44,3.44,3.44,3.44,5.09,5.91,5.91,5.09,3.03,3.03,3.03,3.03
N_24_34,N_23_36,8.58809889096738,4.77,4.77,4.77,4.77,4.77,4.77,5.93,5.93,6.44,6.44,5.15,5.15,5.15,5.15,5.15,5.15,6.18,6.7,6.7,6.18,4.9,4.9,4.9,4.9
N_24_34,N_23_33,5.0301396089162065,5.13,5.13,5.13,5.13,5.13,5.13,7.85,7.85,9.05,9.05,6.04,6.04,6.04,6.04,6.04,6.04,8.45,9.66,9.66,8.45,5.43,5.43,5.43,5.43
N_24_35,N_23_35,5.1570804050298715,5.26,5.26,5.26,5.26,5.26,5.26,8.05,8.05,9.28,9.28,6.19,6.19,6.19,6.19,6.19,6.19,8.66,9.9,9.9,8.66,5.57,5.57,5.57,5.57
N_24_35,N_23_33,14.537330532886685,8.07,8.07,8.07,8.07,8.07,8.07,10.03,10.03,10.9,10.9,8.72,8.72,8.72,8.72,8.72,8.72,10.47,11.34,11.34,10.47,8.29,8.29,8.29,8.29
N_24_35,N_24_37,3.3119674314118512,3.38,3.38,3.38,3.38,3.38,3.38,5.17,5.17,5.96,5.96,3.97,3.97,3.97,3.97,3.97,3.97,5.56,6.36,6.36,5.56,3.58,3.58,3.58,3.58
N_24_36,N_22_36,5.89710715387204,6.02,6.02,6.02,6.02,6.02,6.02,9.2,9.2,10.61,10.61,7.08,7.08,7.08,7.08,7.08,7.08,9.91,11.32,11.32,9.91,6.37,6.37,6.37,6.37
N_24_36,N_23_38,3.6156612884117663,3.69,3.69,3.69,3.69,3.69,3.69,5.64,5.64,6.51,6.51,4.34,4.34,4.34,4.34,4.34,4.34,6.07,6.94,6.94,6.07,3.9,3.9,3.9,3.9
N_24_36,N_23_34,5.3072170971677775,5.41,5.41,5.41,5.41,5.41,5.41,8.28,8.28,9.55,9.55,6.37,6.37,6.37,6.37,6.37,6.37,8.92,10.19,10.19,8.92,5.73,5.73,5.73,5.73
N_24_36,N_24_38,6.162112046578695,6.29,6.29,6.29,6.29,6.29,6.29,9.61,9.61,11.09,11.09,7.39,7.39,7.39,7.39,7.39,7.39,10.35,11.83,11.83,10.35,6.66,6.66,6.66,6.66
N_24_37,N_22_37,14.15374090511046,7.86,7.86,7.86,7.86,7.86,7.86,9.77,9.77,10.62,10.62,8.49,8.49,8.49,8.49,8.49,8.49,10.19,11.04,11.04,10.19,8.07,8.07,8.07,8.07
N_24_37,N_23_35,13.067294587278626,7.25,7.25,7.25,7.25,7.25,7.25,9.02,9.02,9.8,9.8,7.84,7.84,7.84,7.84,7.84,7.84,9.41,10.19,10.19,9.41,7.45,7.45,7.45,7.45
N_24_37,N_23_39,5.867964480236482,5.99,5.99,5.99,5.99,5.99,5.99,9.15,9.15,10.56,10.56,7.04,7.04,7.04,7.04,7.04,7.04,9.86,11.27,11.27,9.86,6.34,6.34,6.34,6.34
N_24_38,N_23_39,3.6343714601012875,3.71,3.71,3.71,3.71,3.71,3.71,5.67,5.67,6.54,6.54,4.36,4.36,4.36,4.36,4.36,4.36,6.11,6.98,6.98,6.11,3.93,3.93,3.93,3.93
N_24_38,N_24_36,6.162112046578695,6.29,6.29,6.29,6.29,6.29,6.29,9.61,9.61,11.09,11.09,7.39,7.39,7.39,7.39,7.39,7.39,10.35,11.83,11.83,10.35,6.66,6.66,6.66,6.66
N_24_39,N_24_37,0.851814415728734,1.4,1.4,1.4,1.4,1.4,1.4,2.32,2.32,2.73,2.73,1.7,1.7,1.7,1.7,1.7,1.7,2.52,2.93,2.93,2.52,1.5,1.5,1.5,1.5
N_24_39,N_23_39,1.0366448797465224,1.7,1.7,1.7,1.7,1.7,1.7,2.82,2.82,3.32,3.32,2.07,2.07,2.07,2.07,2.07,2.07,3.07,3.57,3.57,3.07,1.82,1.82,1.82,1.82
N_24_39,N_22_38,4.842743265437928,4.94,4.94,4.94,4.94,4.94,4.94,7.55,7.55,8.72,8.72,5.81,5.81,5.81,5.81,5.81,5.81,8.14,9.3,9.3,8.14,5.23,5.23,5.23,5.23
N_24_39,N_23_37,13.785278951425745,7.65,7.65,7.65,7.65,7.65,7.65,9.51,9.51,10.34,10.34,8.27,8.27,8.27,8.27,8.27,8.27,9.93,10.75,10.75,9.93,7.86,7.86,7.86,7.86
N_24_4,N_22_4,12.15359109669923,6.75,6.75,6.75,6.75,6.75,6.75,8.39,8.39,9.12,9.12,7.29,7.29,7.29,7.29,7.29,7.29,8.75,9.48,9.48,8.75,6.93,6.93,6.93,6.93
N_24_4,N_23_2,5.638080910410462,5.75,5.75,5.75,5.75,5.75,5.75,8.8,8.8,10.15,10.15,6.77,6.77,6.77,6.77,6.77,6.77,9.47,10.83,10.83,9.47,6.09,6.09,6.09,6.09
N_24_4,N_23_5,6.972504104762238,7.11,7.11,7.11,7.11,7.11,7.11,10.88,10.88,12.55,12.55,8.37,8.37,8.37,8.37,8.37,8.37,11.71,13.39,13.39,11.71,7.53,7.53,7.53,7.53
N_24_5,N_23_6,5.425825982558437,5.53,5.53,5.53,5.53,5.53,5.53,8.46,8.46,9.77,9.77,6.51,6.51,6.51,6.51,6.51,6.51,9.12,10.42,10.42,9.12,5.86,5.86,5.86,5.86
N_24_5,N_24_3,0.7046759222189429,1.16,1.16,1.16,1.16,1.16,1.16,1.92,1.92,2.25,2.25,1.41,1.41,1.41,1.41,1.41,1.41,2.09,2.42,2.42,2.09,1.24,1.24,1.24,1.24
N_24_5,N_22_5,6.728644445040906,6.86,6.86,6.86,6.86,6.86,6.86,10.5,10.5,12.11,12.11,8.07,8.07,8.07,8.07,8.07,8.07,11.3,12.92,12.92,11.3,7.27,7.27,7.27,7.27
N_24_6,N_22_6,14.02315140470866,7.78,7.78,7.78,7.78,7.78,7.78,9.68,9.68,10.52,10.52,8.41,8.41,8.41,8.41,8.41,8.41,10.1,10.94,10.94,10.1,7.99,7.99,7.99,7.99
N_24_6,N_24_4,12.97430701359015,7.2,7.2,7.2,7.2,7.2,7.2,8.95,8.95,9.73,9.73,7.78,7.78,7.78,7.78,7.78,7.78,9.34,10.12,10.12,9.34,7.4,7.4,7.4,7.4
N_24_6,N_24_7,12.52074580958057,6.95,6.95,6.95,6.95,6.95,6.95,8.64,8.64,9.39,9.39,7.51,7.51,7.51,7.51,7.51,7.51,9.01,9.77,9.77,9.01,7.14,7.14,7.14,7.14
N_24_6,N_22_7,2.3991541542131043,3.93,3.93,3.93,3.93,3.93,3.93,6.53,6.53,7.68,7.68,4.8,4.8,4.8,4.8,4.8,4.8,7.1,8.25,8.25,7.1,4.22,4.22,4.22,4.22
N_24_6,N_23_4,10.243089909046258,5.68,5.68,5.68,5.68,5.68,5.68,7.07,7.07,7.68,7.68,6.15,6.15,6.15,6.15,6.15,6.15,7.38,7.99,7.99,7.38,5.84,5.84,5.84,5.84
N_24_6,N_23_7,6.299447961500496,6.43,6.43,6.43,6.43,6.43,6.43,9.83,9.83,11.34,11.34,7.56,7.56,7.56,7.56,7.56,7.56,10.58,12.09,12.09,10.58,6.8,6.8,6.8,6.8
N_24_7,N_24_6,12.52074580958057,6.95,6.95,6.95,6.95,6.95,6.95,8.64,8.64,9.39,9.39,7.51,7.51,7.51,7.51,7.51,7.51,9.01,9.77,9.77,9.01,7.14,7.14,7.14,7.14
N_24_7,N_23_6,13.831171705818196,7.68,7.68,7.68,7.68,7.68,7.68,9.54,9.54,10.37,10.37,8.3,8.3,8.3,8.3,8.3,8.3,9.96,10.79,10.79,9.96,7.88,7.88,7.88,7.88
N_24_7,N_23_8,13.55416047024603,7.52,7.52,7.52,7.52,7.52,7.52,9.35,9.35,10.17,10.17,8.13,8.13,8.13,8.13,8.13,8.13,9.76,10.57,10.57,9.76,7.73,7.73,7.73,7.73
N_24_7,N_22_8,4.578123012411012,4.67,4.67,4.67,4.67,4.67,4.67,7.14,7.14,8.24,8.24,5.49,5.49,5.49,5.49,5.49,5.49,7.69,8.79,8.79,7.69,4.94,4.94,4.94,4.94
N_24_7,N_22_6,0.9045943782809707,1.48,1.48,1.48,1.48,1.48,1.48,2.46,2.46,2.89,2.89,1.81,1.81,1.81,1.81,1.81,1.81,2.68,3.11,3.11,2.68,1.59,1.59,1.59,1.59
N_24_7,N_24_5,12.335656689127475,6.85,6.85,6.85,6.85,6.85,6.85,8.51,8.51,9.25,9.25,7.4,7.4,7.4,7.4,7.4,7.4,8.88,9.62,9.62,8.88,7.03,7.03,7.03,7.03
N_24_7,N_23_7,5.911366666730505,6.03,6.03,6.03,6.03,6.03,6.03,9.22,9.22,10.64,10.64,7.09,7.09,7.09,7.09,7.09,7.09,9.93,11.35,11.35,9.93,6.38,6.38,6.38,6.38
N_24_8,N_22_9,10.328237847428056,5.73,5.73,5.73,5.73,5.73,5.73,7.13,7.13,7.75,7.75,6.2,6.2,6.2,6.2,6.2,6.2,7.44,8.06,8.06,7.44,5.89,5.89,5.89,5.89
N_24_8,N_23_7,5.881144281149384,6.0,6.0,6.0,6.0,6.0,6.0,9.17,9.17,10.59,10.59,7.06,7.06,7.06,7.06,7.06,7.06,9.88,11.29,11.29,9.88,6.35,6.35,6.35,6.35
N_24_8,N_24_7,13.388315644466726,7.43,7.43,7.43,7.43,7.43,7.43,9.24,9.24,10.04,10.04,8.03,8.03,8.03,8.03,8.03,8.03,9.64,10.44,10.44,9.64,7.63,7.63,7.63,7.63
N_24_8,N_24_10,5.1168484672300565,5.22,5.22,5.22,5.22,5.22,5.22,7.98,7.98,9.21,9.21,6.14,6.14,6.14,6.14,6.14,6.14,8.6,9.82,9.82,8.6,5.53,5.53,5.53,5.53
N_24_8,N_24_6,5.094883992460003,5.2,5.2,5.2,5.2,5.2,5.2,7.95,7.95,9.17,9.17,6.11,6.11,6.11,6.11,6.11,6.11,8.56,9.78,9.78,8.56,5.5,5.5,5.5,5.5
N_24_9,N_23_11,1.5906089089056956,2.61,2.61,2.61,2.61,2.61,2.61,4.33,4.33,5.09,5.09,3.18,3.18,3.18,3.18,3.18,3.18,4.71,5.47,5.47,4.71,2.8,2.8,2.8,2.8
N_24_9,N_23_9,2.241683192937991,3.68,3.68,3.68,3.68,3.68,3.68,6.1,6.1,7.17,7.17,4.48,4.48,4.48,4.48,4.48,4.48,6.64,7.71,7.71,6.64,3.95,3.95,3.95,3.95
N_24_9,N_24_11,3.4350947286303675,3.5,3.5,3.5,3.5,3.5,3.5,5.36,5.36,6.18,6.18,4.12,4.12,4.12,4.12,4.12,4.12,5.77,6.6,6.6,5.77,3.71,3.71,3.71,3.71
N_2_0,N_0_1,5.332628522608212,5.44,5.44,5.44,5.44,5.44,5.44,8.32,8.32,9.6,9.6,6.4,6.4,6.4,6.4,6.4,6.4,8.96,10.24,10.24,8.96,5.76,5.76,5.76,5.76
N_2_0,N_1_0,0.5422353864075671,0.89,0.89,0.89,0.89,0.89,0.89,1.47,1.47,1.74,1.74,1.08,1.08,1.08,1.08,1.08,1.08,1.61,1.87,1.87,1.61,0.95,0.95,0.95,0.95
N_2_0,N_1_2,1.5055867123836868,2.47,2.47,2.47,2.47,2.47,2.47,4.1,4.1,4.82,4.82,3.01,3.01,3.01,3.01,3.01,3.01,4.46,5.18,5.18,4.46,2.65,2.65,2.65,2.65
N_2_0,N_3_0,14.038148784437247,7.79,7.79,7.79,7.79,7.79,7.79,9.69,9.69,10.53,10.53,8.42,8.42,8.42,8.42,8.42,8.42,10.11,10.95,10.95,10.11,8.0,8.0,8.0,8.0
N_2_1,N_0_0,10.623887628427203,5.9,5.9,5.9,5.9,5.9,5.9,7.33,7.33,7.97,7.97,6.37,6.37,6.37,6.37,6.37,6.37,7.65,8.29,8.29,7.65,6.06,6.06,6.06,6.06
N_2_1,N_0_1,4.8382819967069235,4.94,4.94,4.94,4.94,4.94,4.94,7.55,7.55,8.71,8.71,5.81,5.81,5.81,5.81,5.81,5.81,8.13,9.29,9.29,8.13,5.23,5.23,5.23,5.23
N_2_1,N_4_1,5.457530108406745,5.57,5.57,5.57,5.57,5.57,5.57,8.51,8.51,9.82,9.82,6.55,6.55,6.55,6.55,6.55,6.55,9.17,10.48,10.48,9.17,5.89,5.89,5.89,5.89
N_2_10,N_0_10,4.827343250671146,4.92,4.92,4.92,4.92,4.92,4.92,7.53,7.53,8.69,8.69,5.79,5.79,5.79,5.79,5.79,5.79,8.11,9.27,9.27,8.11,5.21,5.21,5.21,5.21
N_2_10,N_2_9,14.14160214201154,7.85,7.85,7.85,7.85,7.85,7.85,9.76,9.76,10.61,10.61,8.48,8.48,8.48,8.48,8.48,8.48,10.18,11.03,11.03,10.18,8.06,8.06,8.06,8.06
N_2_10,N_0_9,2.098624204486291,3.44,3.44,3.44,3.44,3.44,3.44,5.71,5.71,6.72,6.72,4.2,4.2,4.2,4.2,4.2,4.2,6.21,7.22,7.22,6.21,3.69,3.69,3.69,3.69
N_2_10,N_2_8,8.038987944035501,4.46,4.46,4.46,4.46,4.46,4.46,5.55,5.55,6.03,6.03,4.82,4.82,4.82,4.82,4.82,4.82,5.79,6.27,6.27,5.79,4.58,4.58,4.58,4.58
N_2_11,N_0_11,4.763292760651247,4.86,4.86,4.86,4.86,4.86,4.86,7.43,7.43,8.57,8.57,5.72,5.72,5.72,5.72,5.72,5.72,8.0,9.15,9.15,8.0,5.14,5.14,5.14,5.14
N_2_11,N_2_10,1.8807213155994271,3.08,3.08,3.08,3.08,3.08,3.08,5.12,5.12,6.02,6.02,3.76,3.76,3.76,3.76,3.76,3.76,5.57,6.47,6.47,5.57,3.31,3.31,3.31,3.31
N_2_12,N_0_11,6.6136148162918715,6.75,6.75,6.75,6.75,6.75,6.75,10.32,10.32,11.9,11.9,7.94,7.94,7.94,7.94,7.94,7.94,11.11,12.7,12.7,11.11,7.14,7.14,7.14,7.14
N_2_12,N_0_13,3.7616948734622793,3.84,3.84,3.84,3.84,3.84,3.84,5.87,5.87,6.77,6.77,4.51,4.51,4.51,4.51,4.51,4.51,6.32,7.22,7.22,6.32,4.06,4.06,4.06,4.06
N_2_12,N_1_10,9.00248825662321,5.0,5.0,5.0,5.0,5.0,5.0,6.21,6.21,6.75,6.75,5.4,5.4,5.4,5.4,5.4,5.4,6.48,7.02,7.02,6.48,5.13,5.13,5.13,5.13
N_2_13,N_1_11,4.835622555096945,4.93,4.93,4.93,4.93,4.93,4.93,7.54,7.54,8.7,8.7,5.8,5.8,5.8,5.8,5.8,5.8,8.12,9.28,9.28,8.12,5.22,5.22,5.22,5.22
N_2_13,N_1_13,6.0677400669950465,6.19,6.19,6.19,6.19,6.19,6.19,9.47,9.47,10.92,10.92,7.28,7.28,7.28,7.28,7.28,7.28,10.19,11.65,11.65,10.19,6.55,6.55,6.55,6.55
N_2_13,N_2_11,5.66062922644697,5.77,5.77,5.77,5.77,5.77,5.77,8.83,8.83,10.19,10.19,6.79,6.79,6.79,6.79,6.79,6.79,9.51,10.87,10.87,9.51,6.11,6.11,6.11,6.11
N_2_14,N_1_13,3.999876233455204,4.08,4.08,4.08,4.08,4.08,4.08,6.24,6.24,7.2,7.2,4.8,4.8,4.8,4.8,4.8,4.8,6.72,7.68,7.68,6.72,4.32,4.32,4.32,4.32
N_2_14,N_1_15,5.0437126701077215,5.14,5.14,5.14,5.14,5.14,5.14,7.87,7.87,9.08,9.08,6.05,6.05,6.05,6.05,6.05,6.05,8.47,9.68,9.68,8.47,5.45,5.45,5.45,5.45
N_2_14,N_4_14,4.81429312772789,4.91,4.91,4.91,4.91,4.91,4.91,7.51,7.51,8.67,8.67,5.78,5.78,5.78,5.78,5.78,5.78,8.09,9.24,9.24,8.09,5.2,5.2,5.2,5.2
N_2_14,N_1_16,5.918225023217497,6.04,6.04,6.04,6.04,6.04,6.04,9.23,9.23,10.65,10.65,7.1,7.1,7.1,7.1,7.1,7.1,9.94,11.36,11.36,9.94,6.39,6.39,6.39,6.39
N_2_14,N_1_12,3.7266100263085686,3.8,3.8,3.8,3.8,3.8,3.8,5.81,5.81,6.71,6.71,4.47,4.47,4.47,4.47,4.47,4.47,6.26,7.16,7.16,6.26,4.02,4.02,4.02,4.02
N_2_14,N_2_16,11.28140735796722,6.26,6.26,6.26,6.26,6.26,6.26,7.78,7.78,8.46,8.46,6.77,6.77,6.77,6.77,6.77,6.77,8.12,8.8,8.8,8.12,6.43,6.43,6.43,6.43
N_2_14,N_4_13,5.913213825740513,6.03,6.03,6.03,6.03,6.03,6.03,9.22,9.22,10.64,10.64,7.1,7.1,7.1,7.1,7.1,7.1,9.93,11.35,11.35,9.93,6.39,6.39,6.39,6.39
N_2_15,N_0_15,12.831964646232946,7.12,7.12,7.12,7.12,7.12,7.12,8.85,8.85,9.62,9.62,7.7,7.7,7.7,7.7,7.7,7.7,9.24,10.01,10.01,9.24,7.31,7.31,7.31,7.31
N_2_15,N_4_14,3.9450882540087817,4.02,4.02,4.02,4.02,4.02,4.02,6.15,6.15,7.1,7.1,4.73,4.73,4.73,4.73,4.73,4.73,6.63,7.57,7.57,6.63,4.26,4.26,4.26,4.26
N_2_15,N_1_16,9.16594678368954,5.09,5.09,5.09,5.09,5.09,5.09,6.32,6.32,6.87,6.87,5.5,5.5,5.5,5.5,5.5,5.5,6.6,7.15,7.15,6.6,5.22,5.22,5.22,5.22
N_2_15,N_1_15,3.9780847069427874,4.06,4.06,4.06,4.06,4.06,4.06,6.21,6.21,7.16,7.16,4.77,4.77,4.77,4.77,4.77,4.77,6.68,7.64,7.64,6.68,4.3,4.3,4.3,4.3
N_2_16,N_1_16,10.453169550406967,5.8,5.8,5.8,5.8,5.8,5.8,7.21,7.21,7.84,7.84,6.27,6.27,6.27,6.27,6.27,6.27,7.53,8.15,8.15,7.53,5.96,5.96,5.96,5.96
N_2_16,N_2_14,11.28140735796722,6.26,6.26,6.26,6.26,6.26,6.26,7.78,7.78,8.46,8.46,6.77,6.77,6.77,6.77,6.77,6.77,8.12,8.8,8.8,8.12,6.43,6.43,6.43,6.43
N_2_16,N_3_18,9.777273737216461,5.43,5.43,5.43,5.43,5.43,5.43,6.75,6.75,7.33,7.33,5.87,5.87,5.87,5.87,5.87,5.87,7.04,7.63,7.63,7.04,5.57,5.57,5.57,5.57
N_2_16,N_3_15,5.444851360186663,5.55,5.55,5.55,5.55,5.55,5.55,8.49,8.49,9.8,9.8,6.53,6.53,6.53,6.53,6.53,6.53,9.15,10.45,10.45,9.15,5.88,5.88,5.88,5.88
N_2_16,N_2_18,11.12778706271389,6.18,6.18,6.18,6.18,6.18,6.18,7.68,7.68,8.35,8.35,6.68,6.68,6.68,6.68,6.68,6.68,8.01,8.68,8.68,8.01,6.34,6.34,6.34,6.34
N_2_17,N_0_18,8.444906267029953,4.69,4.69,4.69,4.69,4.69,4.69,5.83,5.83,6.33,6.33,5.07,5.07,5.07,5.07,5.07,5.07,6.08,6.59,6.59,6.08,4.81,4.81,4.81,4.81
N_2_17,N_4_16,14.658651783378316,8.14,8.14,8.14,8.14,8.14,8.14,10.11,10.11,10.99,10.99,8.8,8.8,8.8,8.8,8.8,8.8,10.55,11.43,11.43,10.55,8.36,8.36,8.36,8.36
N_2_18,N_0_19,6.638803316460917,6.77,6.77,6.77,6.77,6.77,6.77,10.36,10.36,11.95,11.95,7.97,7.97,7.97,7.97,7.97,7.97,11.15,12.75,12.75,11.15,7.17,7.17,7.17,7.17
N_2_18,N_1_17,9.515090286432942,5.28,5.28,5.28,5.28,5.28,5.28,6.57,6.57,7.14,7.14,5.71,5.71,5.71,5.71,5.71,5.71,6.85,7.42,7.42,6.85,5.42,5.42,5.42,5.42
N_2_18,N_1_19,4.741653491618994,4.84,4.84,4.84,4.84,4.84,4.84,7.4,7.4,8.53,8.53,5.69,5.69,5.69,5.69,5.69,5.69,7.97,9.1,9.1,7.97,5.12,5.12,5.12,5.12
N_2_18,N_1_20,3.2493018899630473,3.31,3.31,3.31,3.31,3.31,3.31,5.07,5.07,5.85,5.85,3.9,3.9,3.9,3.9,3.9,3.9,5.46,6.24,6.24,5.46,3.51,3.51,3.51,3.51
N_2_18,N_3_16,4.95578171630442,5.05,5.05,5.05,5.05,5.05,5.05,7.73,7.73,8.92,8.92,5.95,5.95,5.95,5.95,5.95,5.95,8.33,9.52,9.52,8.33,5.35,5.35,5.35,5.35
N_2_18,N_3_19,4.86240805741024,4.96,4.96,4.96,4.96,4.96,4.96,7.59,7.59,8.75,8.75,5.83,5.83,5.83,5.83,5.83,5.83,8.17,9.34,9.34,8.17,5.25,5.25,5.25,5.25
N_2_19,N_0_20,4.490587437503614,4.58,4.58,4.58,4.58,4.58,4.58,7.01,7.01,8.08,8.08,5.39,5.39,5.39,5.39,5.39,5.39,7.54,8.62,8.62,7.54,4.85,4.85,4.85,4.85
N_2_19,N_4_18,10.714957814796627,5.95,5.95,5.95,5.95,5.95,5.95,7.39,7.39,8.04,8.04,6.43,6.43,6.43,6.43,6.43,6.43,7.71,8.36,8.36,7.71,6.11,6.11,6.11,6.11
N_2_19,N_1_17,6.176994728262791,6.3,6.3,6.3,6.3,6.3,6.3,9.64,9.64,11.12,11.12,7.41,7.41,7.41,7.41,7.41,7.41,10.38,11.86,11.86,10.38,6.67,6.67,6.67,6.67
N_2_2,N_1_0,4.333152321345465,4.42,4.42,4.42,4.42,4.42,4.42,6.76,6.76,7.8,7.8,5.2,5.2,5.2,5.2,5.2,5.2,7.28,8.32,8.32,7.28,4.68,4.68,4.68,4.68
N_2_2,N_2_3,3.226754564406877,3.29,3.29,3.29,3.29,3.29,3.29,5.03,5.03,5.81,5.81,3.87,3.87,3.87,3.87,3.87,3.87,5.42,6.2,6.2,5.42,3.48,3.48,3.48,3.48
N_2_2,N_4_2,1.6530983509955466,2.71,2.71,2.71,2.71,2.71,2.71,4.5,4.5,5.29,5.29,3.31,3.31,3.31,3.31,3.31,3.31,4.89,5.69,5.69,4.89,2.91,2.91,2.91,2.91
N_2_20,N_0_21,5.31167407355942,5.42,5.42,5.42,5.42,5.42,5.42,8.29,8.29,9.56,9.56,6.37,6.37,6.37,6.37,6.37,6.37,8.92,10.2,10.2,8.92,5.74,5.74,5.74,5.74
N_2_20,N_1_19,6.359504414714671,6.49,6.49,6.49,6.49,6.49,6.49,9.92,9.92,11.45,11.45,7.63,7.63,7.63,7.63,7.63,7.63,10.68,12.21,12.21,10.68,6.87,6.87,6.87,6.87
N_2_20,N_1_22,10.2225090201053,5.67,5.67,5.67,5.67,5.67,5.67,7.05,7.05,7.67,7.67,6.13,6.13,6.13,6.13,6.13,6.13,7.36,7.97,7.97,7.36,5.83,5.83,5.83,5.83
N_2_20,N_2_21,12.240861195323156,6.79,6.79,6.79,6.79,6.79,6.79,8.45,8.45,9.18,9.18,7.34,7.34,7.34,7.34,7.34,7.34,8.81,9.55,9.55,8.81,6.98,6.98,6.98,6.98
N_2_21,N_1_22,14.426077646269889,8.01,8.01,8.01,8.01,8.01,8.01,9.95,9.95,10.82,10.82,8.66,8.66,8.66,8.66,8.66,8.66,10.39,11.25,11.25,10.39,8.22,8.22,8.22,8.22
N_2_21,N_2_20,12.240861195323156,6.79,6.79,6.79,6.79,6.79,6.79,8.45,8.45,9.18,9.18,7.34,7.34,7.34,7.34,7.34,7.34,8.81,9.55,9.55,8.81,6.98,6.98,6.98,6.98
N_2_22,N_4_23,8.630703233116515,4.79,4.79,4.79,4.79,4.79,4.79,5.96,5.96,6.47,6.47,5.18,5.18,5.18,5.18,5.18,5.18,6.21,6.73,6.73,6.21,4.92,4.92,4.92,4.92
N_2_22,N_3_21,4.579134810726297,4.67,4.67,4.67,4.67,4.67,4.67,7.14,7.14,8.24,8.24,5.49,5.49,5.49,5.49,5.49,5.49,7.69,8.79,8.79,7.69,4.95,4.95,4.95,4.95
N_2_23,N_0_22,3.5674986166050746,3.64,3.64,3.64,3.64,3.64,3.64,5.57,5.57,6.42,6.42,4.28,4.28,4.28,4.28,4.28,4.28,5.99,6.85,6.85,5.99,3.85,3.85,3.85,3.85
N_2_23,N_2_25,0.9292363333057363,1.52,1.52,1.52,1.52,1.52,1.52,2.53,2.53,2.97,2.97,1.86,1.86,1.86,1.86,1.86,1.86,2.75,3.2,3.2,2.75,1.64,1.64,1.64,1.64
N_2_24,N_4_25,6.050288525939585,6.17,6.17,6.17,6.17,6.17,6.17,9.44,9.44,10.89,10.89,7.26,7.26,7.26,7.26,7.26,7.26,10.16,11.62,11.62,10.16,6.53,6.53,6.53,6.53
N_2_24,N_4_24,1.018714531384597,1.67,1.67,1.67,1.67,1.67,1.67,2.77,2.77,3.26,3.26,2.04,2.04,2.04,2.04,2.04,2.04,3.02,3.5,3.5,3.02,1.79,1.79,1.79,1.79
N_2_25,N_2_23,0.9292363333057363,1.52,1.52,1.52,1.52,1.52,1.52,2.53,2.53,2.97,2.97,1.86,1.86,1.86,1.86,1.86,1.86,2.75,3.2,3.2,2.75,1.64,1.64,1.64,1.64
N_2_25,N_1_24,6.447857159102341,6.58,6.58,6.58,6.58,6.58,6.58,10.06,10.06,11.61,11.61,7.74,7.74,7.74,7.74,7.74,7.74,10.83,12.38,12.38,10.83,6.96,6.96,6.96,6.96
N_2_25,N_1_25,8.885379433781477,4.93,4.93,4.93,4.93,4.93,4.93,6.13,6.13,6.66,6.66,5.33,5.33,5.33,5.33,5.33,5.33,6.4,6.93,6.93,6.4,5.06,5.06,5.06,5.06
N_2_26,N_3_26,1.31108000809832,2.15,2.15,2.15,2.15,2.15,2.15,3.57,3.57,4.2,4.2,2.62,2.62,2.62,2.62,2.62,2.62,3.88,4.51,4.51,3.88,2.31,2.31,2.31,2.31
N_2_26,N_2_28,1.7796773679774047,2.92,2.92,2.92,2.92,2.92,2.92,4.84,4.84,5.69,5.69,3.56,3.56,3.56,3.56,3.56,3.56,5.27,6.12,6.12,5.27,3.13,3.13,3.13,3.13
N_2_26,N_4_25,1.1165186557606817,1.83,1.83,1.83,1.83,1.83,1.83,3.04,3.04,3.57,3.57,2.23,2.23,2.23,2.23,2.23,2.23,3.3,3.84,3.84,3.3,1.97,1.97,1.97,1.97
N_2_26,N_0_26,5.708273881029497,5.82,5.82,5.82,5.82,5.82,5.82,8.9,8.9,10.27,10.27,6.85,6.85,6.85,6.85,6.85,6.85,9.59,10.96,10.96,9.59,6.16,6.16,6.16,6.16
N_2_27,N_0_26,0.5846045231255828,0.96,0.96,0.96,0.96,0.96,0.96,1.59,1.59,1.87,1.87,1.17,1.17,1.17,1.17,1.17,1.17,1.73,2.01,2.01,1.73,1.03,1.03,1.03,1.03
N_2_27,N_0_28,9.791777554012109,5.43,5.43,5.43,5.43,5.43,5.43,6.76,6.76,7.34,7.34,5.88,5.88,5.88,5.88,5.88,5.88,7.05,7.64,7.64,7.05,5.58,5.58,5.58,5.58
N_2_28,N_1_26,0.8742230372600082,1.43,1.43,1.43,1.43,1.43,1.43,2.38,2.38,2.8,2.8,1.75,1.75,1.75,1.75,1.75,1.75,2.59,3.01,3.01,2.59,1.54,1.54,1.54,1.54
N_2_28,N_2_26,1.7796773679774047,2.92,2.92,2.92,2.92,2.92,2.92,4.84,4.84,5.69,5.69,3.56,3.56,3.56,3.56,3.56,3.56,5.27,6.12,6.12,5.27,3.13,3.13,3.13,3.13
N_2_28,N_2_27,1.8403889442420585,3.02,3.02,3.02,3.02,3.02,3.02,5.01,5.01,5.89,5.89,3.68,3.68,3.68,3.68,3.68,3.68,5.45,6.33,6.33,5.45,3.24,3.24,3.24,3.24
N_2_28,N_3_27,8.213374369435222,4.56,4.56,4.56,4.56,4.56,4.56,5.67,5.67,6.16,6.16,4.93,4.93,4.93,4.93,4.93,4.93,5.91,6.41,6.41,5.91,4.68,4.68,4.68,4.68
N_2_29,N_0_28,13.433597605270347,7.46,7.46,7.46,7.46,7.46,7.46,9.27,9.27,10.08,10.08,8.06,8.06,8.06,8.06,8.06,8.06,9.67,10.48,10.48,9.67,7.66,7.66,7.66,7.66
N_2_29,N_0_29,4.407768890480306,4.5,4.5,4.5,4.5,4.5,4.5,6.88,6.88,7.93,7.93,5.29,5.29,5.29,5.29,5.29,5.29,7.41,8.46,8.46,7.41,4.76,4.76,4.76,4.76
N_2_3,N_1_2,12.530526823734192,6.95,6.95,6.95,6.95,6.95,6.95,8.65,8.65,9.4,9.4,7.52,7.52,7.52,7.52,7.52,7.52,9.02,9.77,9.77,9.02,7.14,7.14,7.14,7.14
N_2_3,N_4_3,5.813631040736583,5.93,5.93,5.93,5.93,5.93,5.93,9.07,9.07,10.46,10.46,6.98,6.98,6.98,6.98,6.98,6.98,9.77,11.16,11.16,9.77,6.28,6.28,6.28,6.28
N_2_3,N_3_1,3.818247590079795,3.89,3.89,3.89,3.89,3.89,3.89,5.96,5.96,6.87,6.87,4.58,4.58,4.58,4.58,4.58,4.58,6.41,7.33,7.33,6.41,4.12,4.12,4.12,4.12
N_2_3,N_0_3,6.99903493139299,7.14,7.14,7.14,7.14,7.14,7.14,10.92,10.92,12.6,12.6,8.4,8.4,8.4,8.4,8.4,8.4,11.76,13.44,13.44,11.76,7.56,7.56,7.56,7.56
N_2_3,N_1_5,5.427850765066738,5.54,5.54,5.54,5.54,5.54,5.54,8.47,8.47,9.77,9.77,6.51,6.51,6.51,6.51,6.51,6.51,9.12,10.42,10.42,9.12,5.86,5.86,5.86,5.86
N_2_3,N_2_1,2.3774808710735473,3.9,3.9,3.9,3.9,3.9,3.9,6.47,6.47,7.61,7.61,4.75,4.75,4.75,4.75,4.75,4.75,7.04,8.18,8.18,7.04,4.18,4.18,4.18,4.18
N_2_3,N_3_3,2.279273009205223,3.74,3.74,3.74,3.74,3.74,3.74,6.2,6.2,7.29,7.29,4.56,4.56,4.56,4.56,4.56,4.56,6.75,7.84,7.84,6.75,4.01,4.01,4.01,4.01
N_2_30,N_0_29,3.1504289822843683,3.21,3.21,3.21,3.21,3.21,3.21,4.91,4.91,5.67,5.67,3.78,3.78,3.78,3.78,3.78,3.78,5.29,6.05,6.05,5.29,3.4,3.4,3.4,3.4
N_2_30,N_1_29,3.0997335241763606,3.16,3.16,3.16,3.16,3.16,3.16,4.84,4.84,5.58,5.58,3.72,3.72,3.72,3.72,3.72,3.72,5.21,5.95,5.95,5.21,3.35,3.35,3.35,3.35
N_2_30,N_2_31,11.128519670066238,6.18,6.18,6.18,6.18,6.18,6.18,7.68,7.68,8.35,8.35,6.68,6.68,6.68,6.68,6.68,6.68,8.01,8.68,8.68,8.01,6.34,6.34,6.34,6.34
N_2_31,N_0_32,12.849919486028586,7.13,7.13,7.13,7.13,7.13,7.13,8.87,8.87,9.64,9.64,7.71,7.71,7.71,7.71,7.71,7.71,9.25,10.02,10.02,9.25,7.32,7.32,7.32,7.32
N_2_31,N_1_30,14.68511949443935,8.15,8.15,8.15,8.15,8.15,8.15,10.13,10.13,11.01,11.01,8.81,8.81,8.81,8.81,8.81,8.81,10.57,11.45,11.45,10.57,8.37,8.37,8.37,8.37
N_2_31,N_1_33,6.067335004185717,6.19,6.19,6.19,6.19,6.19,6.19,9.47,9.47,10.92,10.92,7.28,7.28,7.28,7.28,7.28,7.28,10.19,11.65,11.65,10.19,6.55,6.55,6.55,6.55
N_2_31,N_2_30,11.128519670066238,6.18,6.18,6.18,6.18,6.18,6.18,7.68,7.68,8.35,8.35,6.68,6.68,6.68,6.68,6.68,6.68,8.01,8.68,8.68,8.01,6.34,6.34,6.34,6.34
N_2_31,N_1_29,5.670838743373304,5.78,5.78,5.78,5.78,5.78,5.78,8.85,8.85,10.21,10.21,6.81,6.81,6.81,6.81,6.81,6.81,9.53,10.89,10.89,9.53,6.12,6.12,6.12,6.12
N_2_31,N_3_31,3.6884822858064448,3.76,3.76,3.76,3.76,3.76,3.76,5.75,5.75,6.64,6.64,4.43,4.43,4.43,4.43,4.43,4.43,6.2,7.08,7.08,6.2,3.98,3.98,3.98,3.98
N_2_31,N_0_31,3.151591235632656,3.21,3.21,3.21,3.21,3.21,3.21,4.92,4.92,5.67,5.67,3.78,3.78,3.78,3.78,3.78,3.78,5.29,6.05,6.05,5.29,3.4,3.4,3.4,3.4
N_2_32,N_4_33,2.410904096060645,3.95,3.95,3.95,3.95,3.95,3.95,6.56,6.56,7.71,7.71,4.82,4.82,4.82,4.82,4.82,4.82,7.14,8.29,8.29,7.14,4.24,4.24,4.24,4.24
N_2_32,N_1_34,6.810185463699822,6.95,6.95,6.95,6.95,6.95,6.95,10.62,10.62,12.26,12.26,8.17,8.17,8.17,8.17,8.17,8.17,11.44,13.08,13.08,11.44,7.36,7.36,7.36,7.36
N_2_32,N_0_31,3.9929672251134773,4.07,4.07,4.07,4.07,4.07,4.07,6.23,6.23,7.19,7.19,4.79,4.79,4.79,4.79,4.79,4.79,6.71,7.67,7.67,6.71,4.31,4.31,4.31,4.31
N_2_33,N_0_34,13.341817812041835,7.4,7.4,7.4,7.4,7.4,7.4,9.21,9.21,10.01,10.01,8.01,8.01,8.01,8.01,8.01,8.01,9.61,10.41,10.41,9.61,7.6,7.6,7.6,7.6
N_2_33,N_1_35,11.588425963087868,6.43,6.43,6.43,6.43,6.43,6.43,8.0,8.0,8.69,8.69,6.95,6.95,6.95,6.95,6.95,6.95,8.34,9.04,9.04,8.34,6.61,6.61,6.61,6.61
N_2_33,N_2_35,11.225192559798778,6.23,6.23,6.23,6.23,6.23,6.23,7.75,7.75,8.42,8.42,6.74,6.74,6.74,6.74,6.74,6.74,8.08,8.76,8.76,8.08,6.4,6.4,6.4,6.4
N_2_33,N_1_34,6.364109759281828,6.49,6.49,6.49,6.49,6.49,6.49,9.93,9.93,11.46,11.46,7.64,7.64,7.64,7.64,7.64,7.64,10.69,12.22,12.22,10.69,6.87,6.87,6.87,6.87
N_2_34,N_1_34,1.5164349977751936,2.49,2.49,2.49,2.49,2.49,2.49,4.12,4.12,4.85,4.85,3.03,3.03,3.03,3.03,3.03,3.03,4.49,5.22,5.22,4.49,2.67,2.67,2.67,2.67
N_2_34,N_0_34,2.441016413966092,4.0,4.0,4.0,4.0,4.0,4.0,6.64,6.64,7.81,7.81,4.88,4.88,4.88,4.88,4.88,4.88,7.23,8.4,8.4,7.23,4.3,4.3,4.3,4.3
N_2_34,N_3_34,1.1082281550035469,1.82,1.82,1.82,1.82,1.82,1.82,3.01,3.01,3.55,3.55,2.22,2.22,2.22,2.22,2.22,2.22,3.28,3.81,3.81,3.28,1.95,1.95,1.95,1.95
N_2_35,N_0_34,0.7946973119832086,1.3,1.3,1.3,1.3,1.3,1.3,2.16,2.16,2.54,2.54,1.59,1.59,1.59,1.59,1.59,1.59,2.35,2.73,2.73,2.35,1.4,1.4,1.4,1.4
N_2_35,N_0_35,2.1783525752232116,3.57,3.57,3.57,3.57,3.57,3.57,5.93,5.93,6.97,6.97,4.36,4.36,4.36,4.36,4.36,4.36,6.45,7.49,7.49,6.45,3.83,3.83,3.83,3.83
N_2_35,N_1_36,3.742853888179475,3.82,3.82,3.82,3.82,3.82,3.82,5.84,5.84,6.74,6.74,4.49,4.49,4.49,4.49,4.49,4.49,6.29,7.19,7.19,6.29,4.04,4.04,4.04,4.04
N_2_36,N_2_38,5.018746827555805,5.12,5.12,5.12,5.12,5.12,5.12,7.83,7.83,9.03,9.03,6.02,6.02,6.02,6.02,6.02,6.02,8.43,9.64,9.64,8.43,5.42,5.42,5.42,5.42
N_2_36,N_1_38,5.314383981921379,5.42,5.42,5.42,5.42,5.42,5.42,8.29,8.29,9.57,9.57,6.38,6.38,6.38,6.38,6.38,6.38,8.93,10.2,10.2,8.93,5.74,5.74,5.74,5.74
N_2_36,N_2_37,1.4542714307395133,2.39,2.39,2.39,2.39,2.39,2.39,3.96,3.96,4.65,4.65,2.91,2.91,2.91,2.91,2.91,2.91,4.3,5.0,5.0,4.3,2.56,2.56,2.56,2.56
N_2_36,N_1_37,12.121891755480235,6.73,6.73,6.73,6.73,6.73,6.73,8.36,8.36,9.09,9.09,7.27,7.27,7.27,7.27,7.27,7.27,8.73,9.46,9.46,8.73,6.91,6.91,6.91,6.91
N_2_36,N_3_35,14.333050582805992,7.95,7.95,7.95,7.95,7.95,7.95,9.89,9.89,10.75,10.75,8.6,8.6,8.6,8.6,8.6,8.6,10.32,11.18,11.18,10.32,8.17,8.17,8.17,8.17
N_2_36,N_4_35,3.4499719844642294,3.52,3.52,3.52,3.52,3.52,3.52,5.38,5.38,6.21,6.21,4.14,4.14,4.14,4.14,4.14,4.14,5.8,6.62,6.62,5.8,3.73,3.73,3.73,3.73
N_2_36,N_2_34,5.2073920262553335,5.31,5.31,5.31,5.31,5.31,5.31,8.12,8.12,9.37,9.37,6.25,6.25,6.25,6.25,6.25,6.25,8.75,10.0,10.0,8.75,5.62,5.62,5.62,5.62
N_2_37,N_0_36,10.016711046274613,5.56,5.56,5.56,5.56,5.56,5.56,6.91,6.91,7.51,7.51,6.01,6.01,6.01,6.01,6.01,6.01,7.21,7.81,7.81,7.21,5.71,5.71,5.71,5.71
N_2_37,N_0_37,8.010950351533793,4.45,4.45,4.45,4.45,4.45,4.45,5.53,5.53,6.01,6.01,4.81,4.81,4.81,4.81,4.81,4.81,5.77,6.25,6.25,5.77,4.57,4.57,4.57,4.57
N_2_38,N_2_36,5.018746827555805,5.12,5.12,5.12,5.12,5.12,5.12,7.83,7.83,9.03,9.03,6.02,6.02,6.02,6.02,6.02,6.02,8.43,9.64,9.64,8.43,5.42,5.42,5.42,5.42
N_2_38,N_0_39,11.925832006082873,6.62,6.62,6.62,6.62,6.62,6.62,8.23,8.23,8.94,8.94,7.16,7.16,7.16,7.16,7.16,7.16,8.59,9.3,9.3,8.59,6.8,6.8,6.8,6.8
N_2_38,N_4_39,14.868584011002802,8.25,8.25,8.25,8.25,8.25,8.25,10.26,10.26,11.15,11.15,8.92,8.92,8.92,8.92,8.92,8.92,10.71,11.6,11.6,10.71,8.48,8.48,8.48,8.48
N_2_39,N_1_37,10.014819183179346,5.56,5.56,5.56,5.56,5.56,5.56,6.91,6.91,7.51,7.51,6.01,6.01,6.01,6.01,6.01,6.01,7.21,7.81,7.81,7.21,5.71,5.71,5.71,5.71
N_2_39,N_1_38,5.007235146401884,5.11,5.11,5.11,5.11,5.11,5.11,7.81,7.81,9.01,9.01,6.01,6.01,6.01,6.01,6.01,6.01,8.41,9.61,9.61,8.41,5.41,5.41,5.41,5.41
N_2_39,N_3_37,0.7749187795074646,1.27,1.27,1.27,1.27,1.27,1.27,2.11,2.11,2.48,2.48,1.55,1.55,1.55,1.55,1.55,1.55,2.29,2.67,2.67,2.29,1.36,1.36,1.36,1.36
N_2_4,N_1_5,4.452698726364245,4.54,4.54,4.54,4.54,4.54,4.54,6.95,6.95,8.01,8.01,5.34,5.34,5.34,5.34,5.34,5.34,7.48,8.55,8.55,7.48,4.81,4.81,4.81,4.81
N_2_4,N_1_6,2.246265593239234,3.68,3.68,3.68,3.68,3.68,3.68,6.11,6.11,7.19,7.19,4.49,4.49,4.49,4.49,4.49,4.49,6.65,7.73,7.73,6.65,3.95,3.95,3.95,3.95
N_2_4,N_1_3,9.493406566424465,5.27,5.27,5.27,5.27,5.27,5.27,6.55,6.55,7.12,7.12,5.7,5.7,5.7,5.7,5.7,5.7,6.84,7.4,7.4,6.84,5.41,5.41,5.41,5.41
N_2_4,N_3_2,1.1834580330041105,1.94,1.94,1.94,1.94,1.94,1.94,3.22,3.22,3.79,3.79,2.37,2.37,2.37,2.37,2.37,2.37,3.5,4.07,4.07,3.5,2.08,2.08,2.08,2.08
N_2_5,N_0_5,6.289365118159546,6.42,6.42,6.42,6.42,6.42,6.42,9.81,9.81,11.32,11.32,7.55,7.55,7.55,7.55,7.55,7.55,10.57,12.08,12.08,10.57,6.79,6.79,6.79,6.79
N_2_5,N_1_5,4.672719982280102,4.77,4.77,4.77,4.77,4.77,4.77,7.29,7.29,8.41,8.41,5.61,5.61,5.61,5.61,5.61,5.61,7.85,8.97,8.97,7.85,5.05,5.05,5.05,5.05
N_2_5,N_1_7,12.378465870793125,6.87,6.87,6.87,6.87,6.87,6.87,8.54,8.54,9.28,9.28,7.43,7.43,7.43,7.43,7.43,7.43,8.91,9.66,9.66,8.91,7.06,7.06,7.06,7.06
N_2_5,N_2_4,4.71567089312922,4.81,4.81,4.81,4.81,4.81,4.81,7.36,7.36,8.49,8.49,5.66,5.66,5.66,5.66,5.66,5.66,7.92,9.05,9.05,7.92,5.09,5.09,5.09,5.09
N_2_6,N_0_5,1.9541626486852715,3.2,3.2,3.2,3.2,3.2,3.2,5.32,5.32,6.25,6.25,3.91,3.91,3.91,3.91,3.91,3.91,5.78,6.72,6.72,5.78,3.44,3.44,3.44,3.44
N_2_6,N_3_5,1.4234501247603883,2.33,2.33,2.33,2.33,2.33,2.33,3.87,3.87,4.56,4.56,2.85,2.85,2.85,2.85,2.85,2.85,4.21,4.9,4.9,4.21,2.51,2.51,2.51,2.51
N_2_6,N_2_4,8.557336189597523,4.75,4.75,4.75,4.75,4.75,4.75,5.9,5.9,6.42,6.42,5.13,5.13,5.13,5.13,5.13,5.13,6.16,6.67,6.67,6.16,4.88,4.88,4.88,4.88
N_2_6,N_0_6,6.981105628746338,7.12,7.12,7.12,7.12,7.12,7.12,10.89,10.89,12.57,12.57,8.38,8.38,8.38,8.38,8.38,8.38,11.73,13.4,13.4,11.73,7.54,7.54,7.54,7.54
N_2_6,N_1_6,1.7450950322256678,2.86,2.86,2.86,2.86,2.86,2.86,4.75,4.75,5.58,5.58,3.49,3.49,3.49,3.49,3.49,3.49,5.17,6.0,6.0,5.17,3.07,3.07,3.07,3.07
N_2_6,N_0_7,6.788739718944623,6.92,6.92,6.92,6.92,6.92,6.92,10.59,10.59,12.22,12.22,8.15,8.15,8.15,8.15,8.15,8.15,11.41,13.03,13.03,11.41,7.33,7.33,7.33,7.33
N_2_7,N_1_7,4.557357536317627,4.65,4.65,4.65,4.65,4.65,4.65,7.11,7.11,8.2,8.2,5.47,5.47,5.47,5.47,5.47,5.47,7.66,8.75,8.75,7.66,4.92,4.92,4.92,4.92
N_2_7,N_4_8,5.889526355239991,6.01,6.01,6.01,6.01,6.01,6.01,9.19,9.19,10.6,10.6,7.07,7.07,7.07,7.07,7.07,7.07,9.89,11.31,11.31,9.89,6.36,6.36,6.36,6.36
N_2_7,N_3_9,12.812168393040611,7.11,7.11,7.11,7.11,7.11,7.11,8.84,8.84,9.61,9.61,7.69,7.69,7.69,7.69,7.69,7.69,9.22,9.99,9.99,9.22,7.3,7.3,7.3,7.3
N_2_7,N_3_8,5.78796356704081,5.9,5.9,5.9,5.9,5.9,5.9,9.03,9.03,10.42,10.42,6.95,6.95,6.95,6.95,6.95,6.95,9.72,11.11,11.11,9.72,6.25,6.25,6.25,6.25
N_2_8,N_1_9,3.159625839095511,3.22,3.22,3.22,3.22,3.22,3.22,4.93,4.93,5.69,5.69,3.79,3.79,3.79,3.79,3.79,3.79,5.31,6.07,6.07,5.31,3.41,3.41,3.41,3.41
N_2_8,N_2_10,8.038987944035501,4.46,4.46,4.46,4.46,4.46,4.46,5.55,5.55,6.03,6.03,4.82,4.82,4.82,4.82,4.82,4.82,5.79,6.27,6.27,5.79,4.58,4.58,4.58,4.58
N_2_8,N_2_7,12.054881966258119,6.69,6.69,6.69,6.69,6.69,6.69,8.32,8.32,9.04,9.04,7.23,7.23,7.23,7.23,7.23,7.23,8.68,9.4,9.4,8.68,6.87,6.87,6.87,6.87
N_2_9,N_0_9,1.8356795809779358,3.01,3.01,3.01,3.01,3.01,3.01,4.99,4.99,5.87,5.87,3.67,3.67,3.67,3.67,3.67,3.67,5.43,6.31,6.31,5.43,3.23,3.23,3.23,3.23
N_2_9,N_4_8,10.63434861593306,5.9,5.9,5.9,5.9,5.9,5.9,7.34,7.34,7.98,7.98,6.38,6.38,6.38,6.38,6.38,6.38,7.66,8.29,8.29,7.66,6.06,6.06,6.06,6.06
N_2_9,N_2_10,2.071034266099775,3.4,3.4,3.4,3.4,3.4,3.4,5.63,5.63,6.63,6.63,4.14,4.14,4.14,4.14,4.14,4.14,6.13,7.12,7.12,6.13,3.65,3.65,3.65,3.65
N_2_9,N_0_10,4.739632053117155,4.83,4.83,4.83,4.83,4.83,4.83,7.39,7.39,8.53,8.53,5.69,5.69,5.69,5.69,5.69,5.69,7.96,9.1,9.1,7.96,5.12,5.12,5.12,5.12
N_2_9,N_1_7,13.524245441337136,7.51,7.51,7.51,7.51,7.51,7.51,9.33,9.33,10.14,10.14,8.11,8.11,8.11,8.11,8.11,8.11,9.74,10.55,10.55,9.74,7.71,7.71,7.71,7.71
N_2_9,N_1_9,13.533520806727932,7.51,7.51,7.51,7.51,7.51,7.51,9.34,9.34,10.15,10.15,8.12,8.12,8.12,8.12,8.12,8.12,9.74,10.56,10.56,9.74,7.71,7.71,7.71,7.71
N_3_0,N_2_0,14.038148784437247,7.79,7.79,7.79,7.79,7.79,7.79,9.69,9.69,10.53,10.53,8.42,8.42,8.42,8.42,8.42,8.42,10.11,10.95,10.95,10.11,8.0,8.0,8.0,8.0
N_3_0,N_3_2,0.8845750358888431,1.45,1.45,1.45,1.45,1.45,1.45,2.41,2.41,2.83,2.83,1.77,1.77,1.77,1.77,1.77,1.77,2.62,3.04,3.04,2.62,1.56,1.56,1.56,1.56
N_3_1,N_2_3,3.818247590079795,3.89,3.89,3.89,3.89,3.89,3.89,5.96,5.96,6.87,6.87,4.58,4.58,4.58,4.58,4.58,4.58,6.41,7.33,7.33,6.41,4.12,4.12,4.12,4.12
N_3_1,N_2_1,10.775432694169641,5.98,5.98,5.98,5.98,5.98,5.98,7.44,7.44,8.08,8.08,6.47,6.47,6.47,6.47,6.47,6.47,7.76,8.4,8.4,7.76,6.14,6.14,6.14,6.14
N_3_1,N_3_2,12.863547872926354,7.14,7.14,7.14,7.14,7.14,7.14,8.88,8.88,9.65,9.65,7.72,7.72,7.72,7.72,7.72,7.72,9.26,10.03,10.03,9.26,7.33,7.33,7.33,7.33
N_3_10,N_2_9,9.238142609346763,5.13,5.13,5.13,5.13,5.13,5.13,6.37,6.37,6.93,6.93,5.54,5.54,5.54,5.54,5.54,5.54,6.65,7.21,7.21,6.65,5.27,5.27,5.27,5.27
N_3_10,N_5_9,10.607564891688767,5.89,5.89,5.89,5.89,5.89,5.89,7.32,7.32,7.96,7.96,6.36,6.36,6.36,6.36,6.36,6.36,7.64,8.27,8.27,7.64,6.05,6.05,6.05,6.05
N_3_10,N_4_10,6.826181180810959,6.96,6.96,6.96,6.96,6.96,6.96,10.65,10.65,12.29,12.29,8.19,8.19,8.19,8.19,8.19,8.19,11.47,13.11,13.11,11.47,7.37,7.37,7.37,7.37
N_3_11,N_4_13,1.0463942355828786,1.72,1.72,1.72,1.72,1.72,1.72,2.85,2.85,3.35,3.35,2.09,2.09,2.09,2.09,2.09,2.09,3.1,3.6,3.6,3.1,1.84,1.84,1.84,1.84
N_3_11,N_1_10,6.170113273356026,6.29,6.29,6.29,6.29,6.29,6.29,9.63,9.63,11.11,11.11,7.4,7.4,7.4,7.4,7.4,7.4,10.37,11.85,11.85,10.37,6.66,6.66,6.66,6.66
N_3_11,N_3_10,4.699952694062581,4.79,4.79,4.79,4.79,4.79,4.79,7.33,7.33,8.46,8.46,5.64,5.64,5.64,5.64,5.64,5.64,7.9,9.02,9.02,7.9,5.08,5.08,5.08,5.08
N_3_11,N_2_11,9.152367259370525,5.08,5.08,5.08,5.08,5.08,5.08,6.32,6.32,6.86,6.86,5.49,5.49,5.49,5.49,5.49,5.49,6.59,7.14,7.14,6.59,5.22,5.22,5.22,5.22
N_3_11,N_5_12,13.14791033653956,7.3,7.3,7.3,7.3,7.3,7.3,9.07,9.07,9.86,9.86,7.89,7.89,7.89,7.89,7.89,7.89,9.47,10.26,10.26,9.47,7.49,7.49,7.49,7.49
N_3_11,N_4_9,4.720334868005491,4.81,4.81,4.81,4.81,4.81,4.81,7.36,7.36,8.5,8.5,5.66,5.66,5.66,5.66,5.66,5.66,7.93,9.06,9.06,7.93,5.1,5.1,5.1,5.1
N_3_11,N_4_12,6.4655935094523125,6.59,6.59,6.59,6.59,6.59,6.59,10.09,10.09,11.64,11.64,7.76,7.76,7.76,7.76,7.76,7.76,10.86,12.41,12.41,10.86,6.98,6.98,6.98,6.98
N_3_12,N_2_10,14.612009249662314,8.11,8.11,8.11,8.11,8.11,8.11,10.08,10.08,10.96,10.96,8.77,8.77,8.77,8.77,8.77,8.77,10.52,11.4,11.4,10.52,8.33,8.33,8.33,8.33
N_3_12,N_4_14,4.14082779443881,4.22,4.22,4.22,4.22,4.22,4.22,6.46,6.46,7.45,7.45,4.97,4.97,4.97,4.97,4.97,4.97,6.96,7.95,7.95,6.96,4.47,4.47,4.47,4.47
N_3_12,N_5_12,6.479481315517703,6.61,6.61,6.61,6.61,6.61,6.61,10.11,10.11,11.66,11.66,7.78,7.78,7.78,7.78,7.78,7.78,10.89,12.44,12.44,10.89,7.0,7.0,7.0,7.0
N_3_13,N_3_14,5.714072875447913,5.83,5.83,5.83,5.83,5.83,5.83,8.91,8.91,10.29,10.29,6.86,6.86,6.86,6.86,6.86,6.86,9.6,10.97,10.97,9.6,6.17,6.17,6.17,6.17
N_3_13,N_4_13,9.341397099742807,5.18,5.18,5.18,5.18,5.18,5.18,6.45,6.45,7.01,7.01,5.6,5.6,5.6,5.6,5.6,5.6,6.73,7.29,7.29,6.73,5.32,5.32,5.32,5.32
N_3_13,N_2_12,5.740331982663749,5.86,5.86,5.86,5.86,5.86,5.86,8.95,8.95,10.33,10.33,6.89,6.89,6.89,6.89,6.89,6.89,9.64,11.02,11.02,9.64,6.2,6.2,6.2,6.2
N_3_13,N_4_12,1.2072603808971758,1.98,1.98,1.98,1.98,1.98,1.98,3.28,3.28,3.86,3.86,2.41,2.41,2.41,2.41,2.41,2.41,3.57,4.15,4.15,3.57,2.12,2.12,2.12,2.12
N_3_14,N_3_13,5.714072875447913,5.83,5.83,5.83,5.83,5.83,5.83,8.91,8.91,10.29,10.29,6.86,6.86,6.86,6.86,6.86,6.86,9.6,10.97,10.97,9.6,6.17,6.17,6.17,6.17
N_3_14,N_4_16,3.918073561224239,4.0,4.0,4.0,4.0,4.0,4.0,6.11,6.11,7.05,7.05,4.7,4.7,4.7,4.7,4.7,4.7,6.58,7.52,7.52,6.58,4.23,4.23,4.23,4.23
N_3_14,N_3_15,5.537476770290921,5.65,5.65,5.65,5.65,5.65,5.65,8.64,8.64,9.97,9.97,6.64,6.64,6.64,6.64,6.64,6.64,9.3,10.63,10.63,9.3,5.98,5.98,5.98,5.98
N_3_14,N_1_13,14.108108727443017,7.83,7.83,7.83,7.83,7.83,7.83,9.73,9.73,10.58,10.58,8.46,8.46,8.46,8.46,8.46,8.46,10.16,11.0,11.0,10.16,8.04,8.04,8.04,8.04
N_3_15,N_1_14,2.485510717825134,4.08,4.08,4.08,4.08,4.08,4.08,6.76,6.76,7.95,7.95,4.97,4.97,4.97,4.97,4.97,4.97,7.36,8.55,8.55,7.36,4.37,4.37,4.37,4.37
N_3_15,N_2_16,5.444851360186663,5.55,5.55,5.55,5.55,5.55,5.55,8.49,8.49,9.8,9.8,6.53,6.53,6.53,6.53,6.53,6.53,9.15,10.45,10.45,9.15,5.88,5.88,5.88,5.88
N_3_15,N_3_14,5.537476770290921,5.65,5.65,5.65,5.65,5.65,5.65,8.64,8.64,9.97,9.97,6.64,6.64,6.64,6.64,6.64,6.64,9.3,10.63,10.63,9.3,5.98,5.98,5.98,5.98
N_3_15,N_4_13,4.9004457474579635,5.0,5.0,5.0,5.0,5.0,5.0,7.64,7.64,8.82,8.82,5.88,5.88,5.88,5.88,5.88,5.88,8.23,9.41,9.41,8.23,5.29,5.29,5.29,5.29
N_3_16,N_1_16,3.244431156664275,3.31,3.31,3.31,3.31,3.31,3.31,5.06,5.06,5.84,5.84,3.89,3.89,3.89,3.89,3.89,3.89,5.45,6.23,6.23,5.45,3.5,3.5,3.5,3.5
N_3_16,N_2_14,2.028668354311584,3.33,3.33,3.33,3.33,3.33,3.33,5.52,5.52,6.49,6.49,4.06,4.06,4.06,4.06,4.06,4.06,6.0,6.98,6.98,6.0,3.57,3.57,3.57,3.57
N_3_16,N_4_18,6.941135237053098,7.08,7.08,7.08,7.08,7.08,7.08,10.83,10.83,12.49,12.49,8.33,8.33,8.33,8.33,8.33,8.33,11.66,13.33,13.33,11.66,7.5,7.5,7.5,7.5
N_3_16,N_4_16,6.350041761378684,6.48,6.48,6.48,6.48,6.48,6.48,9.91,9.91,11.43,11.43,7.62,7.62,7.62,7.62,7.62,7.62,10.67,12.19,12.19,10.67,6.86,6.86,6.86,6.86
N_3_17,N_1_17,4.531786064212328,4.62,4.62,4.62,4.62,4.62,4.62,7.07,7.07,8.16,8.16,5.44,5.44,5.44,5.44,5.44,5.44,7.61,8.7,8.7,7.61,4.89,4.89,4.89,4.89
N_3_17,N_1_18,13.650640711768144,7.58,7.58,7.58,7.58,7.58,7.58,9.42,9.42,10.24,10.24,8.19,8.19,8.19,8.19,8.19,8.19,9.83,10.65,10.65,9.83,7.78,7.78,7.78,7.78
N_3_17,N_2_15,3.6509361422498063,3.72,3.72,3.72,3.72,3.72,3.72,5.7,5.7,6.57,6.57,4.38,4.38,4.38,4.38,4.38,4.38,6.13,7.01,7.01,6.13,3.94,3.94,3.94,3.94
N_3_17,N_2_16,3.412813369958039,3.48,3.48,3.48,3.48,3.48,3.48,5.32,5.32,6.14,6.14,4.1,4.1,4.1,4.1,4.1,4.1,5.73,6.55,6.55,5.73,3.69,3.69,3.69,3.69
N_3_18,N_4_20,9.230104030838204,5.12,5.12,5.12,5.12,5.12,5.12,6.37,6.37,6.92,6.92,5.54,5.54,5.54,5.54,5.54,5.54,6.65,7.2,7.2,6.65,5.26,5.26,5.26,5.26
N_3_18,N_2_20,11.654150901001533,6.47,6.47,6.47,6.47,6.47,6.47,8.04,8.04,8.74,8.74,6.99,6.99,6.99,6.99,6.99,6.99,8.39,9.09,9.09,8.39,6.64,6.64,6.64,6.64
N_3_19,N_2_18,4.86240805741024,4.96,4.96,4.96,4.96,4.96,4.96,7.59,7.59,8.75,8.75,5.83,5.83,5.83,5.83,5.83,5.83,8.17,9.34,9.34,8.17,5.25,5.25,5.25,5.25
N_3_19,N_1_18,1.0787259925686743,1.77,1.77,1.77,1.77,1.77,1.77,2.93,2.93,3.45,3.45,2.16,2.16,2.16,2.16,2.16,2.16,3.19,3.71,3.71,3.19,1.9,1.9,1.9,1.9
N_3_19,N_4_19,14.603837420011807,8.11,8.11,8.11,8.11,8.11,8.11,10.08,10.08,10.95,10.95,8.76,8.76,8.76,8.76,8.76,8.76,10.51,11.39,11.39,10.51,8.32,8.32,8.32,8.32
N_3_2,N_3_0,0.8845750358888431,1.45,1.45,1.45,1.45,1.45,1.45,2.41,2.41,2.83,2.83,1.77,1.77,1.77,1.77,1.77,1.77,2.62,3.04,3.04,2.62,1.56,1.56,1.56,1.56
N_3_2,N_3_1,12.863547872926354,7.14,7.14,7.14,7.14,7.14,7.14,8.88,8.88,9.65,9.65,7.72,7.72,7.72,7.72,7.72,7.72,9.26,10.03,10.03,9.26,7.33,7.33,7.33,7.33
N_3_20,N_2_20,12.531133851043222,6.95,6.95,6.95,6.95,6.95,6.95,8.65,8.65,9.4,9.4,7.52,7.52,7.52,7.52,7.52,7.52,9.02,9.77,9.77,9.02,7.14,7.14,7.14,7.14
N_3_20,N_5_20,8.605792231579954,4.78,4.78,4.78,4.78,4.78,4.78,5.94,5.94,6.45,6.45,5.16,5.16,5.16,5.16,5.16,5.16,6.2,6.71,6.71,6.2,4.91,4.91,4.91,4.91
N_3_20,N_1_20,2.4862350812941214,4.08,4.08,4.08,4.08,4.08,4.08,6.76,6.76,7.96,7.96,4.97,4.97,4.97,4.97,4.97,4.97,7.36,8.55,8.55,7.36,4.38,4.38,4.38,4.38
N_3_21,N_1_21,11.103792096015505,6.16,6.16,6.16,6.16,6.16,6.16,7.66,7.66,8.33,8.33,6.66,6.66,6.66,6.66,6.66,6.66,7.99,8.66,8.66,7.99,6.33,6.33,6.33,6.33
N_3_21,N_2_22,4.579134810726297,4.67,4.67,4.67,4.67,4.67,4.67,7.14,7.14,8.24,8.24,5.49,5.49,5.49,5.49,5.49,5.49,7.69,8.79,8.79,7.69,4.95,4.95,4.95,4.95
N_3_21,N_3_19,8.9857869866896,4.99,4.99,4.99,4.99,4.99,4.99,6.2,6.2,6.74,6.74,5.39,5.39,5.39,5.39,5.39,5.39,6.47,7.01,7.01,6.47,5.12,5.12,5.12,5.12
N_3_22,N_5_21,3.2905913997913707,3.36,3.36,3.36,3.36,3.36,3.36,5.13,5.13,5.92,5.92,3.95,3.95,3.95,3.95,3.95,3.95,5.53,6.32,6.32,5.53,3.55,3.55,3.55,3.55
N_3_22,N_5_23,1.3575086322517704,2.23,2.23,2.23,2.23,2.23,2.23,3.69,3.69,4.34,4.34,2.72,2.72,2.72,2.72,2.72,2.72,4.02,4.67,4.67,4.02,2.39,2.39,2.39,2.39
N_3_22,N_1_21,1.6386993893157047,2.69,2.69,2.69,2.69,2.69,2.69,4.46,4.46,5.24,5.24,3.28,3.28,3.28,3.28,3.28,3.28,4.85,5.64,5.64,4.85,2.88,2.88,2.88,2.88
N_3_23,N_2_23,6.921595600167583,7.06,7.06,7.06,7.06,7.06,7.06,10.8,10.8,12.46,12.46,8.31,8.31,8.31,8.31,8.31,8.31,11.63,13.29,13.29,11.63,7.48,7.48,7.48,7.48
N_3_23,N_4_24,2.3814903508549876,3.91,3.91,3.91,3.91,3.91,3.91,6.48,6.48,7.62,7.62,4.76,4.76,4.76,4.76,4.76,4.76,7.05,8.19,8.19,7.05,4.19,4.19,4.19,4.19
N_3_24,N_5_24,12.259861700157751,6.8,6.8,6.8,6.8,6.8,6.8,8.46,8.46,9.19,9.19,7.36,7.36,7.36,7.36,7.36,7.36,8.83,9.56,9.56,8.83,6.99,6.99,6.99,6.99
N_3_24,N_3_26,1.3714849094490875,2.25,2.25,2.25,2.25,2.25,2.25,3.73,3.73,4.39,4.39,2.74,2.74,2.74,2.74,2.74,2.74,4.06,4.72,4.72,4.06,2.41,2.41,2.41,2.41
N_3_24,N_4_22,14.601175914277848,8.1,8.1,8.1,8.1,8.1,8.1,10.07,10.07,10.95,10.95,8.76,8.76,8.76,8.76,8.76,8.76,10.51,11.39,11.39,10.51,8.32,8.32,8.32,8.32
N_3_25,N_5_24,5.023190442514987,5.12,5.12,5.12,5.12,5.12,5.12,7.84,7.84,9.04,9.04,6.03,6.03,6.03,6.03,6.03,6.03,8.44,9.64,9.64,8.44,5.43,5.43,5.43,5.43
N_3_25,N_3_26,3.5053141368795657,3.58,3.58,3.58,3.58,3.58,3.58,5.47,5.47,6.31,6.31,4.21,4.21,4.21,4.21,4.21,4.21,5.89,6.73,6.73,5.89,3.79,3.79,3.79,3.79
N_3_25,N_2_23,3.000243476340372,3.06,3.06,3.06,3.06,3.06,3.06,4.68,4.68,5.4,5.4,3.6,3.6,3.6,3.6,3.6,3.6,5.04,5.76,5.76,5.04,3.24,3.24,3.24,3.24
N_3_26,N_2_26,1.31108000809832,2.15,2.15,2.15,2.15,2.15,2.15,3.57,3.57,4.2,4.2,2.62,2.62,2.62,2.62,2.62,2.62,3.88,4.51,4.51,3.88,2.31,2.31,2.31,2.31
N_3_26,N_3_24,1.3714849094490875,2.25,2.25,2.25,2.25,2.25,2.25,3.73,3.73,4.39,4.39,2.74,2.74,2.74,2.74,2.74,2.74,4.06,4.72,4.72,4.06,2.41,2.41,2.41,2.41
N_3_26,N_3_25,2.2709576306871693,3.72,3.72,3.72,3.72,3.72,3.72,6.18,6.18,7.27,7.27,4.54,4.54,4.54,4.54,4.54,4.54,6.72,7.81,7.81,6.72,4.0,4.0,4.0,4.0
N_3_26,N_3_27,11.398323697158654,6.33,6.33,6.33,6.33,6.33,6.33,7.86,7.86,8.55,8.55,6.84,6.84,6.84,6.84,6.84,6.84,8.21,8.89,8.89,8.21,6.5,6.5,6.5,6.5
N_3_27,N_2_28,8.213374369435222,4.56,4.56,4.56,4.56,4.56,4.56,5.67,5.67,6.16,6.16,4.93,4.93,4.93,4.93,4.93,4.93,5.91,6.41,6.41,5.91,4.68,4.68,4.68,4.68
N_3_27,N_3_26,11.398323697158654,6.33,6.33,6.33,6.33,6.33,6.33,7.86,7.86,8.55,8.55,6.84,6.84,6.84,6.84,6.84,6.84,8.21,8.89,8.89,8.21,6.5,6.5,6.5,6.5
N_3_27,N_4_25,12.020526629705806,6.67,6.67,6.67,6.67,6.67,6.67,8.29,8.29,9.02,9.02,7.21,7.21,7.21,7.21,7.21,7.21,8.65,9.38,9.38,8.65,6.85,6.85,6.85,6.85
N_3_27,N_5_26,0.7184146043815445,1.18,1.18,1.18,1.18,1.18,1.18,1.95,1.95,2.3,2.3,1.44,1.44,1.44,1.44,1.44,1.44,2.13,2.47,2.47,2.13,1.26,1.26,1.26,1.26
N_3_28,N_3_29,5.721941709956701,5.84,5.84,5.84,5.84,5.84,5.84,8.93,8.93,10.3,10.3,6.87,6.87,6.87,6.87,6.87,6.87,9.61,10.99,10.99,9.61,6.18,6.18,6.18,6.18
N_3_28,N_3_30,6.624203822036417,6.76,6.76,6.76,6.76,6.76,6.76,10.33,10.33,11.92,11.92,7.95,7.95,7.95,7.95,7.95,7.95,11.13,12.72,12.72,11.13,7.15,7.15,7.15,7.15
N_3_28,N_2_29,6.509026244407297,6.64,6.64,6.64,6.64,6.64,6.64,10.15,10.15,11.72,11.72,7.81,7.81,7.81,7.81,7.81,7.81,10.94,12.5,12.5,10.94,7.03,7.03,7.03,7.03
N_3_29,N_1_30,1.1925737364003899,1.96,1.96,1.96,1.96,1.96,1.96,3.24,3.24,3.82,3.82,2.39,2.39,2.39,2.39,2.39,2.39,3.53,4.1,4.1,3.53,2.1,2.1,2.1,2.1
N_3_29,N_3_28,5.721941709956701,5.84,5.84,5.84,5.84,5.84,5.84,8.93,8.93,10.3,10.3,6.87,6.87,6.87,6.87,6.87,6.87,9.61,10.99,10.99,9.61,6.18,6.18,6.18,6.18
N_3_29,N_3_27,11.305521759107245,6.27,6.27,6.27,6.27,6.27,6.27,7.8,7.8,8.48,8.48,6.78,6.78,6.78,6.78,6.78,6.78,8.14,8.82,8.82,8.14,6.44,6.44,6.44,6.44
N_3_29,N_4_31,0.6761815541883731,1.11,1.11,1.11,1.11,1.11,1.11,1.84,1.84,2.16,2.16,1.35,1.35,1.35,1.35,1.35,1.35,2.0,2.33,2.33,2.0,1.19,1.19,1.19,1.19
N_3_3,N_2_3,2.279273009205223,3.74,3.74,3.74,3.74,3.74,3.74,6.2,6.2,7.29,7.29,4.56,4.56,4.56,4.56,4.56,4.56,6.75,7.84,7.84,6.75,4.01,4.01,4.01,4.01
N_3_3,N_4_1,14.246813029627424,7.91,7.91,7.91,7.91,7.91,7.91,9.83,9.83,10.69,10.69,8.55,8.55,8.55,8.55,8.55,8.55,10.26,11.11,11.11,10.26,8.12,8.12,8.12,8.12
N_3_30,N_5_30,3.876117586783362,3.95,3.95,3.95,3.95,3.95,3.95,6.05,6.05,6.98,6.98,4.65,4.65,4.65,4.65,4.65,4.65,6.51,7.44,7.44,6.51,4.19,4.19,4.19,4.19
N_3_30,N_2_28,10.097030062352438,5.6,5.6,5.6,5.6,5.6,5.6,6.97,6.97,7.57,7.57,6.06,6.06,6.06,6.06,6.06,6.06,7.27,7.88,7.88,7.27,5.76,5.76,5.76,5.76
N_3_30,N_1_30,10.125478124422662,5.62,5.62,5.62,5.62,5.62,5.62,6.99,6.99,7.59,7.59,6.08,6.08,6.08,6.08,6.08,6.08,7.29,7.9,7.9,7.29,5.77,5.77,5.77,5.77
N_3_31,N_1_30,5.069394285506979,5.17,5.17,5.17,5.17,5.17,5.17,7.91,7.91,9.12,9.12,6.08,6.08,6.08,6.08,6.08,6.08,8.52,9.73,9.73,8.52,5.47,5.47,5.47,5.47
N_3_31,N_2_31,3.6884822858064448,3.76,3.76,3.76,3.76,3.76,3.76,5.75,5.75,6.64,6.64,4.43,4.43,4.43,4.43,4.43,4.43,6.2,7.08,7.08,6.2,3.98,3.98,3.98,3.98
N_3_32,N_5_32,5.664329647723223,5.78,5.78,5.78,5.78,5.78,5.78,8.84,8.84,10.2,10.2,6.8,6.8,6.8,6.8,6.8,6.8,9.52,10.88,10.88,9.52,6.12,6.12,6.12,6.12
N_3_32,N_3_33,0.6994597457504568,1.15,1.15,1.15,1.15,1.15,1.15,1.9,1.9,2.24,2.24,1.4,1.4,1.4,1.4,1.4,1.4,2.07,2.41,2.41,2.07,1.23,1.23,1.23,1.23
N_3_32,N_5_33,13.452364262585139,7.47,7.47,7.47,7.47,7.47,7.47,9.28,9.28,10.09,10.09,8.07,8.07,8.07,8.07,8.07,8.07,9.69,10.49,10.49,9.69,7.67,7.67,7.67,7.67
N_3_32,N_1_31,14.90396150802632,8.27,8.27,8.27,8.27,8.27,8.27,10.28,10.28,11.18,11.18,8.94,8.94,8.94,8.94,8.94,8.94,10.73,11.63,11.63,10.73,8.5,8.5,8.5,8.5
N_3_33,N_3_32,0.6994597457504568,1.15,1.15,1.15,1.15,1.15,1.15,1.9,1.9,2.24,2.24,1.4,1.4,1.4,1.4,1.4,1.4,2.07,2.41,2.41,2.07,1.23,1.23,1.23,1.23
N_3_33,N_3_35,2.2859376234217432,3.75,3.75,3.75,3.75,3.75,3.75,6.22,6.22,7.32,7.32,4.57,4.57,4.57,4.57,4.57,4.57,6.77,7.86,7.86,6.77,4.02,4.02,4.02,4.02
N_3_33,N_3_31,14.307818421693362,7.94,7.94,7.94,7.94,7.94,7.94,9.87,9.87,10.73,10.73,8.58,8.58,8.58,8.58,8.58,8.58,10.3,11.16,11.16,10.3,8.16,8.16,8.16,8.16
N_3_33,N_2_31,1.214688790916248,1.99,1.99,1.99,1.99,1.99,1.99,3.3,3.3,3.89,3.89,2.43,2.43,2.43,2.43,2.43,2.43,3.6,4.18,4.18,3.6,2.14,2.14,2.14,2.14
N_3_34,N_2_34,1.1082281550035469,1.82,1.82,1.82,1.82,1.82,1.82,3.01,3.01,3.55,3.55,2.22,2.22,2.22,2.22,2.22,2.22,3.28,3.81,3.81,3.28,1.95,1.95,1.95,1.95
N_3_34,N_2_35,11.100595712134922,6.16,6.16,6.16,6.16,6.16,6.16,7.66,7.66,8.33,8.33,6.66,6.66,6.66,6.66,6.66,6.66,7.99,8.66,8.66,7.99,6.33,6.33,6.33,6.33
N_3_35,N_2_36,14.333050582805992,7.95,7.95,7.95,7.95,7.95,7.95,9.89,9.89,10.75,10.75,8.6,8.6,8.6,8.6,8.6,8.6,10.32,11.18,11.18,10.32,8.17,8.17,8.17,8.17
N_3_35,N_3_33,2.2859376234217432,3.75,3.75,3.75,3.75,3.75,3.75,6.22,6.22,7.32,7.32,4.57,4.57,4.57,4.57,4.57,4.57,6.77,7.86,7.86,6.77,4.02,4.02,4.02,4.02
N_3_35,N_2_34,2.0457227039540964,3.35,3.35,3.35,3.35,3.35,3.35,5.56,5.56,6.55,6.55,4.09,4.09,4.09,4.09,4.09,4.09,6.06,7.04,7.04,6.06,3.6,3.6,3.6,3.6
N_3_36,N_1_36,3.195324879116904,3.26,3.26,3.26,3.26,3.26,3.26,4.98,4.98,5.75,5.75,3.83,3.83,3.83,3.83,3.83,3.83,5.37,6.14,6.14,5.37,3.45,3.45,3.45,3.45
N_3_36,N_5_35,1.7331989242420627,2.84,2.84,2.84,2.84,2.84,2.84,4.71,4.71,5.55,5.55,3.47,3.47,3.47,3.47,3.47,3.47,5.13,5.96,5.96,5.13,3.05,3.05,3.05,3.05
N_3_36,N_4_36,4.384432696103012,4.47,4.47,4.47,4.47,4.47,4.47,6.84,6.84,7.89,7.89,5.26,5.26,5.26,5.26,5.26,5.26,7.37,8.42,8.42,7.37,4.74,4.74,4.74,4.74
N_3_36,N_2_36,1.8720493699175447,3.07,3.07,3.07,3.07,3.07,3.07,5.09,5.09,5.99,5.99,3.74,3.74,3.74,3.74,3.74,3.74,5.54,6.44,6.44,5.54,3.29,3.29,3.29,3.29
N_3_37,N_2_39,0.7749187795074646,1.27,1.27,1.27,1.27,1.27,1.27,2.11,2.11,2.48,2.48,1.55,1.55,1.55,1.55,1.55,1.55,2.29,2.67,2.67,2.29,1.36,1.36,1.36,1.36
N_3_37,N_3_36,4.910002597056863,5.01,5.01,5.01,5.01,5.01,5.01,7.66,7.66,8.84,8.84,5.89,5.89,5.89,5.89,5.89,5.89,8.25,9.43,9.43,8.25,5.3,5.3,5.3,5.3
N_3_37,N_5_37,3.966543644550917,4.05,4.05,4.05,4.05,4.05,4.05,6.19,6.19,7.14,7.14,4.76,4.76,4.76,4.76,4.76,4.76,6.66,7.62,7.62,6.66,4.28,4.28,4.28,4.28
N_3_37,N_1_36,12.76152655390758,7.08,7.08,7.08,7.08,7.08,7.08,8.81,8.81,9.57,9.57,7.66,7.66,7.66,7.66,7.66,7.66,9.19,9.95,9.95,9.19,7.27,7.27,7.27,7.27
N_3_38,N_4_37,3.0321997767080724,3.09,3.09,3.09,3.09,3.09,3.09,4.73,4.73,5.46,5.46,3.64,3.64,3.64,3.64,3.64,3.64,5.09,5.82,5.82,5.09,3.27,3.27,3.27,3.27
N_3_38,N_5_39,3.0442167542242564,3.11,3.11,3.11,3.11,3.11,3.11,4.75,4.75,5.48,5.48,3.65,3.65,3.65,3.65,3.65,3.65,5.11,5.84,5.84,5.11,3.29,3.29,3.29,3.29
N_3_38,N_3_36,1.1262072064743023,1.85,1.85,1.85,1.85,1.85,1.85,3.06,3.06,3.6,3.6,2.25,2.25,2.25,2.25,2.25,2.25,3.33,3.87,3.87,3.33,1.98,1.98,1.98,1.98
N_3_38,N_2_36,4.143476250939603,4.23,4.23,4.23,4.23,4.23,4.23,6.46,6.46,7.46,7.46,4.97,4.97,4.97,4.97,4.97,4.97,6.96,7.96,7.96,6.96,4.47,4.47,4.47,4.47
N_3_38,N_2_37,12.074790674656914,6.7,6.7,6.7,6.7,6.7,6.7,8.33,8.33,9.06,9.06,7.24,7.24,7.24,7.24,7.24,7.24,8.69,9.42,9.42,8.69,6.88,6.88,6.88,6.88
N_3_39,N_4_37,5.572604146451658,5.68,5.68,5.68,5.68,5.68,5.68,8.69,8.69,10.03,10.03,6.69,6.69,6.69,6.69,6.69,6.69,9.36,10.7,10.7,9.36,6.02,6.02,6.02,6.02
N_3_39,N_2_37,0.5927896999742015,0.97,0.97,0.97,0.97,0.97,0.97,1.61,1.61,1.9,1.9,1.19,1.19,1.19,1.19,1.19,1.19,1.75,2.04,2.04,1.75,1.04,1.04,1.04,1.04
N_3_4,N_1_5,4.604466037454317,4.7,4.7,4.7,4.7,4.7,4.7,7.18,7.18,8.29,8.29,5.53,5.53,5.53,5.53,5.53,5.53,7.74,8.84,8.84,7.74,4.97,4.97,4.97,4.97
N_3_4,N_4_6,2.3470592336668785,3.85,3.85,3.85,3.85,3.85,3.85,6.38,6.38,7.51,7.51,4.69,4.69,4.69,4.69,4.69,4.69,6.95,8.07,8.07,6.95,4.13,4.13,4.13,4.13
N_3_5,N_2_6,1.4234501247603883,2.33,2.33,2.33,2.33,2.33,2.33,3.87,3.87,4.56,4.56,2.85,2.85,2.85,2.85,2.85,2.85,4.21,4.9,4.9,4.21,2.51,2.51,2.51,2.51
N_3_5,N_5_4,6.529221301650432,6.66,6.66,6.66,6.66,6.66,6.66,10.19,10.19,11.75,11.75,7.84,7.84,7.84,7.84,7.84,7.84,10.97,12.54,12.54,10.97,7.05,7.05,7.05,7.05
N_3_5,N_4_7,0.7829306044812965,1.28,1.28,1.28,1.28,1.28,1.28,2.13,2.13,2.51,2.51,1.57,1.57,1.57,1.57,1.57,1.57,2.32,2.69,2.69,2.32,1.38,1.38,1.38,1.38
N_3_5,N_5_6,3.310950733895138,3.38,3.38,3.38,3.38,3.38,3.38,5.17,5.17,5.96,5.96,3.97,3.97,3.97,3.97,3.97,3.97,5.56,6.36,6.36,5.56,3.58,3.58,3.58,3.58
N_3_6,N_1_6,5.624762450822313,5.74,5.74,5.74,5.74,5.74,5.74,8.77,8.77,10.12,10.12,6.75,6.75,6.75,6.75,6.75,6.75,9.45,10.8,10.8,9.45,6.07,6.07,6.07,6.07
N_3_6,N_2_4,14.348330530320855,7.96,7.96,7.96,7.96,7.96,7.96,9.9,9.9,10.76,10.76,8.61,8.61,8.61,8.61,8.61,8.61,10.33,11.19,11.19,10.33,8.18,8.18,8.18,8.18
N_3_6,N_2_6,12.009955081112874,6.67,6.67,6.67,6.67,6.67,6.67,8.29,8.29,9.01,9.01,7.21,7.21,7.21,7.21,7.21,7.21,8.65,9.37,9.37,8.65,6.85,6.85,6.85,6.85
N_3_7,N_1_7,14.392447353375367,7.99,7.99,7.99,7.99,7.99,7.99,9.93,9.93,10.79,10.79,8.64,8.64,8.64,8.64,8.64,8.64,10.36,11.23,11.23,10.36,8.2,8.2,8.2,8.2
N_3_7,N_2_7,4.8817807187878905,4.98,4.98,4.98,4.98,4.98,4.98,7.62,7.62,8.79,8.79,5.86,5.86,5.86,5.86,5.86,5.86,8.2,9.37,9.37,8.2,5.27,5.27,5.27,5.27
N_3_7,N_5_7,11.892090787122758,6.6,6.6,6.6,6.6,6.6,6.6,8.21,8.21,8.92,8.92,7.14,7.14,7.14,7.14,7.14,7.14,8.56,9.28,9.28,8.56,6.78,6.78,6.78,6.78
N_3_7,N_4_7,14.946907046525823,8.3,8.3,8.3,8.3,8.3,8.3,10.31,10.31,11.21,11.21,8.97,8.97,8.97,8.97,8.97,8.97,10.76,11.66,11.66,10.76,8.52,8.52,8.52,8.52
N_3_7,N_1_8,11.74484600394305,6.52,6.52,6.52,6.52,6.52,6.52,8.1,8.1,8.81,8.81,7.05,7.05,7.05,7.05,7.05,7.05,8.46,9.16,9.16,8.46,6.69,6.69,6.69,6.69
N_3_8,N_1_7,0.5454390308702792,0.89,0.89,0.89,0.89,0.89,0.89,1.48,1.48,1.75,1.75,1.09,1.09,1.09,1.09,1.09,1.09,1.61,1.88,1.88,1.61,0.96,0.96,0.96,0.96
N_3_8,N_2_7,5.78796356704081,5.9,5.9,5.9,5.9,5.9,5.9,9.03,9.03,10.42,10.42,6.95,6.95,6.95,6.95,6.95,6.95,9.72,11.11,11.11,9.72,6.25,6.25,6.25,6.25
N_3_8,N_5_9,8.377820374395146,4.65,4.65,4.65,4.65,4.65,4.65,5.78,5.78,6.28,6.28,5.03,5.03,5.03,5.03,5.03,5.03,6.03,6.53,6.53,6.03,4.78,4.78,4.78,4.78
N_3_9,N_2_7,12.812168393040611,7.11,7.11,7.11,7.11,7.11,7.11,8.84,8.84,9.61,9.61,7.69,7.69,7.69,7.69,7.69,7.69,9.22,9.99,9.99,9.22,7.3,7.3,7.3,7.3
N_3_9,N_5_8,14.817566593545706,8.22,8.22,8.22,8.22,8.22,8.22,10.22,10.22,11.11,11.11,8.89,8.89,8.89,8.89,8.89,8.89,10.67,11.56,11.56,10.67,8.45,8.45,8.45,8.45
N_4_0,N_3_2,1.0539964428112598,1.73,1.73,1.73,1.73,1.73,1.73,2.87,2.87,3.37,3.37,2.11,2.11,2.11,2.11,2.11,2.11,3.12,3.63,3.63,3.12,1.86,1.86,1.86,1.86
N_4_0,N_6_1,13.966627150166062,7.75,7.75,7.75,7.75,7.75,7.75,9.64,9.64,10.47,10.47,8.38,8.38,8.38,8.38,8.38,8.38,10.06,10.89,10.89,10.06,7.96,7.96,7.96,7.96
N_4_1,N_2_1,5.457530108406745,5.57,5.57,5.57,5.57,5.57,5.57,8.51,8.51,9.82,9.82,6.55,6.55,6.55,6.55,6.55,6.55,9.17,10.48,10.48,9.17,5.89,5.89,5.89,5.89
N_4_1,N_3_3,14.246813029627424,7.91,7.91,7.91,7.91,7.91,7.91,9.83,9.83,10.69,10.69,8.55,8.55,8.55,8.55,8.55,8.55,10.26,11.11,11.11,10.26,8.12,8.12,8.12,8.12
N_4_1,N_5_3,1.3143159933904656,2.16,2.16,2.16,2.16,2.16,2.16,3.57,3.57,4.21,4.21,2.63,2.63,2.63,2.63,2.63,2.63,3.89,4.52,4.52,3.89,2.31,2.31,2.31,2.31
N_4_10,N_3_10,6.826181180810959,6.96,6.96,6.96,6.96,6.96,6.96,10.65,10.65,12.29,12.29,8.19,8.19,8.19,8.19,8.19,8.19,11.47,13.11,13.11,11.47,7.37,7.37,7.37,7.37
N_4_10,N_4_11,5.969185414136277,6.09,6.09,6.09,6.09,6.09,6.09,9.31,9.31,10.74,10.74,7.16,7.16,7.16,7.16,7.16,7.16,10.03,11.46,11.46,10.03,6.45,6.45,6.45,6.45
N_4_10,N_6_10,5.432473839547534,5.54,5.54,5.54,5.54,5.54,5.54,8.47,8.47,9.78,9.78,6.52,6.52,6.52,6.52,6.52,6.52,9.13,10.43,10.43,9.13,5.87,5.87,5.87,5.87
N_4_11,N_4_10,5.969185414136277,6.09,6.09,6.09,6.09,6.09,6.09,9.31,9.31,10.74,10.74,7.16,7.16,7.16,7.16,7.16,7.16,10.03,11.46,11.46,10.03,6.45,6.45,6.45,6.45
N_4_11,N_3_12,3.0559684187497855,3.12,3.12,3.12,3.12,3.12,3.12,4.77,4.77,5.5,5.5,3.67,3.67,3.67,3.67,3.67,3.67,5.13,5.87,5.87,5.13,3.3,3.3,3.3,3.3
N_4_11,N_6_10,6.539192389505338,6.67,6.67,6.67,6.67,6.67,6.67,10.2,10.2,11.77,11.77,7.85,7.85,7.85,7.85,7.85,7.85,10.99,12.56,12.56,10.99,7.06,7.06,7.06,7.06
N_4_12,N_3_11,6.4655935094523125,6.59,6.59,6.59,6.59,6.59,6.59,10.09,10.09,11.64,11.64,7.76,7.76,7.76,7.76,7.76,7.76,10.86,12.41,12.41,10.86,6.98,6.98,6.98,6.98
N_4_12,N_3_13,1.2072603808971758,1.98,1.98,1.98,1.98,1.98,1.98,3.28,3.28,3.86,3.86,2.41,2.41,2.41,2.41,2.41,2.41,3.57,4.15,4.15,3.57,2.12,2.12,2.12,2.12
N_4_13,N_3_11,1.0463942355828786,1.72,1.72,1.72,1.72,1.72,1.72,2.85,2.85,3.35,3.35,2.09,2.09,2.09,2.09,2.09,2.09,3.1,3.6,3.6,3.1,1.84,1.84,1.84,1.84
N_4_13,N_3_15,4.9004457474579635,5.0,5.0,5.0,5.0,5.0,5.0,7.64,7.64,8.82,8.82,5.88,5.88,5.88,5.88,5.88,5.88,8.23,9.41,9.41,8.23,5.29,5.29,5.29,5.29
N_4_13,N_2_13,13.925565527249896,7.73,7.73,7.73,7.73,7.73,7.73,9.61,9.61,10.44,10.44,8.36,8.36,8.36,8.36,8.36,8.36,10.03,10.86,10.86,10.03,7.94,7.94,7.94,7.94
N_4_14,N_2_15,3.9450882540087817,4.02,4.02,4.02,4.02,4.02,4.02,6.15,6.15,7.1,7.1,4.73,4.73,4.73,4.73,4.73,4.73,6.63,7.57,7.57,6.63,4.26,4.26,4.26,4.26
N_4_14,N_3_12,4.14082779443881,4.22,4.22,4.22,4.22,4.22,4.22,6.46,6.46,7.45,7.45,4.97,4.97,4.97,4.97,4.97,4.97,6.96,7.95,7.95,6.96,4.47,4.47,4.47,4.47
N_4_14,N_5_14,2.400742019522836,3.94,3.94,3.94,3.94,3.94,3.94,6.53,6.53,7.68,7.68,4.8,4.8,4.8,4.8,4.8,4.8,7.11,8.26,8.26,7.11,4.23,4.23,4.23,4.23
N_4_14,N_4_15,6.7212206246722905,6.86,6.86,6.86,6.86,6.86,6.86,10.49,10.49,12.1,12.1,8.07,8.07,8.07,8.07,8.07,8.07,11.29,12.9,12.9,11.29,7.26,7.26,7.26,7.26
N_4_14,N_4_12,10.177944327533833,5.65,5.65,5.65,5.65,5.65,5.65,7.02,7.02,7.63,7.63,6.11,6.11,6.11,6.11,6.11,6.11,7.33,7.94,7.94,7.33,5.8,5.8,5.8,5.8
N_4_14,N_3_13,12.205495931180234,6.77,6.77,6.77,6.77,6.77,6.77,8.42,8.42,9.15,9.15,7.32,7.32,7.32,7.32,7.32,7.32,8.79,9.52,9.52,8.79,6.96,6.96,6.96,6.96
N_4_14,N_3_16,9.407092376932049,5.22,5.22,5.22,5.22,5.22,5.22,6.49,6.49,7.06,7.06,5.64,5.64,5.64,5.64,5.64,5.64,6.77,7.34,7.34,6.77,5.36,5.36,5.36,5.36
N_4_15,N_4_14,6.7212206246722905,6.86,6.86,6.86,6.86,6.86,6.86,10.49,10.49,12.1,12.1,8.07,8.07,8.07,8.07,8.07,8.07,11.29,12.9,12.9,11.29,7.26,7.26,7.26,7.26
N_4_15,N_5_16,12.944840824910825,7.18,7.18,7.18,7.18,7.18,7.18,8.93,8.93,9.71,9.71,7.77,7.77,7.77,7.77,7.77,7.77,9.32,10.1,10.1,9.32,7.38,7.38,7.38,7.38
N_4_15,N_3_14,4.998032999207609,5.1,5.1,5.1,5.1,5.1,5.1,7.8,7.8,9.0,9.0,6.0,6.0,6.0,6.0,6.0,6.0,8.4,9.6,9.6,8.4,5.4,5.4,5.4,5.4
N_4_16,N_3_14,3.918073561224239,4.0,4.0,4.0,4.0,4.0,4.0,6.11,6.11,7.05,7.05,4.7,4.7,4.7,4.7,4.7,4.7,6.58,7.52,7.52,6.58,4.23,4.23,4.23,4.23
N_4_16,N_3_16,6.350041761378684,6.48,6.48,6.48,6.48,6.48,6.48,9.91,9.91,11.43,11.43,7.62,7.62,7.62,7.62,7.62,7.62,10.67,12.19,12.19,10.67,6.86,6.86,6.86,6.86
N_4_16,N_2_16,1.0417090265903988,1.71,1.71,1.71,1.71,1.71,1.71,2.83,2.83,3.33,3.33,2.08,2.08,2.08,2.08,2.08,2.08,3.08,3.58,3.58,3.08,1.83,1.83,1.83,1.83
N_4_17,N_6_18,6.25906379049094,6.38,6.38,6.38,6.38,6.38,6.38,9.76,9.76,11.27,11.27,7.51,7.51,7.51,7.51,7.51,7.51,10.52,12.02,12.02,10.52,6.76,6.76,6.76,6.76
N_4_17,N_5_15,3.5703815020053535,3.64,3.64,3.64,3.64,3.64,3.64,5.57,5.57,6.43,6.43,4.28,4.28,4.28,4.28,4.28,4.28,6.0,6.86,6.86,6.0,3.86,3.86,3.86,3.86
N_4_17,N_2_16,4.525147390278425,4.62,4.62,4.62,4.62,4.62,4.62,7.06,7.06,8.15,8.15,5.43,5.43,5.43,5.43,5.43,5.43,7.6,8.69,8.69,7.6,4.89,4.89,4.89,4.89
N_4_18,N_2_19,10.714957814796627,5.95,5.95,5.95,5.95,5.95,5.95,7.39,7.39,8.04,8.04,6.43,6.43,6.43,6.43,6.43,6.43,7.71,8.36,8.36,7.71,6.11,6.11,6.11,6.11
N_4_18,N_3_16,6.941135237053098,7.08,7.08,7.08,7.08,7.08,7.08,10.83,10.83,12.49,12.49,8.33,8.33,8.33,8.33,8.33,8.33,11.66,13.33,13.33,11.66,7.5,7.5,7.5,7.5
N_4_18,N_3_19,14.280824356540233,7.93,7.93,7.93,7.93,7.93,7.93,9.85,9.85,10.71,10.71,8.57,8.57,8.57,8.57,8.57,8.57,10.28,11.14,11.14,10.28,8.14,8.14,8.14,8.14
N_4_19,N_3_19,14.603837420011807,8.11,8.11,8.11,8.11,8.11,8.11,10.08,10.08,10.95,10.95,8.76,8.76,8.76,8.76,8.76,8.76,10.51,11.39,11.39,10.51,8.32,8.32,8.32,8.32
N_4_19,N_5_19,5.123320991455067,5.23,5.23,5.23,5.23,5.23,5.23,7.99,7.99,9.22,9.22,6.15,6.15,6.15,6.15,6.15,6.15,8.61,9.84,9.84,8.61,5.53,5.53,5.53,5.53
N_4_19,N_4_17,14.52344834686615,8.06,8.06,8.06,8.06,8.06,8.06,10.02,10.02,10.89,10.89,8.71,8.71,8.71,8.71,8.71,8.71,10.46,11.33,11.33,10.46,8.28,8.28,8.28,8.28
N_4_2,N_5_4,14.754113988170062,8.19,8.19,8.19,8.19,8.19,8.19,10.18,10.18,11.07,11.07,8.85,8.85,8.85,8.85,8.85,8.85,10.62,11.51,11.51,10.62,8.41,8.41,8.41,8.41
N_4_2,N_3_0,1.8534109000163534,3.04,3.04,3.04,3.04,3.04,3.04,5.04,5.04,5.93,5.93,3.71,3.71,3.71,3.71,3.71,3.71,5.49,6.38,6.38,5.49,3.26,3.26,3.26,3.26
N_4_20,N_3_18,9.230104030838204,5.12,5.12,5.12,5.12,5.12,5.12,6.37,6.37,6.92,6.92,5.54,5.54,5.54,5.54,5.54,5.54,6.65,7.2,7.2,6.65,5.26,5.26,5.26,5.26
N_4_20,N_2_21,1.7914109949382384,2.94,2.94,2.94,2.94,2.94,2.94,4.87,4.87,5.73,5.73,3.58,3.58,3.58,3.58,3.58,3.58,5.3,6.16,6.16,5.3,3.15,3.15,3.15,3.15
N_4_20,N_4_22,5.801063846263585,5.92,5.92,5.92,5.92,5.92,5.92,9.05,9.05,10.44,10.44,6.96,6.96,6.96,6.96,6.96,6.96,9.75,11.14,11.14,9.75,6.27,6.27,6.27,6.27
N_4_21,N_3_19,11.24180289088172,6.24,6.24,6.24,6.24,6.24,6.24,7.76,7.76,8.43,8.43,6.75,6.75,6.75,6.75,6.75,6.75,8.09,8.77,8.77,8.09,6.41,6.41,6.41,6.41
N_4_21,N_5_23,10.977958367655338,6.09,6.09,6.09,6.09,6.09,6.09,7.57,7.57,8.23,8.23,6.59,6.59,6.59,6.59,6.59,6.59,7.9,8.56,8.56,7.9,6.26,6.26,6.26,6.26
N_4_21,N_4_22,12.015649876341953,6.67,6.67,6.67,6.67,6.67,6.67,8.29,8.29,9.01,9.01,7.21,7.21,7.21,7.21,7.21,7.21,8.65,9.37,9.37,8.65,6.85,6.85,6.85,6.85
N_4_21,N_3_21,3.870466731878037,3.95,3.95,3.95,3.95,3.95,3.95,6.04,6.04,6.97,6.97,4.64,4.64,4.64,4.64,4.64,4.64,6.5,7.43,7.43,6.5,4.18,4.18,4.18,4.18
N_4_21,N_6_21,1.888255522949168,3.1,3.1,3.1,3.1,3.1,3.1,5.14,5.14,6.04,6.04,3.78,3.78,3.78,3.78,3.78,3.78,5.59,6.5,6.5,5.59,3.32,3.32,3.32,3.32
N_4_22,N_3_24,14.601175914277848,8.1,8.1,8.1,8.1,8.1,8.1,10.07,10.07,10.95,10.95,8.76,8.76,8.76,8.76,8.76,8.76,10.51,11.39,11.39,10.51,8.32,8.32,8.32,8.32
N_4_22,N_3_23,4.375877592796698,4.46,4.46,4.46,4.46,4.46,4.46,6.83,6.83,7.88,7.88,5.25,5.25,5.25,5.25,5.25,5.25,7.35,8.4,8.4,7.35,4.73,4.73,4.73,4.73
N_4_22,N_4_21,1.2044977818019238,1.98,1.98,1.98,1.98,1.98,1.98,3.28,3.28,3.85,3.85,2.41,2.41,2.41,2.41,2.41,2.41,3.57,4.14,4.14,3.57,2.12,2.12,2.12,2.12
N_4_22,N_5_21,3.8528346094353374,3.93,3.93,3.93,3.93,3.93,3.93,6.01,6.01,6.94,6.94,4.62,4.62,4.62,4.62,4.62,4.62,6.47,7.4,7.4,6.47,4.16,4.16,4.16,4.16
N_4_23,N_2_22,8.630703233116515,4.79,4.79,4.79,4.79,4.79,4.79,5.96,5.96,6.47,6.47,5.18,5.18,5.18,5.18,5.18,5.18,6.21,6.73,6.73,6.21,4.92,4.92,4.92,4.92
N_4_23,N_3_24,10.98775034852142,6.1,6.1,6.1,6.1,6.1,6.1,7.58,7.58,8.24,8.24,6.59,6.59,6.59,6.59,6.59,6.59,7.91,8.57,8.57,7.91,6.26,6.26,6.26,6.26
N_4_23,N_3_22,1.4390848636194469,2.36,2.36,2.36,2.36,2.36,2.36,3.91,3.91,4.61,4.61,2.88,2.88,2.88,2.88,2.88,2.88,4.26,4.95,4.95,4.26,2.53,2.53,2.53,2.53
N_4_23,N_3_21,14.83286220739635,8.23,8.23,8.23,8.23,8.23,8.23,10.23,10.23,11.12,11.12,8.9,8.9,8.9,8.9,8.9,8.9,10.68,11.57,11.57,10.68,8.45,8.45,8.45,8.45
N_4_24,N_2_24,1.018714531384597,1.67,1.67,1.67,1.67,1.67,1.67,2.77,2.77,3.26,3.26,2.04,2.04,2.04,2.04,2.04,2.04,3.02,3.5,3.5,3.02,1.79,1.79,1.79,1.79
N_4_24,N_3_25,1.6165516477491095,2.65,2.65,2.65,2.65,2.65,2.65,4.4,4.4,5.17,5.17,3.23,3.23,3.23,3.23,3.23,3.23,4.78,5.56,5.56,4.78,2.85,2.85,2.85,2.85
N_4_25,N_2_24,6.050288525939585,6.17,6.17,6.17,6.17,6.17,6.17,9.44,9.44,10.89,10.89,7.26,7.26,7.26,7.26,7.26,7.26,10.16,11.62,11.62,10.16,6.53,6.53,6.53,6.53
N_4_25,N_2_26,1.1165186557606817,1.83,1.83,1.83,1.83,1.83,1.83,3.04,3.04,3.57,3.57,2.23,2.23,2.23,2.23,2.23,2.23,3.3,3.84,3.84,3.3,1.97,1.97,1.97,1.97
N_4_25,N_3_26,2.4649432324285248,4.04,4.04,4.04,4.04,4.04,4.04,6.7,6.7,7.89,7.89,4.93,4.93,4.93,4.93,4.93,4.93,7.3,8.48,8.48,7.3,4.34,4.34,4.34,4.34
N_4_26,N_3_27,14.21899495516365,7.89,7.89,7.89,7.89,7.89,7.89,9.81,9.81,10.66,10.66,8.53,8.53,8.53,8.53,8.53,8.53,10.24,11.09,11.09,10.24,8.1,8.1,8.1,8.1
N_4_26,N_5_24,4.4863625066307105,4.58,4.58,4.58,4.58,4.58,4.58,7.0,7.0,8.08,8.08,5.38,5.38,5.38,5.38,5.38,5.38,7.54,8.61,8.61,7.54,4.85,4.85,4.85,4.85
N_4_27,N_2_26,11.91223354375694,6.61,6.61,6.61,6.61,6.61,6.61,8.22,8.22,8.93,8.93,7.15,7.15,7.15,7.15,7.15,7.15,8.58,9.29,9.29,8.58,6.79,6.79,6.79,6.79
N_4_27,N_5_28,11.931792328266145,6.62,6.62,6.62,6.62,6.62,6.62,8.23,8.23,8.95,8.95,7.16,7.16,7.16,7.16,7.16,7.16,8.59,9.31,9.31,8.59,6.8,6.8,6.8,6.8
N_4_27,N_3_29,0.6434741947017839,1.06,1.06,1.06,1.06,1.06,1.06,1.75,1.75,2.06,2.06,1.29,1.29,1.29,1.29,1.29,1.29,1.9,2.21,2.21,1.9,1.13,1.13,1.13,1.13
N_4_27,N_6_26,12.6276891559461,7.01,7.01,7.01,7.01,7.01,7.01,8.71,8.71,9.47,9.47,7.58,7.58,7.58,7.58,7.58,7.58,9.09,9.85,9.85,9.09,7.2,7.2,7.2,7.2
N_4_28,N_4_26,4.712476252834618,4.81,4.81,4.81,4.81,4.81,4.81,7.35,7.35,8.48,8.48,5.65,5.65,5.65,5.65,5.65,5.65,7.92,9.05,9.05,7.92,5.09,5.09,5.09,5.09
N_4_28,N_2_27,11.963585051633341,6.64,6.64,6.64,6.64,6.64,6.64,8.25,8.25,8.97,8.97,7.18,7.18,7.18,7.18,7.18,7.18,8.61,9.33,9.33,8.61,6.82,6.82,6.82,6.82
N_4_28,N_5_29,4.713060834158039,4.81,4.81,4.81,4.81,4.81,4.81,7.35,7.35,8.48,8.48,5.66,5.66,5.66,5.66,5.66,5.66,7.92,9.05,9.05,7.92,5.09,5.09,5.09,5.09
N_4_28,N_3_30,0.6826479669843908,1.12,1.12,1.12,1.12,1.12,1.12,1.86,1.86,2.18,2.18,1.37,1.37,1.37,1.37,1.37,1.37,2.02,2.35,2.35,2.02,1.2,1.2,1.2,1.2
N_4_28,N_6_28,3.846079843966204,3.92,3.92,3.92,3.92,3.92,3.92,6.0,6.0,6.92,6.92,4.62,4.62,4.62,4.62,4.62,4.62,6.46,7.38,7.38,6.46,4.15,4.15,4.15,4.15
N_4_28,N_5_27,4.431010806705164,4.52,4.52,4.52,4.52,4.52,4.52,6.91,6.91,7.98,7.98,5.32,5.32,5.32,5.32,5.32,5.32,7.44,8.51,8.51,7.44,4.79,4.79,4.79,4.79
N_4_28,N_4_27,3.0021117571354945,3.06,3.06,3.06,3.06,3.06,3.06,4.68,4.68,5.4,5.4,3.6,3.6,3.6,3.6,3.6,3.6,5.04,5.76,5.76,5.04,3.24,3.24,3.24,3.24
N_4_29,N_2_29,1.7406084001590858,2.85,2.85,2.85,2.85,2.85,2.85,4.73,4.73,5.57,5.57,3.48,3.48,3.48,3.48,3.48,3.48,5.15,5.99,5.99,5.15,3.06,3.06,3.06,3.06
N_4_29,N_3_30,4.815612864672644,4.91,4.91,4.91,4.91,4.91,4.91,7.51,7.51,8.67,8.67,5.78,5.78,5.78,5.78,5.78,5.78,8.09,9.25,9.25,8.09,5.2,5.2,5.2,5.2
N_4_29,N_2_30,1.4491329374256645,2.38,2.38,2.38,2.38,2.38,2.38,3.94,3.94,4.64,4.64,2.9,2.9,2.9,2.9,2.9,2.9,4.29,4.99,4.99,4.29,2.55,2.55,2.55,2.55
N_4_29,N_6_28,6.572785451527617,6.7,6.7,6.7,6.7,6.7,6.7,10.25,10.25,11.83,11.83,7.89,7.89,7.89,7.89,7.89,7.89,11.04,12.62,12.62,11.04,7.1,7.1,7.1,7.1
N_4_29,N_3_29,6.940359853818752,7.08,7.08,7.08,7.08,7.08,7.08,10.83,10.83,12.49,12.49,8.33,8.33,8.33,8.33,8.33,8.33,11.66,13.33,13.33,11.66,7.5,7.5,7.5,7.5
N_4_3,N_2_3,5.813631040736583,5.93,5.93,5.93,5.93,5.93,5.93,9.07,9.07,10.46,10.46,6.98,6.98,6.98,6.98,6.98,6.98,9.77,11.16,11.16,9.77,6.28,6.28,6.28,6.28
N_4_3,N_3_1,5.519861095248562,5.63,5.63,5.63,5.63,5.63,5.63,8.61,8.61,9.94,9.94,6.62,6.62,6.62,6.62,6.62,6.62,9.27,10.6,10.6,9.27,5.96,5.96,5.96,5.96
N_4_3,N_2_2,3.123508839422849,3.19,3.19,3.19,3.19,3.19,3.19,4.87,4.87,5.62,5.62,3.75,3.75,3.75,3.75,3.75,3.75,5.25,6.0,6.0,5.25,3.37,3.37,3.37,3.37
N_4_3,N_3_3,5.312873650697893,5.42,5.42,5.42,5.42,5.42,5.42,8.29,8.29,9.56,9.56,6.38,6.38,6.38,6.38,6.38,6.38,8.93,10.2,10.2,8.93,5.74,5.74,5.74,5.74
N_4_3,N_6_4,9.01312200963322,5.0,5.0,5.0,5.0,5.0,5.0,6.22,6.22,6.76,6.76,5.41,5.41,5.41,5.41,5.41,5.41,6.49,7.03,7.03,6.49,5.14,5.14,5.14,5.14
N_4_30,N_6_29,1.428534424240041,2.34,2.34,2.34,2.34,2.34,2.34,3.89,3.89,4.57,4.57,2.86,2.86,2.86,2.86,2.86,2.86,4.23,4.91,4.91,4.23,2.51,2.51,2.51,2.51
N_4_30,N_4_31,6.0500612090605035,6.17,6.17,6.17,6.17,6.17,6.17,9.44,9.44,10.89,10.89,7.26,7.26,7.26,7.26,7.26,7.26,10.16,11.62,11.62,10.16,6.53,6.53,6.53,6.53
N_4_31,N_3_29,0.6761815541883731,1.11,1.11,1.11,1.11,1.11,1.11,1.84,1.84,2.16,2.16,1.35,1.35,1.35,1.35,1.35,1.35,2.0,2.33,2.33,2.0,1.19,1.19,1.19,1.19
N_4_31,N_4_30,6.0500612090605035,6.17,6.17,6.17,6.17,6.17,6.17,9.44,9.44,10.89,10.89,7.26,7.26,7.26,7.26,7.26,7.26,10.16,11.62,11.62,10.16,6.53,6.53,6.53,6.53
N_4_32,N_6_32,12.871618059732754,7.14,7.14,7.14,7.14,7.14,7.14,8.88,8.88,9.65,9.65,7.72,7.72,7.72,7.72,7.72,7.72,9.27,10.04,10.04,9.27,7.34,7.34,7.34,7.34
N_4_32,N_4_34,12.86305045036027,7.14,7.14,7.14,7.14,7.14,7.14,8.88,8.88,9.65,9.65,7.72,7.72,7.72,7.72,7.72,7.72,9.26,10.03,10.03,9.26,7.33,7.33,7.33,7.33
N_4_33,N_2_32,2.410904096060645,3.95,3.95,3.95,3.95,3.95,3.95,6.56,6.56,7.71,7.71,4.82,4.82,4.82,4.82,4.82,4.82,7.14,8.29,8.29,7.14,4.24,4.24,4.24,4.24
N_4_33,N_3_33,4.394723770696022,4.48,4.48,4.48,4.48,4.48,4.48,6.86,6.86,7.91,7.91,5.27,5.27,5.27,5.27,5.27,5.27,7.38,8.44,8.44,7.38,4.75,4.75,4.75,4.75
N_4_34,N_4_32,12.86305045036027,7.14,7.14,7.14,7.14,7.14,7.14,8.88,8.88,9.65,9.65,7.72,7.72,7.72,7.72,7.72,7.72,9.26,10.03,10.03,9.26,7.33,7.33,7.33,7.33
N_4_34,N_2_35,2.3894999751109607,3.92,3.92,3.92,3.92,3.92,3.92,6.5,6.5,7.65,7.65,4.78,4.78,4.78,4.78,4.78,4.78,7.07,8.22,8.22,7.07,4.21,4.21,4.21,4.21
N_4_34,N_5_35,4.140355534148662,4.22,4.22,4.22,4.22,4.22,4.22,6.46,6.46,7.45,7.45,4.97,4.97,4.97,4.97,4.97,4.97,6.96,7.95,7.95,6.96,4.47,4.47,4.47,4.47
N_4_34,N_4_36,13.313493331761297,7.39,7.39,7.39,7.39,7.39,7.39,9.19,9.19,9.99,9.99,7.99,7.99,7.99,7.99,7.99,7.99,9.59,10.38,10.38,9.59,7.59,7.59,7.59,7.59
N_4_35,N_2_36,3.4499719844642294,3.52,3.52,3.52,3.52,3.52,3.52,5.38,5.38,6.21,6.21,4.14,4.14,4.14,4.14,4.14,4.14,5.8,6.62,6.62,5.8,3.73,3.73,3.73,3.73
N_4_35,N_5_37,14.77136722248668,8.2,8.2,8.2,8.2,8.2,8.2,10.19,10.19,11.08,11.08,8.86,8.86,8.86,8.86,8.86,8.86,10.64,11.52,11.52,10.64,8.42,8.42,8.42,8.42
N_4_36,N_6_35,0.7638233730069324,1.25,1.25,1.25,1.25,1.25,1.25,2.08,2.08,2.44,2.44,1.53,1.53,1.53,1.53,1.53,1.53,2.26,2.63,2.63,2.26,1.34,1.34,1.34,1.34
N_4_36,N_3_34,8.071124481412582,4.48,4.48,4.48,4.48,4.48,4.48,5.57,5.57,6.05,6.05,4.84,4.84,4.84,4.84,4.84,4.84,5.81,6.3,6.3,5.81,4.6,4.6,4.6,4.6
N_4_37,N_3_38,3.0321997767080724,3.09,3.09,3.09,3.09,3.09,3.09,4.73,4.73,5.46,5.46,3.64,3.64,3.64,3.64,3.64,3.64,5.09,5.82,5.82,5.09,3.27,3.27,3.27,3.27
N_4_37,N_6_36,4.845883737007333,4.94,4.94,4.94,4.94,4.94,4.94,7.56,7.56,8.72,8.72,5.82,5.82,5.82,5.82,5.82,5.82,8.14,9.3,9.3,8.14,5.23,5.23,5.23,5.23
N_4_38,N_2_37,5.210201898167867,5.31,5.31,5.31,5.31,5.31,5.31,8.13,8.13,9.38,9.38,6.25,6.25,6.25,6.25,6.25,6.25,8.75,10.0,10.0,8.75,5.63,5.63,5.63,5.63
N_4_38,N_2_39,4.586195093032309,4.68,4.68,4.68,4.68,4.68,4.68,7.15,7.15,8.26,8.26,5.5,5.5,5.5,5.5,5.5,5.5,7.7,8.81,8.81,7.7,4.95,4.95,4.95,4.95
N_4_38,N_5_38,14.54184175129442,8.07,8.07,8.07,8.07,8.07,8.07,10.03,10.03,10.91,10.91,8.73,8.73,8.73,8.73,8.73,8.73,10.47,11.34,11.34,10.47,8.29,8.29,8.29,8.29
N_4_39,N_2_38,14.868584011002802,8.25,8.25,8.25,8.25,8.25,8.25,10.26,10.26,11.15,11.15,8.92,8.92,8.92,8.92,8.92,8.92,10.71,11.6,11.6,10.71,8.48,8.48,8.48,8.48
N_4_39,N_3_39,11.202635065088314,6.22,6.22,6.22,6.22,6.22,6.22,7.73,7.73,8.4,8.4,6.72,6.72,6.72,6.72,6.72,6.72,8.07,8.74,8.74,8.07,6.39,6.39,6.39,6.39
N_4_39,N_3_38,5.624093118541879,5.74,5.74,5.74,5.74,5.74,5.74,8.77,8.77,10.12,10.12,6.75,6.75,6.75,6.75,6.75,6.75,9.45,10.8,10.8,9.45,6.07,6.07,6.07,6.07
N_4_39,N_5_38,11.155335731800193,6.19,6.19,6.19,6.19,6.19,6.19,7.7,7.7,8.37,8.37,6.69,6.69,6.69,6.69,6.69,6.69,8.03,8.7,8.7,8.03,6.36,6.36,6.36,6.36
N_4_4,N_5_2,6.889115616300569,7.03,7.03,7.03,7.03,7.03,7.03,10.75,10.75,12.4,12.4,8.27,8.27,8.27,8.27,8.27,8.27,11.57,13.23,13.23,11.57,7.44,7.44,7.44,7.44
N_4_4,N_2_3,11.260713464353023,6.25,6.25,6.25,6.25,6.25,6.25,7.77,7.77,8.45,8.45,6.76,6.76,6.76,6.76,6.76,6.76,8.11,8.78,8.78,8.11,6.42,6.42,6.42,6.42
N_4_4,N_5_6,9.454875267224809,5.25,5.25,5.25,5.25,5.25,5.25,6.52,6.52,7.09,7.09,5.67,5.67,5.67,5.67,5.67,5.67,6.81,7.37,7.37,6.81,5.39,5.39,5.39,5.39
N_4_4,N_3_4,11.75593062160592,6.52,6.52,6.52,6.52,6.52,6.52,8.11,8.11,8.82,8.82,7.05,7.05,7.05,7.05,7.05,7.05,8.46,9.17,9.17,8.46,6.7,6.7,6.7,6.7
N_4_4,N_4_3,3.187726681332872,3.25,3.25,3.25,3.25,3.25,3.25,4.97,4.97,5.74,5.74,3.83,3.83,3.83,3.83,3.83,3.83,5.36,6.12,6.12,5.36,3.44,3.44,3.44,3.44
N_4_4,N_2_4,6.777280219803181,6.91,6.91,6.91,6.91,6.91,6.91,10.57,10.57,12.2,12.2,8.13,8.13,8.13,8.13,8.13,8.13,11.39,13.01,13.01,11.39,7.32,7.32,7.32,7.32
N_4_5,N_4_7,14.14470302365516,7.85,7.85,7.85,7.85,7.85,7.85,9.76,9.76,10.61,10.61,8.49,8.49,8.49,8.49,8.49,8.49,10.18,11.03,11.03,10.18,8.06,8.06,8.06,8.06
N_4_5,N_3_6,9.775472222701016,5.43,5.43,5.43,5.43,5.43,5.43,6.75,6.75,7.33,7.33,5.87,5.87,5.87,5.87,5.87,5.87,7.04,7.62,7.62,7.04,5.57,5.57,5.57,5.57
N_4_5,N_3_3,12.845806061178372,7.13,7.13,7.13,7.13,7.13,7.13,8.86,8.86,9.63,9.63,7.71,7.71,7.71,7.71,7.71,7.71,9.25,10.02,10.02,9.25,7.32,7.32,7.32,7.32
N_4_5,N_6_6,4.825176994955543,4.92,4.92,4.92,4.92,4.92,4.92,7.53,7.53,8.69,8.69,5.79,5.79,5.79,5.79,5.79,5.79,8.11,9.26,9.26,8.11,5.21,5.21,5.21,5.21
N_4_6,N_3_4,2.3470592336668785,3.85,3.85,3.85,3.85,3.85,3.85,6.38,6.38,7.51,7.51,4.69,4.69,4.69,4.69,4.69,4.69,6.95,8.07,8.07,6.95,4.13,4.13,4.13,4.13
N_4_6,N_3_6,1.9694322434324205,3.23,3.23,3.23,3.23,3.23,3.23,5.36,5.36,6.3,6.3,3.94,3.94,3.94,3.94,3.94,3.94,5.83,6.77,6.77,5.83,3.47,3.47,3.47,3.47
N_4_7,N_3_5,0.7829306044812965,1.28,1.28,1.28,1.28,1.28,1.28,2.13,2.13,2.51,2.51,1.57,1.57,1.57,1.57,1.57,1.57,2.32,2.69,2.69,2.32,1.38,1.38,1.38,1.38
N_4_7,N_3_7,14.946907046525823,8.3,8.3,8.3,8.3,8.3,8.3,10.31,10.31,11.21,11.21,8.97,8.97,8.97,8.97,8.97,8.97,10.76,11.66,11.66,10.76,8.52,8.52,8.52,8.52
N_4_7,N_4_5,14.14470302365516,7.85,7.85,7.85,7.85,7.85,7.85,9.76,9.76,10.61,10.61,8.49,8.49,8.49,8.49,8.49,8.49,10.18,11.03,11.03,10.18,8.06,8.06,8.06,8.06
N_4_8,N_2_7,5.889526355239991,6.01,6.01,6.01,6.01,6.01,6.01,9.19,9.19,10.6,10.6,7.07,7.07,7.07,7.07,7.07,7.07,9.89,11.31,11.31,9.89,6.36,6.36,6.36,6.36
N_4_8,N_2_9,10.63434861593306,5.9,5.9,5.9,5.9,5.9,5.9,7.34,7.34,7.98,7.98,6.38,6.38,6.38,6.38,6.38,6.38,7.66,8.29,8.29,7.66,6.06,6.06,6.06,6.06
N_4_8,N_3_9,5.489194356997601,5.6,5.6,5.6,5.6,5.6,5.6,8.56,8.56,9.88,9.88,6.59,6.59,6.59,6.59,6.59,6.59,9.22,10.54,10.54,9.22,5.93,5.93,5.93,5.93
N_4_8,N_6_9,0.8657534707435861,1.42,1.42,1.42,1.42,1.42,1.42,2.35,2.35,2.77,2.77,1.73,1.73,1.73,1.73,1.73,1.73,2.56,2.98,2.98,2.56,1.52,1.52,1.52,1.52
N_4_9,N_3_11,4.720334868005491,4.81,4.81,4.81,4.81,4.81,4.81,7.36,7.36,8.5,8.5,5.66,5.66,5.66,5.66,5.66,5.66,7.93,9.06,9.06,7.93,5.1,5.1,5.1,5.1
N_4_9,N_2_10,6.032997802906527,6.15,6.15,6.15,6.15,6.15,6.15,9.41,9.41,10.86,10.86,7.24,7.24,7.24,7.24,7.24,7.24,10.14,11.58,11.58,10.14,6.52,6.52,6.52,6.52
N_4_9,N_6_9,11.54993265176527,6.41,6.41,6.41,6.41,6.41,6.41,7.97,7.97,8.66,8.66,6.93,6.93,6.93,6.93,6.93,6.93,8.32,9.01,9.01,8.32,6.58,6.58,6.58,6.58
N_5_0,N_4_1,8.330023935694848,4.62,4.62,4.62,4.62,4.62,4.62,5.75,5.75,6.25,6.25,5.0,5.0,5.0,5.0,5.0,5.0,6.0,6.5,6.5,6.0,4.75,4.75,4.75,4.75
N_5_0,N_7_0,0.5839272623614398,0.96,0.96,0.96,0.96,0.96,0.96,1.59,1.59,1.87,1.87,1.17,1.17,1.17,1.17,1.17,1.17,1.73,2.01,2.01,1.73,1.03,1.03,1.03,1.03
N_5_0,N_7_1,1.605597830056081,2.63,2.63,2.63,2.63,2.63,2.63,4.37,4.37,5.14,5.14,3.21,3.21,3.21,3.21,3.21,3.21,4.75,5.52,5.52,4.75,2.83,2.83,2.83,2.83
N_5_1,N_5_0,10.228376046914835,5.68,5.68,5.68,5.68,5.68,5.68,7.06,7.06,7.67,7.67,6.14,6.14,6.14,6.14,6.14,6.14,7.36,7.98,7.98,7.36,5.83,5.83,5.83,5.83
N_5_1,N_5_2,4.975966993034591,5.08,5.08,5.08,5.08,5.08,5.08,7.76,7.76,8.96,8.96,5.97,5.97,5.97,5.97,5.97,5.97,8.36,9.55,9.55,8.36,5.37,5.37,5.37,5.37
N_5_10,N_4_11,5.740396851626302,5.86,5.86,5.86,5.86,5.86,5.86,8.96,8.96,10.33,10.33,6.89,6.89,6.89,6.89,6.89,6.89,9.64,11.02,11.02,9.64,6.2,6.2,6.2,6.2
N_5_10,N_4_8,1.2650002814828958,2.07,2.07,2.07,2.07,2.07,2.07,3.44,3.44,4.05,4.05,2.53,2.53,2.53,2.53,2.53,2.53,3.74,4.35,4.35,3.74,2.23,2.23,2.23,2.23
N_5_10,N_3_11,1.9800758173456872,3.25,3.25,3.25,3.25,3.25,3.25,5.39,5.39,6.34,6.34,3.96,3.96,3.96,3.96,3.96,3.96,5.86,6.81,6.81,5.86,3.48,3.48,3.48,3.48
N_5_10,N_3_10,3.782008057902952,3.86,3.86,3.86,3.86,3.86,3.86,5.9,5.9,6.81,6.81,4.54,4.54,4.54,4.54,4.54,4.54,6.35,7.26,7.26,6.35,4.08,4.08,4.08,4.08
N_5_11,N_5_13,4.510092638908482,4.6,4.6,4.6,4.6,4.6,4.6,7.04,7.04,8.12,8.12,5.41,5.41,5.41,5.41,5.41,5.41,7.58,8.66,8.66,7.58,4.87,4.87,4.87,4.87
N_5_11,N_7_12,5.448309742393754,5.56,5.56,5.56,5.56,5.56,5.56,8.5,8.5,9.81,9.81,6.54,6.54,6.54,6.54,6.54,6.54,9.15,10.46,10.46,9.15,5.88,5.88,5.88,5.88
N_5_11,N_4_13,12.773097002039592,7.09,7.09,7.09,7.09,7.09,7.09,8.81,8.81,9.58,9.58,7.66,7.66,7.66,7.66,7.66,7.66,9.2,9.96,9.96,9.2,7.28,7.28,7.28,7.28
N_5_11,N_4_11,6.615094994952063,6.75,6.75,6.75,6.75,6.75,6.75,10.32,10.32,11.91,11.91,7.94,7.94,7.94,7.94,7.94,7.94,11.11,12.7,12.7,11.11,7.14,7.14,7.14,7.14
N_5_12,N_6_11,1.198579364161744,1.97,1.97,1.97,1.97,1.97,1.97,3.26,3.26,3.84,3.84,2.4,2.4,2.4,2.4,2.4,2.4,3.55,4.12,4.12,3.55,2.11,2.11,2.11,2.11
N_5_12,N_4_13,0.7676424537267827,1.26,1.26,1.26,1.26,1.26,1.26,2.09,2.09,2.46,2.46,1.54,1.54,1.54,1.54,1.54,1.54,2.27,2.64,2.64,2.27,1.35,1.35,1.35,1.35
N_5_12,N_5_14,6.709785793950197,6.84,6.84,6.84,6.84,6.84,6.84,10.47,10.47,12.08,12.08,8.05,8.05,8.05,8.05,8.05,8.05,11.27,12.88,12.88,11.27,7.25,7.25,7.25,7.25
N_5_12,N_3_13,8.499351086155043,4.72,4.72,4.72,4.72,4.72,4.72,5.86,5.86,6.37,6.37,5.1,5.1,5.1,5.1,5.1,5.1,6.12,6.63,6.63,6.12,4.84,4.84,4.84,4.84
N_5_13,N_5_11,4.510092638908482,4.6,4.6,4.6,4.6,4.6,4.6,7.04,7.04,8.12,8.12,5.41,5.41,5.41,5.41,5.41,5.41,7.58,8.66,8.66,7.58,4.87,4.87,4.87,4.87
N_5_13,N_3_14,6.815821414586466,6.95,6.95,6.95,6.95,6.95,6.95,10.63,10.63,12.27,12.27,8.18,8.18,8.18,8.18,8.18,8.18,11.45,13.09,13.09,11.45,7.36,7.36,7.36,7.36
N_5_13,N_6_12,4.340897997118393,4.43,4.43,4.43,4.43,4.43,4.43,6.77,6.77,7.81,7.81,5.21,5.21,5.21,5.21,5.21,5.21,7.29,8.33,8.33,7.29,4.69,4.69,4.69,4.69
N_5_13,N_5_12,5.585228522682881,5.7,5.7,5.7,5.7,5.7,5.7,8.71,8.71,10.05,10.05,6.7,6.7,6.7,6.7,6.7,6.7,9.38,10.72,10.72,9.38,6.03,6.03,6.03,6.03
N_5_14,N_4_14,2.400742019522836,3.94,3.94,3.94,3.94,3.94,3.94,6.53,6.53,7.68,7.68,4.8,4.8,4.8,4.8,4.8,4.8,7.11,8.26,8.26,7.11,4.23,4.23,4.23,4.23
N_5_14,N_5_12,6.709785793950197,6.84,6.84,6.84,6.84,6.84,6.84,10.47,10.47,12.08,12.08,8.05,8.05,8.05,8.05,8.05,8.05,11.27,12.88,12.88,11.27,7.25,7.25,7.25,7.25
N_5_14,N_6_14,13.801849828737009,7.66,7.66,7.66,7.66,7.66,7.66,9.52,9.52,10.35,10.35,8.28,8.28,8.28,8.28,8.28,8.28,9.94,10.77,10.77,9.94,7.87,7.87,7.87,7.87
N_5_14,N_6_13,4.184290096502357,4.27,4.27,4.27,4.27,4.27,4.27,6.53,6.53,7.53,7.53,5.02,5.02,5.02,5.02,5.02,5.02,7.03,8.03,8.03,7.03,4.52,4.52,4.52,4.52
N_5_14,N_7_13,1.9224575962497215,3.15,3.15,3.15,3.15,3.15,3.15,5.23,5.23,6.15,6.15,3.84,3.84,3.84,3.84,3.84,3.84,5.69,6.61,6.61,5.69,3.38,3.38,3.38,3.38
N_5_14,N_7_15,1.5868797364407237,2.6,2.6,2.6,2.6,2.6,2.6,4.32,4.32,5.08,5.08,3.17,3.17,3.17,3.17,3.17,3.17,4.7,5.46,5.46,4.7,2.79,2.79,2.79,2.79
N_5_15,N_3_14,5.009904501306005,5.11,5.11,5.11,5.11,5.11,5.11,7.82,7.82,9.02,9.02,6.01,6.01,6.01,6.01,6.01,6.01,8.42,9.62,9.62,8.42,5.41,5.41,5.41,5.41
N_5_15,N_5_13,5.097669615758703,5.2,5.2,5.2,5.2,5.2,5.2,7.95,7.95,9.18,9.18,6.12,6.12,6.12,6.12,6.12,6.12,8.56,9.79,9.79,8.56,5.51,5.51,5.51,5.51
N_5_16,N_4_15,12.944840824910825,7.18,7.18,7.18,7.18,7.18,7.18,8.93,8.93,9.71,9.71,7.77,7.77,7.77,7.77,7.77,7.77,9.32,10.1,10.1,9.32,7.38,7.38,7.38,7.38
N_5_16,N_5_18,4.7444748523433,4.84,4.84,4.84,4.84,4.84,4.84,7.4,7.4,8.54,8.54,5.69,5.69,5.69,5.69,5.69,5.69,7.97,9.11,9.11,7.97,5.12,5.12,5.12,5.12
N_5_16,N_6_14,9.281152122614937,5.15,5.15,5.15,5.15,5.15,5.15,6.4,6.4,6.96,6.96,5.57,5.57,5.57,5.57,5.57,5.57,6.68,7.24,7.24,6.68,5.29,5.29,5.29,5.29
N_5_17,N_5_18,5.3762458555926145,5.48,5.48,5.48,5.48,5.48,5.48,8.39,8.39,9.68,9.68,6.45,6.45,6.45,6.45,6.45,6.45,9.03,10.32,10.32,9.03,5.81,5.81,5.81,5.81
N_5_17,N_5_16,5.107383790508958,5.21,5.21,5.21,5.21,5.21,5.21,7.97,7.97,9.19,9.19,6.13,6.13,6.13,6.13,6.13,6.13,8.58,9.81,9.81,8.58,5.52,5.52,5.52,5.52
N_5_17,N_5_15,3.7966499361662165,3.87,3.87,3.87,3.87,3.87,3.87,5.92,5.92,6.83,6.83,4.56,4.56,4.56,4.56,4.56,4.56,6.38,7.29,7.29,6.38,4.1,4.1,4.1,4.1
N_5_17,N_4_18,9.535381169067946,5.29,5.29,5.29,5.29,5.29,5.29,6.58,6.58,7.15,7.15,5.72,5.72,5.72,5.72,5.72,5.72,6.87,7.44,7.44,6.87,5.44,5.44,5.44,5.44
N_5_17,N_3_17,5.950001886135008,6.07,6.07,6.07,6.07,6.07,6.07,9.28,9.28,10.71,10.71,7.14,7.14,7.14,7.14,7.14,7.14,10.0,11.42,11.42,10.0,6.43,6.43,6.43,6.43
N_5_17,N_4_19,3.249551832836349,3.31,3.31,3.31,3.31,3.31,3.31,5.07,5.07,5.85,5.85,3.9,3.9,3.9,3.9,3.9,3.9,5.46,6.24,6.24,5.46,3.51,3.51,3.51,3.51
N_5_18,N_5_16,4.7444748523433,4.84,4.84,4.84,4.84,4.84,4.84,7.4,7.4,8.54,8.54,5.69,5.69,5.69,5.69,5.69,5.69,7.97,9.11,9.11,7.97,5.12,5.12,5.12,5.12
N_5_18,N_5_17,5.3762458555926145,5.48,5.48,5.48,5.48,5.48,5.48,8.39,8.39,9.68,9.68,6.45,6.45,6.45,6.45,6.45,6.45,9.03,10.32,10.32,9.03,5.81,5.81,5.81,5.81
N_5_18,N_6_17,3.0076439957415326,3.07,3.07,3.07,3.07,3.07,3.07,4.69,4.69,5.41,5.41,3.61,3.61,3.61,3.61,3.61,3.61,5.05,5.77,5.77,5.05,3.25,3.25,3.25,3.25
N_5_18,N_4_19,6.6996193354704925,6.83,6.83,6.83,6.83,6.83,6.83,10.45,10.45,12.06,12.06,8.04,8.04,8.04,8.04,8.04,8.04,11.26,12.86,12.86,11.26,7.24,7.24,7.24,7.24
N_5_18,N_6_20,5.639939033340019,5.75,5.75,5.75,5.75,5.75,5.75,8.8,8.8,10.15,10.15,6.77,6.77,6.77,6.77,6.77,6.77,9.48,10.83,10.83,9.48,6.09,6.09,6.09,6.09
N_5_18,N_5_20,3.2385651901692705,3.3,3.3,3.3,3.3,3.3,3.3,5.05,5.05,5.83,5.83,3.89,3.89,3.89,3.89,3.89,3.89,5.44,6.22,6.22,5.44,3.5,3.5,3.5,3.5
N_5_19,N_4_19,5.123320991455067,5.23,5.23,5.23,5.23,5.23,5.23,7.99,7.99,9.22,9.22,6.15,6.15,6.15,6.15,6.15,6.15,8.61,9.84,9.84,8.61,5.53,5.53,5.53,5.53
N_5_19,N_3_20,6.533091295692502,6.66,6.66,6.66,6.66,6.66,6.66,10.19,10.19,11.76,11.76,7.84,7.84,7.84,7.84,7.84,7.84,10.98,12.54,12.54,10.98,7.06,7.06,7.06,7.06
N_5_19,N_4_20,2.000085068153612,3.28,3.28,3.28,3.28,3.28,3.28,5.44,5.44,6.4,6.4,4.0,4.0,4.0,4.0,4.0,4.0,5.92,6.88,6.88,5.92,3.52,3.52,3.52,3.52
N_5_19,N_4_17,11.184130584696561,6.21,6.21,6.21,6.21,6.21,6.21,7.72,7.72,8.39,8.39,6.71,6.71,6.71,6.71,6.71,6.71,8.05,8.72,8.72,8.05,6.37,6.37,6.37,6.37
N_5_19,N_7_20,6.8605289690784055,7.0,7.0,7.0,7.0,7.0,7.0,10.7,10.7,12.35,12.35,8.23,8.23,8.23,8.23,8.23,8.23,11.53,13.17,13.17,11.53,7.41,7.41,7.41,7.41
N_5_19,N_6_20,0.8797438316800077,1.44,1.44,1.44,1.44,1.44,1.44,2.39,2.39,2.82,2.82,1.76,1.76,1.76,1.76,1.76,1.76,2.6,3.03,3.03,2.6,1.55,1.55,1.55,1.55
N_5_2,N_4_4,6.889115616300569,7.03,7.03,7.03,7.03,7.03,7.03,10.75,10.75,12.4,12.4,8.27,8.27,8.27,8.27,8.27,8.27,11.57,13.23,13.23,11.57,7.44,7.44,7.44,7.44
N_5_2,N_5_1,4.975966993034591,5.08,5.08,5.08,5.08,5.08,5.08,7.76,7.76,8.96,8.96,5.97,5.97,5.97,5.97,5.97,5.97,8.36,9.55,9.55,8.36,5.37,5.37,5.37,5.37
N_5_2,N_4_3,6.582612201043322,6.71,6.71,6.71,6.71,6.71,6.71,10.27,10.27,11.85,11.85,7.9,7.9,7.9,7.9,7.9,7.9,11.06,12.64,12.64,11.06,7.11,7.11,7.11,7.11
N_5_20,N_3_20,8.605792231579954,4.78,4.78,4.78,4.78,4.78,4.78,5.94,5.94,6.45,6.45,5.16,5.16,5.16,5.16,5.16,5.16,6.2,6.71,6.71,6.2,4.91,4.91,4.91,4.91
N_5_20,N_5_18,3.2385651901692705,3.3,3.3,3.3,3.3,3.3,3.3,5.05,5.05,5.83,5.83,3.89,3.89,3.89,3.89,3.89,3.89,5.44,6.22,6.22,5.44,3.5,3.5,3.5,3.5
N_5_20,N_6_20,5.012671908581065,5.11,5.11,5.11,5.11,5.11,5.11,7.82,7.82,9.02,9.02,6.02,6.02,6.02,6.02,6.02,6.02,8.42,9.62,9.62,8.42,5.41,5.41,5.41,5.41
N_5_20,N_5_19,1.3379985031419306,2.19,2.19,2.19,2.19,2.19,2.19,3.64,3.64,4.28,4.28,2.68,2.68,2.68,2.68,2.68,2.68,3.96,4.6,4.6,3.96,2.35,2.35,2.35,2.35
N_5_21,N_3_22,3.2905913997913707,3.36,3.36,3.36,3.36,3.36,3.36,5.13,5.13,5.92,5.92,3.95,3.95,3.95,3.95,3.95,3.95,5.53,6.32,6.32,5.53,3.55,3.55,3.55,3.55
N_5_21,N_4_22,3.8528346094353374,3.93,3.93,3.93,3.93,3.93,3.93,6.01,6.01,6.94,6.94,4.62,4.62,4.62,4.62,4.62,4.62,6.47,7.4,7.4,6.47,4.16,4.16,4.16,4.16
N_5_21,N_6_22,3.3768031638373674,3.44,3.44,3.44,3.44,3.44,3.44,5.27,5.27,6.08,6.08,4.05,4.05,4.05,4.05,4.05,4.05,5.67,6.48,6.48,5.67,3.65,3.65,3.65,3.65
N_5_21,N_6_23,12.317198615898256,6.84,6.84,6.84,6.84,6.84,6.84,8.5,8.5,9.24,9.24,7.39,7.39,7.39,7.39,7.39,7.39,8.87,9.61,9.61,8.87,7.02,7.02,7.02,7.02
N_5_22,N_4_23,12.321397847563327,6.84,6.84,6.84,6.84,6.84,6.84,8.5,8.5,9.24,9.24,7.39,7.39,7.39,7.39,7.39,7.39,8.87,9.61,9.61,8.87,7.02,7.02,7.02,7.02
N_5_22,N_5_24,1.1090255985100437,1.82,1.82,1.82,1.82,1.82,1.82,3.02,3.02,3.55,3.55,2.22,2.22,2.22,2.22,2.22,2.22,3.28,3.82,3.82,3.28,1.95,1.95,1.95,1.95
N_5_22,N_7_21,4.585429116619563,4.68,4.68,4.68,4.68,4.68,4.68,7.15,7.15,8.25,8.25,5.5,5.5,5.5,5.5,5.5,5.5,7.7,8.8,8.8,7.7,4.95,4.95,4.95,4.95
N_5_23,N_3_22,1.3575086322517704,2.23,2.23,2.23,2.23,2.23,2.23,3.69,3.69,4.34,4.34,2.72,2.72,2.72,2.72,2.72,2.72,4.02,4.67,4.67,4.02,2.39,2.39,2.39,2.39
N_5_23,N_4_21,10.977958367655338,6.09,6.09,6.09,6.09,6.09,6.09,7.57,7.57,8.23,8.23,6.59,6.59,6.59,6.59,6.59,6.59,7.9,8.56,8.56,7.9,6.26,6.26,6.26,6.26
N_5_23,N_4_23,11.234303323162518,6.24,6.24,6.24,6.24,6.24,6.24,7.75,7.75,8.43,8.43,6.74,6.74,6.74,6.74,6.74,6.74,8.09,8.76,8.76,8.09,6.4,6.4,6.4,6.4
N_5_24,N_3_24,12.259861700157751,6.8,6.8,6.8,6.8,6.8,6.8,8.46,8.46,9.19,9.19,7.36,7.36,7.36,7.36,7.36,7.36,8.83,9.56,9.56,8.83,6.99,6.99,6.99,6.99
N_5_24,N_3_25,5.023190442514987,5.12,5.12,5.12,5.12,5.12,5.12,7.84,7.84,9.04,9.04,6.03,6.03,6.03,6.03,6.03,6.03,8.44,9.64,9.64,8.44,5.43,5.43,5.43,5.43
N_5_24,N_4_26,4.4863625066307105,4.58,4.58,4.58,4.58,4.58,4.58,7.0,7.0,8.08,8.08,5.38,5.38,5.38,5.38,5.38,5.38,7.54,8.61,8.61,7.54,4.85,4.85,4.85,4.85
N_5_24,N_4_22,5.059078657811986,5.16,5.16,5.16,5.16,5.16,5.16,7.89,7.89,9.11,9.11,6.07,6.07,6.07,6.07,6.07,6.07,8.5,9.71,9.71,8.5,5.46,5.46,5.46,5.46
N_5_25,N_4_25,13.834946749870767,7.68,7.68,7.68,7.68,7.68,7.68,9.55,9.55,10.38,10.38,8.3,8.3,8.3,8.3,8.3,8.3,9.96,10.79,10.79,9.96,7.89,7.89,7.89,7.89
N_5_25,N_5_27,9.550076678423682,5.3,5.3,5.3,5.3,5.3,5.3,6.59,6.59,7.16,7.16,5.73,5.73,5.73,5.73,5.73,5.73,6.88,7.45,7.45,6.88,5.44,5.44,5.44,5.44
N_5_26,N_6_28,14.478180384046729,8.04,8.04,8.04,8.04,8.04,8.04,9.99,9.99,10.86,10.86,8.69,8.69,8.69,8.69,8.69,8.69,10.42,11.29,11.29,10.42,8.25,8.25,8.25,8.25
N_5_26,N_7_25,3.0509014441741495,3.11,3.11,3.11,3.11,3.11,3.11,4.76,4.76,5.49,5.49,3.66,3.66,3.66,3.66,3.66,3.66,5.13,5.86,5.86,5.13,3.29,3.29,3.29,3.29
N_5_27,N_4_28,4.431010806705164,4.52,4.52,4.52,4.52,4.52,4.52,6.91,6.91,7.98,7.98,5.32,5.32,5.32,5.32,5.32,5.32,7.44,8.51,8.51,7.44,4.79,4.79,4.79,4.79
N_5_27,N_5_25,9.550076678423682,5.3,5.3,5.3,5.3,5.3,5.3,6.59,6.59,7.16,7.16,5.73,5.73,5.73,5.73,5.73,5.73,6.88,7.45,7.45,6.88,5.44,5.44,5.44,5.44
N_5_27,N_5_26,2.4574958315694673,4.03,4.03,4.03,4.03,4.03,4.03,6.68,6.68,7.86,7.86,4.91,4.91,4.91,4.91,4.91,4.91,7.27,8.45,8.45,7.27,4.33,4.33,4.33,4.33
N_5_27,N_7_27,1.088379419326681,1.78,1.78,1.78,1.78,1.78,1.78,2.96,2.96,3.48,3.48,2.18,2.18,2.18,2.18,2.18,2.18,3.22,3.74,3.74,3.22,1.92,1.92,1.92,1.92
N_5_28,N_4_27,11.931792328266145,6.62,6.62,6.62,6.62,6.62,6.62,8.23,8.23,8.95,8.95,7.16,7.16,7.16,7.16,7.16,7.16,8.59,9.31,9.31,8.59,6.8,6.8,6.8,6.8
N_5_28,N_5_27,9.899683255199626,5.49,5.49,5.49,5.49,5.49,5.49,6.83,6.83,7.42,7.42,5.94,5.94,5.94,5.94,5.94,5.94,7.13,7.72,7.72,7.13,5.64,5.64,5.64,5.64
N_5_28,N_6_26,1.0041300077963873,1.65,1.65,1.65,1.65,1.65,1.65,2.73,2.73,3.21,3.21,2.01,2.01,2.01,2.01,2.01,2.01,2.97,3.45,3.45,2.97,1.77,1.77,1.77,1.77
N_5_28,N_4_30,1.286789320170104,2.11,2.11,2.11,2.11,2.11,2.11,3.5,3.5,4.12,4.12,2.57,2.57,2.57,2.57,2.57,2.57,3.81,4.43,4.43,3.81,2.26,2.26,2.26,2.26
N_5_29,N_4_28,4.713060834158039,4.81,4.81,4.81,4.81,4.81,4.81,7.35,7.35,8.48,8.48,5.66,5.66,5.66,5.66,5.66,5.66,7.92,9.05,9.05,7.92,5.09,5.09,5.09,5.09
N_5_29,N_5_31,4.70188083553667,4.8,4.8,4.8,4.8,4.8,4.8,7.33,7.33,8.46,8.46,5.64,5.64,5.64,5.64,5.64,5.64,7.9,9.03,9.03,7.9,5.08,5.08,5.08,5.08
N_5_29,N_3_30,0.8616000730527069,1.41,1.41,1.41,1.41,1.41,1.41,2.34,2.34,2.76,2.76,1.72,1.72,1.72,1.72,1.72,1.72,2.55,2.96,2.96,2.55,1.52,1.52,1.52,1.52
N_5_29,N_6_31,3.861819414254133,3.94,3.94,3.94,3.94,3.94,3.94,6.02,6.02,6.95,6.95,4.63,4.63,4.63,4.63,4.63,4.63,6.49,7.41,7.41,6.49,4.17,4.17,4.17,4.17
N_5_3,N_4_1,1.3143159933904656,2.16,2.16,2.16,2.16,2.16,2.16,3.57,3.57,4.21,4.21,2.63,2.63,2.63,2.63,2.63,2.63,3.89,4.52,4.52,3.89,2.31,2.31,2.31,2.31
N_5_3,N_5_1,13.76862636748305,7.64,7.64,7.64,7.64,7.64,7.64,9.5,9.5,10.33,10.33,8.26,8.26,8.26,8.26,8.26,8.26,9.91,10.74,10.74,9.91,7.85,7.85,7.85,7.85
N_5_3,N_4_3,2.438898312109409,4.0,4.0,4.0,4.0,4.0,4.0,6.63,6.63,7.8,7.8,4.88,4.88,4.88,4.88,4.88,4.88,7.22,8.39,8.39,7.22,4.29,4.29,4.29,4.29
N_5_3,N_3_3,3.8726454407461697,3.95,3.95,3.95,3.95,3.95,3.95,6.04,6.04,6.97,6.97,4.65,4.65,4.65,4.65,4.65,4.65,6.51,7.44,7.44,6.51,4.18,4.18,4.18,4.18
N_5_3,N_4_5,2.298941636024893,3.77,3.77,3.77,3.77,3.77,3.77,6.25,6.25,7.36,7.36,4.6,4.6,4.6,4.6,4.6,4.6,6.8,7.91,7.91,6.8,4.05,4.05,4.05,4.05
N_5_30,N_3_30,3.876117586783362,3.95,3.95,3.95,3.95,3.95,3.95,6.05,6.05,6.98,6.98,4.65,4.65,4.65,4.65,4.65,4.65,6.51,7.44,7.44,6.51,4.19,4.19,4.19,4.19
N_5_30,N_6_31,5.222740212708265,5.33,5.33,5.33,5.33,5.33,5.33,8.15,8.15,9.4,9.4,6.27,6.27,6.27,6.27,6.27,6.27,8.77,10.03,10.03,8.77,5.64,5.64,5.64,5.64
N_5_31,N_5_29,4.70188083553667,4.8,4.8,4.8,4.8,4.8,4.8,7.33,7.33,8.46,8.46,5.64,5.64,5.64,5.64,5.64,5.64,7.9,9.03,9.03,7.9,5.08,5.08,5.08,5.08
N_5_31,N_5_33,4.794506700830462,4.89,4.89,4.89,4.89,4.89,4.89,7.48,7.48,8.63,8.63,5.75,5.75,5.75,5.75,5.75,5.75,8.05,9.21,9.21,8.05,5.18,5.18,5.18,5.18
N_5_31,N_6_33,1.5581860222172659,2.56,2.56,2.56,2.56,2.56,2.56,4.24,4.24,4.99,4.99,3.12,3.12,3.12,3.12,3.12,3.12,4.61,5.36,5.36,4.61,2.74,2.74,2.74,2.74
N_5_31,N_7_32,5.397145363472287,5.51,5.51,5.51,5.51,5.51,5.51,8.42,8.42,9.71,9.71,6.48,6.48,6.48,6.48,6.48,6.48,9.07,10.36,10.36,9.07,5.83,5.83,5.83,5.83
N_5_32,N_3_32,5.664329647723223,5.78,5.78,5.78,5.78,5.78,5.78,8.84,8.84,10.2,10.2,6.8,6.8,6.8,6.8,6.8,6.8,9.52,10.88,10.88,9.52,6.12,6.12,6.12,6.12
N_5_32,N_4_30,4.201121023366685,4.29,4.29,4.29,4.29,4.29,4.29,6.55,6.55,7.56,7.56,5.04,5.04,5.04,5.04,5.04,5.04,7.06,8.07,8.07,7.06,4.54,4.54,4.54,4.54
N_5_32,N_5_30,3.7977551895367343,3.87,3.87,3.87,3.87,3.87,3.87,5.92,5.92,6.84,6.84,4.56,4.56,4.56,4.56,4.56,4.56,6.38,7.29,7.29,6.38,4.1,4.1,4.1,4.1
N_5_33,N_5_31,4.794506700830462,4.89,4.89,4.89,4.89,4.89,4.89,7.48,7.48,8.63,8.63,5.75,5.75,5.75,5.75,5.75,5.75,8.05,9.21,9.21,8.05,5.18,5.18,5.18,5.18
N_5_33,N_7_34,3.1497382674509242,3.21,3.21,3.21,3.21,3.21,3.21,4.91,4.91,5.67,5.67,3.78,3.78,3.78,3.78,3.78,3.78,5.29,6.05,6.05,5.29,3.4,3.4,3.4,3.4
N_5_33,N_6_32,3.7003303114201143,3.77,3.77,3.77,3.77,3.77,3.77,5.77,5.77,6.66,6.66,4.44,4.44,4.44,4.44,4.44,4.44,6.22,7.1,7.1,6.22,4.0,4.0,4.0,4.0
N_5_33,N_5_32,13.560827227075531,7.53,7.53,7.53,7.53,7.53,7.53,9.36,9.36,10.17,10.17,8.14,8.14,8.14,8.14,8.14,8.14,9.76,10.58,10.58,9.76,7.73,7.73,7.73,7.73
N_5_34,N_4_36,1.9578770879868594,3.21,3.21,3.21,3.21,3.21,3.21,5.33,5.33,6.27,6.27,3.92,3.92,3.92,3.92,3.92,3.92,5.8,6.74,6.74,5.8,3.45,3.45,3.45,3.45
N_5_34,N_6_33,1.5237157501280685,2.5,2.5,2.5,2.5,2.5,2.5,4.14,4.14,4.88,4.88,3.05,3.05,3.05,3.05,3.05,3.05,4.51,5.24,5.24,4.51,2.68,2.68,2.68,2.68
N_5_34,N_4_34,3.4295197235417496,3.5,3.5,3.5,3.5,3.5,3.5,5.35,5.35,6.17,6.17,4.12,4.12,4.12,4.12,4.12,4.12,5.76,6.58,6.58,5.76,3.7,3.7,3.7,3.7
N_5_34,N_5_32,4.170149453855047,4.25,4.25,4.25,4.25,4.25,4.25,6.51,6.51,7.51,7.51,5.0,5.0,5.0,5.0,5.0,5.0,7.01,8.01,8.01,7.01,4.5,4.5,4.5,4.5
N_5_35,N_3_36,1.7331989242420627,2.84,2.84,2.84,2.84,2.84,2.84,4.71,4.71,5.55,5.55,3.47,3.47,3.47,3.47,3.47,3.47,5.13,5.96,5.96,5.13,3.05,3.05,3.05,3.05
N_5_35,N_4_34,4.140355534148662,4.22,4.22,4.22,4.22,4.22,4.22,6.46,6.46,7.45,7.45,4.97,4.97,4.97,4.97,4.97,4.97,6.96,7.95,7.95,6.96,4.47,4.47,4.47,4.47
N_5_36,N_3_36,12.92990219291218,7.18,7.18,7.18,7.18,7.18,7.18,8.92,8.92,9.7,9.7,7.76,7.76,7.76,7.76,7.76,7.76,9.31,10.09,10.09,9.31,7.37,7.37,7.37,7.37
N_5_36,N_5_38,5.088268884733599,5.19,5.19,5.19,5.19,5.19,5.19,7.94,7.94,9.16,9.16,6.11,6.11,6.11,6.11,6.11,6.11,8.55,9.77,9.77,8.55,5.5,5.5,5.5,5.5
N_5_36,N_5_35,10.063663324184992,5.59,5.59,5.59,5.59,5.59,5.59,6.94,6.94,7.55,7.55,6.04,6.04,6.04,6.04,6.04,6.04,7.25,7.85,7.85,7.25,5.74,5.74,5.74,5.74
N_5_36,N_4_36,2.0529579746231854,3.37,3.37,3.37,3.37,3.37,3.37,5.58,5.58,6.57,6.57,4.11,4.11,4.11,4.11,4.11,4.11,6.08,7.06,7.06,6.08,3.61,3.61,3.61,3.61
N_5_37,N_3_37,3.966543644550917,4.05,4.05,4.05,4.05,4.05,4.05,6.19,6.19,7.14,7.14,4.76,4.76,4.76,4.76,4.76,4.76,6.66,7.62,7.62,6.66,4.28,4.28,4.28,4.28
N_5_37,N_7_38,13.216346890379853,7.34,7.34,7.34,7.34,7.34,7.34,9.12,9.12,9.91,9.91,7.93,7.93,7.93,7.93,7.93,7.93,9.52,10.31,10.31,9.52,7.53,7.53,7.53,7.53
N_5_38,N_4_38,14.54184175129442,8.07,8.07,8.07,8.07,8.07,8.07,10.03,10.03,10.91,10.91,8.73,8.73,8.73,8.73,8.73,8.73,10.47,11.34,11.34,10.47,8.29,8.29,8.29,8.29
N_5_38,N_4_39,11.155335731800193,6.19,6.19,6.19,6.19,6.19,6.19,7.7,7.7,8.37,8.37,6.69,6.69,6.69,6.69,6.69,6.69,8.03,8.7,8.7,8.03,6.36,6.36,6.36,6.36
N_5_38,N_5_39,2.079815123466788,3.41,3.41,3.41,3.41,3.41,3.41,5.66,5.66,6.66,6.66,4.16,4.16,4.16,4.16,4.16,4.16,6.16,7.15,7.15,6.16,3.66,3.66,3.66,3.66
N_5_39,N_3_38,3.0442167542242564,3.11,3.11,3.11,3.11,3.11,3.11,4.75,4.75,5.48,5.48,3.65,3.65,3.65,3.65,3.65,3.65,5.11,5.84,5.84,5.11,3.29,3.29,3.29,3.29
N_5_39,N_4_38,3.839680180792901,3.92,3.92,3.92,3.92,3.92,3.92,5.99,5.99,6.91,6.91,4.61,4.61,4.61,4.61,4.61,4.61,6.45,7.37,7.37,6.45,4.15,4.15,4.15,4.15
N_5_39,N_5_37,6.395685122501137,6.52,6.52,6.52,6.52,6.52,6.52,9.98,9.98,11.51,11.51,7.67,7.67,7.67,7.67,7.67,7.67,10.74,12.28,12.28,10.74,6.91,6.91,6.91,6.91
N_5_39,N_7_39,9.72033182731481,5.39,5.39,5.39,5.39,5.39,5.39,6.71,6.71,7.29,7.29,5.83,5.83,5.83,5.83,5.83,5.83,7.0,7.58,7.58,7.0,5.54,5.54,5.54,5.54
N_5_39,N_6_39,5.155082347386669,5.26,5.26,5.26,5.26,5.26,5.26,8.04,8.04,9.28,9.28,6.19,6.19,6.19,6.19,6.19,6.19,8.66,9.9,9.9,8.66,5.57,5.57,5.57,5.57
N_5_39,N_6_37,1.6528754832052663,2.71,2.71,2.71,2.71,2.71,2.71,4.5,4.5,5.29,5.29,3.31,3.31,3.31,3.31,3.31,3.31,4.89,5.69,5.69,4.89,2.91,2.91,2.91,2.91
N_5_4,N_4_4,5.627971807512074,5.74,5.74,5.74,5.74,5.74,5.74,8.78,8.78,10.13,10.13,6.75,6.75,6.75,6.75,6.75,6.75,9.45,10.81,10.81,9.45,6.08,6.08,6.08,6.08
N_5_4,N_7_3,3.0826701150698708,3.14,3.14,3.14,3.14,3.14,3.14,4.81,4.81,5.55,5.55,3.7,3.7,3.7,3.7,3.7,3.7,5.18,5.92,5.92,5.18,3.33,3.33,3.33,3.33
N_5_4,N_4_5,0.5237774665475219,0.86,0.86,0.86,0.86,0.86,0.86,1.42,1.42,1.68,1.68,1.05,1.05,1.05,1.05,1.05,1.05,1.55,1.8,1.8,1.55,0.92,0.92,0.92,0.92
N_5_5,N_5_7,4.260596464561276,4.35,4.35,4.35,4.35,4.35,4.35,6.65,6.65,7.67,7.67,5.11,5.11,5.11,5.11,5.11,5.11,7.16,8.18,8.18,7.16,4.6,4.6,4.6,4.6
N_5_5,N_6_4,3.16905014437341,3.23,3.23,3.23,3.23,3.23,3.23,4.94,4.94,5.7,5.7,3.8,3.8,3.8,3.8,3.8,3.8,5.32,6.08,6.08,5.32,3.42,3.42,3.42,3.42
N_5_5,N_4_4,6.305407122820958,6.43,6.43,6.43,6.43,6.43,6.43,9.84,9.84,11.35,11.35,7.57,7.57,7.57,7.57,7.57,7.57,10.59,12.11,12.11,10.59,6.81,6.81,6.81,6.81
N_5_5,N_3_4,1.9343577194663426,3.17,3.17,3.17,3.17,3.17,3.17,5.26,5.26,6.19,6.19,3.87,3.87,3.87,3.87,3.87,3.87,5.73,6.65,6.65,5.73,3.4,3.4,3.4,3.4
N_5_6,N_3_5,3.310950733895138,3.38,3.38,3.38,3.38,3.38,3.38,5.17,5.17,5.96,5.96,3.97,3.97,3.97,3.97,3.97,3.97,5.56,6.36,6.36,5.56,3.58,3.58,3.58,3.58
N_5_6,N_4_4,9.454875267224809,5.25,5.25,5.25,5.25,5.25,5.25,6.52,6.52,7.09,7.09,5.67,5.67,5.67,5.67,5.67,5.67,6.81,7.37,7.37,6.81,5.39,5.39,5.39,5.39
N_5_6,N_5_8,10.44075270420014,5.79,5.79,5.79,5.79,5.79,5.79,7.2,7.2,7.83,7.83,6.26,6.26,6.26,6.26,6.26,6.26,7.52,8.14,8.14,7.52,5.95,5.95,5.95,5.95
N_5_7,N_3_7,11.892090787122758,6.6,6.6,6.6,6.6,6.6,6.6,8.21,8.21,8.92,8.92,7.14,7.14,7.14,7.14,7.14,7.14,8.56,9.28,9.28,8.56,6.78,6.78,6.78,6.78
N_5_7,N_5_5,4.260596464561276,4.35,4.35,4.35,4.35,4.35,4.35,6.65,6.65,7.67,7.67,5.11,5.11,5.11,5.11,5.11,5.11,7.16,8.18,8.18,7.16,4.6,4.6,4.6,4.6
N_5_8,N_5_6,10.44075270420014,5.79,5.79,5.79,5.79,5.79,5.79,7.2,7.2,7.83,7.83,6.26,6.26,6.26,6.26,6.26,6.26,7.52,8.14,8.14,7.52,5.95,5.95,5.95,5.95
N_5_8,N_4_10,5.71537067334188,5.83,5.83,5.83,5.83,5.83,5.83,8.92,8.92,10.29,10.29,6.86,6.86,6.86,6.86,6.86,6.86,9.6,10.97,10.97,9.6,6.17,6.17,6.17,6.17
N_5_8,N_6_9,11.556406701930573,6.41,6.41,6.41,6.41,6.41,6.41,7.97,7.97,8.67,8.67,6.93,6.93,6.93,6.93,6.93,6.93,8.32,9.01,9.01,8.32,6.59,6.59,6.59,6.59
N_5_8,N_5_9,4.8277429350666115,4.92,4.92,4.92,4.92,4.92,4.92,7.53,7.53,8.69,8.69,5.79,5.79,5.79,5.79,5.79,5.79,8.11,9.27,9.27,8.11,5.21,5.21,5.21,5.21
N_5_9,N_3_8,8.377820374395146,4.65,4.65,4.65,4.65,4.65,4.65,5.78,5.78,6.28,6.28,5.03,5.03,5.03,5.03,5.03,5.03,6.03,6.53,6.53,6.03,4.78,4.78,4.78,4.78
N_5_9,N_6_7,5.786271436864947,5.9,5.9,5.9,5.9,5.9,5.9,9.03,9.03,10.42,10.42,6.94,6.94,6.94,6.94,6.94,6.94,9.72,11.11,11.11,9.72,6.25,6.25,6.25,6.25
N_5_9,N_3_10,6.488769555632331,6.62,6.62,6.62,6.62,6.62,6.62,10.12,10.12,11.68,11.68,7.79,7.79,7.79,7.79,7.79,7.79,10.9,12.46,12.46,10.9,7.01,7.01,7.01,7.01
N_5_9,N_7_10,13.797648406469873,7.66,7.66,7.66,7.66,7.66,7.66,9.52,9.52,10.35,10.35,8.28,8.28,8.28,8.28,8.28,8.28,9.93,10.76,10.76,9.93,7.86,7.86,7.86,7.86
N_6_0,N_4_0,3.8341224915451013,3.91,3.91,3.91,3.91,3.91,3.91,5.98,5.98,6.9,6.9,4.6,4.6,4.6,4.6,4.6,4.6,6.44,7.36,7.36,6.44,4.14,4.14,4.14,4.14
N_6_0,N_6_1,2.2447249606616584,3.68,3.68,3.68,3.68,3.68,3.68,6.11,6.11,7.18,7.18,4.49,4.49,4.49,4.49,4.49,4.49,6.64,7.72,7.72,6.64,3.95,3.95,3.95,3.95
N_6_0,N_5_0,9.89411734918515,5.49,5.49,5.49,5.49,5.49,5.49,6.83,6.83,7.42,7.42,5.94,5.94,5.94,5.94,5.94,5.94,7.12,7.72,7.72,7.12,5.64,5.64,5.64,5.64
N_6_1,N_4_0,13.966627150166062,7.75,7.75,7.75,7.75,7.75,7.75,9.64,9.64,10.47,10.47,8.38,8.38,8.38,8.38,8.38,8.38,10.06,10.89,10.89,10.06,7.96,7.96,7.96,7.96
N_6_1,N_6_0,2.2447249606616584,3.68,3.68,3.68,3.68,3.68,3.68,6.11,6.11,7.18,7.18,4.49,4.49,4.49,4.49,4.49,4.49,6.64,7.72,7.72,6.64,3.95,3.95,3.95,3.95
N_6_1,N_7_2,11.756067367976303,6.52,6.52,6.52,6.52,6.52,6.52,8.11,8.11,8.82,8.82,7.05,7.05,7.05,7.05,7.05,7.05,8.46,9.17,9.17,8.46,6.7,6.7,6.7,6.7
N_6_1,N_8_1,1.5182950266353001,2.49,2.49,2.49,2.49,2.49,2.49,4.13,4.13,4.86,4.86,3.04,3.04,3.04,3.04,3.04,3.04,4.49,5.22,5.22,4.49,2.67,2.67,2.67,2.67
N_6_1,N_4_2,2.008797600282972,3.29,3.29,3.29,3.29,3.29,3.29,5.46,5.46,6.43,6.43,4.02,4.02,4.02,4.02,4.02,4.02,5.95,6.91,6.91,5.95,3.54,3.54,3.54,3.54
N_6_1,N_7_1,0.974258971678587,1.6,1.6,1.6,1.6,1.6,1.6,2.65,2.65,3.12,3.12,1.95,1.95,1.95,1.95,1.95,1.95,2.88,3.35,3.35,2.88,1.71,1.71,1.71,1.71
N_6_1,N_5_1,5.994466420792241,6.11,6.11,6.11,6.11,6.11,6.11,9.35,9.35,10.79,10.79,7.19,7.19,7.19,7.19,7.19,7.19,10.07,11.51,11.51,10.07,6.47,6.47,6.47,6.47
N_6_10,N_5_8,6.040026739916725,6.16,6.16,6.16,6.16,6.16,6.16,9.42,9.42,10.87,10.87,7.25,7.25,7.25,7.25,7.25,7.25,10.15,11.6,11.6,10.15,6.52,6.52,6.52,6.52
N_6_10,N_7_10,3.8221857115142557,3.9,3.9,3.9,3.9,3.9,3.9,5.96,5.96,6.88,6.88,4.59,4.59,4.59,4.59,4.59,4.59,6.42,7.34,7.34,6.42,4.13,4.13,4.13,4.13
N_6_10,N_5_12,4.436576931530254,4.53,4.53,4.53,4.53,4.53,4.53,6.92,6.92,7.99,7.99,5.32,5.32,5.32,5.32,5.32,5.32,7.45,8.52,8.52,7.45,4.79,4.79,4.79,4.79
N_6_11,N_5_12,1.198579364161744,1.97,1.97,1.97,1.97,1.97,1.97,3.26,3.26,3.84,3.84,2.4,2.4,2.4,2.4,2.4,2.4,3.55,4.12,4.12,3.55,2.11,2.11,2.11,2.11
N_6_11,N_7_12,4.583592001594313,4.68,4.68,4.68,4.68,4.68,4.68,7.15,7.15,8.25,8.25,5.5,5.5,5.5,5.5,5.5,5.5,7.7,8.8,8.8,7.7,4.95,4.95,4.95,4.95
N_6_11,N_7_10,6.87955373643396,7.02,7.02,7.02,7.02,7.02,7.02,10.73,10.73,12.38,12.38,8.26,8.26,8.26,8.26,8.26,8.26,11.56,13.21,13.21,11.56,7.43,7.43,7.43,7.43
N_6_12,N_5_13,4.340897997118393,4.43,4.43,4.43,4.43,4.43,4.43,6.77,6.77,7.81,7.81,5.21,5.21,5.21,5.21,5.21,5.21,7.29,8.33,8.33,7.29,4.69,4.69,4.69,4.69
N_6_12,N_6_13,6.355462631707027,6.48,6.48,6.48,6.48,6.48,6.48,9.91,9.91,11.44,11.44,7.63,7.63,7.63,7.63,7.63,7.63,10.68,12.2,12.2,10.68,6.86,6.86,6.86,6.86
N_6_12,N_7_13,6.123132444626034,6.25,6.25,6.25,6.25,6.25,6.25,9.55,9.55,11.02,11.02,7.35,7.35,7.35,7.35,7.35,7.35,10.29,11.76,11.76,10.29,6.61,6.61,6.61,6.61
N_6_12,N_8_13,3.2379889375383897,3.3,3.3,3.3,3.3,3.3,3.3,5.05,5.05,5.83,5.83,3.89,3.89,3.89,3.89,3.89,3.89,5.44,6.22,6.22,5.44,3.5,3.5,3.5,3.5
N_6_12,N_6_11,3.3951627300605622,3.46,3.46,3.46,3.46,3.46,3.46,5.3,5.3,6.11,6.11,4.07,4.07,4.07,4.07,4.07,4.07,5.7,6.52,6.52,5.7,3.67,3.67,3.67,3.67
N_6_12,N_8_12,13.254569962168745,7.36,7.36,7.36,7.36,7.36,7.36,9.15,9.15,9.94,9.94,7.95,7.95,7.95,7.95,7.95,7.95,9.54,10.34,10.34,9.54,7.56,7.56,7.56,7.56
N_6_12,N_6_14,5.349526844328337,5.46,5.46,5.46,5.46,5.46,5.46,8.35,8.35,9.63,9.63,6.42,6.42,6.42,6.42,6.42,6.42,8.99,10.27,10.27,8.99,5.78,5.78,5.78,5.78
N_6_13,N_5_14,4.184290096502357,4.27,4.27,4.27,4.27,4.27,4.27,6.53,6.53,7.53,7.53,5.02,5.02,5.02,5.02,5.02,5.02,7.03,8.03,8.03,7.03,4.52,4.52,4.52,4.52
N_6_13,N_6_12,6.355462631707027,6.48,6.48,6.48,6.48,6.48,6.48,9.91,9.91,11.44,11.44,7.63,7.63,7.63,7.63,7.63,7.63,10.68,12.2,12.2,10.68,6.86,6.86,6.86,6.86
N_6_13,N_5_15,8.697751445734323,4.83,4.83,4.83,4.83,4.83,4.83,6.0,6.0,6.52,6.52,5.22,5.22,5.22,5.22,5.22,5.22,6.26,6.78,6.78,6.26,4.96,4.96,4.96,4.96
N_6_14,N_5_16,9.281152122614937,5.15,5.15,5.15,5.15,5.15,5.15,6.4,6.4,6.96,6.96,5.57,5.57,5.57,5.57,5.57,5.57,6.68,7.24,7.24,6.68,5.29,5.29,5.29,5.29
N_6_14,N_6_12,5.349526844328337,5.46,5.46,5.46,5.46,5.46,5.46,8.35,8.35,9.63,9.63,6.42,6.42,6.42,6.42,6.42,6.42,8.99,10.27,10.27,8.99,5.78,5.78,5.78,5.78
N_6_14,N_8_15,14.509769484848714,8.05,8.05,8.05,8.05,8.05,8.05,10.01,10.01,10.88,10.88,8.71,8.71,8.71,8.71,8.71,8.71,10.45,11.32,11.32,10.45,8.27,8.27,8.27,8.27
N_6_14,N_6_13,10.346548188150148,5.74,5.74,5.74,5.74,5.74,5.74,7.14,7.14,7.76,7.76,6.21,6.21,6.21,6.21,6.21,6.21,7.45,8.07,8.07,7.45,5.9,5.9,5.9,5.9
N_6_14,N_8_13,6.210350585404175,6.33,6.33,6.33,6.33,6.33,6.33,9.69,9.69,11.18,11.18,7.45,7.45,7.45,7.45,7.45,7.45,10.43,11.92,11.92,10.43,6.71,6.71,6.71,6.71
N_6_14,N_7_13,10.522736790598609,5.84,5.84,5.84,5.84,5.84,5.84,7.26,7.26,7.89,7.89,6.31,6.31,6.31,6.31,6.31,6.31,7.58,8.21,8.21,7.58,6.0,6.0,6.0,6.0
N_6_15,N_7_17,11.230353896516014,6.23,6.23,6.23,6.23,6.23,6.23,7.75,7.75,8.42,8.42,6.74,6.74,6.74,6.74,6.74,6.74,8.09,8.76,8.76,8.09,6.4,6.4,6.4,6.4
N_6_15,N_8_14,5.617393983944386,5.73,5.73,5.73,5.73,5.73,5.73,8.76,8.76,10.11,10.11,6.74,6.74,6.74,6.74,6.74,6.74,9.44,10.79,10.79,9.44,6.07,6.07,6.07,6.07
N_6_15,N_5_15,9.42935699808412,5.23,5.23,5.23,5.23,5.23,5.23,6.51,6.51,7.07,7.07,5.66,5.66,5.66,5.66,5.66,5.66,6.79,7.35,7.35,6.79,5.37,5.37,5.37,5.37
N_6_15,N_8_16,5.972977623621109,6.09,6.09,6.09,6.09,6.09,6.09,9.32,9.32,10.75,10.75,7.17,7.17,7.17,7.17,7.17,7.17,10.03,11.47,11.47,10.03,6.45,6.45,6.45,6.45
N_6_16,N_6_17,3.0251546637650777,3.09,3.09,3.09,3.09,3.09,3.09,4.72,4.72,5.45,5.45,3.63,3.63,3.63,3.63,3.63,3.63,5.08,5.81,5.81,5.08,3.27,3.27,3.27,3.27
N_6_16,N_4_15,8.376555054506307,4.65,4.65,4.65,4.65,4.65,4.65,5.78,5.78,6.28,6.28,5.03,5.03,5.03,5.03,5.03,5.03,6.03,6.53,6.53,6.03,4.77,4.77,4.77,4.77
N_6_16,N_5_18,2.0191525414814704,3.31,3.31,3.31,3.31,3.31,3.31,5.49,5.49,6.46,6.46,4.04,4.04,4.04,4.04,4.04,4.04,5.98,6.95,6.95,5.98,3.55,3.55,3.55,3.55
N_6_17,N_5_18,3.0076439957415326,3.07,3.07,3.07,3.07,3.07,3.07,4.69,4.69,5.41,5.41,3.61,3.61,3.61,3.61,3.61,3.61,5.05,5.77,5.77,5.05,3.25,3.25,3.25,3.25
N_6_17,N_6_16,3.0251546637650777,3.09,3.09,3.09,3.09,3.09,3.09,4.72,4.72,5.45,5.45,3.63,3.63,3.63,3.63,3.63,3.63,5.08,5.81,5.81,5.08,3.27,3.27,3.27,3.27
N_6_17,N_5_16,6.29317135948174,6.42,6.42,6.42,6.42,6.42,6.42,9.82,9.82,11.33,11.33,7.55,7.55,7.55,7.55,7.55,7.55,10.57,12.08,12.08,10.57,6.8,6.8,6.8,6.8
N_6_17,N_8_17,3.8329765103579443,3.91,3.91,3.91,3.91,3.91,3.91,5.98,5.98,6.9,6.9,4.6,4.6,4.6,4.6,4.6,4.6,6.44,7.36,7.36,6.44,4.14,4.14,4.14,4.14
N_6_18,N_4_17,6.25906379049094,6.38,6.38,6.38,6.38,6.38,6.38,9.76,9.76,11.27,11.27,7.51,7.51,7.51,7.51,7.51,7.51,10.52,12.02,12.02,10.52,6.76,6.76,6.76,6.76
N_6_18,N_8_18,4.4030222926123965,4.49,4.49,4.49,4.49,4.49,4.49,6.87,6.87,7.93,7.93,5.28,5.28,5.28,5.28,5.28,5.28,7.4,8.45,8.45,7.4,4.76,4.76,4.76,4.76
N_6_19,N_5_18,6.16465484734798,6.29,6.29,6.29,6.29,6.29,6.29,9.62,9.62,11.1,11.1,7.4,7.4,7.4,7.4,7.4,7.4,10.36,11.84,11.84,10.36,6.66,6.66,6.66,6.66
N_6_19,N_7_19,4.685204062667539,4.78,4.78,4.78,4.78,4.78,4.78,7.31,7.31,8.43,8.43,5.62,5.62,5.62,5.62,5.62,5.62,7.87,9.0,9.0,7.87,5.06,5.06,5.06,5.06
N_6_19,N_8_18,3.2351497086243213,3.3,3.3,3.3,3.3,3.3,3.3,5.05,5.05,5.82,5.82,3.88,3.88,3.88,3.88,3.88,3.88,5.44,6.21,6.21,5.44,3.49,3.49,3.49,3.49
N_6_2,N_7_0,10.105428750107322,5.61,5.61,5.61,5.61,5.61,5.61,6.97,6.97,7.58,7.58,6.06,6.06,6.06,6.06,6.06,6.06,7.28,7.88,7.88,7.28,5.76,5.76,5.76,5.76
N_6_2,N_4_2,5.904398553493359,6.02,6.02,6.02,6.02,6.02,6.02,9.21,9.21,10.63,10.63,7.09,7.09,7.09,7.09,7.09,7.09,9.92,11.34,11.34,9.92,6.38,6.38,6.38,6.38
N_6_20,N_5_18,5.639939033340019,5.75,5.75,5.75,5.75,5.75,5.75,8.8,8.8,10.15,10.15,6.77,6.77,6.77,6.77,6.77,6.77,9.48,10.83,10.83,9.48,6.09,6.09,6.09,6.09
N_6_20,N_5_19,0.8797438316800077,1.44,1.44,1.44,1.44,1.44,1.44,2.39,2.39,2.82,2.82,1.76,1.76,1.76,1.76,1.76,1.76,2.6,3.03,3.03,2.6,1.55,1.55,1.55,1.55
N_6_20,N_5_20,5.012671908581065,5.11,5.11,5.11,5.11,5.11,5.11,7.82,7.82,9.02,9.02,6.02,6.02,6.02,6.02,6.02,6.02,8.42,9.62,9.62,8.42,5.41,5.41,5.41,5.41
N_6_20,N_7_19,4.726773833855738,4.82,4.82,4.82,4.82,4.82,4.82,7.37,7.37,8.51,8.51,5.67,5.67,5.67,5.67,5.67,5.67,7.94,9.08,9.08,7.94,5.1,5.1,5.1,5.1
N_6_21,N_4_21,1.888255522949168,3.1,3.1,3.1,3.1,3.1,3.1,5.14,5.14,6.04,6.04,3.78,3.78,3.78,3.78,3.78,3.78,5.59,6.5,6.5,5.59,3.32,3.32,3.32,3.32
N_6_21,N_5_21,11.632980053412345,6.46,6.46,6.46,6.46,6.46,6.46,8.03,8.03,8.72,8.72,6.98,6.98,6.98,6.98,6.98,6.98,8.38,9.07,9.07,8.38,6.63,6.63,6.63,6.63
N_6_21,N_5_22,13.000220834899302,7.22,7.22,7.22,7.22,7.22,7.22,8.97,8.97,9.75,9.75,7.8,7.8,7.8,7.8,7.8,7.8,9.36,10.14,10.14,9.36,7.41,7.41,7.41,7.41
N_6_21,N_6_22,8.778609255591817,4.87,4.87,4.87,4.87,4.87,4.87,6.06,6.06,6.58,6.58,5.27,5.27,5.27,5.27,5.27,5.27,6.32,6.85,6.85,6.32,5.0,5.0,5.0,5.0
N_6_22,N_5_21,3.3768031638373674,3.44,3.44,3.44,3.44,3.44,3.44,5.27,5.27,6.08,6.08,4.05,4.05,4.05,4.05,4.05,4.05,5.67,6.48,6.48,5.67,3.65,3.65,3.65,3.65
N_6_22,N_6_21,8.778609255591817,4.87,4.87,4.87,4.87,4.87,4.87,6.06,6.06,6.58,6.58,5.27,5.27,5.27,5.27,5.27,5.27,6.32,6.85,6.85,6.32,5.0,5.0,5.0,5.0
N_6_22,N_7_20,11.197224312984584,6.21,6.21,6.21,6.21,6.21,6.21,7.73,7.73,8.4,8.4,6.72,6.72,6.72,6.72,6.72,6.72,8.06,8.73,8.73,8.06,6.38,6.38,6.38,6.38
N_6_22,N_8_23,6.7802838317553515,6.92,6.92,6.92,6.92,6.92,6.92,10.58,10.58,12.2,12.2,8.14,8.14,8.14,8.14,8.14,8.14,11.39,13.02,13.02,11.39,7.32,7.32,7.32,7.32
N_6_23,N_5_21,12.317198615898256,6.84,6.84,6.84,6.84,6.84,6.84,8.5,8.5,9.24,9.24,7.39,7.39,7.39,7.39,7.39,7.39,8.87,9.61,9.61,8.87,7.02,7.02,7.02,7.02
N_6_23,N_6_22,8.677467510559318,4.82,4.82,4.82,4.82,4.82,4.82,5.99,5.99,6.51,6.51,5.21,5.21,5.21,5.21,5.21,5.21,6.25,6.77,6.77,6.25,4.95,4.95,4.95,4.95
N_6_23,N_4_22,0.6649638701911138,1.09,1.09,1.09,1.09,1.09,1.09,1.81,1.81,2.13,2.13,1.33,1.33,1.33,1.33,1.33,1.33,1.97,2.29,2.29,1.97,1.17,1.17,1.17,1.17
N_6_23,N_5_23,1.136681528277202,1.86,1.86,1.86,1.86,1.86,1.86,3.09,3.09,3.64,3.64,2.27,2.27,2.27,2.27,2.27,2.27,3.36,3.91,3.91,3.36,2.0,2.0,2.0,2.0
N_6_23,N_6_25,4.477520099112477,4.57,4.57,4.57,4.57,4.57,4.57,6.98,6.98,8.06,8.06,5.37,5.37,5.37,5.37,5.37,5.37,7.52,8.6,8.6,7.52,4.84,4.84,4.84,4.84
N_6_23,N_5_22,6.036918329397771,6.16,6.16,6.16,6.16,6.16,6.16,9.42,9.42,10.87,10.87,7.24,7.24,7.24,7.24,7.24,7.24,10.14,11.59,11.59,10.14,6.52,6.52,6.52,6.52
N_6_24,N_6_22,4.500247268183518,4.59,4.59,4.59,4.59,4.59,4.59,7.02,7.02,8.1,8.1,5.4,5.4,5.4,5.4,5.4,5.4,7.56,8.64,8.64,7.56,4.86,4.86,4.86,4.86
N_6_24,N_5_23,4.133534210384031,4.22,4.22,4.22,4.22,4.22,4.22,6.45,6.45,7.44,7.44,4.96,4.96,4.96,4.96,4.96,4.96,6.94,7.94,7.94,6.94,4.46,4.46,4.46,4.46
N_6_24,N_5_24,10.83095381426511,6.01,6.01,6.01,6.01,6.01,6.01,7.47,7.47,8.12,8.12,6.5,6.5,6.5,6.5,6.5,6.5,7.8,8.45,8.45,7.8,6.17,6.17,6.17,6.17
N_6_24,N_7_23,3.381962122278219,3.45,3.45,3.45,3.45,3.45,3.45,5.28,5.28,6.09,6.09,4.06,4.06,4.06,4.06,4.06,4.06,5.68,6.49,6.49,5.68,3.65,3.65,3.65,3.65
N_6_25,N_6_23,4.477520099112477,4.57,4.57,4.57,4.57,4.57,4.57,6.98,6.98,8.06,8.06,5.37,5.37,5.37,5.37,5.37,5.37,7.52,8.6,8.6,7.52,4.84,4.84,4.84,4.84
N_6_25,N_4_25,3.2801111786627963,3.35,3.35,3.35,3.35,3.35,3.35,5.12,5.12,5.9,5.9,3.94,3.94,3.94,3.94,3.94,3.94,5.51,6.3,6.3,5.51,3.54,3.54,3.54,3.54
N_6_25,N_5_25,3.543772711383372,3.61,3.61,3.61,3.61,3.61,3.61,5.53,5.53,6.38,6.38,4.25,4.25,4.25,4.25,4.25,4.25,5.95,6.8,6.8,5.95,3.83,3.83,3.83,3.83
N_6_25,N_5_24,1.7743469621381016,2.91,2.91,2.91,2.91,2.91,2.91,4.83,4.83,5.68,5.68,3.55,3.55,3.55,3.55,3.55,3.55,5.25,6.1,6.1,5.25,3.12,3.12,3.12,3.12
N_6_26,N_4_27,12.6276891559461,7.01,7.01,7.01,7.01,7.01,7.01,8.71,8.71,9.47,9.47,7.58,7.58,7.58,7.58,7.58,7.58,9.09,9.85,9.85,9.09,7.2,7.2,7.2,7.2
N_6_26,N_5_28,1.0041300077963873,1.65,1.65,1.65,1.65,1.65,1.65,2.73,2.73,3.21,3.21,2.01,2.01,2.01,2.01,2.01,2.01,2.97,3.45,3.45,2.97,1.77,1.77,1.77,1.77
N_6_26,N_6_24,6.753072442693808,6.89,6.89,6.89,6.89,6.89,6.89,10.53,10.53,12.16,12.16,8.1,8.1,8.1,8.1,8.1,8.1,11.35,12.97,12.97,11.35,7.29,7.29,7.29,7.29
N_6_27,N_6_29,9.696120654468247,5.38,5.38,5.38,5.38,5.38,5.38,6.69,6.69,7.27,7.27,5.82,5.82,5.82,5.82,5.82,5.82,6.98,7.56,7.56,6.98,5.53,5.53,5.53,5.53
N_6_27,N_8_27,8.628117509661942,4.79,4.79,4.79,4.79,4.79,4.79,5.95,5.95,6.47,6.47,5.18,5.18,5.18,5.18,5.18,5.18,6.21,6.73,6.73,6.21,4.92,4.92,4.92,4.92
N_6_27,N_5_27,0.9010076669396339,1.48,1.48,1.48,1.48,1.48,1.48,2.45,2.45,2.88,2.88,1.8,1.8,1.8,1.8,1.8,1.8,2.67,3.1,3.1,2.67,1.59,1.59,1.59,1.59
N_6_28,N_4_28,3.846079843966204,3.92,3.92,3.92,3.92,3.92,3.92,6.0,6.0,6.92,6.92,4.62,4.62,4.62,4.62,4.62,4.62,6.46,7.38,7.38,6.46,4.15,4.15,4.15,4.15
N_6_28,N_4_29,6.572785451527617,6.7,6.7,6.7,6.7,6.7,6.7,10.25,10.25,11.83,11.83,7.89,7.89,7.89,7.89,7.89,7.89,11.04,12.62,12.62,11.04,7.1,7.1,7.1,7.1
N_6_28,N_5_26,14.478180384046729,8.04,8.04,8.04,8.04,8.04,8.04,9.99,9.99,10.86,10.86,8.69,8.69,8.69,8.69,8.69,8.69,10.42,11.29,11.29,10.42,8.25,8.25,8.25,8.25
N_6_29,N_4_30,1.428534424240041,2.34,2.34,2.34,2.34,2.34,2.34,3.89,3.89,4.57,4.57,2.86,2.86,2.86,2.86,2.86,2.86,4.23,4.91,4.91,4.23,2.51,2.51,2.51,2.51
N_6_29,N_6_27,9.696120654468247,5.38,5.38,5.38,5.38,5.38,5.38,6.69,6.69,7.27,7.27,5.82,5.82,5.82,5.82,5.82,5.82,6.98,7.56,7.56,6.98,5.53,5.53,5.53,5.53
N_6_29,N_4_28,6.932142174391681,7.07,7.07,7.07,7.07,7.07,7.07,10.81,10.81,12.48,12.48,8.32,8.32,8.32,8.32,8.32,8.32,11.65,13.31,13.31,11.65,7.49,7.49,7.49,7.49
N_6_29,N_6_28,6.381377164986752,6.51,6.51,6.51,6.51,6.51,6.51,9.95,9.95,11.49,11.49,7.66,7.66,7.66,7.66,7.66,7.66,10.72,12.25,12.25,10.72,6.89,6.89,6.89,6.89
N_6_3,N_8_3,1.9071847469991419,3.13,3.13,3.13,3.13,3.13,3.13,5.19,5.19,6.1,6.1,3.81,3.81,3.81,3.81,3.81,3.81,5.65,6.56,6.56,5.65,3.36,3.36,3.36,3.36
N_6_3,N_7_5,5.795159899686922,5.91,5.91,5.91,5.91,5.91,5.91,9.04,9.04,10.43,10.43,6.95,6.95,6.95,6.95,6.95,6.95,9.74,11.13,11.13,9.74,6.26,6.26,6.26,6.26
N_6_3,N_4_4,8.910154096278799,4.95,4.95,4.95,4.95,4.95,4.95,6.15,6.15,6.68,6.68,5.35,5.35,5.35,5.35,5.35,5.35,6.42,6.95,6.95,6.42,5.08,5.08,5.08,5.08
N_6_3,N_6_4,1.7428023201126017,2.86,2.86,2.86,2.86,2.86,2.86,4.74,4.74,5.58,5.58,3.49,3.49,3.49,3.49,3.49,3.49,5.16,6.0,6.0,5.16,3.07,3.07,3.07,3.07
N_6_30,N_4_31,0.7177062005739865,1.18,1.18,1.18,1.18,1.18,1.18,1.95,1.95,2.3,2.3,1.44,1.44,1.44,1.44,1.44,1.44,2.12,2.47,2.47,2.12,1.26,1.26,1.26,1.26
N_6_30,N_7_32,4.933490514559201,5.03,5.03,5.03,5.03,5.03,5.03,7.7,7.7,8.88,8.88,5.92,5.92,5.92,5.92,5.92,5.92,8.29,9.47,9.47,8.29,5.33,5.33,5.33,5.33
N_6_30,N_5_28,9.647054360750683,5.35,5.35,5.35,5.35,5.35,5.35,6.66,6.66,7.24,7.24,5.79,5.79,5.79,5.79,5.79,5.79,6.95,7.52,7.52,6.95,5.5,5.5,5.5,5.5
N_6_31,N_5_29,3.861819414254133,3.94,3.94,3.94,3.94,3.94,3.94,6.02,6.02,6.95,6.95,4.63,4.63,4.63,4.63,4.63,4.63,6.49,7.41,7.41,6.49,4.17,4.17,4.17,4.17
N_6_31,N_5_30,5.222740212708265,5.33,5.33,5.33,5.33,5.33,5.33,8.15,8.15,9.4,9.4,6.27,6.27,6.27,6.27,6.27,6.27,8.77,10.03,10.03,8.77,5.64,5.64,5.64,5.64
N_6_31,N_7_30,9.79744536447394,5.44,5.44,5.44,5.44,5.44,5.44,6.76,6.76,7.35,7.35,5.88,5.88,5.88,5.88,5.88,5.88,7.05,7.64,7.64,7.05,5.58,5.58,5.58,5.58
N_6_32,N_4_32,12.871618059732754,7.14,7.14,7.14,7.14,7.14,7.14,8.88,8.88,9.65,9.65,7.72,7.72,7.72,7.72,7.72,7.72,9.27,10.04,10.04,9.27,7.34,7.34,7.34,7.34
N_6_32,N_5_32,9.577431137573289,5.32,5.32,5.32,5.32,5.32,5.32,6.61,6.61,7.18,7.18,5.75,5.75,5.75,5.75,5.75,5.75,6.9,7.47,7.47,6.9,5.46,5.46,5.46,5.46
N_6_33,N_5_31,1.5581860222172659,2.56,2.56,2.56,2.56,2.56,2.56,4.24,4.24,4.99,4.99,3.12,3.12,3.12,3.12,3.12,3.12,4.61,5.36,5.36,4.61,2.74,2.74,2.74,2.74
N_6_33,N_5_34,1.5237157501280685,2.5,2.5,2.5,2.5,2.5,2.5,4.14,4.14,4.88,4.88,3.05,3.05,3.05,3.05,3.05,3.05,4.51,5.24,5.24,4.51,2.68,2.68,2.68,2.68
N_6_34,N_6_33,6.804247365233081,6.94,6.94,6.94,6.94,6.94,6.94,10.61,10.61,12.25,12.25,8.17,8.17,8.17,8.17,8.17,8.17,11.43,13.06,13.06,11.43,7.35,7.35,7.35,7.35
N_6_34,N_5_35,0.9794349297385105,1.61,1.61,1.61,1.61,1.61,1.61,2.66,2.66,3.13,3.13,1.96,1.96,1.96,1.96,1.96,1.96,2.9,3.37,3.37,2.9,1.72,1.72,1.72,1.72
N_6_34,N_6_35,5.5674401185600475,5.68,5.68,5.68,5.68,5.68,5.68,8.69,8.69,10.02,10.02,6.68,6.68,6.68,6.68,6.68,6.68,9.35,10.69,10.69,9.35,6.01,6.01,6.01,6.01
N_6_34,N_8_33,8.409179154175895,4.67,4.67,4.67,4.67,4.67,4.67,5.8,5.8,6.31,6.31,5.05,5.05,5.05,5.05,5.05,5.05,6.05,6.56,6.56,6.05,4.79,4.79,4.79,4.79
N_6_34,N_8_34,0.9032888577138567,1.48,1.48,1.48,1.48,1.48,1.48,2.46,2.46,2.89,2.89,1.81,1.81,1.81,1.81,1.81,1.81,2.67,3.11,3.11,2.67,1.59,1.59,1.59,1.59
N_6_35,N_6_34,5.5674401185600475,5.68,5.68,5.68,5.68,5.68,5.68,8.69,8.69,10.02,10.02,6.68,6.68,6.68,6.68,6.68,6.68,9.35,10.69,10.69,9.35,6.01,6.01,6.01,6.01
N_6_35,N_7_37,5.219103527514365,5.32,5.32,5.32,5.32,5.32,5.32,8.14,8.14,9.39,9.39,6.26,6.26,6.26,6.26,6.26,6.26,8.77,10.02,10.02,8.77,5.64,5.64,5.64,5.64
N_6_35,N_8_34,6.538504410694269,6.67,6.67,6.67,6.67,6.67,6.67,10.2,10.2,11.77,11.77,7.85,7.85,7.85,7.85,7.85,7.85,10.98,12.55,12.55,10.98,7.06,7.06,7.06,7.06
N_6_36,N_5_35,1.181452232948793,1.94,1.94,1.94,1.94,1.94,1.94,3.21,3.21,3.78,3.78,2.36,2.36,2.36,2.36,2.36,2.36,3.5,4.06,4.06,3.5,2.08,2.08,2.08,2.08
N_6_36,N_8_36,8.83565899102715,4.9,4.9,4.9,4.9,4.9,4.9,6.1,6.1,6.63,6.63,5.3,5.3,5.3,5.3,5.3,5.3,6.36,6.89,6.89,6.36,5.04,5.04,5.04,5.04
N_6_37,N_5_38,4.879926621197103,4.98,4.98,4.98,4.98,4.98,4.98,7.61,7.61,8.78,8.78,5.86,5.86,5.86,5.86,5.86,5.86,8.2,9.37,9.37,8.2,5.27,5.27,5.27,5.27
N_6_37,N_7_39,9.419618276789208,5.23,5.23,5.23,5.23,5.23,5.23,6.5,6.5,7.06,7.06,5.65,5.65,5.65,5.65,5.65,5.65,6.78,7.35,7.35,6.78,5.37,5.37,5.37,5.37
N_6_37,N_7_35,5.534973054762009,5.65,5.65,5.65,5.65,5.65,5.65,8.63,8.63,9.96,9.96,6.64,6.64,6.64,6.64,6.64,6.64,9.3,10.63,10.63,9.3,5.98,5.98,5.98,5.98
N_6_38,N_8_37,5.188119531122576,5.29,5.29,5.29,5.29,5.29,5.29,8.09,8.09,9.34,9.34,6.23,6.23,6.23,6.23,6.23,6.23,8.72,9.96,9.96,8.72,5.6,5.6,5.6,5.6
N_6_38,N_8_39,4.465345614682976,4.55,4.55,4.55,4.55,4.55,4.55,6.97,6.97,8.04,8.04,5.36,5.36,5.36,5.36,5.36,5.36,7.5,8.57,8.57,7.5,4.82,4.82,4.82,4.82
N_6_38,N_4_39,1.5010025952976618,2.46,2.46,2.46,2.46,2.46,2.46,4.08,4.08,4.8,4.8,3.0,3.0,3.0,3.0,3.0,3.0,4.44,5.16,5.16,4.44,2.64,2.64,2.64,2.64
N_6_38,N_6_37,5.676518704537349,5.79,5.79,5.79,5.79,5.79,5.79,8.86,8.86,10.22,10.22,6.81,6.81,6.81,6.81,6.81,6.81,9.54,10.9,10.9,9.54,6.13,6.13,6.13,6.13
N_6_39,N_5_39,5.155082347386669,5.26,5.26,5.26,5.26,5.26,5.26,8.04,8.04,9.28,9.28,6.19,6.19,6.19,6.19,6.19,6.19,8.66,9.9,9.9,8.66,5.57,5.57,5.57,5.57
N_6_39,N_7_39,6.387663735624937,6.52,6.52,6.52,6.52,6.52,6.52,9.96,9.96,11.5,11.5,7.67,7.67,7.67,7.67,7.67,7.67,10.73,12.26,12.26,10.73,6.9,6.9,6.9,6.9
N_6_39,N_5_38,3.079692405132459,3.14,3.14,3.14,3.14,3.14,3.14,4.8,4.8,5.54,5.54,3.7,3.7,3.7,3.7,3.7,3.7,5.17,5.91,5.91,5.17,3.33,3.33,3.33,3.33
N_6_39,N_6_37,4.42602923710028,4.51,4.51,4.51,4.51,4.51,4.51,6.9,6.9,7.97,7.97,5.31,5.31,5.31,5.31,5.31,5.31,7.44,8.5,8.5,7.44,4.78,4.78,4.78,4.78
N_6_4,N_4_3,9.01312200963322,5.0,5.0,5.0,5.0,5.0,5.0,6.22,6.22,6.76,6.76,5.41,5.41,5.41,5.41,5.41,5.41,6.49,7.03,7.03,6.49,5.14,5.14,5.14,5.14
N_6_4,N_5_5,3.16905014437341,3.23,3.23,3.23,3.23,3.23,3.23,4.94,4.94,5.7,5.7,3.8,3.8,3.8,3.8,3.8,3.8,5.32,6.08,6.08,5.32,3.42,3.42,3.42,3.42
N_6_4,N_6_3,1.7428023201126017,2.86,2.86,2.86,2.86,2.86,2.86,4.74,4.74,5.58,5.58,3.49,3.49,3.49,3.49,3.49,3.49,5.16,6.0,6.0,5.16,3.07,3.07,3.07,3.07
N_6_4,N_7_4,6.916900513798504,7.06,7.06,7.06,7.06,7.06,7.06,10.79,10.79,12.45,12.45,8.3,8.3,8.3,8.3,8.3,8.3,11.62,13.28,13.28,11.62,7.47,7.47,7.47,7.47
N_6_5,N_7_3,14.390123052522231,7.99,7.99,7.99,7.99,7.99,7.99,9.93,9.93,10.79,10.79,8.63,8.63,8.63,8.63,8.63,8.63,10.36,11.22,11.22,10.36,8.2,8.2,8.2,8.2
N_6_5,N_4_5,6.237958254653044,6.36,6.36,6.36,6.36,6.36,6.36,9.73,9.73,11.23,11.23,7.49,7.49,7.49,7.49,7.49,7.49,10.48,11.98,11.98,10.48,6.74,6.74,6.74,6.74
N_6_5,N_5_6,3.914532633031926,3.99,3.99,3.99,3.99,3.99,3.99,6.11,6.11,7.05,7.05,4.7,4.7,4.7,4.7,4.7,4.7,6.58,7.52,7.52,6.58,4.23,4.23,4.23,4.23
N_6_6,N_8_6,3.3738895953637438,3.44,3.44,3.44,3.44,3.44,3.44,5.26,5.26,6.07,6.07,4.05,4.05,4.05,4.05,4.05,4.05,5.67,6.48,6.48,5.67,3.64,3.64,3.64,3.64
N_6_6,N_6_7,2.260928910390348,3.71,3.71,3.71,3.71,3.71,3.71,6.15,6.15,7.23,7.23,4.52,4.52,4.52,4.52,4.52,4.52,6.69,7.78,7.78,6.69,3.98,3.98,3.98,3.98
N_6_6,N_4_5,4.038306706211191,4.12,4.12,4.12,4.12,4.12,4.12,6.3,6.3,7.27,7.27,4.85,4.85,4.85,4.85,4.85,4.85,6.78,7.75,7.75,6.78,4.36,4.36,4.36,4.36
N_6_7,N_6_6,2.260928910390348,3.71,3.71,3.71,3.71,3.71,3.71,6.15,6.15,7.23,7.23,4.52,4.52,4.52,4.52,4.52,4.52,6.69,7.78,7.78,6.69,3.98,3.98,3.98,3.98
N_6_7,N_5_9,6.0603074301119815,6.18,6.18,6.18,6.18,6.18,6.18,9.45,9.45,10.91,10.91,7.27,7.27,7.27,7.27,7.27,7.27,10.18,11.64,11.64,10.18,6.55,6.55,6.55,6.55
N_6_7,N_7_5,10.535964107641439,5.85,5.85,5.85,5.85,5.85,5.85,7.27,7.27,7.9,7.9,6.32,6.32,6.32,6.32,6.32,6.32,7.59,8.22,8.22,7.59,6.01,6.01,6.01,6.01
N_6_7,N_4_8,1.778983623469091,2.92,2.92,2.92,2.92,2.92,2.92,4.84,4.84,5.69,5.69,3.56,3.56,3.56,3.56,3.56,3.56,5.27,6.12,6.12,5.27,3.13,3.13,3.13,3.13
N_6_7,N_7_7,1.423719557535293,2.33,2.33,2.33,2.33,2.33,2.33,3.87,3.87,4.56,4.56,2.85,2.85,2.85,2.85,2.85,2.85,4.21,4.9,4.9,4.21,2.51,2.51,2.51,2.51
N_6_7,N_6_9,3.6140331416021523,3.69,3.69,3.69,3.69,3.69,3.69,5.64,5.64,6.51,6.51,4.34,4.34,4.34,4.34,4.34,4.34,6.07,6.94,6.94,6.07,3.9,3.9,3.9,3.9
N_6_7,N_7_8,5.952583099680418,6.07,6.07,6.07,6.07,6.07,6.07,9.29,9.29,10.71,10.71,7.14,7.14,7.14,7.14,7.14,7.14,10.0,11.43,11.43,10.0,6.43,6.43,6.43,6.43
N_6_8,N_4_8,2.0093973972251815,3.3,3.3,3.3,3.3,3.3,3.3,5.47,5.47,6.43,6.43,4.02,4.02,4.02,4.02,4.02,4.02,5.95,6.91,6.91,5.95,3.54,3.54,3.54,3.54
N_6_8,N_4_9,2.0052769665402197,3.29,3.29,3.29,3.29,3.29,3.29,5.45,5.45,6.42,6.42,4.01,4.01,4.01,4.01,4.01,4.01,5.94,6.9,6.9,5.94,3.53,3.53,3.53,3.53
N_6_8,N_5_10,3.866052123835761,3.94,3.94,3.94,3.94,3.94,3.94,6.03,6.03,6.96,6.96,4.64,4.64,4.64,4.64,4.64,4.64,6.49,7.42,7.42,6.49,4.18,4.18,4.18,4.18
N_6_9,N_4_8,0.8657534707435861,1.42,1.42,1.42,1.42,1.42,1.42,2.35,2.35,2.77,2.77,1.73,1.73,1.73,1.73,1.73,1.73,2.56,2.98,2.98,2.56,1.52,1.52,1.52,1.52
N_6_9,N_4_9,11.54993265176527,6.41,6.41,6.41,6.41,6.41,6.41,7.97,7.97,8.66,8.66,6.93,6.93,6.93,6.93,6.93,6.93,8.32,9.01,9.01,8.32,6.58,6.58,6.58,6.58
N_6_9,N_5_8,11.556406701930573,6.41,6.41,6.41,6.41,6.41,6.41,7.97,7.97,8.67,8.67,6.93,6.93,6.93,6.93,6.93,6.93,8.32,9.01,9.01,8.32,6.59,6.59,6.59,6.59
N_7_0,N_5_0,0.5839272623614398,0.96,0.96,0.96,0.96,0.96,0.96,1.59,1.59,1.87,1.87,1.17,1.17,1.17,1.17,1.17,1.17,1.73,2.01,2.01,1.73,1.03,1.03,1.03,1.03
N_7_0,N_6_2,10.105428750107322,5.61,5.61,5.61,5.61,5.61,5.61,6.97,6.97,7.58,7.58,6.06,6.06,6.06,6.06,6.06,6.06,7.28,7.88,7.88,7.28,5.76,5.76,5.76,5.76
N_7_0,N_8_1,12.568918557812093,6.98,6.98,6.98,6.98,6.98,6.98,8.67,8.67,9.43,9.43,7.54,7.54,7.54,7.54,7.54,7.54,9.05,9.8,9.8,9.05,7.16,7.16,7.16,7.16
N_7_0,N_7_2,11.347643581175564,6.3,6.3,6.3,6.3,6.3,6.3,7.83,7.83,8.51,8.51,6.81,6.81,6.81,6.81,6.81,6.81,8.17,8.85,8.85,8.17,6.47,6.47,6.47,6.47
N_7_0,N_5_1,0.9130544653993715,1.5,1.5,1.5,1.5,1.5,1.5,2.48,2.48,2.92,2.92,1.83,1.83,1.83,1.83,1.83,1.83,2.7,3.14,3.14,2.7,1.61,1.61,1.61,1.61
N_7_1,N_5_2,5.0680499052561085,5.17,5.17,5.17,5.17,5.17,5.17,7.91,7.91,9.12,9.12,6.08,6.08,6.08,6.08,6.08,6.08,8.51,9.73,9.73,8.51,5.47,5.47,5.47,5.47
N_7_1,N_9_0,1.6826435577783503,2.76,2.76,2.76,2.76,2.76,2.76,4.58,4.58,5.38,5.38,3.37,3.37,3.37,3.37,3.37,3.37,4.98,5.79,5.79,4.98,2.96,2.96,2.96,2.96
N_7_1,N_8_0,10.342262271502648,5.74,5.74,5.74,5.74,5.74,5.74,7.14,7.14,7.76,7.76,6.21,6.21,6.21,6.21,6.21,6.21,7.45,8.07,8.07,7.45,5.9,5.9,5.9,5.9
N_7_1,N_5_0,8.04218504151681,4.46,4.46,4.46,4.46,4.46,4.46,5.55,5.55,6.03,6.03,4.83,4.83,4.83,4.83,4.83,4.83,5.79,6.27,6.27,5.79,4.58,4.58,4.58,4.58
N_7_1,N_7_2,6.774360979623911,6.91,6.91,6.91,6.91,6.91,6.91,10.57,10.57,12.19,12.19,8.13,8.13,8.13,8.13,8.13,8.13,11.38,13.01,13.01,11.38,7.32,7.32,7.32,7.32
N_7_1,N_6_2,9.40010357680897,5.22,5.22,5.22,5.22,5.22,5.22,6.49,6.49,7.05,7.05,5.64,5.64,5.64,5.64,5.64,5.64,6.77,7.33,7.33,6.77,5.36,5.36,5.36,5.36
N_7_1,N_7_3,14.333638387110852,7.96,7.96,7.96,7.96,7.96,7.96,9.89,9.89,10.75,10.75,8.6,8.6,8.6,8.6,8.6,8.6,10.32,11.18,11.18,10.32,8.17,8.17,8.17,8.17
N_7_10,N_5_9,13.797648406469873,7.66,7.66,7.66,7.66,7.66,7.66,9.52,9.52,10.35,10.35,8.28,8.28,8.28,8.28,8.28,8.28,9.93,10.76,10.76,9.93,7.86,7.86,7.86,7.86
N_7_10,N_6_10,3.8221857115142557,3.9,3.9,3.9,3.9,3.9,3.9,5.96,5.96,6.88,6.88,4.59,4.59,4.59,4.59,4.59,4.59,6.42,7.34,7.34,6.42,4.13,4.13,4.13,4.13
N_7_11,N_9_11,12.943165914956078,7.18,7.18,7.18,7.18,7.18,7.18,8.93,8.93,9.71,9.71,7.77,7.77,7.77,7.77,7.77,7.77,9.32,10.1,10.1,9.32,7.38,7.38,7.38,7.38
N_7_11,N_5_11,4.928581330278142,5.03,5.03,5.03,5.03,5.03,5.03,7.69,7.69,8.87,8.87,5.91,5.91,5.91,5.91,5.91,5.91,8.28,9.46,9.46,8.28,5.32,5.32,5.32,5.32
N_7_11,N_6_12,11.253519883833274,6.25,6.25,6.25,6.25,6.25,6.25,7.76,7.76,8.44,8.44,6.75,6.75,6.75,6.75,6.75,6.75,8.1,8.78,8.78,8.1,6.41,6.41,6.41,6.41
N_7_12,N_6_11,4.583592001594313,4.68,4.68,4.68,4.68,4.68,4.68,7.15,7.15,8.25,8.25,5.5,5.5,5.5,5.5,5.5,5.5,7.7,8.8,8.8,7.7,4.95,4.95,4.95,4.95
N_7_12,N_6_14,9.230049949735244,5.12,5.12,5.12,5.12,5.12,5.12,6.37,6.37,6.92,6.92,5.54,5.54,5.54,5.54,5.54,5.54,6.65,7.2,7.2,6.65,5.26,5.26,5.26,5.26
N_7_12,N_5_13,5.314339369769801,5.42,5.42,5.42,5.42,5.42,5.42,8.29,8.29,9.57,9.57,6.38,6.38,6.38,6.38,6.38,6.38,8.93,10.2,10.2,8.93,5.74,5.74,5.74,5.74
N_7_13,N_5_14,1.9224575962497215,3.15,3.15,3.15,3.15,3.15,3.15,5.23,5.23,6.15,6.15,3.84,3.84,3.84,3.84,3.84,3.84,5.69,6.61,6.61,5.69,3.38,3.38,3.38,3.38
N_7_13,N_6_14,10.522736790598609,5.84,5.84,5.84,5.84,5.84,5.84,7.26,7.26,7.89,7.89,6.31,6.31,6.31,6.31,6.31,6.31,7.58,8.21,8.21,7.58,6.0,6.0,6.0,6.0
N_7_13,N_9_14,2.018946424414617,3.31,3.31,3.31,3.31,3.31,3.31,5.49,5.49,6.46,6.46,4.04,4.04,4.04,4.04,4.04,4.04,5.98,6.95,6.95,5.98,3.55,3.55,3.55,3.55
N_7_14,N_7_15,3.8955070332530597,3.97,3.97,3.97,3.97,3.97,3.97,6.08,6.08,7.01,7.01,4.67,4.67,4.67,4.67,4.67,4.67,6.54,7.48,7.48,6.54,4.21,4.21,4.21,4.21
N_7_14,N_5_13,0.8198193693638058,1.34,1.34,1.34,1.34,1.34,1.34,2.23,2.23,2.62,2.62,1.64,1.64,1.64,1.64,1.64,1.64,2.43,2.82,2.82,2.43,1.44,1.44,1.44,1.44
N_7_14,N_8_13,6.915551669647275,7.05,7.05,7.05,7.05,7.05,7.05,10.79,10.79,12.45,12.45,8.3,8.3,8.3,8.3,8.3,8.3,11.62,13.28,13.28,11.62,7.47,7.47,7.47,7.47
N_7_15,N_5_14,1.5868797364407237,2.6,2.6,2.6,2.6,2.6,2.6,4.32,4.32,5.08,5.08,3.17,3.17,3.17,3.17,3.17,3.17,4.7,5.46,5.46,4.7,2.79,2.79,2.79,2.79
N_7_15,N_7_14,3.8955070332530597,3.97,3.97,3.97,3.97,3.97,3.97,6.08,6.08,7.01,7.01,4.67,4.67,4.67,4.67,4.67,4.67,6.54,7.48,7.48,6.54,4.21,4.21,4.21,4.21
N_7_15,N_6_15,12.905000352159334,7.16,7.16,7.16,7.16,7.16,7.16,8.9,8.9,9.68,9.68,7.74,7.74,7.74,7.74,7.74,7.74,9.29,10.07,10.07,9.29,7.36,7.36,7.36,7.36
N_7_15,N_8_17,5.163672562276691,5.27,5.27,5.27,5.27,5.27,5.27,8.06,8.06,9.29,9.29,6.2,6.2,6.2,6.2,6.2,6.2,8.67,9.91,9.91,8.67,5.58,5.58,5.58,5.58
N_7_16,N_9_15,1.4072345623822902,2.31,2.31,2.31,2.31,2.31,2.31,3.83,3.83,4.5,4.5,2.81,2.81,2.81,2.81,2.81,2.81,4.17,4.84,4.84,4.17,2.48,2.48,2.48,2.48
N_7_16,N_8_16,4.423590868032887,4.51,4.51,4.51,4.51,4.51,4.51,6.9,6.9,7.96,7.96,5.31,5.31,5.31,5.31,5.31,5.31,7.43,8.49,8.49,7.43,4.78,4.78,4.78,4.78
N_7_16,N_5_15,5.49371474233027,5.6,5.6,5.6,5.6,5.6,5.6,8.57,8.57,9.89,9.89,6.59,6.59,6.59,6.59,6.59,6.59,9.23,10.55,10.55,9.23,5.93,5.93,5.93,5.93
N_7_16,N_8_17,4.810574255072652,4.91,4.91,4.91,4.91,4.91,4.91,7.5,7.5,8.66,8.66,5.77,5.77,5.77,5.77,5.77,5.77,8.08,9.24,9.24,8.08,5.2,5.2,5.2,5.2
N_7_17,N_6_15,11.230353896516014,6.23,6.23,6.23,6.23,6.23,6.23,7.75,7.75,8.42,8.42,6.74,6.74,6.74,6.74,6.74,6.74,8.09,8.76,8.76,8.09,6.4,6.4,6.4,6.4
N_7_17,N_8_19,13.401530612590017,7.44,7.44,7.44,7.44,7.44,7.44,9.25,9.25,10.05,10.05,8.04,8.04,8.04,8.04,8.04,8.04,9.65,10.45,10.45,9.65,7.64,7.64,7.64,7.64
N_7_17,N_5_18,6.777985909560116,6.91,6.91,6.91,6.91,6.91,6.91,10.57,10.57,12.2,12.2,8.13,8.13,8.13,8.13,8.13,8.13,11.39,13.01,13.01,11.39,7.32,7.32,7.32,7.32
N_7_18,N_8_19,13.667112474290107,7.59,7.59,7.59,7.59,7.59,7.59,9.43,9.43,10.25,10.25,8.2,8.2,8.2,8.2,8.2,8.2,9.84,10.66,10.66,9.84,7.79,7.79,7.79,7.79
N_7_18,N_7_17,1.1881049253569096,1.95,1.95,1.95,1.95,1.95,1.95,3.23,3.23,3.8,3.8,2.38,2.38,2.38,2.38,2.38,2.38,3.52,4.09,4.09,3.52,2.09,2.09,2.09,2.09
N_7_18,N_5_18,14.19315366525723,7.88,7.88,7.88,7.88,7.88,7.88,9.79,9.79,10.64,10.64,8.52,8.52,8.52,8.52,8.52,8.52,10.22,11.07,11.07,10.22,8.09,8.09,8.09,8.09
N_7_18,N_8_20,4.314243191367824,4.4,4.4,4.4,4.4,4.4,4.4,6.73,6.73,7.77,7.77,5.18,5.18,5.18,5.18,5.18,5.18,7.25,8.28,8.28,7.25,4.66,4.66,4.66,4.66
N_7_19,N_6_19,4.685204062667539,4.78,4.78,4.78,4.78,4.78,4.78,7.31,7.31,8.43,8.43,5.62,5.62,5.62,5.62,5.62,5.62,7.87,9.0,9.0,7.87,5.06,5.06,5.06,5.06
N_7_19,N_6_20,4.726773833855738,4.82,4.82,4.82,4.82,4.82,4.82,7.37,7.37,8.51,8.51,5.67,5.67,5.67,5.67,5.67,5.67,7.94,9.08,9.08,7.94,5.1,5.1,5.1,5.1
N_7_2,N_7_0,11.347643581175564,6.3,6.3,6.3,6.3,6.3,6.3,7.83,7.83,8.51,8.51,6.81,6.81,6.81,6.81,6.81,6.81,8.17,8.85,8.85,8.17,6.47,6.47,6.47,6.47
N_7_2,N_7_1,6.774360979623911,6.91,6.91,6.91,6.91,6.91,6.91,10.57,10.57,12.19,12.19,8.13,8.13,8.13,8.13,8.13,8.13,11.38,13.01,13.01,11.38,7.32,7.32,7.32,7.32
N_7_2,N_6_1,4.333359055261518,4.42,4.42,4.42,4.42,4.42,4.42,6.76,6.76,7.8,7.8,5.2,5.2,5.2,5.2,5.2,5.2,7.28,8.32,8.32,7.28,4.68,4.68,4.68,4.68
N_7_2,N_6_2,6.498263109079853,6.63,6.63,6.63,6.63,6.63,6.63,10.14,10.14,11.7,11.7,7.8,7.8,7.8,7.8,7.8,7.8,10.92,12.48,12.48,10.92,7.02,7.02,7.02,7.02
N_7_20,N_5_19,6.8605289690784055,7.0,7.0,7.0,7.0,7.0,7.0,10.7,10.7,12.35,12.35,8.23,8.23,8.23,8.23,8.23,8.23,11.53,13.17,13.17,11.53,7.41,7.41,7.41,7.41
N_7_20,N_6_19,6.467856891995719,6.6,6.6,6.6,6.6,6.6,6.6,10.09,10.09,11.64,11.64,7.76,7.76,7.76,7.76,7.76,7.76,10.87,12.42,12.42,10.87,6.99,6.99,6.99,6.99
N_7_21,N_5_22,4.585429116619563,4.68,4.68,4.68,4.68,4.68,4.68,7.15,7.15,8.25,8.25,5.5,5.5,5.5,5.5,5.5,5.5,7.7,8.8,8.8,7.7,4.95,4.95,4.95,4.95
N_7_21,N_9_20,1.0481389533497771,1.72,1.72,1.72,1.72,1.72,1.72,2.85,2.85,3.35,3.35,2.1,2.1,2.1,2.1,2.1,2.1,3.1,3.61,3.61,3.1,1.84,1.84,1.84,1.84
N_7_21,N_8_20,5.034783769534686,5.14,5.14,5.14,5.14,5.14,5.14,7.85,7.85,9.06,9.06,6.04,6.04,6.04,6.04,6.04,6.04,8.46,9.67,9.67,8.46,5.44,5.44,5.44,5.44
N_7_21,N_6_19,8.720199326284927,4.84,4.84,4.84,4.84,4.84,4.84,6.02,6.02,6.54,6.54,5.23,5.23,5.23,5.23,5.23,5.23,6.28,6.8,6.8,6.28,4.97,4.97,4.97,4.97
N_7_21,N_7_23,6.56142492952379,6.69,6.69,6.69,6.69,6.69,6.69,10.24,10.24,11.81,11.81,7.87,7.87,7.87,7.87,7.87,7.87,11.02,12.6,12.6,11.02,7.09,7.09,7.09,7.09
N_7_21,N_8_21,6.065810180561799,6.19,6.19,6.19,6.19,6.19,6.19,9.46,9.46,10.92,10.92,7.28,7.28,7.28,7.28,7.28,7.28,10.19,11.65,11.65,10.19,6.55,6.55,6.55,6.55
N_7_21,N_7_19,3.6333567696763502,3.71,3.71,3.71,3.71,3.71,3.71,5.67,5.67,6.54,6.54,4.36,4.36,4.36,4.36,4.36,4.36,6.1,6.98,6.98,6.1,3.92,3.92,3.92,3.92
N_7_22,N_8_24,13.03856741192379,7.24,7.24,7.24,7.24,7.24,7.24,9.0,9.0,9.78,9.78,7.82,7.82,7.82,7.82,7.82,7.82,9.39,10.17,10.17,9.39,7.43,7.43,7.43,7.43
N_7_22,N_5_22,3.4202698558423723,3.49,3.49,3.49,3.49,3.49,3.49,5.34,5.34,6.16,6.16,4.1,4.1,4.1,4.1,4.1,4.1,5.75,6.57,6.57,5.75,3.69,3.69,3.69,3.69
N_7_23,N_6_24,3.381962122278219,3.45,3.45,3.45,3.45,3.45,3.45,5.28,5.28,6.09,6.09,4.06,4.06,4.06,4.06,4.06,4.06,5.68,6.49,6.49,5.68,3.65,3.65,3.65,3.65
N_7_23,N_7_21,6.56142492952379,6.69,6.69,6.69,6.69,6.69,6.69,10.24,10.24,11.81,11.81,7.87,7.87,7.87,7.87,7.87,7.87,11.02,12.6,12.6,11.02,7.09,7.09,7.09,7.09
N_7_23,N_7_22,4.017489362605886,4.1,4.1,4.1,4.1,4.1,4.1,6.27,6.27,7.23,7.23,4.82,4.82,4.82,4.82,4.82,4.82,6.75,7.71,7.71,6.75,4.34,4.34,4.34,4.34
N_7_23,N_8_21,6.727083460679669,6.86,6.86,6.86,6.86,6.86,6.86,10.49,10.49,12.11,12.11,8.07,8.07,8.07,8.07,8.07,8.07,11.3,12.92,12.92,11.3,7.27,7.27,7.27,7.27
N_7_24,N_9_23,5.47004487939942,5.58,5.58,5.58,5.58,5.58,5.58,8.53,8.53,9.85,9.85,6.56,6.56,6.56,6.56,6.56,6.56,9.19,10.5,10.5,9.19,5.91,5.91,5.91,5.91
N_7_24,N_6_25,5.8656465871006755,5.98,5.98,5.98,5.98,5.98,5.98,9.15,9.15,10.56,10.56,7.04,7.04,7.04,7.04,7.04,7.04,9.85,11.26,11.26,9.85,6.33,6.33,6.33,6.33
N_7_24,N_6_24,1.0498742320735759,1.72,1.72,1.72,1.72,1.72,1.72,2.86,2.86,3.36,3.36,2.1,2.1,2.1,2.1,2.1,2.1,3.11,3.61,3.61,3.11,1.85,1.85,1.85,1.85
N_7_25,N_5_26,3.0509014441741495,3.11,3.11,3.11,3.11,3.11,3.11,4.76,4.76,5.49,5.49,3.66,3.66,3.66,3.66,3.66,3.66,5.13,5.86,5.86,5.13,3.29,3.29,3.29,3.29
N_7_25,N_7_27,12.091507445666421,6.71,6.71,6.71,6.71,6.71,6.71,8.34,8.34,9.07,9.07,7.25,7.25,7.25,7.25,7.25,7.25,8.71,9.43,9.43,8.71,6.89,6.89,6.89,6.89
N_7_25,N_8_23,3.866825874515281,3.94,3.94,3.94,3.94,3.94,3.94,6.03,6.03,6.96,6.96,4.64,4.64,4.64,4.64,4.64,4.64,6.5,7.42,7.42,6.5,4.18,4.18,4.18,4.18
N_7_26,N_7_28,10.878324086374942,6.04,6.04,6.04,6.04,6.04,6.04,7.51,7.51,8.16,8.16,6.53,6.53,6.53,6.53,6.53,6.53,7.83,8.49,8.49,7.83,6.2,6.2,6.2,6.2
N_7_26,N_9_26,9.261960711500299,5.14,5.14,5.14,5.14,5.14,5.14,6.39,6.39,6.95,6.95,5.56,5.56,5.56,5.56,5.56,5.56,6.67,7.22,7.22,6.67,5.28,5.28,5.28,5.28
N_7_26,N_7_27,0.8390541194814283,1.38,1.38,1.38,1.38,1.38,1.38,2.28,2.28,2.68,2.68,1.68,1.68,1.68,1.68,1.68,1.68,2.48,2.89,2.89,2.48,1.48,1.48,1.48,1.48
N_7_26,N_5_25,0.6743790252130255,1.11,1.11,1.11,1.11,1.11,1.11,1.83,1.83,2.16,2.16,1.35,1.35,1.35,1.35,1.35,1.35,2.0,2.32,2.32,2.0,1.19,1.19,1.19,1.19
N_7_27,N_5_27,1.088379419326681,1.78,1.78,1.78,1.78,1.78,1.78,2.96,2.96,3.48,3.48,2.18,2.18,2.18,2.18,2.18,2.18,3.22,3.74,3.74,3.22,1.92,1.92,1.92,1.92
N_7_27,N_7_25,12.091507445666421,6.71,6.71,6.71,6.71,6.71,6.71,8.34,8.34,9.07,9.07,7.25,7.25,7.25,7.25,7.25,7.25,8.71,9.43,9.43,8.71,6.89,6.89,6.89,6.89
N_7_28,N_7_26,10.878324086374942,6.04,6.04,6.04,6.04,6.04,6.04,7.51,7.51,8.16,8.16,6.53,6.53,6.53,6.53,6.53,6.53,7.83,8.49,8.49,7.83,6.2,6.2,6.2,6.2
N_7_28,N_5_29,5.1549732571597975,5.26,5.26,5.26,5.26,5.26,5.26,8.04,8.04,9.28,9.28,6.19,6.19,6.19,6.19,6.19,6.19,8.66,9.9,9.9,8.66,5.57,5.57,5.57,5.57
N_7_28,N_8_27,13.854477466983813,7.69,7.69,7.69,7.69,7.69,7.69,9.56,9.56,10.39,10.39,8.31,8.31,8.31,8.31,8.31,8.31,9.98,10.81,10.81,9.98,7.9,7.9,7.9,7.9
N_7_28,N_6_29,0.9443855640638097,1.55,1.55,1.55,1.55,1.55,1.55,2.57,2.57,3.02,3.02,1.89,1.89,1.89,1.89,1.89,1.89,2.8,3.25,3.25,2.8,1.66,1.66,1.66,1.66
N_7_29,N_7_28,1.281844635030332,2.1,2.1,2.1,2.1,2.1,2.1,3.49,3.49,4.1,4.1,2.56,2.56,2.56,2.56,2.56,2.56,3.79,4.41,4.41,3.79,2.26,2.26,2.26,2.26
N_7_29,N_5_30,6.757571797191757,6.89,6.89,6.89,6.89,6.89,6.89,10.54,10.54,12.16,12.16,8.11,8.11,8.11,8.11,8.11,8.11,11.35,12.97,12.97,11.35,7.3,7.3,7.3,7.3
N_7_29,N_6_29,3.913076682777072,3.99,3.99,3.99,3.99,3.99,3.99,6.1,6.1,7.04,7.04,4.7,4.7,4.7,4.7,4.7,4.7,6.57,7.51,7.51,6.57,4.23,4.23,4.23,4.23
N_7_3,N_5_4,3.0826701150698708,3.14,3.14,3.14,3.14,3.14,3.14,4.81,4.81,5.55,5.55,3.7,3.7,3.7,3.7,3.7,3.7,5.18,5.92,5.92,5.18,3.33,3.33,3.33,3.33
N_7_3,N_6_5,14.390123052522231,7.99,7.99,7.99,7.99,7.99,7.99,9.93,9.93,10.79,10.79,8.63,8.63,8.63,8.63,8.63,8.63,10.36,11.22,11.22,10.36,8.2,8.2,8.2,8.2
N_7_3,N_7_1,14.333638387110852,7.96,7.96,7.96,7.96,7.96,7.96,9.89,9.89,10.75,10.75,8.6,8.6,8.6,8.6,8.6,8.6,10.32,11.18,11.18,10.32,8.17,8.17,8.17,8.17
N_7_3,N_5_3,1.0993405600967538,1.8,1.8,1.8,1.8,1.8,1.8,2.99,2.99,3.52,3.52,2.2,2.2,2.2,2.2,2.2,2.2,3.25,3.78,3.78,3.25,1.93,1.93,1.93,1.93
N_7_30,N_8_30,0.9168564794963465,1.5,1.5,1.5,1.5,1.5,1.5,2.49,2.49,2.93,2.93,1.83,1.83,1.83,1.83,1.83,1.83,2.71,3.15,3.15,2.71,1.61,1.61,1.61,1.61
N_7_30,N_5_29,12.365729822387891,6.86,6.86,6.86,6.86,6.86,6.86,8.53,8.53,9.27,9.27,7.42,7.42,7.42,7.42,7.42,7.42,8.9,9.65,9.65,8.9,7.05,7.05,7.05,7.05
N_7_30,N_9_30,10.999968153699964,6.1,6.1,6.1,6.1,6.1,6.1,7.59,7.59,8.25,8.25,6.6,6.6,6.6,6.6,6.6,6.6,7.92,8.58,8.58,7.92,6.27,6.27,6.27,6.27
N_7_30,N_5_30,4.360723498466216,4.45,4.45,4.45,4.45,4.45,4.45,6.8,6.8,7.85,7.85,5.23,5.23,5.23,5.23,5.23,5.23,7.33,8.37,8.37,7.33,4.71,4.71,4.71,4.71
N_7_31,N_6_29,9.880677658449509,5.48,5.48,5.48,5.48,5.48,5.48,6.82,6.82,7.41,7.41,5.93,5.93,5.93,5.93,5.93,5.93,7.11,7.71,7.71,7.11,5.63,5.63,5.63,5.63
N_7_31,N_6_31,3.785482481151317,3.86,3.86,3.86,3.86,3.86,3.86,5.91,5.91,6.81,6.81,4.54,4.54,4.54,4.54,4.54,4.54,6.36,7.27,7.27,6.36,4.09,4.09,4.09,4.09
N_7_31,N_7_32,4.794541048117655,4.89,4.89,4.89,4.89,4.89,4.89,7.48,7.48,8.63,8.63,5.75,5.75,5.75,5.75,5.75,5.75,8.05,9.21,9.21,8.05,5.18,5.18,5.18,5.18
N_7_32,N_5_31,5.397145363472287,5.51,5.51,5.51,5.51,5.51,5.51,8.42,8.42,9.71,9.71,6.48,6.48,6.48,6.48,6.48,6.48,9.07,10.36,10.36,9.07,5.83,5.83,5.83,5.83
N_7_32,N_6_30,4.933490514559201,5.03,5.03,5.03,5.03,5.03,5.03,7.7,7.7,8.88,8.88,5.92,5.92,5.92,5.92,5.92,5.92,8.29,9.47,9.47,8.29,5.33,5.33,5.33,5.33
N_7_32,N_6_32,4.064881654477693,4.15,4.15,4.15,4.15,4.15,4.15,6.34,6.34,7.32,7.32,4.88,4.88,4.88,4.88,4.88,4.88,6.83,7.8,7.8,6.83,4.39,4.39,4.39,4.39
N_7_33,N_6_33,0.5650027629964209,0.93,0.93,0.93,0.93,0.93,0.93,1.54,1.54,1.81,1.81,1.13,1.13,1.13,1.13,1.13,1.13,1.67,1.94,1.94,1.67,0.99,0.99,0.99,0.99
N_7_33,N_7_35,3.310610302145786,3.38,3.38,3.38,3.38,3.38,3.38,5.16,5.16,5.96,5.96,3.97,3.97,3.97,3.97,3.97,3.97,5.56,6.36,6.36,5.56,3.58,3.58,3.58,3.58
N_7_34,N_5_33,3.1497382674509242,3.21,3.21,3.21,3.21,3.21,3.21,4.91,4.91,5.67,5.67,3.78,3.78,3.78,3.78,3.78,3.78,5.29,6.05,6.05,5.29,3.4,3.4,3.4,3.4
N_7_34,N_7_33,2.426037726642774,3.98,3.98,3.98,3.98,3.98,3.98,6.6,6.6,7.76,7.76,4.85,4.85,4.85,4.85,4.85,4.85,7.18,8.35,8.35,7.18,4.27,4.27,4.27,4.27
N_7_35,N_6_37,5.534973054762009,5.65,5.65,5.65,5.65,5.65,5.65,8.63,8.63,9.96,9.96,6.64,6.64,6.64,6.64,6.64,6.64,9.3,10.63,10.63,9.3,5.98,5.98,5.98,5.98
N_7_35,N_7_33,3.310610302145786,3.38,3.38,3.38,3.38,3.38,3.38,5.16,5.16,5.96,5.96,3.97,3.97,3.97,3.97,3.97,3.97,5.56,6.36,6.36,5.56,3.58,3.58,3.58,3.58
N_7_35,N_5_36,0.7983054288150588,1.31,1.31,1.31,1.31,1.31,1.31,2.17,2.17,2.55,2.55,1.6,1.6,1.6,1.6,1.6,1.6,2.36,2.75,2.75,2.36,1.41,1.41,1.41,1.41
N_7_36,N_6_37,3.1460199125973465,3.21,3.21,3.21,3.21,3.21,3.21,4.91,4.91,5.66,5.66,3.78,3.78,3.78,3.78,3.78,3.78,5.29,6.04,6.04,5.29,3.4,3.4,3.4,3.4
N_7_36,N_9_35,6.659387362742596,6.79,6.79,6.79,6.79,6.79,6.79,10.39,10.39,11.99,11.99,7.99,7.99,7.99,7.99,7.99,7.99,11.19,12.79,12.79,11.19,7.19,7.19,7.19,7.19
N_7_37,N_6_35,5.219103527514365,5.32,5.32,5.32,5.32,5.32,5.32,8.14,8.14,9.39,9.39,6.26,6.26,6.26,6.26,6.26,6.26,8.77,10.02,10.02,8.77,5.64,5.64,5.64,5.64
N_7_37,N_8_38,1.4507497833851657,2.38,2.38,2.38,2.38,2.38,2.38,3.95,3.95,4.64,4.64,2.9,2.9,2.9,2.9,2.9,2.9,4.29,4.99,4.99,4.29,2.55,2.55,2.55,2.55
N_7_37,N_8_36,8.568975838274945,4.76,4.76,4.76,4.76,4.76,4.76,5.91,5.91,6.43,6.43,5.14,5.14,5.14,5.14,5.14,5.14,6.17,6.68,6.68,6.17,4.88,4.88,4.88,4.88
N_7_38,N_5_37,13.216346890379853,7.34,7.34,7.34,7.34,7.34,7.34,9.12,9.12,9.91,9.91,7.93,7.93,7.93,7.93,7.93,7.93,9.52,10.31,10.31,9.52,7.53,7.53,7.53,7.53
N_7_38,N_9_39,3.817401328822372,3.89,3.89,3.89,3.89,3.89,3.89,5.96,5.96,6.87,6.87,4.58,4.58,4.58,4.58,4.58,4.58,6.41,7.33,7.33,6.41,4.12,4.12,4.12,4.12
N_7_38,N_8_36,11.60526081066725,6.44,6.44,6.44,6.44,6.44,6.44,8.01,8.01,8.7,8.7,6.96,6.96,6.96,6.96,6.96,6.96,8.36,9.05,9.05,8.36,6.61,6.61,6.61,6.61
N_7_38,N_5_38,2.0118777823683303,3.3,3.3,3.3,3.3,3.3,3.3,5.47,5.47,6.44,6.44,4.02,4.02,4.02,4.02,4.02,4.02,5.96,6.92,6.92,5.96,3.54,3.54,3.54,3.54
N_7_39,N_6_37,9.419618276789208,5.23,5.23,5.23,5.23,5.23,5.23,6.5,6.5,7.06,7.06,5.65,5.65,5.65,5.65,5.65,5.65,6.78,7.35,7.35,6.78,5.37,5.37,5.37,5.37
N_7_39,N_6_39,6.387663735624937,6.52,6.52,6.52,6.52,6.52,6.52,9.96,9.96,11.5,11.5,7.67,7.67,7.67,7.67,7.67,7.67,10.73,12.26,12.26,10.73,6.9,6.9,6.9,6.9
N_7_4,N_7_3,6.848629286174954,6.99,6.99,6.99,6.99,6.99,6.99,10.68,10.68,12.33,12.33,8.22,8.22,8.22,8.22,8.22,8.22,11.51,13.15,13.15,11.51,7.4,7.4,7.4,7.4
N_7_4,N_5_4,9.341604989800883,5.18,5.18,5.18,5.18,5.18,5.18,6.45,6.45,7.01,7.01,5.6,5.6,5.6,5.6,5.6,5.6,6.73,7.29,7.29,6.73,5.32,5.32,5.32,5.32
N_7_4,N_8_6,6.066950763373908,6.19,6.19,6.19,6.19,6.19,6.19,9.46,9.46,10.92,10.92,7.28,7.28,7.28,7.28,7.28,7.28,10.19,11.65,11.65,10.19,6.55,6.55,6.55,6.55
N_7_5,N_6_3,5.795159899686922,5.91,5.91,5.91,5.91,5.91,5.91,9.04,9.04,10.43,10.43,6.95,6.95,6.95,6.95,6.95,6.95,9.74,11.13,11.13,9.74,6.26,6.26,6.26,6.26
N_7_5,N_6_7,10.535964107641439,5.85,5.85,5.85,5.85,5.85,5.85,7.27,7.27,7.9,7.9,6.32,6.32,6.32,6.32,6.32,6.32,7.59,8.22,8.22,7.59,6.01,6.01,6.01,6.01
N_7_5,N_9_6,12.11118587883977,6.72,6.72,6.72,6.72,6.72,6.72,8.36,8.36,9.08,9.08,7.27,7.27,7.27,7.27,7.27,7.27,8.72,9.45,9.45,8.72,6.9,6.9,6.9,6.9
N_7_5,N_7_6,12.868192278888142,7.14,7.14,7.14,7.14,7.14,7.14,8.88,8.88,9.65,9.65,7.72,7.72,7.72,7.72,7.72,7.72,9.27,10.04,10.04,9.27,7.33,7.33,7.33,7.33
N_7_6,N_7_5,12.868192278888142,7.14,7.14,7.14,7.14,7.14,7.14,8.88,8.88,9.65,9.65,7.72,7.72,7.72,7.72,7.72,7.72,9.27,10.04,10.04,9.27,7.33,7.33,7.33,7.33
N_7_6,N_8_7,1.697628798777345,2.78,2.78,2.78,2.78,2.78,2.78,4.62,4.62,5.43,5.43,3.4,3.4,3.4,3.4,3.4,3.4,5.02,5.84,5.84,5.02,2.99,2.99,2.99,2.99
N_7_6,N_7_7,5.154432905888235,5.26,5.26,5.26,5.26,5.26,5.26,8.04,8.04,9.28,9.28,6.19,6.19,6.19,6.19,6.19,6.19,8.66,9.9,9.9,8.66,5.57,5.57,5.57,5.57
N_7_6,N_9_7,6.9849366130607775,7.12,7.12,7.12,7.12,7.12,7.12,10.9,10.9,12.57,12.57,8.38,8.38,8.38,8.38,8.38,8.38,11.73,13.41,13.41,11.73,7.54,7.54,7.54,7.54
N_7_6,N_7_8,1.0431087498664893,1.71,1.71,1.71,1.71,1.71,1.71,2.84,2.84,3.34,3.34,2.09,2.09,2.09,2.09,2.09,2.09,3.09,3.59,3.59,3.09,1.84,1.84,1.84,1.84
N_7_6,N_7_4,6.103095092711927,6.23,6.23,6.23,6.23,6.23,6.23,9.52,9.52,10.99,10.99,7.32,7.32,7.32,7.32,7.32,7.32,10.25,11.72,11.72,10.25,6.59,6.59,6.59,6.59
N_7_6,N_8_4,8.380124463749103,4.65,4.65,4.65,4.65,4.65,4.65,5.78,5.78,6.29,6.29,5.03,5.03,5.03,5.03,5.03,5.03,6.03,6.54,6.54,6.03,4.78,4.78,4.78,4.78
N_7_7,N_6_7,1.423719557535293,2.33,2.33,2.33,2.33,2.33,2.33,3.87,3.87,4.56,4.56,2.85,2.85,2.85,2.85,2.85,2.85,4.21,4.9,4.9,4.21,2.51,2.51,2.51,2.51
N_7_7,N_7_6,5.154432905888235,5.26,5.26,5.26,5.26,5.26,5.26,8.04,8.04,9.28,9.28,6.19,6.19,6.19,6.19,6.19,6.19,8.66,9.9,9.9,8.66,5.57,5.57,5.57,5.57
N_7_7,N_7_8,4.010390993430743,4.09,4.09,4.09,4.09,4.09,4.09,6.26,6.26,7.22,7.22,4.81,4.81,4.81,4.81,4.81,4.81,6.74,7.7,7.7,6.74,4.33,4.33,4.33,4.33
N_7_8,N_7_6,1.0431087498664893,1.71,1.71,1.71,1.71,1.71,1.71,2.84,2.84,3.34,3.34,2.09,2.09,2.09,2.09,2.09,2.09,3.09,3.59,3.59,3.09,1.84,1.84,1.84,1.84
N_7_8,N_6_7,11.592242370573633,6.43,6.43,6.43,6.43,6.43,6.43,8.0,8.0,8.69,8.69,6.96,6.96,6.96,6.96,6.96,6.96,8.35,9.04,9.04,8.35,6.61,6.61,6.61,6.61
N_7_8,N_8_10,6.593016799276134,6.72,6.72,6.72,6.72,6.72,6.72,10.29,10.29,11.87,11.87,7.91,7.91,7.91,7.91,7.91,7.91,11.08,12.66,12.66,11.08,7.12,7.12,7.12,7.12
N_7_9,N_7_8,5.065360561240981,5.17,5.17,5.17,5.17,5.17,5.17,7.9,7.9,9.12,9.12,6.08,6.08,6.08,6.08,6.08,6.08,8.51,9.73,9.73,8.51,5.47,5.47,5.47,5.47
N_7_9,N_6_11,2.4028189415476753,3.94,3.94,3.94,3.94,3.94,3.94,6.54,6.54,7.69,7.69,4.81,4.81,4.81,4.81,4.81,4.81,7.11,8.27,8.27,7.11,4.23,4.23,4.23,4.23
N_7_9,N_6_8,5.52538351045877,5.64,5.64,5.64,5.64,5.64,5.64,8.62,8.62,9.95,9.95,6.63,6.63,6.63,6.63,6.63,6.63,9.28,10.61,10.61,9.28,5.97,5.97,5.97,5.97
N_7_9,N_5_10,3.0087289340192775,3.07,3.07,3.07,3.07,3.07,3.07,4.69,4.69,5.42,5.42,3.61,3.61,3.61,3.61,3.61,3.61,5.05,5.78,5.78,5.05,3.25,3.25,3.25,3.25
N_8_0,N_7_1,10.342262271502648,5.74,5.74,5.74,5.74,5.74,5.74,7.14,7.14,7.76,7.76,6.21,6.21,6.21,6.21,6.21,6.21,7.45,8.07,8.07,7.45,5.9,5.9,5.9,5.9
N_8_0,N_7_2,5.121535096569922,5.22,5.22,5.22,5.22,5.22,5.22,7.99,7.99,9.22,9.22,6.15,6.15,6.15,6.15,6.15,6.15,8.6,9.83,9.83,8.6,5.53,5.53,5.53,5.53
N_8_0,N_8_1,8.840328210547762,4.91,4.91,4.91,4.91,4.91,4.91,6.1,6.1,6.63,6.63,5.3,5.3,5.3,5.3,5.3,5.3,6.37,6.9,6.9,6.37,5.04,5.04,5.04,5.04
N_8_0,N_6_1,3.7009210584838805,3.77,3.77,3.77,3.77,3.77,3.77,5.77,5.77,6.66,6.66,4.44,4.44,4.44,4.44,4.44,4.44,6.22,7.11,7.11,6.22,4.0,4.0,4.0,4.0
N_8_1,N_7_0,12.568918557812093,6.98,6.98,6.98,6.98,6.98,6.98,8.67,8.67,9.43,9.43,7.54,7.54,7.54,7.54,7.54,7.54,9.05,9.8,9.8,9.05,7.16,7.16,7.16,7.16
N_8_1,N_8_0,8.840328210547762,4.91,4.91,4.91,4.91,4.91,4.91,6.1,6.1,6.63,6.63,5.3,5.3,5.3,5.3,5.3,5.3,6.37,6.9,6.9,6.37,5.04,5.04,5.04,5.04
N_8_1,N_9_0,13.224650688965959,7.34,7.34,7.34,7.34,7.34,7.34,9.13,9.13,9.92,9.92,7.93,7.93,7.93,7.93,7.93,7.93,9.52,10.32,10.32,9.52,7.54,7.54,7.54,7.54
N_8_10,N_7_11,4.620276207414808,4.71,4.71,4.71,4.71,4.71,4.71,7.21,7.21,8.32,8.32,5.54,5.54,5.54,5.54,5.54,5.54,7.76,8.87,8.87,7.76,4.99,4.99,4.99,4.99
N_8_10,N_6_10,3.9997023525847455,4.08,4.08,4.08,4.08,4.08,4.08,6.24,6.24,7.2,7.2,4.8,4.8,4.8,4.8,4.8,4.8,6.72,7.68,7.68,6.72,4.32,4.32,4.32,4.32
N_8_10,N_7_9,3.0030766466814027,3.06,3.06,3.06,3.06,3.06,3.06,4.68,4.68,5.41,5.41,3.6,3.6,3.6,3.6,3.6,3.6,5.05,5.77,5.77,5.05,3.24,3.24,3.24,3.24
N_8_11,N_6_11,6.115537850309325,6.24,6.24,6.24,6.24,6.24,6.24,9.54,9.54,11.01,11.01,7.34,7.34,7.34,7.34,7.34,7.34,10.27,11.74,11.74,10.27,6.6,6.6,6.6,6.6
N_8_11,N_9_12,9.701500990360437,5.38,5.38,5.38,5.38,5.38,5.38,6.69,6.69,7.28,7.28,5.82,5.82,5.82,5.82,5.82,5.82,6.99,7.57,7.57,6.99,5.53,5.53,5.53,5.53
N_8_11,N_10_10,6.361600603973302,6.49,6.49,6.49,6.49,6.49,6.49,9.92,9.92,11.45,11.45,7.63,7.63,7.63,7.63,7.63,7.63,10.69,12.21,12.21,10.69,6.87,6.87,6.87,6.87
N_8_11,N_8_13,3.4754257605158734,3.54,3.54,3.54,3.54,3.54,3.54,5.42,5.42,6.26,6.26,4.17,4.17,4.17,4.17,4.17,4.17,5.84,6.67,6.67,5.84,3.75,3.75,3.75,3.75
N_8_12,N_6_12,13.254569962168745,7.36,7.36,7.36,7.36,7.36,7.36,9.15,9.15,9.94,9.94,7.95,7.95,7.95,7.95,7.95,7.95,9.54,10.34,10.34,9.54,7.56,7.56,7.56,7.56
N_8_12,N_9_10,8.515831082354742,4.73,4.73,4.73,4.73,4.73,4.73,5.88,5.88,6.39,6.39,5.11,5.11,5.11,5.11,5.11,5.11,6.13,6.64,6.64,6.13,4.85,4.85,4.85,4.85
N_8_12,N_6_11,6.266386404174622,6.39,6.39,6.39,6.39,6.39,6.39,9.78,9.78,11.28,11.28,7.52,7.52,7.52,7.52,7.52,7.52,10.53,12.03,12.03,10.53,6.77,6.77,6.77,6.77
N_8_12,N_6_13,1.8331542447966256,3.01,3.01,3.01,3.01,3.01,3.01,4.99,4.99,5.87,5.87,3.67,3.67,3.67,3.67,3.67,3.67,5.43,6.31,6.31,5.43,3.23,3.23,3.23,3.23
N_8_13,N_6_12,3.2379889375383897,3.3,3.3,3.3,3.3,3.3,3.3,5.05,5.05,5.83,5.83,3.89,3.89,3.89,3.89,3.89,3.89,5.44,6.22,6.22,5.44,3.5,3.5,3.5,3.5
N_8_13,N_6_14,6.210350585404175,6.33,6.33,6.33,6.33,6.33,6.33,9.69,9.69,11.18,11.18,7.45,7.45,7.45,7.45,7.45,7.45,10.43,11.92,11.92,10.43,6.71,6.71,6.71,6.71
N_8_13,N_8_12,14.247782263258609,7.91,7.91,7.91,7.91,7.91,7.91,9.83,9.83,10.69,10.69,8.55,8.55,8.55,8.55,8.55,8.55,10.26,11.11,11.11,10.26,8.12,8.12,8.12,8.12
N_8_14,N_6_15,5.617393983944386,5.73,5.73,5.73,5.73,5.73,5.73,8.76,8.76,10.11,10.11,6.74,6.74,6.74,6.74,6.74,6.74,9.44,10.79,10.79,9.44,6.07,6.07,6.07,6.07
N_8_14,N_9_12,8.849926320682565,4.91,4.91,4.91,4.91,4.91,4.91,6.11,6.11,6.64,6.64,5.31,5.31,5.31,5.31,5.31,5.31,6.37,6.9,6.9,6.37,5.04,5.04,5.04,5.04
N_8_14,N_7_13,11.662801203375233,6.47,6.47,6.47,6.47,6.47,6.47,8.05,8.05,8.75,8.75,7.0,7.0,7.0,7.0,7.0,7.0,8.4,9.1,9.1,8.4,6.65,6.65,6.65,6.65
N_8_15,N_10_16,9.451391934798712,5.25,5.25,5.25,5.25,5.25,5.25,6.52,6.52,7.09,7.09,5.67,5.67,5.67,5.67,5.67,5.67,6.81,7.37,7.37,6.81,5.39,5.39,5.39,5.39
N_8_15,N_10_15,12.566600105555512,6.97,6.97,6.97,6.97,6.97,6.97,8.67,8.67,9.42,9.42,7.54,7.54,7.54,7.54,7.54,7.54,9.05,9.8,9.8,9.05,7.16,7.16,7.16,7.16
N_8_15,N_9_16,4.595584635340991,4.69,4.69,4.69,4.69,4.69,4.69,7.17,7.17,8.27,8.27,5.51,5.51,5.51,5.51,5.51,5.51,7.72,8.82,8.82,7.72,4.96,4.96,4.96,4.96
N_8_15,N_9_15,6.775580229381882,6.91,6.91,6.91,6.91,6.91,6.91,10.57,10.57,12.2,12.2,8.13,8.13,8.13,8.13,8.13,8.13,11.38,13.01,13.01,11.38,7.32,7.32,7.32,7.32
N_8_16,N_10_17,4.9192136928082455,5.02,5.02,5.02,5.02,5.02,5.02,7.67,7.67,8.85,8.85,5.9,5.9,5.9,5.9,5.9,5.9,8.26,9.44,9.44,8.26,5.31,5.31,5.31,5.31
N_8_16,N_6_15,5.972977623621109,6.09,6.09,6.09,6.09,6.09,6.09,9.32,9.32,10.75,10.75,7.17,7.17,7.17,7.17,7.17,7.17,10.03,11.47,11.47,10.03,6.45,6.45,6.45,6.45
N_8_16,N_7_16,4.423590868032887,4.51,4.51,4.51,4.51,4.51,4.51,6.9,6.9,7.96,7.96,5.31,5.31,5.31,5.31,5.31,5.31,7.43,8.49,8.49,7.43,4.78,4.78,4.78,4.78
N_8_17,N_6_17,3.8329765103579443,3.91,3.91,3.91,3.91,3.91,3.91,5.98,5.98,6.9,6.9,4.6,4.6,4.6,4.6,4.6,4.6,6.44,7.36,7.36,6.44,4.14,4.14,4.14,4.14
N_8_17,N_7_15,5.163672562276691,5.27,5.27,5.27,5.27,5.27,5.27,8.06,8.06,9.29,9.29,6.2,6.2,6.2,6.2,6.2,6.2,8.67,9.91,9.91,8.67,5.58,5.58,5.58,5.58
N_8_17,N_7_16,4.810574255072652,4.91,4.91,4.91,4.91,4.91,4.91,7.5,7.5,8.66,8.66,5.77,5.77,5.77,5.77,5.77,5.77,8.08,9.24,9.24,8.08,5.2,5.2,5.2,5.2
N_8_18,N_6_18,4.4030222926123965,4.49,4.49,4.49,4.49,4.49,4.49,6.87,6.87,7.93,7.93,5.28,5.28,5.28,5.28,5.28,5.28,7.4,8.45,8.45,7.4,4.76,4.76,4.76,4.76
N_8_18,N_6_19,3.2351497086243213,3.3,3.3,3.3,3.3,3.3,3.3,5.05,5.05,5.82,5.82,3.88,3.88,3.88,3.88,3.88,3.88,5.44,6.21,6.21,5.44,3.49,3.49,3.49,3.49
N_8_18,N_9_19,3.5268343651100023,3.6,3.6,3.6,3.6,3.6,3.6,5.5,5.5,6.35,6.35,4.23,4.23,4.23,4.23,4.23,4.23,5.93,6.77,6.77,5.93,3.81,3.81,3.81,3.81
N_8_18,N_8_16,4.457981385171559,4.55,4.55,4.55,4.55,4.55,4.55,6.95,6.95,8.02,8.02,5.35,5.35,5.35,5.35,5.35,5.35,7.49,8.56,8.56,7.49,4.81,4.81,4.81,4.81
N_8_18,N_9_20,12.309809110011447,6.83,6.83,6.83,6.83,6.83,6.83,8.49,8.49,9.23,9.23,7.39,7.39,7.39,7.39,7.39,7.39,8.86,9.6,9.6,8.86,7.02,7.02,7.02,7.02
N_8_18,N_7_18,1.3612268652300676,2.23,2.23,2.23,2.23,2.23,2.23,3.7,3.7,4.36,4.36,2.72,2.72,2.72,2.72,2.72,2.72,4.03,4.68,4.68,4.03,2.4,2.4,2.4,2.4
N_8_18,N_9_17,5.930158932267286,6.05,6.05,6.05,6.05,6.05,6.05,9.25,9.25,10.67,10.67,7.12,7.12,7.12,7.12,7.12,7.12,9.96,11.39,11.39,9.96,6.4,6.4,6.4,6.4
N_8_19,N_10_18,8.76458607099756,4.86,4.86,4.86,4.86,4.86,4.86,6.05,6.05,6.57,6.57,5.26,5.26,5.26,5.26,5.26,5.26,6.31,6.84,6.84,6.31,5.0,5.0,5.0,5.0
N_8_19,N_6_19,11.473404477770208,6.37,6.37,6.37,6.37,6.37,6.37,7.92,7.92,8.61,8.61,6.88,6.88,6.88,6.88,6.88,6.88,8.26,8.95,8.95,8.26,6.54,6.54,6.54,6.54
N_8_19,N_7_19,3.2930983452894997,3.36,3.36,3.36,3.36,3.36,3.36,5.14,5.14,5.93,5.93,3.95,3.95,3.95,3.95,3.95,3.95,5.53,6.32,6.32,5.53,3.56,3.56,3.56,3.56
N_8_2,N_8_4,3.773504919110751,3.85,3.85,3.85,3.85,3.85,3.85,5.89,5.89,6.79,6.79,4.53,4.53,4.53,4.53,4.53,4.53,6.34,7.25,7.25,6.34,4.08,4.08,4.08,4.08
N_8_2,N_8_1,13.122336821905817,7.28,7.28,7.28,7.28,7.28,7.28,9.05,9.05,9.84,9.84,7.87,7.87,7.87,7.87,7.87,7.87,9.45,10.24,10.24,9.45,7.48,7.48,7.48,7.48
N_8_20,N_7_18,4.314243191367824,4.4,4.4,4.4,4.4,4.4,4.4,6.73,6.73,7.77,7.77,5.18,5.18,5.18,5.18,5.18,5.18,7.25,8.28,8.28,7.25,4.66,4.66,4.66,4.66
N_8_20,N_6_20,4.881744128869141,4.98,4.98,4.98,4.98,4.98,4.98,7.62,7.62,8.79,8.79,5.86,5.86,5.86,5.86,5.86,5.86,8.2,9.37,9.37,8.2,5.27,5.27,5.27,5.27
N_8_21,N_10_22,5.255644740394853,5.36,5.36,5.36,5.36,5.36,5.36,8.2,8.2,9.46,9.46,6.31,6.31,6.31,6.31,6.31,6.31,8.83,10.09,10.09,8.83,5.68,5.68,5.68,5.68
N_8_21,N_7_21,6.065810180561799,6.19,6.19,6.19,6.19,6.19,6.19,9.46,9.46,10.92,10.92,7.28,7.28,7.28,7.28,7.28,7.28,10.19,11.65,11.65,10.19,6.55,6.55,6.55,6.55
N_8_21,N_9_23,13.697601359439059,7.6,7.6,7.6,7.6,7.6,7.6,9.45,9.45,10.27,10.27,8.22,8.22,8.22,8.22,8.22,8.22,9.86,10.68,10.68,9.86,7.81,7.81,7.81,7.81
N_8_21,N_8_22,3.0058224899862154,3.07,3.07,3.07,3.07,3.07,3.07,4.69,4.69,5.41,5.41,3.61,3.61,3.61,3.61,3.61,3.61,5.05,5.77,5.77,5.05,3.25,3.25,3.25,3.25
N_8_22,N_8_21,3.0058224899862154,3.07,3.07,3.07,3.07,3.07,3.07,4.69,4.69,5.41,5.41,3.61,3.61,3.61,3.61,3.61,3.61,5.05,5.77,5.77,5.05,3.25,3.25,3.25,3.25
N_8_22,N_8_23,12.114825447803806,6.72,6.72,6.72,6.72,6.72,6.72,8.36,8.36,9.09,9.09,7.27,7.27,7.27,7.27,7.27,7.27,8.72,9.45,9.45,8.72,6.91,6.91,6.91,6.91
N_8_23,N_6_22,6.7802838317553515,6.92,6.92,6.92,6.92,6.92,6.92,10.58,10.58,12.2,12.2,8.14,8.14,8.14,8.14,8.14,8.14,11.39,13.02,13.02,11.39,7.32,7.32,7.32,7.32
N_8_23,N_7_23,3.6412745644801903,3.71,3.71,3.71,3.71,3.71,3.71,5.68,5.68,6.55,6.55,4.37,4.37,4.37,4.37,4.37,4.37,6.12,6.99,6.99,6.12,3.93,3.93,3.93,3.93
N_8_23,N_6_23,3.9541896138710233,4.03,4.03,4.03,4.03,4.03,4.03,6.17,6.17,7.12,7.12,4.75,4.75,4.75,4.75,4.75,4.75,6.64,7.59,7.59,6.64,4.27,4.27,4.27,4.27
N_8_24,N_10_24,13.66634728477436,7.58,7.58,7.58,7.58,7.58,7.58,9.43,9.43,10.25,10.25,8.2,8.2,8.2,8.2,8.2,8.2,9.84,10.66,10.66,9.84,7.79,7.79,7.79,7.79
N_8_24,N_7_22,13.03856741192379,7.24,7.24,7.24,7.24,7.24,7.24,9.0,9.0,9.78,9.78,7.82,7.82,7.82,7.82,7.82,7.82,9.39,10.17,10.17,9.39,7.43,7.43,7.43,7.43
N_8_25,N_10_24,0.9950240770075511,1.63,1.63,1.63,1.63,1.63,1.63,2.71,2.71,3.18,3.18,1.99,1.99,1.99,1.99,1.99,1.99,2.95,3.42,3.42,2.95,1.75,1.75,1.75,1.75
N_8_25,N_10_26,13.038839770515873,7.24,7.24,7.24,7.24,7.24,7.24,9.0,9.0,9.78,9.78,7.82,7.82,7.82,7.82,7.82,7.82,9.39,10.17,10.17,9.39,7.43,7.43,7.43,7.43
N_8_25,N_9_24,6.875284971075061,7.01,7.01,7.01,7.01,7.01,7.01,10.73,10.73,12.38,12.38,8.25,8.25,8.25,8.25,8.25,8.25,11.55,13.2,13.2,11.55,7.43,7.43,7.43,7.43
N_8_25,N_9_23,12.75649215288066,7.08,7.08,7.08,7.08,7.08,7.08,8.8,8.8,9.57,9.57,7.65,7.65,7.65,7.65,7.65,7.65,9.18,9.95,9.95,9.18,7.27,7.27,7.27,7.27
N_8_26,N_9_28,4.371640895694773,4.46,4.46,4.46,4.46,4.46,4.46,6.82,6.82,7.87,7.87,5.25,5.25,5.25,5.25,5.25,5.25,7.34,8.39,8.39,7.34,4.72,4.72,4.72,4.72
N_8_26,N_8_27,12.606977163516984,7.0,7.0,7.0,7.0,7.0,7.0,8.7,8.7,9.46,9.46,7.56,7.56,7.56,7.56,7.56,7.56,9.08,9.83,9.83,9.08,7.19,7.19,7.19,7.19
N_8_26,N_7_28,3.129394212224144,3.19,3.19,3.19,3.19,3.19,3.19,4.88,4.88,5.63,5.63,3.76,3.76,3.76,3.76,3.76,3.76,5.26,6.01,6.01,5.26,3.38,3.38,3.38,3.38
N_8_26,N_6_26,5.688943028086081,5.8,5.8,5.8,5.8,5.8,5.8,8.87,8.87,10.24,10.24,6.83,6.83,6.83,6.83,6.83,6.83,9.56,10.92,10.92,9.56,6.14,6.14,6.14,6.14
N_8_27,N_10_28,3.885096393264901,3.96,3.96,3.96,3.96,3.96,3.96,6.06,6.06,6.99,6.99,4.66,4.66,4.66,4.66,4.66,4.66,6.53,7.46,7.46,6.53,4.2,4.2,4.2,4.2
N_8_27,N_7_28,13.854477466983813,7.69,7.69,7.69,7.69,7.69,7.69,9.56,9.56,10.39,10.39,8.31,8.31,8.31,8.31,8.31,8.31,9.98,10.81,10.81,9.98,7.9,7.9,7.9,7.9
N_8_27,N_8_26,12.606977163516984,7.0,7.0,7.0,7.0,7.0,7.0,8.7,8.7,9.46,9.46,7.56,7.56,7.56,7.56,7.56,7.56,9.08,9.83,9.83,9.08,7.19,7.19,7.19,7.19
N_8_27,N_7_27,4.157101821613356,4.24,4.24,4.24,4.24,4.24,4.24,6.49,6.49,7.48,7.48,4.99,4.99,4.99,4.99,4.99,4.99,6.98,7.98,7.98,6.98,4.49,4.49,4.49,4.49
N_8_28,N_10_28,14.543307752074474,8.07,8.07,8.07,8.07,8.07,8.07,10.03,10.03,10.91,10.91,8.73,8.73,8.73,8.73,8.73,8.73,10.47,11.34,11.34,10.47,8.29,8.29,8.29,8.29
N_8_28,N_9_30,8.095266028978491,4.49,4.49,4.49,4.49,4.49,4.49,5.59,5.59,6.07,6.07,4.86,4.86,4.86,4.86,4.86,4.86,5.83,6.31,6.31,5.83,4.61,4.61,4.61,4.61
N_8_29,N_8_30,3.9548240135303945,4.03,4.03,4.03,4.03,4.03,4.03,6.17,6.17,7.12,7.12,4.75,4.75,4.75,4.75,4.75,4.75,6.64,7.59,7.59,6.64,4.27,4.27,4.27,4.27
N_8_29,N_7_31,3.5170628050248034,3.59,3.59,3.59,3.59,3.59,3.59,5.49,5.49,6.33,6.33,4.22,4.22,4.22,4.22,4.22,4.22,5.91,6.75,6.75,5.91,3.8,3.8,3.8,3.8
N_8_3,N_6_3,1.9071847469991419,3.13,3.13,3.13,3.13,3.13,3.13,5.19,5.19,6.1,6.1,3.81,3.81,3.81,3.81,3.81,3.81,5.65,6.56,6.56,5.65,3.36,3.36,3.36,3.36
N_8_3,N_8_4,12.258170320362197,6.8,6.8,6.8,6.8,6.8,6.8,8.46,8.46,9.19,9.19,7.35,7.35,7.35,7.35,7.35,7.35,8.83,9.56,9.56,8.83,6.99,6.99,6.99,6.99
N_8_30,N_7_30,0.9168564794963465,1.5,1.5,1.5,1.5,1.5,1.5,2.49,2.49,2.93,2.93,1.83,1.83,1.83,1.83,1.83,1.83,2.71,3.15,3.15,2.71,1.61,1.61,1.61,1.61
N_8_30,N_9_29,1.4269370637657772,2.34,2.34,2.34,2.34,2.34,2.34,3.88,3.88,4.57,4.57,2.85,2.85,2.85,2.85,2.85,2.85,4.22,4.91,4.91,4.22,2.51,2.51,2.51,2.51
N_8_30,N_6_29,2.368889515031513,3.88,3.88,3.88,3.88,3.88,3.88,6.44,6.44,7.58,7.58,4.74,4.74,4.74,4.74,4.74,4.74,7.01,8.15,8.15,7.01,4.17,4.17,4.17,4.17
N_8_30,N_8_32,9.913480355369874,5.5,5.5,5.5,5.5,5.5,5.5,6.84,6.84,7.44,7.44,5.95,5.95,5.95,5.95,5.95,5.95,7.14,7.73,7.73,7.14,5.65,5.65,5.65,5.65
N_8_31,N_7_30,4.1335741247628635,4.22,4.22,4.22,4.22,4.22,4.22,6.45,6.45,7.44,7.44,4.96,4.96,4.96,4.96,4.96,4.96,6.94,7.94,7.94,6.94,4.46,4.46,4.46,4.46
N_8_31,N_8_30,10.311199134491073,5.72,5.72,5.72,5.72,5.72,5.72,7.11,7.11,7.73,7.73,6.19,6.19,6.19,6.19,6.19,6.19,7.42,8.04,8.04,7.42,5.88,5.88,5.88,5.88
N_8_31,N_8_29,9.175117881445779,5.09,5.09,5.09,5.09,5.09,5.09,6.33,6.33,6.88,6.88,5.51,5.51,5.51,5.51,5.51,5.51,6.61,7.16,7.16,6.61,5.23,5.23,5.23,5.23
N_8_32,N_10_31,1.868857486927283,3.06,3.06,3.06,3.06,3.06,3.06,5.08,5.08,5.98,5.98,3.74,3.74,3.74,3.74,3.74,3.74,5.53,6.43,6.43,5.53,3.29,3.29,3.29,3.29
N_8_32,N_8_30,9.913480355369874,5.5,5.5,5.5,5.5,5.5,5.5,6.84,6.84,7.44,7.44,5.95,5.95,5.95,5.95,5.95,5.95,7.14,7.73,7.73,7.14,5.65,5.65,5.65,5.65
N_8_32,N_8_34,8.073395021813578,4.48,4.48,4.48,4.48,4.48,4.48,5.57,5.57,6.06,6.06,4.84,4.84,4.84,4.84,4.84,4.84,5.81,6.3,6.3,5.81,4.6,4.6,4.6,4.6
N_8_33,N_6_34,8.409179154175895,4.67,4.67,4.67,4.67,4.67,4.67,5.8,5.8,6.31,6.31,5.05,5.05,5.05,5.05,5.05,5.05,6.05,6.56,6.56,6.05,4.79,4.79,4.79,4.79
N_8_33,N_7_32,13.080849904147227,7.26,7.26,7.26,7.26,7.26,7.26,9.03,9.03,9.81,9.81,7.85,7.85,7.85,7.85,7.85,7.85,9.42,10.2,10.2,9.42,7.46,7.46,7.46,7.46
N_8_33,N_10_34,6.235853227790875,6.36,6.36,6.36,6.36,6.36,6.36,9.73,9.73,11.22,11.22,7.48,7.48,7.48,7.48,7.48,7.48,10.48,11.97,11.97,10.48,6.73,6.73,6.73,6.73
N_8_33,N_10_32,11.685915127994596,6.49,6.49,6.49,6.49,6.49,6.49,8.06,8.06,8.76,8.76,7.01,7.01,7.01,7.01,7.01,7.01,8.41,9.12,9.12,8.41,6.66,6.66,6.66,6.66
N_8_34,N_6_34,0.9032888577138567,1.48,1.48,1.48,1.48,1.48,1.48,2.46,2.46,2.89,2.89,1.81,1.81,1.81,1.81,1.81,1.81,2.67,3.11,3.11,2.67,1.59,1.59,1.59,1.59
N_8_34,N_8_32,8.073395021813578,4.48,4.48,4.48,4.48,4.48,4.48,5.57,5.57,6.06,6.06,4.84,4.84,4.84,4.84,4.84,4.84,5.81,6.3,6.3,5.81,4.6,4.6,4.6,4.6
N_8_34,N_8_36,12.760065858673702,7.08,7.08,7.08,7.08,7.08,7.08,8.8,8.8,9.57,9.57,7.66,7.66,7.66,7.66,7.66,7.66,9.19,9.95,9.95,9.19,7.27,7.27,7.27,7.27
N_8_34,N_7_33,2.3358018020918703,3.83,3.83,3.83,3.83,3.83,3.83,6.35,6.35,7.47,7.47,4.67,4.67,4.67,4.67,4.67,4.67,6.91,8.04,8.04,6.91,4.11,4.11,4.11,4.11
N_8_35,N_8_33,4.979584612364863,5.08,5.08,5.08,5.08,5.08,5.08,7.77,7.77,8.96,8.96,5.98,5.98,5.98,5.98,5.98,5.98,8.37,9.56,9.56,8.37,5.38,5.38,5.38,5.38
N_8_35,N_6_34,4.583952294198829,4.68,4.68,4.68,4.68,4.68,4.68,7.15,7.15,8.25,8.25,5.5,5.5,5.5,5.5,5.5,5.5,7.7,8.8,8.8,7.7,4.95,4.95,4.95,4.95
N_8_35,N_9_35,4.874829681193114,4.97,4.97,4.97,4.97,4.97,4.97,7.6,7.6,8.77,8.77,5.85,5.85,5.85,5.85,5.85,5.85,8.19,9.36,9.36,8.19,5.26,5.26,5.26,5.26
N_8_35,N_8_36,2.4876406154944304,4.08,4.08,4.08,4.08,4.08,4.08,6.77,6.77,7.96,7.96,4.98,4.98,4.98,4.98,4.98,4.98,7.36,8.56,8.56,7.36,4.38,4.38,4.38,4.38
N_8_36,N_6_36,8.83565899102715,4.9,4.9,4.9,4.9,4.9,4.9,6.1,6.1,6.63,6.63,5.3,5.3,5.3,5.3,5.3,5.3,6.36,6.89,6.89,6.36,5.04,5.04,5.04,5.04
N_8_36,N_7_37,8.568975838274945,4.76,4.76,4.76,4.76,4.76,4.76,5.91,5.91,6.43,6.43,5.14,5.14,5.14,5.14,5.14,5.14,6.17,6.68,6.68,6.17,4.88,4.88,4.88,4.88
N_8_36,N_7_38,11.60526081066725,6.44,6.44,6.44,6.44,6.44,6.44,8.01,8.01,8.7,8.7,6.96,6.96,6.96,6.96,6.96,6.96,8.36,9.05,9.05,8.36,6.61,6.61,6.61,6.61
N_8_36,N_8_34,12.760065858673702,7.08,7.08,7.08,7.08,7.08,7.08,8.8,8.8,9.57,9.57,7.66,7.66,7.66,7.66,7.66,7.66,9.19,9.95,9.95,9.19,7.27,7.27,7.27,7.27
N_8_37,N_6_38,5.188119531122576,5.29,5.29,5.29,5.29,5.29,5.29,8.09,8.09,9.34,9.34,6.23,6.23,6.23,6.23,6.23,6.23,8.72,9.96,9.96,8.72,5.6,5.6,5.6,5.6
N_8_37,N_9_36,6.261908602559062,6.39,6.39,6.39,6.39,6.39,6.39,9.77,9.77,11.27,11.27,7.51,7.51,7.51,7.51,7.51,7.51,10.52,12.02,12.02,10.52,6.76,6.76,6.76,6.76
N_8_37,N_9_39,1.4203786607989974,2.33,2.33,2.33,2.33,2.33,2.33,3.86,3.86,4.55,4.55,2.84,2.84,2.84,2.84,2.84,2.84,4.2,4.89,4.89,4.2,2.5,2.5,2.5,2.5
N_8_37,N_7_36,3.747326649972418,3.82,3.82,3.82,3.82,3.82,3.82,5.85,5.85,6.75,6.75,4.5,4.5,4.5,4.5,4.5,4.5,6.3,7.19,7.19,6.3,4.05,4.05,4.05,4.05
N_8_37,N_9_35,0.8189073089336509,1.34,1.34,1.34,1.34,1.34,1.34,2.23,2.23,2.62,2.62,1.64,1.64,1.64,1.64,1.64,1.64,2.42,2.82,2.82,2.42,1.44,1.44,1.44,1.44
N_8_37,N_10_36,1.8034111282332443,2.96,2.96,2.96,2.96,2.96,2.96,4.91,4.91,5.77,5.77,3.61,3.61,3.61,3.61,3.61,3.61,5.34,6.2,6.2,5.34,3.17,3.17,3.17,3.17
N_8_38,N_10_39,4.323958622212677,4.41,4.41,4.41,4.41,4.41,4.41,6.75,6.75,7.78,7.78,5.19,5.19,5.19,5.19,5.19,5.19,7.26,8.3,8.3,7.26,4.67,4.67,4.67,4.67
N_8_38,N_7_37,1.4507497833851657,2.38,2.38,2.38,2.38,2.38,2.38,3.95,3.95,4.64,4.64,2.9,2.9,2.9,2.9,2.9,2.9,4.29,4.99,4.99,4.29,2.55,2.55,2.55,2.55
N_8_39,N_10_39,4.8097887730273445,4.91,4.91,4.91,4.91,4.91,4.91,7.5,7.5,8.66,8.66,5.77,5.77,5.77,5.77,5.77,5.77,8.08,9.23,9.23,8.08,5.19,5.19,5.19,5.19
N_8_39,N_6_38,4.465345614682976,4.55,4.55,4.55,4.55,4.55,4.55,6.97,6.97,8.04,8.04,5.36,5.36,5.36,5.36,5.36,5.36,7.5,8.57,8.57,7.5,4.82,4.82,4.82,4.82
N_8_4,N_7_6,8.380124463749103,4.65,4.65,4.65,4.65,4.65,4.65,5.78,5.78,6.29,6.29,5.03,5.03,5.03,5.03,5.03,5.03,6.03,6.54,6.54,6.03,4.78,4.78,4.78,4.78
N_8_4,N_8_2,3.773504919110751,3.85,3.85,3.85,3.85,3.85,3.85,5.89,5.89,6.79,6.79,4.53,4.53,4.53,4.53,4.53,4.53,6.34,7.25,7.25,6.34,4.08,4.08,4.08,4.08
N_8_4,N_8_3,12.258170320362197,6.8,6.8,6.8,6.8,6.8,6.8,8.46,8.46,9.19,9.19,7.35,7.35,7.35,7.35,7.35,7.35,8.83,9.56,9.56,8.83,6.99,6.99,6.99,6.99
N_8_5,N_10_5,3.3390078744921112,3.41,3.41,3.41,3.41,3.41,3.41,5.21,5.21,6.01,6.01,4.01,4.01,4.01,4.01,4.01,4.01,5.61,6.41,6.41,5.61,3.61,3.61,3.61,3.61
N_8_5,N_10_6,3.7805139665369967,3.86,3.86,3.86,3.86,3.86,3.86,5.9,5.9,6.8,6.8,4.54,4.54,4.54,4.54,4.54,4.54,6.35,7.26,7.26,6.35,4.08,4.08,4.08,4.08
N_8_5,N_6_5,1.5124640569067511,2.48,2.48,2.48,2.48,2.48,2.48,4.11,4.11,4.84,4.84,3.02,3.02,3.02,3.02,3.02,3.02,4.48,5.2,5.2,4.48,2.66,2.66,2.66,2.66
N_8_5,N_9_6,1.303618176707324,2.14,2.14,2.14,2.14,2.14,2.14,3.55,3.55,4.17,4.17,2.61,2.61,2.61,2.61,2.61,2.61,3.86,4.48,4.48,3.86,2.29,2.29,2.29,2.29
N_8_5,N_9_4,6.702052408535927,6.84,6.84,6.84,6.84,6.84,6.84,10.46,10.46,12.06,12.06,8.04,8.04,8.04,8.04,8.04,8.04,11.26,12.87,12.87,11.26,7.24,7.24,7.24,7.24
N_8_5,N_7_4,10.530543568480905,5.84,5.84,5.84,5.84,5.84,5.84,7.27,7.27,7.9,7.9,6.32,6.32,6.32,6.32,6.32,6.32,7.58,8.21,8.21,7.58,6.0,6.0,6.0,6.0
N_8_6,N_10_7,13.163290874030196,7.31,7.31,7.31,7.31,7.31,7.31,9.08,9.08,9.87,9.87,7.9,7.9,7.9,7.9,7.9,7.9,9.48,10.27,10.27,9.48,7.5,7.5,7.5,7.5
N_8_6,N_6_6,3.3738895953637438,3.44,3.44,3.44,3.44,3.44,3.44,5.26,5.26,6.07,6.07,4.05,4.05,4.05,4.05,4.05,4.05,5.67,6.48,6.48,5.67,3.64,3.64,3.64,3.64
N_8_6,N_7_4,6.066950763373908,6.19,6.19,6.19,6.19,6.19,6.19,9.46,9.46,10.92,10.92,7.28,7.28,7.28,7.28,7.28,7.28,10.19,11.65,11.65,10.19,6.55,6.55,6.55,6.55
N_8_7,N_7_6,1.697628798777345,2.78,2.78,2.78,2.78,2.78,2.78,4.62,4.62,5.43,5.43,3.4,3.4,3.4,3.4,3.4,3.4,5.02,5.84,5.84,5.02,2.99,2.99,2.99,2.99
N_8_7,N_6_8,6.1754411700240555,6.3,6.3,6.3,6.3,6.3,6.3,9.63,9.63,11.12,11.12,7.41,7.41,7.41,7.41,7.41,7.41,10.37,11.86,11.86,10.37,6.67,6.67,6.67,6.67
N_8_7,N_8_9,2.090927053427281,3.43,3.43,3.43,3.43,3.43,3.43,5.69,5.69,6.69,6.69,4.18,4.18,4.18,4.18,4.18,4.18,6.19,7.19,7.19,6.19,3.68,3.68,3.68,3.68
N_8_7,N_7_5,4.130898015906709,4.21,4.21,4.21,4.21,4.21,4.21,6.44,6.44,7.44,7.44,4.96,4.96,4.96,4.96,4.96,4.96,6.94,7.93,7.93,6.94,4.46,4.46,4.46,4.46
N_8_7,N_7_8,4.942804832628037,5.04,5.04,5.04,5.04,5.04,5.04,7.71,7.71,8.9,8.9,5.93,5.93,5.93,5.93,5.93,5.93,8.3,9.49,9.49,8.3,5.34,5.34,5.34,5.34
N_8_7,N_10_8,14.477180499755779,8.03,8.03,8.03,8.03,8.03,8.03,9.99,9.99,10.86,10.86,8.69,8.69,8.69,8.69,8.69,8.69,10.42,11.29,11.29,10.42,8.25,8.25,8.25,8.25
N_8_8,N_9_10,4.746074417132105,4.84,4.84,4.84,4.84,4.84,4.84,7.4,7.4,8.54,8.54,5.7,5.7,5.7,5.7,5.7,5.7,7.97,9.11,9.11,7.97,5.13,5.13,5.13,5.13
N_8_8,N_6_9,9.557022138144951,5.3,5.3,5.3,5.3,5.3,5.3,6.59,6.59,7.17,7.17,5.73,5.73,5.73,5.73,5.73,5.73,6.88,7.45,7.45,6.88,5.45,5.45,5.45,5.45
N_8_8,N_7_6,0.7028585393840416,1.15,1.15,1.15,1.15,1.15,1.15,1.91,1.91,2.25,2.25,1.41,1.41,1.41,1.41,1.41,1.41,2.08,2.42,2.42,2.08,1.24,1.24,1.24,1.24
N_8_9,N_7_7,5.7960471805247735,5.91,5.91,5.91,5.91,5.91,5.91,9.04,9.04,10.43,10.43,6.96,6.96,6.96,6.96,6.96,6.96,9.74,11.13,11.13,9.74,6.26,6.26,6.26,6.26
N_8_9,N_9_11,14.367333504198193,7.97,7.97,7.97,7.97,7.97,7.97,9.91,9.91,10.78,10.78,8.62,8.62,8.62,8.62,8.62,8.62,10.34,11.21,11.21,10.34,8.19,8.19,8.19,8.19
N_8_9,N_9_7,1.9063980268749625,3.13,3.13,3.13,3.13,3.13,3.13,5.19,5.19,6.1,6.1,3.81,3.81,3.81,3.81,3.81,3.81,5.64,6.56,6.56,5.64,3.36,3.36,3.36,3.36
N_8_9,N_8_8,3.6904999860140943,3.76,3.76,3.76,3.76,3.76,3.76,5.76,5.76,6.64,6.64,4.43,4.43,4.43,4.43,4.43,4.43,6.2,7.09,7.09,6.2,3.99,3.99,3.99,3.99
N_8_9,N_9_9,4.364031803539147,4.45,4.45,4.45,4.45,4.45,4.45,6.81,6.81,7.86,7.86,5.24,5.24,5.24,5.24,5.24,5.24,7.33,8.38,8.38,7.33,4.71,4.71,4.71,4.71
N_8_9,N_7_8,5.784333154311632,5.9,5.9,5.9,5.9,5.9,5.9,9.02,9.02,10.41,10.41,6.94,6.94,6.94,6.94,6.94,6.94,9.72,11.11,11.11,9.72,6.25,6.25,6.25,6.25
N_8_9,N_6_9,5.004747883270845,5.1,5.1,5.1,5.1,5.1,5.1,7.81,7.81,9.01,9.01,6.01,6.01,6.01,6.01,6.01,6.01,8.41,9.61,9.61,8.41,5.41,5.41,5.41,5.41
N_9_0,N_10_0,5.289109628466104,5.39,5.39,5.39,5.39,5.39,5.39,8.25,8.25,9.52,9.52,6.35,6.35,6.35,6.35,6.35,6.35,8.89,10.16,10.16,8.89,5.71,5.71,5.71,5.71
N_9_0,N_10_1,5.010292578965051,5.11,5.11,5.11,5.11,5.11,5.11,7.82,7.82,9.02,9.02,6.01,6.01,6.01,6.01,6.01,6.01,8.42,9.62,9.62,8.42,5.41,5.41,5.41,5.41
N_9_0,N_7_1,1.6826435577783503,2.76,2.76,2.76,2.76,2.76,2.76,4.58,4.58,5.38,5.38,3.37,3.37,3.37,3.37,3.37,3.37,4.98,5.79,5.79,4.98,2.96,2.96,2.96,2.96
N_9_0,N_9_1,4.53767870955254,4.63,4.63,4.63,4.63,4.63,4.63,7.08,7.08,8.17,8.17,5.45,5.45,5.45,5.45,5.45,5.45,7.62,8.71,8.71,7.62,4.9,4.9,4.9,4.9
N_9_1,N_11_1,12.820143173380572,7.12,7.12,7.12,7.12,7.12,7.12,8.85,8.85,9.62,9.62,7.69,7.69,7.69,7.69,7.69,7.69,9.23,10.0,10.0,9.23,7.31,7.31,7.31,7.31
N_9_1,N_9_0,4.53767870955254,4.63,4.63,4.63,4.63,4.63,4.63,7.08,7.08,8.17,8.17,5.45,5.45,5.45,5.45,5.45,5.45,7.62,8.71,8.71,7.62,4.9,4.9,4.9,4.9
N_9_1,N_8_0,5.269476049394737,5.37,5.37,5.37,5.37,5.37,5.37,8.22,8.22,9.49,9.49,6.32,6.32,6.32,6.32,6.32,6.32,8.85,10.12,10.12,8.85,5.69,5.69,5.69,5.69
N_9_1,N_7_1,8.025951124684603,4.45,4.45,4.45,4.45,4.45,4.45,5.54,5.54,6.02,6.02,4.82,4.82,4.82,4.82,4.82,4.82,5.78,6.26,6.26,5.78,4.57,4.57,4.57,4.57
N_9_10,N_11_10,8.495798137803584,4.72,4.72,4.72,4.72,4.72,4.72,5.86,5.86,6.37,6.37,5.1,5.1,5.1,5.1,5.1,5.1,6.12,6.63,6.63,6.12,4.84,4.84,4.84,4.84
N_9_10,N_8_12,8.515831082354742,4.73,4.73,4.73,4.73,4.73,4.73,5.88,5.88,6.39,6.39,5.11,5.11,5.11,5.11,5.11,5.11,6.13,6.64,6.64,6.13,4.85,4.85,4.85,4.85
N_9_11,N_7_11,12.943165914956078,7.18,7.18,7.18,7.18,7.18,7.18,8.93,8.93,9.71,9.71,7.77,7.77,7.77,7.77,7.77,7.77,9.32,10.1,10.1,9.32,7.38,7.38,7.38,7.38
N_9_11,N_9_13,11.0166737505956,6.11,6.11,6.11,6.11,6.11,6.11,7.6,7.6,8.26,8.26,6.61,6.61,6.61,6.61,6.61,6.61,7.93,8.59,8.59,7.93,6.28,6.28,6.28,6.28
N_9_11,N_9_9,11.666424267924397,6.47,6.47,6.47,6.47,6.47,6.47,8.05,8.05,8.75,8.75,7.0,7.0,7.0,7.0,7.0,7.0,8.4,9.1,9.1,8.4,6.65,6.65,6.65,6.65
N_9_12,N_8_11,9.701500990360437,5.38,5.38,5.38,5.38,5.38,5.38,6.69,6.69,7.28,7.28,5.82,5.82,5.82,5.82,5.82,5.82,6.99,7.57,7.57,6.99,5.53,5.53,5.53,5.53
N_9_12,N_8_14,8.849926320682565,4.91,4.91,4.91,4.91,4.91,4.91,6.11,6.11,6.64,6.64,5.31,5.31,5.31,5.31,5.31,5.31,6.37,6.9,6.9,6.37,5.04,5.04,5.04,5.04
N_9_13,N_10_13,14.923634904345057,8.28,8.28,8.28,8.28,8.28,8.28,10.3,10.3,11.19,11.19,8.95,8.95,8.95,8.95,8.95,8.95,10.75,11.64,11.64,10.75,8.51,8.51,8.51,8.51
N_9_13,N_10_15,3.910172901195291,3.99,3.99,3.99,3.99,3.99,3.99,6.1,6.1,7.04,7.04,4.69,4.69,4.69,4.69,4.69,4.69,6.57,7.51,7.51,6.57,4.22,4.22,4.22,4.22
N_9_14,N_10_14,1.5386654206661665,2.52,2.52,2.52,2.52,2.52,2.52,4.19,4.19,4.92,4.92,3.08,3.08,3.08,3.08,3.08,3.08,4.55,5.29,5.29,4.55,2.71,2.71,2.71,2.71
N_9_14,N_9_13,5.943537906845632,6.06,6.06,6.06,6.06,6.06,6.06,9.27,9.27,10.7,10.7,7.13,7.13,7.13,7.13,7.13,7.13,9.99,11.41,11.41,9.99,6.42,6.42,6.42,6.42
N_9_14,N_11_13,2.053718162665521,3.37,3.37,3.37,3.37,3.37,3.37,5.59,5.59,6.57,6.57,4.11,4.11,4.11,4.11,4.11,4.11,6.08,7.06,7.06,6.08,3.61,3.61,3.61,3.61
N_9_14,N_8_15,5.335527174775541,5.44,5.44,5.44,5.44,5.44,5.44,8.32,8.32,9.6,9.6,6.4,6.4,6.4,6.4,6.4,6.4,8.96,10.24,10.24,8.96,5.76,5.76,5.76,5.76
N_9_14,N_10_16,12.251814107070958,6.8,6.8,6.8,6.8,6.8,6.8,8.45,8.45,9.19,9.19,7.35,7.35,7.35,7.35,7.35,7.35,8.82,9.56,9.56,8.82,6.98,6.98,6.98,6.98
N_9_15,N_11_15,0.8337627853108611,1.37,1.37,1.37,1.37,1.37,1.37,2.27,2.27,2.67,2.67,1.67,1.67,1.67,1.67,1.67,1.67,2.47,2.87,2.87,2.47,1.47,1.47,1.47,1.47
N_9_15,N_7_16,1.4072345623822902,2.31,2.31,2.31,2.31,2.31,2.31,3.83,3.83,4.5,4.5,2.81,2.81,2.81,2.81,2.81,2.81,4.17,4.84,4.84,4.17,2.48,2.48,2.48,2.48
N_9_15,N_8_13,13.274577069211885,7.37,7.37,7.37,7.37,7.37,7.37,9.16,9.16,9.96,9.96,7.96,7.96,7.96,7.96,7.96,7.96,9.56,10.35,10.35,9.56,7.57,7.57,7.57,7.57
N_9_16,N_10_14,4.571818351465932,4.66,4.66,4.66,4.66,4.66,4.66,7.13,7.13,8.23,8.23,5.49,5.49,5.49,5.49,5.49,5.49,7.68,8.78,8.78,7.68,4.94,4.94,4.94,4.94
N_9_16,N_10_18,1.0422654439959516,1.71,1.71,1.71,1.71,1.71,1.71,2.83,2.83,3.34,3.34,2.08,2.08,2.08,2.08,2.08,2.08,3.09,3.59,3.59,3.09,1.83,1.83,1.83,1.83
N_9_16,N_11_17,13.020589428536137,7.23,7.23,7.23,7.23,7.23,7.23,8.98,8.98,9.77,9.77,7.81,7.81,7.81,7.81,7.81,7.81,9.37,10.16,10.16,9.37,7.42,7.42,7.42,7.42
N_9_16,N_7_16,14.103390631535614,7.83,7.83,7.83,7.83,7.83,7.83,9.73,9.73,10.58,10.58,8.46,8.46,8.46,8.46,8.46,8.46,10.15,11.0,11.0,10.15,8.04,8.04,8.04,8.04
N_9_17,N_8_18,4.884659954479419,4.98,4.98,4.98,4.98,4.98,4.98,7.62,7.62,8.79,8.79,5.86,5.86,5.86,5.86,5.86,5.86,8.21,9.38,9.38,8.21,5.28,5.28,5.28,5.28
N_9_17,N_9_16,5.438649873891462,5.55,5.55,5.55,5.55,5.55,5.55,8.48,8.48,9.79,9.79,6.53,6.53,6.53,6.53,6.53,6.53,9.14,10.44,10.44,9.14,5.87,5.87,5.87,5.87
N_9_17,N_9_19,10.161337960264502,5.64,5.64,5.64,5.64,5.64,5.64,7.01,7.01,7.62,7.62,6.1,6.1,6.1,6.1,6.1,6.1,7.32,7.93,7.93,7.32,5.79,5.79,5.79,5.79
N_9_17,N_7_16,4.0692192016074005,4.15,4.15,4.15,4.15,4.15,4.15,6.35,6.35,7.32,7.32,4.88,4.88,4.88,4.88,4.88,4.88,6.84,7.81,7.81,6.84,4.39,4.39,4.39,4.39
N_9_17,N_10_16,3.635867631479102,3.71,3.71,3.71,3.71,3.71,3.71,5.67,5.67,6.54,6.54,4.36,4.36,4.36,4.36,4.36,4.36,6.11,6.98,6.98,6.11,3.93,3.93,3.93,3.93
N_9_17,N_10_18,5.895635131869806,6.01,6.01,6.01,6.01,6.01,6.01,9.2,9.2,10.61,10.61,7.07,7.07,7.07,7.07,7.07,7.07,9.9,11.32,11.32,9.9,6.37,6.37,6.37,6.37
N_9_18,N_11_18,5.803387638794718,5.92,5.92,5.92,5.92,5.92,5.92,9.05,9.05,10.45,10.45,6.96,6.96,6.96,6.96,6.96,6.96,9.75,11.14,11.14,9.75,6.27,6.27,6.27,6.27
N_9_18,N_11_19,9.150624864898377,5.08,5.08,5.08,5.08,5.08,5.08,6.31,6.31,6.86,6.86,5.49,5.49,5.49,5.49,5.49,5.49,6.59,7.14,7.14,6.59,5.22,5.22,5.22,5.22
N_9_18,N_9_16,10.939930013347457,6.07,6.07,6.07,6.07,6.07,6.07,7.55,7.55,8.2,8.2,6.56,6.56,6.56,6.56,6.56,6.56,7.88,8.53,8.53,7.88,6.24,6.24,6.24,6.24
N_9_18,N_7_17,0.919573934356227,1.51,1.51,1.51,1.51,1.51,1.51,2.5,2.5,2.94,2.94,1.84,1.84,1.84,1.84,1.84,1.84,2.72,3.16,3.16,2.72,1.62,1.62,1.62,1.62
N_9_18,N_10_16,5.799175411536927,5.92,5.92,5.92,5.92,5.92,5.92,9.05,9.05,10.44,10.44,6.96,6.96,6.96,6.96,6.96,6.96,9.74,11.13,11.13,9.74,6.26,6.26,6.26,6.26
N_9_18,N_8_16,12.132488410886042,6.73,6.73,6.73,6.73,6.73,6.73,8.37,8.37,9.1,9.1,7.28,7.28,7.28,7.28,7.28,7.28,8.74,9.46,9.46,8.74,6.92,6.92,6.92,6.92
N_9_19,N_8_18,3.5268343651100023,3.6,3.6,3.6,3.6,3.6,3.6,5.5,5.5,6.35,6.35,4.23,4.23,4.23,4.23,4.23,4.23,5.93,6.77,6.77,5.93,3.81,3.81,3.81,3.81
N_9_19,N_9_17,10.161337960264502,5.64,5.64,5.64,5.64,5.64,5.64,7.01,7.01,7.62,7.62,6.1,6.1,6.1,6.1,6.1,6.1,7.32,7.93,7.93,7.32,5.79,5.79,5.79,5.79
N_9_19,N_9_18,2.3557021044606348,3.86,3.86,3.86,3.86,3.86,3.86,6.41,6.41,7.54,7.54,4.71,4.71,4.71,4.71,4.71,4.71,6.97,8.1,8.1,6.97,4.15,4.15,4.15,4.15
N_9_19,N_9_21,3.5776468580980176,3.65,3.65,3.65,3.65,3.65,3.65,5.58,5.58,6.44,6.44,4.29,4.29,4.29,4.29,4.29,4.29,6.01,6.87,6.87,6.01,3.86,3.86,3.86,3.86
N_9_19,N_8_21,12.372716616974088,6.87,6.87,6.87,6.87,6.87,6.87,8.54,8.54,9.28,9.28,7.42,7.42,7.42,7.42,7.42,7.42,8.91,9.65,9.65,8.91,7.05,7.05,7.05,7.05
N_9_2,N_10_0,10.78711986539636,5.99,5.99,5.99,5.99,5.99,5.99,7.44,7.44,8.09,8.09,6.47,6.47,6.47,6.47,6.47,6.47,7.77,8.41,8.41,7.77,6.15,6.15,6.15,6.15
N_9_2,N_10_2,2.468861467341008,4.05,4.05,4.05,4.05,4.05,4.05,6.72,6.72,7.9,7.9,4.94,4.94,4.94,4.94,4.94,4.94,7.31,8.49,8.49,7.31,4.35,4.35,4.35,4.35
N_9_20,N_10_18,9.629855918641669,5.34,5.34,5.34,5.34,5.34,5.34,6.64,6.64,7.22,7.22,5.78,5.78,5.78,5.78,5.78,5.78,6.93,7.51,7.51,6.93,5.49,5.49,5.49,5.49
N_9_20,N_7_21,1.0481389533497771,1.72,1.72,1.72,1.72,1.72,1.72,2.85,2.85,3.35,3.35,2.1,2.1,2.1,2.1,2.1,2.1,3.1,3.61,3.61,3.1,1.84,1.84,1.84,1.84
N_9_20,N_8_18,12.309809110011447,6.83,6.83,6.83,6.83,6.83,6.83,8.49,8.49,9.23,9.23,7.39,7.39,7.39,7.39,7.39,7.39,8.86,9.6,9.6,8.86,7.02,7.02,7.02,7.02
N_9_20,N_11_20,3.2592078542830225,3.32,3.32,3.32,3.32,3.32,3.32,5.08,5.08,5.87,5.87,3.91,3.91,3.91,3.91,3.91,3.91,5.48,6.26,6.26,5.48,3.52,3.52,3.52,3.52
N_9_20,N_9_19,12.067216196041551,6.7,6.7,6.7,6.7,6.7,6.7,8.33,8.33,9.05,9.05,7.24,7.24,7.24,7.24,7.24,7.24,8.69,9.41,9.41,8.69,6.88,6.88,6.88,6.88
N_9_20,N_11_19,2.024211193803065,3.32,3.32,3.32,3.32,3.32,3.32,5.51,5.51,6.48,6.48,4.05,4.05,4.05,4.05,4.05,4.05,5.99,6.96,6.96,5.99,3.56,3.56,3.56,3.56
N_9_21,N_9_19,3.5776468580980176,3.65,3.65,3.65,3.65,3.65,3.65,5.58,5.58,6.44,6.44,4.29,4.29,4.29,4.29,4.29,4.29,6.01,6.87,6.87,6.01,3.86,3.86,3.86,3.86
N_9_21,N_10_22,10.794036833709562,5.99,5.99,5.99,5.99,5.99,5.99,7.45,7.45,8.1,8.1,6.48,6.48,6.48,6.48,6.48,6.48,7.77,8.42,8.42,7.77,6.15,6.15,6.15,6.15
N_9_21,N_10_19,12.421176414970002,6.89,6.89,6.89,6.89,6.89,6.89,8.57,8.57,9.32,9.32,7.45,7.45,7.45,7.45,7.45,7.45,8.94,9.69,9.69,8.94,7.08,7.08,7.08,7.08
N_9_21,N_7_22,13.948072205008398,7.74,7.74,7.74,7.74,7.74,7.74,9.62,9.62,10.46,10.46,8.37,8.37,8.37,8.37,8.37,8.37,10.04,10.88,10.88,10.04,7.95,7.95,7.95,7.95
N_9_22,N_10_21,6.955351847581236,7.09,7.09,7.09,7.09,7.09,7.09,10.85,10.85,12.52,12.52,8.35,8.35,8.35,8.35,8.35,8.35,11.68,13.35,13.35,11.68,7.51,7.51,7.51,7.51
N_9_22,N_11_22,1.443368770620708,2.37,2.37,2.37,2.37,2.37,2.37,3.93,3.93,4.62,4.62,2.89,2.89,2.89,2.89,2.89,2.89,4.27,4.97,4.97,4.27,2.54,2.54,2.54,2.54
N_9_22,N_7_23,3.5278206831051726,3.6,3.6,3.6,3.6,3.6,3.6,5.5,5.5,6.35,6.35,4.23,4.23,4.23,4.23,4.23,4.23,5.93,6.77,6.77,5.93,3.81,3.81,3.81,3.81
N_9_23,N_7_24,5.47004487939942,5.58,5.58,5.58,5.58,5.58,5.58,8.53,8.53,9.85,9.85,6.56,6.56,6.56,6.56,6.56,6.56,9.19,10.5,10.5,9.19,5.91,5.91,5.91,5.91
N_9_23,N_8_21,13.697601359439059,7.6,7.6,7.6,7.6,7.6,7.6,9.45,9.45,10.27,10.27,8.22,8.22,8.22,8.22,8.22,8.22,9.86,10.68,10.68,9.86,7.81,7.81,7.81,7.81
N_9_23,N_8_25,12.75649215288066,7.08,7.08,7.08,7.08,7.08,7.08,8.8,8.8,9.57,9.57,7.65,7.65,7.65,7.65,7.65,7.65,9.18,9.95,9.95,9.18,7.27,7.27,7.27,7.27
N_9_24,N_8_25,6.875284971075061,7.01,7.01,7.01,7.01,7.01,7.01,10.73,10.73,12.38,12.38,8.25,8.25,8.25,8.25,8.25,8.25,11.55,13.2,13.2,11.55,7.43,7.43,7.43,7.43
N_9_24,N_8_24,6.063768630349889,6.19,6.19,6.19,6.19,6.19,6.19,9.46,9.46,10.91,10.91,7.28,7.28,7.28,7.28,7.28,7.28,10.19,11.64,11.64,10.19,6.55,6.55,6.55,6.55
N_9_24,N_10_26,6.519409812033785,6.65,6.65,6.65,6.65,6.65,6.65,10.17,10.17,11.73,11.73,7.82,7.82,7.82,7.82,7.82,7.82,10.95,12.52,12.52,10.95,7.04,7.04,7.04,7.04
N_9_25,N_9_23,10.178257432382638,5.65,5.65,5.65,5.65,5.65,5.65,7.02,7.02,7.63,7.63,6.11,6.11,6.11,6.11,6.11,6.11,7.33,7.94,7.94,7.33,5.8,5.8,5.8,5.8
N_9_25,N_8_27,3.4186825147825055,3.49,3.49,3.49,3.49,3.49,3.49,5.33,5.33,6.15,6.15,4.1,4.1,4.1,4.1,4.1,4.1,5.74,6.56,6.56,5.74,3.69,3.69,3.69,3.69
N_9_25,N_8_25,14.214347447334088,7.89,7.89,7.89,7.89,7.89,7.89,9.81,9.81,10.66,10.66,8.53,8.53,8.53,8.53,8.53,8.53,10.23,11.09,11.09,10.23,8.1,8.1,8.1,8.1
N_9_25,N_8_23,5.806242796850285,5.92,5.92,5.92,5.92,5.92,5.92,9.06,9.06,10.45,10.45,6.97,6.97,6.97,6.97,6.97,6.97,9.75,11.15,11.15,9.75,6.27,6.27,6.27,6.27
N_9_25,N_11_24,2.4555537797238913,4.03,4.03,4.03,4.03,4.03,4.03,6.68,6.68,7.86,7.86,4.91,4.91,4.91,4.91,4.91,4.91,7.27,8.45,8.45,7.27,4.32,4.32,4.32,4.32
N_9_25,N_7_24,0.896904206284826,1.47,1.47,1.47,1.47,1.47,1.47,2.44,2.44,2.87,2.87,1.79,1.79,1.79,1.79,1.79,1.79,2.65,3.09,3.09,2.65,1.58,1.58,1.58,1.58
N_9_26,N_10_25,4.275614785476768,4.36,4.36,4.36,4.36,4.36,4.36,6.67,6.67,7.7,7.7,5.13,5.13,5.13,5.13,5.13,5.13,7.18,8.21,8.21,7.18,4.62,4.62,4.62,4.62
N_9_26,N_7_26,9.261960711500299,5.14,5.14,5.14,5.14,5.14,5.14,6.39,6.39,6.95,6.95,5.56,5.56,5.56,5.56,5.56,5.56,6.67,7.22,7.22,6.67,5.28,5.28,5.28,5.28
N_9_26,N_11_25,5.049512484428957,5.15,5.15,5.15,5.15,5.15,5.15,7.88,7.88,9.09,9.09,6.06,6.06,6.06,6.06,6.06,6.06,8.48,9.7,9.7,8.48,5.45,5.45,5.45,5.45
N_9_27,N_10_28,1.2414098428625169,2.04,2.04,2.04,2.04,2.04,2.04,3.38,3.38,3.97,3.97,2.48,2.48,2.48,2.48,2.48,2.48,3.67,4.27,4.27,3.67,2.18,2.18,2.18,2.18
N_9_27,N_11_26,14.197241773765962,7.88,7.88,7.88,7.88,7.88,7.88,9.8,9.8,10.65,10.65,8.52,8.52,8.52,8.52,8.52,8.52,10.22,11.07,11.07,10.22,8.09,8.09,8.09,8.09
N_9_27,N_11_28,5.0241276819081655,5.12,5.12,5.12,5.12,5.12,5.12,7.84,7.84,9.04,9.04,6.03,6.03,6.03,6.03,6.03,6.03,8.44,9.65,9.65,8.44,5.43,5.43,5.43,5.43
N_9_27,N_8_25,12.076045182454013,6.7,6.7,6.7,6.7,6.7,6.7,8.33,8.33,9.06,9.06,7.25,7.25,7.25,7.25,7.25,7.25,8.69,9.42,9.42,8.69,6.88,6.88,6.88,6.88
N_9_27,N_7_27,6.667985980515687,6.8,6.8,6.8,6.8,6.8,6.8,10.4,10.4,12.0,12.0,8.0,8.0,8.0,8.0,8.0,8.0,11.2,12.8,12.8,11.2,7.2,7.2,7.2,7.2
N_9_27,N_10_27,3.5892085630460495,3.66,3.66,3.66,3.66,3.66,3.66,5.6,5.6,6.46,6.46,4.31,4.31,4.31,4.31,4.31,4.31,6.03,6.89,6.89,6.03,3.88,3.88,3.88,3.88
N_9_27,N_8_28,10.754519661755289,5.97,5.97,5.97,5.97,5.97,5.97,7.42,7.42,8.07,8.07,6.45,6.45,6.45,6.45,6.45,6.45,7.74,8.39,8.39,7.74,6.13,6.13,6.13,6.13
N_9_28,N_10_30,3.3740020217084377,3.44,3.44,3.44,3.44,3.44,3.44,5.26,5.26,6.07,6.07,4.05,4.05,4.05,4.05,4.05,4.05,5.67,6.48,6.48,5.67,3.64,3.64,3.64,3.64
N_9_28,N_8_27,10.4287163346097,5.79,5.79,5.79,5.79,5.79,5.79,7.2,7.2,7.82,7.82,6.26,6.26,6.26,6.26,6.26,6.26,7.51,8.13,8.13,7.51,5.94,5.94,5.94,5.94
N_9_29,N_11_29,4.9563872484826295,5.06,5.06,5.06,5.06,5.06,5.06,7.73,7.73,8.92,8.92,5.95,5.95,5.95,5.95,5.95,5.95,8.33,9.52,9.52,8.33,5.35,5.35,5.35,5.35
N_9_29,N_7_30,5.601206960747572,5.71,5.71,5.71,5.71,5.71,5.71,8.74,8.74,10.08,10.08,6.72,6.72,6.72,6.72,6.72,6.72,9.41,10.75,10.75,9.41,6.05,6.05,6.05,6.05
N_9_29,N_8_30,5.962894705888369,6.08,6.08,6.08,6.08,6.08,6.08,9.3,9.3,10.73,10.73,7.16,7.16,7.16,7.16,7.16,7.16,10.02,11.45,11.45,10.02,6.44,6.44,6.44,6.44
N_9_3,N_11_3,8.426886222404093,4.68,4.68,4.68,4.68,4.68,4.68,5.81,5.81,6.32,6.32,5.06,5.06,5.06,5.06,5.06,5.06,6.07,6.57,6.57,6.07,4.8,4.8,4.8,4.8
N_9_3,N_8_5,0.6977637444127585,1.14,1.14,1.14,1.14,1.14,1.14,1.9,1.9,2.23,2.23,1.4,1.4,1.4,1.4,1.4,1.4,2.07,2.4,2.4,2.07,1.23,1.23,1.23,1.23
N_9_3,N_9_4,9.914201890479953,5.5,5.5,5.5,5.5,5.5,5.5,6.84,6.84,7.44,7.44,5.95,5.95,5.95,5.95,5.95,5.95,7.14,7.73,7.73,7.14,5.65,5.65,5.65,5.65
N_9_30,N_10_32,3.3137107640741124,3.38,3.38,3.38,3.38,3.38,3.38,5.17,5.17,5.96,5.96,3.98,3.98,3.98,3.98,3.98,3.98,5.57,6.36,6.36,5.57,3.58,3.58,3.58,3.58
N_9_30,N_7_30,10.999968153699964,6.1,6.1,6.1,6.1,6.1,6.1,7.59,7.59,8.25,8.25,6.6,6.6,6.6,6.6,6.6,6.6,7.92,8.58,8.58,7.92,6.27,6.27,6.27,6.27
N_9_30,N_8_28,8.095266028978491,4.49,4.49,4.49,4.49,4.49,4.49,5.59,5.59,6.07,6.07,4.86,4.86,4.86,4.86,4.86,4.86,5.83,6.31,6.31,5.83,4.61,4.61,4.61,4.61
N_9_30,N_8_30,6.410965074134317,6.54,6.54,6.54,6.54,6.54,6.54,10.0,10.0,11.54,11.54,7.69,7.69,7.69,7.69,7.69,7.69,10.77,12.31,12.31,10.77,6.92,6.92,6.92,6.92
N_9_30,N_11_30,5.340570133461679,5.45,5.45,5.45,5.45,5.45,5.45,8.33,8.33,9.61,9.61,6.41,6.41,6.41,6.41,6.41,6.41,8.97,10.25,10.25,8.97,5.77,5.77,5.77,5.77
N_9_30,N_8_29,11.904811756572439,6.61,6.61,6.61,6.61,6.61,6.61,8.21,8.21,8.93,8.93,7.14,7.14,7.14,7.14,7.14,7.14,8.57,9.29,9.29,8.57,6.79,6.79,6.79,6.79
N_9_30,N_11_31,4.838718775603601,4.94,4.94,4.94,4.94,4.94,4.94,7.55,7.55,8.71,8.71,5.81,5.81,5.81,5.81,5.81,5.81,8.13,9.29,9.29,8.13,5.23,5.23,5.23,5.23
N_9_31,N_10_29,12.118681682717241,6.73,6.73,6.73,6.73,6.73,6.73,8.36,8.36,9.09,9.09,7.27,7.27,7.27,7.27,7.27,7.27,8.73,9.45,9.45,8.73,6.91,6.91,6.91,6.91
N_9_31,N_10_33,0.9175135452329817,1.5,1.5,1.5,1.5,1.5,1.5,2.5,2.5,2.94,2.94,1.84,1.84,1.84,1.84,1.84,1.84,2.72,3.16,3.16,2.72,1.61,1.61,1.61,1.61
N_9_32,N_11_32,3.197163902096445,3.26,3.26,3.26,3.26,3.26,3.26,4.99,4.99,5.75,5.75,3.84,3.84,3.84,3.84,3.84,3.84,5.37,6.14,6.14,5.37,3.45,3.45,3.45,3.45
N_9_32,N_10_34,8.188312450926526,4.54,4.54,4.54,4.54,4.54,4.54,5.65,5.65,6.14,6.14,4.91,4.91,4.91,4.91,4.91,4.91,5.9,6.39,6.39,5.9,4.67,4.67,4.67,4.67
N_9_32,N_7_33,14.008427809575446,7.77,7.77,7.77,7.77,7.77,7.77,9.67,9.67,10.51,10.51,8.41,8.41,8.41,8.41,8.41,8.41,10.09,10.93,10.93,10.09,7.98,7.98,7.98,7.98
N_9_33,N_11_33,1.3143407216808913,2.16,2.16,2.16,2.16,2.16,2.16,3.58,3.58,4.21,4.21,2.63,2.63,2.63,2.63,2.63,2.63,3.89,4.52,4.52,3.89,2.31,2.31,2.31,2.31
N_9_33,N_11_34,3.9677523783584463,4.05,4.05,4.05,4.05,4.05,4.05,6.19,6.19,7.14,7.14,4.76,4.76,4.76,4.76,4.76,4.76,6.67,7.62,7.62,6.67,4.29,4.29,4.29,4.29
N_9_33,N_7_33,6.129179172230901,6.25,6.25,6.25,6.25,6.25,6.25,9.56,9.56,11.03,11.03,7.36,7.36,7.36,7.36,7.36,7.36,10.3,11.77,11.77,10.3,6.62,6.62,6.62,6.62
N_9_34,N_10_32,4.338090221383425,4.42,4.42,4.42,4.42,4.42,4.42,6.77,6.77,7.81,7.81,5.21,5.21,5.21,5.21,5.21,5.21,7.29,8.33,8.33,7.29,4.69,4.69,4.69,4.69
N_9_34,N_9_32,3.8331450769824826,3.91,3.91,3.91,3.91,3.91,3.91,5.98,5.98,6.9,6.9,4.6,4.6,4.6,4.6,4.6,4.6,6.44,7.36,7.36,6.44,4.14,4.14,4.14,4.14
N_9_34,N_9_36,2.0589751048169793,3.38,3.38,3.38,3.38,3.38,3.38,5.6,5.6,6.59,6.59,4.12,4.12,4.12,4.12,4.12,4.12,6.09,7.08,7.08,6.09,3.62,3.62,3.62,3.62
N_9_34,N_10_35,11.84528548117959,6.57,6.57,6.57,6.57,6.57,6.57,8.17,8.17,8.88,8.88,7.11,7.11,7.11,7.11,7.11,7.11,8.53,9.24,9.24,8.53,6.75,6.75,6.75,6.75
N_9_34,N_7_33,14.37423475646679,7.98,7.98,7.98,7.98,7.98,7.98,9.92,9.92,10.78,10.78,8.62,8.62,8.62,8.62,8.62,8.62,10.35,11.21,11.21,10.35,8.19,8.19,8.19,8.19
N_9_35,N_10_33,5.852434130713543,5.97,5.97,5.97,5.97,5.97,5.97,9.13,9.13,10.53,10.53,7.02,7.02,7.02,7.02,7.02,7.02,9.83,11.24,11.24,9.83,6.32,6.32,6.32,6.32
N_9_35,N_7_36,6.659387362742596,6.79,6.79,6.79,6.79,6.79,6.79,10.39,10.39,11.99,11.99,7.99,7.99,7.99,7.99,7.99,7.99,11.19,12.79,12.79,11.19,7.19,7.19,7.19,7.19
N_9_35,N_8_37,0.8189073089336509,1.34,1.34,1.34,1.34,1.34,1.34,2.23,2.23,2.62,2.62,1.64,1.64,1.64,1.64,1.64,1.64,2.42,2.82,2.82,2.42,1.44,1.44,1.44,1.44
N_9_35,N_10_35,12.876776013312291,7.15,7.15,7.15,7.15,7.15,7.15,8.88,8.88,9.66,9.66,7.73,7.73,7.73,7.73,7.73,7.73,9.27,10.04,10.04,9.27,7.34,7.34,7.34,7.34
N_9_36,N_7_35,3.207070103238972,3.27,3.27,3.27,3.27,3.27,3.27,5.0,5.0,5.77,5.77,3.85,3.85,3.85,3.85,3.85,3.85,5.39,6.16,6.16,5.39,3.46,3.46,3.46,3.46
N_9_36,N_8_38,3.2063931840590993,3.27,3.27,3.27,3.27,3.27,3.27,5.0,5.0,5.77,5.77,3.85,3.85,3.85,3.85,3.85,3.85,5.39,6.16,6.16,5.39,3.46,3.46,3.46,3.46
N_9_36,N_11_35,4.9216930557796115,5.02,5.02,5.02,5.02,5.02,5.02,7.68,7.68,8.86,8.86,5.91,5.91,5.91,5.91,5.91,5.91,8.27,9.45,9.45,8.27,5.32,5.32,5.32,5.32
N_9_36,N_9_34,5.329188408980004,5.44,5.44,5.44,5.44,5.44,5.44,8.31,8.31,9.59,9.59,6.4,6.4,6.4,6.4,6.4,6.4,8.95,10.23,10.23,8.95,5.76,5.76,5.76,5.76
N_9_37,N_10_38,3.04219109113832,3.1,3.1,3.1,3.1,3.1,3.1,4.75,4.75,5.48,5.48,3.65,3.65,3.65,3.65,3.65,3.65,5.11,5.84,5.84,5.11,3.29,3.29,3.29,3.29
N_9_37,N_11_36,3.4092484118744006,3.48,3.48,3.48,3.48,3.48,3.48,5.32,5.32,6.14,6.14,4.09,4.09,4.09,4.09,4.09,4.09,5.73,6.55,6.55,5.73,3.68,3.68,3.68,3.68
N_9_37,N_9_36,4.280334008432766,4.37,4.37,4.37,4.37,4.37,4.37,6.68,6.68,7.7,7.7,5.14,5.14,5.14,5.14,5.14,5.14,7.19,8.22,8.22,7.19,4.62,4.62,4.62,4.62
N_9_37,N_11_37,4.816566075055287,4.91,4.91,4.91,4.91,4.91,4.91,7.51,7.51,8.67,8.67,5.78,5.78,5.78,5.78,5.78,5.78,8.09,9.25,9.25,8.09,5.2,5.2,5.2,5.2
N_9_38,N_10_37,2.0913136719919088,3.43,3.43,3.43,3.43,3.43,3.43,5.69,5.69,6.69,6.69,4.18,4.18,4.18,4.18,4.18,4.18,6.19,7.19,7.19,6.19,3.68,3.68,3.68,3.68
N_9_38,N_11_37,5.723023001549527,5.84,5.84,5.84,5.84,5.84,5.84,8.93,8.93,10.3,10.3,6.87,6.87,6.87,6.87,6.87,6.87,9.61,10.99,10.99,9.61,6.18,6.18,6.18,6.18
N_9_39,N_10_38,4.7831142060196274,4.88,4.88,4.88,4.88,4.88,4.88,7.46,7.46,8.61,8.61,5.74,5.74,5.74,5.74,5.74,5.74,8.04,9.18,9.18,8.04,5.17,5.17,5.17,5.17
N_9_39,N_7_38,3.817401328822372,3.89,3.89,3.89,3.89,3.89,3.89,5.96,5.96,6.87,6.87,4.58,4.58,4.58,4.58,4.58,4.58,6.41,7.33,7.33,6.41,4.12,4.12,4.12,4.12
N_9_4,N_8_5,6.702052408535927,6.84,6.84,6.84,6.84,6.84,6.84,10.46,10.46,12.06,12.06,8.04,8.04,8.04,8.04,8.04,8.04,11.26,12.87,12.87,11.26,7.24,7.24,7.24,7.24
N_9_4,N_9_3,9.914201890479953,5.5,5.5,5.5,5.5,5.5,5.5,6.84,6.84,7.44,7.44,5.95,5.95,5.95,5.95,5.95,5.95,7.14,7.73,7.73,7.14,5.65,5.65,5.65,5.65
N_9_5,N_10_6,13.465181382009757,7.47,7.47,7.47,7.47,7.47,7.47,9.29,9.29,10.1,10.1,8.08,8.08,8.08,8.08,8.08,8.08,9.69,10.5,10.5,9.69,7.68,7.68,7.68,7.68
N_9_5,N_8_3,14.841205299718256,8.24,8.24,8.24,8.24,8.24,8.24,10.24,10.24,11.13,11.13,8.9,8.9,8.9,8.9,8.9,8.9,10.69,11.58,11.58,10.69,8.46,8.46,8.46,8.46
N_9_5,N_8_7,3.1887661627661656,3.25,3.25,3.25,3.25,3.25,3.25,4.97,4.97,5.74,5.74,3.83,3.83,3.83,3.83,3.83,3.83,5.36,6.12,6.12,5.36,3.44,3.44,3.44,3.44
N_9_5,N_10_4,3.3824231612944686,3.45,3.45,3.45,3.45,3.45,3.45,5.28,5.28,6.09,6.09,4.06,4.06,4.06,4.06,4.06,4.06,5.68,6.49,6.49,5.68,3.65,3.65,3.65,3.65
N_9_6,N_7_5,12.11118587883977,6.72,6.72,6.72,6.72,6.72,6.72,8.36,8.36,9.08,9.08,7.27,7.27,7.27,7.27,7.27,7.27,8.72,9.45,9.45,8.72,6.9,6.9,6.9,6.9
N_9_6,N_8_5,1.303618176707324,2.14,2.14,2.14,2.14,2.14,2.14,3.55,3.55,4.17,4.17,2.61,2.61,2.61,2.61,2.61,2.61,3.86,4.48,4.48,3.86,2.29,2.29,2.29,2.29
N_9_6,N_8_8,0.7334874391050199,1.2,1.2,1.2,1.2,1.2,1.2,2.0,2.0,2.35,2.35,1.47,1.47,1.47,1.47,1.47,1.47,2.17,2.52,2.52,2.17,1.29,1.29,1.29,1.29
N_9_7,N_7_6,6.9849366130607775,7.12,7.12,7.12,7.12,7.12,7.12,10.9,10.9,12.57,12.57,8.38,8.38,8.38,8.38,8.38,8.38,11.73,13.41,13.41,11.73,7.54,7.54,7.54,7.54
N_9_7,N_8_9,1.9063980268749625,3.13,3.13,3.13,3.13,3.13,3.13,5.19,5.19,6.1,6.1,3.81,3.81,3.81,3.81,3.81,3.81,5.64,6.56,6.56,5.64,3.36,3.36,3.36,3.36
N_9_8,N_10_10,6.218752616862933,6.34,6.34,6.34,6.34,6.34,6.34,9.7,9.7,11.19,11.19,7.46,7.46,7.46,7.46,7.46,7.46,10.45,11.94,11.94,10.45,6.72,6.72,6.72,6.72
N_9_8,N_11_9,1.8764078309107473,3.08,3.08,3.08,3.08,3.08,3.08,5.1,5.1,6.0,6.0,3.75,3.75,3.75,3.75,3.75,3.75,5.55,6.45,6.45,5.55,3.3,3.3,3.3,3.3
N_9_9,N_8_9,4.364031803539147,4.45,4.45,4.45,4.45,4.45,4.45,6.81,6.81,7.86,7.86,5.24,5.24,5.24,5.24,5.24,5.24,7.33,8.38,8.38,7.33,4.71,4.71,4.71,4.71
N_9_9,N_9_11,11.666424267924397,6.47,6.47,6.47,6.47,6.47,6.47,8.05,8.05,8.75,8.75,7.0,7.0,7.0,7.0,7.0,7.0,8.4,9.1,9.1,8.4,6.65,6.65,6.65,6.65
