source,destination,distance,time_0,time_1,time_2,time_3,time_4,time_5,time_6,time_7,time_8,time_9,time_10,time_11,time_12,time_13,time_14,time_15,time_16,time_17,time_18,time_19,time_20,time_21,time_22,time_23
N_0_0,N_2_2,3.737001084915839,3.81,3.81,3.81,3.81,3.81,3.81,5.83,5.83,6.73,6.73,4.48,4.48,4.48,4.48,4.48,4.48,6.28,7.18,7.18,6.28,4.04,4.04,4.04,4.04
N_0_0,N_3_0,4.599596749701988,4.69,4.69,4.69,4.69,4.69,4.69,7.18,7.18,8.28,8.28,5.52,5.52,5.52,5.52,5.52,5.52,7.73,8.83,8.83,7.73,4.97,4.97,4.97,4.97
N_0_0,N_2_1,0.5910972624744983,0.97,0.97,0.97,0.97,0.97,0.97,1.61,1.61,1.89,1.89,1.18,1.18,1.18,1.18,1.18,1.18,1.75,2.03,2.03,1.75,1.04,1.04,1.04,1.04
N_0_1,N_2_0,6.613524851689887,6.75,6.75,6.75,6.75,6.75,6.75,10.32,10.32,11.9,11.9,7.94,7.94,7.94,7.94,7.94,7.94,11.11,12.7,12.7,11.11,7.14,7.14,7.14,7.14
N_0_1,N_1_0,4.072857807656003,4.15,4.15,4.15,4.15,4.15,4.15,6.35,6.35,7.33,7.33,4.89,4.89,4.89,4.89,4.89,4.89,6.84,7.82,7.82,6.84,4.4,4.4,4.4,4.4
N_0_1,N_0_4,14.450646022432604,8.02,8.02,8.02,8.02,8.02,8.02,9.97,9.97,10.84,10.84,8.67,8.67,8.67,8.67,8.67,8.67,10.4,11.27,11.27,10.4,8.24,8.24,8.24,8.24
N_0_1,N_2_1,8.3198553034736,4.62,4.62,4.62,4.62,4.62,4.62,5.74,5.74,6.24,6.24,4.99,4.99,4.99,4.99,4.99,4.99,5.99,6.49,6.49,5.99,4.74,4.74,4.74,4.74
N_0_1,N_0_2,5.529241592372532,5.64,5.64,5.64,5.64,5.64,5.64,8.63,8.63,9.95,9.95,6.64,6.64,6.64,6.64,6.64,6.64,9.29,10.62,10.62,9.29,5.97,5.97,5.97,5.97
N_0_10,N_1_11,9.163573130196559,5.09,5.09,5.09,5.09,5.09,5.09,6.32,6.32,6.87,6.87,5.5,5.5,5.5,5.5,5.5,5.5,6.6,7.15,7.15,6.6,5.22,5.22,5.22,5.22
N_0_10,N_2_10,1.3543532823246094,2.22,2.22,2.22,2.22,2.22,2.22,3.68,3.68,4.33,4.33,2.71,2.71,2.71,2.71,2.71,2.71,4.01,4.66,4.66,4.01,2.38,2.38,2.38,2.38
N_0_10,N_2_11,8.698392161342783,4.83,4.83,4.83,4.83,4.83,4.83,6.0,6.0,6.52,6.52,5.22,5.22,5.22,5.22,5.22,5.22,6.26,6.78,6.78,6.26,4.96,4.96,4.96,4.96
N_0_10,N_2_8,5.193824268166635,5.3,5.3,5.3,5.3,5.3,5.3,8.1,8.1,9.35,9.35,6.23,6.23,6.23,6.23,6.23,6.23,8.73,9.97,9.97,8.73,5.61,5.61,5.61,5.61
N_0_11,N_1_13,6.5426638933807455,6.67,6.67,6.67,6.67,6.67,6.67,10.21,10.21,11.78,11.78,7.85,7.85,7.85,7.85,7.85,7.85,10.99,12.56,12.56,10.99,7.07,7.07,7.07,7.07
N_0_11,N_2_13,14.234684133755376,7.9,7.9,7.9,7.9,7.9,7.9,9.82,9.82,10.68,10.68,8.54,8.54,8.54,8.54,8.54,8.54,10.25,11.1,11.1,10.25,8.11,8.11,8.11,8.11
N_0_11,N_2_9,10.437412794905025,5.79,5.79,5.79,5.79,5.79,5.79,7.2,7.2,7.83,7.83,6.26,6.26,6.26,6.26,6.26,6.26,7.51,8.14,8.14,7.51,5.95,5.95,5.95,5.95
N_0_11,N_1_9,6.431789554653204,6.56,6.56,6.56,6.56,6.56,6.56,10.03,10.03,11.58,11.58,7.72,7.72,7.72,7.72,7.72,7.72,10.81,12.35,12.35,10.81,6.95,6.95,6.95,6.95
N_0_11,N_3_11,11.398075269682344,6.33,6.33,6.33,6.33,6.33,6.33,7.86,7.86,8.55,8.55,6.84,6.84,6.84,6.84,6.84,6.84,8.21,8.89,8.89,8.21,6.5,6.5,6.5,6.5
N_0_11,N_0_9,4.728743807012929,4.82,4.82,4.82,4.82,4.82,4.82,7.38,7.38,8.51,8.51,5.67,5.67,5.67,5.67,5.67,5.67,7.94,9.08,9.08,7.94,5.11,5.11,5.11,5.11
N_0_12,N_0_15,12.807211595016376,7.11,7.11,7.11,7.11,7.11,7.11,8.84,8.84,9.61,9.61,7.68,7.68,7.68,7.68,7.68,7.68,9.22,9.99,9.99,9.22,7.3,7.3,7.3,7.3
N_0_12,N_0_9,4.184804422667103,4.27,4.27,4.27,4.27,4.27,4.27,6.53,6.53,7.53,7.53,5.02,5.02,5.02,5.02,5.02,5.02,7.03,8.03,8.03,7.03,4.52,4.52,4.52,4.52
N_0_12,N_1_11,14.863602381339948,8.25,8.25,8.25,8.25,8.25,8.25,10.26,10.26,11.15,11.15,8.92,8.92,8.92,8.92,8.92,8.92,10.7,11.59,11.59,10.7,8.47,8.47,8.47,8.47
N_0_12,N_2_12,11.569901337159763,6.42,6.42,6.42,6.42,6.42,6.42,7.98,7.98,8.68,8.68,6.94,6.94,6.94,6.94,6.94,6.94,8.33,9.02,9.02,8.33,6.59,6.59,6.59,6.59
N_0_12,N_2_10,14.77278585837502,8.2,8.2,8.2,8.2,8.2,8.2,10.19,10.19,11.08,11.08,8.86,8.86,8.86,8.86,8.86,8.86,10.64,11.52,11.52,10.64,8.42,8.42,8.42,8.42
N_0_12,N_0_13,12.088769802509027,6.71,6.71,6.71,6.71,6.71,6.71,8.34,8.34,9.07,9.07,7.25,7.25,7.25,7.25,7.25,7.25,8.7,9.43,9.43,8.7,6.89,6.89,6.89,6.89
N_0_13,N_0_12,12.088769802509027,6.71,6.71,6.71,6.71,6.71,6.71,8.34,8.34,9.07,9.07,7.25,7.25,7.25,7.25,7.25,7.25,8.7,9.43,9.43,8.7,6.89,6.89,6.89,6.89
N_0_13,N_2_14,4.456467305509602,4.55,4.55,4.55,4.55,4.55,4.55,6.95,6.95,8.02,8.02,5.35,5.35,5.35,5.35,5.35,5.35,7.49,8.56,8.56,7.49,4.81,4.81,4.81,4.81
N_0_13,N_2_13,2.367411692969856,3.88,3.88,3.88,3.88,3.88,3.88,6.44,6.44,7.58,7.58,4.73,4.73,4.73,4.73,4.73,4.73,7.01,8.14,8.14,7.01,4.17,4.17,4.17,4.17
N_0_14,N_0_16,5.353730605845199,5.46,5.46,5.46,5.46,5.46,5.46,8.35,8.35,9.64,9.64,6.42,6.42,6.42,6.42,6.42,6.42,8.99,10.28,10.28,8.99,5.78,5.78,5.78,5.78
N_0_14,N_2_15,9.638739885450525,5.35,5.35,5.35,5.35,5.35,5.35,6.65,6.65,7.23,7.23,5.78,5.78,5.78,5.78,5.78,5.78,6.94,7.52,7.52,6.94,5.49,5.49,5.49,5.49
N_0_14,N_2_16,5.904440320462524,6.02,6.02,6.02,6.02,6.02,6.02,9.21,9.21,10.63,10.63,7.09,7.09,7.09,7.09,7.09,7.09,9.92,11.34,11.34,9.92,6.38,6.38,6.38,6.38
N_0_14,N_1_14,3.3270878688970282,3.39,3.39,3.39,3.39,3.39,3.39,5.19,5.19,5.99,5.99,3.99,3.99,3.99,3.99,3.99,3.99,5.59,6.39,6.39,5.59,3.59,3.59,3.59,3.59
N_0_14,N_1_12,4.612597879783603,4.7,4.7,4.7,4.7,4.7,4.7,7.2,7.2,8.3,8.3,5.54,5.54,5.54,5.54,5.54,5.54,7.75,8.86,8.86,7.75,4.98,4.98,4.98,4.98
N_0_14,N_2_14,1.513950381557014,2.48,2.48,2.48,2.48,2.48,2.48,4.12,4.12,4.84,4.84,3.03,3.03,3.03,3.03,3.03,3.03,4.48,5.21,5.21,4.48,2.66,2.66,2.66,2.66
N_0_15,N_0_12,12.807211595016376,7.11,7.11,7.11,7.11,7.11,7.11,8.84,8.84,9.61,9.61,7.68,7.68,7.68,7.68,7.68,7.68,9.22,9.99,9.99,9.22,7.3,7.3,7.3,7.3
N_0_15,N_1_15,1.5116751468781877,2.48,2.48,2.48,2.48,2.48,2.48,4.11,4.11,4.84,4.84,3.02,3.02,3.02,3.02,3.02,3.02,4.47,5.2,5.2,4.47,2.66,2.66,2.66,2.66
N_0_15,N_0_18,1.7620536678068568,2.89,2.89,2.89,2.89,2.89,2.89,4.79,4.79,5.64,5.64,3.52,3.52,3.52,3.52,3.52,3.52,5.22,6.06,6.06,5.22,3.1,3.1,3.1,3.1
N_0_15,N_1_14,5.150632459366742,5.25,5.25,5.25,5.25,5.25,5.25,8.03,8.03,9.27,9.27,6.18,6.18,6.18,6.18,6.18,6.18,8.65,9.89,9.89,8.65,5.56,5.56,5.56,5.56
N_0_15,N_0_16,6.292300187381429,6.42,6.42,6.42,6.42,6.42,6.42,9.82,9.82,11.33,11.33,7.55,7.55,7.55,7.55,7.55,7.55,10.57,12.08,12.08,10.57,6.8,6.8,6.8,6.8
N_0_15,N_1_16,6.792429688565676,6.93,6.93,6.93,6.93,6.93,6.93,10.6,10.6,12.23,12.23,8.15,8.15,8.15,8.15,8.15,8.15,11.41,13.04,13.04,11.41,7.34,7.34,7.34,7.34
N_0_16,N_0_14,5.353730605845199,5.46,5.46,5.46,5.46,5.46,5.46,8.35,8.35,9.64,9.64,6.42,6.42,6.42,6.42,6.42,6.42,8.99,10.28,10.28,8.99,5.78,5.78,5.78,5.78
N_0_16,N_0_15,6.292300187381429,6.42,6.42,6.42,6.42,6.42,6.42,9.82,9.82,11.33,11.33,7.55,7.55,7.55,7.55,7.55,7.55,10.57,12.08,12.08,10.57,6.8,6.8,6.8,6.8
N_0_16,N_2_17,1.385301538351683,2.27,2.27,2.27,2.27,2.27,2.27,3.77,3.77,4.43,4.43,2.77,2.77,2.77,2.77,2.77,2.77,4.1,4.77,4.77,4.1,2.44,2.44,2.44,2.44
N_0_17,N_0_14,11.121601612890718,6.17,6.17,6.17,6.17,6.17,6.17,7.67,7.67,8.34,8.34,6.67,6.67,6.67,6.67,6.67,6.67,8.01,8.67,8.67,8.01,6.34,6.34,6.34,6.34
N_0_17,N_2_17,4.98701016919401,5.09,5.09,5.09,5.09,5.09,5.09,7.78,7.78,8.98,8.98,5.98,5.98,5.98,5.98,5.98,5.98,8.38,9.58,9.58,8.38,5.39,5.39,5.39,5.39
N_0_17,N_1_17,11.90925766001227,6.61,6.61,6.61,6.61,6.61,6.61,8.22,8.22,8.93,8.93,7.15,7.15,7.15,7.15,7.15,7.15,8.57,9.29,9.29,8.57,6.79,6.79,6.79,6.79
N_0_17,N_2_18,4.657170546227146,4.75,4.75,4.75,4.75,4.75,4.75,7.27,7.27,8.38,8.38,5.59,5.59,5.59,5.59,5.59,5.59,7.82,8.94,8.94,7.82,5.03,5.03,5.03,5.03
N_0_17,N_0_18,8.581500195984072,4.76,4.76,4.76,4.76,4.76,4.76,5.92,5.92,6.44,6.44,5.15,5.15,5.15,5.15,5.15,5.15,6.18,6.69,6.69,6.18,4.89,4.89,4.89,4.89
N_0_17,N_3_17,4.374905387350576,4.46,4.46,4.46,4.46,4.46,4.46,6.82,6.82,7.87,7.87,5.25,5.25,5.25,5.25,5.25,5.25,7.35,8.4,8.4,7.35,4.72,4.72,4.72,4.72
N_0_18,N_0_15,1.7620536678068568,2.89,2.89,2.89,2.89,2.89,2.89,4.79,4.79,5.64,5.64,3.52,3.52,3.52,3.52,3.52,3.52,5.22,6.06,6.06,5.22,3.1,3.1,3.1,3.1
N_0_18,N_0_17,8.581500195984072,4.76,4.76,4.76,4.76,4.76,4.76,5.92,5.92,6.44,6.44,5.15,5.15,5.15,5.15,5.15,5.15,6.18,6.69,6.69,6.18,4.89,4.89,4.89,4.89
N_0_18,N_2_20,3.2425271539109697,3.31,3.31,3.31,3.31,3.31,3.31,5.06,5.06,5.84,5.84,3.89,3.89,3.89,3.89,3.89,3.89,5.45,6.23,6.23,5.45,3.5,3.5,3.5,3.5
N_0_18,N_1_20,9.971296509743393,5.53,5.53,5.53,5.53,5.53,5.53,6.88,6.88,7.48,7.48,5.98,5.98,5.98,5.98,5.98,5.98,7.18,7.78,7.78,7.18,5.68,5.68,5.68,5.68
N_0_18,N_2_16,3.0887017562419543,3.15,3.15,3.15,3.15,3.15,3.15,4.82,4.82,5.56,5.56,3.71,3.71,3.71,3.71,3.71,3.71,5.19,5.93,5.93,5.19,3.34,3.34,3.34,3.34
N_0_19,N_1_18,13.957109458419932,7.75,7.75,7.75,7.75,7.75,7.75,9.63,9.63,10.47,10.47,8.37,8.37,8.37,8.37,8.37,8.37,10.05,10.89,10.89,10.05,7.96,7.96,7.96,7.96
N_0_19,N_0_21,13.640030620633034,7.57,7.57,7.57,7.57,7.57,7.57,9.41,9.41,10.23,10.23,8.18,8.18,8.18,8.18,8.18,8.18,9.82,10.64,10.64,9.82,7.77,7.77,7.77,7.77
N_0_19,N_2_21,6.834543067220414,6.97,6.97,6.97,6.97,6.97,6.97,10.66,10.66,12.3,12.3,8.2,8.2,8.2,8.2,8.2,8.2,11.48,13.12,13.12,11.48,7.38,7.38,7.38,7.38
N_0_19,N_1_21,5.384360234696458,5.49,5.49,5.49,5.49,5.49,5.49,8.4,8.4,9.69,9.69,6.46,6.46,6.46,6.46,6.46,6.46,9.05,10.34,10.34,9.05,5.82,5.82,5.82,5.82
N_0_19,N_0_20,3.59287690682925,3.66,3.66,3.66,3.66,3.66,3.66,5.6,5.6,6.47,6.47,4.31,4.31,4.31,4.31,4.31,4.31,6.04,6.9,6.9,6.04,3.88,3.88,3.88,3.88
N_0_19,N_0_16,1.2363880800920637,2.03,2.03,2.03,2.03,2.03,2.03,3.36,3.36,3.96,3.96,2.47,2.47,2.47,2.47,2.47,2.47,3.66,4.25,4.25,3.66,2.18,2.18,2.18,2.18
N_0_2,N_3_2,14.370929382975753,7.98,7.98,7.98,7.98,7.98,7.98,9.92,9.92,10.78,10.78,8.62,8.62,8.62,8.62,8.62,8.62,10.35,11.21,11.21,10.35,8.19,8.19,8.19,8.19
N_0_2,N_2_0,1.3549813444361989,2.22,2.22,2.22,2.22,2.22,2.22,3.69,3.69,4.34,4.34,2.71,2.71,2.71,2.71,2.71,2.71,4.01,4.66,4.66,4.01,2.38,2.38,2.38,2.38
N_0_2,N_1_1,4.464289115094088,4.55,4.55,4.55,4.55,4.55,4.55,6.96,6.96,8.04,8.04,5.36,5.36,5.36,5.36,5.36,5.36,7.5,8.57,8.57,7.5,4.82,4.82,4.82,4.82
N_0_2,N_2_2,4.356000138438139,4.44,4.44,4.44,4.44,4.44,4.44,6.8,6.8,7.84,7.84,5.23,5.23,5.23,5.23,5.23,5.23,7.32,8.36,8.36,7.32,4.7,4.7,4.7,4.7
N_0_2,N_1_0,3.5987796535563894,3.67,3.67,3.67,3.67,3.67,3.67,5.61,5.61,6.48,6.48,4.32,4.32,4.32,4.32,4.32,4.32,6.05,6.91,6.91,6.05,3.89,3.89,3.89,3.89
N_0_2,N_2_1,4.087315226472504,4.17,4.17,4.17,4.17,4.17,4.17,6.38,6.38,7.36,7.36,4.9,4.9,4.9,4.9,4.9,4.9,6.87,7.85,7.85,6.87,4.41,4.41,4.41,4.41
N_0_20,N_0_19,3.59287690682925,3.66,3.66,3.66,3.66,3.66,3.66,5.6,5.6,6.47,6.47,4.31,4.31,4.31,4.31,4.31,4.31,6.04,6.9,6.9,6.04,3.88,3.88,3.88,3.88
N_0_20,N_1_19,4.50933292601092,4.6,4.6,4.6,4.6,4.6,4.6,7.03,7.03,8.12,8.12,5.41,5.41,5.41,5.41,5.41,5.41,7.58,8.66,8.66,7.58,4.87,4.87,4.87,4.87
N_0_20,N_1_18,5.841739659463597,5.96,5.96,5.96,5.96,5.96,5.96,9.11,9.11,10.52,10.52,7.01,7.01,7.01,7.01,7.01,7.01,9.81,11.22,11.22,9.81,6.31,6.31,6.31,6.31
N_0_20,N_2_18,4.806561200343868,4.9,4.9,4.9,4.9,4.9,4.9,7.5,7.5,8.65,8.65,5.77,5.77,5.77,5.77,5.77,5.77,8.08,9.23,9.23,8.08,5.19,5.19,5.19,5.19
N_0_21,N_0_19,13.640030620633034,7.57,7.57,7.57,7.57,7.57,7.57,9.41,9.41,10.23,10.23,8.18,8.18,8.18,8.18,8.18,8.18,9.82,10.64,10.64,9.82,7.77,7.77,7.77,7.77
N_0_21,N_1_23,4.330703167053075,4.42,4.42,4.42,4.42,4.42,4.42,6.76,6.76,7.8,7.8,5.2,5.2,5.2,5.2,5.2,5.2,7.28,8.31,8.31,7.28,4.68,4.68,4.68,4.68
N_0_21,N_3_21,11.159379605332841,6.19,6.19,6.19,6.19,6.19,6.19,7.7,7.7,8.37,8.37,6.7,6.7,6.7,6.7,6.7,6.7,8.03,8.7,8.7,8.03,6.36,6.36,6.36,6.36
N_0_22,N_1_21,5.084468056533232,5.19,5.19,5.19,5.19,5.19,5.19,7.93,7.93,9.15,9.15,6.1,6.1,6.1,6.1,6.1,6.1,8.54,9.76,9.76,8.54,5.49,5.49,5.49,5.49
N_0_22,N_0_20,5.364373174797158,5.47,5.47,5.47,5.47,5.47,5.47,8.37,8.37,9.66,9.66,6.44,6.44,6.44,6.44,6.44,6.44,9.01,10.3,10.3,9.01,5.79,5.79,5.79,5.79
N_0_22,N_0_25,14.519081545011643,8.06,8.06,8.06,8.06,8.06,8.06,10.02,10.02,10.89,10.89,8.71,8.71,8.71,8.71,8.71,8.71,10.45,11.32,11.32,10.45,8.28,8.28,8.28,8.28
N_0_23,N_3_23,5.5564428970386786,5.67,5.67,5.67,5.67,5.67,5.67,8.67,8.67,10.0,10.0,6.67,6.67,6.67,6.67,6.67,6.67,9.33,10.67,10.67,9.33,6.0,6.0,6.0,6.0
N_0_23,N_2_23,9.639758854048528,5.35,5.35,5.35,5.35,5.35,5.35,6.65,6.65,7.23,7.23,5.78,5.78,5.78,5.78,5.78,5.78,6.94,7.52,7.52,6.94,5.49,5.49,5.49,5.49
N_0_23,N_0_21,8.100669060489137,4.5,4.5,4.5,4.5,4.5,4.5,5.59,5.59,6.08,6.08,4.86,4.86,4.86,4.86,4.86,4.86,5.83,6.32,6.32,5.83,4.62,4.62,4.62,4.62
N_0_24,N_0_21,6.946129555587268,7.09,7.09,7.09,7.09,7.09,7.09,10.84,10.84,12.5,12.5,8.34,8.34,8.34,8.34,8.34,8.34,11.67,13.34,13.34,11.67,7.5,7.5,7.5,7.5
N_0_24,N_3_24,13.814575434142682,7.67,7.67,7.67,7.67,7.67,7.67,9.53,9.53,10.36,10.36,8.29,8.29,8.29,8.29,8.29,8.29,9.95,10.78,10.78,9.95,7.87,7.87,7.87,7.87
N_0_24,N_0_25,2.1602067024548584,3.54,3.54,3.54,3.54,3.54,3.54,5.88,5.88,6.91,6.91,4.32,4.32,4.32,4.32,4.32,4.32,6.39,7.43,7.43,6.39,3.8,3.8,3.8,3.8
N_0_24,N_0_22,14.786235170995333,8.21,8.21,8.21,8.21,8.21,8.21,10.2,10.2,11.09,11.09,8.87,8.87,8.87,8.87,8.87,8.87,10.65,11.53,11.53,10.65,8.43,8.43,8.43,8.43
N_0_24,N_0_26,5.142492459508486,5.25,5.25,5.25,5.25,5.25,5.25,8.02,8.02,9.26,9.26,6.17,6.17,6.17,6.17,6.17,6.17,8.64,9.87,9.87,8.64,5.55,5.55,5.55,5.55
N_0_24,N_1_25,4.936644497885493,5.04,5.04,5.04,5.04,5.04,5.04,7.7,7.7,8.89,8.89,5.92,5.92,5.92,5.92,5.92,5.92,8.29,9.48,9.48,8.29,5.33,5.33,5.33,5.33
N_0_25,N_0_24,2.1602067024548584,3.54,3.54,3.54,3.54,3.54,3.54,5.88,5.88,6.91,6.91,4.32,4.32,4.32,4.32,4.32,4.32,6.39,7.43,7.43,6.39,3.8,3.8,3.8,3.8
N_0_25,N_2_26,4.513805267259167,4.6,4.6,4.6,4.6,4.6,4.6,7.04,7.04,8.12,8.12,5.42,5.42,5.42,5.42,5.42,5.42,7.58,8.67,8.67,7.58,4.87,4.87,4.87,4.87
N_0_25,N_0_28,1.0314157664743508,1.69,1.69,1.69,1.69,1.69,1.69,2.81,2.81,3.3,3.3,2.06,2.06,2.06,2.06,2.06,2.06,3.05,3.55,3.55,3.05,1.82,1.82,1.82,1.82
N_0_25,N_2_25,2.2312369520432216,3.66,3.66,3.66,3.66,3.66,3.66,6.07,6.07,7.14,7.14,4.46,4.46,4.46,4.46,4.46,4.46,6.6,7.68,7.68,6.6,3.93,3.93,3.93,3.93
N_0_26,N_2_24,1.3922791075654835,2.28,2.28,2.28,2.28,2.28,2.28,3.79,3.79,4.46,4.46,2.78,2.78,2.78,2.78,2.78,2.78,4.12,4.79,4.79,4.12,2.45,2.45,2.45,2.45
N_0_26,N_0_23,5.3678931929911675,5.48,5.48,5.48,5.48,5.48,5.48,8.37,8.37,9.66,9.66,6.44,6.44,6.44,6.44,6.44,6.44,9.02,10.31,10.31,9.02,5.8,5.8,5.8,5.8
N_0_26,N_2_25,5.592402208059757,5.7,5.7,5.7,5.7,5.7,5.7,8.72,8.72,10.07,10.07,6.71,6.71,6.71,6.71,6.71,6.71,9.4,10.74,10.74,9.4,6.04,6.04,6.04,6.04
N_0_26,N_3_26,13.385815956704883,7.43,7.43,7.43,7.43,7.43,7.43,9.24,9.24,10.04,10.04,8.03,8.03,8.03,8.03,8.03,8.03,9.64,10.44,10.44,9.64,7.63,7.63,7.63,7.63
N_0_26,N_0_24,2.144894280179719,3.52,3.52,3.52,3.52,3.52,3.52,5.83,5.83,6.86,6.86,4.29,4.29,4.29,4.29,4.29,4.29,6.35,7.38,7.38,6.35,3.78,3.78,3.78,3.78
N_0_26,N_2_28,5.184925533649528,5.29,5.29,5.29,5.29,5.29,5.29,8.09,8.09,9.33,9.33,6.22,6.22,6.22,6.22,6.22,6.22,8.71,9.96,9.96,8.71,5.6,5.6,5.6,5.6
N_0_26,N_1_27,5.26418152486611,5.37,5.37,5.37,5.37,5.37,5.37,8.21,8.21,9.48,9.48,6.32,6.32,6.32,6.32,6.32,6.32,8.84,10.11,10.11,8.84,5.69,5.69,5.69,5.69
N_0_27,N_2_29,11.539710591726974,6.4,6.4,6.4,6.4,6.4,6.4,7.96,7.96,8.65,8.65,6.92,6.92,6.92,6.92,6.92,6.92,8.31,9.0,9.0,8.31,6.58,6.58,6.58,6.58
N_0_27,N_2_28,4.903081392916572,5.0,5.0,5.0,5.0,5.0,5.0,7.65,7.65,8.83,8.83,5.88,5.88,5.88,5.88,5.88,5.88,8.24,9.41,9.41,8.24,5.3,5.3,5.3,5.3
N_0_27,N_2_25,4.792680545137899,4.89,4.89,4.89,4.89,4.89,4.89,7.48,7.48,8.63,8.63,5.75,5.75,5.75,5.75,5.75,5.75,8.05,9.2,9.2,8.05,5.18,5.18,5.18,5.18
N_0_27,N_2_26,9.242333672902735,5.13,5.13,5.13,5.13,5.13,5.13,6.38,6.38,6.93,6.93,5.55,5.55,5.55,5.55,5.55,5.55,6.65,7.21,7.21,6.65,5.27,5.27,5.27,5.27
N_0_27,N_0_26,4.538436712377004,4.63,4.63,4.63,4.63,4.63,4.63,7.08,7.08,8.17,8.17,5.45,5.45,5.45,5.45,5.45,5.45,7.62,8.71,8.71,7.62,4.9,4.9,4.9,4.9
N_0_27,N_1_27,1.8596235737278943,3.05,3.05,3.05,3.05,3.05,3.05,5.06,5.06,5.95,5.95,3.72,3.72,3.72,3.72,3.72,3.72,5.5,6.4,6.4,5.5,3.27,3.27,3.27,3.27
N_0_27,N_0_30,3.6646594255111156,3.74,3.74,3.74,3.74,3.74,3.74,5.72,5.72,6.6,6.6,4.4,4.4,4.4,4.4,4.4,4.4,6.16,7.04,7.04,6.16,3.96,3.96,3.96,3.96
N_0_28,N_0_25,1.0314157664743508,1.69,1.69,1.69,1.69,1.69,1.69,2.81,2.81,3.3,3.3,2.06,2.06,2.06,2.06,2.06,2.06,3.05,3.55,3.55,3.05,1.82,1.82,1.82,1.82
N_0_28,N_1_28,13.878275857814966,7.7,7.7,7.7,7.7,7.7,7.7,9.58,9.58,10.41,10.41,8.33,8.33,8.33,8.33,8.33,8.33,9.99,10.83,10.83,9.99,7.91,7.91,7.91,7.91
N_0_28,N_3_28,8.541559575232418,4.74,4.74,4.74,4.74,4.74,4.74,5.89,5.89,6.41,6.41,5.12,5.12,5.12,5.12,5.12,5.12,6.15,6.66,6.66,6.15,4.87,4.87,4.87,4.87
N_0_28,N_0_26,4.382224727486461,4.47,4.47,4.47,4.47,4.47,4.47,6.84,6.84,7.89,7.89,5.26,5.26,5.26,5.26,5.26,5.26,7.36,8.41,8.41,7.36,4.73,4.73,4.73,4.73
N_0_28,N_1_30,12.016756756103362,6.67,6.67,6.67,6.67,6.67,6.67,8.29,8.29,9.01,9.01,7.21,7.21,7.21,7.21,7.21,7.21,8.65,9.37,9.37,8.65,6.85,6.85,6.85,6.85
N_0_28,N_0_31,6.602674137167021,6.73,6.73,6.73,6.73,6.73,6.73,10.3,10.3,11.88,11.88,7.92,7.92,7.92,7.92,7.92,7.92,11.09,12.68,12.68,11.09,7.13,7.13,7.13,7.13
N_0_29,N_1_31,11.547018267843406,6.41,6.41,6.41,6.41,6.41,6.41,7.97,7.97,8.66,8.66,6.93,6.93,6.93,6.93,6.93,6.93,8.31,9.01,9.01,8.31,6.58,6.58,6.58,6.58
N_0_29,N_0_28,5.718220047957409,5.83,5.83,5.83,5.83,5.83,5.83,8.92,8.92,10.29,10.29,6.86,6.86,6.86,6.86,6.86,6.86,9.61,10.98,10.98,9.61,6.18,6.18,6.18,6.18
N_0_29,N_1_28,4.6618670851584145,4.76,4.76,4.76,4.76,4.76,4.76,7.27,7.27,8.39,8.39,5.59,5.59,5.59,5.59,5.59,5.59,7.83,8.95,8.95,7.83,5.03,5.03,5.03,5.03
N_0_29,N_1_27,4.271348583612026,4.36,4.36,4.36,4.36,4.36,4.36,6.66,6.66,7.69,7.69,5.13,5.13,5.13,5.13,5.13,5.13,7.18,8.2,8.2,7.18,4.61,4.61,4.61,4.61
N_0_3,N_1_2,4.274719474242522,4.36,4.36,4.36,4.36,4.36,4.36,6.67,6.67,7.69,7.69,5.13,5.13,5.13,5.13,5.13,5.13,7.18,8.21,8.21,7.18,4.62,4.62,4.62,4.62
N_0_3,N_1_4,9.485448304048283,5.26,5.26,5.26,5.26,5.26,5.26,6.54,6.54,7.11,7.11,5.69,5.69,5.69,5.69,5.69,5.69,6.83,7.4,7.4,6.83,5.41,5.41,5.41,5.41
N_0_3,N_3_3,4.260111375062966,4.35,4.35,4.35,4.35,4.35,4.35,6.65,6.65,7.67,7.67,5.11,5.11,5.11,5.11,5.11,5.11,7.16,8.18,8.18,7.16,4.6,4.6,4.6,4.6
N_0_3,N_2_2,5.849366147799018,5.97,5.97,5.97,5.97,5.97,5.97,9.13,9.13,10.53,10.53,7.02,7.02,7.02,7.02,7.02,7.02,9.83,11.23,11.23,9.83,6.32,6.32,6.32,6.32
N_0_3,N_0_6,10.001123729852736,5.55,5.55,5.55,5.55,5.55,5.55,6.9,6.9,7.5,7.5,6.0,6.0,6.0,6.0,6.0,6.0,7.2,7.8,7.8,7.2,5.7,5.7,5.7,5.7
N_0_3,N_2_4,5.845304802334909,5.96,5.96,5.96,5.96,5.96,5.96,9.12,9.12,10.52,10.52,7.01,7.01,7.01,7.01,7.01,7.01,9.82,11.22,11.22,9.82,6.31,6.31,6.31,6.31
N_0_30,N_0_27,3.6646594255111156,3.74,3.74,3.74,3.74,3.74,3.74,5.72,5.72,6.6,6.6,4.4,4.4,4.4,4.4,4.4,4.4,6.16,7.04,7.04,6.16,3.96,3.96,3.96,3.96
N_0_30,N_3_30,3.370835378250675,3.44,3.44,3.44,3.44,3.44,3.44,5.26,5.26,6.07,6.07,4.05,4.05,4.05,4.05,4.05,4.05,5.66,6.47,6.47,5.66,3.64,3.64,3.64,3.64
N_0_30,N_1_31,3.2912595095691075,3.36,3.36,3.36,3.36,3.36,3.36,5.13,5.13,5.92,5.92,3.95,3.95,3.95,3.95,3.95,3.95,5.53,6.32,6.32,5.53,3.55,3.55,3.55,3.55
N_0_30,N_1_30,10.899082166442085,6.05,6.05,6.05,6.05,6.05,6.05,7.52,7.52,8.17,8.17,6.54,6.54,6.54,6.54,6.54,6.54,7.85,8.5,8.5,7.85,6.21,6.21,6.21,6.21
N_0_30,N_2_30,5.512101657805273,5.62,5.62,5.62,5.62,5.62,5.62,8.6,8.6,9.92,9.92,6.61,6.61,6.61,6.61,6.61,6.61,9.26,10.58,10.58,9.26,5.95,5.95,5.95,5.95
N_0_30,N_0_28,13.508469100427456,7.5,7.5,7.5,7.5,7.5,7.5,9.32,9.32,10.13,10.13,8.11,8.11,8.11,8.11,8.11,8.11,9.73,10.54,10.54,9.73,7.7,7.7,7.7,7.7
N_0_31,N_0_28,6.602674137167021,6.73,6.73,6.73,6.73,6.73,6.73,10.3,10.3,11.88,11.88,7.92,7.92,7.92,7.92,7.92,7.92,11.09,12.68,12.68,11.09,7.13,7.13,7.13,7.13
N_0_31,N_0_29,3.9996098417653894,4.08,4.08,4.08,4.08,4.08,4.08,6.24,6.24,7.2,7.2,4.8,4.8,4.8,4.8,4.8,4.8,6.72,7.68,7.68,6.72,4.32,4.32,4.32,4.32
N_0_31,N_2_31,3.060261646228633,3.12,3.12,3.12,3.12,3.12,3.12,4.77,4.77,5.51,5.51,3.67,3.67,3.67,3.67,3.67,3.67,5.14,5.88,5.88,5.14,3.31,3.31,3.31,3.31
N_0_31,N_1_31,12.428823557264666,6.9,6.9,6.9,6.9,6.9,6.9,8.58,8.58,9.32,9.32,7.46,7.46,7.46,7.46,7.46,7.46,8.95,9.69,9.69,8.95,7.08,7.08,7.08,7.08
N_0_32,N_1_34,13.067047969821193,7.25,7.25,7.25,7.25,7.25,7.25,9.02,9.02,9.8,9.8,7.84,7.84,7.84,7.84,7.84,7.84,9.41,10.19,10.19,9.41,7.45,7.45,7.45,7.45
N_0_32,N_2_33,6.722004552168567,6.86,6.86,6.86,6.86,6.86,6.86,10.49,10.49,12.1,12.1,8.07,8.07,8.07,8.07,8.07,8.07,11.29,12.91,12.91,11.29,7.26,7.26,7.26,7.26
N_0_32,N_0_30,3.7993855330372237,3.88,3.88,3.88,3.88,3.88,3.88,5.93,5.93,6.84,6.84,4.56,4.56,4.56,4.56,4.56,4.56,6.38,7.29,7.29,6.38,4.1,4.1,4.1,4.1
N_0_32,N_2_34,2.4220777834513907,3.97,3.97,3.97,3.97,3.97,3.97,6.59,6.59,7.75,7.75,4.84,4.84,4.84,4.84,4.84,4.84,7.17,8.33,8.33,7.17,4.26,4.26,4.26,4.26
N_0_32,N_2_30,1.719875641961841,2.82,2.82,2.82,2.82,2.82,2.82,4.68,4.68,5.5,5.5,3.44,3.44,3.44,3.44,3.44,3.44,5.09,5.92,5.92,5.09,3.03,3.03,3.03,3.03
N_0_32,N_0_34,5.550296553991096,5.66,5.66,5.66,5.66,5.66,5.66,8.66,8.66,9.99,9.99,6.66,6.66,6.66,6.66,6.66,6.66,9.32,10.66,10.66,9.32,5.99,5.99,5.99,5.99
N_0_33,N_0_34,0.7854307743938407,1.29,1.29,1.29,1.29,1.29,1.29,2.14,2.14,2.51,2.51,1.57,1.57,1.57,1.57,1.57,1.57,2.32,2.7,2.7,2.32,1.38,1.38,1.38,1.38
N_0_33,N_2_31,3.6646729264582243,3.74,3.74,3.74,3.74,3.74,3.74,5.72,5.72,6.6,6.6,4.4,4.4,4.4,4.4,4.4,4.4,6.16,7.04,7.04,6.16,3.96,3.96,3.96,3.96
N_0_33,N_2_32,13.037010088390447,7.24,7.24,7.24,7.24,7.24,7.24,9.0,9.0,9.78,9.78,7.82,7.82,7.82,7.82,7.82,7.82,9.39,10.17,10.17,9.39,7.43,7.43,7.43,7.43
N_0_34,N_0_32,5.550296553991096,5.66,5.66,5.66,5.66,5.66,5.66,8.66,8.66,9.99,9.99,6.66,6.66,6.66,6.66,6.66,6.66,9.32,10.66,10.66,9.32,5.99,5.99,5.99,5.99
N_0_34,N_1_34,1.5186368886501849,2.49,2.49,2.49,2.49,2.49,2.49,4.13,4.13,4.86,4.86,3.04,3.04,3.04,3.04,3.04,3.04,4.5,5.22,5.22,4.5,2.67,2.67,2.67,2.67
N_0_34,N_0_37,10.495688954759238,5.83,5.83,5.83,5.83,5.83,5.83,7.24,7.24,7.87,7.87,6.3,6.3,6.3,6.3,6.3,6.3,7.56,8.19,8.19,7.56,5.98,5.98,5.98,5.98
N_0_35,N_2_34,8.478430262156655,4.71,4.71,4.71,4.71,4.71,4.71,5.85,5.85,6.36,6.36,5.09,5.09,5.09,5.09,5.09,5.09,6.1,6.61,6.61,6.1,4.83,4.83,4.83,4.83
N_0_35,N_1_37,3.2015076741805872,3.27,3.27,3.27,3.27,3.27,3.27,4.99,4.99,5.76,5.76,3.84,3.84,3.84,3.84,3.84,3.84,5.38,6.15,6.15,5.38,3.46,3.46,3.46,3.46
N_0_35,N_1_34,5.912930943584222,6.03,6.03,6.03,6.03,6.03,6.03,9.22,9.22,10.64,10.64,7.1,7.1,7.1,7.1,7.1,7.1,9.93,11.35,11.35,9.93,6.39,6.39,6.39,6.39
N_0_36,N_2_38,3.658065683455041,3.73,3.73,3.73,3.73,3.73,3.73,5.71,5.71,6.58,6.58,4.39,4.39,4.39,4.39,4.39,4.39,6.15,7.02,7.02,6.15,3.95,3.95,3.95,3.95
N_0_36,N_2_34,11.293173957374057,6.27,6.27,6.27,6.27,6.27,6.27,7.79,7.79,8.47,8.47,6.78,6.78,6.78,6.78,6.78,6.78,8.13,8.81,8.81,8.13,6.44,6.44,6.44,6.44
N_0_36,N_1_37,13.405873499272163,7.44,7.44,7.44,7.44,7.44,7.44,9.25,9.25,10.05,10.05,8.04,8.04,8.04,8.04,8.04,8.04,9.65,10.46,10.46,9.65,7.64,7.64,7.64,7.64
N_0_36,N_0_35,2.4034975038489526,3.94,3.94,3.94,3.94,3.94,3.94,6.54,6.54,7.69,7.69,4.81,4.81,4.81,4.81,4.81,4.81,7.11,8.27,8.27,7.11,4.23,4.23,4.23,4.23
N_0_37,N_0_34,10.495688954759238,5.83,5.83,5.83,5.83,5.83,5.83,7.24,7.24,7.87,7.87,6.3,6.3,6.3,6.3,6.3,6.3,7.56,8.19,8.19,7.56,5.98,5.98,5.98,5.98
N_0_37,N_1_38,1.0632917792317078,1.74,1.74,1.74,1.74,1.74,1.74,2.89,2.89,3.4,3.4,2.13,2.13,2.13,2.13,2.13,2.13,3.15,3.66,3.66,3.15,1.87,1.87,1.87,1.87
N_0_37,N_1_37,13.508915077844033,7.5,7.5,7.5,7.5,7.5,7.5,9.32,9.32,10.13,10.13,8.11,8.11,8.11,8.11,8.11,8.11,9.73,10.54,10.54,9.73,7.7,7.7,7.7,7.7
N_0_38,N_0_37,9.081055630206654,5.04,5.04,5.04,5.04,5.04,5.04,6.27,6.27,6.81,6.81,5.45,5.45,5.45,5.45,5.45,5.45,6.54,7.08,7.08,6.54,5.18,5.18,5.18,5.18
N_0_38,N_0_39,4.120059581167006,4.2,4.2,4.2,4.2,4.2,4.2,6.43,6.43,7.42,7.42,4.94,4.94,4.94,4.94,4.94,4.94,6.92,7.91,7.91,6.92,4.45,4.45,4.45,4.45
N_0_38,N_2_38,4.974737928239966,5.07,5.07,5.07,5.07,5.07,5.07,7.76,7.76,8.95,8.95,5.97,5.97,5.97,5.97,5.97,5.97,8.36,9.55,9.55,8.36,5.37,5.37,5.37,5.37
N_0_38,N_1_37,5.017663084417524,5.12,5.12,5.12,5.12,5.12,5.12,7.83,7.83,9.03,9.03,6.02,6.02,6.02,6.02,6.02,6.02,8.43,9.63,9.63,8.43,5.42,5.42,5.42,5.42
N_0_38,N_2_37,0.9044864217369093,1.48,1.48,1.48,1.48,1.48,1.48,2.46,2.46,2.89,2.89,1.81,1.81,1.81,1.81,1.81,1.81,2.68,3.11,3.11,2.68,1.59,1.59,1.59,1.59
N_0_38,N_1_39,3.91984702161873,4.0,4.0,4.0,4.0,4.0,4.0,6.11,6.11,7.06,7.06,4.7,4.7,4.7,4.7,4.7,4.7,6.59,7.53,7.53,6.59,4.23,4.23,4.23,4.23
N_0_38,N_0_36,4.762968184669815,4.86,4.86,4.86,4.86,4.86,4.86,7.43,7.43,8.57,8.57,5.72,5.72,5.72,5.72,5.72,5.72,8.0,9.14,9.14,8.0,5.14,5.14,5.14,5.14
N_0_38,N_3_38,6.15135440706253,6.27,6.27,6.27,6.27,6.27,6.27,9.6,9.6,11.07,11.07,7.38,7.38,7.38,7.38,7.38,7.38,10.33,11.81,11.81,10.33,6.64,6.64,6.64,6.64
N_0_39,N_2_37,5.590179461865443,5.7,5.7,5.7,5.7,5.7,5.7,8.72,8.72,10.06,10.06,6.71,6.71,6.71,6.71,6.71,6.71,9.39,10.73,10.73,9.39,6.04,6.04,6.04,6.04
N_0_39,N_1_37,5.321830912815485,5.43,5.43,5.43,5.43,5.43,5.43,8.3,8.3,9.58,9.58,6.39,6.39,6.39,6.39,6.39,6.39,8.94,10.22,10.22,8.94,5.75,5.75,5.75,5.75
N_0_39,N_1_39,4.492263855667927,4.58,4.58,4.58,4.58,4.58,4.58,7.01,7.01,8.09,8.09,5.39,5.39,5.39,5.39,5.39,5.39,7.55,8.63,8.63,7.55,4.85,4.85,4.85,4.85
N_0_39,N_0_37,5.215936796389984,5.32,5.32,5.32,5.32,5.32,5.32,8.14,8.14,9.39,9.39,6.26,6.26,6.26,6.26,6.26,6.26,8.76,10.01,10.01,8.76,5.63,5.63,5.63,5.63
N_0_39,N_0_38,6.431871658569646,6.56,6.56,6.56,6.56,6.56,6.56,10.03,10.03,11.58,11.58,7.72,7.72,7.72,7.72,7.72,7.72,10.81,12.35,12.35,10.81,6.95,6.95,6.95,6.95
N_0_4,N_0_1,14.450646022432604,8.02,8.02,8.02,8.02,8.02,8.02,9.97,9.97,10.84,10.84,8.67,8.67,8.67,8.67,8.67,8.67,10.4,11.27,11.27,10.4,8.24,8.24,8.24,8.24
N_0_4,N_2_6,6.106655501869459,6.23,6.23,6.23,6.23,6.23,6.23,9.53,9.53,10.99,10.99,7.33,7.33,7.33,7.33,7.33,7.33,10.26,11.72,11.72,10.26,6.6,6.6,6.6,6.6
N_0_4,N_2_4,0.9340503315274429,1.53,1.53,1.53,1.53,1.53,1.53,2.54,2.54,2.99,2.99,1.87,1.87,1.87,1.87,1.87,1.87,2.76,3.21,3.21,2.76,1.64,1.64,1.64,1.64
N_0_4,N_2_5,2.387967200572087,3.92,3.92,3.92,3.92,3.92,3.92,6.5,6.5,7.64,7.64,4.78,4.78,4.78,4.78,4.78,4.78,7.07,8.21,8.21,7.07,4.2,4.2,4.2,4.2
N_0_4,N_0_2,6.746218010803471,6.88,6.88,6.88,6.88,6.88,6.88,10.52,10.52,12.14,12.14,8.1,8.1,8.1,8.1,8.1,8.1,11.33,12.95,12.95,11.33,7.29,7.29,7.29,7.29
N_0_5,N_1_3,3.2797840446350635,3.35,3.35,3.35,3.35,3.35,3.35,5.12,5.12,5.9,5.9,3.94,3.94,3.94,3.94,3.94,3.94,5.51,6.3,6.3,5.51,3.54,3.54,3.54,3.54
N_0_5,N_2_4,13.878640457309778,7.7,7.7,7.7,7.7,7.7,7.7,9.58,9.58,10.41,10.41,8.33,8.33,8.33,8.33,8.33,8.33,9.99,10.83,10.83,9.99,7.91,7.91,7.91,7.91
N_0_5,N_0_3,3.620479009530434,3.69,3.69,3.69,3.69,3.69,3.69,5.65,5.65,6.52,6.52,4.34,4.34,4.34,4.34,4.34,4.34,6.08,6.95,6.95,6.08,3.91,3.91,3.91,3.91
N_0_6,N_0_3,10.001123729852736,5.55,5.55,5.55,5.55,5.55,5.55,6.9,6.9,7.5,7.5,6.0,6.0,6.0,6.0,6.0,6.0,7.2,7.8,7.8,7.2,5.7,5.7,5.7,5.7
N_0_6,N_1_8,4.986045213295414,5.09,5.09,5.09,5.09,5.09,5.09,7.78,7.78,8.97,8.97,5.98,5.98,5.98,5.98,5.98,5.98,8.38,9.57,9.57,8.38,5.38,5.38,5.38,5.38
N_0_6,N_2_4,6.0680070391079175,6.19,6.19,6.19,6.19,6.19,6.19,9.47,9.47,10.92,10.92,7.28,7.28,7.28,7.28,7.28,7.28,10.19,11.65,11.65,10.19,6.55,6.55,6.55,6.55
N_0_7,N_1_9,0.6056168123767975,0.99,0.99,0.99,0.99,0.99,0.99,1.65,1.65,1.94,1.94,1.21,1.21,1.21,1.21,1.21,1.21,1.79,2.08,2.08,1.79,1.07,1.07,1.07,1.07
N_0_7,N_0_5,0.7119888832323513,1.17,1.17,1.17,1.17,1.17,1.17,1.94,1.94,2.28,2.28,1.42,1.42,1.42,1.42,1.42,1.42,2.11,2.45,2.45,2.11,1.25,1.25,1.25,1.25
N_0_7,N_0_6,12.024323127528685,6.67,6.67,6.67,6.67,6.67,6.67,8.3,8.3,9.02,9.02,7.21,7.21,7.21,7.21,7.21,7.21,8.66,9.38,9.38,8.66,6.85,6.85,6.85,6.85
N_0_7,N_1_8,6.032806814566433,6.15,6.15,6.15,6.15,6.15,6.15,9.41,9.41,10.86,10.86,7.24,7.24,7.24,7.24,7.24,7.24,10.14,11.58,11.58,10.14,6.52,6.52,6.52,6.52
N_0_7,N_2_9,6.356244703529759,6.48,6.48,6.48,6.48,6.48,6.48,9.92,9.92,11.44,11.44,7.63,7.63,7.63,7.63,7.63,7.63,10.68,12.2,12.2,10.68,6.86,6.86,6.86,6.86
N_0_7,N_0_8,4.4380416515313055,4.53,4.53,4.53,4.53,4.53,4.53,6.92,6.92,7.99,7.99,5.33,5.33,5.33,5.33,5.33,5.33,7.46,8.52,8.52,7.46,4.79,4.79,4.79,4.79
N_0_8,N_0_7,4.4380416515313055,4.53,4.53,4.53,4.53,4.53,4.53,6.92,6.92,7.99,7.99,5.33,5.33,5.33,5.33,5.33,5.33,7.46,8.52,8.52,7.46,4.79,4.79,4.79,4.79
N_0_8,N_1_8,1.9017035267629934,3.12,3.12,3.12,3.12,3.12,3.12,5.17,5.17,6.09,6.09,3.8,3.8,3.8,3.8,3.8,3.8,5.63,6.54,6.54,5.63,3.35,3.35,3.35,3.35
N_0_8,N_0_10,10.643281429896312,5.91,5.91,5.91,5.91,5.91,5.91,7.34,7.34,7.98,7.98,6.39,6.39,6.39,6.39,6.39,6.39,7.66,8.3,8.3,7.66,6.07,6.07,6.07,6.07
N_0_9,N_0_12,4.184804422667103,4.27,4.27,4.27,4.27,4.27,4.27,6.53,6.53,7.53,7.53,5.02,5.02,5.02,5.02,5.02,5.02,7.03,8.03,8.03,7.03,4.52,4.52,4.52,4.52
N_0_9,N_1_7,6.391506098237606,6.52,6.52,6.52,6.52,6.52,6.52,9.97,9.97,11.5,11.5,7.67,7.67,7.67,7.67,7.67,7.67,10.74,12.27,12.27,10.74,6.9,6.9,6.9,6.9
N_0_9,N_2_9,5.921795401213805,6.04,6.04,6.04,6.04,6.04,6.04,9.24,9.24,10.66,10.66,7.11,7.11,7.11,7.11,7.11,7.11,9.95,11.37,11.37,9.95,6.4,6.4,6.4,6.4
N_0_9,N_2_10,2.304119859674606,3.78,3.78,3.78,3.78,3.78,3.78,6.27,6.27,7.37,7.37,4.61,4.61,4.61,4.61,4.61,4.61,6.82,7.93,7.93,6.82,4.06,4.06,4.06,4.06
N_0_9,N_0_10,5.0826400005328685,5.18,5.18,5.18,5.18,5.18,5.18,7.93,7.93,9.15,9.15,6.1,6.1,6.1,6.1,6.1,6.1,8.54,9.76,9.76,8.54,5.49,5.49,5.49,5.49
N_0_9,N_1_11,12.749008158078741,7.08,7.08,7.08,7.08,7.08,7.08,8.8,8.8,9.56,9.56,7.65,7.65,7.65,7.65,7.65,7.65,9.18,9.94,9.94,9.18,7.27,7.27,7.27,7.27
N_10_0,N_13_0,5.661754024180939,5.77,5.77,5.77,5.77,5.77,5.77,8.83,8.83,10.19,10.19,6.79,6.79,6.79,6.79,6.79,6.79,9.51,10.87,10.87,9.51,6.11,6.11,6.11,6.11
N_10_0,N_11_2,5.9939845709058,6.11,6.11,6.11,6.11,6.11,6.11,9.35,9.35,10.79,10.79,7.19,7.19,7.19,7.19,7.19,7.19,10.07,11.51,11.51,10.07,6.47,6.47,6.47,6.47
N_10_0,N_7_0,5.469073650132165,5.58,5.58,5.58,5.58,5.58,5.58,8.53,8.53,9.84,9.84,6.56,6.56,6.56,6.56,6.56,6.56,9.19,10.5,10.5,9.19,5.91,5.91,5.91,5.91
N_10_0,N_11_0,12.954155258663084,7.19,7.19,7.19,7.19,7.19,7.19,8.94,8.94,9.72,9.72,7.77,7.77,7.77,7.77,7.77,7.77,9.33,10.1,10.1,9.33,7.38,7.38,7.38,7.38
N_10_0,N_8_1,6.323550904264456,6.45,6.45,6.45,6.45,6.45,6.45,9.86,9.86,11.38,11.38,7.59,7.59,7.59,7.59,7.59,7.59,10.62,12.14,12.14,10.62,6.83,6.83,6.83,6.83
N_10_0,N_9_1,11.254252106995166,6.25,6.25,6.25,6.25,6.25,6.25,7.77,7.77,8.44,8.44,6.75,6.75,6.75,6.75,6.75,6.75,8.1,8.78,8.78,8.1,6.41,6.41,6.41,6.41
N_10_0,N_8_2,6.771380167925296,6.91,6.91,6.91,6.91,6.91,6.91,10.56,10.56,12.19,12.19,8.13,8.13,8.13,8.13,8.13,8.13,11.38,13.0,13.0,11.38,7.31,7.31,7.31,7.31
N_10_0,N_10_1,0.7826556458354261,1.28,1.28,1.28,1.28,1.28,1.28,2.13,2.13,2.5,2.5,1.57,1.57,1.57,1.57,1.57,1.57,2.32,2.69,2.69,2.32,1.38,1.38,1.38,1.38
N_10_1,N_10_0,0.7826556458354261,1.28,1.28,1.28,1.28,1.28,1.28,2.13,2.13,2.5,2.5,1.57,1.57,1.57,1.57,1.57,1.57,2.32,2.69,2.69,2.32,1.38,1.38,1.38,1.38
N_10_1,N_7_1,0.5996094777282797,0.98,0.98,0.98,0.98,0.98,0.98,1.63,1.63,1.92,1.92,1.2,1.2,1.2,1.2,1.2,1.2,1.77,2.06,2.06,1.77,1.06,1.06,1.06,1.06
N_10_1,N_9_3,5.316725761982111,5.42,5.42,5.42,5.42,5.42,5.42,8.29,8.29,9.57,9.57,6.38,6.38,6.38,6.38,6.38,6.38,8.93,10.21,10.21,8.93,5.74,5.74,5.74,5.74
N_10_1,N_8_2,2.4338646997359095,3.99,3.99,3.99,3.99,3.99,3.99,6.62,6.62,7.79,7.79,4.87,4.87,4.87,4.87,4.87,4.87,7.2,8.37,8.37,7.2,4.28,4.28,4.28,4.28
N_10_1,N_10_3,6.8735333882128415,7.01,7.01,7.01,7.01,7.01,7.01,10.72,10.72,12.37,12.37,8.25,8.25,8.25,8.25,8.25,8.25,11.55,13.2,13.2,11.55,7.42,7.42,7.42,7.42
N_10_10,N_8_8,8.808534575961112,4.89,4.89,4.89,4.89,4.89,4.89,6.08,6.08,6.61,6.61,5.29,5.29,5.29,5.29,5.29,5.29,6.34,6.87,6.87,6.34,5.02,5.02,5.02,5.02
N_10_10,N_10_12,3.189602345120301,3.25,3.25,3.25,3.25,3.25,3.25,4.98,4.98,5.74,5.74,3.83,3.83,3.83,3.83,3.83,3.83,5.36,6.12,6.12,5.36,3.44,3.44,3.44,3.44
N_10_10,N_10_8,1.8825956749838053,3.09,3.09,3.09,3.09,3.09,3.09,5.12,5.12,6.02,6.02,3.77,3.77,3.77,3.77,3.77,3.77,5.57,6.48,6.48,5.57,3.31,3.31,3.31,3.31
N_10_10,N_9_11,4.431015918895556,4.52,4.52,4.52,4.52,4.52,4.52,6.91,6.91,7.98,7.98,5.32,5.32,5.32,5.32,5.32,5.32,7.44,8.51,8.51,7.44,4.79,4.79,4.79,4.79
N_10_10,N_11_12,4.235614022505775,4.32,4.32,4.32,4.32,4.32,4.32,6.61,6.61,7.62,7.62,5.08,5.08,5.08,5.08,5.08,5.08,7.12,8.13,8.13,7.12,4.57,4.57,4.57,4.57
N_10_10,N_10_11,1.5421248022394,2.53,2.53,2.53,2.53,2.53,2.53,4.19,4.19,4.93,4.93,3.08,3.08,3.08,3.08,3.08,3.08,4.56,5.3,5.3,4.56,2.71,2.71,2.71,2.71
N_10_11,N_10_10,1.5421248022394,2.53,2.53,2.53,2.53,2.53,2.53,4.19,4.19,4.93,4.93,3.08,3.08,3.08,3.08,3.08,3.08,4.56,5.3,5.3,4.56,2.71,2.71,2.71,2.71
N_10_11,N_11_10,6.761009888362563,6.9,6.9,6.9,6.9,6.9,6.9,10.55,10.55,12.17,12.17,8.11,8.11,8.11,8.11,8.11,8.11,11.36,12.98,12.98,11.36,7.3,7.3,7.3,7.3
N_10_11,N_12_11,6.729034545937873,6.86,6.86,6.86,6.86,6.86,6.86,10.5,10.5,12.11,12.11,8.07,8.07,8.07,8.07,8.07,8.07,11.3,12.92,12.92,11.3,7.27,7.27,7.27,7.27
N_10_11,N_12_12,4.085326050597871,4.17,4.17,4.17,4.17,4.17,4.17,6.37,6.37,7.35,7.35,4.9,4.9,4.9,4.9,4.9,4.9,6.86,7.84,7.84,6.86,4.41,4.41,4.41,4.41
N_10_11,N_11_13,4.900424649258111,5.0,5.0,5.0,5.0,5.0,5.0,7.64,7.64,8.82,8.82,5.88,5.88,5.88,5.88,5.88,5.88,8.23,9.41,9.41,8.23,5.29,5.29,5.29,5.29
N_10_11,N_11_12,1.8737528977756441,3.07,3.07,3.07,3.07,3.07,3.07,5.1,5.1,6.0,6.0,3.75,3.75,3.75,3.75,3.75,3.75,5.55,6.45,6.45,5.55,3.3,3.3,3.3,3.3
N_10_11,N_10_13,4.094291795728938,4.18,4.18,4.18,4.18,4.18,4.18,6.39,6.39,7.37,7.37,4.91,4.91,4.91,4.91,4.91,4.91,6.88,7.86,7.86,6.88,4.42,4.42,4.42,4.42
N_10_12,N_10_10,3.189602345120301,3.25,3.25,3.25,3.25,3.25,3.25,4.98,4.98,5.74,5.74,3.83,3.83,3.83,3.83,3.83,3.83,5.36,6.12,6.12,5.36,3.44,3.44,3.44,3.44
N_10_12,N_9_12,6.839556749122729,6.98,6.98,6.98,6.98,6.98,6.98,10.67,10.67,12.31,12.31,8.21,8.21,8.21,8.21,8.21,8.21,11.49,13.13,13.13,11.49,7.39,7.39,7.39,7.39
N_10_12,N_8_10,6.69858766651849,6.83,6.83,6.83,6.83,6.83,6.83,10.45,10.45,12.06,12.06,8.04,8.04,8.04,8.04,8.04,8.04,11.25,12.86,12.86,11.25,7.23,7.23,7.23,7.23
N_10_12,N_10_14,1.307426338689297,2.14,2.14,2.14,2.14,2.14,2.14,3.56,3.56,4.18,4.18,2.61,2.61,2.61,2.61,2.61,2.61,3.87,4.5,4.5,3.87,2.3,2.3,2.3,2.3
N_10_13,N_10_11,4.094291795728938,4.18,4.18,4.18,4.18,4.18,4.18,6.39,6.39,7.37,7.37,4.91,4.91,4.91,4.91,4.91,4.91,6.88,7.86,7.86,6.88,4.42,4.42,4.42,4.42
N_10_13,N_11_14,3.09680858660079,3.16,3.16,3.16,3.16,3.16,3.16,4.83,4.83,5.57,5.57,3.72,3.72,3.72,3.72,3.72,3.72,5.2,5.95,5.95,5.2,3.34,3.34,3.34,3.34
N_10_13,N_8_13,5.214002092998082,5.32,5.32,5.32,5.32,5.32,5.32,8.13,8.13,9.39,9.39,6.26,6.26,6.26,6.26,6.26,6.26,8.76,10.01,10.01,8.76,5.63,5.63,5.63,5.63
N_10_14,N_10_12,1.307426338689297,2.14,2.14,2.14,2.14,2.14,2.14,3.56,3.56,4.18,4.18,2.61,2.61,2.61,2.61,2.61,2.61,3.87,4.5,4.5,3.87,2.3,2.3,2.3,2.3
N_10_14,N_12_14,9.070568101401305,5.03,5.03,5.03,5.03,5.03,5.03,6.26,6.26,6.8,6.8,5.44,5.44,5.44,5.44,5.44,5.44,6.53,7.08,7.08,6.53,5.17,5.17,5.17,5.17
N_10_14,N_8_12,5.693382313872515,5.81,5.81,5.81,5.81,5.81,5.81,8.88,8.88,10.25,10.25,6.83,6.83,6.83,6.83,6.83,6.83,9.56,10.93,10.93,9.56,6.15,6.15,6.15,6.15
N_10_14,N_10_16,6.07388892162018,6.2,6.2,6.2,6.2,6.2,6.2,9.48,9.48,10.93,10.93,7.29,7.29,7.29,7.29,7.29,7.29,10.2,11.66,11.66,10.2,6.56,6.56,6.56,6.56
N_10_14,N_11_16,2.1985761227097864,3.61,3.61,3.61,3.61,3.61,3.61,5.98,5.98,7.04,7.04,4.4,4.4,4.4,4.4,4.4,4.4,6.51,7.56,7.56,6.51,3.87,3.87,3.87,3.87
N_10_15,N_12_16,6.099423373539763,6.22,6.22,6.22,6.22,6.22,6.22,9.52,9.52,10.98,10.98,7.32,7.32,7.32,7.32,7.32,7.32,10.25,11.71,11.71,10.25,6.59,6.59,6.59,6.59
N_10_15,N_9_16,1.3691342402979305,2.25,2.25,2.25,2.25,2.25,2.25,3.72,3.72,4.38,4.38,2.74,2.74,2.74,2.74,2.74,2.74,4.05,4.71,4.71,4.05,2.41,2.41,2.41,2.41
N_10_15,N_12_14,4.263385855360363,4.35,4.35,4.35,4.35,4.35,4.35,6.65,6.65,7.67,7.67,5.12,5.12,5.12,5.12,5.12,5.12,7.16,8.19,8.19,7.16,4.6,4.6,4.6,4.6
N_10_15,N_9_13,4.4238642530273715,4.51,4.51,4.51,4.51,4.51,4.51,6.9,6.9,7.96,7.96,5.31,5.31,5.31,5.31,5.31,5.31,7.43,8.49,8.49,7.43,4.78,4.78,4.78,4.78
N_10_15,N_9_17,3.1629584000309987,3.23,3.23,3.23,3.23,3.23,3.23,4.93,4.93,5.69,5.69,3.8,3.8,3.8,3.8,3.8,3.8,5.31,6.07,6.07,5.31,3.42,3.42,3.42,3.42
N_10_15,N_12_15,4.659367909566763,4.75,4.75,4.75,4.75,4.75,4.75,7.27,7.27,8.39,8.39,5.59,5.59,5.59,5.59,5.59,5.59,7.83,8.95,8.95,7.83,5.03,5.03,5.03,5.03
N_10_16,N_10_14,6.07388892162018,6.2,6.2,6.2,6.2,6.2,6.2,9.48,9.48,10.93,10.93,7.29,7.29,7.29,7.29,7.29,7.29,10.2,11.66,11.66,10.2,6.56,6.56,6.56,6.56
N_10_16,N_11_15,6.419048094017988,6.55,6.55,6.55,6.55,6.55,6.55,10.01,10.01,11.55,11.55,7.7,7.7,7.7,7.7,7.7,7.7,10.78,12.32,12.32,10.78,6.93,6.93,6.93,6.93
N_10_16,N_10_18,10.685746399479088,5.93,5.93,5.93,5.93,5.93,5.93,7.37,7.37,8.01,8.01,6.41,6.41,6.41,6.41,6.41,6.41,7.69,8.33,8.33,7.69,6.09,6.09,6.09,6.09
N_10_16,N_12_18,9.025867204885241,5.01,5.01,5.01,5.01,5.01,5.01,6.23,6.23,6.77,6.77,5.42,5.42,5.42,5.42,5.42,5.42,6.5,7.04,7.04,6.5,5.14,5.14,5.14,5.14
N_10_16,N_9_17,6.331091025514285,6.46,6.46,6.46,6.46,6.46,6.46,9.88,9.88,11.4,11.4,7.6,7.6,7.6,7.6,7.6,7.6,10.64,12.16,12.16,10.64,6.84,6.84,6.84,6.84
N_10_16,N_10_13,5.56187463697504,5.67,5.67,5.67,5.67,5.67,5.67,8.68,8.68,10.01,10.01,6.67,6.67,6.67,6.67,6.67,6.67,9.34,10.68,10.68,9.34,6.01,6.01,6.01,6.01
N_10_16,N_12_15,10.087085008996967,5.6,5.6,5.6,5.6,5.6,5.6,6.96,6.96,7.57,7.57,6.05,6.05,6.05,6.05,6.05,6.05,7.26,7.87,7.87,7.26,5.75,5.75,5.75,5.75
N_10_17,N_8_17,9.552605716286196,5.3,5.3,5.3,5.3,5.3,5.3,6.59,6.59,7.16,7.16,5.73,5.73,5.73,5.73,5.73,5.73,6.88,7.45,7.45,6.88,5.44,5.44,5.44,5.44
N_10_17,N_11_15,14.853866759026253,8.24,8.24,8.24,8.24,8.24,8.24,10.25,10.25,11.14,11.14,8.91,8.91,8.91,8.91,8.91,8.91,10.69,11.59,11.59,10.69,8.47,8.47,8.47,8.47
N_10_17,N_9_17,6.22328472178177,6.35,6.35,6.35,6.35,6.35,6.35,9.71,9.71,11.2,11.2,7.47,7.47,7.47,7.47,7.47,7.47,10.46,11.95,11.95,10.46,6.72,6.72,6.72,6.72
N_10_17,N_10_15,12.19206213827151,6.77,6.77,6.77,6.77,6.77,6.77,8.41,8.41,9.14,9.14,7.32,7.32,7.32,7.32,7.32,7.32,8.78,9.51,9.51,8.78,6.95,6.95,6.95,6.95
N_10_17,N_10_18,1.2946509862537419,2.12,2.12,2.12,2.12,2.12,2.12,3.52,3.52,4.14,4.14,2.59,2.59,2.59,2.59,2.59,2.59,3.83,4.45,4.45,3.83,2.28,2.28,2.28,2.28
N_10_17,N_11_17,1.3431321924799828,2.2,2.2,2.2,2.2,2.2,2.2,3.65,3.65,4.3,4.3,2.69,2.69,2.69,2.69,2.69,2.69,3.98,4.62,4.62,3.98,2.36,2.36,2.36,2.36
N_10_17,N_9_16,5.450364622191344,5.56,5.56,5.56,5.56,5.56,5.56,8.5,8.5,9.81,9.81,6.54,6.54,6.54,6.54,6.54,6.54,9.16,10.46,10.46,9.16,5.89,5.89,5.89,5.89
N_10_17,N_10_19,11.740739750955372,6.52,6.52,6.52,6.52,6.52,6.52,8.1,8.1,8.81,8.81,7.04,7.04,7.04,7.04,7.04,7.04,8.45,9.16,9.16,8.45,6.69,6.69,6.69,6.69
N_10_18,N_11_17,9.179777213499529,5.09,5.09,5.09,5.09,5.09,5.09,6.33,6.33,6.88,6.88,5.51,5.51,5.51,5.51,5.51,5.51,6.61,7.16,7.16,6.61,5.23,5.23,5.23,5.23
N_10_18,N_13_18,14.391959274106615,7.99,7.99,7.99,7.99,7.99,7.99,9.93,9.93,10.79,10.79,8.64,8.64,8.64,8.64,8.64,8.64,10.36,11.23,11.23,10.36,8.2,8.2,8.2,8.2
N_10_18,N_8_16,5.066102598943947,5.17,5.17,5.17,5.17,5.17,5.17,7.9,7.9,9.12,9.12,6.08,6.08,6.08,6.08,6.08,6.08,8.51,9.73,9.73,8.51,5.47,5.47,5.47,5.47
N_10_18,N_10_21,4.454801858309205,4.54,4.54,4.54,4.54,4.54,4.54,6.95,6.95,8.02,8.02,5.35,5.35,5.35,5.35,5.35,5.35,7.48,8.55,8.55,7.48,4.81,4.81,4.81,4.81
N_10_18,N_10_15,2.025486627901823,3.32,3.32,3.32,3.32,3.32,3.32,5.51,5.51,6.48,6.48,4.05,4.05,4.05,4.05,4.05,4.05,6.0,6.97,6.97,6.0,3.56,3.56,3.56,3.56
N_10_18,N_10_19,1.0428606700663627,1.71,1.71,1.71,1.71,1.71,1.71,2.84,2.84,3.34,3.34,2.09,2.09,2.09,2.09,2.09,2.09,3.09,3.59,3.59,3.09,1.84,1.84,1.84,1.84
N_10_18,N_9_20,4.7524515749629375,4.85,4.85,4.85,4.85,4.85,4.85,7.41,7.41,8.55,8.55,5.7,5.7,5.7,5.7,5.7,5.7,7.98,9.12,9.12,7.98,5.13,5.13,5.13,5.13
N_10_19,N_10_17,11.740739750955372,6.52,6.52,6.52,6.52,6.52,6.52,8.1,8.1,8.81,8.81,7.04,7.04,7.04,7.04,7.04,7.04,8.45,9.16,9.16,8.45,6.69,6.69,6.69,6.69
N_10_19,N_10_18,1.0428606700663627,1.71,1.71,1.71,1.71,1.71,1.71,2.84,2.84,3.34,3.34,2.09,2.09,2.09,2.09,2.09,2.09,3.09,3.59,3.59,3.09,1.84,1.84,1.84,1.84
N_10_19,N_9_17,6.884925790159728,7.02,7.02,7.02,7.02,7.02,7.02,10.74,10.74,12.39,12.39,8.26,8.26,8.26,8.26,8.26,8.26,11.57,13.22,13.22,11.57,7.44,7.44,7.44,7.44
N_10_2,N_9_1,12.628696314311101,7.01,7.01,7.01,7.01,7.01,7.01,8.71,8.71,9.47,9.47,7.58,7.58,7.58,7.58,7.58,7.58,9.09,9.85,9.85,9.09,7.2,7.2,7.2,7.2
N_10_2,N_8_4,5.295255582351176,5.4,5.4,5.4,5.4,5.4,5.4,8.26,8.26,9.53,9.53,6.35,6.35,6.35,6.35,6.35,6.35,8.9,10.17,10.17,8.9,5.72,5.72,5.72,5.72
N_10_2,N_11_0,12.815012510926355,7.11,7.11,7.11,7.11,7.11,7.11,8.84,8.84,9.61,9.61,7.69,7.69,7.69,7.69,7.69,7.69,9.23,10.0,10.0,9.23,7.3,7.3,7.3,7.3
N_10_20,N_10_21,3.13631216812114,3.2,3.2,3.2,3.2,3.2,3.2,4.89,4.89,5.65,5.65,3.76,3.76,3.76,3.76,3.76,3.76,5.27,6.02,6.02,5.27,3.39,3.39,3.39,3.39
N_10_20,N_10_19,10.756990521556734,5.97,5.97,5.97,5.97,5.97,5.97,7.42,7.42,8.07,8.07,6.45,6.45,6.45,6.45,6.45,6.45,7.75,8.39,8.39,7.75,6.13,6.13,6.13,6.13
N_10_20,N_12_21,8.952996870999623,4.97,4.97,4.97,4.97,4.97,4.97,6.18,6.18,6.71,6.71,5.37,5.37,5.37,5.37,5.37,5.37,6.45,6.98,6.98,6.45,5.1,5.1,5.1,5.1
N_10_20,N_8_18,6.281033427268757,6.41,6.41,6.41,6.41,6.41,6.41,9.8,9.8,11.31,11.31,7.54,7.54,7.54,7.54,7.54,7.54,10.55,12.06,12.06,10.55,6.78,6.78,6.78,6.78
N_10_20,N_9_22,3.1828980666903055,3.25,3.25,3.25,3.25,3.25,3.25,4.97,4.97,5.73,5.73,3.82,3.82,3.82,3.82,3.82,3.82,5.35,6.11,6.11,5.35,3.44,3.44,3.44,3.44
N_10_20,N_11_21,4.716700152723535,4.81,4.81,4.81,4.81,4.81,4.81,7.36,7.36,8.49,8.49,5.66,5.66,5.66,5.66,5.66,5.66,7.92,9.06,9.06,7.92,5.09,5.09,5.09,5.09
N_10_20,N_10_22,5.8877872885092355,6.01,6.01,6.01,6.01,6.01,6.01,9.18,9.18,10.6,10.6,7.07,7.07,7.07,7.07,7.07,7.07,9.89,11.3,11.3,9.89,6.36,6.36,6.36,6.36
N_10_21,N_10_18,4.454801858309205,4.54,4.54,4.54,4.54,4.54,4.54,6.95,6.95,8.02,8.02,5.35,5.35,5.35,5.35,5.35,5.35,7.48,8.55,8.55,7.48,4.81,4.81,4.81,4.81
N_10_21,N_10_20,3.13631216812114,3.2,3.2,3.2,3.2,3.2,3.2,4.89,4.89,5.65,5.65,3.76,3.76,3.76,3.76,3.76,3.76,5.27,6.02,6.02,5.27,3.39,3.39,3.39,3.39
N_10_21,N_9_23,11.938145291788004,6.63,6.63,6.63,6.63,6.63,6.63,8.24,8.24,8.95,8.95,7.16,7.16,7.16,7.16,7.16,7.16,8.6,9.31,9.31,8.6,6.8,6.8,6.8,6.8
N_10_21,N_12_21,9.045121367433893,5.02,5.02,5.02,5.02,5.02,5.02,6.24,6.24,6.78,6.78,5.43,5.43,5.43,5.43,5.43,5.43,6.51,7.06,7.06,6.51,5.16,5.16,5.16,5.16
N_10_21,N_10_22,12.62731465971708,7.01,7.01,7.01,7.01,7.01,7.01,8.71,8.71,9.47,9.47,7.58,7.58,7.58,7.58,7.58,7.58,9.09,9.85,9.85,9.09,7.2,7.2,7.2,7.2
N_10_21,N_12_22,14.951374306527818,8.3,8.3,8.3,8.3,8.3,8.3,10.32,10.32,11.21,11.21,8.97,8.97,8.97,8.97,8.97,8.97,10.76,11.66,11.66,10.76,8.52,8.52,8.52,8.52
N_10_22,N_10_20,5.8877872885092355,6.01,6.01,6.01,6.01,6.01,6.01,9.18,9.18,10.6,10.6,7.07,7.07,7.07,7.07,7.07,7.07,9.89,11.3,11.3,9.89,6.36,6.36,6.36,6.36
N_10_22,N_9_22,10.39467803303112,5.77,5.77,5.77,5.77,5.77,5.77,7.17,7.17,7.8,7.8,6.24,6.24,6.24,6.24,6.24,6.24,7.48,8.11,8.11,7.48,5.92,5.92,5.92,5.92
N_10_22,N_11_23,4.808971333098638,4.91,4.91,4.91,4.91,4.91,4.91,7.5,7.5,8.66,8.66,5.77,5.77,5.77,5.77,5.77,5.77,8.08,9.23,9.23,8.08,5.19,5.19,5.19,5.19
N_10_22,N_9_23,5.388664678481494,5.5,5.5,5.5,5.5,5.5,5.5,8.41,8.41,9.7,9.7,6.47,6.47,6.47,6.47,6.47,6.47,9.05,10.35,10.35,9.05,5.82,5.82,5.82,5.82
N_10_22,N_12_20,6.510472634781661,6.64,6.64,6.64,6.64,6.64,6.64,10.16,10.16,11.72,11.72,7.81,7.81,7.81,7.81,7.81,7.81,10.94,12.5,12.5,10.94,7.03,7.03,7.03,7.03
N_10_23,N_10_20,6.2276331747584734,6.35,6.35,6.35,6.35,6.35,6.35,9.72,9.72,11.21,11.21,7.47,7.47,7.47,7.47,7.47,7.47,10.46,11.96,11.96,10.46,6.73,6.73,6.73,6.73
N_10_23,N_12_25,14.082836609562108,7.82,7.82,7.82,7.82,7.82,7.82,9.72,9.72,10.56,10.56,8.45,8.45,8.45,8.45,8.45,8.45,10.14,10.98,10.98,10.14,8.03,8.03,8.03,8.03
N_10_23,N_8_21,0.6914883873448416,1.13,1.13,1.13,1.13,1.13,1.13,1.88,1.88,2.21,2.21,1.38,1.38,1.38,1.38,1.38,1.38,2.05,2.38,2.38,2.05,1.22,1.22,1.22,1.22
N_10_23,N_11_24,4.897285186631462,5.0,5.0,5.0,5.0,5.0,5.0,7.64,7.64,8.82,8.82,5.88,5.88,5.88,5.88,5.88,5.88,8.23,9.4,9.4,8.23,5.29,5.29,5.29,5.29
N_10_23,N_12_21,4.1161370132675295,4.2,4.2,4.2,4.2,4.2,4.2,6.42,6.42,7.41,7.41,4.94,4.94,4.94,4.94,4.94,4.94,6.92,7.9,7.9,6.92,4.45,4.45,4.45,4.45
N_10_23,N_9_22,3.9124188095267933,3.99,3.99,3.99,3.99,3.99,3.99,6.1,6.1,7.04,7.04,4.69,4.69,4.69,4.69,4.69,4.69,6.57,7.51,7.51,6.57,4.23,4.23,4.23,4.23
N_10_24,N_9_25,3.6911544872058477,3.76,3.76,3.76,3.76,3.76,3.76,5.76,5.76,6.64,6.64,4.43,4.43,4.43,4.43,4.43,4.43,6.2,7.09,7.09,6.2,3.99,3.99,3.99,3.99
N_10_24,N_9_26,3.600759769371285,3.67,3.67,3.67,3.67,3.67,3.67,5.62,5.62,6.48,6.48,4.32,4.32,4.32,4.32,4.32,4.32,6.05,6.91,6.91,6.05,3.89,3.89,3.89,3.89
N_10_24,N_12_22,6.364495814636583,6.49,6.49,6.49,6.49,6.49,6.49,9.93,9.93,11.46,11.46,7.64,7.64,7.64,7.64,7.64,7.64,10.69,12.22,12.22,10.69,6.87,6.87,6.87,6.87
N_10_24,N_13_24,9.879539874155574,5.48,5.48,5.48,5.48,5.48,5.48,6.82,6.82,7.41,7.41,5.93,5.93,5.93,5.93,5.93,5.93,7.11,7.71,7.71,7.11,5.63,5.63,5.63,5.63
N_10_24,N_11_22,13.040429756236591,7.24,7.24,7.24,7.24,7.24,7.24,9.0,9.0,9.78,9.78,7.82,7.82,7.82,7.82,7.82,7.82,9.39,10.17,10.17,9.39,7.43,7.43,7.43,7.43
N_10_24,N_7_24,6.680397373924304,6.81,6.81,6.81,6.81,6.81,6.81,10.42,10.42,12.02,12.02,8.02,8.02,8.02,8.02,8.02,8.02,11.22,12.83,12.83,11.22,7.21,7.21,7.21,7.21
N_10_25,N_9_24,13.665897323676866,7.58,7.58,7.58,7.58,7.58,7.58,9.43,9.43,10.25,10.25,8.2,8.2,8.2,8.2,8.2,8.2,9.84,10.66,10.66,9.84,7.79,7.79,7.79,7.79
N_10_25,N_8_25,6.542268645215852,6.67,6.67,6.67,6.67,6.67,6.67,10.21,10.21,11.78,11.78,7.85,7.85,7.85,7.85,7.85,7.85,10.99,12.56,12.56,10.99,7.07,7.07,7.07,7.07
N_10_25,N_12_25,3.1320859997133756,3.19,3.19,3.19,3.19,3.19,3.19,4.89,4.89,5.64,5.64,3.76,3.76,3.76,3.76,3.76,3.76,5.26,6.01,6.01,5.26,3.38,3.38,3.38,3.38
N_10_25,N_12_26,1.5463523061647093,2.54,2.54,2.54,2.54,2.54,2.54,4.21,4.21,4.95,4.95,3.09,3.09,3.09,3.09,3.09,3.09,4.58,5.32,5.32,4.58,2.72,2.72,2.72,2.72
N_10_25,N_8_26,10.347136118513738,5.74,5.74,5.74,5.74,5.74,5.74,7.14,7.14,7.76,7.76,6.21,6.21,6.21,6.21,6.21,6.21,7.45,8.07,8.07,7.45,5.9,5.9,5.9,5.9
N_10_25,N_9_26,14.535016438265737,8.07,8.07,8.07,8.07,8.07,8.07,10.03,10.03,10.9,10.9,8.72,8.72,8.72,8.72,8.72,8.72,10.47,11.34,11.34,10.47,8.28,8.28,8.28,8.28
N_10_26,N_8_24,5.134737434177401,5.24,5.24,5.24,5.24,5.24,5.24,8.01,8.01,9.24,9.24,6.16,6.16,6.16,6.16,6.16,6.16,8.63,9.86,9.86,8.63,5.55,5.55,5.55,5.55
N_10_26,N_9_25,5.095809299927421,5.2,5.2,5.2,5.2,5.2,5.2,7.95,7.95,9.17,9.17,6.11,6.11,6.11,6.11,6.11,6.11,8.56,9.78,9.78,8.56,5.5,5.5,5.5,5.5
N_10_26,N_8_25,0.6032875027803821,0.99,0.99,0.99,0.99,0.99,0.99,1.64,1.64,1.93,1.93,1.21,1.21,1.21,1.21,1.21,1.21,1.79,2.08,2.08,1.79,1.06,1.06,1.06,1.06
N_10_26,N_11_24,12.387756848327928,6.88,6.88,6.88,6.88,6.88,6.88,8.55,8.55,9.29,9.29,7.43,7.43,7.43,7.43,7.43,7.43,8.92,9.66,9.66,8.92,7.06,7.06,7.06,7.06
N_10_26,N_10_28,6.792594876483275,6.93,6.93,6.93,6.93,6.93,6.93,10.6,10.6,12.23,12.23,8.15,8.15,8.15,8.15,8.15,8.15,11.41,13.04,13.04,11.41,7.34,7.34,7.34,7.34
N_10_26,N_11_27,0.731335035650587,1.2,1.2,1.2,1.2,1.2,1.2,1.99,1.99,2.34,2.34,1.46,1.46,1.46,1.46,1.46,1.46,2.16,2.52,2.52,2.16,1.29,1.29,1.29,1.29
N_10_27,N_12_27,6.801152833461444,6.94,6.94,6.94,6.94,6.94,6.94,10.61,10.61,12.24,12.24,8.16,8.16,8.16,8.16,8.16,8.16,11.43,13.06,13.06,11.43,7.35,7.35,7.35,7.35
N_10_27,N_8_25,14.345851569753187,7.96,7.96,7.96,7.96,7.96,7.96,9.9,9.9,10.76,10.76,8.61,8.61,8.61,8.61,8.61,8.61,10.33,11.19,11.19,10.33,8.18,8.18,8.18,8.18
N_10_27,N_9_26,1.632882275361406,2.68,2.68,2.68,2.68,2.68,2.68,4.44,4.44,5.23,5.23,3.27,3.27,3.27,3.27,3.27,3.27,4.83,5.62,5.62,4.83,2.87,2.87,2.87,2.87
N_10_27,N_9_27,5.1938036119329425,5.3,5.3,5.3,5.3,5.3,5.3,8.1,8.1,9.35,9.35,6.23,6.23,6.23,6.23,6.23,6.23,8.73,9.97,9.97,8.73,5.61,5.61,5.61,5.61
N_10_27,N_9_28,14.491944944962864,8.04,8.04,8.04,8.04,8.04,8.04,10.0,10.0,10.87,10.87,8.7,8.7,8.7,8.7,8.7,8.7,10.43,11.3,11.3,10.43,8.26,8.26,8.26,8.26
N_10_27,N_8_29,2.07529625521467,3.4,3.4,3.4,3.4,3.4,3.4,5.64,5.64,6.64,6.64,4.15,4.15,4.15,4.15,4.15,4.15,6.14,7.14,7.14,6.14,3.65,3.65,3.65,3.65
N_10_27,N_9_25,1.5628351433986951,2.56,2.56,2.56,2.56,2.56,2.56,4.25,4.25,5.0,5.0,3.13,3.13,3.13,3.13,3.13,3.13,4.63,5.38,5.38,4.63,2.75,2.75,2.75,2.75
N_10_28,N_10_26,6.792594876483275,6.93,6.93,6.93,6.93,6.93,6.93,10.6,10.6,12.23,12.23,8.15,8.15,8.15,8.15,8.15,8.15,11.41,13.04,13.04,11.41,7.34,7.34,7.34,7.34
N_10_28,N_12_27,3.482014579432488,3.55,3.55,3.55,3.55,3.55,3.55,5.43,5.43,6.27,6.27,4.18,4.18,4.18,4.18,4.18,4.18,5.85,6.69,6.69,5.85,3.76,3.76,3.76,3.76
N_10_28,N_11_27,6.421399920361681,6.55,6.55,6.55,6.55,6.55,6.55,10.02,10.02,11.56,11.56,7.71,7.71,7.71,7.71,7.71,7.71,10.79,12.33,12.33,10.79,6.94,6.94,6.94,6.94
N_10_28,N_11_26,5.113701489780452,5.22,5.22,5.22,5.22,5.22,5.22,7.98,7.98,9.2,9.2,6.14,6.14,6.14,6.14,6.14,6.14,8.59,9.82,9.82,8.59,5.52,5.52,5.52,5.52
N_10_28,N_10_31,5.549205866235225,5.66,5.66,5.66,5.66,5.66,5.66,8.66,8.66,9.99,9.99,6.66,6.66,6.66,6.66,6.66,6.66,9.32,10.65,10.65,9.32,5.99,5.99,5.99,5.99
N_10_28,N_8_30,12.229662002991976,6.79,6.79,6.79,6.79,6.79,6.79,8.44,8.44,9.17,9.17,7.34,7.34,7.34,7.34,7.34,7.34,8.81,9.54,9.54,8.81,6.97,6.97,6.97,6.97
N_10_28,N_12_26,8.126168020090514,4.51,4.51,4.51,4.51,4.51,4.51,5.61,5.61,6.09,6.09,4.88,4.88,4.88,4.88,4.88,4.88,5.85,6.34,6.34,5.85,4.63,4.63,4.63,4.63
N_10_28,N_11_29,5.955129720422583,6.07,6.07,6.07,6.07,6.07,6.07,9.29,9.29,10.72,10.72,7.15,7.15,7.15,7.15,7.15,7.15,10.0,11.43,11.43,10.0,6.43,6.43,6.43,6.43
N_10_29,N_12_27,1.7648268757175243,2.89,2.89,2.89,2.89,2.89,2.89,4.8,4.8,5.65,5.65,3.53,3.53,3.53,3.53,3.53,3.53,5.22,6.07,6.07,5.22,3.11,3.11,3.11,3.11
N_10_29,N_8_31,3.4512217326578,3.52,3.52,3.52,3.52,3.52,3.52,5.38,5.38,6.21,6.21,4.14,4.14,4.14,4.14,4.14,4.14,5.8,6.63,6.63,5.8,3.73,3.73,3.73,3.73
N_10_29,N_8_29,3.803943411586848,3.88,3.88,3.88,3.88,3.88,3.88,5.93,5.93,6.85,6.85,4.56,4.56,4.56,4.56,4.56,4.56,6.39,7.3,7.3,6.39,4.11,4.11,4.11,4.11
N_10_29,N_8_27,2.365090768654211,3.88,3.88,3.88,3.88,3.88,3.88,6.43,6.43,7.57,7.57,4.73,4.73,4.73,4.73,4.73,4.73,7.0,8.14,8.14,7.0,4.16,4.16,4.16,4.16
N_10_3,N_8_2,6.421894827408787,6.55,6.55,6.55,6.55,6.55,6.55,10.02,10.02,11.56,11.56,7.71,7.71,7.71,7.71,7.71,7.71,10.79,12.33,12.33,10.79,6.94,6.94,6.94,6.94
N_10_3,N_12_5,12.67407667998788,7.03,7.03,7.03,7.03,7.03,7.03,8.75,8.75,9.51,9.51,7.6,7.6,7.6,7.6,7.6,7.6,9.13,9.89,9.89,9.13,7.22,7.22,7.22,7.22
N_10_3,N_8_5,13.683853457359668,7.59,7.59,7.59,7.59,7.59,7.59,9.44,9.44,10.26,10.26,8.21,8.21,8.21,8.21,8.21,8.21,9.85,10.67,10.67,9.85,7.8,7.8,7.8,7.8
N_10_30,N_9_28,2.4630727034952633,4.04,4.04,4.04,4.04,4.04,4.04,6.7,6.7,7.88,7.88,4.93,4.93,4.93,4.93,4.93,4.93,7.29,8.47,8.47,7.29,4.34,4.34,4.34,4.34
N_10_30,N_7_30,9.807793951626072,5.44,5.44,5.44,5.44,5.44,5.44,6.77,6.77,7.36,7.36,5.88,5.88,5.88,5.88,5.88,5.88,7.06,7.65,7.65,7.06,5.59,5.59,5.59,5.59
N_10_30,N_10_29,5.82237326439275,5.94,5.94,5.94,5.94,5.94,5.94,9.08,9.08,10.48,10.48,6.99,6.99,6.99,6.99,6.99,6.99,9.78,11.18,11.18,9.78,6.29,6.29,6.29,6.29
N_10_30,N_10_31,5.788429446986395,5.9,5.9,5.9,5.9,5.9,5.9,9.03,9.03,10.42,10.42,6.95,6.95,6.95,6.95,6.95,6.95,9.72,11.11,11.11,9.72,6.25,6.25,6.25,6.25
N_10_30,N_8_30,10.792829711958092,5.99,5.99,5.99,5.99,5.99,5.99,7.45,7.45,8.09,8.09,6.48,6.48,6.48,6.48,6.48,6.48,7.77,8.42,8.42,7.77,6.15,6.15,6.15,6.15
N_10_30,N_10_27,4.528922207993634,4.62,4.62,4.62,4.62,4.62,4.62,7.07,7.07,8.15,8.15,5.43,5.43,5.43,5.43,5.43,5.43,7.61,8.7,8.7,7.61,4.89,4.89,4.89,4.89
N_10_30,N_12_31,6.722064731896341,6.86,6.86,6.86,6.86,6.86,6.86,10.49,10.49,12.1,12.1,8.07,8.07,8.07,8.07,8.07,8.07,11.29,12.91,12.91,11.29,7.26,7.26,7.26,7.26
N_10_30,N_8_28,4.891503510757801,4.99,4.99,4.99,4.99,4.99,4.99,7.63,7.63,8.8,8.8,5.87,5.87,5.87,5.87,5.87,5.87,8.22,9.39,9.39,8.22,5.28,5.28,5.28,5.28
N_10_31,N_10_30,5.788429446986395,5.9,5.9,5.9,5.9,5.9,5.9,9.03,9.03,10.42,10.42,6.95,6.95,6.95,6.95,6.95,6.95,9.72,11.11,11.11,9.72,6.25,6.25,6.25,6.25
N_10_31,N_11_33,8.464572569935033,4.7,4.7,4.7,4.7,4.7,4.7,5.84,5.84,6.35,6.35,5.08,5.08,5.08,5.08,5.08,5.08,6.09,6.6,6.6,6.09,4.82,4.82,4.82,4.82
N_10_31,N_7_31,4.99305015316586,5.09,5.09,5.09,5.09,5.09,5.09,7.79,7.79,8.99,8.99,5.99,5.99,5.99,5.99,5.99,5.99,8.39,9.59,9.59,8.39,5.39,5.39,5.39,5.39
N_10_31,N_12_32,4.624195422933024,4.72,4.72,4.72,4.72,4.72,4.72,7.21,7.21,8.32,8.32,5.55,5.55,5.55,5.55,5.55,5.55,7.77,8.88,8.88,7.77,4.99,4.99,4.99,4.99
N_10_31,N_9_31,3.6966104617329085,3.77,3.77,3.77,3.77,3.77,3.77,5.77,5.77,6.65,6.65,4.44,4.44,4.44,4.44,4.44,4.44,6.21,7.1,7.1,6.21,3.99,3.99,3.99,3.99
N_10_32,N_12_34,6.742875387974102,6.88,6.88,6.88,6.88,6.88,6.88,10.52,10.52,12.14,12.14,8.09,8.09,8.09,8.09,8.09,8.09,11.33,12.95,12.95,11.33,7.28,7.28,7.28,7.28
N_10_32,N_11_34,4.208500324927436,4.29,4.29,4.29,4.29,4.29,4.29,6.57,6.57,7.58,7.58,5.05,5.05,5.05,5.05,5.05,5.05,7.07,8.08,8.08,7.07,4.55,4.55,4.55,4.55
N_10_32,N_8_31,13.721243038666811,7.62,7.62,7.62,7.62,7.62,7.62,9.47,9.47,10.29,10.29,8.23,8.23,8.23,8.23,8.23,8.23,9.88,10.7,10.7,9.88,7.82,7.82,7.82,7.82
N_10_33,N_8_31,0.7915246996333878,1.3,1.3,1.3,1.3,1.3,1.3,2.15,2.15,2.53,2.53,1.58,1.58,1.58,1.58,1.58,1.58,2.34,2.72,2.72,2.34,1.39,1.39,1.39,1.39
N_10_33,N_12_31,1.939831561672289,3.18,3.18,3.18,3.18,3.18,3.18,5.28,5.28,6.21,6.21,3.88,3.88,3.88,3.88,3.88,3.88,5.74,6.67,6.67,5.74,3.41,3.41,3.41,3.41
N_10_33,N_8_35,8.235537119401013,4.57,4.57,4.57,4.57,4.57,4.57,5.68,5.68,6.18,6.18,4.94,4.94,4.94,4.94,4.94,4.94,5.93,6.42,6.42,5.93,4.69,4.69,4.69,4.69
N_10_33,N_8_33,1.8579185561457103,3.05,3.05,3.05,3.05,3.05,3.05,5.05,5.05,5.95,5.95,3.72,3.72,3.72,3.72,3.72,3.72,5.5,6.39,6.39,5.5,3.27,3.27,3.27,3.27
N_10_33,N_10_31,1.7989342944265807,2.95,2.95,2.95,2.95,2.95,2.95,4.89,4.89,5.76,5.76,3.6,3.6,3.6,3.6,3.6,3.6,5.32,6.19,6.19,5.32,3.17,3.17,3.17,3.17
N_10_33,N_8_32,2.4178678964179428,3.97,3.97,3.97,3.97,3.97,3.97,6.58,6.58,7.74,7.74,4.84,4.84,4.84,4.84,4.84,4.84,7.16,8.32,8.32,7.16,4.26,4.26,4.26,4.26
N_10_34,N_10_36,5.1139944818624326,5.22,5.22,5.22,5.22,5.22,5.22,7.98,7.98,9.21,9.21,6.14,6.14,6.14,6.14,6.14,6.14,8.59,9.82,9.82,8.59,5.52,5.52,5.52,5.52
N_10_34,N_10_31,5.877802228268772,6.0,6.0,6.0,6.0,6.0,6.0,9.17,9.17,10.58,10.58,7.05,7.05,7.05,7.05,7.05,7.05,9.87,11.29,11.29,9.87,6.35,6.35,6.35,6.35
N_10_34,N_11_35,5.00652279990762,5.11,5.11,5.11,5.11,5.11,5.11,7.81,7.81,9.01,9.01,6.01,6.01,6.01,6.01,6.01,6.01,8.41,9.61,9.61,8.41,5.41,5.41,5.41,5.41
N_10_34,N_10_35,13.383867159041047,7.43,7.43,7.43,7.43,7.43,7.43,9.23,9.23,10.04,10.04,8.03,8.03,8.03,8.03,8.03,8.03,9.64,10.44,10.44,9.64,7.63,7.63,7.63,7.63
N_10_34,N_10_37,9.265890037533378,5.14,5.14,5.14,5.14,5.14,5.14,6.39,6.39,6.95,6.95,5.56,5.56,5.56,5.56,5.56,5.56,6.67,7.23,7.23,6.67,5.28,5.28,5.28,5.28
N_10_34,N_12_35,6.399592762950816,6.53,6.53,6.53,6.53,6.53,6.53,9.98,9.98,11.52,11.52,7.68,7.68,7.68,7.68,7.68,7.68,10.75,12.29,12.29,10.75,6.91,6.91,6.91,6.91
N_10_35,N_8_37,8.570579246108368,4.76,4.76,4.76,4.76,4.76,4.76,5.91,5.91,6.43,6.43,5.14,5.14,5.14,5.14,5.14,5.14,6.17,6.69,6.69,6.17,4.89,4.89,4.89,4.89
N_10_35,N_9_33,13.381139341989282,7.43,7.43,7.43,7.43,7.43,7.43,9.23,9.23,10.04,10.04,8.03,8.03,8.03,8.03,8.03,8.03,9.63,10.44,10.44,9.63,7.63,7.63,7.63,7.63
N_10_35,N_11_33,12.584448814723178,6.98,6.98,6.98,6.98,6.98,6.98,8.68,8.68,9.44,9.44,7.55,7.55,7.55,7.55,7.55,7.55,9.06,9.82,9.82,9.06,7.17,7.17,7.17,7.17
N_10_36,N_10_34,5.1139944818624326,5.22,5.22,5.22,5.22,5.22,5.22,7.98,7.98,9.21,9.21,6.14,6.14,6.14,6.14,6.14,6.14,8.59,9.82,9.82,8.59,5.52,5.52,5.52,5.52
N_10_36,N_8_34,11.787193994886655,6.54,6.54,6.54,6.54,6.54,6.54,8.13,8.13,8.84,8.84,7.07,7.07,7.07,7.07,7.07,7.07,8.49,9.19,9.19,8.49,6.72,6.72,6.72,6.72
N_10_36,N_8_38,5.514148674412011,5.62,5.62,5.62,5.62,5.62,5.62,8.6,8.6,9.93,9.93,6.62,6.62,6.62,6.62,6.62,6.62,9.26,10.59,10.59,9.26,5.96,5.96,5.96,5.96
N_10_36,N_10_38,1.8144609588231706,2.98,2.98,2.98,2.98,2.98,2.98,4.94,4.94,5.81,5.81,3.63,3.63,3.63,3.63,3.63,3.63,5.37,6.24,6.24,5.37,3.19,3.19,3.19,3.19
N_10_37,N_10_34,9.265890037533378,5.14,5.14,5.14,5.14,5.14,5.14,6.39,6.39,6.95,6.95,5.56,5.56,5.56,5.56,5.56,5.56,6.67,7.23,7.23,6.67,5.28,5.28,5.28,5.28
N_10_37,N_11_38,2.0411898815463245,3.35,3.35,3.35,3.35,3.35,3.35,5.55,5.55,6.53,6.53,4.08,4.08,4.08,4.08,4.08,4.08,6.04,7.02,7.02,6.04,3.59,3.59,3.59,3.59
N_10_37,N_8_38,5.831248437616491,5.95,5.95,5.95,5.95,5.95,5.95,9.1,9.1,10.5,10.5,7.0,7.0,7.0,7.0,7.0,7.0,9.8,11.2,11.2,9.8,6.3,6.3,6.3,6.3
N_10_38,N_10_36,1.8144609588231706,2.98,2.98,2.98,2.98,2.98,2.98,4.94,4.94,5.81,5.81,3.63,3.63,3.63,3.63,3.63,3.63,5.37,6.24,6.24,5.37,3.19,3.19,3.19,3.19
N_10_38,N_8_37,9.044036650418995,5.02,5.02,5.02,5.02,5.02,5.02,6.24,6.24,6.78,6.78,5.43,5.43,5.43,5.43,5.43,5.43,6.51,7.05,7.05,6.51,5.16,5.16,5.16,5.16
N_10_38,N_10_39,6.879877931435267,7.02,7.02,7.02,7.02,7.02,7.02,10.73,10.73,12.38,12.38,8.26,8.26,8.26,8.26,8.26,8.26,11.56,13.21,13.21,11.56,7.43,7.43,7.43,7.43
N_10_39,N_10_38,6.879877931435267,7.02,7.02,7.02,7.02,7.02,7.02,10.73,10.73,12.38,12.38,8.26,8.26,8.26,8.26,8.26,8.26,11.56,13.21,13.21,11.56,7.43,7.43,7.43,7.43
N_10_39,N_12_37,12.679558783831322,7.04,7.04,7.04,7.04,7.04,7.04,8.75,8.75,9.51,9.51,7.61,7.61,7.61,7.61,7.61,7.61,9.13,9.89,9.89,9.13,7.23,7.23,7.23,7.23
N_10_39,N_11_38,6.671047110403375,6.8,6.8,6.8,6.8,6.8,6.8,10.41,10.41,12.01,12.01,8.01,8.01,8.01,8.01,8.01,8.01,11.21,12.81,12.81,11.21,7.2,7.2,7.2,7.2
N_10_4,N_12_5,6.565939564218363,6.7,6.7,6.7,6.7,6.7,6.7,10.24,10.24,11.82,11.82,7.88,7.88,7.88,7.88,7.88,7.88,11.03,12.61,12.61,11.03,7.09,7.09,7.09,7.09
N_10_4,N_8_5,4.146371166201378,4.23,4.23,4.23,4.23,4.23,4.23,6.47,6.47,7.46,7.46,4.98,4.98,4.98,4.98,4.98,4.98,6.97,7.96,7.96,6.97,4.48,4.48,4.48,4.48
N_10_4,N_10_5,6.018010047371861,6.14,6.14,6.14,6.14,6.14,6.14,9.39,9.39,10.83,10.83,7.22,7.22,7.22,7.22,7.22,7.22,10.11,11.55,11.55,10.11,6.5,6.5,6.5,6.5
N_10_4,N_8_4,6.552012068129073,6.68,6.68,6.68,6.68,6.68,6.68,10.22,10.22,11.79,11.79,7.86,7.86,7.86,7.86,7.86,7.86,11.01,12.58,12.58,11.01,7.08,7.08,7.08,7.08
N_10_5,N_10_4,6.018010047371861,6.14,6.14,6.14,6.14,6.14,6.14,9.39,9.39,10.83,10.83,7.22,7.22,7.22,7.22,7.22,7.22,10.11,11.55,11.55,10.11,6.5,6.5,6.5,6.5
N_10_5,N_12_6,5.382703573194979,5.49,5.49,5.49,5.49,5.49,5.49,8.4,8.4,9.69,9.69,6.46,6.46,6.46,6.46,6.46,6.46,9.04,10.33,10.33,9.04,5.81,5.81,5.81,5.81
N_10_5,N_11_5,5.59449136444846,5.71,5.71,5.71,5.71,5.71,5.71,8.73,8.73,10.07,10.07,6.71,6.71,6.71,6.71,6.71,6.71,9.4,10.74,10.74,9.4,6.04,6.04,6.04,6.04
N_10_6,N_12_8,3.726026187347612,3.8,3.8,3.8,3.8,3.8,3.8,5.81,5.81,6.71,6.71,4.47,4.47,4.47,4.47,4.47,4.47,6.26,7.15,7.15,6.26,4.02,4.02,4.02,4.02
N_10_6,N_11_7,12.088563862992702,6.71,6.71,6.71,6.71,6.71,6.71,8.34,8.34,9.07,9.07,7.25,7.25,7.25,7.25,7.25,7.25,8.7,9.43,9.43,8.7,6.89,6.89,6.89,6.89
N_10_6,N_9_4,6.882328949474566,7.02,7.02,7.02,7.02,7.02,7.02,10.74,10.74,12.39,12.39,8.26,8.26,8.26,8.26,8.26,8.26,11.56,13.21,13.21,11.56,7.43,7.43,7.43,7.43
N_10_6,N_10_9,5.441446793651953,5.55,5.55,5.55,5.55,5.55,5.55,8.49,8.49,9.79,9.79,6.53,6.53,6.53,6.53,6.53,6.53,9.14,10.45,10.45,9.14,5.88,5.88,5.88,5.88
N_10_6,N_12_7,4.151267354185873,4.23,4.23,4.23,4.23,4.23,4.23,6.48,6.48,7.47,7.47,4.98,4.98,4.98,4.98,4.98,4.98,6.97,7.97,7.97,6.97,4.48,4.48,4.48,4.48
N_10_7,N_11_8,10.806527636259597,6.0,6.0,6.0,6.0,6.0,6.0,7.46,7.46,8.1,8.1,6.48,6.48,6.48,6.48,6.48,6.48,7.78,8.43,8.43,7.78,6.16,6.16,6.16,6.16
N_10_7,N_9_7,6.371318358638764,6.5,6.5,6.5,6.5,6.5,6.5,9.94,9.94,11.47,11.47,7.65,7.65,7.65,7.65,7.65,7.65,10.7,12.23,12.23,10.7,6.88,6.88,6.88,6.88
N_10_7,N_8_8,3.5009192412370864,3.57,3.57,3.57,3.57,3.57,3.57,5.46,5.46,6.3,6.3,4.2,4.2,4.2,4.2,4.2,4.2,5.88,6.72,6.72,5.88,3.78,3.78,3.78,3.78
N_10_7,N_8_7,4.4345172534873845,4.52,4.52,4.52,4.52,4.52,4.52,6.92,6.92,7.98,7.98,5.32,5.32,5.32,5.32,5.32,5.32,7.45,8.51,8.51,7.45,4.79,4.79,4.79,4.79
N_10_7,N_7_7,0.9382424097224971,1.54,1.54,1.54,1.54,1.54,1.54,2.55,2.55,3.0,3.0,1.88,1.88,1.88,1.88,1.88,1.88,2.78,3.23,3.23,2.78,1.65,1.65,1.65,1.65
N_10_7,N_10_8,5.837705082887217,5.95,5.95,5.95,5.95,5.95,5.95,9.11,9.11,10.51,10.51,7.01,7.01,7.01,7.01,7.01,7.01,9.81,11.21,11.21,9.81,6.3,6.3,6.3,6.3
N_10_7,N_9_8,5.547275977952102,5.66,5.66,5.66,5.66,5.66,5.66,8.65,8.65,9.99,9.99,6.66,6.66,6.66,6.66,6.66,6.66,9.32,10.65,10.65,9.32,5.99,5.99,5.99,5.99
N_10_8,N_10_10,1.8825956749838053,3.09,3.09,3.09,3.09,3.09,3.09,5.12,5.12,6.02,6.02,3.77,3.77,3.77,3.77,3.77,3.77,5.57,6.48,6.48,5.57,3.31,3.31,3.31,3.31
N_10_8,N_10_7,5.837705082887217,5.95,5.95,5.95,5.95,5.95,5.95,9.11,9.11,10.51,10.51,7.01,7.01,7.01,7.01,7.01,7.01,9.81,11.21,11.21,9.81,6.3,6.3,6.3,6.3
N_10_8,N_12_9,3.1544367237665107,3.22,3.22,3.22,3.22,3.22,3.22,4.92,4.92,5.68,5.68,3.79,3.79,3.79,3.79,3.79,3.79,5.3,6.06,6.06,5.3,3.41,3.41,3.41,3.41
N_10_8,N_12_10,6.957087391902483,7.1,7.1,7.1,7.1,7.1,7.1,10.85,10.85,12.52,12.52,8.35,8.35,8.35,8.35,8.35,8.35,11.69,13.36,13.36,11.69,7.51,7.51,7.51,7.51
N_10_8,N_9_6,12.854106859355632,7.13,7.13,7.13,7.13,7.13,7.13,8.87,8.87,9.64,9.64,7.71,7.71,7.71,7.71,7.71,7.71,9.25,10.03,10.03,9.25,7.33,7.33,7.33,7.33
N_10_8,N_10_11,2.1625191844971567,3.55,3.55,3.55,3.55,3.55,3.55,5.88,5.88,6.92,6.92,4.33,4.33,4.33,4.33,4.33,4.33,6.4,7.44,7.44,6.4,3.81,3.81,3.81,3.81
N_10_9,N_10_6,5.441446793651953,5.55,5.55,5.55,5.55,5.55,5.55,8.49,8.49,9.79,9.79,6.53,6.53,6.53,6.53,6.53,6.53,9.14,10.45,10.45,9.14,5.88,5.88,5.88,5.88
N_10_9,N_9_8,5.298040927201722,5.4,5.4,5.4,5.4,5.4,5.4,8.26,8.26,9.54,9.54,6.36,6.36,6.36,6.36,6.36,6.36,8.9,10.17,10.17,8.9,5.72,5.72,5.72,5.72
N_10_9,N_12_8,3.579740117677801,3.65,3.65,3.65,3.65,3.65,3.65,5.58,5.58,6.44,6.44,4.3,4.3,4.3,4.3,4.3,4.3,6.01,6.87,6.87,6.01,3.87,3.87,3.87,3.87
N_10_9,N_12_10,11.4246437098481,6.34,6.34,6.34,6.34,6.34,6.34,7.88,7.88,8.57,8.57,6.85,6.85,6.85,6.85,6.85,6.85,8.23,8.91,8.91,8.23,6.51,6.51,6.51,6.51
N_10_9,N_11_8,3.6137128930584486,3.69,3.69,3.69,3.69,3.69,3.69,5.64,5.64,6.5,6.5,4.34,4.34,4.34,4.34,4.34,4.34,6.07,6.94,6.94,6.07,3.9,3.9,3.9,3.9
N_11_0,N_10_2,12.815012510926355,7.11,7.11,7.11,7.11,7.11,7.11,8.84,8.84,9.61,9.61,7.69,7.69,7.69,7.69,7.69,7.69,9.23,10.0,10.0,9.23,7.3,7.3,7.3,7.3
N_11_0,N_11_2,3.5606123058049692,3.63,3.63,3.63,3.63,3.63,3.63,5.55,5.55,6.41,6.41,4.27,4.27,4.27,4.27,4.27,4.27,5.98,6.84,6.84,5.98,3.85,3.85,3.85,3.85
N_11_0,N_10_1,0.5603624854278757,0.92,0.92,0.92,0.92,0.92,0.92,1.52,1.52,1.79,1.79,1.12,1.12,1.12,1.12,1.12,1.12,1.66,1.93,1.93,1.66,0.99,0.99,0.99,0.99
N_11_0,N_11_1,3.5298262719451583,3.6,3.6,3.6,3.6,3.6,3.6,5.51,5.51,6.35,6.35,4.24,4.24,4.24,4.24,4.24,4.24,5.93,6.78,6.78,5.93,3.81,3.81,3.81,3.81
N_11_0,N_14_0,9.689492905220545,5.38,5.38,5.38,5.38,5.38,5.38,6.69,6.69,7.27,7.27,5.81,5.81,5.81,5.81,5.81,5.81,6.98,7.56,7.56,6.98,5.52,5.52,5.52,5.52
N_11_0,N_13_2,12.78466745141747,7.1,7.1,7.1,7.1,7.1,7.1,8.82,8.82,9.59,9.59,7.67,7.67,7.67,7.67,7.67,7.67,9.2,9.97,9.97,9.2,7.29,7.29,7.29,7.29
N_11_0,N_13_0,12.235849869081656,6.79,6.79,6.79,6.79,6.79,6.79,8.44,8.44,9.18,9.18,7.34,7.34,7.34,7.34,7.34,7.34,8.81,9.54,9.54,8.81,6.97,6.97,6.97,6.97
N_11_1,N_8_1,3.4602490375912236,3.53,3.53,3.53,3.53,3.53,3.53,5.4,5.4,6.23,6.23,4.15,4.15,4.15,4.15,4.15,4.15,5.81,6.64,6.64,5.81,3.74,3.74,3.74,3.74
N_11_1,N_13_0,4.24342036424243,4.33,4.33,4.33,4.33,4.33,4.33,6.62,6.62,7.64,7.64,5.09,5.09,5.09,5.09,5.09,5.09,7.13,8.15,8.15,7.13,4.58,4.58,4.58,4.58
N_11_1,N_9_1,2.3861556971433258,3.91,3.91,3.91,3.91,3.91,3.91,6.49,6.49,7.64,7.64,4.77,4.77,4.77,4.77,4.77,4.77,7.06,8.21,8.21,7.06,4.2,4.2,4.2,4.2
N_11_1,N_11_2,6.0135452073074624,6.13,6.13,6.13,6.13,6.13,6.13,9.38,9.38,10.82,10.82,7.22,7.22,7.22,7.22,7.22,7.22,10.1,11.55,11.55,10.1,6.49,6.49,6.49,6.49
N_11_1,N_11_3,3.065925135352644,3.13,3.13,3.13,3.13,3.13,3.13,4.78,4.78,5.52,5.52,3.68,3.68,3.68,3.68,3.68,3.68,5.15,5.89,5.89,5.15,3.31,3.31,3.31,3.31
N_11_10,N_10_11,6.761009888362563,6.9,6.9,6.9,6.9,6.9,6.9,10.55,10.55,12.17,12.17,8.11,8.11,8.11,8.11,8.11,8.11,11.36,12.98,12.98,11.36,7.3,7.3,7.3,7.3
N_11_10,N_12_11,9.875821136145168,5.48,5.48,5.48,5.48,5.48,5.48,6.81,6.81,7.41,7.41,5.93,5.93,5.93,5.93,5.93,5.93,7.11,7.7,7.7,7.11,5.63,5.63,5.63,5.63
N_11_10,N_12_12,8.903459641782117,4.94,4.94,4.94,4.94,4.94,4.94,6.14,6.14,6.68,6.68,5.34,5.34,5.34,5.34,5.34,5.34,6.41,6.94,6.94,6.41,5.07,5.07,5.07,5.07
N_11_10,N_13_8,8.37066635486223,4.65,4.65,4.65,4.65,4.65,4.65,5.78,5.78,6.28,6.28,5.02,5.02,5.02,5.02,5.02,5.02,6.03,6.53,6.53,6.03,4.77,4.77,4.77,4.77
N_11_10,N_9_8,11.226961037751579,6.23,6.23,6.23,6.23,6.23,6.23,7.75,7.75,8.42,8.42,6.74,6.74,6.74,6.74,6.74,6.74,8.08,8.76,8.76,8.08,6.4,6.4,6.4,6.4
N_11_10,N_12_8,1.9821460190264772,3.25,3.25,3.25,3.25,3.25,3.25,5.39,5.39,6.34,6.34,3.96,3.96,3.96,3.96,3.96,3.96,5.87,6.82,6.82,5.87,3.49,3.49,3.49,3.49
N_11_11,N_14_11,6.610777998039358,6.74,6.74,6.74,6.74,6.74,6.74,10.31,10.31,11.9,11.9,7.93,7.93,7.93,7.93,7.93,7.93,11.11,12.69,12.69,11.11,7.14,7.14,7.14,7.14
N_11_11,N_13_13,12.764920794161071,7.08,7.08,7.08,7.08,7.08,7.08,8.81,8.81,9.57,9.57,7.66,7.66,7.66,7.66,7.66,7.66,9.19,9.96,9.96,9.19,7.28,7.28,7.28,7.28
N_11_11,N_12_9,5.841869469579729,5.96,5.96,5.96,5.96,5.96,5.96,9.11,9.11,10.52,10.52,7.01,7.01,7.01,7.01,7.01,7.01,9.81,11.22,11.22,9.81,6.31,6.31,6.31,6.31
N_11_11,N_12_12,1.0220360735522154,1.68,1.68,1.68,1.68,1.68,1.68,2.78,2.78,3.27,3.27,2.04,2.04,2.04,2.04,2.04,2.04,3.03,3.52,3.52,3.03,1.8,1.8,1.8,1.8
N_11_11,N_11_10,4.266262002676515,4.35,4.35,4.35,4.35,4.35,4.35,6.66,6.66,7.68,7.68,5.12,5.12,5.12,5.12,5.12,5.12,7.17,8.19,8.19,7.17,4.61,4.61,4.61,4.61
N_11_11,N_9_11,4.79320960381385,4.89,4.89,4.89,4.89,4.89,4.89,7.48,7.48,8.63,8.63,5.75,5.75,5.75,5.75,5.75,5.75,8.05,9.2,9.2,8.05,5.18,5.18,5.18,5.18
N_11_11,N_13_9,0.6888843313925248,1.13,1.13,1.13,1.13,1.13,1.13,1.87,1.87,2.2,2.2,1.38,1.38,1.38,1.38,1.38,1.38,2.04,2.37,2.37,2.04,1.21,1.21,1.21,1.21
N_11_12,N_10_10,4.235614022505775,4.32,4.32,4.32,4.32,4.32,4.32,6.61,6.61,7.62,7.62,5.08,5.08,5.08,5.08,5.08,5.08,7.12,8.13,8.13,7.12,4.57,4.57,4.57,4.57
N_11_12,N_10_11,4.195603528249958,4.28,4.28,4.28,4.28,4.28,4.28,6.55,6.55,7.55,7.55,5.03,5.03,5.03,5.03,5.03,5.03,7.05,8.06,8.06,7.05,4.53,4.53,4.53,4.53
N_11_12,N_11_11,6.4681487985746795,6.6,6.6,6.6,6.6,6.6,6.6,10.09,10.09,11.64,11.64,7.76,7.76,7.76,7.76,7.76,7.76,10.87,12.42,12.42,10.87,6.99,6.99,6.99,6.99
N_11_12,N_8_12,4.466563449261299,4.56,4.56,4.56,4.56,4.56,4.56,6.97,6.97,8.04,8.04,5.36,5.36,5.36,5.36,5.36,5.36,7.5,8.58,8.58,7.5,4.82,4.82,4.82,4.82
N_11_12,N_13_13,13.257494612510785,7.36,7.36,7.36,7.36,7.36,7.36,9.15,9.15,9.94,9.94,7.95,7.95,7.95,7.95,7.95,7.95,9.55,10.34,10.34,9.55,7.56,7.56,7.56,7.56
N_11_12,N_13_10,4.0669378241535465,4.15,4.15,4.15,4.15,4.15,4.15,6.34,6.34,7.32,7.32,4.88,4.88,4.88,4.88,4.88,4.88,6.83,7.81,7.81,6.83,4.39,4.39,4.39,4.39
N_11_12,N_11_10,5.1288792145362265,5.23,5.23,5.23,5.23,5.23,5.23,8.0,8.0,9.23,9.23,6.15,6.15,6.15,6.15,6.15,6.15,8.62,9.85,9.85,8.62,5.54,5.54,5.54,5.54
N_11_13,N_12_11,6.550365273033637,6.68,6.68,6.68,6.68,6.68,6.68,10.22,10.22,11.79,11.79,7.86,7.86,7.86,7.86,7.86,7.86,11.0,12.58,12.58,11.0,7.07,7.07,7.07,7.07
N_11_13,N_10_12,1.3363315502774022,2.19,2.19,2.19,2.19,2.19,2.19,3.63,3.63,4.28,4.28,2.67,2.67,2.67,2.67,2.67,2.67,3.96,4.6,4.6,3.96,2.35,2.35,2.35,2.35
N_11_13,N_11_15,0.6907504101115389,1.13,1.13,1.13,1.13,1.13,1.13,1.88,1.88,2.21,2.21,1.38,1.38,1.38,1.38,1.38,1.38,2.04,2.38,2.38,2.04,1.22,1.22,1.22,1.22
N_11_14,N_10_13,3.09680858660079,3.16,3.16,3.16,3.16,3.16,3.16,4.83,4.83,5.57,5.57,3.72,3.72,3.72,3.72,3.72,3.72,5.2,5.95,5.95,5.2,3.34,3.34,3.34,3.34
N_11_14,N_13_13,11.251767610414698,6.24,6.24,6.24,6.24,6.24,6.24,7.76,7.76,8.44,8.44,6.75,6.75,6.75,6.75,6.75,6.75,8.1,8.78,8.78,8.1,6.41,6.41,6.41,6.41
N_11_14,N_12_13,14.718304178221572,8.17,8.17,8.17,8.17,8.17,8.17,10.16,10.16,11.04,11.04,8.83,8.83,8.83,8.83,8.83,8.83,10.6,11.48,11.48,10.6,8.39,8.39,8.39,8.39
N_11_14,N_13_16,4.831323400947505,4.93,4.93,4.93,4.93,4.93,4.93,7.54,7.54,8.7,8.7,5.8,5.8,5.8,5.8,5.8,5.8,8.12,9.28,9.28,8.12,5.22,5.22,5.22,5.22
N_11_14,N_11_16,6.119102712094383,6.24,6.24,6.24,6.24,6.24,6.24,9.55,9.55,11.01,11.01,7.34,7.34,7.34,7.34,7.34,7.34,10.28,11.75,11.75,10.28,6.61,6.61,6.61,6.61
N_11_14,N_10_14,1.8714925318737017,3.07,3.07,3.07,3.07,3.07,3.07,5.09,5.09,5.99,5.99,3.74,3.74,3.74,3.74,3.74,3.74,5.54,6.44,6.44,5.54,3.29,3.29,3.29,3.29
N_11_14,N_9_16,3.214503820424949,3.28,3.28,3.28,3.28,3.28,3.28,5.01,5.01,5.79,5.79,3.86,3.86,3.86,3.86,3.86,3.86,5.4,6.17,6.17,5.4,3.47,3.47,3.47,3.47
N_11_15,N_10_16,6.419048094017988,6.55,6.55,6.55,6.55,6.55,6.55,10.01,10.01,11.55,11.55,7.7,7.7,7.7,7.7,7.7,7.7,10.78,12.32,12.32,10.78,6.93,6.93,6.93,6.93
N_11_15,N_10_17,14.853866759026253,8.24,8.24,8.24,8.24,8.24,8.24,10.25,10.25,11.14,11.14,8.91,8.91,8.91,8.91,8.91,8.91,10.69,11.59,11.59,10.69,8.47,8.47,8.47,8.47
N_11_15,N_12_14,1.1370923236572341,1.86,1.86,1.86,1.86,1.86,1.86,3.09,3.09,3.64,3.64,2.27,2.27,2.27,2.27,2.27,2.27,3.37,3.91,3.91,3.37,2.0,2.0,2.0,2.0
N_11_15,N_12_13,6.718239492132421,6.85,6.85,6.85,6.85,6.85,6.85,10.48,10.48,12.09,12.09,8.06,8.06,8.06,8.06,8.06,8.06,11.29,12.9,12.9,11.29,7.26,7.26,7.26,7.26
N_11_15,N_10_14,3.4739326971602535,3.54,3.54,3.54,3.54,3.54,3.54,5.42,5.42,6.25,6.25,4.17,4.17,4.17,4.17,4.17,4.17,5.84,6.67,6.67,5.84,3.75,3.75,3.75,3.75
N_11_15,N_11_12,5.535788890637492,5.65,5.65,5.65,5.65,5.65,5.65,8.64,8.64,9.96,9.96,6.64,6.64,6.64,6.64,6.64,6.64,9.3,10.63,10.63,9.3,5.98,5.98,5.98,5.98
N_11_16,N_10_14,2.1985761227097864,3.61,3.61,3.61,3.61,3.61,3.61,5.98,5.98,7.04,7.04,4.4,4.4,4.4,4.4,4.4,4.4,6.51,7.56,7.56,6.51,3.87,3.87,3.87,3.87
N_11_16,N_12_15,3.5180779054960167,3.59,3.59,3.59,3.59,3.59,3.59,5.49,5.49,6.33,6.33,4.22,4.22,4.22,4.22,4.22,4.22,5.91,6.75,6.75,5.91,3.8,3.8,3.8,3.8
N_11_16,N_14_16,10.104516738262147,5.61,5.61,5.61,5.61,5.61,5.61,6.97,6.97,7.58,7.58,6.06,6.06,6.06,6.06,6.06,6.06,7.28,7.88,7.88,7.28,5.76,5.76,5.76,5.76
N_11_16,N_10_18,12.155122554830923,6.75,6.75,6.75,6.75,6.75,6.75,8.39,8.39,9.12,9.12,7.29,7.29,7.29,7.29,7.29,7.29,8.75,9.48,9.48,8.75,6.93,6.93,6.93,6.93
N_11_17,N_10_17,1.3431321924799828,2.2,2.2,2.2,2.2,2.2,2.2,3.65,3.65,4.3,4.3,2.69,2.69,2.69,2.69,2.69,2.69,3.98,4.62,4.62,3.98,2.36,2.36,2.36,2.36
N_11_17,N_10_18,9.179777213499529,5.09,5.09,5.09,5.09,5.09,5.09,6.33,6.33,6.88,6.88,5.51,5.51,5.51,5.51,5.51,5.51,6.61,7.16,7.16,6.61,5.23,5.23,5.23,5.23
N_11_17,N_10_19,5.53589680100026,5.65,5.65,5.65,5.65,5.65,5.65,8.64,8.64,9.96,9.96,6.64,6.64,6.64,6.64,6.64,6.64,9.3,10.63,10.63,9.3,5.98,5.98,5.98,5.98
N_11_17,N_11_20,9.88840972263461,5.49,5.49,5.49,5.49,5.49,5.49,6.82,6.82,7.42,7.42,5.93,5.93,5.93,5.93,5.93,5.93,7.12,7.71,7.71,7.12,5.64,5.64,5.64,5.64
N_11_17,N_14_17,5.566745671501025,5.68,5.68,5.68,5.68,5.68,5.68,8.68,8.68,10.02,10.02,6.68,6.68,6.68,6.68,6.68,6.68,9.35,10.69,10.69,9.35,6.01,6.01,6.01,6.01
N_11_17,N_12_17,5.1280414031315615,5.23,5.23,5.23,5.23,5.23,5.23,8.0,8.0,9.23,9.23,6.15,6.15,6.15,6.15,6.15,6.15,8.62,9.85,9.85,8.62,5.54,5.54,5.54,5.54
N_11_18,N_10_20,3.2572113526561046,3.32,3.32,3.32,3.32,3.32,3.32,5.08,5.08,5.86,5.86,3.91,3.91,3.91,3.91,3.91,3.91,5.47,6.25,6.25,5.47,3.52,3.52,3.52,3.52
N_11_18,N_10_18,10.87695549279381,6.04,6.04,6.04,6.04,6.04,6.04,7.51,7.51,8.16,8.16,6.53,6.53,6.53,6.53,6.53,6.53,7.83,8.48,8.48,7.83,6.2,6.2,6.2,6.2
N_11_18,N_13_19,2.2264429231253233,3.65,3.65,3.65,3.65,3.65,3.65,6.06,6.06,7.12,7.12,4.45,4.45,4.45,4.45,4.45,4.45,6.59,7.66,7.66,6.59,3.92,3.92,3.92,3.92
N_11_18,N_9_20,5.514358774939321,5.62,5.62,5.62,5.62,5.62,5.62,8.6,8.6,9.93,9.93,6.62,6.62,6.62,6.62,6.62,6.62,9.26,10.59,10.59,9.26,5.96,5.96,5.96,5.96
N_11_18,N_13_20,6.6250215628641325,6.76,6.76,6.76,6.76,6.76,6.76,10.34,10.34,11.93,11.93,7.95,7.95,7.95,7.95,7.95,7.95,11.13,12.72,12.72,11.13,7.16,7.16,7.16,7.16
N_11_19,N_13_21,5.407681735805144,5.52,5.52,5.52,5.52,5.52,5.52,8.44,8.44,9.73,9.73,6.49,6.49,6.49,6.49,6.49,6.49,9.08,10.38,10.38,9.08,5.84,5.84,5.84,5.84
N_11_19,N_13_17,12.58348826005697,6.98,6.98,6.98,6.98,6.98,6.98,8.68,8.68,9.44,9.44,7.55,7.55,7.55,7.55,7.55,7.55,9.06,9.82,9.82,9.06,7.17,7.17,7.17,7.17
N_11_19,N_9_17,5.352305966921797,5.46,5.46,5.46,5.46,5.46,5.46,8.35,8.35,9.63,9.63,6.42,6.42,6.42,6.42,6.42,6.42,8.99,10.28,10.28,8.99,5.78,5.78,5.78,5.78
N_11_19,N_9_20,9.219797485688298,5.12,5.12,5.12,5.12,5.12,5.12,6.36,6.36,6.91,6.91,5.53,5.53,5.53,5.53,5.53,5.53,6.64,7.19,7.19,6.64,5.26,5.26,5.26,5.26
N_11_19,N_9_21,12.535368494798016,6.96,6.96,6.96,6.96,6.96,6.96,8.65,8.65,9.4,9.4,7.52,7.52,7.52,7.52,7.52,7.52,9.03,9.78,9.78,9.03,7.15,7.15,7.15,7.15
N_11_19,N_10_19,11.317857779929994,6.28,6.28,6.28,6.28,6.28,6.28,7.81,7.81,8.49,8.49,6.79,6.79,6.79,6.79,6.79,6.79,8.15,8.83,8.83,8.15,6.45,6.45,6.45,6.45
N_11_2,N_10_0,5.9939845709058,6.11,6.11,6.11,6.11,6.11,6.11,9.35,9.35,10.79,10.79,7.19,7.19,7.19,7.19,7.19,7.19,10.07,11.51,11.51,10.07,6.47,6.47,6.47,6.47
N_11_2,N_11_0,3.5606123058049692,3.63,3.63,3.63,3.63,3.63,3.63,5.55,5.55,6.41,6.41,4.27,4.27,4.27,4.27,4.27,4.27,5.98,6.84,6.84,5.98,3.85,3.85,3.85,3.85
N_11_2,N_11_3,5.619613667486328,5.73,5.73,5.73,5.73,5.73,5.73,8.77,8.77,10.12,10.12,6.74,6.74,6.74,6.74,6.74,6.74,9.44,10.79,10.79,9.44,6.07,6.07,6.07,6.07
N_11_2,N_10_4,1.121704827055559,1.84,1.84,1.84,1.84,1.84,1.84,3.05,3.05,3.59,3.59,2.24,2.24,2.24,2.24,2.24,2.24,3.32,3.86,3.86,3.32,1.97,1.97,1.97,1.97
N_11_2,N_9_0,1.5523350698007163,2.55,2.55,2.55,2.55,2.55,2.55,4.22,4.22,4.97,4.97,3.1,3.1,3.1,3.1,3.1,3.1,4.59,5.34,5.34,4.59,2.73,2.73,2.73,2.73
N_11_20,N_11_17,9.88840972263461,5.49,5.49,5.49,5.49,5.49,5.49,6.82,6.82,7.42,7.42,5.93,5.93,5.93,5.93,5.93,5.93,7.12,7.71,7.71,7.12,5.64,5.64,5.64,5.64
N_11_20,N_9_21,4.600332363967647,4.69,4.69,4.69,4.69,4.69,4.69,7.18,7.18,8.28,8.28,5.52,5.52,5.52,5.52,5.52,5.52,7.73,8.83,8.83,7.73,4.97,4.97,4.97,4.97
N_11_20,N_13_22,5.249105339010711,5.35,5.35,5.35,5.35,5.35,5.35,8.19,8.19,9.45,9.45,6.3,6.3,6.3,6.3,6.3,6.3,8.82,10.08,10.08,8.82,5.67,5.67,5.67,5.67
N_11_20,N_13_18,13.68193563010555,7.59,7.59,7.59,7.59,7.59,7.59,9.44,9.44,10.26,10.26,8.21,8.21,8.21,8.21,8.21,8.21,9.85,10.67,10.67,9.85,7.8,7.8,7.8,7.8
N_11_20,N_10_19,14.118632593343014,7.84,7.84,7.84,7.84,7.84,7.84,9.74,9.74,10.59,10.59,8.47,8.47,8.47,8.47,8.47,8.47,10.17,11.01,11.01,10.17,8.05,8.05,8.05,8.05
N_11_20,N_10_18,14.754615212004484,8.19,8.19,8.19,8.19,8.19,8.19,10.18,10.18,11.07,11.07,8.85,8.85,8.85,8.85,8.85,8.85,10.62,11.51,11.51,10.62,8.41,8.41,8.41,8.41
N_11_20,N_12_18,2.103513720856426,3.45,3.45,3.45,3.45,3.45,3.45,5.72,5.72,6.73,6.73,4.21,4.21,4.21,4.21,4.21,4.21,6.23,7.24,7.24,6.23,3.7,3.7,3.7,3.7
N_11_21,N_12_20,4.612273467334482,4.7,4.7,4.7,4.7,4.7,4.7,7.2,7.2,8.3,8.3,5.53,5.53,5.53,5.53,5.53,5.53,7.75,8.86,8.86,7.75,4.98,4.98,4.98,4.98
N_11_21,N_11_20,6.669296349437635,6.8,6.8,6.8,6.8,6.8,6.8,10.4,10.4,12.0,12.0,8.0,8.0,8.0,8.0,8.0,8.0,11.2,12.81,12.81,11.2,7.2,7.2,7.2,7.2
N_11_21,N_11_18,1.9852161441289733,3.26,3.26,3.26,3.26,3.26,3.26,5.4,5.4,6.35,6.35,3.97,3.97,3.97,3.97,3.97,3.97,5.88,6.83,6.83,5.88,3.49,3.49,3.49,3.49
N_11_21,N_11_19,4.001937621184253,4.08,4.08,4.08,4.08,4.08,4.08,6.24,6.24,7.2,7.2,4.8,4.8,4.8,4.8,4.8,4.8,6.72,7.68,7.68,6.72,4.32,4.32,4.32,4.32
N_11_21,N_12_23,3.296185125675662,3.36,3.36,3.36,3.36,3.36,3.36,5.14,5.14,5.93,5.93,3.96,3.96,3.96,3.96,3.96,3.96,5.54,6.33,6.33,5.54,3.56,3.56,3.56,3.56
N_11_21,N_11_22,3.3855910194554224,3.45,3.45,3.45,3.45,3.45,3.45,5.28,5.28,6.09,6.09,4.06,4.06,4.06,4.06,4.06,4.06,5.69,6.5,6.5,5.69,3.66,3.66,3.66,3.66
N_11_21,N_13_19,0.7990717870818267,1.31,1.31,1.31,1.31,1.31,1.31,2.17,2.17,2.56,2.56,1.6,1.6,1.6,1.6,1.6,1.6,2.37,2.75,2.75,2.37,1.41,1.41,1.41,1.41
N_11_22,N_11_21,3.3855910194554224,3.45,3.45,3.45,3.45,3.45,3.45,5.28,5.28,6.09,6.09,4.06,4.06,4.06,4.06,4.06,4.06,5.69,6.5,6.5,5.69,3.66,3.66,3.66,3.66
N_11_22,N_13_20,6.37958104159674,6.51,6.51,6.51,6.51,6.51,6.51,9.95,9.95,11.48,11.48,7.66,7.66,7.66,7.66,7.66,7.66,10.72,12.25,12.25,10.72,6.89,6.89,6.89,6.89
N_11_22,N_10_22,3.9641695016092995,4.04,4.04,4.04,4.04,4.04,4.04,6.18,6.18,7.14,7.14,4.76,4.76,4.76,4.76,4.76,4.76,6.66,7.61,7.61,6.66,4.28,4.28,4.28,4.28
N_11_23,N_10_22,4.808971333098638,4.91,4.91,4.91,4.91,4.91,4.91,7.5,7.5,8.66,8.66,5.77,5.77,5.77,5.77,5.77,5.77,8.08,9.23,9.23,8.08,5.19,5.19,5.19,5.19
N_11_23,N_11_20,3.3742519908048623,3.44,3.44,3.44,3.44,3.44,3.44,5.26,5.26,6.07,6.07,4.05,4.05,4.05,4.05,4.05,4.05,5.67,6.48,6.48,5.67,3.64,3.64,3.64,3.64
N_11_23,N_13_25,4.4797896551995295,4.57,4.57,4.57,4.57,4.57,4.57,6.99,6.99,8.06,8.06,5.38,5.38,5.38,5.38,5.38,5.38,7.53,8.6,8.6,7.53,4.84,4.84,4.84,4.84
N_11_23,N_12_24,3.251057349634302,3.32,3.32,3.32,3.32,3.32,3.32,5.07,5.07,5.85,5.85,3.9,3.9,3.9,3.9,3.9,3.9,5.46,6.24,6.24,5.46,3.51,3.51,3.51,3.51
N_11_24,N_10_23,4.897285186631462,5.0,5.0,5.0,5.0,5.0,5.0,7.64,7.64,8.82,8.82,5.88,5.88,5.88,5.88,5.88,5.88,8.23,9.4,9.4,8.23,5.29,5.29,5.29,5.29
N_11_24,N_10_26,12.387756848327928,6.88,6.88,6.88,6.88,6.88,6.88,8.55,8.55,9.29,9.29,7.43,7.43,7.43,7.43,7.43,7.43,8.92,9.66,9.66,8.92,7.06,7.06,7.06,7.06
N_11_24,N_13_26,12.762993873875983,7.08,7.08,7.08,7.08,7.08,7.08,8.81,8.81,9.57,9.57,7.66,7.66,7.66,7.66,7.66,7.66,9.19,9.96,9.96,9.19,7.27,7.27,7.27,7.27
N_11_24,N_8_24,1.4206173480834157,2.33,2.33,2.33,2.33,2.33,2.33,3.86,3.86,4.55,4.55,2.84,2.84,2.84,2.84,2.84,2.84,4.21,4.89,4.89,4.21,2.5,2.5,2.5,2.5
N_11_24,N_10_24,3.2654057816995197,3.33,3.33,3.33,3.33,3.33,3.33,5.09,5.09,5.88,5.88,3.92,3.92,3.92,3.92,3.92,3.92,5.49,6.27,6.27,5.49,3.53,3.53,3.53,3.53
N_11_24,N_10_25,0.894355519160845,1.47,1.47,1.47,1.47,1.47,1.47,2.43,2.43,2.86,2.86,1.79,1.79,1.79,1.79,1.79,1.79,2.65,3.08,3.08,2.65,1.57,1.57,1.57,1.57
N_11_24,N_11_27,4.207862522991464,4.29,4.29,4.29,4.29,4.29,4.29,6.56,6.56,7.57,7.57,5.05,5.05,5.05,5.05,5.05,5.05,7.07,8.08,8.08,7.07,4.54,4.54,4.54,4.54
N_11_25,N_8_25,4.607020018393236,4.7,4.7,4.7,4.7,4.7,4.7,7.19,7.19,8.29,8.29,5.53,5.53,5.53,5.53,5.53,5.53,7.74,8.85,8.85,7.74,4.98,4.98,4.98,4.98
N_11_25,N_13_23,9.926266329604584,5.51,5.51,5.51,5.51,5.51,5.51,6.85,6.85,7.44,7.44,5.96,5.96,5.96,5.96,5.96,5.96,7.15,7.74,7.74,7.15,5.66,5.66,5.66,5.66
N_11_25,N_12_26,3.333603413535574,3.4,3.4,3.4,3.4,3.4,3.4,5.2,5.2,6.0,6.0,4.0,4.0,4.0,4.0,4.0,4.0,5.6,6.4,6.4,5.6,3.6,3.6,3.6,3.6
N_11_25,N_10_24,10.391033052279127,5.77,5.77,5.77,5.77,5.77,5.77,7.17,7.17,7.79,7.79,6.23,6.23,6.23,6.23,6.23,6.23,7.48,8.11,8.11,7.48,5.92,5.92,5.92,5.92
N_11_26,N_10_28,5.113701489780452,5.22,5.22,5.22,5.22,5.22,5.22,7.98,7.98,9.2,9.2,6.14,6.14,6.14,6.14,6.14,6.14,8.59,9.82,9.82,8.59,5.52,5.52,5.52,5.52
N_11_26,N_11_23,6.906802238382353,7.04,7.04,7.04,7.04,7.04,7.04,10.77,10.77,12.43,12.43,8.29,8.29,8.29,8.29,8.29,8.29,11.6,13.26,13.26,11.6,7.46,7.46,7.46,7.46
N_11_26,N_11_27,6.980862981226981,7.12,7.12,7.12,7.12,7.12,7.12,10.89,10.89,12.57,12.57,8.38,8.38,8.38,8.38,8.38,8.38,11.73,13.4,13.4,11.73,7.54,7.54,7.54,7.54
N_11_27,N_10_26,0.731335035650587,1.2,1.2,1.2,1.2,1.2,1.2,1.99,1.99,2.34,2.34,1.46,1.46,1.46,1.46,1.46,1.46,2.16,2.52,2.52,2.16,1.29,1.29,1.29,1.29
N_11_27,N_10_28,6.421399920361681,6.55,6.55,6.55,6.55,6.55,6.55,10.02,10.02,11.56,11.56,7.71,7.71,7.71,7.71,7.71,7.71,10.79,12.33,12.33,10.79,6.94,6.94,6.94,6.94
N_11_27,N_11_24,4.207862522991464,4.29,4.29,4.29,4.29,4.29,4.29,6.56,6.56,7.57,7.57,5.05,5.05,5.05,5.05,5.05,5.05,7.07,8.08,8.08,7.07,4.54,4.54,4.54,4.54
N_11_27,N_11_26,6.980862981226981,7.12,7.12,7.12,7.12,7.12,7.12,10.89,10.89,12.57,12.57,8.38,8.38,8.38,8.38,8.38,8.38,11.73,13.4,13.4,11.73,7.54,7.54,7.54,7.54
N_11_27,N_9_26,6.027188319604922,6.15,6.15,6.15,6.15,6.15,6.15,9.4,9.4,10.85,10.85,7.23,7.23,7.23,7.23,7.23,7.23,10.13,11.57,11.57,10.13,6.51,6.51,6.51,6.51
N_11_27,N_12_26,8.737588743663336,4.85,4.85,4.85,4.85,4.85,4.85,6.03,6.03,6.55,6.55,5.24,5.24,5.24,5.24,5.24,5.24,6.29,6.82,6.82,6.29,4.98,4.98,4.98,4.98
N_11_27,N_11_29,8.612304018837621,4.78,4.78,4.78,4.78,4.78,4.78,5.94,5.94,6.46,6.46,5.17,5.17,5.17,5.17,5.17,5.17,6.2,6.72,6.72,6.2,4.91,4.91,4.91,4.91
N_11_27,N_13_29,13.81854499239708,7.67,7.67,7.67,7.67,7.67,7.67,9.53,9.53,10.36,10.36,8.29,8.29,8.29,8.29,8.29,8.29,9.95,10.78,10.78,9.95,7.88,7.88,7.88,7.88
N_11_28,N_10_30,2.0001676352850573,3.28,3.28,3.28,3.28,3.28,3.28,5.44,5.44,6.4,6.4,4.0,4.0,4.0,4.0,4.0,4.0,5.92,6.88,6.88,5.92,3.52,3.52,3.52,3.52
N_11_28,N_13_27,6.058654337392378,6.18,6.18,6.18,6.18,6.18,6.18,9.45,9.45,10.91,10.91,7.27,7.27,7.27,7.27,7.27,7.27,10.18,11.63,11.63,10.18,6.54,6.54,6.54,6.54
N_11_28,N_10_26,1.424925378617004,2.34,2.34,2.34,2.34,2.34,2.34,3.88,3.88,4.56,4.56,2.85,2.85,2.85,2.85,2.85,2.85,4.22,4.9,4.9,4.22,2.51,2.51,2.51,2.51
N_11_28,N_13_28,1.2425217903356123,2.04,2.04,2.04,2.04,2.04,2.04,3.38,3.38,3.98,3.98,2.49,2.49,2.49,2.49,2.49,2.49,3.68,4.27,4.27,3.68,2.19,2.19,2.19,2.19
N_11_28,N_11_27,1.3626643890170291,2.23,2.23,2.23,2.23,2.23,2.23,3.71,3.71,4.36,4.36,2.73,2.73,2.73,2.73,2.73,2.73,4.03,4.69,4.69,4.03,2.4,2.4,2.4,2.4
N_11_28,N_10_27,1.113197021224972,1.83,1.83,1.83,1.83,1.83,1.83,3.03,3.03,3.56,3.56,2.23,2.23,2.23,2.23,2.23,2.23,3.3,3.83,3.83,3.3,1.96,1.96,1.96,1.96
N_11_28,N_11_29,4.495240163601043,4.59,4.59,4.59,4.59,4.59,4.59,7.01,7.01,8.09,8.09,5.39,5.39,5.39,5.39,5.39,5.39,7.55,8.63,8.63,7.55,4.85,4.85,4.85,4.85
N_11_28,N_12_27,8.516422499160603,4.73,4.73,4.73,4.73,4.73,4.73,5.88,5.88,6.39,6.39,5.11,5.11,5.11,5.11,5.11,5.11,6.13,6.64,6.64,6.13,4.85,4.85,4.85,4.85
N_11_29,N_10_28,5.955129720422583,6.07,6.07,6.07,6.07,6.07,6.07,9.29,9.29,10.72,10.72,7.15,7.15,7.15,7.15,7.15,7.15,10.0,11.43,11.43,10.0,6.43,6.43,6.43,6.43
N_11_29,N_11_27,8.612304018837621,4.78,4.78,4.78,4.78,4.78,4.78,5.94,5.94,6.46,6.46,5.17,5.17,5.17,5.17,5.17,5.17,6.2,6.72,6.72,6.2,4.91,4.91,4.91,4.91
N_11_29,N_11_28,4.495240163601043,4.59,4.59,4.59,4.59,4.59,4.59,7.01,7.01,8.09,8.09,5.39,5.39,5.39,5.39,5.39,5.39,7.55,8.63,8.63,7.55,4.85,4.85,4.85,4.85
N_11_29,N_11_26,12.916781625342004,7.17,7.17,7.17,7.17,7.17,7.17,8.91,8.91,9.69,9.69,7.75,7.75,7.75,7.75,7.75,7.75,9.3,10.08,10.08,9.3,7.36,7.36,7.36,7.36
N_11_3,N_11_1,3.3440891833797566,3.41,3.41,3.41,3.41,3.41,3.41,5.22,5.22,6.02,6.02,4.01,4.01,4.01,4.01,4.01,4.01,5.62,6.42,6.42,5.62,3.61,3.61,3.61,3.61
N_11_3,N_10_5,6.10312757969205,6.23,6.23,6.23,6.23,6.23,6.23,9.52,9.52,10.99,10.99,7.32,7.32,7.32,7.32,7.32,7.32,10.25,11.72,11.72,10.25,6.59,6.59,6.59,6.59
N_11_3,N_12_5,5.63398284135058,5.75,5.75,5.75,5.75,5.75,5.75,8.79,8.79,10.14,10.14,6.76,6.76,6.76,6.76,6.76,6.76,9.47,10.82,10.82,9.47,6.08,6.08,6.08,6.08
N_11_3,N_11_4,10.259572182469512,5.69,5.69,5.69,5.69,5.69,5.69,7.08,7.08,7.69,7.69,6.16,6.16,6.16,6.16,6.16,6.16,7.39,8.0,8.0,7.39,5.85,5.85,5.85,5.85
N_11_3,N_12_3,14.774782372101463,8.2,8.2,8.2,8.2,8.2,8.2,10.19,10.19,11.08,11.08,8.86,8.86,8.86,8.86,8.86,8.86,10.64,11.52,11.52,10.64,8.42,8.42,8.42,8.42
N_11_30,N_9_29,3.6021847590471463,3.67,3.67,3.67,3.67,3.67,3.67,5.62,5.62,6.48,6.48,4.32,4.32,4.32,4.32,4.32,4.32,6.05,6.92,6.92,6.05,3.89,3.89,3.89,3.89
N_11_30,N_12_31,5.448553021003173,5.56,5.56,5.56,5.56,5.56,5.56,8.5,8.5,9.81,9.81,6.54,6.54,6.54,6.54,6.54,6.54,9.15,10.46,10.46,9.15,5.88,5.88,5.88,5.88
N_11_30,N_10_28,13.703808999270972,7.61,7.61,7.61,7.61,7.61,7.61,9.46,9.46,10.28,10.28,8.22,8.22,8.22,8.22,8.22,8.22,9.87,10.69,10.69,9.87,7.81,7.81,7.81,7.81
N_11_30,N_14_30,6.3451720129794555,6.47,6.47,6.47,6.47,6.47,6.47,9.9,9.9,11.42,11.42,7.61,7.61,7.61,7.61,7.61,7.61,10.66,12.18,12.18,10.66,6.85,6.85,6.85,6.85
N_11_31,N_9_32,3.109141924081429,3.17,3.17,3.17,3.17,3.17,3.17,4.85,4.85,5.6,5.6,3.73,3.73,3.73,3.73,3.73,3.73,5.22,5.97,5.97,5.22,3.36,3.36,3.36,3.36
N_11_31,N_13_30,6.22307552237128,6.35,6.35,6.35,6.35,6.35,6.35,9.71,9.71,11.2,11.2,7.47,7.47,7.47,7.47,7.47,7.47,10.45,11.95,11.95,10.45,6.72,6.72,6.72,6.72
N_11_31,N_11_29,6.908573908806652,7.05,7.05,7.05,7.05,7.05,7.05,10.78,10.78,12.44,12.44,8.29,8.29,8.29,8.29,8.29,8.29,11.61,13.26,13.26,11.61,7.46,7.46,7.46,7.46
N_11_31,N_10_33,6.770690096640692,6.91,6.91,6.91,6.91,6.91,6.91,10.56,10.56,12.19,12.19,8.12,8.12,8.12,8.12,8.12,8.12,11.37,13.0,13.0,11.37,7.31,7.31,7.31,7.31
N_11_31,N_9_33,14.443115118946409,8.02,8.02,8.02,8.02,8.02,8.02,9.97,9.97,10.83,10.83,8.67,8.67,8.67,8.67,8.67,8.67,10.4,11.27,11.27,10.4,8.23,8.23,8.23,8.23
N_11_31,N_9_30,5.592716638844504,5.7,5.7,5.7,5.7,5.7,5.7,8.72,8.72,10.07,10.07,6.71,6.71,6.71,6.71,6.71,6.71,9.4,10.74,10.74,9.4,6.04,6.04,6.04,6.04
N_11_31,N_14_31,10.23354313276397,5.68,5.68,5.68,5.68,5.68,5.68,7.06,7.06,7.68,7.68,6.14,6.14,6.14,6.14,6.14,6.14,7.37,7.98,7.98,7.37,5.83,5.83,5.83,5.83
N_11_32,N_11_33,5.191288987378945,5.3,5.3,5.3,5.3,5.3,5.3,8.1,8.1,9.34,9.34,6.23,6.23,6.23,6.23,6.23,6.23,8.72,9.97,9.97,8.72,5.61,5.61,5.61,5.61
N_11_32,N_10_31,14.902205921748628,8.27,8.27,8.27,8.27,8.27,8.27,10.28,10.28,11.18,11.18,8.94,8.94,8.94,8.94,8.94,8.94,10.73,11.62,11.62,10.73,8.49,8.49,8.49,8.49
N_11_32,N_10_33,1.2381632664743398,2.03,2.03,2.03,2.03,2.03,2.03,3.37,3.37,3.96,3.96,2.48,2.48,2.48,2.48,2.48,2.48,3.66,4.26,4.26,3.66,2.18,2.18,2.18,2.18
N_11_32,N_13_33,5.28557581936114,5.39,5.39,5.39,5.39,5.39,5.39,8.25,8.25,9.51,9.51,6.34,6.34,6.34,6.34,6.34,6.34,8.88,10.15,10.15,8.88,5.71,5.71,5.71,5.71
N_11_32,N_11_29,5.4598369974976375,5.57,5.57,5.57,5.57,5.57,5.57,8.52,8.52,9.83,9.83,6.55,6.55,6.55,6.55,6.55,6.55,9.17,10.48,10.48,9.17,5.9,5.9,5.9,5.9
N_11_32,N_13_32,5.548577615651489,5.66,5.66,5.66,5.66,5.66,5.66,8.66,8.66,9.99,9.99,6.66,6.66,6.66,6.66,6.66,6.66,9.32,10.65,10.65,9.32,5.99,5.99,5.99,5.99
N_11_33,N_12_33,5.479724398987246,5.59,5.59,5.59,5.59,5.59,5.59,8.55,8.55,9.86,9.86,6.58,6.58,6.58,6.58,6.58,6.58,9.21,10.52,10.52,9.21,5.92,5.92,5.92,5.92
N_11_33,N_9_34,4.922618875864167,5.02,5.02,5.02,5.02,5.02,5.02,7.68,7.68,8.86,8.86,5.91,5.91,5.91,5.91,5.91,5.91,8.27,9.45,9.45,8.27,5.32,5.32,5.32,5.32
N_11_33,N_13_32,2.089967603270577,3.43,3.43,3.43,3.43,3.43,3.43,5.68,5.68,6.69,6.69,4.18,4.18,4.18,4.18,4.18,4.18,6.19,7.19,7.19,6.19,3.68,3.68,3.68,3.68
N_11_33,N_13_35,4.935555688834195,5.03,5.03,5.03,5.03,5.03,5.03,7.7,7.7,8.88,8.88,5.92,5.92,5.92,5.92,5.92,5.92,8.29,9.48,9.48,8.29,5.33,5.33,5.33,5.33
N_11_33,N_13_34,8.81251832272083,4.89,4.89,4.89,4.89,4.89,4.89,6.08,6.08,6.61,6.61,5.29,5.29,5.29,5.29,5.29,5.29,6.35,6.87,6.87,6.35,5.02,5.02,5.02,5.02
N_11_33,N_13_31,10.31063070758136,5.72,5.72,5.72,5.72,5.72,5.72,7.11,7.11,7.73,7.73,6.19,6.19,6.19,6.19,6.19,6.19,7.42,8.04,8.04,7.42,5.88,5.88,5.88,5.88
N_11_34,N_9_36,6.29490490352465,6.42,6.42,6.42,6.42,6.42,6.42,9.82,9.82,11.33,11.33,7.55,7.55,7.55,7.55,7.55,7.55,10.58,12.09,12.09,10.58,6.8,6.8,6.8,6.8
N_11_34,N_9_32,5.450185934412506,5.56,5.56,5.56,5.56,5.56,5.56,8.5,8.5,9.81,9.81,6.54,6.54,6.54,6.54,6.54,6.54,9.16,10.46,10.46,9.16,5.89,5.89,5.89,5.89
N_11_34,N_13_35,9.15666554364843,5.08,5.08,5.08,5.08,5.08,5.08,6.32,6.32,6.87,6.87,5.49,5.49,5.49,5.49,5.49,5.49,6.59,7.14,7.14,6.59,5.22,5.22,5.22,5.22
N_11_34,N_9_34,3.4458345853168257,3.51,3.51,3.51,3.51,3.51,3.51,5.38,5.38,6.2,6.2,4.14,4.14,4.14,4.14,4.14,4.14,5.79,6.62,6.62,5.79,3.72,3.72,3.72,3.72
N_11_35,N_10_34,5.00652279990762,5.11,5.11,5.11,5.11,5.11,5.11,7.81,7.81,9.01,9.01,6.01,6.01,6.01,6.01,6.01,6.01,8.41,9.61,9.61,8.41,5.41,5.41,5.41,5.41
N_11_35,N_12_37,0.5670681636919801,0.93,0.93,0.93,0.93,0.93,0.93,1.54,1.54,1.81,1.81,1.13,1.13,1.13,1.13,1.13,1.13,1.68,1.95,1.95,1.68,1.0,1.0,1.0,1.0
N_11_35,N_13_34,10.099947997259624,5.61,5.61,5.61,5.61,5.61,5.61,6.97,6.97,7.57,7.57,6.06,6.06,6.06,6.06,6.06,6.06,7.27,7.88,7.88,7.27,5.76,5.76,5.76,5.76
N_11_36,N_12_36,6.509035561436765,6.64,6.64,6.64,6.64,6.64,6.64,10.15,10.15,11.72,11.72,7.81,7.81,7.81,7.81,7.81,7.81,10.94,12.5,12.5,10.94,7.03,7.03,7.03,7.03
N_11_36,N_9_38,5.95451819609586,6.07,6.07,6.07,6.07,6.07,6.07,9.29,9.29,10.72,10.72,7.15,7.15,7.15,7.15,7.15,7.15,10.0,11.43,11.43,10.0,6.43,6.43,6.43,6.43
N_11_36,N_12_37,6.863691861567338,7.0,7.0,7.0,7.0,7.0,7.0,10.71,10.71,12.35,12.35,8.24,8.24,8.24,8.24,8.24,8.24,11.53,13.18,13.18,11.53,7.41,7.41,7.41,7.41
N_11_36,N_13_35,9.208158119752618,5.11,5.11,5.11,5.11,5.11,5.11,6.35,6.35,6.91,6.91,5.52,5.52,5.52,5.52,5.52,5.52,6.63,7.18,7.18,6.63,5.25,5.25,5.25,5.25
N_11_36,N_12_35,8.969120171487186,4.98,4.98,4.98,4.98,4.98,4.98,6.19,6.19,6.73,6.73,5.38,5.38,5.38,5.38,5.38,5.38,6.46,7.0,7.0,6.46,5.11,5.11,5.11,5.11
N_11_36,N_10_37,5.675603072648263,5.79,5.79,5.79,5.79,5.79,5.79,8.85,8.85,10.22,10.22,6.81,6.81,6.81,6.81,6.81,6.81,9.54,10.9,10.9,9.54,6.13,6.13,6.13,6.13
N_11_37,N_11_36,3.4677781746349523,3.54,3.54,3.54,3.54,3.54,3.54,5.41,5.41,6.24,6.24,4.16,4.16,4.16,4.16,4.16,4.16,5.83,6.66,6.66,5.83,3.75,3.75,3.75,3.75
N_11_37,N_10_37,4.330796297046561,4.42,4.42,4.42,4.42,4.42,4.42,6.76,6.76,7.8,7.8,5.2,5.2,5.2,5.2,5.2,5.2,7.28,8.32,8.32,7.28,4.68,4.68,4.68,4.68
N_11_37,N_13_39,14.940853870313186,8.29,8.29,8.29,8.29,8.29,8.29,10.31,10.31,11.21,11.21,8.96,8.96,8.96,8.96,8.96,8.96,10.76,11.65,11.65,10.76,8.52,8.52,8.52,8.52
N_11_38,N_10_37,2.0411898815463245,3.35,3.35,3.35,3.35,3.35,3.35,5.55,5.55,6.53,6.53,4.08,4.08,4.08,4.08,4.08,4.08,6.04,7.02,7.02,6.04,3.59,3.59,3.59,3.59
N_11_38,N_10_39,6.671047110403375,6.8,6.8,6.8,6.8,6.8,6.8,10.41,10.41,12.01,12.01,8.01,8.01,8.01,8.01,8.01,8.01,11.21,12.81,12.81,11.21,7.2,7.2,7.2,7.2
N_11_38,N_10_36,11.815341602592813,6.56,6.56,6.56,6.56,6.56,6.56,8.15,8.15,8.86,8.86,7.09,7.09,7.09,7.09,7.09,7.09,8.51,9.22,9.22,8.51,6.73,6.73,6.73,6.73
N_11_39,N_10_39,6.520862158644264,6.65,6.65,6.65,6.65,6.65,6.65,10.17,10.17,11.74,11.74,7.83,7.83,7.83,7.83,7.83,7.83,10.96,12.52,12.52,10.96,7.04,7.04,7.04,7.04
N_11_39,N_14_39,9.70190811797715,5.38,5.38,5.38,5.38,5.38,5.38,6.69,6.69,7.28,7.28,5.82,5.82,5.82,5.82,5.82,5.82,6.99,7.57,7.57,6.99,5.53,5.53,5.53,5.53
N_11_39,N_11_36,5.393390492602624,5.5,5.5,5.5,5.5,5.5,5.5,8.41,8.41,9.71,9.71,6.47,6.47,6.47,6.47,6.47,6.47,9.06,10.36,10.36,9.06,5.82,5.82,5.82,5.82
N_11_39,N_13_38,8.889847312118555,4.93,4.93,4.93,4.93,4.93,4.93,6.13,6.13,6.67,6.67,5.33,5.33,5.33,5.33,5.33,5.33,6.4,6.93,6.93,6.4,5.07,5.07,5.07,5.07
N_11_39,N_12_38,1.99668601281456,3.27,3.27,3.27,3.27,3.27,3.27,5.43,5.43,6.39,6.39,3.99,3.99,3.99,3.99,3.99,3.99,5.91,6.87,6.87,5.91,3.51,3.51,3.51,3.51
N_11_39,N_11_38,9.292666420235928,5.16,5.16,5.16,5.16,5.16,5.16,6.41,6.41,6.97,6.97,5.58,5.58,5.58,5.58,5.58,5.58,6.69,7.25,7.25,6.69,5.3,5.3,5.3,5.3
N_11_39,N_9_39,6.7710611319146,6.91,6.91,6.91,6.91,6.91,6.91,10.56,10.56,12.19,12.19,8.13,8.13,8.13,8.13,8.13,8.13,11.38,13.0,13.0,11.38,7.31,7.31,7.31,7.31
N_11_39,N_10_37,14.100365054149337,7.83,7.83,7.83,7.83,7.83,7.83,9.73,9.73,10.58,10.58,8.46,8.46,8.46,8.46,8.46,8.46,10.15,11.0,11.0,10.15,8.04,8.04,8.04,8.04
N_11_4,N_13_6,1.3235971494257186,2.17,2.17,2.17,2.17,2.17,2.17,3.6,3.6,4.24,4.24,2.65,2.65,2.65,2.65,2.65,2.65,3.92,4.55,4.55,3.92,2.33,2.33,2.33,2.33
N_11_4,N_9_2,13.088029409691,7.26,7.26,7.26,7.26,7.26,7.26,9.03,9.03,9.82,9.82,7.85,7.85,7.85,7.85,7.85,7.85,9.42,10.21,10.21,9.42,7.46,7.46,7.46,7.46
N_11_4,N_12_6,14.850092638471768,8.24,8.24,8.24,8.24,8.24,8.24,10.25,10.25,11.14,11.14,8.91,8.91,8.91,8.91,8.91,8.91,10.69,11.58,11.58,10.69,8.46,8.46,8.46,8.46
N_11_5,N_10_5,5.59449136444846,5.71,5.71,5.71,5.71,5.71,5.71,8.73,8.73,10.07,10.07,6.71,6.71,6.71,6.71,6.71,6.71,9.4,10.74,10.74,9.4,6.04,6.04,6.04,6.04
N_11_5,N_13_4,6.631235092224621,6.76,6.76,6.76,6.76,6.76,6.76,10.34,10.34,11.94,11.94,7.96,7.96,7.96,7.96,7.96,7.96,11.14,12.73,12.73,11.14,7.16,7.16,7.16,7.16
N_11_5,N_9_5,9.031774252822048,5.01,5.01,5.01,5.01,5.01,5.01,6.23,6.23,6.77,6.77,5.42,5.42,5.42,5.42,5.42,5.42,6.5,7.04,7.04,6.5,5.15,5.15,5.15,5.15
N_11_5,N_13_3,4.059004092143878,4.14,4.14,4.14,4.14,4.14,4.14,6.33,6.33,7.31,7.31,4.87,4.87,4.87,4.87,4.87,4.87,6.82,7.79,7.79,6.82,4.38,4.38,4.38,4.38
N_11_5,N_12_7,12.142652205135805,6.74,6.74,6.74,6.74,6.74,6.74,8.38,8.38,9.11,9.11,7.29,7.29,7.29,7.29,7.29,7.29,8.74,9.47,9.47,8.74,6.92,6.92,6.92,6.92
N_11_5,N_11_7,13.150153679573174,7.3,7.3,7.3,7.3,7.3,7.3,9.07,9.07,9.86,9.86,7.89,7.89,7.89,7.89,7.89,7.89,9.47,10.26,10.26,9.47,7.5,7.5,7.5,7.5
N_11_5,N_13_7,3.768055265397944,3.84,3.84,3.84,3.84,3.84,3.84,5.88,5.88,6.78,6.78,4.52,4.52,4.52,4.52,4.52,4.52,6.33,7.23,7.23,6.33,4.07,4.07,4.07,4.07
N_11_5,N_14_5,4.455257015230181,4.54,4.54,4.54,4.54,4.54,4.54,6.95,6.95,8.02,8.02,5.35,5.35,5.35,5.35,5.35,5.35,7.48,8.55,8.55,7.48,4.81,4.81,4.81,4.81
N_11_6,N_13_6,14.68185112910225,8.15,8.15,8.15,8.15,8.15,8.15,10.13,10.13,11.01,11.01,8.81,8.81,8.81,8.81,8.81,8.81,10.57,11.45,11.45,10.57,8.37,8.37,8.37,8.37
N_11_6,N_10_6,1.4190764302989702,2.33,2.33,2.33,2.33,2.33,2.33,3.86,3.86,4.54,4.54,2.84,2.84,2.84,2.84,2.84,2.84,4.2,4.88,4.88,4.2,2.5,2.5,2.5,2.5
N_11_6,N_9_8,10.905828772189887,6.05,6.05,6.05,6.05,6.05,6.05,7.53,7.53,8.18,8.18,6.54,6.54,6.54,6.54,6.54,6.54,7.85,8.51,8.51,7.85,6.22,6.22,6.22,6.22
N_11_6,N_12_7,14.171853337804112,7.87,7.87,7.87,7.87,7.87,7.87,9.78,9.78,10.63,10.63,8.5,8.5,8.5,8.5,8.5,8.5,10.2,11.05,11.05,10.2,8.08,8.08,8.08,8.08
N_11_6,N_9_5,5.4890941073837745,5.6,5.6,5.6,5.6,5.6,5.6,8.56,8.56,9.88,9.88,6.59,6.59,6.59,6.59,6.59,6.59,9.22,10.54,10.54,9.22,5.93,5.93,5.93,5.93
N_11_7,N_10_6,12.088563862992702,6.71,6.71,6.71,6.71,6.71,6.71,8.34,8.34,9.07,9.07,7.25,7.25,7.25,7.25,7.25,7.25,8.7,9.43,9.43,8.7,6.89,6.89,6.89,6.89
N_11_7,N_11_5,13.150153679573174,7.3,7.3,7.3,7.3,7.3,7.3,9.07,9.07,9.86,9.86,7.89,7.89,7.89,7.89,7.89,7.89,9.47,10.26,10.26,9.47,7.5,7.5,7.5,7.5
N_11_7,N_12_5,11.990536095091727,6.65,6.65,6.65,6.65,6.65,6.65,8.27,8.27,8.99,8.99,7.19,7.19,7.19,7.19,7.19,7.19,8.63,9.35,9.35,8.63,6.83,6.83,6.83,6.83
N_11_7,N_9_7,5.43765877800997,5.55,5.55,5.55,5.55,5.55,5.55,8.48,8.48,9.79,9.79,6.53,6.53,6.53,6.53,6.53,6.53,9.14,10.44,10.44,9.14,5.87,5.87,5.87,5.87
N_11_7,N_12_9,6.983377187880901,7.12,7.12,7.12,7.12,7.12,7.12,10.89,10.89,12.57,12.57,8.38,8.38,8.38,8.38,8.38,8.38,11.73,13.41,13.41,11.73,7.54,7.54,7.54,7.54
N_11_7,N_11_10,11.326390354929973,6.29,6.29,6.29,6.29,6.29,6.29,7.82,7.82,8.49,8.49,6.8,6.8,6.8,6.8,6.8,6.8,8.16,8.83,8.83,8.16,6.46,6.46,6.46,6.46
N_11_8,N_10_7,10.806527636259597,6.0,6.0,6.0,6.0,6.0,6.0,7.46,7.46,8.1,8.1,6.48,6.48,6.48,6.48,6.48,6.48,7.78,8.43,8.43,7.78,6.16,6.16,6.16,6.16
N_11_8,N_10_9,3.6137128930584486,3.69,3.69,3.69,3.69,3.69,3.69,5.64,5.64,6.5,6.5,4.34,4.34,4.34,4.34,4.34,4.34,6.07,6.94,6.94,6.07,3.9,3.9,3.9,3.9
N_11_8,N_8_8,1.4659640333430841,2.4,2.4,2.4,2.4,2.4,2.4,3.99,3.99,4.69,4.69,2.93,2.93,2.93,2.93,2.93,2.93,4.34,5.04,5.04,4.34,2.58,2.58,2.58,2.58
N_11_8,N_12_10,4.507598255876191,4.6,4.6,4.6,4.6,4.6,4.6,7.03,7.03,8.11,8.11,5.41,5.41,5.41,5.41,5.41,5.41,7.57,8.65,8.65,7.57,4.87,4.87,4.87,4.87
N_11_8,N_11_7,5.949944723663861,6.07,6.07,6.07,6.07,6.07,6.07,9.28,9.28,10.71,10.71,7.14,7.14,7.14,7.14,7.14,7.14,10.0,11.42,11.42,10.0,6.43,6.43,6.43,6.43
N_11_8,N_14_8,4.793380582692889,4.89,4.89,4.89,4.89,4.89,4.89,7.48,7.48,8.63,8.63,5.75,5.75,5.75,5.75,5.75,5.75,8.05,9.2,9.2,8.05,5.18,5.18,5.18,5.18
N_11_9,N_11_11,8.818206536648226,4.89,4.89,4.89,4.89,4.89,4.89,6.08,6.08,6.61,6.61,5.29,5.29,5.29,5.29,5.29,5.29,6.35,6.88,6.88,6.35,5.03,5.03,5.03,5.03
N_11_9,N_9_9,4.381398012862189,4.47,4.47,4.47,4.47,4.47,4.47,6.83,6.83,7.89,7.89,5.26,5.26,5.26,5.26,5.26,5.26,7.36,8.41,8.41,7.36,4.73,4.73,4.73,4.73
N_11_9,N_9_7,0.9691826398675669,1.59,1.59,1.59,1.59,1.59,1.59,2.64,2.64,3.1,3.1,1.94,1.94,1.94,1.94,1.94,1.94,2.87,3.33,3.33,2.87,1.71,1.71,1.71,1.71
N_11_9,N_13_8,8.629139724050557,4.79,4.79,4.79,4.79,4.79,4.79,5.95,5.95,6.47,6.47,5.18,5.18,5.18,5.18,5.18,5.18,6.21,6.73,6.73,6.21,4.92,4.92,4.92,4.92
N_12_0,N_10_2,5.174177432578354,5.28,5.28,5.28,5.28,5.28,5.28,8.07,8.07,9.31,9.31,6.21,6.21,6.21,6.21,6.21,6.21,8.69,9.93,9.93,8.69,5.59,5.59,5.59,5.59
N_12_0,N_15_0,13.075662954777485,7.26,7.26,7.26,7.26,7.26,7.26,9.02,9.02,9.81,9.81,7.85,7.85,7.85,7.85,7.85,7.85,9.41,10.2,10.2,9.41,7.45,7.45,7.45,7.45
N_12_0,N_14_2,2.148152802597869,3.52,3.52,3.52,3.52,3.52,3.52,5.84,5.84,6.87,6.87,4.3,4.3,4.3,4.3,4.3,4.3,6.36,7.39,7.39,6.36,3.78,3.78,3.78,3.78
N_12_0,N_11_0,3.265804640446284,3.33,3.33,3.33,3.33,3.33,3.33,5.09,5.09,5.88,5.88,3.92,3.92,3.92,3.92,3.92,3.92,5.49,6.27,6.27,5.49,3.53,3.53,3.53,3.53
N_12_0,N_12_3,3.5432513622692836,3.61,3.61,3.61,3.61,3.61,3.61,5.53,5.53,6.38,6.38,4.25,4.25,4.25,4.25,4.25,4.25,5.95,6.8,6.8,5.95,3.83,3.83,3.83,3.83
N_12_0,N_13_0,11.297714616136842,6.27,6.27,6.27,6.27,6.27,6.27,7.8,7.8,8.47,8.47,6.78,6.78,6.78,6.78,6.78,6.78,8.13,8.81,8.81,8.13,6.44,6.44,6.44,6.44
N_12_1,N_14_3,4.188300418968106,4.27,4.27,4.27,4.27,4.27,4.27,6.53,6.53,7.54,7.54,5.03,5.03,5.03,5.03,5.03,5.03,7.04,8.04,8.04,7.04,4.52,4.52,4.52,4.52
N_12_1,N_10_0,4.25877548402328,4.34,4.34,4.34,4.34,4.34,4.34,6.64,6.64,7.67,7.67,5.11,5.11,5.11,5.11,5.11,5.11,7.15,8.18,8.18,7.15,4.6,4.6,4.6,4.6
N_12_1,N_10_2,6.412878164097968,6.54,6.54,6.54,6.54,6.54,6.54,10.0,10.0,11.54,11.54,7.7,7.7,7.7,7.7,7.7,7.7,10.77,12.31,12.31,10.77,6.93,6.93,6.93,6.93
N_12_1,N_12_3,10.398506031092959,5.77,5.77,5.77,5.77,5.77,5.77,7.17,7.17,7.8,7.8,6.24,6.24,6.24,6.24,6.24,6.24,7.49,8.11,8.11,7.49,5.93,5.93,5.93,5.93
N_12_1,N_12_0,3.2940457953802906,3.36,3.36,3.36,3.36,3.36,3.36,5.14,5.14,5.93,5.93,3.95,3.95,3.95,3.95,3.95,3.95,5.53,6.32,6.32,5.53,3.56,3.56,3.56,3.56
N_12_1,N_12_4,1.7196561419985668,2.82,2.82,2.82,2.82,2.82,2.82,4.68,4.68,5.5,5.5,3.44,3.44,3.44,3.44,3.44,3.44,5.09,5.92,5.92,5.09,3.03,3.03,3.03,3.03
N_12_10,N_10_8,6.957087391902483,7.1,7.1,7.1,7.1,7.1,7.1,10.85,10.85,12.52,12.52,8.35,8.35,8.35,8.35,8.35,8.35,11.69,13.36,13.36,11.69,7.51,7.51,7.51,7.51
N_12_10,N_10_9,11.4246437098481,6.34,6.34,6.34,6.34,6.34,6.34,7.88,7.88,8.57,8.57,6.85,6.85,6.85,6.85,6.85,6.85,8.23,8.91,8.91,8.23,6.51,6.51,6.51,6.51
N_12_10,N_11_8,4.507598255876191,4.6,4.6,4.6,4.6,4.6,4.6,7.03,7.03,8.11,8.11,5.41,5.41,5.41,5.41,5.41,5.41,7.57,8.65,8.65,7.57,4.87,4.87,4.87,4.87
N_12_10,N_15_10,2.2200328033538526,3.64,3.64,3.64,3.64,3.64,3.64,6.04,6.04,7.1,7.1,4.44,4.44,4.44,4.44,4.44,4.44,6.57,7.64,7.64,6.57,3.91,3.91,3.91,3.91
N_12_11,N_10_11,6.729034545937873,6.86,6.86,6.86,6.86,6.86,6.86,10.5,10.5,12.11,12.11,8.07,8.07,8.07,8.07,8.07,8.07,11.3,12.92,12.92,11.3,7.27,7.27,7.27,7.27
N_12_11,N_11_10,9.875821136145168,5.48,5.48,5.48,5.48,5.48,5.48,6.81,6.81,7.41,7.41,5.93,5.93,5.93,5.93,5.93,5.93,7.11,7.7,7.7,7.11,5.63,5.63,5.63,5.63
N_12_11,N_11_13,6.550365273033637,6.68,6.68,6.68,6.68,6.68,6.68,10.22,10.22,11.79,11.79,7.86,7.86,7.86,7.86,7.86,7.86,11.0,12.58,12.58,11.0,7.07,7.07,7.07,7.07
N_12_11,N_15_11,6.839916988356693,6.98,6.98,6.98,6.98,6.98,6.98,10.67,10.67,12.31,12.31,8.21,8.21,8.21,8.21,8.21,8.21,11.49,13.13,13.13,11.49,7.39,7.39,7.39,7.39
N_12_12,N_10_11,4.085326050597871,4.17,4.17,4.17,4.17,4.17,4.17,6.37,6.37,7.35,7.35,4.9,4.9,4.9,4.9,4.9,4.9,6.86,7.84,7.84,6.86,4.41,4.41,4.41,4.41
N_12_12,N_11_10,8.903459641782117,4.94,4.94,4.94,4.94,4.94,4.94,6.14,6.14,6.68,6.68,5.34,5.34,5.34,5.34,5.34,5.34,6.41,6.94,6.94,6.41,5.07,5.07,5.07,5.07
N_12_12,N_11_11,1.0220360735522154,1.68,1.68,1.68,1.68,1.68,1.68,2.78,2.78,3.27,3.27,2.04,2.04,2.04,2.04,2.04,2.04,3.03,3.52,3.52,3.03,1.8,1.8,1.8,1.8
N_12_13,N_11_14,14.718304178221572,8.17,8.17,8.17,8.17,8.17,8.17,10.16,10.16,11.04,11.04,8.83,8.83,8.83,8.83,8.83,8.83,10.6,11.48,11.48,10.6,8.39,8.39,8.39,8.39
N_12_13,N_13_13,13.474453905369183,7.48,7.48,7.48,7.48,7.48,7.48,9.3,9.3,10.11,10.11,8.08,8.08,8.08,8.08,8.08,8.08,9.7,10.51,10.51,9.7,7.68,7.68,7.68,7.68
N_12_13,N_10_14,3.956530541551459,4.04,4.04,4.04,4.04,4.04,4.04,6.17,6.17,7.12,7.12,4.75,4.75,4.75,4.75,4.75,4.75,6.65,7.6,7.6,6.65,4.27,4.27,4.27,4.27
N_12_13,N_13_11,1.6789228385058914,2.75,2.75,2.75,2.75,2.75,2.75,4.57,4.57,5.37,5.37,3.36,3.36,3.36,3.36,3.36,3.36,4.97,5.78,5.78,4.97,2.95,2.95,2.95,2.95
N_12_13,N_12_15,6.963272579668615,7.1,7.1,7.1,7.1,7.1,7.1,10.86,10.86,12.53,12.53,8.36,8.36,8.36,8.36,8.36,8.36,11.7,13.37,13.37,11.7,7.52,7.52,7.52,7.52
N_12_13,N_12_16,2.4630154606857957,4.04,4.04,4.04,4.04,4.04,4.04,6.7,6.7,7.88,7.88,4.93,4.93,4.93,4.93,4.93,4.93,7.29,8.47,8.47,7.29,4.33,4.33,4.33,4.33
N_12_13,N_12_14,11.292465339197658,6.27,6.27,6.27,6.27,6.27,6.27,7.79,7.79,8.47,8.47,6.78,6.78,6.78,6.78,6.78,6.78,8.13,8.81,8.81,8.13,6.44,6.44,6.44,6.44
N_12_14,N_10_15,4.263385855360363,4.35,4.35,4.35,4.35,4.35,4.35,6.65,6.65,7.67,7.67,5.12,5.12,5.12,5.12,5.12,5.12,7.16,8.19,8.19,7.16,4.6,4.6,4.6,4.6
N_12_14,N_11_15,1.1370923236572341,1.86,1.86,1.86,1.86,1.86,1.86,3.09,3.09,3.64,3.64,2.27,2.27,2.27,2.27,2.27,2.27,3.37,3.91,3.91,3.37,2.0,2.0,2.0,2.0
N_12_14,N_10_12,0.9982400040720862,1.64,1.64,1.64,1.64,1.64,1.64,2.72,2.72,3.19,3.19,2.0,2.0,2.0,2.0,2.0,2.0,2.95,3.43,3.43,2.95,1.76,1.76,1.76,1.76
N_12_14,N_10_13,4.651773348980212,4.74,4.74,4.74,4.74,4.74,4.74,7.26,7.26,8.37,8.37,5.58,5.58,5.58,5.58,5.58,5.58,7.81,8.93,8.93,7.81,5.02,5.02,5.02,5.02
N_12_15,N_10_15,4.659367909566763,4.75,4.75,4.75,4.75,4.75,4.75,7.27,7.27,8.39,8.39,5.59,5.59,5.59,5.59,5.59,5.59,7.83,8.95,8.95,7.83,5.03,5.03,5.03,5.03
N_12_15,N_10_16,10.087085008996967,5.6,5.6,5.6,5.6,5.6,5.6,6.96,6.96,7.57,7.57,6.05,6.05,6.05,6.05,6.05,6.05,7.26,7.87,7.87,7.26,5.75,5.75,5.75,5.75
N_12_15,N_11_16,3.5180779054960167,3.59,3.59,3.59,3.59,3.59,3.59,5.49,5.49,6.33,6.33,4.22,4.22,4.22,4.22,4.22,4.22,5.91,6.75,6.75,5.91,3.8,3.8,3.8,3.8
N_12_16,N_12_13,2.4630154606857957,4.04,4.04,4.04,4.04,4.04,4.04,6.7,6.7,7.88,7.88,4.93,4.93,4.93,4.93,4.93,4.93,7.29,8.47,8.47,7.29,4.33,4.33,4.33,4.33
N_12_16,N_9_16,8.936897583975997,4.96,4.96,4.96,4.96,4.96,4.96,6.17,6.17,6.7,6.7,5.36,5.36,5.36,5.36,5.36,5.36,6.43,6.97,6.97,6.43,5.09,5.09,5.09,5.09
N_12_16,N_11_18,2.1598394873956908,3.54,3.54,3.54,3.54,3.54,3.54,5.87,5.87,6.91,6.91,4.32,4.32,4.32,4.32,4.32,4.32,6.39,7.43,7.43,6.39,3.8,3.8,3.8,3.8
N_12_16,N_13_16,13.280678662257616,7.37,7.37,7.37,7.37,7.37,7.37,9.16,9.16,9.96,9.96,7.97,7.97,7.97,7.97,7.97,7.97,9.56,10.36,10.36,9.56,7.57,7.57,7.57,7.57
N_12_16,N_12_15,1.9889311277696862,3.26,3.26,3.26,3.26,3.26,3.26,5.41,5.41,6.36,6.36,3.98,3.98,3.98,3.98,3.98,3.98,5.89,6.84,6.84,5.89,3.5,3.5,3.5,3.5
N_12_16,N_12_18,14.241489375901654,7.9,7.9,7.9,7.9,7.9,7.9,9.83,9.83,10.68,10.68,8.54,8.54,8.54,8.54,8.54,8.54,10.25,11.11,11.11,10.25,8.12,8.12,8.12,8.12
N_12_17,N_11_17,5.1280414031315615,5.23,5.23,5.23,5.23,5.23,5.23,8.0,8.0,9.23,9.23,6.15,6.15,6.15,6.15,6.15,6.15,8.62,9.85,9.85,8.62,5.54,5.54,5.54,5.54
N_12_17,N_14_15,4.368808014106797,4.46,4.46,4.46,4.46,4.46,4.46,6.82,6.82,7.86,7.86,5.24,5.24,5.24,5.24,5.24,5.24,7.34,8.39,8.39,7.34,4.72,4.72,4.72,4.72
N_12_17,N_10_17,8.881485218707493,4.93,4.93,4.93,4.93,4.93,4.93,6.13,6.13,6.66,6.66,5.33,5.33,5.33,5.33,5.33,5.33,6.39,6.93,6.93,6.39,5.06,5.06,5.06,5.06
N_12_17,N_14_17,3.9569335572803572,4.04,4.04,4.04,4.04,4.04,4.04,6.17,6.17,7.12,7.12,4.75,4.75,4.75,4.75,4.75,4.75,6.65,7.6,7.6,6.65,4.27,4.27,4.27,4.27
N_12_18,N_10_16,9.025867204885241,5.01,5.01,5.01,5.01,5.01,5.01,6.23,6.23,6.77,6.77,5.42,5.42,5.42,5.42,5.42,5.42,6.5,7.04,7.04,6.5,5.14,5.14,5.14,5.14
N_12_18,N_12_17,3.668471493272771,3.74,3.74,3.74,3.74,3.74,3.74,5.72,5.72,6.6,6.6,4.4,4.4,4.4,4.4,4.4,4.4,6.16,7.04,7.04,6.16,3.96,3.96,3.96,3.96
N_12_18,N_11_17,5.717390634470814,5.83,5.83,5.83,5.83,5.83,5.83,8.92,8.92,10.29,10.29,6.86,6.86,6.86,6.86,6.86,6.86,9.61,10.98,10.98,9.61,6.17,6.17,6.17,6.17
N_12_18,N_10_20,8.46432438425977,4.7,4.7,4.7,4.7,4.7,4.7,5.84,5.84,6.35,6.35,5.08,5.08,5.08,5.08,5.08,5.08,6.09,6.6,6.6,6.09,4.82,4.82,4.82,4.82
N_12_18,N_11_16,0.7622130292437701,1.25,1.25,1.25,1.25,1.25,1.25,2.07,2.07,2.44,2.44,1.52,1.52,1.52,1.52,1.52,1.52,2.26,2.62,2.62,2.26,1.34,1.34,1.34,1.34
N_12_18,N_10_19,14.403805057040305,7.99,7.99,7.99,7.99,7.99,7.99,9.94,9.94,10.8,10.8,8.64,8.64,8.64,8.64,8.64,8.64,10.37,11.23,11.23,10.37,8.21,8.21,8.21,8.21
N_12_18,N_9_18,3.4680596394008436,3.54,3.54,3.54,3.54,3.54,3.54,5.41,5.41,6.24,6.24,4.16,4.16,4.16,4.16,4.16,4.16,5.83,6.66,6.66,5.83,3.75,3.75,3.75,3.75
N_12_18,N_13_17,0.8497495711526273,1.39,1.39,1.39,1.39,1.39,1.39,2.31,2.31,2.72,2.72,1.7,1.7,1.7,1.7,1.7,1.7,2.52,2.92,2.92,2.52,1.5,1.5,1.5,1.5
N_12_19,N_12_16,5.843236132736754,5.96,5.96,5.96,5.96,5.96,5.96,9.12,9.12,10.52,10.52,7.01,7.01,7.01,7.01,7.01,7.01,9.82,11.22,11.22,9.82,6.31,6.31,6.31,6.31
N_12_19,N_14_20,5.5057213427600225,5.62,5.62,5.62,5.62,5.62,5.62,8.59,8.59,9.91,9.91,6.61,6.61,6.61,6.61,6.61,6.61,9.25,10.57,10.57,9.25,5.95,5.95,5.95,5.95
N_12_19,N_12_20,1.8837104889045508,3.09,3.09,3.09,3.09,3.09,3.09,5.12,5.12,6.03,6.03,3.77,3.77,3.77,3.77,3.77,3.77,5.58,6.48,6.48,5.58,3.32,3.32,3.32,3.32
N_12_19,N_10_21,6.02822325016852,6.15,6.15,6.15,6.15,6.15,6.15,9.4,9.4,10.85,10.85,7.23,7.23,7.23,7.23,7.23,7.23,10.13,11.57,11.57,10.13,6.51,6.51,6.51,6.51
N_12_19,N_10_19,4.073252786817813,4.15,4.15,4.15,4.15,4.15,4.15,6.35,6.35,7.33,7.33,4.89,4.89,4.89,4.89,4.89,4.89,6.84,7.82,7.82,6.84,4.4,4.4,4.4,4.4
N_12_19,N_14_18,3.6569545066577644,3.73,3.73,3.73,3.73,3.73,3.73,5.7,5.7,6.58,6.58,4.39,4.39,4.39,4.39,4.39,4.39,6.14,7.02,7.02,6.14,3.95,3.95,3.95,3.95
N_12_2,N_13_0,9.860277105681352,5.47,5.47,5.47,5.47,5.47,5.47,6.8,6.8,7.4,7.4,5.92,5.92,5.92,5.92,5.92,5.92,7.1,7.69,7.69,7.1,5.62,5.62,5.62,5.62
N_12_2,N_15_2,5.460116220258705,5.57,5.57,5.57,5.57,5.57,5.57,8.52,8.52,9.83,9.83,6.55,6.55,6.55,6.55,6.55,6.55,9.17,10.48,10.48,9.17,5.9,5.9,5.9,5.9
N_12_2,N_12_3,3.541916961640136,3.61,3.61,3.61,3.61,3.61,3.61,5.53,5.53,6.38,6.38,4.25,4.25,4.25,4.25,4.25,4.25,5.95,6.8,6.8,5.95,3.83,3.83,3.83,3.83
N_12_2,N_14_1,14.592077285112175,8.1,8.1,8.1,8.1,8.1,8.1,10.07,10.07,10.94,10.94,8.76,8.76,8.76,8.76,8.76,8.76,10.51,11.38,11.38,10.51,8.32,8.32,8.32,8.32
N_12_2,N_13_1,14.386112586474514,7.98,7.98,7.98,7.98,7.98,7.98,9.93,9.93,10.79,10.79,8.63,8.63,8.63,8.63,8.63,8.63,10.36,11.22,11.22,10.36,8.2,8.2,8.2,8.2
N_12_2,N_11_2,6.23335722084971,6.36,6.36,6.36,6.36,6.36,6.36,9.72,9.72,11.22,11.22,7.48,7.48,7.48,7.48,7.48,7.48,10.47,11.97,11.97,10.47,6.73,6.73,6.73,6.73
N_12_2,N_10_4,1.1713644349350227,1.92,1.92,1.92,1.92,1.92,1.92,3.19,3.19,3.75,3.75,2.34,2.34,2.34,2.34,2.34,2.34,3.47,4.03,4.03,3.47,2.06,2.06,2.06,2.06
N_12_20,N_11_21,4.612273467334482,4.7,4.7,4.7,4.7,4.7,4.7,7.2,7.2,8.3,8.3,5.53,5.53,5.53,5.53,5.53,5.53,7.75,8.86,8.86,7.75,4.98,4.98,4.98,4.98
N_12_20,N_12_19,1.8837104889045508,3.09,3.09,3.09,3.09,3.09,3.09,5.12,5.12,6.03,6.03,3.77,3.77,3.77,3.77,3.77,3.77,5.58,6.48,6.48,5.58,3.32,3.32,3.32,3.32
N_12_20,N_14_21,1.6653563403039133,2.73,2.73,2.73,2.73,2.73,2.73,4.53,4.53,5.33,5.33,3.33,3.33,3.33,3.33,3.33,3.33,4.93,5.73,5.73,4.93,2.93,2.93,2.93,2.93
N_12_21,N_10_21,9.045121367433893,5.02,5.02,5.02,5.02,5.02,5.02,6.24,6.24,6.78,6.78,5.43,5.43,5.43,5.43,5.43,5.43,6.51,7.06,7.06,6.51,5.16,5.16,5.16,5.16
N_12_21,N_10_23,4.1161370132675295,4.2,4.2,4.2,4.2,4.2,4.2,6.42,6.42,7.41,7.41,4.94,4.94,4.94,4.94,4.94,4.94,6.92,7.9,7.9,6.92,4.45,4.45,4.45,4.45
N_12_21,N_11_21,3.6862030866474873,3.76,3.76,3.76,3.76,3.76,3.76,5.75,5.75,6.64,6.64,4.42,4.42,4.42,4.42,4.42,4.42,6.19,7.08,7.08,6.19,3.98,3.98,3.98,3.98
N_12_21,N_14_23,11.545307302687355,6.41,6.41,6.41,6.41,6.41,6.41,7.97,7.97,8.66,8.66,6.93,6.93,6.93,6.93,6.93,6.93,8.31,9.01,9.01,8.31,6.58,6.58,6.58,6.58
N_12_22,N_10_21,14.951374306527818,8.3,8.3,8.3,8.3,8.3,8.3,10.32,10.32,11.21,11.21,8.97,8.97,8.97,8.97,8.97,8.97,10.76,11.66,11.66,10.76,8.52,8.52,8.52,8.52
N_12_22,N_11_23,4.585022730044324,4.68,4.68,4.68,4.68,4.68,4.68,7.15,7.15,8.25,8.25,5.5,5.5,5.5,5.5,5.5,5.5,7.7,8.8,8.8,7.7,4.95,4.95,4.95,4.95
N_12_22,N_10_20,0.7019498815844685,1.15,1.15,1.15,1.15,1.15,1.15,1.91,1.91,2.25,2.25,1.4,1.4,1.4,1.4,1.4,1.4,2.08,2.41,2.41,2.08,1.24,1.24,1.24,1.24
N_12_22,N_11_21,8.235181906332285,4.57,4.57,4.57,4.57,4.57,4.57,5.68,5.68,6.18,6.18,4.94,4.94,4.94,4.94,4.94,4.94,5.93,6.42,6.42,5.93,4.69,4.69,4.69,4.69
N_12_22,N_11_20,0.8268544845414798,1.36,1.36,1.36,1.36,1.36,1.36,2.25,2.25,2.65,2.65,1.65,1.65,1.65,1.65,1.65,1.65,2.45,2.84,2.84,2.45,1.46,1.46,1.46,1.46
N_12_22,N_15_22,5.858150701242645,5.98,5.98,5.98,5.98,5.98,5.98,9.14,9.14,10.54,10.54,7.03,7.03,7.03,7.03,7.03,7.03,9.84,11.25,11.25,9.84,6.33,6.33,6.33,6.33
N_12_23,N_11_21,3.296185125675662,3.36,3.36,3.36,3.36,3.36,3.36,5.14,5.14,5.93,5.93,3.96,3.96,3.96,3.96,3.96,3.96,5.54,6.33,6.33,5.54,3.56,3.56,3.56,3.56
N_12_23,N_12_22,4.725174019969947,4.82,4.82,4.82,4.82,4.82,4.82,7.37,7.37,8.51,8.51,5.67,5.67,5.67,5.67,5.67,5.67,7.94,9.07,9.07,7.94,5.1,5.1,5.1,5.1
N_12_23,N_10_21,5.463645754271518,5.57,5.57,5.57,5.57,5.57,5.57,8.52,8.52,9.83,9.83,6.56,6.56,6.56,6.56,6.56,6.56,9.18,10.49,10.49,9.18,5.9,5.9,5.9,5.9
N_12_24,N_11_23,3.251057349634302,3.32,3.32,3.32,3.32,3.32,3.32,5.07,5.07,5.85,5.85,3.9,3.9,3.9,3.9,3.9,3.9,5.46,6.24,6.24,5.46,3.51,3.51,3.51,3.51
N_12_24,N_12_22,5.420702166921593,5.53,5.53,5.53,5.53,5.53,5.53,8.46,8.46,9.76,9.76,6.5,6.5,6.5,6.5,6.5,6.5,9.11,10.41,10.41,9.11,5.85,5.85,5.85,5.85
N_12_24,N_13_26,5.262719902873854,5.37,5.37,5.37,5.37,5.37,5.37,8.21,8.21,9.47,9.47,6.32,6.32,6.32,6.32,6.32,6.32,8.84,10.1,10.1,8.84,5.68,5.68,5.68,5.68
N_12_24,N_15_24,11.687383962196822,6.49,6.49,6.49,6.49,6.49,6.49,8.06,8.06,8.77,8.77,7.01,7.01,7.01,7.01,7.01,7.01,8.41,9.12,9.12,8.41,6.66,6.66,6.66,6.66
N_12_24,N_13_22,5.378596353884916,5.49,5.49,5.49,5.49,5.49,5.49,8.39,8.39,9.68,9.68,6.45,6.45,6.45,6.45,6.45,6.45,9.04,10.33,10.33,9.04,5.81,5.81,5.81,5.81
N_12_25,N_10_23,14.082836609562108,7.82,7.82,7.82,7.82,7.82,7.82,9.72,9.72,10.56,10.56,8.45,8.45,8.45,8.45,8.45,8.45,10.14,10.98,10.98,10.14,8.03,8.03,8.03,8.03
N_12_25,N_10_25,3.1320859997133756,3.19,3.19,3.19,3.19,3.19,3.19,4.89,4.89,5.64,5.64,3.76,3.76,3.76,3.76,3.76,3.76,5.26,6.01,6.01,5.26,3.38,3.38,3.38,3.38
N_12_25,N_13_26,4.690982272026322,4.78,4.78,4.78,4.78,4.78,4.78,7.32,7.32,8.44,8.44,5.63,5.63,5.63,5.63,5.63,5.63,7.88,9.01,9.01,7.88,5.07,5.07,5.07,5.07
N_12_25,N_11_25,4.716758891345327,4.81,4.81,4.81,4.81,4.81,4.81,7.36,7.36,8.49,8.49,5.66,5.66,5.66,5.66,5.66,5.66,7.92,9.06,9.06,7.92,5.09,5.09,5.09,5.09
N_12_25,N_10_27,6.60128434433291,6.73,6.73,6.73,6.73,6.73,6.73,10.3,10.3,11.88,11.88,7.92,7.92,7.92,7.92,7.92,7.92,11.09,12.67,12.67,11.09,7.13,7.13,7.13,7.13
N_12_26,N_10_28,8.126168020090514,4.51,4.51,4.51,4.51,4.51,4.51,5.61,5.61,6.09,6.09,4.88,4.88,4.88,4.88,4.88,4.88,5.85,6.34,6.34,5.85,4.63,4.63,4.63,4.63
N_12_26,N_11_27,8.737588743663336,4.85,4.85,4.85,4.85,4.85,4.85,6.03,6.03,6.55,6.55,5.24,5.24,5.24,5.24,5.24,5.24,6.29,6.82,6.82,6.29,4.98,4.98,4.98,4.98
N_12_26,N_12_23,10.189086741730994,5.65,5.65,5.65,5.65,5.65,5.65,7.03,7.03,7.64,7.64,6.11,6.11,6.11,6.11,6.11,6.11,7.34,7.95,7.95,7.34,5.81,5.81,5.81,5.81
N_12_26,N_14_27,13.557169428208352,7.52,7.52,7.52,7.52,7.52,7.52,9.35,9.35,10.17,10.17,8.13,8.13,8.13,8.13,8.13,8.13,9.76,10.57,10.57,9.76,7.73,7.73,7.73,7.73
N_12_26,N_12_27,14.962350004312771,8.3,8.3,8.3,8.3,8.3,8.3,10.32,10.32,11.22,11.22,8.98,8.98,8.98,8.98,8.98,8.98,10.77,11.67,11.67,10.77,8.53,8.53,8.53,8.53
N_12_27,N_10_27,6.801152833461444,6.94,6.94,6.94,6.94,6.94,6.94,10.61,10.61,12.24,12.24,8.16,8.16,8.16,8.16,8.16,8.16,11.43,13.06,13.06,11.43,7.35,7.35,7.35,7.35
N_12_27,N_10_28,3.482014579432488,3.55,3.55,3.55,3.55,3.55,3.55,5.43,5.43,6.27,6.27,4.18,4.18,4.18,4.18,4.18,4.18,5.85,6.69,6.69,5.85,3.76,3.76,3.76,3.76
N_12_27,N_10_29,1.7648268757175243,2.89,2.89,2.89,2.89,2.89,2.89,4.8,4.8,5.65,5.65,3.53,3.53,3.53,3.53,3.53,3.53,5.22,6.07,6.07,5.22,3.11,3.11,3.11,3.11
N_12_27,N_12_26,14.962350004312771,8.3,8.3,8.3,8.3,8.3,8.3,10.32,10.32,11.22,11.22,8.98,8.98,8.98,8.98,8.98,8.98,10.77,11.67,11.67,10.77,8.53,8.53,8.53,8.53
N_12_28,N_10_27,11.122422101562773,6.17,6.17,6.17,6.17,6.17,6.17,7.67,7.67,8.34,8.34,6.67,6.67,6.67,6.67,6.67,6.67,8.01,8.68,8.68,8.01,6.34,6.34,6.34,6.34
N_12_28,N_13_30,5.349026312386362,5.46,5.46,5.46,5.46,5.46,5.46,8.34,8.34,9.63,9.63,6.42,6.42,6.42,6.42,6.42,6.42,8.99,10.27,10.27,8.99,5.78,5.78,5.78,5.78
N_12_28,N_10_30,14.156834714481626,7.86,7.86,7.86,7.86,7.86,7.86,9.77,9.77,10.62,10.62,8.49,8.49,8.49,8.49,8.49,8.49,10.19,11.04,11.04,10.19,8.07,8.07,8.07,8.07
N_12_28,N_9_28,8.264012693283082,4.59,4.59,4.59,4.59,4.59,4.59,5.7,5.7,6.2,6.2,4.96,4.96,4.96,4.96,4.96,4.96,5.95,6.45,6.45,5.95,4.71,4.71,4.71,4.71
N_12_29,N_12_30,3.339974896545048,3.41,3.41,3.41,3.41,3.41,3.41,5.21,5.21,6.01,6.01,4.01,4.01,4.01,4.01,4.01,4.01,5.61,6.41,6.41,5.61,3.61,3.61,3.61,3.61
N_12_29,N_11_28,11.47102979696176,6.37,6.37,6.37,6.37,6.37,6.37,7.92,7.92,8.6,8.6,6.88,6.88,6.88,6.88,6.88,6.88,8.26,8.95,8.95,8.26,6.54,6.54,6.54,6.54
N_12_29,N_12_32,3.7645525271200855,3.84,3.84,3.84,3.84,3.84,3.84,5.87,5.87,6.78,6.78,4.52,4.52,4.52,4.52,4.52,4.52,6.32,7.23,7.23,6.32,4.07,4.07,4.07,4.07
N_12_29,N_10_28,4.824566887506674,4.92,4.92,4.92,4.92,4.92,4.92,7.53,7.53,8.68,8.68,5.79,5.79,5.79,5.79,5.79,5.79,8.11,9.26,9.26,8.11,5.21,5.21,5.21,5.21
N_12_29,N_11_27,6.457004730615944,6.59,6.59,6.59,6.59,6.59,6.59,10.07,10.07,11.62,11.62,7.75,7.75,7.75,7.75,7.75,7.75,10.85,12.4,12.4,10.85,6.97,6.97,6.97,6.97
N_12_29,N_12_28,3.9621265881384224,4.04,4.04,4.04,4.04,4.04,4.04,6.18,6.18,7.13,7.13,4.75,4.75,4.75,4.75,4.75,4.75,6.66,7.61,7.61,6.66,4.28,4.28,4.28,4.28
N_12_29,N_11_29,11.655292459531024,6.47,6.47,6.47,6.47,6.47,6.47,8.04,8.04,8.74,8.74,6.99,6.99,6.99,6.99,6.99,6.99,8.39,9.09,9.09,8.39,6.64,6.64,6.64,6.64
N_12_3,N_11_3,14.774782372101463,8.2,8.2,8.2,8.2,8.2,8.2,10.19,10.19,11.08,11.08,8.86,8.86,8.86,8.86,8.86,8.86,10.64,11.52,11.52,10.64,8.42,8.42,8.42,8.42
N_12_3,N_12_0,3.5432513622692836,3.61,3.61,3.61,3.61,3.61,3.61,5.53,5.53,6.38,6.38,4.25,4.25,4.25,4.25,4.25,4.25,5.95,6.8,6.8,5.95,3.83,3.83,3.83,3.83
N_12_3,N_12_1,10.398506031092959,5.77,5.77,5.77,5.77,5.77,5.77,7.17,7.17,7.8,7.8,6.24,6.24,6.24,6.24,6.24,6.24,7.49,8.11,8.11,7.49,5.93,5.93,5.93,5.93
N_12_3,N_12_2,3.541916961640136,3.61,3.61,3.61,3.61,3.61,3.61,5.53,5.53,6.38,6.38,4.25,4.25,4.25,4.25,4.25,4.25,5.95,6.8,6.8,5.95,3.83,3.83,3.83,3.83
N_12_3,N_12_5,12.839502445244738,7.13,7.13,7.13,7.13,7.13,7.13,8.86,8.86,9.63,9.63,7.7,7.7,7.7,7.7,7.7,7.7,9.24,10.01,10.01,9.24,7.32,7.32,7.32,7.32
N_12_3,N_11_4,4.656594130984633,4.75,4.75,4.75,4.75,4.75,4.75,7.26,7.26,8.38,8.38,5.59,5.59,5.59,5.59,5.59,5.59,7.82,8.94,8.94,7.82,5.03,5.03,5.03,5.03
N_12_3,N_10_4,0.8351982212294573,1.37,1.37,1.37,1.37,1.37,1.37,2.27,2.27,2.67,2.67,1.67,1.67,1.67,1.67,1.67,1.67,2.47,2.87,2.87,2.47,1.47,1.47,1.47,1.47
N_12_30,N_12_28,14.151328920113588,7.85,7.85,7.85,7.85,7.85,7.85,9.76,9.76,10.61,10.61,8.49,8.49,8.49,8.49,8.49,8.49,10.19,11.04,11.04,10.19,8.07,8.07,8.07,8.07
N_12_30,N_10_29,1.531760167792107,2.51,2.51,2.51,2.51,2.51,2.51,4.17,4.17,4.9,4.9,3.06,3.06,3.06,3.06,3.06,3.06,4.53,5.27,5.27,4.53,2.7,2.7,2.7,2.7
N_12_30,N_11_30,6.742735111240899,6.88,6.88,6.88,6.88,6.88,6.88,10.52,10.52,12.14,12.14,8.09,8.09,8.09,8.09,8.09,8.09,11.33,12.95,12.95,11.33,7.28,7.28,7.28,7.28
N_12_30,N_11_28,6.969632065957528,7.11,7.11,7.11,7.11,7.11,7.11,10.87,10.87,12.55,12.55,8.36,8.36,8.36,8.36,8.36,8.36,11.71,13.38,13.38,11.71,7.53,7.53,7.53,7.53
N_12_30,N_11_29,4.065426044593677,4.15,4.15,4.15,4.15,4.15,4.15,6.34,6.34,7.32,7.32,4.88,4.88,4.88,4.88,4.88,4.88,6.83,7.81,7.81,6.83,4.39,4.39,4.39,4.39
N_12_30,N_12_29,10.661309615013085,5.92,5.92,5.92,5.92,5.92,5.92,7.36,7.36,8.0,8.0,6.4,6.4,6.4,6.4,6.4,6.4,7.68,8.32,8.32,7.68,6.08,6.08,6.08,6.08
N_12_31,N_10_30,6.722064731896341,6.86,6.86,6.86,6.86,6.86,6.86,10.49,10.49,12.1,12.1,8.07,8.07,8.07,8.07,8.07,8.07,11.29,12.91,12.91,11.29,7.26,7.26,7.26,7.26
N_12_31,N_12_30,4.537789104672607,4.63,4.63,4.63,4.63,4.63,4.63,7.08,7.08,8.17,8.17,5.45,5.45,5.45,5.45,5.45,5.45,7.62,8.71,8.71,7.62,4.9,4.9,4.9,4.9
N_12_31,N_11_32,2.0066091334215286,3.29,3.29,3.29,3.29,3.29,3.29,5.46,5.46,6.42,6.42,4.01,4.01,4.01,4.01,4.01,4.01,5.94,6.9,6.9,5.94,3.53,3.53,3.53,3.53
N_12_31,N_13_31,10.163848438603825,5.64,5.64,5.64,5.64,5.64,5.64,7.01,7.01,7.62,7.62,6.1,6.1,6.1,6.1,6.1,6.1,7.32,7.93,7.93,7.32,5.79,5.79,5.79,5.79
N_12_31,N_12_33,11.808494007328676,6.55,6.55,6.55,6.55,6.55,6.55,8.15,8.15,8.86,8.86,7.09,7.09,7.09,7.09,7.09,7.09,8.5,9.21,9.21,8.5,6.73,6.73,6.73,6.73
N_12_31,N_10_31,9.71625227399376,5.39,5.39,5.39,5.39,5.39,5.39,6.7,6.7,7.29,7.29,5.83,5.83,5.83,5.83,5.83,5.83,7.0,7.58,7.58,7.0,5.54,5.54,5.54,5.54
N_12_32,N_12_29,3.7645525271200855,3.84,3.84,3.84,3.84,3.84,3.84,5.87,5.87,6.78,6.78,4.52,4.52,4.52,4.52,4.52,4.52,6.32,7.23,7.23,6.32,4.07,4.07,4.07,4.07
N_12_32,N_14_31,8.423164772143512,4.67,4.67,4.67,4.67,4.67,4.67,5.81,5.81,6.32,6.32,5.05,5.05,5.05,5.05,5.05,5.05,6.06,6.57,6.57,6.06,4.8,4.8,4.8,4.8
N_12_32,N_12_31,6.449365702792077,6.58,6.58,6.58,6.58,6.58,6.58,10.06,10.06,11.61,11.61,7.74,7.74,7.74,7.74,7.74,7.74,10.83,12.38,12.38,10.83,6.97,6.97,6.97,6.97
N_12_33,N_11_33,5.479724398987246,5.59,5.59,5.59,5.59,5.59,5.59,8.55,8.55,9.86,9.86,6.58,6.58,6.58,6.58,6.58,6.58,9.21,10.52,10.52,9.21,5.92,5.92,5.92,5.92
N_12_33,N_12_31,11.808494007328676,6.55,6.55,6.55,6.55,6.55,6.55,8.15,8.15,8.86,8.86,7.09,7.09,7.09,7.09,7.09,7.09,8.5,9.21,9.21,8.5,6.73,6.73,6.73,6.73
N_12_33,N_10_35,1.067933841048989,1.75,1.75,1.75,1.75,1.75,1.75,2.9,2.9,3.42,3.42,2.14,2.14,2.14,2.14,2.14,2.14,3.16,3.67,3.67,3.16,1.88,1.88,1.88,1.88
N_12_33,N_13_31,3.6163027115651665,3.69,3.69,3.69,3.69,3.69,3.69,5.64,5.64,6.51,6.51,4.34,4.34,4.34,4.34,4.34,4.34,6.08,6.94,6.94,6.08,3.91,3.91,3.91,3.91
N_12_33,N_12_34,3.9833114450365357,4.06,4.06,4.06,4.06,4.06,4.06,6.21,6.21,7.17,7.17,4.78,4.78,4.78,4.78,4.78,4.78,6.69,7.65,7.65,6.69,4.3,4.3,4.3,4.3
N_12_34,N_10_32,6.742875387974102,6.88,6.88,6.88,6.88,6.88,6.88,10.52,10.52,12.14,12.14,8.09,8.09,8.09,8.09,8.09,8.09,11.33,12.95,12.95,11.33,7.28,7.28,7.28,7.28
N_12_34,N_13_35,2.2186675481209113,3.64,3.64,3.64,3.64,3.64,3.64,6.03,6.03,7.1,7.1,4.44,4.44,4.44,4.44,4.44,4.44,6.57,7.63,7.63,6.57,3.9,3.9,3.9,3.9
N_12_34,N_15_34,3.2596071420737127,3.32,3.32,3.32,3.32,3.32,3.32,5.08,5.08,5.87,5.87,3.91,3.91,3.91,3.91,3.91,3.91,5.48,6.26,6.26,5.48,3.52,3.52,3.52,3.52
N_12_34,N_12_35,1.3382482307830779,2.19,2.19,2.19,2.19,2.19,2.19,3.64,3.64,4.28,4.28,2.68,2.68,2.68,2.68,2.68,2.68,3.96,4.6,4.6,3.96,2.36,2.36,2.36,2.36
N_12_34,N_14_34,1.9148318649871743,3.14,3.14,3.14,3.14,3.14,3.14,5.21,5.21,6.13,6.13,3.83,3.83,3.83,3.83,3.83,3.83,5.67,6.59,6.59,5.67,3.37,3.37,3.37,3.37
N_12_34,N_14_36,2.434032264905545,3.99,3.99,3.99,3.99,3.99,3.99,6.62,6.62,7.79,7.79,4.87,4.87,4.87,4.87,4.87,4.87,7.2,8.37,8.37,7.2,4.28,4.28,4.28,4.28
N_12_35,N_11_36,8.969120171487186,4.98,4.98,4.98,4.98,4.98,4.98,6.19,6.19,6.73,6.73,5.38,5.38,5.38,5.38,5.38,5.38,6.46,7.0,7.0,6.46,5.11,5.11,5.11,5.11
N_12_35,N_12_34,1.3382482307830779,2.19,2.19,2.19,2.19,2.19,2.19,3.64,3.64,4.28,4.28,2.68,2.68,2.68,2.68,2.68,2.68,3.96,4.6,4.6,3.96,2.36,2.36,2.36,2.36
N_12_35,N_11_34,0.5816873251940546,0.95,0.95,0.95,0.95,0.95,0.95,1.58,1.58,1.86,1.86,1.16,1.16,1.16,1.16,1.16,1.16,1.72,2.0,2.0,1.72,1.02,1.02,1.02,1.02
N_12_35,N_13_33,1.8984640761959715,3.11,3.11,3.11,3.11,3.11,3.11,5.16,5.16,6.08,6.08,3.8,3.8,3.8,3.8,3.8,3.8,5.62,6.53,6.53,5.62,3.34,3.34,3.34,3.34
N_12_35,N_14_37,6.522215135629623,6.65,6.65,6.65,6.65,6.65,6.65,10.17,10.17,11.74,11.74,7.83,7.83,7.83,7.83,7.83,7.83,10.96,12.52,12.52,10.96,7.04,7.04,7.04,7.04
N_12_35,N_14_33,6.481405040140549,6.61,6.61,6.61,6.61,6.61,6.61,10.11,10.11,11.67,11.67,7.78,7.78,7.78,7.78,7.78,7.78,10.89,12.44,12.44,10.89,7.0,7.0,7.0,7.0
N_12_35,N_11_37,3.833509218643297,3.91,3.91,3.91,3.91,3.91,3.91,5.98,5.98,6.9,6.9,4.6,4.6,4.6,4.6,4.6,4.6,6.44,7.36,7.36,6.44,4.14,4.14,4.14,4.14
N_12_35,N_13_36,0.9727627532321788,1.6,1.6,1.6,1.6,1.6,1.6,2.65,2.65,3.11,3.11,1.95,1.95,1.95,1.95,1.95,1.95,2.88,3.35,3.35,2.88,1.71,1.71,1.71,1.71
N_12_36,N_11_36,6.509035561436765,6.64,6.64,6.64,6.64,6.64,6.64,10.15,10.15,11.72,11.72,7.81,7.81,7.81,7.81,7.81,7.81,10.94,12.5,12.5,10.94,7.03,7.03,7.03,7.03
N_12_36,N_11_34,13.865085510157023,7.7,7.7,7.7,7.7,7.7,7.7,9.57,9.57,10.4,10.4,8.32,8.32,8.32,8.32,8.32,8.32,9.98,10.81,10.81,9.98,7.9,7.9,7.9,7.9
N_12_36,N_10_35,10.138534412587838,5.63,5.63,5.63,5.63,5.63,5.63,7.0,7.0,7.6,7.6,6.08,6.08,6.08,6.08,6.08,6.08,7.3,7.91,7.91,7.3,5.78,5.78,5.78,5.78
N_12_37,N_10_39,12.679558783831322,7.04,7.04,7.04,7.04,7.04,7.04,8.75,8.75,9.51,9.51,7.61,7.61,7.61,7.61,7.61,7.61,9.13,9.89,9.89,9.13,7.23,7.23,7.23,7.23
N_12_37,N_11_35,0.5670681636919801,0.93,0.93,0.93,0.93,0.93,0.93,1.54,1.54,1.81,1.81,1.13,1.13,1.13,1.13,1.13,1.13,1.68,1.95,1.95,1.68,1.0,1.0,1.0,1.0
N_12_37,N_11_36,6.863691861567338,7.0,7.0,7.0,7.0,7.0,7.0,10.71,10.71,12.35,12.35,8.24,8.24,8.24,8.24,8.24,8.24,11.53,13.18,13.18,11.53,7.41,7.41,7.41,7.41
N_12_37,N_11_38,0.9809112503818094,1.61,1.61,1.61,1.61,1.61,1.61,2.67,2.67,3.14,3.14,1.96,1.96,1.96,1.96,1.96,1.96,2.9,3.37,3.37,2.9,1.73,1.73,1.73,1.73
N_12_37,N_10_35,11.632453748710672,6.46,6.46,6.46,6.46,6.46,6.46,8.03,8.03,8.72,8.72,6.98,6.98,6.98,6.98,6.98,6.98,8.38,9.07,9.07,8.38,6.63,6.63,6.63,6.63
N_12_37,N_13_39,11.948503728697753,6.63,6.63,6.63,6.63,6.63,6.63,8.24,8.24,8.96,8.96,7.17,7.17,7.17,7.17,7.17,7.17,8.6,9.32,9.32,8.6,6.81,6.81,6.81,6.81
N_12_38,N_11_39,1.99668601281456,3.27,3.27,3.27,3.27,3.27,3.27,5.43,5.43,6.39,6.39,3.99,3.99,3.99,3.99,3.99,3.99,5.91,6.87,6.87,5.91,3.51,3.51,3.51,3.51
N_12_38,N_13_39,13.596701229769598,7.55,7.55,7.55,7.55,7.55,7.55,9.38,9.38,10.2,10.2,8.16,8.16,8.16,8.16,8.16,8.16,9.79,10.61,10.61,9.79,7.75,7.75,7.75,7.75
N_12_38,N_13_36,11.589109917804013,6.43,6.43,6.43,6.43,6.43,6.43,8.0,8.0,8.69,8.69,6.95,6.95,6.95,6.95,6.95,6.95,8.34,9.04,9.04,8.34,6.61,6.61,6.61,6.61
N_12_38,N_12_37,9.351281237035714,5.19,5.19,5.19,5.19,5.19,5.19,6.45,6.45,7.01,7.01,5.61,5.61,5.61,5.61,5.61,5.61,6.73,7.29,7.29,6.73,5.33,5.33,5.33,5.33
N_12_38,N_14_38,4.045789711339628,4.13,4.13,4.13,4.13,4.13,4.13,6.31,6.31,7.28,7.28,4.85,4.85,4.85,4.85,4.85,4.85,6.8,7.77,7.77,6.8,4.37,4.37,4.37,4.37
N_12_39,N_12_38,9.492565496920436,5.27,5.27,5.27,5.27,5.27,5.27,6.55,6.55,7.12,7.12,5.7,5.7,5.7,5.7,5.7,5.7,6.83,7.4,7.4,6.83,5.41,5.41,5.41,5.41
N_12_39,N_13_38,13.5667525811762,7.53,7.53,7.53,7.53,7.53,7.53,9.36,9.36,10.18,10.18,8.14,8.14,8.14,8.14,8.14,8.14,9.77,10.58,10.58,9.77,7.73,7.73,7.73,7.73
N_12_39,N_10_37,5.632558185995918,5.75,5.75,5.75,5.75,5.75,5.75,8.79,8.79,10.14,10.14,6.76,6.76,6.76,6.76,6.76,6.76,9.46,10.81,10.81,9.46,6.08,6.08,6.08,6.08
N_12_39,N_14_39,8.195371654218812,4.55,4.55,4.55,4.55,4.55,4.55,5.65,5.65,6.15,6.15,4.92,4.92,4.92,4.92,4.92,4.92,5.9,6.39,6.39,5.9,4.67,4.67,4.67,4.67
N_12_4,N_13_5,14.830002026264756,8.23,8.23,8.23,8.23,8.23,8.23,10.23,10.23,11.12,11.12,8.9,8.9,8.9,8.9,8.9,8.9,10.68,11.57,11.57,10.68,8.45,8.45,8.45,8.45
N_12_4,N_12_3,1.2149820216112117,1.99,1.99,1.99,1.99,1.99,1.99,3.3,3.3,3.89,3.89,2.43,2.43,2.43,2.43,2.43,2.43,3.6,4.18,4.18,3.6,2.14,2.14,2.14,2.14
N_12_4,N_13_2,1.4858287048948091,2.44,2.44,2.44,2.44,2.44,2.44,4.04,4.04,4.75,4.75,2.97,2.97,2.97,2.97,2.97,2.97,4.4,5.11,5.11,4.4,2.62,2.62,2.62,2.62
N_12_4,N_10_3,5.633773156653442,5.75,5.75,5.75,5.75,5.75,5.75,8.79,8.79,10.14,10.14,6.76,6.76,6.76,6.76,6.76,6.76,9.46,10.82,10.82,9.46,6.08,6.08,6.08,6.08
N_12_4,N_9_4,10.192578704115096,5.66,5.66,5.66,5.66,5.66,5.66,7.03,7.03,7.64,7.64,6.12,6.12,6.12,6.12,6.12,6.12,7.34,7.95,7.95,7.34,5.81,5.81,5.81,5.81
N_12_5,N_10_3,12.67407667998788,7.03,7.03,7.03,7.03,7.03,7.03,8.75,8.75,9.51,9.51,7.6,7.6,7.6,7.6,7.6,7.6,9.13,9.89,9.89,9.13,7.22,7.22,7.22,7.22
N_12_5,N_14_5,0.7863700676830321,1.29,1.29,1.29,1.29,1.29,1.29,2.14,2.14,2.52,2.52,1.57,1.57,1.57,1.57,1.57,1.57,2.33,2.71,2.71,2.33,1.38,1.38,1.38,1.38
N_12_5,N_15_5,5.110187774386312,5.21,5.21,5.21,5.21,5.21,5.21,7.97,7.97,9.2,9.2,6.13,6.13,6.13,6.13,6.13,6.13,8.59,9.81,9.81,8.59,5.52,5.52,5.52,5.52
N_12_5,N_11_7,1.339210316456973,2.2,2.2,2.2,2.2,2.2,2.2,3.64,3.64,4.29,4.29,2.68,2.68,2.68,2.68,2.68,2.68,3.96,4.61,4.61,3.96,2.36,2.36,2.36,2.36
N_12_6,N_10_5,5.382703573194979,5.49,5.49,5.49,5.49,5.49,5.49,8.4,8.4,9.69,9.69,6.46,6.46,6.46,6.46,6.46,6.46,9.04,10.33,10.33,9.04,5.81,5.81,5.81,5.81
N_12_6,N_9_6,14.123185900394615,7.84,7.84,7.84,7.84,7.84,7.84,9.74,9.74,10.59,10.59,8.47,8.47,8.47,8.47,8.47,8.47,10.17,11.02,11.02,10.17,8.05,8.05,8.05,8.05
N_12_6,N_11_5,5.465707001134948,5.58,5.58,5.58,5.58,5.58,5.58,8.53,8.53,9.84,9.84,6.56,6.56,6.56,6.56,6.56,6.56,9.18,10.49,10.49,9.18,5.9,5.9,5.9,5.9
N_12_7,N_9_7,13.133681798491585,7.29,7.29,7.29,7.29,7.29,7.29,9.06,9.06,9.85,9.85,7.88,7.88,7.88,7.88,7.88,7.88,9.46,10.24,10.24,9.46,7.49,7.49,7.49,7.49
N_12_7,N_11_9,3.7854097721386326,3.86,3.86,3.86,3.86,3.86,3.86,5.91,5.91,6.81,6.81,4.54,4.54,4.54,4.54,4.54,4.54,6.36,7.27,7.27,6.36,4.09,4.09,4.09,4.09
N_12_7,N_10_9,3.732432868927332,3.81,3.81,3.81,3.81,3.81,3.81,5.82,5.82,6.72,6.72,4.48,4.48,4.48,4.48,4.48,4.48,6.27,7.17,7.17,6.27,4.03,4.03,4.03,4.03
N_12_7,N_12_4,6.139782376253089,6.26,6.26,6.26,6.26,6.26,6.26,9.58,9.58,11.05,11.05,7.37,7.37,7.37,7.37,7.37,7.37,10.31,11.79,11.79,10.31,6.63,6.63,6.63,6.63
N_12_8,N_10_9,5.737103225717243,5.85,5.85,5.85,5.85,5.85,5.85,8.95,8.95,10.33,10.33,6.88,6.88,6.88,6.88,6.88,6.88,9.64,11.02,11.02,9.64,6.2,6.2,6.2,6.2
N_12_8,N_12_7,3.8857605377822635,3.96,3.96,3.96,3.96,3.96,3.96,6.06,6.06,6.99,6.99,4.66,4.66,4.66,4.66,4.66,4.66,6.53,7.46,7.46,6.53,4.2,4.2,4.2,4.2
N_12_8,N_14_6,3.0022084108563662,3.06,3.06,3.06,3.06,3.06,3.06,4.68,4.68,5.4,5.4,3.6,3.6,3.6,3.6,3.6,3.6,5.04,5.76,5.76,5.04,3.24,3.24,3.24,3.24
N_12_8,N_13_7,4.215746761028068,4.3,4.3,4.3,4.3,4.3,4.3,6.58,6.58,7.59,7.59,5.06,5.06,5.06,5.06,5.06,5.06,7.08,8.09,8.09,7.08,4.55,4.55,4.55,4.55
N_12_8,N_14_9,3.7151066691299484,3.79,3.79,3.79,3.79,3.79,3.79,5.8,5.8,6.69,6.69,4.46,4.46,4.46,4.46,4.46,4.46,6.24,7.13,7.13,6.24,4.01,4.01,4.01,4.01
N_12_8,N_9_8,3.6025765853722547,3.67,3.67,3.67,3.67,3.67,3.67,5.62,5.62,6.48,6.48,4.32,4.32,4.32,4.32,4.32,4.32,6.05,6.92,6.92,6.05,3.89,3.89,3.89,3.89
N_12_9,N_10_8,3.1544367237665107,3.22,3.22,3.22,3.22,3.22,3.22,4.92,4.92,5.68,5.68,3.79,3.79,3.79,3.79,3.79,3.79,5.3,6.06,6.06,5.3,3.41,3.41,3.41,3.41
N_12_9,N_11_11,5.841869469579729,5.96,5.96,5.96,5.96,5.96,5.96,9.11,9.11,10.52,10.52,7.01,7.01,7.01,7.01,7.01,7.01,9.81,11.22,11.22,9.81,6.31,6.31,6.31,6.31
N_12_9,N_11_7,6.983377187880901,7.12,7.12,7.12,7.12,7.12,7.12,10.89,10.89,12.57,12.57,8.38,8.38,8.38,8.38,8.38,8.38,11.73,13.41,13.41,11.73,7.54,7.54,7.54,7.54
N_12_9,N_10_11,4.468035943822624,4.56,4.56,4.56,4.56,4.56,4.56,6.97,6.97,8.04,8.04,5.36,5.36,5.36,5.36,5.36,5.36,7.51,8.58,8.58,7.51,4.83,4.83,4.83,4.83
N_13_0,N_10_0,5.661754024180939,5.77,5.77,5.77,5.77,5.77,5.77,8.83,8.83,10.19,10.19,6.79,6.79,6.79,6.79,6.79,6.79,9.51,10.87,10.87,9.51,6.11,6.11,6.11,6.11
N_13_0,N_11_0,12.235849869081656,6.79,6.79,6.79,6.79,6.79,6.79,8.44,8.44,9.18,9.18,7.34,7.34,7.34,7.34,7.34,7.34,8.81,9.54,9.54,8.81,6.97,6.97,6.97,6.97
N_13_0,N_11_1,4.24342036424243,4.33,4.33,4.33,4.33,4.33,4.33,6.62,6.62,7.64,7.64,5.09,5.09,5.09,5.09,5.09,5.09,7.13,8.15,8.15,7.13,4.58,4.58,4.58,4.58
N_13_0,N_12_0,11.297714616136842,6.27,6.27,6.27,6.27,6.27,6.27,7.8,7.8,8.47,8.47,6.78,6.78,6.78,6.78,6.78,6.78,8.13,8.81,8.81,8.13,6.44,6.44,6.44,6.44
N_13_0,N_15_2,4.451544747862533,4.54,4.54,4.54,4.54,4.54,4.54,6.94,6.94,8.01,8.01,5.34,5.34,5.34,5.34,5.34,5.34,7.48,8.55,8.55,7.48,4.81,4.81,4.81,4.81
N_13_1,N_12_2,14.386112586474514,7.98,7.98,7.98,7.98,7.98,7.98,9.93,9.93,10.79,10.79,8.63,8.63,8.63,8.63,8.63,8.63,10.36,11.22,11.22,10.36,8.2,8.2,8.2,8.2
N_13_1,N_12_3,4.0048414686807785,4.08,4.08,4.08,4.08,4.08,4.08,6.25,6.25,7.21,7.21,4.81,4.81,4.81,4.81,4.81,4.81,6.73,7.69,7.69,6.73,4.33,4.33,4.33,4.33
N_13_1,N_14_0,8.341608393533892,4.63,4.63,4.63,4.63,4.63,4.63,5.76,5.76,6.26,6.26,5.0,5.0,5.0,5.0,5.0,5.0,6.01,6.51,6.51,6.01,4.75,4.75,4.75,4.75
N_13_1,N_16_1,0.7161384953124563,1.17,1.17,1.17,1.17,1.17,1.17,1.95,1.95,2.29,2.29,1.43,1.43,1.43,1.43,1.43,1.43,2.12,2.46,2.46,2.12,1.26,1.26,1.26,1.26
N_13_1,N_15_2,8.192380731266603,4.55,4.55,4.55,4.55,4.55,4.55,5.65,5.65,6.14,6.14,4.92,4.92,4.92,4.92,4.92,4.92,5.9,6.39,6.39,5.9,4.67,4.67,4.67,4.67
N_13_1,N_11_0,0.738972752433509,1.21,1.21,1.21,1.21,1.21,1.21,2.01,2.01,2.36,2.36,1.48,1.48,1.48,1.48,1.48,1.48,2.19,2.54,2.54,2.19,1.3,1.3,1.3,1.3
N_13_10,N_11_12,4.0669378241535465,4.15,4.15,4.15,4.15,4.15,4.15,6.34,6.34,7.32,7.32,4.88,4.88,4.88,4.88,4.88,4.88,6.83,7.81,7.81,6.83,4.39,4.39,4.39,4.39
N_13_10,N_15_12,10.147780171284795,5.63,5.63,5.63,5.63,5.63,5.63,7.0,7.0,7.61,7.61,6.09,6.09,6.09,6.09,6.09,6.09,7.31,7.92,7.92,7.31,5.78,5.78,5.78,5.78
N_13_10,N_10_10,11.659867027342216,6.47,6.47,6.47,6.47,6.47,6.47,8.05,8.05,8.74,8.74,7.0,7.0,7.0,7.0,7.0,7.0,8.4,9.09,9.09,8.4,6.65,6.65,6.65,6.65
N_13_10,N_16_10,13.46212961495307,7.47,7.47,7.47,7.47,7.47,7.47,9.29,9.29,10.1,10.1,8.08,8.08,8.08,8.08,8.08,8.08,9.69,10.5,10.5,9.69,7.67,7.67,7.67,7.67
N_13_10,N_15_9,11.438950166746768,6.35,6.35,6.35,6.35,6.35,6.35,7.89,7.89,8.58,8.58,6.86,6.86,6.86,6.86,6.86,6.86,8.24,8.92,8.92,8.24,6.52,6.52,6.52,6.52
N_13_11,N_15_11,4.3215974286775864,4.41,4.41,4.41,4.41,4.41,4.41,6.74,6.74,7.78,7.78,5.19,5.19,5.19,5.19,5.19,5.19,7.26,8.3,8.3,7.26,4.67,4.67,4.67,4.67
N_13_11,N_13_9,3.597688184304071,3.67,3.67,3.67,3.67,3.67,3.67,5.61,5.61,6.48,6.48,4.32,4.32,4.32,4.32,4.32,4.32,6.04,6.91,6.91,6.04,3.89,3.89,3.89,3.89
N_13_11,N_15_9,6.343010425000994,6.47,6.47,6.47,6.47,6.47,6.47,9.9,9.9,11.42,11.42,7.61,7.61,7.61,7.61,7.61,7.61,10.66,12.18,12.18,10.66,6.85,6.85,6.85,6.85
N_13_11,N_15_13,0.964008119949161,1.58,1.58,1.58,1.58,1.58,1.58,2.62,2.62,3.08,3.08,1.93,1.93,1.93,1.93,1.93,1.93,2.85,3.32,3.32,2.85,1.7,1.7,1.7,1.7
N_13_11,N_16_11,10.715516479569407,5.95,5.95,5.95,5.95,5.95,5.95,7.39,7.39,8.04,8.04,6.43,6.43,6.43,6.43,6.43,6.43,7.72,8.36,8.36,7.72,6.11,6.11,6.11,6.11
N_13_11,N_13_14,12.892637373412079,7.16,7.16,7.16,7.16,7.16,7.16,8.9,8.9,9.67,9.67,7.74,7.74,7.74,7.74,7.74,7.74,9.28,10.06,10.06,9.28,7.35,7.35,7.35,7.35
N_13_12,N_12_12,5.683724972085174,5.8,5.8,5.8,5.8,5.8,5.8,8.87,8.87,10.23,10.23,6.82,6.82,6.82,6.82,6.82,6.82,9.55,10.91,10.91,9.55,6.14,6.14,6.14,6.14
N_13_12,N_16_12,9.679145467464398,5.37,5.37,5.37,5.37,5.37,5.37,6.68,6.68,7.26,7.26,5.81,5.81,5.81,5.81,5.81,5.81,6.97,7.55,7.55,6.97,5.52,5.52,5.52,5.52
N_13_12,N_14_11,12.507935174158034,6.94,6.94,6.94,6.94,6.94,6.94,8.63,8.63,9.38,9.38,7.5,7.5,7.5,7.5,7.5,7.5,9.01,9.76,9.76,9.01,7.13,7.13,7.13,7.13
N_13_12,N_15_13,3.2090857530711023,3.27,3.27,3.27,3.27,3.27,3.27,5.01,5.01,5.78,5.78,3.85,3.85,3.85,3.85,3.85,3.85,5.39,6.16,6.16,5.39,3.47,3.47,3.47,3.47
N_13_12,N_15_12,4.086983603808907,4.17,4.17,4.17,4.17,4.17,4.17,6.38,6.38,7.36,7.36,4.9,4.9,4.9,4.9,4.9,4.9,6.87,7.85,7.85,6.87,4.41,4.41,4.41,4.41
N_13_12,N_14_14,8.356199529516692,4.64,4.64,4.64,4.64,4.64,4.64,5.77,5.77,6.27,6.27,5.01,5.01,5.01,5.01,5.01,5.01,6.02,6.52,6.52,6.02,4.76,4.76,4.76,4.76
N_13_13,N_11_12,13.257494612510785,7.36,7.36,7.36,7.36,7.36,7.36,9.15,9.15,9.94,9.94,7.95,7.95,7.95,7.95,7.95,7.95,9.55,10.34,10.34,9.55,7.56,7.56,7.56,7.56
N_13_13,N_11_14,11.251767610414698,6.24,6.24,6.24,6.24,6.24,6.24,7.76,7.76,8.44,8.44,6.75,6.75,6.75,6.75,6.75,6.75,8.1,8.78,8.78,8.1,6.41,6.41,6.41,6.41
N_13_13,N_12_13,13.474453905369183,7.48,7.48,7.48,7.48,7.48,7.48,9.3,9.3,10.11,10.11,8.08,8.08,8.08,8.08,8.08,8.08,9.7,10.51,10.51,9.7,7.68,7.68,7.68,7.68
N_13_13,N_11_13,0.9712737738972994,1.59,1.59,1.59,1.59,1.59,1.59,2.64,2.64,3.11,3.11,1.94,1.94,1.94,1.94,1.94,1.94,2.87,3.34,3.34,2.87,1.71,1.71,1.71,1.71
N_13_13,N_13_12,2.2972225270630524,3.77,3.77,3.77,3.77,3.77,3.77,6.25,6.25,7.35,7.35,4.59,4.59,4.59,4.59,4.59,4.59,6.8,7.9,7.9,6.8,4.04,4.04,4.04,4.04
N_13_14,N_12_12,4.097801286139852,4.18,4.18,4.18,4.18,4.18,4.18,6.39,6.39,7.38,7.38,4.92,4.92,4.92,4.92,4.92,4.92,6.88,7.87,7.87,6.88,4.43,4.43,4.43,4.43
N_13_14,N_13_17,14.141156405174263,7.85,7.85,7.85,7.85,7.85,7.85,9.76,9.76,10.61,10.61,8.48,8.48,8.48,8.48,8.48,8.48,10.18,11.03,11.03,10.18,8.06,8.06,8.06,8.06
N_13_14,N_14_15,8.009638442918451,4.45,4.45,4.45,4.45,4.45,4.45,5.53,5.53,6.01,6.01,4.81,4.81,4.81,4.81,4.81,4.81,5.77,6.25,6.25,5.77,4.57,4.57,4.57,4.57
N_13_14,N_13_15,1.0366889512771018,1.7,1.7,1.7,1.7,1.7,1.7,2.82,2.82,3.32,3.32,2.07,2.07,2.07,2.07,2.07,2.07,3.07,3.57,3.57,3.07,1.82,1.82,1.82,1.82
N_13_14,N_11_14,6.390822713745081,6.52,6.52,6.52,6.52,6.52,6.52,9.97,9.97,11.5,11.5,7.67,7.67,7.67,7.67,7.67,7.67,10.74,12.27,12.27,10.74,6.9,6.9,6.9,6.9
N_13_14,N_13_12,3.292269409724258,3.36,3.36,3.36,3.36,3.36,3.36,5.14,5.14,5.93,5.93,3.95,3.95,3.95,3.95,3.95,3.95,5.53,6.32,6.32,5.53,3.56,3.56,3.56,3.56
N_13_15,N_13_14,1.0366889512771018,1.7,1.7,1.7,1.7,1.7,1.7,2.82,2.82,3.32,3.32,2.07,2.07,2.07,2.07,2.07,2.07,3.07,3.57,3.57,3.07,1.82,1.82,1.82,1.82
N_13_15,N_11_15,11.739427558745584,6.52,6.52,6.52,6.52,6.52,6.52,8.1,8.1,8.8,8.8,7.04,7.04,7.04,7.04,7.04,7.04,8.45,9.16,9.16,8.45,6.69,6.69,6.69,6.69
N_13_15,N_13_13,5.950660061177117,6.07,6.07,6.07,6.07,6.07,6.07,9.28,9.28,10.71,10.71,7.14,7.14,7.14,7.14,7.14,7.14,10.0,11.43,11.43,10.0,6.43,6.43,6.43,6.43
N_13_15,N_13_16,5.139065874268031,5.24,5.24,5.24,5.24,5.24,5.24,8.02,8.02,9.25,9.25,6.17,6.17,6.17,6.17,6.17,6.17,8.63,9.87,9.87,8.63,5.55,5.55,5.55,5.55
N_13_15,N_12_17,3.3558925514760665,3.42,3.42,3.42,3.42,3.42,3.42,5.24,5.24,6.04,6.04,4.03,4.03,4.03,4.03,4.03,4.03,5.64,6.44,6.44,5.64,3.62,3.62,3.62,3.62
N_13_15,N_14_17,6.262068920599033,6.39,6.39,6.39,6.39,6.39,6.39,9.77,9.77,11.27,11.27,7.51,7.51,7.51,7.51,7.51,7.51,10.52,12.02,12.02,10.52,6.76,6.76,6.76,6.76
N_13_16,N_13_15,5.139065874268031,5.24,5.24,5.24,5.24,5.24,5.24,8.02,8.02,9.25,9.25,6.17,6.17,6.17,6.17,6.17,6.17,8.63,9.87,9.87,8.63,5.55,5.55,5.55,5.55
N_13_16,N_13_13,13.933661841497393,7.73,7.73,7.73,7.73,7.73,7.73,9.61,9.61,10.45,10.45,8.36,8.36,8.36,8.36,8.36,8.36,10.03,10.87,10.87,10.03,7.94,7.94,7.94,7.94
N_13_16,N_13_19,2.380582801867199,3.9,3.9,3.9,3.9,3.9,3.9,6.48,6.48,7.62,7.62,4.76,4.76,4.76,4.76,4.76,4.76,7.05,8.19,8.19,7.05,4.19,4.19,4.19,4.19
N_13_16,N_11_17,11.606214328159602,6.44,6.44,6.44,6.44,6.44,6.44,8.01,8.01,8.7,8.7,6.96,6.96,6.96,6.96,6.96,6.96,8.36,9.05,9.05,8.36,6.62,6.62,6.62,6.62
N_13_16,N_14_14,11.906040102860675,6.61,6.61,6.61,6.61,6.61,6.61,8.22,8.22,8.93,8.93,7.14,7.14,7.14,7.14,7.14,7.14,8.57,9.29,9.29,8.57,6.79,6.79,6.79,6.79
N_13_16,N_15_18,3.979147359708262,4.06,4.06,4.06,4.06,4.06,4.06,6.21,6.21,7.16,7.16,4.77,4.77,4.77,4.77,4.77,4.77,6.68,7.64,7.64,6.68,4.3,4.3,4.3,4.3
N_13_17,N_11_19,12.58348826005697,6.98,6.98,6.98,6.98,6.98,6.98,8.68,8.68,9.44,9.44,7.55,7.55,7.55,7.55,7.55,7.55,9.06,9.82,9.82,9.06,7.17,7.17,7.17,7.17
N_13_17,N_12_18,0.8497495711526273,1.39,1.39,1.39,1.39,1.39,1.39,2.31,2.31,2.72,2.72,1.7,1.7,1.7,1.7,1.7,1.7,2.52,2.92,2.92,2.52,1.5,1.5,1.5,1.5
N_13_17,N_13_14,14.141156405174263,7.85,7.85,7.85,7.85,7.85,7.85,9.76,9.76,10.61,10.61,8.48,8.48,8.48,8.48,8.48,8.48,10.18,11.03,11.03,10.18,8.06,8.06,8.06,8.06
N_13_17,N_11_18,5.777037834731367,5.89,5.89,5.89,5.89,5.89,5.89,9.01,9.01,10.4,10.4,6.93,6.93,6.93,6.93,6.93,6.93,9.71,11.09,11.09,9.71,6.24,6.24,6.24,6.24
N_13_17,N_15_18,9.183179055730331,5.1,5.1,5.1,5.1,5.1,5.1,6.34,6.34,6.89,6.89,5.51,5.51,5.51,5.51,5.51,5.51,6.61,7.16,7.16,6.61,5.23,5.23,5.23,5.23
N_13_17,N_14_18,0.7853772443213691,1.29,1.29,1.29,1.29,1.29,1.29,2.14,2.14,2.51,2.51,1.57,1.57,1.57,1.57,1.57,1.57,2.32,2.7,2.7,2.32,1.38,1.38,1.38,1.38
N_13_17,N_14_15,3.452654470606863,3.52,3.52,3.52,3.52,3.52,3.52,5.39,5.39,6.21,6.21,4.14,4.14,4.14,4.14,4.14,4.14,5.8,6.63,6.63,5.8,3.73,3.73,3.73,3.73
N_13_17,N_15_16,6.449669613791368,6.58,6.58,6.58,6.58,6.58,6.58,10.06,10.06,11.61,11.61,7.74,7.74,7.74,7.74,7.74,7.74,10.84,12.38,12.38,10.84,6.97,6.97,6.97,6.97
N_13_18,N_11_20,13.68193563010555,7.59,7.59,7.59,7.59,7.59,7.59,9.44,9.44,10.26,10.26,8.21,8.21,8.21,8.21,8.21,8.21,9.85,10.67,10.67,9.85,7.8,7.8,7.8,7.8
N_13_18,N_11_16,2.4027910578516667,3.94,3.94,3.94,3.94,3.94,3.94,6.54,6.54,7.69,7.69,4.81,4.81,4.81,4.81,4.81,4.81,7.11,8.27,8.27,7.11,4.23,4.23,4.23,4.23
N_13_18,N_15_20,13.463478803182207,7.47,7.47,7.47,7.47,7.47,7.47,9.29,9.29,10.1,10.1,8.08,8.08,8.08,8.08,8.08,8.08,9.69,10.5,10.5,9.69,7.67,7.67,7.67,7.67
N_13_18,N_13_15,13.629239008988169,7.56,7.56,7.56,7.56,7.56,7.56,9.4,9.4,10.22,10.22,8.18,8.18,8.18,8.18,8.18,8.18,9.81,10.63,10.63,9.81,7.77,7.77,7.77,7.77
N_13_18,N_15_16,4.628733620326499,4.72,4.72,4.72,4.72,4.72,4.72,7.22,7.22,8.33,8.33,5.55,5.55,5.55,5.55,5.55,5.55,7.78,8.89,8.89,7.78,5.0,5.0,5.0,5.0
N_13_18,N_14_16,3.728026320982927,3.8,3.8,3.8,3.8,3.8,3.8,5.82,5.82,6.71,6.71,4.47,4.47,4.47,4.47,4.47,4.47,6.26,7.16,7.16,6.26,4.03,4.03,4.03,4.03
N_13_18,N_15_17,8.430686276212613,4.68,4.68,4.68,4.68,4.68,4.68,5.82,5.82,6.32,6.32,5.06,5.06,5.06,5.06,5.06,5.06,6.07,6.58,6.58,6.07,4.81,4.81,4.81,4.81
N_13_19,N_11_18,2.2264429231253233,3.65,3.65,3.65,3.65,3.65,3.65,6.06,6.06,7.12,7.12,4.45,4.45,4.45,4.45,4.45,4.45,6.59,7.66,7.66,6.59,3.92,3.92,3.92,3.92
N_13_19,N_13_16,2.380582801867199,3.9,3.9,3.9,3.9,3.9,3.9,6.48,6.48,7.62,7.62,4.76,4.76,4.76,4.76,4.76,4.76,7.05,8.19,8.19,7.05,4.19,4.19,4.19,4.19
N_13_19,N_11_20,3.5205365875978445,3.59,3.59,3.59,3.59,3.59,3.59,5.49,5.49,6.34,6.34,4.22,4.22,4.22,4.22,4.22,4.22,5.91,6.76,6.76,5.91,3.8,3.8,3.8,3.8
N_13_19,N_15_21,5.836529456912457,5.95,5.95,5.95,5.95,5.95,5.95,9.1,9.1,10.51,10.51,7.0,7.0,7.0,7.0,7.0,7.0,9.81,11.21,11.21,9.81,6.3,6.3,6.3,6.3
N_13_2,N_12_4,1.4858287048948091,2.44,2.44,2.44,2.44,2.44,2.44,4.04,4.04,4.75,4.75,2.97,2.97,2.97,2.97,2.97,2.97,4.4,5.11,5.11,4.4,2.62,2.62,2.62,2.62
N_13_2,N_14_0,14.546991747228779,8.07,8.07,8.07,8.07,8.07,8.07,10.04,10.04,10.91,10.91,8.73,8.73,8.73,8.73,8.73,8.73,10.47,11.35,11.35,10.47,8.29,8.29,8.29,8.29
N_13_2,N_15_2,3.778137053106466,3.85,3.85,3.85,3.85,3.85,3.85,5.89,5.89,6.8,6.8,4.53,4.53,4.53,4.53,4.53,4.53,6.35,7.25,7.25,6.35,4.08,4.08,4.08,4.08
N_13_2,N_13_5,4.891276374511115,4.99,4.99,4.99,4.99,4.99,4.99,7.63,7.63,8.8,8.8,5.87,5.87,5.87,5.87,5.87,5.87,8.22,9.39,9.39,8.22,5.28,5.28,5.28,5.28
N_13_2,N_11_2,8.984591356318619,4.99,4.99,4.99,4.99,4.99,4.99,6.2,6.2,6.74,6.74,5.39,5.39,5.39,5.39,5.39,5.39,6.47,7.01,7.01,6.47,5.12,5.12,5.12,5.12
N_13_2,N_12_2,13.518333870408922,7.5,7.5,7.5,7.5,7.5,7.5,9.33,9.33,10.14,10.14,8.11,8.11,8.11,8.11,8.11,8.11,9.73,10.54,10.54,9.73,7.71,7.71,7.71,7.71
N_13_20,N_11_18,6.6250215628641325,6.76,6.76,6.76,6.76,6.76,6.76,10.34,10.34,11.93,11.93,7.95,7.95,7.95,7.95,7.95,7.95,11.13,12.72,12.72,11.13,7.16,7.16,7.16,7.16
N_13_20,N_11_22,6.37958104159674,6.51,6.51,6.51,6.51,6.51,6.51,9.95,9.95,11.48,11.48,7.66,7.66,7.66,7.66,7.66,7.66,10.72,12.25,12.25,10.72,6.89,6.89,6.89,6.89
N_13_20,N_14_19,5.1363871011387,5.24,5.24,5.24,5.24,5.24,5.24,8.01,8.01,9.25,9.25,6.16,6.16,6.16,6.16,6.16,6.16,8.63,9.86,9.86,8.63,5.55,5.55,5.55,5.55
N_13_20,N_13_21,5.572612775383087,5.68,5.68,5.68,5.68,5.68,5.68,8.69,8.69,10.03,10.03,6.69,6.69,6.69,6.69,6.69,6.69,9.36,10.7,10.7,9.36,6.02,6.02,6.02,6.02
N_13_20,N_13_23,3.3707277008773655,3.44,3.44,3.44,3.44,3.44,3.44,5.26,5.26,6.07,6.07,4.04,4.04,4.04,4.04,4.04,4.04,5.66,6.47,6.47,5.66,3.64,3.64,3.64,3.64
N_13_20,N_15_19,13.549258607613975,7.52,7.52,7.52,7.52,7.52,7.52,9.35,9.35,10.16,10.16,8.13,8.13,8.13,8.13,8.13,8.13,9.76,10.57,10.57,9.76,7.72,7.72,7.72,7.72
N_13_20,N_10_20,2.235200827750547,3.67,3.67,3.67,3.67,3.67,3.67,6.08,6.08,7.15,7.15,4.47,4.47,4.47,4.47,4.47,4.47,6.62,7.69,7.69,6.62,3.93,3.93,3.93,3.93
N_13_20,N_11_19,4.8941183008142435,4.99,4.99,4.99,4.99,4.99,4.99,7.63,7.63,8.81,8.81,5.87,5.87,5.87,5.87,5.87,5.87,8.22,9.4,9.4,8.22,5.29,5.29,5.29,5.29
N_13_21,N_11_19,5.407681735805144,5.52,5.52,5.52,5.52,5.52,5.52,8.44,8.44,9.73,9.73,6.49,6.49,6.49,6.49,6.49,6.49,9.08,10.38,10.38,9.08,5.84,5.84,5.84,5.84
N_13_21,N_13_20,5.572612775383087,5.68,5.68,5.68,5.68,5.68,5.68,8.69,8.69,10.03,10.03,6.69,6.69,6.69,6.69,6.69,6.69,9.36,10.7,10.7,9.36,6.02,6.02,6.02,6.02
N_13_21,N_11_22,5.565437961285769,5.68,5.68,5.68,5.68,5.68,5.68,8.68,8.68,10.02,10.02,6.68,6.68,6.68,6.68,6.68,6.68,9.35,10.69,10.69,9.35,6.01,6.01,6.01,6.01
N_13_22,N_11_20,5.249105339010711,5.35,5.35,5.35,5.35,5.35,5.35,8.19,8.19,9.45,9.45,6.3,6.3,6.3,6.3,6.3,6.3,8.82,10.08,10.08,8.82,5.67,5.67,5.67,5.67
N_13_22,N_16_22,6.8781711185242465,7.02,7.02,7.02,7.02,7.02,7.02,10.73,10.73,12.38,12.38,8.25,8.25,8.25,8.25,8.25,8.25,11.56,13.21,13.21,11.56,7.43,7.43,7.43,7.43
N_13_22,N_12_24,8.684311770679361,4.82,4.82,4.82,4.82,4.82,4.82,5.99,5.99,6.51,6.51,5.21,5.21,5.21,5.21,5.21,5.21,6.25,6.77,6.77,6.25,4.95,4.95,4.95,4.95
N_13_22,N_11_23,13.704422868229841,7.61,7.61,7.61,7.61,7.61,7.61,9.46,9.46,10.28,10.28,8.22,8.22,8.22,8.22,8.22,8.22,9.87,10.69,10.69,9.87,7.81,7.81,7.81,7.81
N_13_23,N_13_20,3.3707277008773655,3.44,3.44,3.44,3.44,3.44,3.44,5.26,5.26,6.07,6.07,4.04,4.04,4.04,4.04,4.04,4.04,5.66,6.47,6.47,5.66,3.64,3.64,3.64,3.64
N_13_23,N_13_21,5.972211657782225,6.09,6.09,6.09,6.09,6.09,6.09,9.32,9.32,10.75,10.75,7.17,7.17,7.17,7.17,7.17,7.17,10.03,11.47,11.47,10.03,6.45,6.45,6.45,6.45
N_13_23,N_12_22,9.532260175445636,5.29,5.29,5.29,5.29,5.29,5.29,6.58,6.58,7.15,7.15,5.72,5.72,5.72,5.72,5.72,5.72,6.86,7.44,7.44,6.86,5.43,5.43,5.43,5.43
N_13_23,N_14_24,5.760178096196,5.88,5.88,5.88,5.88,5.88,5.88,8.99,8.99,10.37,10.37,6.91,6.91,6.91,6.91,6.91,6.91,9.68,11.06,11.06,9.68,6.22,6.22,6.22,6.22
N_13_24,N_13_21,6.885168081563764,7.02,7.02,7.02,7.02,7.02,7.02,10.74,10.74,12.39,12.39,8.26,8.26,8.26,8.26,8.26,8.26,11.57,13.22,13.22,11.57,7.44,7.44,7.44,7.44
N_13_24,N_13_27,1.8073617563894762,2.96,2.96,2.96,2.96,2.96,2.96,4.92,4.92,5.78,5.78,3.61,3.61,3.61,3.61,3.61,3.61,5.35,6.22,6.22,5.35,3.18,3.18,3.18,3.18
N_13_24,N_15_23,2.443680629274569,4.01,4.01,4.01,4.01,4.01,4.01,6.65,6.65,7.82,7.82,4.89,4.89,4.89,4.89,4.89,4.89,7.23,8.41,8.41,7.23,4.3,4.3,4.3,4.3
N_13_24,N_12_24,10.320428625619401,5.73,5.73,5.73,5.73,5.73,5.73,7.12,7.12,7.74,7.74,6.19,6.19,6.19,6.19,6.19,6.19,7.43,8.05,8.05,7.43,5.88,5.88,5.88,5.88
N_13_25,N_11_23,4.4797896551995295,4.57,4.57,4.57,4.57,4.57,4.57,6.99,6.99,8.06,8.06,5.38,5.38,5.38,5.38,5.38,5.38,7.53,8.6,8.6,7.53,4.84,4.84,4.84,4.84
N_13_25,N_14_27,0.6781184305946941,1.11,1.11,1.11,1.11,1.11,1.11,1.84,1.84,2.17,2.17,1.36,1.36,1.36,1.36,1.36,1.36,2.01,2.33,2.33,2.01,1.19,1.19,1.19,1.19
N_13_25,N_12_24,10.78148124605737,5.98,5.98,5.98,5.98,5.98,5.98,7.44,7.44,8.09,8.09,6.47,6.47,6.47,6.47,6.47,6.47,7.76,8.41,8.41,7.76,6.15,6.15,6.15,6.15
N_13_25,N_14_26,5.187863827594059,5.29,5.29,5.29,5.29,5.29,5.29,8.09,8.09,9.34,9.34,6.23,6.23,6.23,6.23,6.23,6.23,8.72,9.96,9.96,8.72,5.6,5.6,5.6,5.6
N_13_25,N_15_27,3.870651594872201,3.95,3.95,3.95,3.95,3.95,3.95,6.04,6.04,6.97,6.97,4.64,4.64,4.64,4.64,4.64,4.64,6.5,7.43,7.43,6.5,4.18,4.18,4.18,4.18
N_13_25,N_12_27,2.2607227652234,3.71,3.71,3.71,3.71,3.71,3.71,6.15,6.15,7.23,7.23,4.52,4.52,4.52,4.52,4.52,4.52,6.69,7.78,7.78,6.69,3.98,3.98,3.98,3.98
N_13_26,N_11_24,12.762993873875983,7.08,7.08,7.08,7.08,7.08,7.08,8.81,8.81,9.57,9.57,7.66,7.66,7.66,7.66,7.66,7.66,9.19,9.96,9.96,9.19,7.27,7.27,7.27,7.27
N_13_26,N_12_24,5.262719902873854,5.37,5.37,5.37,5.37,5.37,5.37,8.21,8.21,9.47,9.47,6.32,6.32,6.32,6.32,6.32,6.32,8.84,10.1,10.1,8.84,5.68,5.68,5.68,5.68
N_13_26,N_13_27,5.170522658088187,5.27,5.27,5.27,5.27,5.27,5.27,8.07,8.07,9.31,9.31,6.2,6.2,6.2,6.2,6.2,6.2,8.69,9.93,9.93,8.69,5.58,5.58,5.58,5.58
N_13_26,N_13_28,3.7592632408742905,3.83,3.83,3.83,3.83,3.83,3.83,5.86,5.86,6.77,6.77,4.51,4.51,4.51,4.51,4.51,4.51,6.32,7.22,7.22,6.32,4.06,4.06,4.06,4.06
N_13_26,N_10_26,5.153690090697202,5.26,5.26,5.26,5.26,5.26,5.26,8.04,8.04,9.28,9.28,6.18,6.18,6.18,6.18,6.18,6.18,8.66,9.9,9.9,8.66,5.57,5.57,5.57,5.57
N_13_27,N_11_28,6.058654337392378,6.18,6.18,6.18,6.18,6.18,6.18,9.45,9.45,10.91,10.91,7.27,7.27,7.27,7.27,7.27,7.27,10.18,11.63,11.63,10.18,6.54,6.54,6.54,6.54
N_13_27,N_13_24,1.8073617563894762,2.96,2.96,2.96,2.96,2.96,2.96,4.92,4.92,5.78,5.78,3.61,3.61,3.61,3.61,3.61,3.61,5.35,6.22,6.22,5.35,3.18,3.18,3.18,3.18
N_13_27,N_13_26,5.170522658088187,5.27,5.27,5.27,5.27,5.27,5.27,8.07,8.07,9.31,9.31,6.2,6.2,6.2,6.2,6.2,6.2,8.69,9.93,9.93,8.69,5.58,5.58,5.58,5.58
N_13_27,N_12_25,5.346868907219756,5.45,5.45,5.45,5.45,5.45,5.45,8.34,8.34,9.62,9.62,6.42,6.42,6.42,6.42,6.42,6.42,8.98,10.27,10.27,8.98,5.77,5.77,5.77,5.77
N_13_27,N_15_28,8.156614919851577,4.53,4.53,4.53,4.53,4.53,4.53,5.63,5.63,6.12,6.12,4.89,4.89,4.89,4.89,4.89,4.89,5.87,6.36,6.36,5.87,4.65,4.65,4.65,4.65
N_13_27,N_15_27,9.123057798269805,5.06,5.06,5.06,5.06,5.06,5.06,6.29,6.29,6.84,6.84,5.47,5.47,5.47,5.47,5.47,5.47,6.57,7.12,7.12,6.57,5.2,5.2,5.2,5.2
N_13_27,N_12_27,3.4620110040155536,3.53,3.53,3.53,3.53,3.53,3.53,5.4,5.4,6.23,6.23,4.15,4.15,4.15,4.15,4.15,4.15,5.82,6.65,6.65,5.82,3.74,3.74,3.74,3.74
N_13_28,N_13_26,3.7592632408742905,3.83,3.83,3.83,3.83,3.83,3.83,5.86,5.86,6.77,6.77,4.51,4.51,4.51,4.51,4.51,4.51,6.32,7.22,7.22,6.32,4.06,4.06,4.06,4.06
N_13_28,N_12_28,11.148693824672105,6.19,6.19,6.19,6.19,6.19,6.19,7.69,7.69,8.36,8.36,6.69,6.69,6.69,6.69,6.69,6.69,8.03,8.7,8.7,8.03,6.35,6.35,6.35,6.35
N_13_28,N_14_26,5.504209288158959,5.61,5.61,5.61,5.61,5.61,5.61,8.59,8.59,9.91,9.91,6.61,6.61,6.61,6.61,6.61,6.61,9.25,10.57,10.57,9.25,5.94,5.94,5.94,5.94
N_13_28,N_16_28,2.4366106189118852,4.0,4.0,4.0,4.0,4.0,4.0,6.63,6.63,7.8,7.8,4.87,4.87,4.87,4.87,4.87,4.87,7.21,8.38,8.38,7.21,4.29,4.29,4.29,4.29
N_13_28,N_13_27,9.051126710172332,5.02,5.02,5.02,5.02,5.02,5.02,6.25,6.25,6.79,6.79,5.43,5.43,5.43,5.43,5.43,5.43,6.52,7.06,7.06,6.52,5.16,5.16,5.16,5.16
N_13_28,N_14_29,1.8888784157110934,3.1,3.1,3.1,3.1,3.1,3.1,5.14,5.14,6.04,6.04,3.78,3.78,3.78,3.78,3.78,3.78,5.59,6.5,6.5,5.59,3.32,3.32,3.32,3.32
N_13_29,N_13_28,0.9913505341580795,1.63,1.63,1.63,1.63,1.63,1.63,2.7,2.7,3.17,3.17,1.98,1.98,1.98,1.98,1.98,1.98,2.93,3.41,3.41,2.93,1.74,1.74,1.74,1.74
N_13_29,N_12_29,2.300806311154261,3.77,3.77,3.77,3.77,3.77,3.77,6.26,6.26,7.36,7.36,4.6,4.6,4.6,4.6,4.6,4.6,6.81,7.91,7.91,6.81,4.05,4.05,4.05,4.05
N_13_29,N_13_31,12.202625751496559,6.77,6.77,6.77,6.77,6.77,6.77,8.42,8.42,9.15,9.15,7.32,7.32,7.32,7.32,7.32,7.32,8.79,9.52,9.52,8.79,6.96,6.96,6.96,6.96
N_13_29,N_12_27,3.7629689918550002,3.84,3.84,3.84,3.84,3.84,3.84,5.87,5.87,6.77,6.77,4.52,4.52,4.52,4.52,4.52,4.52,6.32,7.22,7.22,6.32,4.06,4.06,4.06,4.06
N_13_29,N_15_29,5.232854959485699,5.34,5.34,5.34,5.34,5.34,5.34,8.16,8.16,9.42,9.42,6.28,6.28,6.28,6.28,6.28,6.28,8.79,10.05,10.05,8.79,5.65,5.65,5.65,5.65
N_13_29,N_11_27,4.819815270200439,4.92,4.92,4.92,4.92,4.92,4.92,7.52,7.52,8.68,8.68,5.78,5.78,5.78,5.78,5.78,5.78,8.1,9.25,9.25,8.1,5.21,5.21,5.21,5.21
N_13_3,N_11_5,4.059004092143878,4.14,4.14,4.14,4.14,4.14,4.14,6.33,6.33,7.31,7.31,4.87,4.87,4.87,4.87,4.87,4.87,6.82,7.79,7.79,6.82,4.38,4.38,4.38,4.38
N_13_3,N_13_4,4.209192710845546,4.29,4.29,4.29,4.29,4.29,4.29,6.57,6.57,7.58,7.58,5.05,5.05,5.05,5.05,5.05,5.05,7.07,8.08,8.08,7.07,4.55,4.55,4.55,4.55
N_13_3,N_14_5,5.9554247427349,6.07,6.07,6.07,6.07,6.07,6.07,9.29,9.29,10.72,10.72,7.15,7.15,7.15,7.15,7.15,7.15,10.01,11.43,11.43,10.01,6.43,6.43,6.43,6.43
N_13_3,N_12_5,4.136066541100259,4.22,4.22,4.22,4.22,4.22,4.22,6.45,6.45,7.44,7.44,4.96,4.96,4.96,4.96,4.96,4.96,6.95,7.94,7.94,6.95,4.47,4.47,4.47,4.47
N_13_3,N_15_3,5.83977436246786,5.96,5.96,5.96,5.96,5.96,5.96,9.11,9.11,10.51,10.51,7.01,7.01,7.01,7.01,7.01,7.01,9.81,11.21,11.21,9.81,6.31,6.31,6.31,6.31
N_13_3,N_11_3,6.643056030702506,6.78,6.78,6.78,6.78,6.78,6.78,10.36,10.36,11.96,11.96,7.97,7.97,7.97,7.97,7.97,7.97,11.16,12.75,12.75,11.16,7.17,7.17,7.17,7.17
N_13_30,N_12_28,5.349026312386362,5.46,5.46,5.46,5.46,5.46,5.46,8.34,8.34,9.63,9.63,6.42,6.42,6.42,6.42,6.42,6.42,8.99,10.27,10.27,8.99,5.78,5.78,5.78,5.78
N_13_30,N_13_32,3.3754968469477435,3.44,3.44,3.44,3.44,3.44,3.44,5.27,5.27,6.08,6.08,4.05,4.05,4.05,4.05,4.05,4.05,5.67,6.48,6.48,5.67,3.65,3.65,3.65,3.65
N_13_30,N_11_29,3.3382295324326146,3.4,3.4,3.4,3.4,3.4,3.4,5.21,5.21,6.01,6.01,4.01,4.01,4.01,4.01,4.01,4.01,5.61,6.41,6.41,5.61,3.61,3.61,3.61,3.61
N_13_30,N_11_30,13.525662667157134,7.51,7.51,7.51,7.51,7.51,7.51,9.33,9.33,10.14,10.14,8.12,8.12,8.12,8.12,8.12,8.12,9.74,10.55,10.55,9.74,7.71,7.71,7.71,7.71
N_13_30,N_13_29,3.397922136663262,3.47,3.47,3.47,3.47,3.47,3.47,5.3,5.3,6.12,6.12,4.08,4.08,4.08,4.08,4.08,4.08,5.71,6.52,6.52,5.71,3.67,3.67,3.67,3.67
N_13_31,N_11_33,10.31063070758136,5.72,5.72,5.72,5.72,5.72,5.72,7.11,7.11,7.73,7.73,6.19,6.19,6.19,6.19,6.19,6.19,7.42,8.04,8.04,7.42,5.88,5.88,5.88,5.88
N_13_31,N_12_31,10.163848438603825,5.64,5.64,5.64,5.64,5.64,5.64,7.01,7.01,7.62,7.62,6.1,6.1,6.1,6.1,6.1,6.1,7.32,7.93,7.93,7.32,5.79,5.79,5.79,5.79
N_13_31,N_12_33,3.6163027115651665,3.69,3.69,3.69,3.69,3.69,3.69,5.64,5.64,6.51,6.51,4.34,4.34,4.34,4.34,4.34,4.34,6.08,6.94,6.94,6.08,3.91,3.91,3.91,3.91
N_13_31,N_15_31,3.1069253005920068,3.17,3.17,3.17,3.17,3.17,3.17,4.85,4.85,5.59,5.59,3.73,3.73,3.73,3.73,3.73,3.73,5.22,5.97,5.97,5.22,3.36,3.36,3.36,3.36
N_13_31,N_14_30,3.9175872771805778,4.0,4.0,4.0,4.0,4.0,4.0,6.11,6.11,7.05,7.05,4.7,4.7,4.7,4.7,4.7,4.7,6.58,7.52,7.52,6.58,4.23,4.23,4.23,4.23
N_13_31,N_14_33,1.7777375442725791,2.92,2.92,2.92,2.92,2.92,2.92,4.84,4.84,5.69,5.69,3.56,3.56,3.56,3.56,3.56,3.56,5.26,6.12,6.12,5.26,3.13,3.13,3.13,3.13
N_13_31,N_14_32,5.15118272502726,5.25,5.25,5.25,5.25,5.25,5.25,8.04,8.04,9.27,9.27,6.18,6.18,6.18,6.18,6.18,6.18,8.65,9.89,9.89,8.65,5.56,5.56,5.56,5.56
N_13_31,N_14_31,1.3993030873808316,2.29,2.29,2.29,2.29,2.29,2.29,3.81,3.81,4.48,4.48,2.8,2.8,2.8,2.8,2.8,2.8,4.14,4.81,4.81,4.14,2.46,2.46,2.46,2.46
N_13_32,N_11_32,5.548577615651489,5.66,5.66,5.66,5.66,5.66,5.66,8.66,8.66,9.99,9.99,6.66,6.66,6.66,6.66,6.66,6.66,9.32,10.65,10.65,9.32,5.99,5.99,5.99,5.99
N_13_32,N_11_33,2.089967603270577,3.43,3.43,3.43,3.43,3.43,3.43,5.68,5.68,6.69,6.69,4.18,4.18,4.18,4.18,4.18,4.18,6.19,7.19,7.19,6.19,3.68,3.68,3.68,3.68
N_13_32,N_13_30,3.3754968469477435,3.44,3.44,3.44,3.44,3.44,3.44,5.27,5.27,6.08,6.08,4.05,4.05,4.05,4.05,4.05,4.05,5.67,6.48,6.48,5.67,3.65,3.65,3.65,3.65
N_13_32,N_15_32,3.563242206493804,3.63,3.63,3.63,3.63,3.63,3.63,5.56,5.56,6.41,6.41,4.28,4.28,4.28,4.28,4.28,4.28,5.99,6.84,6.84,5.99,3.85,3.85,3.85,3.85
N_13_32,N_14_31,14.243972050975856,7.91,7.91,7.91,7.91,7.91,7.91,9.83,9.83,10.68,10.68,8.55,8.55,8.55,8.55,8.55,8.55,10.26,11.11,11.11,10.26,8.12,8.12,8.12,8.12
N_13_32,N_13_31,5.647128817660229,5.76,5.76,5.76,5.76,5.76,5.76,8.81,8.81,10.16,10.16,6.78,6.78,6.78,6.78,6.78,6.78,9.49,10.84,10.84,9.49,6.1,6.1,6.1,6.1
N_13_32,N_12_33,12.543465753601367,6.96,6.96,6.96,6.96,6.96,6.96,8.65,8.65,9.41,9.41,7.53,7.53,7.53,7.53,7.53,7.53,9.03,9.78,9.78,9.03,7.15,7.15,7.15,7.15
N_13_32,N_11_30,4.901418612577572,5.0,5.0,5.0,5.0,5.0,5.0,7.65,7.65,8.82,8.82,5.88,5.88,5.88,5.88,5.88,5.88,8.23,9.41,9.41,8.23,5.29,5.29,5.29,5.29
N_13_33,N_11_32,5.28557581936114,5.39,5.39,5.39,5.39,5.39,5.39,8.25,8.25,9.51,9.51,6.34,6.34,6.34,6.34,6.34,6.34,8.88,10.15,10.15,8.88,5.71,5.71,5.71,5.71
N_13_33,N_12_35,1.8984640761959715,3.11,3.11,3.11,3.11,3.11,3.11,5.16,5.16,6.08,6.08,3.8,3.8,3.8,3.8,3.8,3.8,5.62,6.53,6.53,5.62,3.34,3.34,3.34,3.34
N_13_33,N_11_34,1.986029436790579,3.26,3.26,3.26,3.26,3.26,3.26,5.4,5.4,6.36,6.36,3.97,3.97,3.97,3.97,3.97,3.97,5.88,6.83,6.83,5.88,3.5,3.5,3.5,3.5
N_13_33,N_13_35,11.103547073402776,6.16,6.16,6.16,6.16,6.16,6.16,7.66,7.66,8.33,8.33,6.66,6.66,6.66,6.66,6.66,6.66,7.99,8.66,8.66,7.99,6.33,6.33,6.33,6.33
N_13_33,N_15_35,6.611897681464928,6.74,6.74,6.74,6.74,6.74,6.74,10.31,10.31,11.9,11.9,7.93,7.93,7.93,7.93,7.93,7.93,11.11,12.69,12.69,11.11,7.14,7.14,7.14,7.14
N_13_33,N_13_30,4.842411318467723,4.94,4.94,4.94,4.94,4.94,4.94,7.55,7.55,8.72,8.72,5.81,5.81,5.81,5.81,5.81,5.81,8.14,9.3,9.3,8.14,5.23,5.23,5.23,5.23
N_13_33,N_15_34,2.182387314363658,3.58,3.58,3.58,3.58,3.58,3.58,5.94,5.94,6.98,6.98,4.36,4.36,4.36,4.36,4.36,4.36,6.46,7.51,7.51,6.46,3.84,3.84,3.84,3.84
N_13_34,N_11_35,10.099947997259624,5.61,5.61,5.61,5.61,5.61,5.61,6.97,6.97,7.57,7.57,6.06,6.06,6.06,6.06,6.06,6.06,7.27,7.88,7.88,7.27,5.76,5.76,5.76,5.76
N_13_34,N_12_35,12.193310332958985,6.77,6.77,6.77,6.77,6.77,6.77,8.41,8.41,9.14,9.14,7.32,7.32,7.32,7.32,7.32,7.32,8.78,9.51,9.51,8.78,6.95,6.95,6.95,6.95
N_13_34,N_15_34,10.07953670217288,5.59,5.59,5.59,5.59,5.59,5.59,6.95,6.95,7.56,7.56,6.05,6.05,6.05,6.05,6.05,6.05,7.26,7.86,7.86,7.26,5.75,5.75,5.75,5.75
N_13_34,N_14_35,5.567542325804229,5.68,5.68,5.68,5.68,5.68,5.68,8.69,8.69,10.02,10.02,6.68,6.68,6.68,6.68,6.68,6.68,9.35,10.69,10.69,9.35,6.01,6.01,6.01,6.01
N_13_34,N_13_35,4.92760186165283,5.03,5.03,5.03,5.03,5.03,5.03,7.69,7.69,8.87,8.87,5.91,5.91,5.91,5.91,5.91,5.91,8.28,9.46,9.46,8.28,5.32,5.32,5.32,5.32
N_13_34,N_16_34,6.468238496067611,6.6,6.6,6.6,6.6,6.6,6.6,10.09,10.09,11.64,11.64,7.76,7.76,7.76,7.76,7.76,7.76,10.87,12.42,12.42,10.87,6.99,6.99,6.99,6.99
N_13_34,N_11_32,4.859231443765357,4.96,4.96,4.96,4.96,4.96,4.96,7.58,7.58,8.75,8.75,5.83,5.83,5.83,5.83,5.83,5.83,8.16,9.33,9.33,8.16,5.25,5.25,5.25,5.25
N_13_35,N_11_33,4.935555688834195,5.03,5.03,5.03,5.03,5.03,5.03,7.7,7.7,8.88,8.88,5.92,5.92,5.92,5.92,5.92,5.92,8.29,9.48,9.48,8.29,5.33,5.33,5.33,5.33
N_13_35,N_11_34,9.15666554364843,5.08,5.08,5.08,5.08,5.08,5.08,6.32,6.32,6.87,6.87,5.49,5.49,5.49,5.49,5.49,5.49,6.59,7.14,7.14,6.59,5.22,5.22,5.22,5.22
N_13_35,N_11_36,9.208158119752618,5.11,5.11,5.11,5.11,5.11,5.11,6.35,6.35,6.91,6.91,5.52,5.52,5.52,5.52,5.52,5.52,6.63,7.18,7.18,6.63,5.25,5.25,5.25,5.25
N_13_35,N_12_34,2.2186675481209113,3.64,3.64,3.64,3.64,3.64,3.64,6.03,6.03,7.1,7.1,4.44,4.44,4.44,4.44,4.44,4.44,6.57,7.63,7.63,6.57,3.9,3.9,3.9,3.9
N_13_35,N_13_33,11.103547073402776,6.16,6.16,6.16,6.16,6.16,6.16,7.66,7.66,8.33,8.33,6.66,6.66,6.66,6.66,6.66,6.66,7.99,8.66,8.66,7.99,6.33,6.33,6.33,6.33
N_13_36,N_12_38,11.589109917804013,6.43,6.43,6.43,6.43,6.43,6.43,8.0,8.0,8.69,8.69,6.95,6.95,6.95,6.95,6.95,6.95,8.34,9.04,9.04,8.34,6.61,6.61,6.61,6.61
N_13_36,N_11_38,6.169421503096143,6.29,6.29,6.29,6.29,6.29,6.29,9.62,9.62,11.1,11.1,7.4,7.4,7.4,7.4,7.4,7.4,10.36,11.85,11.85,10.36,6.66,6.66,6.66,6.66
N_13_36,N_12_34,6.4464906566417275,6.58,6.58,6.58,6.58,6.58,6.58,10.06,10.06,11.6,11.6,7.74,7.74,7.74,7.74,7.74,7.74,10.83,12.38,12.38,10.83,6.96,6.96,6.96,6.96
N_13_36,N_15_34,5.910830200395097,6.03,6.03,6.03,6.03,6.03,6.03,9.22,9.22,10.64,10.64,7.09,7.09,7.09,7.09,7.09,7.09,9.93,11.35,11.35,9.93,6.38,6.38,6.38,6.38
N_13_36,N_12_35,4.291612609890325,4.38,4.38,4.38,4.38,4.38,4.38,6.69,6.69,7.72,7.72,5.15,5.15,5.15,5.15,5.15,5.15,7.21,8.24,8.24,7.21,4.63,4.63,4.63,4.63
N_13_36,N_14_37,3.141129384952232,3.2,3.2,3.2,3.2,3.2,3.2,4.9,4.9,5.65,5.65,3.77,3.77,3.77,3.77,3.77,3.77,5.28,6.03,6.03,5.28,3.39,3.39,3.39,3.39
N_13_37,N_12_36,0.7908258550876044,1.3,1.3,1.3,1.3,1.3,1.3,2.15,2.15,2.53,2.53,1.58,1.58,1.58,1.58,1.58,1.58,2.34,2.72,2.72,2.34,1.39,1.39,1.39,1.39
N_13_37,N_13_38,5.723554190399243,5.84,5.84,5.84,5.84,5.84,5.84,8.93,8.93,10.3,10.3,6.87,6.87,6.87,6.87,6.87,6.87,9.62,10.99,10.99,9.62,6.18,6.18,6.18,6.18
N_13_37,N_13_36,2.419345672139312,3.97,3.97,3.97,3.97,3.97,3.97,6.58,6.58,7.74,7.74,4.84,4.84,4.84,4.84,4.84,4.84,7.16,8.32,8.32,7.16,4.26,4.26,4.26,4.26
N_13_37,N_14_37,3.677317437044826,3.75,3.75,3.75,3.75,3.75,3.75,5.74,5.74,6.62,6.62,4.41,4.41,4.41,4.41,4.41,4.41,6.18,7.06,7.06,6.18,3.97,3.97,3.97,3.97
N_13_37,N_11_36,9.578881624021477,5.32,5.32,5.32,5.32,5.32,5.32,6.61,6.61,7.18,7.18,5.75,5.75,5.75,5.75,5.75,5.75,6.9,7.47,7.47,6.9,5.46,5.46,5.46,5.46
N_13_37,N_14_38,6.488586733610303,6.62,6.62,6.62,6.62,6.62,6.62,10.12,10.12,11.68,11.68,7.79,7.79,7.79,7.79,7.79,7.79,10.9,12.46,12.46,10.9,7.01,7.01,7.01,7.01
N_13_37,N_12_38,9.13355861895562,5.07,5.07,5.07,5.07,5.07,5.07,6.3,6.3,6.85,6.85,5.48,5.48,5.48,5.48,5.48,5.48,6.58,7.12,7.12,6.58,5.21,5.21,5.21,5.21
N_13_38,N_12_39,13.5667525811762,7.53,7.53,7.53,7.53,7.53,7.53,9.36,9.36,10.18,10.18,8.14,8.14,8.14,8.14,8.14,8.14,9.77,10.58,10.58,9.77,7.73,7.73,7.73,7.73
N_13_38,N_13_37,5.723554190399243,5.84,5.84,5.84,5.84,5.84,5.84,8.93,8.93,10.3,10.3,6.87,6.87,6.87,6.87,6.87,6.87,9.62,10.99,10.99,9.62,6.18,6.18,6.18,6.18
N_13_38,N_13_35,3.226090038750427,3.29,3.29,3.29,3.29,3.29,3.29,5.03,5.03,5.81,5.81,3.87,3.87,3.87,3.87,3.87,3.87,5.42,6.19,6.19,5.42,3.48,3.48,3.48,3.48
N_13_39,N_11_37,14.940853870313186,8.29,8.29,8.29,8.29,8.29,8.29,10.31,10.31,11.21,11.21,8.96,8.96,8.96,8.96,8.96,8.96,10.76,11.65,11.65,10.76,8.52,8.52,8.52,8.52
N_13_39,N_12_37,11.948503728697753,6.63,6.63,6.63,6.63,6.63,6.63,8.24,8.24,8.96,8.96,7.17,7.17,7.17,7.17,7.17,7.17,8.6,9.32,9.32,8.6,6.81,6.81,6.81,6.81
N_13_39,N_12_38,13.596701229769598,7.55,7.55,7.55,7.55,7.55,7.55,9.38,9.38,10.2,10.2,8.16,8.16,8.16,8.16,8.16,8.16,9.79,10.61,10.61,9.79,7.75,7.75,7.75,7.75
N_13_39,N_15_37,2.384863969618932,3.91,3.91,3.91,3.91,3.91,3.91,6.49,6.49,7.63,7.63,4.77,4.77,4.77,4.77,4.77,4.77,7.06,8.2,8.2,7.06,4.2,4.2,4.2,4.2
N_13_39,N_14_39,5.254241120132852,5.36,5.36,5.36,5.36,5.36,5.36,8.2,8.2,9.46,9.46,6.31,6.31,6.31,6.31,6.31,6.31,8.83,10.09,10.09,8.83,5.67,5.67,5.67,5.67
N_13_4,N_11_5,6.631235092224621,6.76,6.76,6.76,6.76,6.76,6.76,10.34,10.34,11.94,11.94,7.96,7.96,7.96,7.96,7.96,7.96,11.14,12.73,12.73,11.14,7.16,7.16,7.16,7.16
N_13_4,N_13_3,4.209192710845546,4.29,4.29,4.29,4.29,4.29,4.29,6.57,6.57,7.58,7.58,5.05,5.05,5.05,5.05,5.05,5.05,7.07,8.08,8.08,7.07,4.55,4.55,4.55,4.55
N_13_4,N_14_2,5.297992893356165,5.4,5.4,5.4,5.4,5.4,5.4,8.26,8.26,9.54,9.54,6.36,6.36,6.36,6.36,6.36,6.36,8.9,10.17,10.17,8.9,5.72,5.72,5.72,5.72
N_13_4,N_11_3,12.26251752362633,6.81,6.81,6.81,6.81,6.81,6.81,8.46,8.46,9.2,9.2,7.36,7.36,7.36,7.36,7.36,7.36,8.83,9.56,9.56,8.83,6.99,6.99,6.99,6.99
N_13_4,N_15_2,5.672196643778296,5.79,5.79,5.79,5.79,5.79,5.79,8.85,8.85,10.21,10.21,6.81,6.81,6.81,6.81,6.81,6.81,9.53,10.89,10.89,9.53,6.13,6.13,6.13,6.13
N_13_4,N_12_6,5.166466742451373,5.27,5.27,5.27,5.27,5.27,5.27,8.06,8.06,9.3,9.3,6.2,6.2,6.2,6.2,6.2,6.2,8.68,9.92,9.92,8.68,5.58,5.58,5.58,5.58
N_13_4,N_13_7,13.524768692504008,7.51,7.51,7.51,7.51,7.51,7.51,9.33,9.33,10.14,10.14,8.11,8.11,8.11,8.11,8.11,8.11,9.74,10.55,10.55,9.74,7.71,7.71,7.71,7.71
N_13_5,N_12_4,14.830002026264756,8.23,8.23,8.23,8.23,8.23,8.23,10.23,10.23,11.12,11.12,8.9,8.9,8.9,8.9,8.9,8.9,10.68,11.57,11.57,10.68,8.45,8.45,8.45,8.45
N_13_5,N_13_2,4.8514641892045605,4.95,4.95,4.95,4.95,4.95,4.95,7.57,7.57,8.73,8.73,5.82,5.82,5.82,5.82,5.82,5.82,8.15,9.31,9.31,8.15,5.24,5.24,5.24,5.24
N_13_5,N_11_3,3.915858546461325,3.99,3.99,3.99,3.99,3.99,3.99,6.11,6.11,7.05,7.05,4.7,4.7,4.7,4.7,4.7,4.7,6.58,7.52,7.52,6.58,4.23,4.23,4.23,4.23
N_13_5,N_10_5,2.301428320005858,3.77,3.77,3.77,3.77,3.77,3.77,6.26,6.26,7.36,7.36,4.6,4.6,4.6,4.6,4.6,4.6,6.81,7.92,7.92,6.81,4.05,4.05,4.05,4.05
N_13_5,N_14_7,2.3220717217556226,3.81,3.81,3.81,3.81,3.81,3.81,6.32,6.32,7.43,7.43,4.64,4.64,4.64,4.64,4.64,4.64,6.87,7.99,7.99,6.87,4.09,4.09,4.09,4.09
N_13_6,N_11_4,1.3235971494257186,2.17,2.17,2.17,2.17,2.17,2.17,3.6,3.6,4.24,4.24,2.65,2.65,2.65,2.65,2.65,2.65,3.92,4.55,4.55,3.92,2.33,2.33,2.33,2.33
N_13_6,N_11_5,1.4026268880952295,2.3,2.3,2.3,2.3,2.3,2.3,3.82,3.82,4.49,4.49,2.81,2.81,2.81,2.81,2.81,2.81,4.15,4.83,4.83,4.15,2.47,2.47,2.47,2.47
N_13_6,N_12_4,10.938752085023536,6.07,6.07,6.07,6.07,6.07,6.07,7.55,7.55,8.2,8.2,6.56,6.56,6.56,6.56,6.56,6.56,7.88,8.53,8.53,7.88,6.24,6.24,6.24,6.24
N_13_6,N_13_9,3.8931322037586935,3.97,3.97,3.97,3.97,3.97,3.97,6.07,6.07,7.01,7.01,4.67,4.67,4.67,4.67,4.67,4.67,6.54,7.47,7.47,6.54,4.2,4.2,4.2,4.2
N_13_6,N_12_5,5.345021861679577,5.45,5.45,5.45,5.45,5.45,5.45,8.34,8.34,9.62,9.62,6.41,6.41,6.41,6.41,6.41,6.41,8.98,10.26,10.26,8.98,5.77,5.77,5.77,5.77
N_13_7,N_11_5,3.768055265397944,3.84,3.84,3.84,3.84,3.84,3.84,5.88,5.88,6.78,6.78,4.52,4.52,4.52,4.52,4.52,4.52,6.33,7.23,7.23,6.33,4.07,4.07,4.07,4.07
N_13_7,N_12_8,4.215746761028068,4.3,4.3,4.3,4.3,4.3,4.3,6.58,6.58,7.59,7.59,5.06,5.06,5.06,5.06,5.06,5.06,7.08,8.09,8.09,7.08,4.55,4.55,4.55,4.55
N_13_7,N_13_4,13.524768692504008,7.51,7.51,7.51,7.51,7.51,7.51,9.33,9.33,10.14,10.14,8.11,8.11,8.11,8.11,8.11,8.11,9.74,10.55,10.55,9.74,7.71,7.71,7.71,7.71
N_13_8,N_11_7,3.1126824282601406,3.17,3.17,3.17,3.17,3.17,3.17,4.86,4.86,5.6,5.6,3.74,3.74,3.74,3.74,3.74,3.74,5.23,5.98,5.98,5.23,3.36,3.36,3.36,3.36
N_13_8,N_11_9,1.5124065680980947,2.48,2.48,2.48,2.48,2.48,2.48,4.11,4.11,4.84,4.84,3.02,3.02,3.02,3.02,3.02,3.02,4.48,5.2,5.2,4.48,2.66,2.66,2.66,2.66
N_13_8,N_10_8,4.920985108119031,5.02,5.02,5.02,5.02,5.02,5.02,7.68,7.68,8.86,8.86,5.91,5.91,5.91,5.91,5.91,5.91,8.27,9.45,9.45,8.27,5.31,5.31,5.31,5.31
N_13_8,N_15_10,10.155870685013719,5.64,5.64,5.64,5.64,5.64,5.64,7.01,7.01,7.62,7.62,6.09,6.09,6.09,6.09,6.09,6.09,7.31,7.92,7.92,7.31,5.79,5.79,5.79,5.79
N_13_8,N_12_10,3.382616069410718,3.45,3.45,3.45,3.45,3.45,3.45,5.28,5.28,6.09,6.09,4.06,4.06,4.06,4.06,4.06,4.06,5.68,6.49,6.49,5.68,3.65,3.65,3.65,3.65
N_13_8,N_16_8,3.926718559984121,4.01,4.01,4.01,4.01,4.01,4.01,6.13,6.13,7.07,7.07,4.71,4.71,4.71,4.71,4.71,4.71,6.6,7.54,7.54,6.6,4.24,4.24,4.24,4.24
N_13_8,N_15_7,0.7969646341516092,1.31,1.31,1.31,1.31,1.31,1.31,2.17,2.17,2.55,2.55,1.59,1.59,1.59,1.59,1.59,1.59,2.36,2.74,2.74,2.36,1.4,1.4,1.4,1.4
N_13_8,N_13_9,9.34819828609151,5.19,5.19,5.19,5.19,5.19,5.19,6.45,6.45,7.01,7.01,5.61,5.61,5.61,5.61,5.61,5.61,6.73,7.29,7.29,6.73,5.33,5.33,5.33,5.33
N_13_9,N_11_11,0.6888843313925248,1.13,1.13,1.13,1.13,1.13,1.13,1.87,1.87,2.2,2.2,1.38,1.38,1.38,1.38,1.38,1.38,2.04,2.37,2.37,2.04,1.21,1.21,1.21,1.21
N_13_9,N_13_11,3.597688184304071,3.67,3.67,3.67,3.67,3.67,3.67,5.61,5.61,6.48,6.48,4.32,4.32,4.32,4.32,4.32,4.32,6.04,6.91,6.91,6.04,3.89,3.89,3.89,3.89
N_13_9,N_13_8,9.34819828609151,5.19,5.19,5.19,5.19,5.19,5.19,6.45,6.45,7.01,7.01,5.61,5.61,5.61,5.61,5.61,5.61,6.73,7.29,7.29,6.73,5.33,5.33,5.33,5.33
N_13_9,N_14_11,3.3602882888908585,3.43,3.43,3.43,3.43,3.43,3.43,5.24,5.24,6.05,6.05,4.03,4.03,4.03,4.03,4.03,4.03,5.65,6.45,6.45,5.65,3.63,3.63,3.63,3.63
N_13_9,N_13_6,1.3480651085261925,2.21,2.21,2.21,2.21,2.21,2.21,3.67,3.67,4.31,4.31,2.7,2.7,2.7,2.7,2.7,2.7,3.99,4.64,4.64,3.99,2.37,2.37,2.37,2.37
N_13_9,N_15_9,11.514507449259803,6.39,6.39,6.39,6.39,6.39,6.39,7.95,7.95,8.64,8.64,6.91,6.91,6.91,6.91,6.91,6.91,8.29,8.98,8.98,8.29,6.56,6.56,6.56,6.56
N_14_0,N_11_0,9.689492905220545,5.38,5.38,5.38,5.38,5.38,5.38,6.69,6.69,7.27,7.27,5.81,5.81,5.81,5.81,5.81,5.81,6.98,7.56,7.56,6.98,5.52,5.52,5.52,5.52
N_14_0,N_13_2,14.546991747228779,8.07,8.07,8.07,8.07,8.07,8.07,10.04,10.04,10.91,10.91,8.73,8.73,8.73,8.73,8.73,8.73,10.47,11.35,11.35,10.47,8.29,8.29,8.29,8.29
N_14_0,N_16_2,5.872466935321521,5.99,5.99,5.99,5.99,5.99,5.99,9.16,9.16,10.57,10.57,7.05,7.05,7.05,7.05,7.05,7.05,9.87,11.28,11.28,9.87,6.34,6.34,6.34,6.34
N_14_0,N_12_1,3.4537983125069496,3.52,3.52,3.52,3.52,3.52,3.52,5.39,5.39,6.22,6.22,4.14,4.14,4.14,4.14,4.14,4.14,5.8,6.63,6.63,5.8,3.73,3.73,3.73,3.73
N_14_0,N_17_0,6.731273324635049,6.87,6.87,6.87,6.87,6.87,6.87,10.5,10.5,12.12,12.12,8.08,8.08,8.08,8.08,8.08,8.08,11.31,12.92,12.92,11.31,7.27,7.27,7.27,7.27
N_14_1,N_12_2,14.592077285112175,8.1,8.1,8.1,8.1,8.1,8.1,10.07,10.07,10.94,10.94,8.76,8.76,8.76,8.76,8.76,8.76,10.51,11.38,11.38,10.51,8.32,8.32,8.32,8.32
N_14_1,N_15_1,3.9085117156478715,3.99,3.99,3.99,3.99,3.99,3.99,6.1,6.1,7.04,7.04,4.69,4.69,4.69,4.69,4.69,4.69,6.57,7.5,7.5,6.57,4.22,4.22,4.22,4.22
N_14_1,N_12_1,6.279536826262631,6.41,6.41,6.41,6.41,6.41,6.41,9.8,9.8,11.3,11.3,7.54,7.54,7.54,7.54,7.54,7.54,10.55,12.06,12.06,10.55,6.78,6.78,6.78,6.78
N_14_1,N_16_1,8.193009278882384,4.55,4.55,4.55,4.55,4.55,4.55,5.65,5.65,6.14,6.14,4.92,4.92,4.92,4.92,4.92,4.92,5.9,6.39,6.39,5.9,4.67,4.67,4.67,4.67
N_14_1,N_11_1,11.616290594570202,6.45,6.45,6.45,6.45,6.45,6.45,8.02,8.02,8.71,8.71,6.97,6.97,6.97,6.97,6.97,6.97,8.36,9.06,9.06,8.36,6.62,6.62,6.62,6.62
N_14_10,N_16_8,4.846369400772884,4.94,4.94,4.94,4.94,4.94,4.94,7.56,7.56,8.72,8.72,5.82,5.82,5.82,5.82,5.82,5.82,8.14,9.31,9.31,8.14,5.23,5.23,5.23,5.23
N_14_10,N_14_7,4.413066724558673,4.5,4.5,4.5,4.5,4.5,4.5,6.88,6.88,7.94,7.94,5.3,5.3,5.3,5.3,5.3,5.3,7.41,8.47,8.47,7.41,4.77,4.77,4.77,4.77
N_14_10,N_15_9,4.674061378203131,4.77,4.77,4.77,4.77,4.77,4.77,7.29,7.29,8.41,8.41,5.61,5.61,5.61,5.61,5.61,5.61,7.85,8.97,8.97,7.85,5.05,5.05,5.05,5.05
N_14_10,N_14_8,10.120692878470829,5.62,5.62,5.62,5.62,5.62,5.62,6.98,6.98,7.59,7.59,6.07,6.07,6.07,6.07,6.07,6.07,7.29,7.89,7.89,7.29,5.77,5.77,5.77,5.77
N_14_11,N_11_11,6.610777998039358,6.74,6.74,6.74,6.74,6.74,6.74,10.31,10.31,11.9,11.9,7.93,7.93,7.93,7.93,7.93,7.93,11.11,12.69,12.69,11.11,7.14,7.14,7.14,7.14
N_14_11,N_13_12,12.507935174158034,6.94,6.94,6.94,6.94,6.94,6.94,8.63,8.63,9.38,9.38,7.5,7.5,7.5,7.5,7.5,7.5,9.01,9.76,9.76,9.01,7.13,7.13,7.13,7.13
N_14_11,N_13_9,3.3602882888908585,3.43,3.43,3.43,3.43,3.43,3.43,5.24,5.24,6.05,6.05,4.03,4.03,4.03,4.03,4.03,4.03,5.65,6.45,6.45,5.65,3.63,3.63,3.63,3.63
N_14_11,N_15_10,4.500498367146191,4.59,4.59,4.59,4.59,4.59,4.59,7.02,7.02,8.1,8.1,5.4,5.4,5.4,5.4,5.4,5.4,7.56,8.64,8.64,7.56,4.86,4.86,4.86,4.86
N_14_11,N_14_8,4.787033442169932,4.88,4.88,4.88,4.88,4.88,4.88,7.47,7.47,8.62,8.62,5.74,5.74,5.74,5.74,5.74,5.74,8.04,9.19,9.19,8.04,5.17,5.17,5.17,5.17
N_14_11,N_13_10,4.978579982951105,5.08,5.08,5.08,5.08,5.08,5.08,7.77,7.77,8.96,8.96,5.97,5.97,5.97,5.97,5.97,5.97,8.36,9.56,9.56,8.36,5.38,5.38,5.38,5.38
N_14_11,N_15_12,0.5861924101241147,0.96,0.96,0.96,0.96,0.96,0.96,1.59,1.59,1.88,1.88,1.17,1.17,1.17,1.17,1.17,1.17,1.74,2.02,2.02,1.74,1.03,1.03,1.03,1.03
N_14_11,N_13_13,4.7060962951000285,4.8,4.8,4.8,4.8,4.8,4.8,7.34,7.34,8.47,8.47,5.65,5.65,5.65,5.65,5.65,5.65,7.91,9.04,9.04,7.91,5.08,5.08,5.08,5.08
N_14_12,N_16_12,2.2111182001900467,3.63,3.63,3.63,3.63,3.63,3.63,6.01,6.01,7.08,7.08,4.42,4.42,4.42,4.42,4.42,4.42,6.54,7.61,7.61,6.54,3.89,3.89,3.89,3.89
N_14_12,N_12_13,1.6169307013119463,2.65,2.65,2.65,2.65,2.65,2.65,4.4,4.4,5.17,5.17,3.23,3.23,3.23,3.23,3.23,3.23,4.79,5.56,5.56,4.79,2.85,2.85,2.85,2.85
N_14_12,N_12_12,1.2909466786290897,2.12,2.12,2.12,2.12,2.12,2.12,3.51,3.51,4.13,4.13,2.58,2.58,2.58,2.58,2.58,2.58,3.82,4.44,4.44,3.82,2.27,2.27,2.27,2.27
N_14_12,N_15_11,3.3205491964784883,3.39,3.39,3.39,3.39,3.39,3.39,5.18,5.18,5.98,5.98,3.98,3.98,3.98,3.98,3.98,3.98,5.58,6.38,6.38,5.58,3.59,3.59,3.59,3.59
N_14_12,N_13_12,8.854401970250715,4.91,4.91,4.91,4.91,4.91,4.91,6.11,6.11,6.64,6.64,5.31,5.31,5.31,5.31,5.31,5.31,6.38,6.91,6.91,6.38,5.05,5.05,5.05,5.05
N_14_12,N_14_9,13.408476785890741,7.44,7.44,7.44,7.44,7.44,7.44,9.25,9.25,10.06,10.06,8.05,8.05,8.05,8.05,8.05,8.05,9.65,10.46,10.46,9.65,7.64,7.64,7.64,7.64
N_14_13,N_17_13,3.7010511461100295,3.78,3.78,3.78,3.78,3.78,3.78,5.77,5.77,6.66,6.66,4.44,4.44,4.44,4.44,4.44,4.44,6.22,7.11,7.11,6.22,4.0,4.0,4.0,4.0
N_14_13,N_13_12,11.652669049399085,6.47,6.47,6.47,6.47,6.47,6.47,8.04,8.04,8.74,8.74,6.99,6.99,6.99,6.99,6.99,6.99,8.39,9.09,9.09,8.39,6.64,6.64,6.64,6.64
N_14_13,N_13_14,4.301930296102444,4.39,4.39,4.39,4.39,4.39,4.39,6.71,6.71,7.74,7.74,5.16,5.16,5.16,5.16,5.16,5.16,7.23,8.26,8.26,7.23,4.65,4.65,4.65,4.65
N_14_13,N_16_14,4.893362573865646,4.99,4.99,4.99,4.99,4.99,4.99,7.63,7.63,8.81,8.81,5.87,5.87,5.87,5.87,5.87,5.87,8.22,9.4,9.4,8.22,5.28,5.28,5.28,5.28
N_14_13,N_14_16,5.130193478262539,5.23,5.23,5.23,5.23,5.23,5.23,8.0,8.0,9.23,9.23,6.16,6.16,6.16,6.16,6.16,6.16,8.62,9.85,9.85,8.62,5.54,5.54,5.54,5.54
N_14_13,N_15_14,0.9545342434051229,1.57,1.57,1.57,1.57,1.57,1.57,2.6,2.6,3.05,3.05,1.91,1.91,1.91,1.91,1.91,1.91,2.83,3.28,3.28,2.83,1.68,1.68,1.68,1.68
N_14_13,N_13_13,4.62071488291044,4.71,4.71,4.71,4.71,4.71,4.71,7.21,7.21,8.32,8.32,5.54,5.54,5.54,5.54,5.54,5.54,7.76,8.87,8.87,7.76,4.99,4.99,4.99,4.99
N_14_13,N_12_14,4.092653905617274,4.17,4.17,4.17,4.17,4.17,4.17,6.38,6.38,7.37,7.37,4.91,4.91,4.91,4.91,4.91,4.91,6.88,7.86,7.86,6.88,4.42,4.42,4.42,4.42
N_14_14,N_13_12,8.356199529516692,4.64,4.64,4.64,4.64,4.64,4.64,5.77,5.77,6.27,6.27,5.01,5.01,5.01,5.01,5.01,5.01,6.02,6.52,6.52,6.02,4.76,4.76,4.76,4.76
N_14_14,N_13_16,11.906040102860675,6.61,6.61,6.61,6.61,6.61,6.61,8.22,8.22,8.93,8.93,7.14,7.14,7.14,7.14,7.14,7.14,8.57,9.29,9.29,8.57,6.79,6.79,6.79,6.79
N_14_14,N_12_15,2.099333428082277,3.44,3.44,3.44,3.44,3.44,3.44,5.71,5.71,6.72,6.72,4.2,4.2,4.2,4.2,4.2,4.2,6.21,7.22,7.22,6.21,3.69,3.69,3.69,3.69
N_14_14,N_12_12,12.154006871085377,6.75,6.75,6.75,6.75,6.75,6.75,8.39,8.39,9.12,9.12,7.29,7.29,7.29,7.29,7.29,7.29,8.75,9.48,9.48,8.75,6.93,6.93,6.93,6.93
N_14_14,N_16_16,8.723675948732877,4.84,4.84,4.84,4.84,4.84,4.84,6.02,6.02,6.54,6.54,5.23,5.23,5.23,5.23,5.23,5.23,6.28,6.8,6.8,6.28,4.97,4.97,4.97,4.97
N_14_15,N_12_17,4.368808014106797,4.46,4.46,4.46,4.46,4.46,4.46,6.82,6.82,7.86,7.86,5.24,5.24,5.24,5.24,5.24,5.24,7.34,8.39,8.39,7.34,4.72,4.72,4.72,4.72
N_14_15,N_13_14,8.009638442918451,4.45,4.45,4.45,4.45,4.45,4.45,5.53,5.53,6.01,6.01,4.81,4.81,4.81,4.81,4.81,4.81,5.77,6.25,6.25,5.77,4.57,4.57,4.57,4.57
N_14_15,N_13_15,4.216709141270105,4.3,4.3,4.3,4.3,4.3,4.3,6.58,6.58,7.59,7.59,5.06,5.06,5.06,5.06,5.06,5.06,7.08,8.1,8.1,7.08,4.55,4.55,4.55,4.55
N_14_15,N_14_14,6.311562107504141,6.44,6.44,6.44,6.44,6.44,6.44,9.85,9.85,11.36,11.36,7.57,7.57,7.57,7.57,7.57,7.57,10.6,12.12,12.12,10.6,6.82,6.82,6.82,6.82
N_14_15,N_11_15,12.793724976863539,7.1,7.1,7.1,7.1,7.1,7.1,8.83,8.83,9.6,9.6,7.68,7.68,7.68,7.68,7.68,7.68,9.21,9.98,9.98,9.21,7.29,7.29,7.29,7.29
N_14_16,N_11_16,10.104516738262147,5.61,5.61,5.61,5.61,5.61,5.61,6.97,6.97,7.58,7.58,6.06,6.06,6.06,6.06,6.06,6.06,7.28,7.88,7.88,7.28,5.76,5.76,5.76,5.76
N_14_16,N_14_13,5.130193478262539,5.23,5.23,5.23,5.23,5.23,5.23,8.0,8.0,9.23,9.23,6.16,6.16,6.16,6.16,6.16,6.16,8.62,9.85,9.85,8.62,5.54,5.54,5.54,5.54
N_14_16,N_15_15,5.858624230267674,5.98,5.98,5.98,5.98,5.98,5.98,9.14,9.14,10.55,10.55,7.03,7.03,7.03,7.03,7.03,7.03,9.84,11.25,11.25,9.84,6.33,6.33,6.33,6.33
N_14_16,N_15_14,3.0314032792709873,3.09,3.09,3.09,3.09,3.09,3.09,4.73,4.73,5.46,5.46,3.64,3.64,3.64,3.64,3.64,3.64,5.09,5.82,5.82,5.09,3.27,3.27,3.27,3.27
N_14_16,N_15_17,3.567263642741198,3.64,3.64,3.64,3.64,3.64,3.64,5.56,5.56,6.42,6.42,4.28,4.28,4.28,4.28,4.28,4.28,5.99,6.85,6.85,5.99,3.85,3.85,3.85,3.85
N_14_16,N_13_14,6.356082478875158,6.48,6.48,6.48,6.48,6.48,6.48,9.92,9.92,11.44,11.44,7.63,7.63,7.63,7.63,7.63,7.63,10.68,12.2,12.2,10.68,6.86,6.86,6.86,6.86
N_14_17,N_11_17,5.566745671501025,5.68,5.68,5.68,5.68,5.68,5.68,8.68,8.68,10.02,10.02,6.68,6.68,6.68,6.68,6.68,6.68,9.35,10.69,10.69,9.35,6.01,6.01,6.01,6.01
N_14_17,N_12_17,3.9569335572803572,4.04,4.04,4.04,4.04,4.04,4.04,6.17,6.17,7.12,7.12,4.75,4.75,4.75,4.75,4.75,4.75,6.65,7.6,7.6,6.65,4.27,4.27,4.27,4.27
N_14_17,N_13_15,6.262068920599033,6.39,6.39,6.39,6.39,6.39,6.39,9.77,9.77,11.27,11.27,7.51,7.51,7.51,7.51,7.51,7.51,10.52,12.02,12.02,10.52,6.76,6.76,6.76,6.76
N_14_17,N_17_17,14.142898568577944,7.85,7.85,7.85,7.85,7.85,7.85,9.76,9.76,10.61,10.61,8.49,8.49,8.49,8.49,8.49,8.49,10.18,11.03,11.03,10.18,8.06,8.06,8.06,8.06
N_14_17,N_14_16,0.7138907866397726,1.17,1.17,1.17,1.17,1.17,1.17,1.94,1.94,2.28,2.28,1.43,1.43,1.43,1.43,1.43,1.43,2.11,2.46,2.46,2.11,1.26,1.26,1.26,1.26
N_14_17,N_13_18,2.318384380593562,3.8,3.8,3.8,3.8,3.8,3.8,6.31,6.31,7.42,7.42,4.64,4.64,4.64,4.64,4.64,4.64,6.86,7.98,7.98,6.86,4.08,4.08,4.08,4.08
N_14_18,N_12_19,3.6569545066577644,3.73,3.73,3.73,3.73,3.73,3.73,5.7,5.7,6.58,6.58,4.39,4.39,4.39,4.39,4.39,4.39,6.14,7.02,7.02,6.14,3.95,3.95,3.95,3.95
N_14_18,N_13_17,0.7853772443213691,1.29,1.29,1.29,1.29,1.29,1.29,2.14,2.14,2.51,2.51,1.57,1.57,1.57,1.57,1.57,1.57,2.32,2.7,2.7,2.32,1.38,1.38,1.38,1.38
N_14_18,N_14_19,6.091552906894777,6.21,6.21,6.21,6.21,6.21,6.21,9.5,9.5,10.96,10.96,7.31,7.31,7.31,7.31,7.31,7.31,10.23,11.7,11.7,10.23,6.58,6.58,6.58,6.58
N_14_18,N_15_20,6.174098556524771,6.3,6.3,6.3,6.3,6.3,6.3,9.63,9.63,11.11,11.11,7.41,7.41,7.41,7.41,7.41,7.41,10.37,11.85,11.85,10.37,6.67,6.67,6.67,6.67
N_14_18,N_16_19,5.157811332802552,5.26,5.26,5.26,5.26,5.26,5.26,8.05,8.05,9.28,9.28,6.19,6.19,6.19,6.19,6.19,6.19,8.67,9.9,9.9,8.67,5.57,5.57,5.57,5.57
N_14_18,N_15_16,3.4447528832760264,3.51,3.51,3.51,3.51,3.51,3.51,5.37,5.37,6.2,6.2,4.13,4.13,4.13,4.13,4.13,4.13,5.79,6.61,6.61,5.79,3.72,3.72,3.72,3.72
N_14_18,N_13_16,4.59309622889446,4.68,4.68,4.68,4.68,4.68,4.68,7.17,7.17,8.27,8.27,5.51,5.51,5.51,5.51,5.51,5.51,7.72,8.82,8.82,7.72,4.96,4.96,4.96,4.96
N_14_19,N_13_20,5.1363871011387,5.24,5.24,5.24,5.24,5.24,5.24,8.01,8.01,9.25,9.25,6.16,6.16,6.16,6.16,6.16,6.16,8.63,9.86,9.86,8.63,5.55,5.55,5.55,5.55
N_14_19,N_14_18,6.091552906894777,6.21,6.21,6.21,6.21,6.21,6.21,9.5,9.5,10.96,10.96,7.31,7.31,7.31,7.31,7.31,7.31,10.23,11.7,11.7,10.23,6.58,6.58,6.58,6.58
N_14_19,N_16_18,3.169455848860035,3.23,3.23,3.23,3.23,3.23,3.23,4.94,4.94,5.71,5.71,3.8,3.8,3.8,3.8,3.8,3.8,5.32,6.09,6.09,5.32,3.42,3.42,3.42,3.42
N_14_19,N_13_17,8.754700065741812,4.86,4.86,4.86,4.86,4.86,4.86,6.04,6.04,6.57,6.57,5.25,5.25,5.25,5.25,5.25,5.25,6.3,6.83,6.83,6.3,4.99,4.99,4.99,4.99
N_14_19,N_17_19,13.913025337239205,7.72,7.72,7.72,7.72,7.72,7.72,9.6,9.6,10.43,10.43,8.35,8.35,8.35,8.35,8.35,8.35,10.02,10.85,10.85,10.02,7.93,7.93,7.93,7.93
N_14_19,N_12_20,11.670133443130688,6.48,6.48,6.48,6.48,6.48,6.48,8.05,8.05,8.75,8.75,7.0,7.0,7.0,7.0,7.0,7.0,8.4,9.1,9.1,8.4,6.65,6.65,6.65,6.65
N_14_19,N_12_17,14.902770164806398,8.27,8.27,8.27,8.27,8.27,8.27,10.28,10.28,11.18,11.18,8.94,8.94,8.94,8.94,8.94,8.94,10.73,11.62,11.62,10.73,8.49,8.49,8.49,8.49
N_14_2,N_13_4,5.297992893356165,5.4,5.4,5.4,5.4,5.4,5.4,8.26,8.26,9.54,9.54,6.36,6.36,6.36,6.36,6.36,6.36,8.9,10.17,10.17,8.9,5.72,5.72,5.72,5.72
N_14_2,N_12_3,6.837939190223031,6.97,6.97,6.97,6.97,6.97,6.97,10.67,10.67,12.31,12.31,8.21,8.21,8.21,8.21,8.21,8.21,11.49,13.13,13.13,11.49,7.38,7.38,7.38,7.38
N_14_2,N_16_0,11.838406268576136,6.57,6.57,6.57,6.57,6.57,6.57,8.17,8.17,8.88,8.88,7.1,7.1,7.1,7.1,7.1,7.1,8.52,9.23,9.23,8.52,6.75,6.75,6.75,6.75
N_14_2,N_13_0,10.998571451651511,6.1,6.1,6.1,6.1,6.1,6.1,7.59,7.59,8.25,8.25,6.6,6.6,6.6,6.6,6.6,6.6,7.92,8.58,8.58,7.92,6.27,6.27,6.27,6.27
N_14_20,N_12_19,5.5057213427600225,5.62,5.62,5.62,5.62,5.62,5.62,8.59,8.59,9.91,9.91,6.61,6.61,6.61,6.61,6.61,6.61,9.25,10.57,10.57,9.25,5.95,5.95,5.95,5.95
N_14_20,N_11_20,5.999136238661928,6.12,6.12,6.12,6.12,6.12,6.12,9.36,9.36,10.8,10.8,7.2,7.2,7.2,7.2,7.2,7.2,10.08,11.52,11.52,10.08,6.48,6.48,6.48,6.48
N_14_20,N_15_19,1.003869034889204,1.65,1.65,1.65,1.65,1.65,1.65,2.73,2.73,3.21,3.21,2.01,2.01,2.01,2.01,2.01,2.01,2.97,3.45,3.45,2.97,1.77,1.77,1.77,1.77
N_14_20,N_12_18,1.9207954395309192,3.15,3.15,3.15,3.15,3.15,3.15,5.22,5.22,6.15,6.15,3.84,3.84,3.84,3.84,3.84,3.84,5.69,6.61,6.61,5.69,3.38,3.38,3.38,3.38
N_14_20,N_12_20,6.160515898298213,6.28,6.28,6.28,6.28,6.28,6.28,9.61,9.61,11.09,11.09,7.39,7.39,7.39,7.39,7.39,7.39,10.35,11.83,11.83,10.35,6.65,6.65,6.65,6.65
N_14_21,N_12_20,1.6653563403039133,2.73,2.73,2.73,2.73,2.73,2.73,4.53,4.53,5.33,5.33,3.33,3.33,3.33,3.33,3.33,3.33,4.93,5.73,5.73,4.93,2.93,2.93,2.93,2.93
N_14_21,N_14_24,10.13773494214893,5.63,5.63,5.63,5.63,5.63,5.63,7.0,7.0,7.6,7.6,6.08,6.08,6.08,6.08,6.08,6.08,7.3,7.91,7.91,7.3,5.78,5.78,5.78,5.78
N_14_21,N_14_18,4.072508212073133,4.15,4.15,4.15,4.15,4.15,4.15,6.35,6.35,7.33,7.33,4.89,4.89,4.89,4.89,4.89,4.89,6.84,7.82,7.82,6.84,4.4,4.4,4.4,4.4
N_14_21,N_15_22,1.6541956021409636,2.71,2.71,2.71,2.71,2.71,2.71,4.5,4.5,5.29,5.29,3.31,3.31,3.31,3.31,3.31,3.31,4.9,5.69,5.69,4.9,2.91,2.91,2.91,2.91
N_14_22,N_17_22,1.7350842322387463,2.85,2.85,2.85,2.85,2.85,2.85,4.72,4.72,5.55,5.55,3.47,3.47,3.47,3.47,3.47,3.47,5.14,5.97,5.97,5.14,3.05,3.05,3.05,3.05
N_14_22,N_14_19,12.156306676585839,6.75,6.75,6.75,6.75,6.75,6.75,8.39,8.39,9.12,9.12,7.29,7.29,7.29,7.29,7.29,7.29,8.75,9.48,9.48,8.75,6.93,6.93,6.93,6.93
N_14_22,N_15_24,11.014064638025644,6.11,6.11,6.11,6.11,6.11,6.11,7.6,7.6,8.26,8.26,6.61,6.61,6.61,6.61,6.61,6.61,7.93,8.59,8.59,7.93,6.28,6.28,6.28,6.28
N_14_22,N_16_21,6.713141976372891,6.85,6.85,6.85,6.85,6.85,6.85,10.47,10.47,12.08,12.08,8.06,8.06,8.06,8.06,8.06,8.06,11.28,12.89,12.89,11.28,7.25,7.25,7.25,7.25
N_14_23,N_12_23,10.86342934875498,6.03,6.03,6.03,6.03,6.03,6.03,7.5,7.5,8.15,8.15,6.52,6.52,6.52,6.52,6.52,6.52,7.82,8.47,8.47,7.82,6.19,6.19,6.19,6.19
N_14_23,N_15_24,4.838293762858304,4.94,4.94,4.94,4.94,4.94,4.94,7.55,7.55,8.71,8.71,5.81,5.81,5.81,5.81,5.81,5.81,8.13,9.29,9.29,8.13,5.23,5.23,5.23,5.23
N_14_23,N_13_23,5.614798686104212,5.73,5.73,5.73,5.73,5.73,5.73,8.76,8.76,10.11,10.11,6.74,6.74,6.74,6.74,6.74,6.74,9.43,10.78,10.78,9.43,6.06,6.06,6.06,6.06
N_14_23,N_12_25,5.5748242727018145,5.69,5.69,5.69,5.69,5.69,5.69,8.7,8.7,10.03,10.03,6.69,6.69,6.69,6.69,6.69,6.69,9.37,10.7,10.7,9.37,6.02,6.02,6.02,6.02
N_14_24,N_13_23,5.760178096196,5.88,5.88,5.88,5.88,5.88,5.88,8.99,8.99,10.37,10.37,6.91,6.91,6.91,6.91,6.91,6.91,9.68,11.06,11.06,9.68,6.22,6.22,6.22,6.22
N_14_24,N_15_23,0.7747603147161735,1.27,1.27,1.27,1.27,1.27,1.27,2.11,2.11,2.48,2.48,1.55,1.55,1.55,1.55,1.55,1.55,2.29,2.67,2.67,2.29,1.36,1.36,1.36,1.36
N_14_24,N_16_23,4.08522155365235,4.17,4.17,4.17,4.17,4.17,4.17,6.37,6.37,7.35,7.35,4.9,4.9,4.9,4.9,4.9,4.9,6.86,7.84,7.84,6.86,4.41,4.41,4.41,4.41
N_14_24,N_16_26,6.561485592501851,6.69,6.69,6.69,6.69,6.69,6.69,10.24,10.24,11.81,11.81,7.87,7.87,7.87,7.87,7.87,7.87,11.02,12.6,12.6,11.02,7.09,7.09,7.09,7.09
N_14_25,N_15_27,3.523020706953136,3.59,3.59,3.59,3.59,3.59,3.59,5.5,5.5,6.34,6.34,4.23,4.23,4.23,4.23,4.23,4.23,5.92,6.76,6.76,5.92,3.8,3.8,3.8,3.8
N_14_25,N_12_24,5.2373025510218945,5.34,5.34,5.34,5.34,5.34,5.34,8.17,8.17,9.43,9.43,6.28,6.28,6.28,6.28,6.28,6.28,8.8,10.06,10.06,8.8,5.66,5.66,5.66,5.66
N_14_25,N_15_26,6.244540450967314,6.37,6.37,6.37,6.37,6.37,6.37,9.74,9.74,11.24,11.24,7.49,7.49,7.49,7.49,7.49,7.49,10.49,11.99,11.99,10.49,6.74,6.74,6.74,6.74
N_14_25,N_13_23,10.891738386565162,6.04,6.04,6.04,6.04,6.04,6.04,7.52,7.52,8.17,8.17,6.54,6.54,6.54,6.54,6.54,6.54,7.84,8.5,8.5,7.84,6.21,6.21,6.21,6.21
N_14_25,N_15_23,0.7508076992329094,1.23,1.23,1.23,1.23,1.23,1.23,2.04,2.04,2.4,2.4,1.5,1.5,1.5,1.5,1.5,1.5,2.22,2.58,2.58,2.22,1.32,1.32,1.32,1.32
N_14_25,N_14_23,2.2823369014132964,3.74,3.74,3.74,3.74,3.74,3.74,6.21,6.21,7.3,7.3,4.56,4.56,4.56,4.56,4.56,4.56,6.76,7.85,7.85,6.76,4.02,4.02,4.02,4.02
N_14_25,N_16_24,3.671927329408704,3.75,3.75,3.75,3.75,3.75,3.75,5.73,5.73,6.61,6.61,4.41,4.41,4.41,4.41,4.41,4.41,6.17,7.05,7.05,6.17,3.97,3.97,3.97,3.97
N_14_26,N_15_27,1.966003676997823,3.22,3.22,3.22,3.22,3.22,3.22,5.35,5.35,6.29,6.29,3.93,3.93,3.93,3.93,3.93,3.93,5.82,6.76,6.76,5.82,3.46,3.46,3.46,3.46
N_14_26,N_13_28,6.117665849594225,6.24,6.24,6.24,6.24,6.24,6.24,9.54,9.54,11.01,11.01,7.34,7.34,7.34,7.34,7.34,7.34,10.28,11.75,11.75,10.28,6.61,6.61,6.61,6.61
N_14_26,N_15_28,1.4042010044942221,2.3,2.3,2.3,2.3,2.3,2.3,3.82,3.82,4.49,4.49,2.81,2.81,2.81,2.81,2.81,2.81,4.16,4.83,4.83,4.16,2.47,2.47,2.47,2.47
N_14_26,N_17_26,4.406654657406957,4.49,4.49,4.49,4.49,4.49,4.49,6.87,6.87,7.93,7.93,5.29,5.29,5.29,5.29,5.29,5.29,7.4,8.46,8.46,7.4,4.76,4.76,4.76,4.76
N_14_27,N_12_26,13.557169428208352,7.52,7.52,7.52,7.52,7.52,7.52,9.35,9.35,10.17,10.17,8.13,8.13,8.13,8.13,8.13,8.13,9.76,10.57,10.57,9.76,7.73,7.73,7.73,7.73
N_14_27,N_13_25,0.6781184305946941,1.11,1.11,1.11,1.11,1.11,1.11,1.84,1.84,2.17,2.17,1.36,1.36,1.36,1.36,1.36,1.36,2.01,2.33,2.33,2.01,1.19,1.19,1.19,1.19
N_14_27,N_14_28,8.224577547740457,4.56,4.56,4.56,4.56,4.56,4.56,5.67,5.67,6.17,6.17,4.93,4.93,4.93,4.93,4.93,4.93,5.92,6.42,6.42,5.92,4.69,4.69,4.69,4.69
N_14_27,N_15_25,4.048968047952254,4.13,4.13,4.13,4.13,4.13,4.13,6.32,6.32,7.29,7.29,4.86,4.86,4.86,4.86,4.86,4.86,6.8,7.77,7.77,6.8,4.37,4.37,4.37,4.37
N_14_27,N_12_29,12.398722807716698,6.88,6.88,6.88,6.88,6.88,6.88,8.56,8.56,9.3,9.3,7.44,7.44,7.44,7.44,7.44,7.44,8.93,9.67,9.67,8.93,7.07,7.07,7.07,7.07
N_14_28,N_14_27,8.224577547740457,4.56,4.56,4.56,4.56,4.56,4.56,5.67,5.67,6.17,6.17,4.93,4.93,4.93,4.93,4.93,4.93,5.92,6.42,6.42,5.92,4.69,4.69,4.69,4.69
N_14_28,N_13_27,9.371760736745554,5.2,5.2,5.2,5.2,5.2,5.2,6.47,6.47,7.03,7.03,5.62,5.62,5.62,5.62,5.62,5.62,6.75,7.31,7.31,6.75,5.34,5.34,5.34,5.34
N_14_28,N_15_28,5.39915638541323,5.51,5.51,5.51,5.51,5.51,5.51,8.42,8.42,9.72,9.72,6.48,6.48,6.48,6.48,6.48,6.48,9.07,10.37,10.37,9.07,5.83,5.83,5.83,5.83
N_14_28,N_14_26,0.6511317346902155,1.07,1.07,1.07,1.07,1.07,1.07,1.77,1.77,2.08,2.08,1.3,1.3,1.3,1.3,1.3,1.3,1.93,2.24,2.24,1.93,1.15,1.15,1.15,1.15
N_14_28,N_12_27,3.9604009380925382,4.04,4.04,4.04,4.04,4.04,4.04,6.18,6.18,7.13,7.13,4.75,4.75,4.75,4.75,4.75,4.75,6.65,7.6,7.6,6.65,4.28,4.28,4.28,4.28
N_14_28,N_17_28,3.986499140141037,4.07,4.07,4.07,4.07,4.07,4.07,6.22,6.22,7.18,7.18,4.78,4.78,4.78,4.78,4.78,4.78,6.7,7.65,7.65,6.7,4.31,4.31,4.31,4.31
N_14_28,N_16_27,9.966736291427237,5.53,5.53,5.53,5.53,5.53,5.53,6.88,6.88,7.48,7.48,5.98,5.98,5.98,5.98,5.98,5.98,7.18,7.77,7.77,7.18,5.68,5.68,5.68,5.68
N_14_29,N_15_28,5.456215595207204,5.57,5.57,5.57,5.57,5.57,5.57,8.51,8.51,9.82,9.82,6.55,6.55,6.55,6.55,6.55,6.55,9.17,10.48,10.48,9.17,5.89,5.89,5.89,5.89
N_14_29,N_15_30,2.3925345618411953,3.92,3.92,3.92,3.92,3.92,3.92,6.51,6.51,7.66,7.66,4.79,4.79,4.79,4.79,4.79,4.79,7.08,8.23,8.23,7.08,4.21,4.21,4.21,4.21
N_14_29,N_11_29,8.905371665268568,4.94,4.94,4.94,4.94,4.94,4.94,6.14,6.14,6.68,6.68,5.34,5.34,5.34,5.34,5.34,5.34,6.41,6.95,6.95,6.41,5.08,5.08,5.08,5.08
N_14_29,N_12_27,10.26813451198982,5.7,5.7,5.7,5.7,5.7,5.7,7.09,7.09,7.7,7.7,6.16,6.16,6.16,6.16,6.16,6.16,7.39,8.01,8.01,7.39,5.85,5.85,5.85,5.85
N_14_29,N_14_32,3.694048330519161,3.77,3.77,3.77,3.77,3.77,3.77,5.76,5.76,6.65,6.65,4.43,4.43,4.43,4.43,4.43,4.43,6.21,7.09,7.09,6.21,3.99,3.99,3.99,3.99
N_14_29,N_17_29,2.4893652999812925,4.08,4.08,4.08,4.08,4.08,4.08,6.77,6.77,7.97,7.97,4.98,4.98,4.98,4.98,4.98,4.98,7.37,8.56,8.56,7.37,4.38,4.38,4.38,4.38
N_14_3,N_12_1,4.188300418968106,4.27,4.27,4.27,4.27,4.27,4.27,6.53,6.53,7.54,7.54,5.03,5.03,5.03,5.03,5.03,5.03,7.04,8.04,8.04,7.04,4.52,4.52,4.52,4.52
N_14_3,N_14_6,3.280302410222452,3.35,3.35,3.35,3.35,3.35,3.35,5.12,5.12,5.9,5.9,3.94,3.94,3.94,3.94,3.94,3.94,5.51,6.3,6.3,5.51,3.54,3.54,3.54,3.54
N_14_3,N_15_3,14.39311591597907,7.99,7.99,7.99,7.99,7.99,7.99,9.93,9.93,10.79,10.79,8.64,8.64,8.64,8.64,8.64,8.64,10.36,11.23,11.23,10.36,8.2,8.2,8.2,8.2
N_14_3,N_14_5,6.843511195597394,6.98,6.98,6.98,6.98,6.98,6.98,10.68,10.68,12.32,12.32,8.21,8.21,8.21,8.21,8.21,8.21,11.5,13.14,13.14,11.5,7.39,7.39,7.39,7.39
N_14_30,N_13_31,3.9175872771805778,4.0,4.0,4.0,4.0,4.0,4.0,6.11,6.11,7.05,7.05,4.7,4.7,4.7,4.7,4.7,4.7,6.58,7.52,7.52,6.58,4.23,4.23,4.23,4.23
N_14_30,N_15_29,1.5768967811182537,2.59,2.59,2.59,2.59,2.59,2.59,4.29,4.29,5.05,5.05,3.15,3.15,3.15,3.15,3.15,3.15,4.67,5.42,5.42,4.67,2.78,2.78,2.78,2.78
N_14_30,N_15_28,4.420227094454464,4.51,4.51,4.51,4.51,4.51,4.51,6.9,6.9,7.96,7.96,5.3,5.3,5.3,5.3,5.3,5.3,7.43,8.49,8.49,7.43,4.77,4.77,4.77,4.77
N_14_30,N_12_32,8.64652968740949,4.8,4.8,4.8,4.8,4.8,4.8,5.97,5.97,6.48,6.48,5.19,5.19,5.19,5.19,5.19,5.19,6.23,6.74,6.74,6.23,4.93,4.93,4.93,4.93
N_14_30,N_15_31,12.451038099581417,6.91,6.91,6.91,6.91,6.91,6.91,8.59,8.59,9.34,9.34,7.47,7.47,7.47,7.47,7.47,7.47,8.96,9.71,9.71,8.96,7.1,7.1,7.1,7.1
N_14_31,N_11_31,10.23354313276397,5.68,5.68,5.68,5.68,5.68,5.68,7.06,7.06,7.68,7.68,6.14,6.14,6.14,6.14,6.14,6.14,7.37,7.98,7.98,7.37,5.83,5.83,5.83,5.83
N_14_31,N_12_32,8.423164772143512,4.67,4.67,4.67,4.67,4.67,4.67,5.81,5.81,6.32,6.32,5.05,5.05,5.05,5.05,5.05,5.05,6.06,6.57,6.57,6.06,4.8,4.8,4.8,4.8
N_14_31,N_13_31,1.3993030873808316,2.29,2.29,2.29,2.29,2.29,2.29,3.81,3.81,4.48,4.48,2.8,2.8,2.8,2.8,2.8,2.8,4.14,4.81,4.81,4.14,2.46,2.46,2.46,2.46
N_14_32,N_13_31,5.15118272502726,5.25,5.25,5.25,5.25,5.25,5.25,8.04,8.04,9.27,9.27,6.18,6.18,6.18,6.18,6.18,6.18,8.65,9.89,9.89,8.65,5.56,5.56,5.56,5.56
N_14_32,N_13_34,3.5208402976473083,3.59,3.59,3.59,3.59,3.59,3.59,5.49,5.49,6.34,6.34,4.23,4.23,4.23,4.23,4.23,4.23,5.92,6.76,6.76,5.92,3.8,3.8,3.8,3.8
N_14_32,N_14_31,2.370362080548107,3.89,3.89,3.89,3.89,3.89,3.89,6.45,6.45,7.59,7.59,4.74,4.74,4.74,4.74,4.74,4.74,7.02,8.15,8.15,7.02,4.17,4.17,4.17,4.17
N_14_32,N_16_32,1.6790283493435687,2.75,2.75,2.75,2.75,2.75,2.75,4.57,4.57,5.37,5.37,3.36,3.36,3.36,3.36,3.36,3.36,4.97,5.78,5.78,4.97,2.96,2.96,2.96,2.96
N_14_32,N_13_30,0.5379242944096503,0.88,0.88,0.88,0.88,0.88,0.88,1.46,1.46,1.72,1.72,1.08,1.08,1.08,1.08,1.08,1.08,1.59,1.85,1.85,1.59,0.95,0.95,0.95,0.95
N_14_33,N_14_36,12.261604619895655,6.81,6.81,6.81,6.81,6.81,6.81,8.46,8.46,9.2,9.2,7.36,7.36,7.36,7.36,7.36,7.36,8.83,9.56,9.56,8.83,6.99,6.99,6.99,6.99
N_14_33,N_14_32,3.834857492916225,3.91,3.91,3.91,3.91,3.91,3.91,5.98,5.98,6.9,6.9,4.6,4.6,4.6,4.6,4.6,4.6,6.44,7.36,7.36,6.44,4.14,4.14,4.14,4.14
N_14_33,N_15_35,4.332298440825733,4.42,4.42,4.42,4.42,4.42,4.42,6.76,6.76,7.8,7.8,5.2,5.2,5.2,5.2,5.2,5.2,7.28,8.32,8.32,7.28,4.68,4.68,4.68,4.68
N_14_33,N_16_34,10.918432924915685,6.06,6.06,6.06,6.06,6.06,6.06,7.53,7.53,8.19,8.19,6.55,6.55,6.55,6.55,6.55,6.55,7.86,8.52,8.52,7.86,6.22,6.22,6.22,6.22
N_14_34,N_16_36,4.924086142445055,5.02,5.02,5.02,5.02,5.02,5.02,7.68,7.68,8.86,8.86,5.91,5.91,5.91,5.91,5.91,5.91,8.27,9.45,9.45,8.27,5.32,5.32,5.32,5.32
N_14_34,N_13_33,5.8062185196527505,5.92,5.92,5.92,5.92,5.92,5.92,9.06,9.06,10.45,10.45,6.97,6.97,6.97,6.97,6.97,6.97,9.75,11.15,11.15,9.75,6.27,6.27,6.27,6.27
N_14_34,N_14_35,12.599211578847571,6.99,6.99,6.99,6.99,6.99,6.99,8.69,8.69,9.45,9.45,7.56,7.56,7.56,7.56,7.56,7.56,9.07,9.83,9.83,9.07,7.18,7.18,7.18,7.18
N_14_35,N_13_34,5.567542325804229,5.68,5.68,5.68,5.68,5.68,5.68,8.69,8.69,10.02,10.02,6.68,6.68,6.68,6.68,6.68,6.68,9.35,10.69,10.69,9.35,6.01,6.01,6.01,6.01
N_14_35,N_17_35,1.8451422528591583,3.03,3.03,3.03,3.03,3.03,3.03,5.02,5.02,5.9,5.9,3.69,3.69,3.69,3.69,3.69,3.69,5.46,6.35,6.35,5.46,3.25,3.25,3.25,3.25
N_14_35,N_13_35,4.734152579100246,4.83,4.83,4.83,4.83,4.83,4.83,7.39,7.39,8.52,8.52,5.68,5.68,5.68,5.68,5.68,5.68,7.95,9.09,9.09,7.95,5.11,5.11,5.11,5.11
N_14_35,N_14_38,9.40787530705425,5.22,5.22,5.22,5.22,5.22,5.22,6.49,6.49,7.06,7.06,5.64,5.64,5.64,5.64,5.64,5.64,6.77,7.34,7.34,6.77,5.36,5.36,5.36,5.36
N_14_35,N_12_35,0.7356573377739923,1.21,1.21,1.21,1.21,1.21,1.21,2.0,2.0,2.35,2.35,1.47,1.47,1.47,1.47,1.47,1.47,2.18,2.53,2.53,2.18,1.29,1.29,1.29,1.29
N_14_35,N_15_35,14.612306672420182,8.11,8.11,8.11,8.11,8.11,8.11,10.08,10.08,10.96,10.96,8.77,8.77,8.77,8.77,8.77,8.77,10.52,11.4,11.4,10.52,8.33,8.33,8.33,8.33
N_14_36,N_12_34,2.434032264905545,3.99,3.99,3.99,3.99,3.99,3.99,6.62,6.62,7.79,7.79,4.87,4.87,4.87,4.87,4.87,4.87,7.2,8.37,8.37,7.2,4.28,4.28,4.28,4.28
N_14_36,N_14_33,12.261604619895655,6.81,6.81,6.81,6.81,6.81,6.81,8.46,8.46,9.2,9.2,7.36,7.36,7.36,7.36,7.36,7.36,8.83,9.56,9.56,8.83,6.99,6.99,6.99,6.99
N_14_36,N_15_38,1.6972012446037084,2.78,2.78,2.78,2.78,2.78,2.78,4.62,4.62,5.43,5.43,3.39,3.39,3.39,3.39,3.39,3.39,5.02,5.84,5.84,5.02,2.99,2.99,2.99,2.99
N_14_36,N_15_37,5.687271415064178,5.8,5.8,5.8,5.8,5.8,5.8,8.87,8.87,10.24,10.24,6.82,6.82,6.82,6.82,6.82,6.82,9.55,10.92,10.92,9.55,6.14,6.14,6.14,6.14
N_14_36,N_16_36,1.5896388768705432,2.61,2.61,2.61,2.61,2.61,2.61,4.32,4.32,5.09,5.09,3.18,3.18,3.18,3.18,3.18,3.18,4.71,5.47,5.47,4.71,2.8,2.8,2.8,2.8
N_14_37,N_12_35,6.522215135629623,6.65,6.65,6.65,6.65,6.65,6.65,10.17,10.17,11.74,11.74,7.83,7.83,7.83,7.83,7.83,7.83,10.96,12.52,12.52,10.96,7.04,7.04,7.04,7.04
N_14_37,N_13_36,3.141129384952232,3.2,3.2,3.2,3.2,3.2,3.2,4.9,4.9,5.65,5.65,3.77,3.77,3.77,3.77,3.77,3.77,5.28,6.03,6.03,5.28,3.39,3.39,3.39,3.39
N_14_37,N_13_37,3.677317437044826,3.75,3.75,3.75,3.75,3.75,3.75,5.74,5.74,6.62,6.62,4.41,4.41,4.41,4.41,4.41,4.41,6.18,7.06,7.06,6.18,3.97,3.97,3.97,3.97
N_14_37,N_15_39,5.919458390413011,6.04,6.04,6.04,6.04,6.04,6.04,9.23,9.23,10.66,10.66,7.1,7.1,7.1,7.1,7.1,7.1,9.94,11.37,11.37,9.94,6.39,6.39,6.39,6.39
N_14_37,N_16_39,3.0653536022409504,3.13,3.13,3.13,3.13,3.13,3.13,4.78,4.78,5.52,5.52,3.68,3.68,3.68,3.68,3.68,3.68,5.15,5.89,5.89,5.15,3.31,3.31,3.31,3.31
N_14_37,N_12_38,0.9771649857677065,1.6,1.6,1.6,1.6,1.6,1.6,2.66,2.66,3.13,3.13,1.95,1.95,1.95,1.95,1.95,1.95,2.89,3.36,3.36,2.89,1.72,1.72,1.72,1.72
N_14_37,N_14_38,2.1931037353784566,3.6,3.6,3.6,3.6,3.6,3.6,5.97,5.97,7.02,7.02,4.39,4.39,4.39,4.39,4.39,4.39,6.49,7.54,7.54,6.49,3.86,3.86,3.86,3.86
N_14_38,N_12_38,4.045789711339628,4.13,4.13,4.13,4.13,4.13,4.13,6.31,6.31,7.28,7.28,4.85,4.85,4.85,4.85,4.85,4.85,6.8,7.77,7.77,6.8,4.37,4.37,4.37,4.37
N_14_38,N_14_37,2.1931037353784566,3.6,3.6,3.6,3.6,3.6,3.6,5.97,5.97,7.02,7.02,4.39,4.39,4.39,4.39,4.39,4.39,6.49,7.54,7.54,6.49,3.86,3.86,3.86,3.86
N_14_38,N_16_38,9.146121221291814,5.08,5.08,5.08,5.08,5.08,5.08,6.31,6.31,6.86,6.86,5.49,5.49,5.49,5.49,5.49,5.49,6.59,7.13,7.13,6.59,5.21,5.21,5.21,5.21
N_14_39,N_13_39,5.254241120132852,5.36,5.36,5.36,5.36,5.36,5.36,8.2,8.2,9.46,9.46,6.31,6.31,6.31,6.31,6.31,6.31,8.83,10.09,10.09,8.83,5.67,5.67,5.67,5.67
N_14_39,N_14_37,14.559196651364164,8.08,8.08,8.08,8.08,8.08,8.08,10.05,10.05,10.92,10.92,8.74,8.74,8.74,8.74,8.74,8.74,10.48,11.36,11.36,10.48,8.3,8.3,8.3,8.3
N_14_39,N_12_39,0.5582640244072195,0.92,0.92,0.92,0.92,0.92,0.92,1.52,1.52,1.79,1.79,1.12,1.12,1.12,1.12,1.12,1.12,1.65,1.92,1.92,1.65,0.98,0.98,0.98,0.98
N_14_39,N_17_39,3.419654490829421,3.49,3.49,3.49,3.49,3.49,3.49,5.33,5.33,6.16,6.16,4.1,4.1,4.1,4.1,4.1,4.1,5.75,6.57,6.57,5.75,3.69,3.69,3.69,3.69
N_14_4,N_14_2,4.449649214473798,4.54,4.54,4.54,4.54,4.54,4.54,6.94,6.94,8.01,8.01,5.34,5.34,5.34,5.34,5.34,5.34,7.48,8.54,8.54,7.48,4.81,4.81,4.81,4.81
N_14_4,N_12_5,5.1591954065468695,5.26,5.26,5.26,5.26,5.26,5.26,8.05,8.05,9.29,9.29,6.19,6.19,6.19,6.19,6.19,6.19,8.67,9.91,9.91,8.67,5.57,5.57,5.57,5.57
N_14_4,N_13_6,8.193481518148694,4.55,4.55,4.55,4.55,4.55,4.55,5.65,5.65,6.15,6.15,4.92,4.92,4.92,4.92,4.92,4.92,5.9,6.39,6.39,5.9,4.67,4.67,4.67,4.67
N_14_4,N_13_5,3.0251535768143616,3.09,3.09,3.09,3.09,3.09,3.09,4.72,4.72,5.45,5.45,3.63,3.63,3.63,3.63,3.63,3.63,5.08,5.81,5.81,5.08,3.27,3.27,3.27,3.27
N_14_4,N_15_4,0.5291111199705865,0.87,0.87,0.87,0.87,0.87,0.87,1.44,1.44,1.69,1.69,1.06,1.06,1.06,1.06,1.06,1.06,1.57,1.82,1.82,1.57,0.93,0.93,0.93,0.93
N_14_4,N_16_4,2.3216617049981756,3.81,3.81,3.81,3.81,3.81,3.81,6.31,6.31,7.43,7.43,4.64,4.64,4.64,4.64,4.64,4.64,6.87,7.99,7.99,6.87,4.09,4.09,4.09,4.09
N_14_5,N_11_5,4.455257015230181,4.54,4.54,4.54,4.54,4.54,4.54,6.95,6.95,8.02,8.02,5.35,5.35,5.35,5.35,5.35,5.35,7.48,8.55,8.55,7.48,4.81,4.81,4.81,4.81
N_14_5,N_12_5,0.7863700676830321,1.29,1.29,1.29,1.29,1.29,1.29,2.14,2.14,2.52,2.52,1.57,1.57,1.57,1.57,1.57,1.57,2.33,2.71,2.71,2.33,1.38,1.38,1.38,1.38
N_14_5,N_13_3,5.9554247427349,6.07,6.07,6.07,6.07,6.07,6.07,9.29,9.29,10.72,10.72,7.15,7.15,7.15,7.15,7.15,7.15,10.01,11.43,11.43,10.01,6.43,6.43,6.43,6.43
N_14_6,N_12_8,3.0022084108563662,3.06,3.06,3.06,3.06,3.06,3.06,4.68,4.68,5.4,5.4,3.6,3.6,3.6,3.6,3.6,3.6,5.04,5.76,5.76,5.04,3.24,3.24,3.24,3.24
N_14_6,N_14_3,3.280302410222452,3.35,3.35,3.35,3.35,3.35,3.35,5.12,5.12,5.9,5.9,3.94,3.94,3.94,3.94,3.94,3.94,5.51,6.3,6.3,5.51,3.54,3.54,3.54,3.54
N_14_6,N_12_7,4.901021300127454,5.0,5.0,5.0,5.0,5.0,5.0,7.65,7.65,8.82,8.82,5.88,5.88,5.88,5.88,5.88,5.88,8.23,9.41,9.41,8.23,5.29,5.29,5.29,5.29
N_14_6,N_15_7,4.428038996116593,4.52,4.52,4.52,4.52,4.52,4.52,6.91,6.91,7.97,7.97,5.31,5.31,5.31,5.31,5.31,5.31,7.44,8.5,8.5,7.44,4.78,4.78,4.78,4.78
N_14_6,N_15_5,8.745410445394988,4.85,4.85,4.85,4.85,4.85,4.85,6.03,6.03,6.56,6.56,5.25,5.25,5.25,5.25,5.25,5.25,6.3,6.82,6.82,6.3,4.98,4.98,4.98,4.98
N_14_6,N_14_5,4.411644289850502,4.5,4.5,4.5,4.5,4.5,4.5,6.88,6.88,7.94,7.94,5.29,5.29,5.29,5.29,5.29,5.29,7.41,8.47,8.47,7.41,4.76,4.76,4.76,4.76
N_14_7,N_13_5,2.3220717217556226,3.81,3.81,3.81,3.81,3.81,3.81,6.32,6.32,7.43,7.43,4.64,4.64,4.64,4.64,4.64,4.64,6.87,7.99,7.99,6.87,4.09,4.09,4.09,4.09
N_14_7,N_14_10,4.413066724558673,4.5,4.5,4.5,4.5,4.5,4.5,6.88,6.88,7.94,7.94,5.3,5.3,5.3,5.3,5.3,5.3,7.41,8.47,8.47,7.41,4.77,4.77,4.77,4.77
N_14_7,N_11_7,10.103298597901551,5.61,5.61,5.61,5.61,5.61,5.61,6.97,6.97,7.58,7.58,6.06,6.06,6.06,6.06,6.06,6.06,7.27,7.88,7.88,7.27,5.76,5.76,5.76,5.76
N_14_7,N_14_4,1.7449690825074726,2.86,2.86,2.86,2.86,2.86,2.86,4.75,4.75,5.58,5.58,3.49,3.49,3.49,3.49,3.49,3.49,5.17,6.0,6.0,5.17,3.07,3.07,3.07,3.07
N_14_7,N_14_5,3.788054737019462,3.86,3.86,3.86,3.86,3.86,3.86,5.91,5.91,6.82,6.82,4.55,4.55,4.55,4.55,4.55,4.55,6.36,7.27,7.27,6.36,4.09,4.09,4.09,4.09
N_14_7,N_15_5,6.522010623830825,6.65,6.65,6.65,6.65,6.65,6.65,10.17,10.17,11.74,11.74,7.83,7.83,7.83,7.83,7.83,7.83,10.96,12.52,12.52,10.96,7.04,7.04,7.04,7.04
N_14_8,N_11_8,4.793380582692889,4.89,4.89,4.89,4.89,4.89,4.89,7.48,7.48,8.63,8.63,5.75,5.75,5.75,5.75,5.75,5.75,8.05,9.2,9.2,8.05,5.18,5.18,5.18,5.18
N_14_8,N_14_10,10.120692878470829,5.62,5.62,5.62,5.62,5.62,5.62,6.98,6.98,7.59,7.59,6.07,6.07,6.07,6.07,6.07,6.07,7.29,7.89,7.89,7.29,5.77,5.77,5.77,5.77
N_14_8,N_14_11,4.787033442169932,4.88,4.88,4.88,4.88,4.88,4.88,7.47,7.47,8.62,8.62,5.74,5.74,5.74,5.74,5.74,5.74,8.04,9.19,9.19,8.04,5.17,5.17,5.17,5.17
N_14_8,N_14_6,9.320156770286777,5.17,5.17,5.17,5.17,5.17,5.17,6.43,6.43,6.99,6.99,5.59,5.59,5.59,5.59,5.59,5.59,6.71,7.27,7.27,6.71,5.31,5.31,5.31,5.31
N_14_8,N_15_7,3.2757603106514104,3.34,3.34,3.34,3.34,3.34,3.34,5.11,5.11,5.9,5.9,3.93,3.93,3.93,3.93,3.93,3.93,5.5,6.29,6.29,5.5,3.54,3.54,3.54,3.54
N_14_8,N_16_9,13.758049632591721,7.64,7.64,7.64,7.64,7.64,7.64,9.49,9.49,10.32,10.32,8.25,8.25,8.25,8.25,8.25,8.25,9.91,10.73,10.73,9.91,7.84,7.84,7.84,7.84
N_14_8,N_16_8,0.7257669147987942,1.19,1.19,1.19,1.19,1.19,1.19,1.97,1.97,2.32,2.32,1.45,1.45,1.45,1.45,1.45,1.45,2.15,2.5,2.5,2.15,1.28,1.28,1.28,1.28
N_14_8,N_17_8,3.4075495457206326,3.48,3.48,3.48,3.48,3.48,3.48,5.32,5.32,6.13,6.13,4.09,4.09,4.09,4.09,4.09,4.09,5.72,6.54,6.54,5.72,3.68,3.68,3.68,3.68
N_14_9,N_12_8,3.7151066691299484,3.79,3.79,3.79,3.79,3.79,3.79,5.8,5.8,6.69,6.69,4.46,4.46,4.46,4.46,4.46,4.46,6.24,7.13,7.13,6.24,4.01,4.01,4.01,4.01
N_14_9,N_13_9,11.528741288886799,6.4,6.4,6.4,6.4,6.4,6.4,7.95,7.95,8.65,8.65,6.92,6.92,6.92,6.92,6.92,6.92,8.3,8.99,8.99,8.3,6.57,6.57,6.57,6.57
N_14_9,N_15_8,3.737670168915855,3.81,3.81,3.81,3.81,3.81,3.81,5.83,5.83,6.73,6.73,4.49,4.49,4.49,4.49,4.49,4.49,6.28,7.18,7.18,6.28,4.04,4.04,4.04,4.04
N_14_9,N_13_10,6.701781213910442,6.84,6.84,6.84,6.84,6.84,6.84,10.45,10.45,12.06,12.06,8.04,8.04,8.04,8.04,8.04,8.04,11.26,12.87,12.87,11.26,7.24,7.24,7.24,7.24
N_14_9,N_14_10,13.659283981023457,7.58,7.58,7.58,7.58,7.58,7.58,9.42,9.42,10.24,10.24,8.2,8.2,8.2,8.2,8.2,8.2,9.83,10.65,10.65,9.83,7.79,7.79,7.79,7.79
N_14_9,N_16_11,1.6772656187193473,2.75,2.75,2.75,2.75,2.75,2.75,4.56,4.56,5.37,5.37,3.35,3.35,3.35,3.35,3.35,3.35,4.96,5.77,5.77,4.96,2.95,2.95,2.95,2.95
N_15_0,N_12_0,13.075662954777485,7.26,7.26,7.26,7.26,7.26,7.26,9.02,9.02,9.81,9.81,7.85,7.85,7.85,7.85,7.85,7.85,9.41,10.2,10.2,9.41,7.45,7.45,7.45,7.45
N_15_0,N_13_0,11.588937416914627,6.43,6.43,6.43,6.43,6.43,6.43,8.0,8.0,8.69,8.69,6.95,6.95,6.95,6.95,6.95,6.95,8.34,9.04,9.04,8.34,6.61,6.61,6.61,6.61
N_15_0,N_15_3,6.982630596312195,7.12,7.12,7.12,7.12,7.12,7.12,10.89,10.89,12.57,12.57,8.38,8.38,8.38,8.38,8.38,8.38,11.73,13.41,13.41,11.73,7.54,7.54,7.54,7.54
N_15_1,N_14_1,3.9085117156478715,3.99,3.99,3.99,3.99,3.99,3.99,6.1,6.1,7.04,7.04,4.69,4.69,4.69,4.69,4.69,4.69,6.57,7.5,7.5,6.57,4.22,4.22,4.22,4.22
N_15_1,N_14_3,3.4569628412986217,3.53,3.53,3.53,3.53,3.53,3.53,5.39,5.39,6.22,6.22,4.15,4.15,4.15,4.15,4.15,4.15,5.81,6.64,6.64,5.81,3.73,3.73,3.73,3.73
N_15_1,N_17_3,11.592058087140229,6.43,6.43,6.43,6.43,6.43,6.43,8.0,8.0,8.69,8.69,6.96,6.96,6.96,6.96,6.96,6.96,8.35,9.04,9.04,8.35,6.61,6.61,6.61,6.61
N_15_10,N_12_10,2.2200328033538526,3.64,3.64,3.64,3.64,3.64,3.64,6.04,6.04,7.1,7.1,4.44,4.44,4.44,4.44,4.44,4.44,6.57,7.64,7.64,6.57,3.91,3.91,3.91,3.91
N_15_10,N_13_8,10.155870685013719,5.64,5.64,5.64,5.64,5.64,5.64,7.01,7.01,7.62,7.62,6.09,6.09,6.09,6.09,6.09,6.09,7.31,7.92,7.92,7.31,5.79,5.79,5.79,5.79
N_15_10,N_14_11,4.500498367146191,4.59,4.59,4.59,4.59,4.59,4.59,7.02,7.02,8.1,8.1,5.4,5.4,5.4,5.4,5.4,5.4,7.56,8.64,8.64,7.56,4.86,4.86,4.86,4.86
N_15_10,N_17_9,5.41692161311599,5.53,5.53,5.53,5.53,5.53,5.53,8.45,8.45,9.75,9.75,6.5,6.5,6.5,6.5,6.5,6.5,9.1,10.4,10.4,9.1,5.85,5.85,5.85,5.85
N_15_10,N_15_11,13.684523894510654,7.59,7.59,7.59,7.59,7.59,7.59,9.44,9.44,10.26,10.26,8.21,8.21,8.21,8.21,8.21,8.21,9.85,10.67,10.67,9.85,7.8,7.8,7.8,7.8
N_15_10,N_14_10,0.7205911111809833,1.18,1.18,1.18,1.18,1.18,1.18,1.96,1.96,2.31,2.31,1.44,1.44,1.44,1.44,1.44,1.44,2.13,2.48,2.48,2.13,1.27,1.27,1.27,1.27
N_15_11,N_12_11,6.839916988356693,6.98,6.98,6.98,6.98,6.98,6.98,10.67,10.67,12.31,12.31,8.21,8.21,8.21,8.21,8.21,8.21,11.49,13.13,13.13,11.49,7.39,7.39,7.39,7.39
N_15_11,N_13_11,4.3215974286775864,4.41,4.41,4.41,4.41,4.41,4.41,6.74,6.74,7.78,7.78,5.19,5.19,5.19,5.19,5.19,5.19,7.26,8.3,8.3,7.26,4.67,4.67,4.67,4.67
N_15_11,N_14_12,3.3205491964784883,3.39,3.39,3.39,3.39,3.39,3.39,5.18,5.18,5.98,5.98,3.98,3.98,3.98,3.98,3.98,3.98,5.58,6.38,6.38,5.58,3.59,3.59,3.59,3.59
N_15_11,N_15_10,13.684523894510654,7.59,7.59,7.59,7.59,7.59,7.59,9.44,9.44,10.26,10.26,8.21,8.21,8.21,8.21,8.21,8.21,9.85,10.67,10.67,9.85,7.8,7.8,7.8,7.8
N_15_11,N_17_12,12.051076270078514,6.69,6.69,6.69,6.69,6.69,6.69,8.32,8.32,9.04,9.04,7.23,7.23,7.23,7.23,7.23,7.23,8.68,9.4,9.4,8.68,6.87,6.87,6.87,6.87
N_15_11,N_16_10,6.549326405505999,6.68,6.68,6.68,6.68,6.68,6.68,10.22,10.22,11.79,11.79,7.86,7.86,7.86,7.86,7.86,7.86,11.0,12.57,12.57,11.0,7.07,7.07,7.07,7.07
N_15_12,N_13_10,10.147780171284795,5.63,5.63,5.63,5.63,5.63,5.63,7.0,7.0,7.61,7.61,6.09,6.09,6.09,6.09,6.09,6.09,7.31,7.92,7.92,7.31,5.78,5.78,5.78,5.78
N_15_12,N_13_12,4.086983603808907,4.17,4.17,4.17,4.17,4.17,4.17,6.38,6.38,7.36,7.36,4.9,4.9,4.9,4.9,4.9,4.9,6.87,7.85,7.85,6.87,4.41,4.41,4.41,4.41
N_15_12,N_14_14,4.905388819117762,5.0,5.0,5.0,5.0,5.0,5.0,7.65,7.65,8.83,8.83,5.89,5.89,5.89,5.89,5.89,5.89,8.24,9.42,9.42,8.24,5.3,5.3,5.3,5.3
N_15_13,N_13_11,0.964008119949161,1.58,1.58,1.58,1.58,1.58,1.58,2.62,2.62,3.08,3.08,1.93,1.93,1.93,1.93,1.93,1.93,2.85,3.32,3.32,2.85,1.7,1.7,1.7,1.7
N_15_13,N_13_12,3.2090857530711023,3.27,3.27,3.27,3.27,3.27,3.27,5.01,5.01,5.78,5.78,3.85,3.85,3.85,3.85,3.85,3.85,5.39,6.16,6.16,5.39,3.47,3.47,3.47,3.47
N_15_13,N_15_14,14.842973499281122,8.24,8.24,8.24,8.24,8.24,8.24,10.24,10.24,11.13,11.13,8.91,8.91,8.91,8.91,8.91,8.91,10.69,11.58,11.58,10.69,8.46,8.46,8.46,8.46
N_15_13,N_12_13,5.193655089477967,5.3,5.3,5.3,5.3,5.3,5.3,8.1,8.1,9.35,9.35,6.23,6.23,6.23,6.23,6.23,6.23,8.73,9.97,9.97,8.73,5.61,5.61,5.61,5.61
N_15_13,N_16_12,6.711725315812112,6.85,6.85,6.85,6.85,6.85,6.85,10.47,10.47,12.08,12.08,8.05,8.05,8.05,8.05,8.05,8.05,11.28,12.89,12.89,11.28,7.25,7.25,7.25,7.25
N_15_14,N_14_16,3.0314032792709873,3.09,3.09,3.09,3.09,3.09,3.09,4.73,4.73,5.46,5.46,3.64,3.64,3.64,3.64,3.64,3.64,5.09,5.82,5.82,5.09,3.27,3.27,3.27,3.27
N_15_14,N_15_13,14.842973499281122,8.24,8.24,8.24,8.24,8.24,8.24,10.24,10.24,11.13,11.13,8.91,8.91,8.91,8.91,8.91,8.91,10.69,11.58,11.58,10.69,8.46,8.46,8.46,8.46
N_15_14,N_14_12,5.943906670343887,6.06,6.06,6.06,6.06,6.06,6.06,9.27,9.27,10.7,10.7,7.13,7.13,7.13,7.13,7.13,7.13,9.99,11.41,11.41,9.99,6.42,6.42,6.42,6.42
N_15_15,N_14_16,5.858624230267674,5.98,5.98,5.98,5.98,5.98,5.98,9.14,9.14,10.55,10.55,7.03,7.03,7.03,7.03,7.03,7.03,9.84,11.25,11.25,9.84,6.33,6.33,6.33,6.33
N_15_15,N_13_14,12.48224727038588,6.93,6.93,6.93,6.93,6.93,6.93,8.61,8.61,9.36,9.36,7.49,7.49,7.49,7.49,7.49,7.49,8.99,9.74,9.74,8.99,7.11,7.11,7.11,7.11
N_15_15,N_17_15,4.6469588415276935,4.74,4.74,4.74,4.74,4.74,4.74,7.25,7.25,8.36,8.36,5.58,5.58,5.58,5.58,5.58,5.58,7.81,8.92,8.92,7.81,5.02,5.02,5.02,5.02
N_15_15,N_16_13,3.1450811786843507,3.21,3.21,3.21,3.21,3.21,3.21,4.91,4.91,5.66,5.66,3.77,3.77,3.77,3.77,3.77,3.77,5.28,6.04,6.04,5.28,3.4,3.4,3.4,3.4
N_15_16,N_13_17,6.449669613791368,6.58,6.58,6.58,6.58,6.58,6.58,10.06,10.06,11.61,11.61,7.74,7.74,7.74,7.74,7.74,7.74,10.84,12.38,12.38,10.84,6.97,6.97,6.97,6.97
N_15_16,N_13_18,4.628733620326499,4.72,4.72,4.72,4.72,4.72,4.72,7.22,7.22,8.33,8.33,5.55,5.55,5.55,5.55,5.55,5.55,7.78,8.89,8.89,7.78,5.0,5.0,5.0,5.0
N_15_16,N_12_16,4.05613986758123,4.14,4.14,4.14,4.14,4.14,4.14,6.33,6.33,7.3,7.3,4.87,4.87,4.87,4.87,4.87,4.87,6.81,7.79,7.79,6.81,4.38,4.38,4.38,4.38
N_15_16,N_13_16,3.079228104464405,3.14,3.14,3.14,3.14,3.14,3.14,4.8,4.8,5.54,5.54,3.7,3.7,3.7,3.7,3.7,3.7,5.17,5.91,5.91,5.17,3.33,3.33,3.33,3.33
N_15_16,N_15_14,5.413173483436186,5.52,5.52,5.52,5.52,5.52,5.52,8.44,8.44,9.74,9.74,6.5,6.5,6.5,6.5,6.5,6.5,9.09,10.39,10.39,9.09,5.85,5.85,5.85,5.85
N_15_16,N_13_15,1.1472933474124636,1.88,1.88,1.88,1.88,1.88,1.88,3.12,3.12,3.67,3.67,2.29,2.29,2.29,2.29,2.29,2.29,3.4,3.95,3.95,3.4,2.02,2.02,2.02,2.02
N_15_17,N_13_18,8.430686276212613,4.68,4.68,4.68,4.68,4.68,4.68,5.82,5.82,6.32,6.32,5.06,5.06,5.06,5.06,5.06,5.06,6.07,6.58,6.58,6.07,4.81,4.81,4.81,4.81
N_15_17,N_14_16,3.567263642741198,3.64,3.64,3.64,3.64,3.64,3.64,5.56,5.56,6.42,6.42,4.28,4.28,4.28,4.28,4.28,4.28,5.99,6.85,6.85,5.99,3.85,3.85,3.85,3.85
N_15_17,N_17_17,5.906494524513764,6.02,6.02,6.02,6.02,6.02,6.02,9.21,9.21,10.63,10.63,7.09,7.09,7.09,7.09,7.09,7.09,9.92,11.34,11.34,9.92,6.38,6.38,6.38,6.38
N_15_18,N_14_16,5.383692473486676,5.49,5.49,5.49,5.49,5.49,5.49,8.4,8.4,9.69,9.69,6.46,6.46,6.46,6.46,6.46,6.46,9.04,10.34,10.34,9.04,5.81,5.81,5.81,5.81
N_15_18,N_14_20,14.8333796614491,8.23,8.23,8.23,8.23,8.23,8.23,10.24,10.24,11.13,11.13,8.9,8.9,8.9,8.9,8.9,8.9,10.68,11.57,11.57,10.68,8.46,8.46,8.46,8.46
N_15_18,N_13_18,9.60278669104415,5.33,5.33,5.33,5.33,5.33,5.33,6.63,6.63,7.2,7.2,5.76,5.76,5.76,5.76,5.76,5.76,6.91,7.49,7.49,6.91,5.47,5.47,5.47,5.47
N_15_18,N_15_17,12.705392339407513,7.05,7.05,7.05,7.05,7.05,7.05,8.77,8.77,9.53,9.53,7.62,7.62,7.62,7.62,7.62,7.62,9.15,9.91,9.91,9.15,7.24,7.24,7.24,7.24
N_15_18,N_16_17,1.956890771430542,3.21,3.21,3.21,3.21,3.21,3.21,5.32,5.32,6.26,6.26,3.91,3.91,3.91,3.91,3.91,3.91,5.79,6.73,6.73,5.79,3.44,3.44,3.44,3.44
N_15_18,N_12_18,1.2259365877772863,2.01,2.01,2.01,2.01,2.01,2.01,3.33,3.33,3.92,3.92,2.45,2.45,2.45,2.45,2.45,2.45,3.63,4.22,4.22,3.63,2.16,2.16,2.16,2.16
N_15_18,N_13_19,5.712180398953857,5.83,5.83,5.83,5.83,5.83,5.83,8.91,8.91,10.28,10.28,6.85,6.85,6.85,6.85,6.85,6.85,9.6,10.97,10.97,9.6,6.17,6.17,6.17,6.17
N_15_19,N_13_20,13.549258607613975,7.52,7.52,7.52,7.52,7.52,7.52,9.35,9.35,10.16,10.16,8.13,8.13,8.13,8.13,8.13,8.13,9.76,10.57,10.57,9.76,7.72,7.72,7.72,7.72
N_15_19,N_14_20,1.003869034889204,1.65,1.65,1.65,1.65,1.65,1.65,2.73,2.73,3.21,3.21,2.01,2.01,2.01,2.01,2.01,2.01,2.97,3.45,3.45,2.97,1.77,1.77,1.77,1.77
N_15_19,N_15_18,1.7383233184952598,2.85,2.85,2.85,2.85,2.85,2.85,4.73,4.73,5.56,5.56,3.48,3.48,3.48,3.48,3.48,3.48,5.15,5.98,5.98,5.15,3.06,3.06,3.06,3.06
N_15_19,N_17_18,12.742553832011282,7.07,7.07,7.07,7.07,7.07,7.07,8.79,8.79,9.56,9.56,7.65,7.65,7.65,7.65,7.65,7.65,9.17,9.94,9.94,9.17,7.26,7.26,7.26,7.26
N_15_19,N_14_18,2.2273729387836245,3.65,3.65,3.65,3.65,3.65,3.65,6.06,6.06,7.13,7.13,4.45,4.45,4.45,4.45,4.45,4.45,6.59,7.66,7.66,6.59,3.92,3.92,3.92,3.92
N_15_19,N_16_21,13.436391364740388,7.46,7.46,7.46,7.46,7.46,7.46,9.27,9.27,10.08,10.08,8.06,8.06,8.06,8.06,8.06,8.06,9.67,10.48,10.48,9.67,7.66,7.66,7.66,7.66
N_15_2,N_12_2,5.460116220258705,5.57,5.57,5.57,5.57,5.57,5.57,8.52,8.52,9.83,9.83,6.55,6.55,6.55,6.55,6.55,6.55,9.17,10.48,10.48,9.17,5.9,5.9,5.9,5.9
N_15_2,N_13_0,4.451544747862533,4.54,4.54,4.54,4.54,4.54,4.54,6.94,6.94,8.01,8.01,5.34,5.34,5.34,5.34,5.34,5.34,7.48,8.55,8.55,7.48,4.81,4.81,4.81,4.81
N_15_2,N_13_1,8.192380731266603,4.55,4.55,4.55,4.55,4.55,4.55,5.65,5.65,6.14,6.14,4.92,4.92,4.92,4.92,4.92,4.92,5.9,6.39,6.39,5.9,4.67,4.67,4.67,4.67
N_15_2,N_13_2,3.778137053106466,3.85,3.85,3.85,3.85,3.85,3.85,5.89,5.89,6.8,6.8,4.53,4.53,4.53,4.53,4.53,4.53,6.35,7.25,7.25,6.35,4.08,4.08,4.08,4.08
N_15_20,N_13_18,13.463478803182207,7.47,7.47,7.47,7.47,7.47,7.47,9.29,9.29,10.1,10.1,8.08,8.08,8.08,8.08,8.08,8.08,9.69,10.5,10.5,9.69,7.67,7.67,7.67,7.67
N_15_20,N_14_18,6.174098556524771,6.3,6.3,6.3,6.3,6.3,6.3,9.63,9.63,11.11,11.11,7.41,7.41,7.41,7.41,7.41,7.41,10.37,11.85,11.85,10.37,6.67,6.67,6.67,6.67
N_15_20,N_16_21,12.451362029702587,6.91,6.91,6.91,6.91,6.91,6.91,8.59,8.59,9.34,9.34,7.47,7.47,7.47,7.47,7.47,7.47,8.96,9.71,9.71,8.96,7.1,7.1,7.1,7.1
N_15_20,N_16_18,5.902550970093454,6.02,6.02,6.02,6.02,6.02,6.02,9.21,9.21,10.62,10.62,7.08,7.08,7.08,7.08,7.08,7.08,9.92,11.33,11.33,9.92,6.37,6.37,6.37,6.37
N_15_21,N_15_19,6.0658565996517195,6.19,6.19,6.19,6.19,6.19,6.19,9.46,9.46,10.92,10.92,7.28,7.28,7.28,7.28,7.28,7.28,10.19,11.65,11.65,10.19,6.55,6.55,6.55,6.55
N_15_21,N_17_21,1.4859394341670753,2.44,2.44,2.44,2.44,2.44,2.44,4.04,4.04,4.76,4.76,2.97,2.97,2.97,2.97,2.97,2.97,4.4,5.11,5.11,4.4,2.62,2.62,2.62,2.62
N_15_21,N_16_21,4.478426408807021,4.57,4.57,4.57,4.57,4.57,4.57,6.99,6.99,8.06,8.06,5.37,5.37,5.37,5.37,5.37,5.37,7.52,8.6,8.6,7.52,4.84,4.84,4.84,4.84
N_15_21,N_13_23,1.1655969426762518,1.91,1.91,1.91,1.91,1.91,1.91,3.17,3.17,3.73,3.73,2.33,2.33,2.33,2.33,2.33,2.33,3.45,4.01,4.01,3.45,2.05,2.05,2.05,2.05
N_15_21,N_17_19,11.349116733341795,6.3,6.3,6.3,6.3,6.3,6.3,7.83,7.83,8.51,8.51,6.81,6.81,6.81,6.81,6.81,6.81,8.17,8.85,8.85,8.17,6.47,6.47,6.47,6.47
N_15_22,N_12_22,5.858150701242645,5.98,5.98,5.98,5.98,5.98,5.98,9.14,9.14,10.54,10.54,7.03,7.03,7.03,7.03,7.03,7.03,9.84,11.25,11.25,9.84,6.33,6.33,6.33,6.33
N_15_22,N_15_19,4.580918902606465,4.67,4.67,4.67,4.67,4.67,4.67,7.15,7.15,8.25,8.25,5.5,5.5,5.5,5.5,5.5,5.5,7.7,8.8,8.8,7.7,4.95,4.95,4.95,4.95
N_15_22,N_15_24,9.161278418598524,5.08,5.08,5.08,5.08,5.08,5.08,6.32,6.32,6.87,6.87,5.5,5.5,5.5,5.5,5.5,5.5,6.6,7.15,7.15,6.6,5.22,5.22,5.22,5.22
N_15_22,N_16_21,11.811050180510332,6.56,6.56,6.56,6.56,6.56,6.56,8.15,8.15,8.86,8.86,7.09,7.09,7.09,7.09,7.09,7.09,8.5,9.21,9.21,8.5,6.73,6.73,6.73,6.73
N_15_22,N_14_24,11.346984844315218,6.3,6.3,6.3,6.3,6.3,6.3,7.83,7.83,8.51,8.51,6.81,6.81,6.81,6.81,6.81,6.81,8.17,8.85,8.85,8.17,6.47,6.47,6.47,6.47
N_15_22,N_15_21,5.729317397278921,5.84,5.84,5.84,5.84,5.84,5.84,8.94,8.94,10.31,10.31,6.88,6.88,6.88,6.88,6.88,6.88,9.63,11.0,11.0,9.63,6.19,6.19,6.19,6.19
N_15_22,N_15_23,1.9816540557926288,3.25,3.25,3.25,3.25,3.25,3.25,5.39,5.39,6.34,6.34,3.96,3.96,3.96,3.96,3.96,3.96,5.87,6.82,6.82,5.87,3.49,3.49,3.49,3.49
N_15_22,N_17_20,14.421085480461443,8.0,8.0,8.0,8.0,8.0,8.0,9.95,9.95,10.82,10.82,8.65,8.65,8.65,8.65,8.65,8.65,10.38,11.25,11.25,10.38,8.22,8.22,8.22,8.22
N_15_23,N_13_24,2.443680629274569,4.01,4.01,4.01,4.01,4.01,4.01,6.65,6.65,7.82,7.82,4.89,4.89,4.89,4.89,4.89,4.89,7.23,8.41,8.41,7.23,4.3,4.3,4.3,4.3
N_15_23,N_14_24,0.7747603147161735,1.27,1.27,1.27,1.27,1.27,1.27,2.11,2.11,2.48,2.48,1.55,1.55,1.55,1.55,1.55,1.55,2.29,2.67,2.67,2.29,1.36,1.36,1.36,1.36
N_15_23,N_14_25,0.7508076992329094,1.23,1.23,1.23,1.23,1.23,1.23,2.04,2.04,2.4,2.4,1.5,1.5,1.5,1.5,1.5,1.5,2.22,2.58,2.58,2.22,1.32,1.32,1.32,1.32
N_15_24,N_12_24,11.687383962196822,6.49,6.49,6.49,6.49,6.49,6.49,8.06,8.06,8.77,8.77,7.01,7.01,7.01,7.01,7.01,7.01,8.41,9.12,9.12,8.41,6.66,6.66,6.66,6.66
N_15_24,N_14_22,11.014064638025644,6.11,6.11,6.11,6.11,6.11,6.11,7.6,7.6,8.26,8.26,6.61,6.61,6.61,6.61,6.61,6.61,7.93,8.59,8.59,7.93,6.28,6.28,6.28,6.28
N_15_24,N_14_23,4.838293762858304,4.94,4.94,4.94,4.94,4.94,4.94,7.55,7.55,8.71,8.71,5.81,5.81,5.81,5.81,5.81,5.81,8.13,9.29,9.29,8.13,5.23,5.23,5.23,5.23
N_15_24,N_15_22,9.161278418598524,5.08,5.08,5.08,5.08,5.08,5.08,6.32,6.32,6.87,6.87,5.5,5.5,5.5,5.5,5.5,5.5,6.6,7.15,7.15,6.6,5.22,5.22,5.22,5.22
N_15_24,N_13_22,3.837957407176675,3.91,3.91,3.91,3.91,3.91,3.91,5.99,5.99,6.91,6.91,4.61,4.61,4.61,4.61,4.61,4.61,6.45,7.37,7.37,6.45,4.14,4.14,4.14,4.14
N_15_25,N_14_23,6.232075807159005,6.36,6.36,6.36,6.36,6.36,6.36,9.72,9.72,11.22,11.22,7.48,7.48,7.48,7.48,7.48,7.48,10.47,11.97,11.97,10.47,6.73,6.73,6.73,6.73
N_15_25,N_16_27,4.212331984409255,4.3,4.3,4.3,4.3,4.3,4.3,6.57,6.57,7.58,7.58,5.05,5.05,5.05,5.05,5.05,5.05,7.08,8.09,8.09,7.08,4.55,4.55,4.55,4.55
N_15_25,N_13_25,5.036598201791991,5.14,5.14,5.14,5.14,5.14,5.14,7.86,7.86,9.07,9.07,6.04,6.04,6.04,6.04,6.04,6.04,8.46,9.67,9.67,8.46,5.44,5.44,5.44,5.44
N_15_25,N_16_23,11.854081996775289,6.58,6.58,6.58,6.58,6.58,6.58,8.18,8.18,8.89,8.89,7.11,7.11,7.11,7.11,7.11,7.11,8.53,9.25,9.25,8.53,6.76,6.76,6.76,6.76
N_15_25,N_13_27,11.487121188443922,6.38,6.38,6.38,6.38,6.38,6.38,7.93,7.93,8.62,8.62,6.89,6.89,6.89,6.89,6.89,6.89,8.27,8.96,8.96,8.27,6.55,6.55,6.55,6.55
N_15_25,N_15_28,3.7434223109965,3.82,3.82,3.82,3.82,3.82,3.82,5.84,5.84,6.74,6.74,4.49,4.49,4.49,4.49,4.49,4.49,6.29,7.19,7.19,6.29,4.04,4.04,4.04,4.04
N_15_25,N_17_25,1.583032179663395,2.6,2.6,2.6,2.6,2.6,2.6,4.31,4.31,5.07,5.07,3.17,3.17,3.17,3.17,3.17,3.17,4.69,5.45,5.45,4.69,2.79,2.79,2.79,2.79
N_15_26,N_14_25,6.244540450967314,6.37,6.37,6.37,6.37,6.37,6.37,9.74,9.74,11.24,11.24,7.49,7.49,7.49,7.49,7.49,7.49,10.49,11.99,11.99,10.49,6.74,6.74,6.74,6.74
N_15_26,N_13_26,4.083941200511858,4.17,4.17,4.17,4.17,4.17,4.17,6.37,6.37,7.35,7.35,4.9,4.9,4.9,4.9,4.9,4.9,6.86,7.84,7.84,6.86,4.41,4.41,4.41,4.41
N_15_26,N_15_25,14.445978822528804,8.02,8.02,8.02,8.02,8.02,8.02,9.97,9.97,10.83,10.83,8.67,8.67,8.67,8.67,8.67,8.67,10.4,11.27,11.27,10.4,8.23,8.23,8.23,8.23
N_15_27,N_13_25,3.870651594872201,3.95,3.95,3.95,3.95,3.95,3.95,6.04,6.04,6.97,6.97,4.64,4.64,4.64,4.64,4.64,4.64,6.5,7.43,7.43,6.5,4.18,4.18,4.18,4.18
N_15_27,N_14_25,3.523020706953136,3.59,3.59,3.59,3.59,3.59,3.59,5.5,5.5,6.34,6.34,4.23,4.23,4.23,4.23,4.23,4.23,5.92,6.76,6.76,5.92,3.8,3.8,3.8,3.8
N_15_27,N_14_26,1.966003676997823,3.22,3.22,3.22,3.22,3.22,3.22,5.35,5.35,6.29,6.29,3.93,3.93,3.93,3.93,3.93,3.93,5.82,6.76,6.76,5.82,3.46,3.46,3.46,3.46
N_15_28,N_14_26,1.4042010044942221,2.3,2.3,2.3,2.3,2.3,2.3,3.82,3.82,4.49,4.49,2.81,2.81,2.81,2.81,2.81,2.81,4.16,4.83,4.83,4.16,2.47,2.47,2.47,2.47
N_15_28,N_14_28,5.39915638541323,5.51,5.51,5.51,5.51,5.51,5.51,8.42,8.42,9.72,9.72,6.48,6.48,6.48,6.48,6.48,6.48,9.07,10.37,10.37,9.07,5.83,5.83,5.83,5.83
N_15_28,N_14_30,4.420227094454464,4.51,4.51,4.51,4.51,4.51,4.51,6.9,6.9,7.96,7.96,5.3,5.3,5.3,5.3,5.3,5.3,7.43,8.49,8.49,7.43,4.77,4.77,4.77,4.77
N_15_28,N_15_31,6.2261602206635756,6.35,6.35,6.35,6.35,6.35,6.35,9.71,9.71,11.21,11.21,7.47,7.47,7.47,7.47,7.47,7.47,10.46,11.95,11.95,10.46,6.72,6.72,6.72,6.72
N_15_28,N_13_29,2.471974852205874,4.05,4.05,4.05,4.05,4.05,4.05,6.72,6.72,7.91,7.91,4.94,4.94,4.94,4.94,4.94,4.94,7.32,8.5,8.5,7.32,4.35,4.35,4.35,4.35
N_15_28,N_13_26,3.2204317918406167,3.28,3.28,3.28,3.28,3.28,3.28,5.02,5.02,5.8,5.8,3.86,3.86,3.86,3.86,3.86,3.86,5.41,6.18,6.18,5.41,3.48,3.48,3.48,3.48
N_15_29,N_13_29,5.232854959485699,5.34,5.34,5.34,5.34,5.34,5.34,8.16,8.16,9.42,9.42,6.28,6.28,6.28,6.28,6.28,6.28,8.79,10.05,10.05,8.79,5.65,5.65,5.65,5.65
N_15_29,N_14_30,1.5768967811182537,2.59,2.59,2.59,2.59,2.59,2.59,4.29,4.29,5.05,5.05,3.15,3.15,3.15,3.15,3.15,3.15,4.67,5.42,5.42,4.67,2.78,2.78,2.78,2.78
N_15_29,N_14_28,8.461692525738473,4.7,4.7,4.7,4.7,4.7,4.7,5.84,5.84,6.35,6.35,5.08,5.08,5.08,5.08,5.08,5.08,6.09,6.6,6.6,6.09,4.82,4.82,4.82,4.82
N_15_29,N_16_30,5.402412532861511,5.51,5.51,5.51,5.51,5.51,5.51,8.43,8.43,9.72,9.72,6.48,6.48,6.48,6.48,6.48,6.48,9.08,10.37,10.37,9.08,5.83,5.83,5.83,5.83
N_15_3,N_13_3,5.83977436246786,5.96,5.96,5.96,5.96,5.96,5.96,9.11,9.11,10.51,10.51,7.01,7.01,7.01,7.01,7.01,7.01,9.81,11.21,11.21,9.81,6.31,6.31,6.31,6.31
N_15_3,N_14_3,14.39311591597907,7.99,7.99,7.99,7.99,7.99,7.99,9.93,9.93,10.79,10.79,8.64,8.64,8.64,8.64,8.64,8.64,10.36,11.23,11.23,10.36,8.2,8.2,8.2,8.2
N_15_3,N_15_1,0.5244089134495258,0.86,0.86,0.86,0.86,0.86,0.86,1.43,1.43,1.68,1.68,1.05,1.05,1.05,1.05,1.05,1.05,1.55,1.8,1.8,1.55,0.92,0.92,0.92,0.92
N_15_30,N_14_29,2.3925345618411953,3.92,3.92,3.92,3.92,3.92,3.92,6.51,6.51,7.66,7.66,4.79,4.79,4.79,4.79,4.79,4.79,7.08,8.23,8.23,7.08,4.21,4.21,4.21,4.21
N_15_30,N_13_32,4.884315526462144,4.98,4.98,4.98,4.98,4.98,4.98,7.62,7.62,8.79,8.79,5.86,5.86,5.86,5.86,5.86,5.86,8.21,9.38,9.38,8.21,5.28,5.28,5.28,5.28
N_15_30,N_17_32,6.455787842780419,6.58,6.58,6.58,6.58,6.58,6.58,10.07,10.07,11.62,11.62,7.75,7.75,7.75,7.75,7.75,7.75,10.85,12.4,12.4,10.85,6.97,6.97,6.97,6.97
N_15_30,N_17_29,5.851716427062613,5.97,5.97,5.97,5.97,5.97,5.97,9.13,9.13,10.53,10.53,7.02,7.02,7.02,7.02,7.02,7.02,9.83,11.24,11.24,9.83,6.32,6.32,6.32,6.32
N_15_30,N_13_31,8.590186268516403,4.77,4.77,4.77,4.77,4.77,4.77,5.93,5.93,6.44,6.44,5.15,5.15,5.15,5.15,5.15,5.15,6.18,6.7,6.7,6.18,4.9,4.9,4.9,4.9
N_15_31,N_13_31,3.1069253005920068,3.17,3.17,3.17,3.17,3.17,3.17,4.85,4.85,5.59,5.59,3.73,3.73,3.73,3.73,3.73,3.73,5.22,5.97,5.97,5.22,3.36,3.36,3.36,3.36
N_15_31,N_14_30,12.451038099581417,6.91,6.91,6.91,6.91,6.91,6.91,8.59,8.59,9.34,9.34,7.47,7.47,7.47,7.47,7.47,7.47,8.96,9.71,9.71,8.96,7.1,7.1,7.1,7.1
N_15_31,N_15_28,6.2261602206635756,6.35,6.35,6.35,6.35,6.35,6.35,9.71,9.71,11.21,11.21,7.47,7.47,7.47,7.47,7.47,7.47,10.46,11.95,11.95,10.46,6.72,6.72,6.72,6.72
N_15_31,N_13_33,5.7768113803025924,5.89,5.89,5.89,5.89,5.89,5.89,9.01,9.01,10.4,10.4,6.93,6.93,6.93,6.93,6.93,6.93,9.71,11.09,11.09,9.71,6.24,6.24,6.24,6.24
N_15_32,N_15_34,13.604257730108648,7.55,7.55,7.55,7.55,7.55,7.55,9.39,9.39,10.2,10.2,8.16,8.16,8.16,8.16,8.16,8.16,9.8,10.61,10.61,9.8,7.75,7.75,7.75,7.75
N_15_32,N_12_32,12.731031993061265,7.07,7.07,7.07,7.07,7.07,7.07,8.78,8.78,9.55,9.55,7.64,7.64,7.64,7.64,7.64,7.64,9.17,9.93,9.93,9.17,7.26,7.26,7.26,7.26
N_15_32,N_15_31,0.5373570020540872,0.88,0.88,0.88,0.88,0.88,0.88,1.46,1.46,1.72,1.72,1.07,1.07,1.07,1.07,1.07,1.07,1.59,1.85,1.85,1.59,0.95,0.95,0.95,0.95
N_15_32,N_14_30,3.4249868418957856,3.49,3.49,3.49,3.49,3.49,3.49,5.34,5.34,6.16,6.16,4.11,4.11,4.11,4.11,4.11,4.11,5.75,6.58,6.58,5.75,3.7,3.7,3.7,3.7
N_15_32,N_16_30,11.436043082186744,6.35,6.35,6.35,6.35,6.35,6.35,7.89,7.89,8.58,8.58,6.86,6.86,6.86,6.86,6.86,6.86,8.23,8.92,8.92,8.23,6.52,6.52,6.52,6.52
N_15_32,N_13_32,0.8477501711973428,1.39,1.39,1.39,1.39,1.39,1.39,2.31,2.31,2.71,2.71,1.7,1.7,1.7,1.7,1.7,1.7,2.51,2.92,2.92,2.51,1.49,1.49,1.49,1.49
N_15_33,N_15_35,6.505104012662643,6.64,6.64,6.64,6.64,6.64,6.64,10.15,10.15,11.71,11.71,7.81,7.81,7.81,7.81,7.81,7.81,10.93,12.49,12.49,10.93,7.03,7.03,7.03,7.03
N_15_33,N_16_33,2.037188110664924,3.34,3.34,3.34,3.34,3.34,3.34,5.54,5.54,6.52,6.52,4.07,4.07,4.07,4.07,4.07,4.07,6.03,7.01,7.01,6.03,3.59,3.59,3.59,3.59
N_15_33,N_13_35,0.5661881439398859,0.93,0.93,0.93,0.93,0.93,0.93,1.54,1.54,1.81,1.81,1.13,1.13,1.13,1.13,1.13,1.13,1.68,1.95,1.95,1.68,1.0,1.0,1.0,1.0
N_15_34,N_13_33,2.182387314363658,3.58,3.58,3.58,3.58,3.58,3.58,5.94,5.94,6.98,6.98,4.36,4.36,4.36,4.36,4.36,4.36,6.46,7.51,7.51,6.46,3.84,3.84,3.84,3.84
N_15_34,N_13_36,5.910830200395097,6.03,6.03,6.03,6.03,6.03,6.03,9.22,9.22,10.64,10.64,7.09,7.09,7.09,7.09,7.09,7.09,9.93,11.35,11.35,9.93,6.38,6.38,6.38,6.38
N_15_34,N_15_32,13.604257730108648,7.55,7.55,7.55,7.55,7.55,7.55,9.39,9.39,10.2,10.2,8.16,8.16,8.16,8.16,8.16,8.16,9.8,10.61,10.61,9.8,7.75,7.75,7.75,7.75
N_15_34,N_16_32,11.866101012793003,6.59,6.59,6.59,6.59,6.59,6.59,8.19,8.19,8.9,8.9,7.12,7.12,7.12,7.12,7.12,7.12,8.54,9.26,9.26,8.54,6.76,6.76,6.76,6.76
N_15_34,N_13_35,6.020197061888954,6.14,6.14,6.14,6.14,6.14,6.14,9.39,9.39,10.84,10.84,7.22,7.22,7.22,7.22,7.22,7.22,10.11,11.56,11.56,10.11,6.5,6.5,6.5,6.5
N_15_34,N_17_33,5.165130373418458,5.27,5.27,5.27,5.27,5.27,5.27,8.06,8.06,9.3,9.3,6.2,6.2,6.2,6.2,6.2,6.2,8.68,9.92,9.92,8.68,5.58,5.58,5.58,5.58
N_15_35,N_13_33,6.611897681464928,6.74,6.74,6.74,6.74,6.74,6.74,10.31,10.31,11.9,11.9,7.93,7.93,7.93,7.93,7.93,7.93,11.11,12.69,12.69,11.11,7.14,7.14,7.14,7.14
N_15_35,N_14_33,4.332298440825733,4.42,4.42,4.42,4.42,4.42,4.42,6.76,6.76,7.8,7.8,5.2,5.2,5.2,5.2,5.2,5.2,7.28,8.32,8.32,7.28,4.68,4.68,4.68,4.68
N_15_35,N_16_34,8.07019579211849,4.48,4.48,4.48,4.48,4.48,4.48,5.57,5.57,6.05,6.05,4.84,4.84,4.84,4.84,4.84,4.84,5.81,6.29,6.29,5.81,4.6,4.6,4.6,4.6
N_15_35,N_16_37,3.1167986911644263,3.18,3.18,3.18,3.18,3.18,3.18,4.86,4.86,5.61,5.61,3.74,3.74,3.74,3.74,3.74,3.74,5.24,5.98,5.98,5.24,3.37,3.37,3.37,3.37
N_15_35,N_15_33,14.555335317039741,8.08,8.08,8.08,8.08,8.08,8.08,10.04,10.04,10.92,10.92,8.73,8.73,8.73,8.73,8.73,8.73,10.48,11.35,11.35,10.48,8.3,8.3,8.3,8.3
N_15_35,N_15_37,10.124213525865446,5.62,5.62,5.62,5.62,5.62,5.62,6.99,6.99,7.59,7.59,6.07,6.07,6.07,6.07,6.07,6.07,7.29,7.9,7.9,7.29,5.77,5.77,5.77,5.77
N_15_36,N_15_34,6.68973807485563,6.82,6.82,6.82,6.82,6.82,6.82,10.44,10.44,12.04,12.04,8.03,8.03,8.03,8.03,8.03,8.03,11.24,12.84,12.84,11.24,7.22,7.22,7.22,7.22
N_15_36,N_14_34,13.594349008905201,7.54,7.54,7.54,7.54,7.54,7.54,9.38,9.38,10.2,10.2,8.16,8.16,8.16,8.16,8.16,8.16,9.79,10.6,10.6,9.79,7.75,7.75,7.75,7.75
N_15_36,N_13_35,1.3227712293782101,2.17,2.17,2.17,2.17,2.17,2.17,3.6,3.6,4.23,4.23,2.65,2.65,2.65,2.65,2.65,2.65,3.92,4.55,4.55,3.92,2.33,2.33,2.33,2.33
N_15_37,N_13_39,2.384863969618932,3.91,3.91,3.91,3.91,3.91,3.91,6.49,6.49,7.63,7.63,4.77,4.77,4.77,4.77,4.77,4.77,7.06,8.2,8.2,7.06,4.2,4.2,4.2,4.2
N_15_37,N_14_36,5.687271415064178,5.8,5.8,5.8,5.8,5.8,5.8,8.87,8.87,10.24,10.24,6.82,6.82,6.82,6.82,6.82,6.82,9.55,10.92,10.92,9.55,6.14,6.14,6.14,6.14
N_15_37,N_15_35,10.124213525865446,5.62,5.62,5.62,5.62,5.62,5.62,6.99,6.99,7.59,7.59,6.07,6.07,6.07,6.07,6.07,6.07,7.29,7.9,7.9,7.29,5.77,5.77,5.77,5.77
N_15_38,N_14_36,1.6972012446037084,2.78,2.78,2.78,2.78,2.78,2.78,4.62,4.62,5.43,5.43,3.39,3.39,3.39,3.39,3.39,3.39,5.02,5.84,5.84,5.02,2.99,2.99,2.99,2.99
N_15_38,N_16_37,8.581236421794706,4.76,4.76,4.76,4.76,4.76,4.76,5.92,5.92,6.44,6.44,5.15,5.15,5.15,5.15,5.15,5.15,6.18,6.69,6.69,6.18,4.89,4.89,4.89,4.89
N_15_38,N_13_37,2.0723756271923346,3.4,3.4,3.4,3.4,3.4,3.4,5.64,5.64,6.63,6.63,4.14,4.14,4.14,4.14,4.14,4.14,6.13,7.13,7.13,6.13,3.65,3.65,3.65,3.65
N_15_39,N_14_37,5.919458390413011,6.04,6.04,6.04,6.04,6.04,6.04,9.23,9.23,10.66,10.66,7.1,7.1,7.1,7.1,7.1,7.1,9.94,11.37,11.37,9.94,6.39,6.39,6.39,6.39
N_15_39,N_16_38,1.3836877994554178,2.27,2.27,2.27,2.27,2.27,2.27,3.76,3.76,4.43,4.43,2.77,2.77,2.77,2.77,2.77,2.77,4.1,4.76,4.76,4.1,2.44,2.44,2.44,2.44
N_15_39,N_13_37,11.672110726872674,6.48,6.48,6.48,6.48,6.48,6.48,8.05,8.05,8.75,8.75,7.0,7.0,7.0,7.0,7.0,7.0,8.4,9.1,9.1,8.4,6.65,6.65,6.65,6.65
N_15_39,N_17_38,12.062042515802684,6.69,6.69,6.69,6.69,6.69,6.69,8.32,8.32,9.05,9.05,7.24,7.24,7.24,7.24,7.24,7.24,8.68,9.41,9.41,8.68,6.88,6.88,6.88,6.88
N_15_39,N_18_39,14.423450305808187,8.01,8.01,8.01,8.01,8.01,8.01,9.95,9.95,10.82,10.82,8.65,8.65,8.65,8.65,8.65,8.65,10.38,11.25,11.25,10.38,8.22,8.22,8.22,8.22
N_15_39,N_17_39,1.3064809966043127,2.14,2.14,2.14,2.14,2.14,2.14,3.55,3.55,4.18,4.18,2.61,2.61,2.61,2.61,2.61,2.61,3.87,4.49,4.49,3.87,2.3,2.3,2.3,2.3
N_15_39,N_12_39,3.172800834485491,3.24,3.24,3.24,3.24,3.24,3.24,4.95,4.95,5.71,5.71,3.81,3.81,3.81,3.81,3.81,3.81,5.33,6.09,6.09,5.33,3.43,3.43,3.43,3.43
N_15_39,N_14_39,10.929968221757502,6.07,6.07,6.07,6.07,6.07,6.07,7.54,7.54,8.2,8.2,6.56,6.56,6.56,6.56,6.56,6.56,7.87,8.53,8.53,7.87,6.23,6.23,6.23,6.23
N_15_4,N_14_3,0.977433009360342,1.6,1.6,1.6,1.6,1.6,1.6,2.66,2.66,3.13,3.13,1.95,1.95,1.95,1.95,1.95,1.95,2.89,3.36,3.36,2.89,1.72,1.72,1.72,1.72
N_15_4,N_16_3,2.279002110053686,3.74,3.74,3.74,3.74,3.74,3.74,6.2,6.2,7.29,7.29,4.56,4.56,4.56,4.56,4.56,4.56,6.75,7.84,7.84,6.75,4.01,4.01,4.01,4.01
N_15_4,N_17_6,6.6814853118113895,6.82,6.82,6.82,6.82,6.82,6.82,10.42,10.42,12.03,12.03,8.02,8.02,8.02,8.02,8.02,8.02,11.22,12.83,12.83,11.22,7.22,7.22,7.22,7.22
N_15_5,N_12_5,5.110187774386312,5.21,5.21,5.21,5.21,5.21,5.21,7.97,7.97,9.2,9.2,6.13,6.13,6.13,6.13,6.13,6.13,8.59,9.81,9.81,8.59,5.52,5.52,5.52,5.52
N_15_5,N_14_6,8.745410445394988,4.85,4.85,4.85,4.85,4.85,4.85,6.03,6.03,6.56,6.56,5.25,5.25,5.25,5.25,5.25,5.25,6.3,6.82,6.82,6.3,4.98,4.98,4.98,4.98
N_15_5,N_17_3,14.04601816088576,7.8,7.8,7.8,7.8,7.8,7.8,9.69,9.69,10.53,10.53,8.43,8.43,8.43,8.43,8.43,8.43,10.11,10.96,10.96,10.11,8.01,8.01,8.01,8.01
N_15_5,N_18_5,0.6565597719043703,1.08,1.08,1.08,1.08,1.08,1.08,1.79,1.79,2.1,2.1,1.31,1.31,1.31,1.31,1.31,1.31,1.94,2.26,2.26,1.94,1.16,1.16,1.16,1.16
N_15_6,N_14_7,1.7996241366772534,2.95,2.95,2.95,2.95,2.95,2.95,4.89,4.89,5.76,5.76,3.6,3.6,3.6,3.6,3.6,3.6,5.33,6.19,6.19,5.33,3.17,3.17,3.17,3.17
N_15_6,N_13_8,4.923642512270508,5.02,5.02,5.02,5.02,5.02,5.02,7.68,7.68,8.86,8.86,5.91,5.91,5.91,5.91,5.91,5.91,8.27,9.45,9.45,8.27,5.32,5.32,5.32,5.32
N_15_6,N_15_5,5.7393682585075645,5.85,5.85,5.85,5.85,5.85,5.85,8.95,8.95,10.33,10.33,6.89,6.89,6.89,6.89,6.89,6.89,9.64,11.02,11.02,9.64,6.2,6.2,6.2,6.2
N_15_6,N_17_7,8.099309862120391,4.5,4.5,4.5,4.5,4.5,4.5,5.59,5.59,6.07,6.07,4.86,4.86,4.86,4.86,4.86,4.86,5.83,6.32,6.32,5.83,4.62,4.62,4.62,4.62
N_15_7,N_13_8,0.7969646341516092,1.31,1.31,1.31,1.31,1.31,1.31,2.17,2.17,2.55,2.55,1.59,1.59,1.59,1.59,1.59,1.59,2.36,2.74,2.74,2.36,1.4,1.4,1.4,1.4
N_15_7,N_14_6,4.428038996116593,4.52,4.52,4.52,4.52,4.52,4.52,6.91,6.91,7.97,7.97,5.31,5.31,5.31,5.31,5.31,5.31,7.44,8.5,8.5,7.44,4.78,4.78,4.78,4.78
N_15_7,N_14_8,3.2757603106514104,3.34,3.34,3.34,3.34,3.34,3.34,5.11,5.11,5.9,5.9,3.93,3.93,3.93,3.93,3.93,3.93,5.5,6.29,6.29,5.5,3.54,3.54,3.54,3.54
N_15_7,N_16_9,4.773733716038843,4.87,4.87,4.87,4.87,4.87,4.87,7.45,7.45,8.59,8.59,5.73,5.73,5.73,5.73,5.73,5.73,8.02,9.17,9.17,8.02,5.16,5.16,5.16,5.16
N_15_8,N_14_9,3.737670168915855,3.81,3.81,3.81,3.81,3.81,3.81,5.83,5.83,6.73,6.73,4.49,4.49,4.49,4.49,4.49,4.49,6.28,7.18,7.18,6.28,4.04,4.04,4.04,4.04
N_15_8,N_15_11,5.30595006110138,5.41,5.41,5.41,5.41,5.41,5.41,8.28,8.28,9.55,9.55,6.37,6.37,6.37,6.37,6.37,6.37,8.91,10.19,10.19,8.91,5.73,5.73,5.73,5.73
N_15_8,N_16_7,6.817864925063115,6.95,6.95,6.95,6.95,6.95,6.95,10.64,10.64,12.27,12.27,8.18,8.18,8.18,8.18,8.18,8.18,11.45,13.09,13.09,11.45,7.36,7.36,7.36,7.36
N_15_8,N_13_8,10.858529050815974,6.03,6.03,6.03,6.03,6.03,6.03,7.49,7.49,8.14,8.14,6.52,6.52,6.52,6.52,6.52,6.52,7.82,8.47,8.47,7.82,6.19,6.19,6.19,6.19
N_15_8,N_14_8,6.97053239831523,7.11,7.11,7.11,7.11,7.11,7.11,10.87,10.87,12.55,12.55,8.36,8.36,8.36,8.36,8.36,8.36,11.71,13.38,13.38,11.71,7.53,7.53,7.53,7.53
N_15_8,N_16_10,13.661060755856429,7.58,7.58,7.58,7.58,7.58,7.58,9.43,9.43,10.25,10.25,8.2,8.2,8.2,8.2,8.2,8.2,9.84,10.66,10.66,9.84,7.79,7.79,7.79,7.79
N_15_8,N_14_7,2.073319033513444,3.4,3.4,3.4,3.4,3.4,3.4,5.64,5.64,6.63,6.63,4.15,4.15,4.15,4.15,4.15,4.15,6.14,7.13,7.13,6.14,3.65,3.65,3.65,3.65
N_15_8,N_15_7,6.58743303248436,6.72,6.72,6.72,6.72,6.72,6.72,10.28,10.28,11.86,11.86,7.9,7.9,7.9,7.9,7.9,7.9,11.07,12.65,12.65,11.07,7.11,7.11,7.11,7.11
N_15_9,N_13_10,11.438950166746768,6.35,6.35,6.35,6.35,6.35,6.35,7.89,7.89,8.58,8.58,6.86,6.86,6.86,6.86,6.86,6.86,8.24,8.92,8.92,8.24,6.52,6.52,6.52,6.52
N_15_9,N_13_11,6.343010425000994,6.47,6.47,6.47,6.47,6.47,6.47,9.9,9.9,11.42,11.42,7.61,7.61,7.61,7.61,7.61,7.61,10.66,12.18,12.18,10.66,6.85,6.85,6.85,6.85
N_15_9,N_13_9,11.514507449259803,6.39,6.39,6.39,6.39,6.39,6.39,7.95,7.95,8.64,8.64,6.91,6.91,6.91,6.91,6.91,6.91,8.29,8.98,8.98,8.29,6.56,6.56,6.56,6.56
N_15_9,N_14_10,4.674061378203131,4.77,4.77,4.77,4.77,4.77,4.77,7.29,7.29,8.41,8.41,5.61,5.61,5.61,5.61,5.61,5.61,7.85,8.97,8.97,7.85,5.05,5.05,5.05,5.05
N_15_9,N_15_8,1.4216422937828856,2.33,2.33,2.33,2.33,2.33,2.33,3.87,3.87,4.55,4.55,2.84,2.84,2.84,2.84,2.84,2.84,4.21,4.89,4.89,4.21,2.5,2.5,2.5,2.5
N_15_9,N_15_10,6.78887138383895,6.92,6.92,6.92,6.92,6.92,6.92,10.59,10.59,12.22,12.22,8.15,8.15,8.15,8.15,8.15,8.15,11.41,13.03,13.03,11.41,7.33,7.33,7.33,7.33
N_16_0,N_16_1,2.0706115130724383,3.4,3.4,3.4,3.4,3.4,3.4,5.63,5.63,6.63,6.63,4.14,4.14,4.14,4.14,4.14,4.14,6.13,7.12,7.12,6.13,3.64,3.64,3.64,3.64
N_16_0,N_18_2,3.26166955204293,3.33,3.33,3.33,3.33,3.33,3.33,5.09,5.09,5.87,5.87,3.91,3.91,3.91,3.91,3.91,3.91,5.48,6.26,6.26,5.48,3.52,3.52,3.52,3.52
N_16_0,N_18_1,6.501033010725463,6.63,6.63,6.63,6.63,6.63,6.63,10.14,10.14,11.7,11.7,7.8,7.8,7.8,7.8,7.8,7.8,10.92,12.48,12.48,10.92,7.02,7.02,7.02,7.02
N_16_1,N_13_1,0.7161384953124563,1.17,1.17,1.17,1.17,1.17,1.17,1.95,1.95,2.29,2.29,1.43,1.43,1.43,1.43,1.43,1.43,2.12,2.46,2.46,2.12,1.26,1.26,1.26,1.26
N_16_1,N_14_1,8.193009278882384,4.55,4.55,4.55,4.55,4.55,4.55,5.65,5.65,6.14,6.14,4.92,4.92,4.92,4.92,4.92,4.92,5.9,6.39,6.39,5.9,4.67,4.67,4.67,4.67
N_16_1,N_16_0,2.0706115130724383,3.4,3.4,3.4,3.4,3.4,3.4,5.63,5.63,6.63,6.63,4.14,4.14,4.14,4.14,4.14,4.14,6.13,7.12,7.12,6.13,3.64,3.64,3.64,3.64
N_16_10,N_15_8,13.661060755856429,7.58,7.58,7.58,7.58,7.58,7.58,9.43,9.43,10.25,10.25,8.2,8.2,8.2,8.2,8.2,8.2,9.84,10.66,10.66,9.84,7.79,7.79,7.79,7.79
N_16_10,N_18_8,1.327740715902648,2.18,2.18,2.18,2.18,2.18,2.18,3.61,3.61,4.25,4.25,2.66,2.66,2.66,2.66,2.66,2.66,3.93,4.57,4.57,3.93,2.34,2.34,2.34,2.34
N_16_10,N_18_12,3.6538925580678763,3.73,3.73,3.73,3.73,3.73,3.73,5.7,5.7,6.58,6.58,4.38,4.38,4.38,4.38,4.38,4.38,6.14,7.02,7.02,6.14,3.95,3.95,3.95,3.95
N_16_10,N_16_12,3.2237111233146862,3.29,3.29,3.29,3.29,3.29,3.29,5.03,5.03,5.8,5.8,3.87,3.87,3.87,3.87,3.87,3.87,5.42,6.19,6.19,5.42,3.48,3.48,3.48,3.48
N_16_10,N_13_10,1.6033893033430904,2.63,2.63,2.63,2.63,2.63,2.63,4.36,4.36,5.13,5.13,3.21,3.21,3.21,3.21,3.21,3.21,4.75,5.52,5.52,4.75,2.82,2.82,2.82,2.82
N_16_10,N_18_10,13.555360221062449,7.52,7.52,7.52,7.52,7.52,7.52,9.35,9.35,10.17,10.17,8.13,8.13,8.13,8.13,8.13,8.13,9.76,10.57,10.57,9.76,7.73,7.73,7.73,7.73
N_16_10,N_17_12,6.38242621665546,6.51,6.51,6.51,6.51,6.51,6.51,9.96,9.96,11.49,11.49,7.66,7.66,7.66,7.66,7.66,7.66,10.72,12.25,12.25,10.72,6.89,6.89,6.89,6.89
N_16_10,N_18_9,0.9784964650673624,1.6,1.6,1.6,1.6,1.6,1.6,2.66,2.66,3.13,3.13,1.96,1.96,1.96,1.96,1.96,1.96,2.9,3.37,3.37,2.9,1.72,1.72,1.72,1.72
N_16_11,N_14_9,1.6772656187193473,2.75,2.75,2.75,2.75,2.75,2.75,4.56,4.56,5.37,5.37,3.35,3.35,3.35,3.35,3.35,3.35,4.96,5.77,5.77,4.96,2.95,2.95,2.95,2.95
N_16_11,N_17_10,10.658047102489398,5.92,5.92,5.92,5.92,5.92,5.92,7.35,7.35,7.99,7.99,6.39,6.39,6.39,6.39,6.39,6.39,7.67,8.31,8.31,7.67,6.08,6.08,6.08,6.08
N_16_11,N_17_13,2.065542985621679,3.39,3.39,3.39,3.39,3.39,3.39,5.62,5.62,6.61,6.61,4.13,4.13,4.13,4.13,4.13,4.13,6.11,7.11,7.11,6.11,3.64,3.64,3.64,3.64
N_16_11,N_17_11,5.445380463426518,5.55,5.55,5.55,5.55,5.55,5.55,8.49,8.49,9.8,9.8,6.53,6.53,6.53,6.53,6.53,6.53,9.15,10.46,10.46,9.15,5.88,5.88,5.88,5.88
N_16_11,N_16_10,14.035754266920458,7.79,7.79,7.79,7.79,7.79,7.79,9.68,9.68,10.53,10.53,8.42,8.42,8.42,8.42,8.42,8.42,10.11,10.95,10.95,10.11,8.0,8.0,8.0,8.0
N_16_11,N_18_13,4.255378570788213,4.34,4.34,4.34,4.34,4.34,4.34,6.64,6.64,7.66,7.66,5.11,5.11,5.11,5.11,5.11,5.11,7.15,8.17,8.17,7.15,4.6,4.6,4.6,4.6
N_16_11,N_17_12,4.402131153236342,4.49,4.49,4.49,4.49,4.49,4.49,6.87,6.87,7.92,7.92,5.28,5.28,5.28,5.28,5.28,5.28,7.4,8.45,8.45,7.4,4.75,4.75,4.75,4.75
N_16_12,N_13_12,9.679145467464398,5.37,5.37,5.37,5.37,5.37,5.37,6.68,6.68,7.26,7.26,5.81,5.81,5.81,5.81,5.81,5.81,6.97,7.55,7.55,6.97,5.52,5.52,5.52,5.52
N_16_12,N_16_14,5.629337942945101,5.74,5.74,5.74,5.74,5.74,5.74,8.78,8.78,10.13,10.13,6.76,6.76,6.76,6.76,6.76,6.76,9.46,10.81,10.81,9.46,6.08,6.08,6.08,6.08
N_16_12,N_17_12,11.803181598209845,6.55,6.55,6.55,6.55,6.55,6.55,8.14,8.14,8.85,8.85,7.08,7.08,7.08,7.08,7.08,7.08,8.5,9.21,9.21,8.5,6.73,6.73,6.73,6.73
N_16_13,N_15_15,3.595664610762419,3.67,3.67,3.67,3.67,3.67,3.67,5.61,5.61,6.47,6.47,4.31,4.31,4.31,4.31,4.31,4.31,6.04,6.9,6.9,6.04,3.88,3.88,3.88,3.88
N_16_13,N_16_15,6.631177072422549,6.76,6.76,6.76,6.76,6.76,6.76,10.34,10.34,11.94,11.94,7.96,7.96,7.96,7.96,7.96,7.96,11.14,12.73,12.73,11.14,7.16,7.16,7.16,7.16
N_16_13,N_18_12,4.342284528709898,4.43,4.43,4.43,4.43,4.43,4.43,6.77,6.77,7.82,7.82,5.21,5.21,5.21,5.21,5.21,5.21,7.3,8.34,8.34,7.3,4.69,4.69,4.69,4.69
N_16_14,N_14_13,4.893362573865646,4.99,4.99,4.99,4.99,4.99,4.99,7.63,7.63,8.81,8.81,5.87,5.87,5.87,5.87,5.87,5.87,8.22,9.4,9.4,8.22,5.28,5.28,5.28,5.28
N_16_14,N_16_12,5.629337942945101,5.74,5.74,5.74,5.74,5.74,5.74,8.78,8.78,10.13,10.13,6.76,6.76,6.76,6.76,6.76,6.76,9.46,10.81,10.81,9.46,6.08,6.08,6.08,6.08
N_16_14,N_13_14,6.801609482729063,6.94,6.94,6.94,6.94,6.94,6.94,10.61,10.61,12.24,12.24,8.16,8.16,8.16,8.16,8.16,8.16,11.43,13.06,13.06,11.43,7.35,7.35,7.35,7.35
N_16_14,N_17_14,3.286378999765917,3.35,3.35,3.35,3.35,3.35,3.35,5.13,5.13,5.92,5.92,3.94,3.94,3.94,3.94,3.94,3.94,5.52,6.31,6.31,5.52,3.55,3.55,3.55,3.55
N_16_15,N_16_13,6.631177072422549,6.76,6.76,6.76,6.76,6.76,6.76,10.34,10.34,11.94,11.94,7.96,7.96,7.96,7.96,7.96,7.96,11.14,12.73,12.73,11.14,7.16,7.16,7.16,7.16
N_16_15,N_14_15,8.230834688116703,4.57,4.57,4.57,4.57,4.57,4.57,5.68,5.68,6.17,6.17,4.94,4.94,4.94,4.94,4.94,4.94,5.93,6.42,6.42,5.93,4.69,4.69,4.69,4.69
N_16_15,N_14_14,11.78914960762028,6.54,6.54,6.54,6.54,6.54,6.54,8.13,8.13,8.84,8.84,7.07,7.07,7.07,7.07,7.07,7.07,8.49,9.2,9.2,8.49,6.72,6.72,6.72,6.72
N_16_15,N_16_18,1.1866611668474563,1.95,1.95,1.95,1.95,1.95,1.95,3.23,3.23,3.8,3.8,2.37,2.37,2.37,2.37,2.37,2.37,3.51,4.08,4.08,3.51,2.09,2.09,2.09,2.09
N_16_15,N_14_17,10.69304046533809,5.93,5.93,5.93,5.93,5.93,5.93,7.38,7.38,8.02,8.02,6.42,6.42,6.42,6.42,6.42,6.42,7.7,8.34,8.34,7.7,6.1,6.1,6.1,6.1
N_16_16,N_14_14,8.723675948732877,4.84,4.84,4.84,4.84,4.84,4.84,6.02,6.02,6.54,6.54,5.23,5.23,5.23,5.23,5.23,5.23,6.28,6.8,6.8,6.28,4.97,4.97,4.97,4.97
N_16_16,N_18_17,6.083040228241515,6.2,6.2,6.2,6.2,6.2,6.2,9.49,9.49,10.95,10.95,7.3,7.3,7.3,7.3,7.3,7.3,10.22,11.68,11.68,10.22,6.57,6.57,6.57,6.57
N_16_16,N_17_17,5.045409039622326,5.15,5.15,5.15,5.15,5.15,5.15,7.87,7.87,9.08,9.08,6.05,6.05,6.05,6.05,6.05,6.05,8.48,9.69,9.69,8.48,5.45,5.45,5.45,5.45
N_16_16,N_14_18,6.09746343134654,6.22,6.22,6.22,6.22,6.22,6.22,9.51,9.51,10.98,10.98,7.32,7.32,7.32,7.32,7.32,7.32,10.24,11.71,11.71,10.24,6.59,6.59,6.59,6.59
N_16_16,N_13_16,5.929775343309309,6.05,6.05,6.05,6.05,6.05,6.05,9.25,9.25,10.67,10.67,7.12,7.12,7.12,7.12,7.12,7.12,9.96,11.39,11.39,9.96,6.4,6.4,6.4,6.4
N_16_17,N_15_18,1.956890771430542,3.21,3.21,3.21,3.21,3.21,3.21,5.32,5.32,6.26,6.26,3.91,3.91,3.91,3.91,3.91,3.91,5.79,6.73,6.73,5.79,3.44,3.44,3.44,3.44
N_16_17,N_15_15,2.054502982673317,3.37,3.37,3.37,3.37,3.37,3.37,5.59,5.59,6.57,6.57,4.11,4.11,4.11,4.11,4.11,4.11,6.08,7.07,7.07,6.08,3.62,3.62,3.62,3.62
N_16_17,N_18_16,6.229264115111922,6.35,6.35,6.35,6.35,6.35,6.35,9.72,9.72,11.21,11.21,7.48,7.48,7.48,7.48,7.48,7.48,10.47,11.96,11.96,10.47,6.73,6.73,6.73,6.73
N_16_17,N_16_15,6.707085460758672,6.84,6.84,6.84,6.84,6.84,6.84,10.46,10.46,12.07,12.07,8.05,8.05,8.05,8.05,8.05,8.05,11.27,12.88,12.88,11.27,7.24,7.24,7.24,7.24
N_16_17,N_15_19,2.0199982099310088,3.31,3.31,3.31,3.31,3.31,3.31,5.49,5.49,6.46,6.46,4.04,4.04,4.04,4.04,4.04,4.04,5.98,6.95,6.95,5.98,3.56,3.56,3.56,3.56
N_16_17,N_17_18,6.529131666419195,6.66,6.66,6.66,6.66,6.66,6.66,10.19,10.19,11.75,11.75,7.83,7.83,7.83,7.83,7.83,7.83,10.97,12.54,12.54,10.97,7.05,7.05,7.05,7.05
N_16_17,N_14_18,2.19374808468156,3.6,3.6,3.6,3.6,3.6,3.6,5.97,5.97,7.02,7.02,4.39,4.39,4.39,4.39,4.39,4.39,6.49,7.55,7.55,6.49,3.86,3.86,3.86,3.86
N_16_18,N_16_15,1.1866611668474563,1.95,1.95,1.95,1.95,1.95,1.95,3.23,3.23,3.8,3.8,2.37,2.37,2.37,2.37,2.37,2.37,3.51,4.08,4.08,3.51,2.09,2.09,2.09,2.09
N_16_18,N_14_19,3.526863614268403,3.6,3.6,3.6,3.6,3.6,3.6,5.5,5.5,6.35,6.35,4.23,4.23,4.23,4.23,4.23,4.23,5.93,6.77,6.77,5.93,3.81,3.81,3.81,3.81
N_16_18,N_14_16,14.389233189678073,7.99,7.99,7.99,7.99,7.99,7.99,9.93,9.93,10.79,10.79,8.63,8.63,8.63,8.63,8.63,8.63,10.36,11.22,11.22,10.36,8.2,8.2,8.2,8.2
N_16_18,N_16_19,10.30099617383337,5.72,5.72,5.72,5.72,5.72,5.72,7.11,7.11,7.73,7.73,6.18,6.18,6.18,6.18,6.18,6.18,7.42,8.03,8.03,7.42,5.87,5.87,5.87,5.87
N_16_19,N_14_18,5.157811332802552,5.26,5.26,5.26,5.26,5.26,5.26,8.05,8.05,9.28,9.28,6.19,6.19,6.19,6.19,6.19,6.19,8.67,9.9,9.9,8.67,5.57,5.57,5.57,5.57
N_16_19,N_16_18,10.30099617383337,5.72,5.72,5.72,5.72,5.72,5.72,7.11,7.11,7.73,7.73,6.18,6.18,6.18,6.18,6.18,6.18,7.42,8.03,8.03,7.42,5.87,5.87,5.87,5.87
N_16_19,N_19_19,13.98566551332385,7.76,7.76,7.76,7.76,7.76,7.76,9.65,9.65,10.49,10.49,8.39,8.39,8.39,8.39,8.39,8.39,10.07,10.91,10.91,10.07,7.97,7.97,7.97,7.97
N_16_19,N_18_17,14.64252477996167,8.13,8.13,8.13,8.13,8.13,8.13,10.1,10.1,10.98,10.98,8.79,8.79,8.79,8.79,8.79,8.79,10.54,11.42,11.42,10.54,8.35,8.35,8.35,8.35
N_16_19,N_16_17,11.805938932812253,6.55,6.55,6.55,6.55,6.55,6.55,8.15,8.15,8.85,8.85,7.08,7.08,7.08,7.08,7.08,7.08,8.5,9.21,9.21,8.5,6.73,6.73,6.73,6.73
N_16_19,N_16_16,12.794661208491771,7.1,7.1,7.1,7.1,7.1,7.1,8.83,8.83,9.6,9.6,7.68,7.68,7.68,7.68,7.68,7.68,9.21,9.98,9.98,9.21,7.29,7.29,7.29,7.29
N_16_19,N_14_21,6.460307121770576,6.59,6.59,6.59,6.59,6.59,6.59,10.08,10.08,11.63,11.63,7.75,7.75,7.75,7.75,7.75,7.75,10.85,12.4,12.4,10.85,6.98,6.98,6.98,6.98
N_16_2,N_14_0,5.872466935321521,5.99,5.99,5.99,5.99,5.99,5.99,9.16,9.16,10.57,10.57,7.05,7.05,7.05,7.05,7.05,7.05,9.87,11.28,11.28,9.87,6.34,6.34,6.34,6.34
N_16_2,N_16_5,9.053200579738805,5.02,5.02,5.02,5.02,5.02,5.02,6.25,6.25,6.79,6.79,5.43,5.43,5.43,5.43,5.43,5.43,6.52,7.06,7.06,6.52,5.16,5.16,5.16,5.16
N_16_2,N_14_3,6.84371198752361,6.98,6.98,6.98,6.98,6.98,6.98,10.68,10.68,12.32,12.32,8.21,8.21,8.21,8.21,8.21,8.21,11.5,13.14,13.14,11.5,7.39,7.39,7.39,7.39
N_16_2,N_18_1,1.214699188407464,1.99,1.99,1.99,1.99,1.99,1.99,3.3,3.3,3.89,3.89,2.43,2.43,2.43,2.43,2.43,2.43,3.6,4.18,4.18,3.6,2.14,2.14,2.14,2.14
N_16_2,N_14_1,5.72422749711773,5.84,5.84,5.84,5.84,5.84,5.84,8.93,8.93,10.3,10.3,6.87,6.87,6.87,6.87,6.87,6.87,9.62,10.99,10.99,9.62,6.18,6.18,6.18,6.18
N_16_2,N_18_3,0.5116038580150433,0.84,0.84,0.84,0.84,0.84,0.84,1.39,1.39,1.64,1.64,1.02,1.02,1.02,1.02,1.02,1.02,1.51,1.76,1.76,1.51,0.9,0.9,0.9,0.9
N_16_2,N_14_4,13.430037694757512,7.45,7.45,7.45,7.45,7.45,7.45,9.27,9.27,10.07,10.07,8.06,8.06,8.06,8.06,8.06,8.06,9.67,10.48,10.48,9.67,7.66,7.66,7.66,7.66
N_16_2,N_15_0,1.9641480680679564,3.22,3.22,3.22,3.22,3.22,3.22,5.34,5.34,6.29,6.29,3.93,3.93,3.93,3.93,3.93,3.93,5.81,6.76,6.76,5.81,3.46,3.46,3.46,3.46
N_16_20,N_16_17,4.102500066704328,4.18,4.18,4.18,4.18,4.18,4.18,6.4,6.4,7.38,7.38,4.92,4.92,4.92,4.92,4.92,4.92,6.89,7.88,7.88,6.89,4.43,4.43,4.43,4.43
N_16_20,N_17_22,10.024268332841048,5.56,5.56,5.56,5.56,5.56,5.56,6.92,6.92,7.52,7.52,6.01,6.01,6.01,6.01,6.01,6.01,7.22,7.82,7.82,7.22,5.71,5.71,5.71,5.71
N_16_20,N_18_18,6.301044549601402,6.43,6.43,6.43,6.43,6.43,6.43,9.83,9.83,11.34,11.34,7.56,7.56,7.56,7.56,7.56,7.56,10.59,12.1,12.1,10.59,6.81,6.81,6.81,6.81
N_16_20,N_16_21,3.549591308872801,3.62,3.62,3.62,3.62,3.62,3.62,5.54,5.54,6.39,6.39,4.26,4.26,4.26,4.26,4.26,4.26,5.96,6.82,6.82,5.96,3.83,3.83,3.83,3.83
N_16_20,N_16_22,10.577016646084825,5.87,5.87,5.87,5.87,5.87,5.87,7.3,7.3,7.93,7.93,6.35,6.35,6.35,6.35,6.35,6.35,7.62,8.25,8.25,7.62,6.03,6.03,6.03,6.03
N_16_20,N_17_19,5.597831272072685,5.71,5.71,5.71,5.71,5.71,5.71,8.73,8.73,10.08,10.08,6.72,6.72,6.72,6.72,6.72,6.72,9.4,10.75,10.75,9.4,6.05,6.05,6.05,6.05
N_16_21,N_14_22,6.713141976372891,6.85,6.85,6.85,6.85,6.85,6.85,10.47,10.47,12.08,12.08,8.06,8.06,8.06,8.06,8.06,8.06,11.28,12.89,12.89,11.28,7.25,7.25,7.25,7.25
N_16_21,N_15_19,13.436391364740388,7.46,7.46,7.46,7.46,7.46,7.46,9.27,9.27,10.08,10.08,8.06,8.06,8.06,8.06,8.06,8.06,9.67,10.48,10.48,9.67,7.66,7.66,7.66,7.66
N_16_21,N_15_20,12.451362029702587,6.91,6.91,6.91,6.91,6.91,6.91,8.59,8.59,9.34,9.34,7.47,7.47,7.47,7.47,7.47,7.47,8.96,9.71,9.71,8.96,7.1,7.1,7.1,7.1
N_16_21,N_15_21,4.478426408807021,4.57,4.57,4.57,4.57,4.57,4.57,6.99,6.99,8.06,8.06,5.37,5.37,5.37,5.37,5.37,5.37,7.52,8.6,8.6,7.52,4.84,4.84,4.84,4.84
N_16_21,N_15_22,11.811050180510332,6.56,6.56,6.56,6.56,6.56,6.56,8.15,8.15,8.86,8.86,7.09,7.09,7.09,7.09,7.09,7.09,8.5,9.21,9.21,8.5,6.73,6.73,6.73,6.73
N_16_21,N_16_20,3.549591308872801,3.62,3.62,3.62,3.62,3.62,3.62,5.54,5.54,6.39,6.39,4.26,4.26,4.26,4.26,4.26,4.26,5.96,6.82,6.82,5.96,3.83,3.83,3.83,3.83
N_16_22,N_13_22,6.8781711185242465,7.02,7.02,7.02,7.02,7.02,7.02,10.73,10.73,12.38,12.38,8.25,8.25,8.25,8.25,8.25,8.25,11.56,13.21,13.21,11.56,7.43,7.43,7.43,7.43
N_16_22,N_16_20,10.577016646084825,5.87,5.87,5.87,5.87,5.87,5.87,7.3,7.3,7.93,7.93,6.35,6.35,6.35,6.35,6.35,6.35,7.62,8.25,8.25,7.62,6.03,6.03,6.03,6.03
N_16_22,N_16_24,5.161870800519838,5.27,5.27,5.27,5.27,5.27,5.27,8.05,8.05,9.29,9.29,6.19,6.19,6.19,6.19,6.19,6.19,8.67,9.91,9.91,8.67,5.57,5.57,5.57,5.57
N_16_22,N_14_20,0.7842448959500359,1.29,1.29,1.29,1.29,1.29,1.29,2.13,2.13,2.51,2.51,1.57,1.57,1.57,1.57,1.57,1.57,2.32,2.7,2.7,2.32,1.38,1.38,1.38,1.38
N_16_22,N_16_25,4.659078485134515,4.75,4.75,4.75,4.75,4.75,4.75,7.27,7.27,8.39,8.39,5.59,5.59,5.59,5.59,5.59,5.59,7.83,8.95,8.95,7.83,5.03,5.03,5.03,5.03
N_16_22,N_16_23,9.058180046548754,5.03,5.03,5.03,5.03,5.03,5.03,6.25,6.25,6.79,6.79,5.43,5.43,5.43,5.43,5.43,5.43,6.52,7.07,7.07,6.52,5.16,5.16,5.16,5.16
N_16_23,N_14_24,4.08522155365235,4.17,4.17,4.17,4.17,4.17,4.17,6.37,6.37,7.35,7.35,4.9,4.9,4.9,4.9,4.9,4.9,6.86,7.84,7.84,6.86,4.41,4.41,4.41,4.41
N_16_23,N_15_25,11.854081996775289,6.58,6.58,6.58,6.58,6.58,6.58,8.18,8.18,8.89,8.89,7.11,7.11,7.11,7.11,7.11,7.11,8.53,9.25,9.25,8.53,6.76,6.76,6.76,6.76
N_16_23,N_19_23,8.246310225705951,4.58,4.58,4.58,4.58,4.58,4.58,5.69,5.69,6.18,6.18,4.95,4.95,4.95,4.95,4.95,4.95,5.94,6.43,6.43,5.94,4.7,4.7,4.7,4.7
N_16_23,N_13_23,11.492358984305902,6.38,6.38,6.38,6.38,6.38,6.38,7.93,7.93,8.62,8.62,6.9,6.9,6.9,6.9,6.9,6.9,8.27,8.96,8.96,8.27,6.55,6.55,6.55,6.55
N_16_23,N_17_24,14.767290005401016,8.2,8.2,8.2,8.2,8.2,8.2,10.19,10.19,11.08,11.08,8.86,8.86,8.86,8.86,8.86,8.86,10.63,11.52,11.52,10.63,8.42,8.42,8.42,8.42
N_16_24,N_14_25,3.671927329408704,3.75,3.75,3.75,3.75,3.75,3.75,5.73,5.73,6.61,6.61,4.41,4.41,4.41,4.41,4.41,4.41,6.17,7.05,7.05,6.17,3.97,3.97,3.97,3.97
N_16_24,N_16_22,5.161870800519838,5.27,5.27,5.27,5.27,5.27,5.27,8.05,8.05,9.29,9.29,6.19,6.19,6.19,6.19,6.19,6.19,8.67,9.91,9.91,8.67,5.57,5.57,5.57,5.57
N_16_24,N_17_24,3.8406645639443773,3.92,3.92,3.92,3.92,3.92,3.92,5.99,5.99,6.91,6.91,4.61,4.61,4.61,4.61,4.61,4.61,6.45,7.37,7.37,6.45,4.15,4.15,4.15,4.15
N_16_24,N_16_21,5.518794050920072,5.63,5.63,5.63,5.63,5.63,5.63,8.61,8.61,9.93,9.93,6.62,6.62,6.62,6.62,6.62,6.62,9.27,10.6,10.6,9.27,5.96,5.96,5.96,5.96
N_16_24,N_14_26,13.470610808470418,7.48,7.48,7.48,7.48,7.48,7.48,9.29,9.29,10.1,10.1,8.08,8.08,8.08,8.08,8.08,8.08,9.7,10.51,10.51,9.7,7.68,7.68,7.68,7.68
N_16_24,N_18_22,3.1069346651177514,3.17,3.17,3.17,3.17,3.17,3.17,4.85,4.85,5.59,5.59,3.73,3.73,3.73,3.73,3.73,3.73,5.22,5.97,5.97,5.22,3.36,3.36,3.36,3.36
N_16_25,N_16_22,4.659078485134515,4.75,4.75,4.75,4.75,4.75,4.75,7.27,7.27,8.39,8.39,5.59,5.59,5.59,5.59,5.59,5.59,7.83,8.95,8.95,7.83,5.03,5.03,5.03,5.03
N_16_25,N_17_25,3.2970921166981286,3.36,3.36,3.36,3.36,3.36,3.36,5.14,5.14,5.93,5.93,3.96,3.96,3.96,3.96,3.96,3.96,5.54,6.33,6.33,5.54,3.56,3.56,3.56,3.56
N_16_25,N_18_24,4.471031179887978,4.56,4.56,4.56,4.56,4.56,4.56,6.97,6.97,8.05,8.05,5.37,5.37,5.37,5.37,5.37,5.37,7.51,8.58,8.58,7.51,4.83,4.83,4.83,4.83
N_16_25,N_19_25,4.287956941660255,4.37,4.37,4.37,4.37,4.37,4.37,6.69,6.69,7.72,7.72,5.15,5.15,5.15,5.15,5.15,5.15,7.2,8.23,8.23,7.2,4.63,4.63,4.63,4.63
N_16_25,N_18_23,10.641495560037693,5.91,5.91,5.91,5.91,5.91,5.91,7.34,7.34,7.98,7.98,6.38,6.38,6.38,6.38,6.38,6.38,7.66,8.3,8.3,7.66,6.07,6.07,6.07,6.07
N_16_26,N_14_24,6.561485592501851,6.69,6.69,6.69,6.69,6.69,6.69,10.24,10.24,11.81,11.81,7.87,7.87,7.87,7.87,7.87,7.87,11.02,12.6,12.6,11.02,7.09,7.09,7.09,7.09
N_16_26,N_18_26,1.671685209155326,2.74,2.74,2.74,2.74,2.74,2.74,4.55,4.55,5.35,5.35,3.34,3.34,3.34,3.34,3.34,3.34,4.95,5.75,5.75,4.95,2.94,2.94,2.94,2.94
N_16_26,N_14_26,5.636552632332755,5.75,5.75,5.75,5.75,5.75,5.75,8.79,8.79,10.15,10.15,6.76,6.76,6.76,6.76,6.76,6.76,9.47,10.82,10.82,9.47,6.09,6.09,6.09,6.09
N_16_26,N_17_26,5.241550421561234,5.35,5.35,5.35,5.35,5.35,5.35,8.18,8.18,9.43,9.43,6.29,6.29,6.29,6.29,6.29,6.29,8.81,10.06,10.06,8.81,5.66,5.66,5.66,5.66
N_16_27,N_15_25,4.212331984409255,4.3,4.3,4.3,4.3,4.3,4.3,6.57,6.57,7.58,7.58,5.05,5.05,5.05,5.05,5.05,5.05,7.08,8.09,8.09,7.08,4.55,4.55,4.55,4.55
N_16_27,N_18_28,5.838034254698002,5.95,5.95,5.95,5.95,5.95,5.95,9.11,9.11,10.51,10.51,7.01,7.01,7.01,7.01,7.01,7.01,9.81,11.21,11.21,9.81,6.31,6.31,6.31,6.31
N_16_27,N_16_30,4.380776647007024,4.47,4.47,4.47,4.47,4.47,4.47,6.83,6.83,7.89,7.89,5.26,5.26,5.26,5.26,5.26,5.26,7.36,8.41,8.41,7.36,4.73,4.73,4.73,4.73
N_16_27,N_16_26,5.9641124382932516,6.08,6.08,6.08,6.08,6.08,6.08,9.3,9.3,10.74,10.74,7.16,7.16,7.16,7.16,7.16,7.16,10.02,11.45,11.45,10.02,6.44,6.44,6.44,6.44
N_16_27,N_17_28,4.970318798334413,5.07,5.07,5.07,5.07,5.07,5.07,7.75,7.75,8.95,8.95,5.96,5.96,5.96,5.96,5.96,5.96,8.35,9.54,9.54,8.35,5.37,5.37,5.37,5.37
N_16_27,N_14_27,5.683484904892813,5.8,5.8,5.8,5.8,5.8,5.8,8.87,8.87,10.23,10.23,6.82,6.82,6.82,6.82,6.82,6.82,9.55,10.91,10.91,9.55,6.14,6.14,6.14,6.14
N_16_28,N_13_28,2.4366106189118852,4.0,4.0,4.0,4.0,4.0,4.0,6.63,6.63,7.8,7.8,4.87,4.87,4.87,4.87,4.87,4.87,7.21,8.38,8.38,7.21,4.29,4.29,4.29,4.29
N_16_28,N_16_26,12.857788851613176,7.14,7.14,7.14,7.14,7.14,7.14,8.87,8.87,9.64,9.64,7.71,7.71,7.71,7.71,7.71,7.71,9.26,10.03,10.03,9.26,7.33,7.33,7.33,7.33
N_16_28,N_14_27,11.799549900801217,6.55,6.55,6.55,6.55,6.55,6.55,8.14,8.14,8.85,8.85,7.08,7.08,7.08,7.08,7.08,7.08,8.5,9.2,9.2,8.5,6.73,6.73,6.73,6.73
N_16_28,N_18_26,5.949727354169358,6.07,6.07,6.07,6.07,6.07,6.07,9.28,9.28,10.71,10.71,7.14,7.14,7.14,7.14,7.14,7.14,10.0,11.42,11.42,10.0,6.43,6.43,6.43,6.43
N_16_28,N_14_28,1.6643103191605226,2.73,2.73,2.73,2.73,2.73,2.73,4.53,4.53,5.33,5.33,3.33,3.33,3.33,3.33,3.33,3.33,4.93,5.73,5.73,4.93,2.93,2.93,2.93,2.93
N_16_28,N_15_29,3.6746330743673172,3.75,3.75,3.75,3.75,3.75,3.75,5.73,5.73,6.61,6.61,4.41,4.41,4.41,4.41,4.41,4.41,6.17,7.06,7.06,6.17,3.97,3.97,3.97,3.97
N_16_29,N_16_31,3.273485040313879,3.34,3.34,3.34,3.34,3.34,3.34,5.11,5.11,5.89,5.89,3.93,3.93,3.93,3.93,3.93,3.93,5.5,6.29,6.29,5.5,3.54,3.54,3.54,3.54
N_16_29,N_13_29,10.086839310241313,5.6,5.6,5.6,5.6,5.6,5.6,6.96,6.96,7.57,7.57,6.05,6.05,6.05,6.05,6.05,6.05,7.26,7.87,7.87,7.26,5.75,5.75,5.75,5.75
N_16_29,N_15_27,1.7421970631387425,2.86,2.86,2.86,2.86,2.86,2.86,4.74,4.74,5.58,5.58,3.48,3.48,3.48,3.48,3.48,3.48,5.16,5.99,5.99,5.16,3.07,3.07,3.07,3.07
N_16_29,N_14_29,1.6600709664216644,2.72,2.72,2.72,2.72,2.72,2.72,4.52,4.52,5.31,5.31,3.32,3.32,3.32,3.32,3.32,3.32,4.91,5.71,5.71,4.91,2.92,2.92,2.92,2.92
N_16_29,N_16_30,8.409898538776567,4.67,4.67,4.67,4.67,4.67,4.67,5.8,5.8,6.31,6.31,5.05,5.05,5.05,5.05,5.05,5.05,6.06,6.56,6.56,6.06,4.79,4.79,4.79,4.79
N_16_29,N_15_30,5.523704148651611,5.63,5.63,5.63,5.63,5.63,5.63,8.62,8.62,9.94,9.94,6.63,6.63,6.63,6.63,6.63,6.63,9.28,10.61,10.61,9.28,5.97,5.97,5.97,5.97
N_16_3,N_15_4,2.279002110053686,3.74,3.74,3.74,3.74,3.74,3.74,6.2,6.2,7.29,7.29,4.56,4.56,4.56,4.56,4.56,4.56,6.75,7.84,7.84,6.75,4.01,4.01,4.01,4.01
N_16_3,N_18_3,8.229257729829149,4.57,4.57,4.57,4.57,4.57,4.57,5.68,5.68,6.17,6.17,4.94,4.94,4.94,4.94,4.94,4.94,5.93,6.42,6.42,5.93,4.69,4.69,4.69,4.69
N_16_3,N_14_1,11.292901151671813,6.27,6.27,6.27,6.27,6.27,6.27,7.79,7.79,8.47,8.47,6.78,6.78,6.78,6.78,6.78,6.78,8.13,8.81,8.81,8.13,6.44,6.44,6.44,6.44
N_16_30,N_15_29,5.402412532861511,5.51,5.51,5.51,5.51,5.51,5.51,8.43,8.43,9.72,9.72,6.48,6.48,6.48,6.48,6.48,6.48,9.08,10.37,10.37,9.08,5.83,5.83,5.83,5.83
N_16_30,N_15_32,11.436043082186744,6.35,6.35,6.35,6.35,6.35,6.35,7.89,7.89,8.58,8.58,6.86,6.86,6.86,6.86,6.86,6.86,8.23,8.92,8.92,8.23,6.52,6.52,6.52,6.52
N_16_30,N_16_29,8.409898538776567,4.67,4.67,4.67,4.67,4.67,4.67,5.8,5.8,6.31,6.31,5.05,5.05,5.05,5.05,5.05,5.05,6.06,6.56,6.56,6.06,4.79,4.79,4.79,4.79
N_16_30,N_14_28,3.980896512169859,4.06,4.06,4.06,4.06,4.06,4.06,6.21,6.21,7.17,7.17,4.78,4.78,4.78,4.78,4.78,4.78,6.69,7.64,7.64,6.69,4.3,4.3,4.3,4.3
N_16_31,N_16_29,3.273485040313879,3.34,3.34,3.34,3.34,3.34,3.34,5.11,5.11,5.89,5.89,3.93,3.93,3.93,3.93,3.93,3.93,5.5,6.29,6.29,5.5,3.54,3.54,3.54,3.54
N_16_31,N_17_30,13.497785503069917,7.49,7.49,7.49,7.49,7.49,7.49,9.31,9.31,10.12,10.12,8.1,8.1,8.1,8.1,8.1,8.1,9.72,10.53,10.53,9.72,7.69,7.69,7.69,7.69
N_16_31,N_17_32,8.714294305334953,4.84,4.84,4.84,4.84,4.84,4.84,6.01,6.01,6.54,6.54,5.23,5.23,5.23,5.23,5.23,5.23,6.27,6.8,6.8,6.27,4.97,4.97,4.97,4.97
N_16_31,N_17_31,4.281898506980795,4.37,4.37,4.37,4.37,4.37,4.37,6.68,6.68,7.71,7.71,5.14,5.14,5.14,5.14,5.14,5.14,7.19,8.22,8.22,7.19,4.62,4.62,4.62,4.62
N_16_31,N_13_31,4.162261396938534,4.25,4.25,4.25,4.25,4.25,4.25,6.49,6.49,7.49,7.49,4.99,4.99,4.99,4.99,4.99,4.99,6.99,7.99,7.99,6.99,4.5,4.5,4.5,4.5
N_16_31,N_18_31,11.634158320044467,6.46,6.46,6.46,6.46,6.46,6.46,8.03,8.03,8.73,8.73,6.98,6.98,6.98,6.98,6.98,6.98,8.38,9.07,9.07,8.38,6.63,6.63,6.63,6.63
N_16_32,N_14_32,1.6790283493435687,2.75,2.75,2.75,2.75,2.75,2.75,4.57,4.57,5.37,5.37,3.36,3.36,3.36,3.36,3.36,3.36,4.97,5.78,5.78,4.97,2.96,2.96,2.96,2.96
N_16_32,N_16_29,0.6296465772466768,1.03,1.03,1.03,1.03,1.03,1.03,1.71,1.71,2.01,2.01,1.26,1.26,1.26,1.26,1.26,1.26,1.86,2.17,2.17,1.86,1.11,1.11,1.11,1.11
N_16_32,N_17_30,4.036530725992561,4.12,4.12,4.12,4.12,4.12,4.12,6.3,6.3,7.27,7.27,4.84,4.84,4.84,4.84,4.84,4.84,6.78,7.75,7.75,6.78,4.36,4.36,4.36,4.36
N_16_32,N_17_32,6.728368178944394,6.86,6.86,6.86,6.86,6.86,6.86,10.5,10.5,12.11,12.11,8.07,8.07,8.07,8.07,8.07,8.07,11.3,12.92,12.92,11.3,7.27,7.27,7.27,7.27
N_16_32,N_17_34,6.476539994061915,6.61,6.61,6.61,6.61,6.61,6.61,10.1,10.1,11.66,11.66,7.77,7.77,7.77,7.77,7.77,7.77,10.88,12.43,12.43,10.88,6.99,6.99,6.99,6.99
N_16_32,N_14_34,1.8539607232379662,3.04,3.04,3.04,3.04,3.04,3.04,5.04,5.04,5.93,5.93,3.71,3.71,3.71,3.71,3.71,3.71,5.49,6.38,6.38,5.49,3.26,3.26,3.26,3.26
N_16_32,N_18_32,5.976158679136297,6.1,6.1,6.1,6.1,6.1,6.1,9.32,9.32,10.76,10.76,7.17,7.17,7.17,7.17,7.17,7.17,10.04,11.47,11.47,10.04,6.45,6.45,6.45,6.45
N_16_33,N_15_33,2.037188110664924,3.34,3.34,3.34,3.34,3.34,3.34,5.54,5.54,6.52,6.52,4.07,4.07,4.07,4.07,4.07,4.07,6.03,7.01,7.01,6.03,3.59,3.59,3.59,3.59
N_16_33,N_14_35,1.3668968880834944,2.24,2.24,2.24,2.24,2.24,2.24,3.72,3.72,4.37,4.37,2.73,2.73,2.73,2.73,2.73,2.73,4.05,4.7,4.7,4.05,2.41,2.41,2.41,2.41
N_16_33,N_16_31,12.866079147319898,7.14,7.14,7.14,7.14,7.14,7.14,8.88,8.88,9.65,9.65,7.72,7.72,7.72,7.72,7.72,7.72,9.26,10.04,10.04,9.26,7.33,7.33,7.33,7.33
N_16_33,N_16_35,6.258013167237783,6.38,6.38,6.38,6.38,6.38,6.38,9.76,9.76,11.26,11.26,7.51,7.51,7.51,7.51,7.51,7.51,10.51,12.02,12.02,10.51,6.76,6.76,6.76,6.76
N_16_34,N_14_33,10.918432924915685,6.06,6.06,6.06,6.06,6.06,6.06,7.53,7.53,8.19,8.19,6.55,6.55,6.55,6.55,6.55,6.55,7.86,8.52,8.52,7.86,6.22,6.22,6.22,6.22
N_16_34,N_16_37,5.965549134696655,6.08,6.08,6.08,6.08,6.08,6.08,9.31,9.31,10.74,10.74,7.16,7.16,7.16,7.16,7.16,7.16,10.02,11.45,11.45,10.02,6.44,6.44,6.44,6.44
N_16_34,N_17_32,9.880495371697098,5.48,5.48,5.48,5.48,5.48,5.48,6.82,6.82,7.41,7.41,5.93,5.93,5.93,5.93,5.93,5.93,7.11,7.71,7.71,7.11,5.63,5.63,5.63,5.63
N_16_35,N_16_33,6.258013167237783,6.38,6.38,6.38,6.38,6.38,6.38,9.76,9.76,11.26,11.26,7.51,7.51,7.51,7.51,7.51,7.51,10.51,12.02,12.02,10.51,6.76,6.76,6.76,6.76
N_16_35,N_17_37,6.764454449366431,6.9,6.9,6.9,6.9,6.9,6.9,10.55,10.55,12.18,12.18,8.12,8.12,8.12,8.12,8.12,8.12,11.36,12.99,12.99,11.36,7.31,7.31,7.31,7.31
N_16_35,N_14_34,4.565066034436467,4.66,4.66,4.66,4.66,4.66,4.66,7.12,7.12,8.22,8.22,5.48,5.48,5.48,5.48,5.48,5.48,7.67,8.76,8.76,7.67,4.93,4.93,4.93,4.93
N_16_36,N_14_34,4.924086142445055,5.02,5.02,5.02,5.02,5.02,5.02,7.68,7.68,8.86,8.86,5.91,5.91,5.91,5.91,5.91,5.91,8.27,9.45,9.45,8.27,5.32,5.32,5.32,5.32
N_16_36,N_14_36,1.5896388768705432,2.61,2.61,2.61,2.61,2.61,2.61,4.32,4.32,5.09,5.09,3.18,3.18,3.18,3.18,3.18,3.18,4.71,5.47,5.47,4.71,2.8,2.8,2.8,2.8
N_16_36,N_15_38,3.406088765342073,3.47,3.47,3.47,3.47,3.47,3.47,5.31,5.31,6.13,6.13,4.09,4.09,4.09,4.09,4.09,4.09,5.72,6.54,6.54,5.72,3.68,3.68,3.68,3.68
N_16_36,N_16_34,13.724728055984862,7.62,7.62,7.62,7.62,7.62,7.62,9.47,9.47,10.29,10.29,8.23,8.23,8.23,8.23,8.23,8.23,9.88,10.71,10.71,9.88,7.82,7.82,7.82,7.82
N_16_36,N_14_35,2.1905589723847845,3.59,3.59,3.59,3.59,3.59,3.59,5.96,5.96,7.01,7.01,4.38,4.38,4.38,4.38,4.38,4.38,6.48,7.54,7.54,6.48,3.86,3.86,3.86,3.86
N_16_36,N_15_37,13.548364252687058,7.52,7.52,7.52,7.52,7.52,7.52,9.35,9.35,10.16,10.16,8.13,8.13,8.13,8.13,8.13,8.13,9.75,10.57,10.57,9.75,7.72,7.72,7.72,7.72
N_16_37,N_15_38,8.581236421794706,4.76,4.76,4.76,4.76,4.76,4.76,5.92,5.92,6.44,6.44,5.15,5.15,5.15,5.15,5.15,5.15,6.18,6.69,6.69,6.18,4.89,4.89,4.89,4.89
N_16_37,N_16_34,5.965549134696655,6.08,6.08,6.08,6.08,6.08,6.08,9.31,9.31,10.74,10.74,7.16,7.16,7.16,7.16,7.16,7.16,10.02,11.45,11.45,10.02,6.44,6.44,6.44,6.44
N_16_37,N_17_36,6.111460508798546,6.23,6.23,6.23,6.23,6.23,6.23,9.53,9.53,11.0,11.0,7.33,7.33,7.33,7.33,7.33,7.33,10.27,11.73,11.73,10.27,6.6,6.6,6.6,6.6
N_16_38,N_14_38,9.146121221291814,5.08,5.08,5.08,5.08,5.08,5.08,6.31,6.31,6.86,6.86,5.49,5.49,5.49,5.49,5.49,5.49,6.59,7.13,7.13,6.59,5.21,5.21,5.21,5.21
N_16_38,N_15_39,1.3836877994554178,2.27,2.27,2.27,2.27,2.27,2.27,3.76,3.76,4.43,4.43,2.77,2.77,2.77,2.77,2.77,2.77,4.1,4.76,4.76,4.1,2.44,2.44,2.44,2.44
N_16_38,N_16_35,14.447593027135824,8.02,8.02,8.02,8.02,8.02,8.02,9.97,9.97,10.84,10.84,8.67,8.67,8.67,8.67,8.67,8.67,10.4,11.27,11.27,10.4,8.24,8.24,8.24,8.24
N_16_38,N_18_38,6.471289593457565,6.6,6.6,6.6,6.6,6.6,6.6,10.1,10.1,11.65,11.65,7.77,7.77,7.77,7.77,7.77,7.77,10.87,12.42,12.42,10.87,6.99,6.99,6.99,6.99
N_16_38,N_15_37,3.537329073390879,3.61,3.61,3.61,3.61,3.61,3.61,5.52,5.52,6.37,6.37,4.24,4.24,4.24,4.24,4.24,4.24,5.94,6.79,6.79,5.94,3.82,3.82,3.82,3.82
N_16_38,N_18_39,4.0044013765083815,4.08,4.08,4.08,4.08,4.08,4.08,6.25,6.25,7.21,7.21,4.81,4.81,4.81,4.81,4.81,4.81,6.73,7.69,7.69,6.73,4.32,4.32,4.32,4.32
N_16_39,N_16_37,0.9804724116788437,1.61,1.61,1.61,1.61,1.61,1.61,2.67,2.67,3.14,3.14,1.96,1.96,1.96,1.96,1.96,1.96,2.9,3.37,3.37,2.9,1.73,1.73,1.73,1.73
N_16_39,N_14_38,13.858109471249824,7.69,7.69,7.69,7.69,7.69,7.69,9.56,9.56,10.39,10.39,8.31,8.31,8.31,8.31,8.31,8.31,9.98,10.81,10.81,9.98,7.9,7.9,7.9,7.9
N_16_39,N_14_37,5.571146535952886,5.68,5.68,5.68,5.68,5.68,5.68,8.69,8.69,10.03,10.03,6.69,6.69,6.69,6.69,6.69,6.69,9.36,10.7,10.7,9.36,6.02,6.02,6.02,6.02
N_16_4,N_14_4,2.3216617049981756,3.81,3.81,3.81,3.81,3.81,3.81,6.31,6.31,7.43,7.43,4.64,4.64,4.64,4.64,4.64,4.64,6.87,7.99,7.99,6.87,4.09,4.09,4.09,4.09
N_16_4,N_16_7,12.76424727519645,7.08,7.08,7.08,7.08,7.08,7.08,8.81,8.81,9.57,9.57,7.66,7.66,7.66,7.66,7.66,7.66,9.19,9.96,9.96,9.19,7.28,7.28,7.28,7.28
N_16_4,N_18_5,2.483960301040371,4.07,4.07,4.07,4.07,4.07,4.07,6.76,6.76,7.95,7.95,4.97,4.97,4.97,4.97,4.97,4.97,7.35,8.54,8.54,7.35,4.37,4.37,4.37,4.37
N_16_4,N_15_5,6.456686623201474,6.59,6.59,6.59,6.59,6.59,6.59,10.07,10.07,11.62,11.62,7.75,7.75,7.75,7.75,7.75,7.75,10.85,12.4,12.4,10.85,6.97,6.97,6.97,6.97
N_16_4,N_18_6,4.625178663318176,4.72,4.72,4.72,4.72,4.72,4.72,7.22,7.22,8.33,8.33,5.55,5.55,5.55,5.55,5.55,5.55,7.77,8.88,8.88,7.77,5.0,5.0,5.0,5.0
N_16_4,N_18_3,1.1815058021394136,1.94,1.94,1.94,1.94,1.94,1.94,3.21,3.21,3.78,3.78,2.36,2.36,2.36,2.36,2.36,2.36,3.5,4.06,4.06,3.5,2.08,2.08,2.08,2.08
N_16_4,N_14_2,11.997018038956773,6.66,6.66,6.66,6.66,6.66,6.66,8.28,8.28,9.0,9.0,7.2,7.2,7.2,7.2,7.2,7.2,8.64,9.36,9.36,8.64,6.84,6.84,6.84,6.84
N_16_5,N_16_2,9.053200579738805,5.02,5.02,5.02,5.02,5.02,5.02,6.25,6.25,6.79,6.79,5.43,5.43,5.43,5.43,5.43,5.43,6.52,7.06,7.06,6.52,5.16,5.16,5.16,5.16
N_16_5,N_14_6,1.5002202723780351,2.46,2.46,2.46,2.46,2.46,2.46,4.08,4.08,4.8,4.8,3.0,3.0,3.0,3.0,3.0,3.0,4.44,5.16,5.16,4.44,2.64,2.64,2.64,2.64
N_16_5,N_14_4,0.8984210759258469,1.47,1.47,1.47,1.47,1.47,1.47,2.44,2.44,2.87,2.87,1.8,1.8,1.8,1.8,1.8,1.8,2.66,3.09,3.09,2.66,1.58,1.58,1.58,1.58
N_16_6,N_14_7,14.873185695714259,8.25,8.25,8.25,8.25,8.25,8.25,10.26,10.26,11.15,11.15,8.92,8.92,8.92,8.92,8.92,8.92,10.71,11.6,11.6,10.71,8.48,8.48,8.48,8.48
N_16_6,N_19_6,11.05262386923817,6.13,6.13,6.13,6.13,6.13,6.13,7.63,7.63,8.29,8.29,6.63,6.63,6.63,6.63,6.63,6.63,7.96,8.62,8.62,7.96,6.3,6.3,6.3,6.3
N_16_6,N_16_3,5.770226767774783,5.89,5.89,5.89,5.89,5.89,5.89,9.0,9.0,10.39,10.39,6.92,6.92,6.92,6.92,6.92,6.92,9.69,11.08,11.08,9.69,6.23,6.23,6.23,6.23
N_16_6,N_16_8,9.676876764255674,5.37,5.37,5.37,5.37,5.37,5.37,6.68,6.68,7.26,7.26,5.81,5.81,5.81,5.81,5.81,5.81,6.97,7.55,7.55,6.97,5.52,5.52,5.52,5.52
N_16_6,N_17_5,13.73627234265042,7.62,7.62,7.62,7.62,7.62,7.62,9.48,9.48,10.3,10.3,8.24,8.24,8.24,8.24,8.24,8.24,9.89,10.71,10.71,9.89,7.83,7.83,7.83,7.83
N_16_6,N_14_8,1.3592195975219807,2.23,2.23,2.23,2.23,2.23,2.23,3.7,3.7,4.35,4.35,2.72,2.72,2.72,2.72,2.72,2.72,4.02,4.68,4.68,4.02,2.39,2.39,2.39,2.39
N_16_6,N_17_4,5.035223044527109,5.14,5.14,5.14,5.14,5.14,5.14,7.85,7.85,9.06,9.06,6.04,6.04,6.04,6.04,6.04,6.04,8.46,9.67,9.67,8.46,5.44,5.44,5.44,5.44
N_16_6,N_15_8,1.6259705752097378,2.67,2.67,2.67,2.67,2.67,2.67,4.42,4.42,5.2,5.2,3.25,3.25,3.25,3.25,3.25,3.25,4.81,5.59,5.59,4.81,2.86,2.86,2.86,2.86
N_16_7,N_16_4,12.76424727519645,7.08,7.08,7.08,7.08,7.08,7.08,8.81,8.81,9.57,9.57,7.66,7.66,7.66,7.66,7.66,7.66,9.19,9.96,9.96,9.19,7.28,7.28,7.28,7.28
N_16_7,N_18_6,4.189656893917303,4.27,4.27,4.27,4.27,4.27,4.27,6.54,6.54,7.54,7.54,5.03,5.03,5.03,5.03,5.03,5.03,7.04,8.04,8.04,7.04,4.52,4.52,4.52,4.52
N_16_7,N_14_5,12.613553060937662,7.0,7.0,7.0,7.0,7.0,7.0,8.7,8.7,9.46,9.46,7.57,7.57,7.57,7.57,7.57,7.57,9.08,9.84,9.84,9.08,7.19,7.19,7.19,7.19
N_16_7,N_15_8,6.052206423942654,6.17,6.17,6.17,6.17,6.17,6.17,9.44,9.44,10.89,10.89,7.26,7.26,7.26,7.26,7.26,7.26,10.17,11.62,11.62,10.17,6.54,6.54,6.54,6.54
N_16_7,N_18_9,11.677193618934682,6.48,6.48,6.48,6.48,6.48,6.48,8.06,8.06,8.76,8.76,7.01,7.01,7.01,7.01,7.01,7.01,8.41,9.11,9.11,8.41,6.66,6.66,6.66,6.66
N_16_7,N_17_6,0.9987928033160536,1.64,1.64,1.64,1.64,1.64,1.64,2.72,2.72,3.2,3.2,2.0,2.0,2.0,2.0,2.0,2.0,2.96,3.44,3.44,2.96,1.76,1.76,1.76,1.76
N_16_8,N_14_10,4.846369400772884,4.94,4.94,4.94,4.94,4.94,4.94,7.56,7.56,8.72,8.72,5.82,5.82,5.82,5.82,5.82,5.82,8.14,9.31,9.31,8.14,5.23,5.23,5.23,5.23
N_16_8,N_14_8,0.7257669147987942,1.19,1.19,1.19,1.19,1.19,1.19,1.97,1.97,2.32,2.32,1.45,1.45,1.45,1.45,1.45,1.45,2.15,2.5,2.5,2.15,1.28,1.28,1.28,1.28
N_16_8,N_16_9,1.1469388364399782,1.88,1.88,1.88,1.88,1.88,1.88,3.12,3.12,3.67,3.67,2.29,2.29,2.29,2.29,2.29,2.29,3.39,3.95,3.95,3.39,2.02,2.02,2.02,2.02
N_16_8,N_15_10,5.3188493657231595,5.43,5.43,5.43,5.43,5.43,5.43,8.3,8.3,9.57,9.57,6.38,6.38,6.38,6.38,6.38,6.38,8.94,10.21,10.21,8.94,5.74,5.74,5.74,5.74
N_16_9,N_14_8,13.758049632591721,7.64,7.64,7.64,7.64,7.64,7.64,9.49,9.49,10.32,10.32,8.25,8.25,8.25,8.25,8.25,8.25,9.91,10.73,10.73,9.91,7.84,7.84,7.84,7.84
N_16_9,N_15_7,4.773733716038843,4.87,4.87,4.87,4.87,4.87,4.87,7.45,7.45,8.59,8.59,5.73,5.73,5.73,5.73,5.73,5.73,8.02,9.17,9.17,8.02,5.16,5.16,5.16,5.16
N_16_9,N_18_10,14.876842062885473,8.26,8.26,8.26,8.26,8.26,8.26,10.27,10.27,11.16,11.16,8.93,8.93,8.93,8.93,8.93,8.93,10.71,11.6,11.6,10.71,8.48,8.48,8.48,8.48
N_16_9,N_16_12,4.604561252224335,4.7,4.7,4.7,4.7,4.7,4.7,7.18,7.18,8.29,8.29,5.53,5.53,5.53,5.53,5.53,5.53,7.74,8.84,8.84,7.74,4.97,4.97,4.97,4.97
N_16_9,N_16_7,6.039442479504838,6.16,6.16,6.16,6.16,6.16,6.16,9.42,9.42,10.87,10.87,7.25,7.25,7.25,7.25,7.25,7.25,10.15,11.6,11.6,10.15,6.52,6.52,6.52,6.52
N_16_9,N_14_10,3.6714030143664913,3.74,3.74,3.74,3.74,3.74,3.74,5.73,5.73,6.61,6.61,4.41,4.41,4.41,4.41,4.41,4.41,6.17,7.05,7.05,6.17,3.97,3.97,3.97,3.97
N_17_0,N_14_0,6.731273324635049,6.87,6.87,6.87,6.87,6.87,6.87,10.5,10.5,12.12,12.12,8.08,8.08,8.08,8.08,8.08,8.08,11.31,12.92,12.92,11.31,7.27,7.27,7.27,7.27
N_17_0,N_18_1,14.704476357337786,8.16,8.16,8.16,8.16,8.16,8.16,10.15,10.15,11.03,11.03,8.82,8.82,8.82,8.82,8.82,8.82,10.59,11.47,11.47,10.59,8.38,8.38,8.38,8.38
N_17_0,N_17_3,1.7566680629590947,2.88,2.88,2.88,2.88,2.88,2.88,4.78,4.78,5.62,5.62,3.51,3.51,3.51,3.51,3.51,3.51,5.2,6.04,6.04,5.2,3.09,3.09,3.09,3.09
N_17_1,N_15_0,3.4678860893008907,3.54,3.54,3.54,3.54,3.54,3.54,5.41,5.41,6.24,6.24,4.16,4.16,4.16,4.16,4.16,4.16,5.83,6.66,6.66,5.83,3.75,3.75,3.75,3.75
N_17_1,N_19_3,4.667419320666833,4.76,4.76,4.76,4.76,4.76,4.76,7.28,7.28,8.4,8.4,5.6,5.6,5.6,5.6,5.6,5.6,7.84,8.96,8.96,7.84,5.04,5.04,5.04,5.04
N_17_1,N_15_3,0.5237510008294841,0.86,0.86,0.86,0.86,0.86,0.86,1.42,1.42,1.68,1.68,1.05,1.05,1.05,1.05,1.05,1.05,1.55,1.8,1.8,1.55,0.92,0.92,0.92,0.92
N_17_1,N_17_4,13.540329636600571,7.51,7.51,7.51,7.51,7.51,7.51,9.34,9.34,10.16,10.16,8.12,8.12,8.12,8.12,8.12,8.12,9.75,10.56,10.56,9.75,7.72,7.72,7.72,7.72
N_17_10,N_16_9,8.391160247884798,4.66,4.66,4.66,4.66,4.66,4.66,5.79,5.79,6.29,6.29,5.03,5.03,5.03,5.03,5.03,5.03,6.04,6.55,6.55,6.04,4.78,4.78,4.78,4.78
N_17_10,N_18_11,5.533214737979758,5.64,5.64,5.64,5.64,5.64,5.64,8.63,8.63,9.96,9.96,6.64,6.64,6.64,6.64,6.64,6.64,9.3,10.62,10.62,9.3,5.98,5.98,5.98,5.98
N_17_10,N_18_12,3.1019251134742234,3.16,3.16,3.16,3.16,3.16,3.16,4.84,4.84,5.58,5.58,3.72,3.72,3.72,3.72,3.72,3.72,5.21,5.96,5.96,5.21,3.35,3.35,3.35,3.35
N_17_10,N_15_9,3.472643888941427,3.54,3.54,3.54,3.54,3.54,3.54,5.42,5.42,6.25,6.25,4.17,4.17,4.17,4.17,4.17,4.17,5.83,6.67,6.67,5.83,3.75,3.75,3.75,3.75
N_17_10,N_17_12,12.462557629545204,6.92,6.92,6.92,6.92,6.92,6.92,8.6,8.6,9.35,9.35,7.48,7.48,7.48,7.48,7.48,7.48,8.97,9.72,9.72,8.97,7.1,7.1,7.1,7.1
N_17_10,N_19_10,4.542765536283698,4.63,4.63,4.63,4.63,4.63,4.63,7.09,7.09,8.18,8.18,5.45,5.45,5.45,5.45,5.45,5.45,7.63,8.72,8.72,7.63,4.91,4.91,4.91,4.91
N_17_10,N_16_11,14.768441244733388,8.2,8.2,8.2,8.2,8.2,8.2,10.19,10.19,11.08,11.08,8.86,8.86,8.86,8.86,8.86,8.86,10.63,11.52,11.52,10.63,8.42,8.42,8.42,8.42
N_17_11,N_16_11,5.445380463426518,5.55,5.55,5.55,5.55,5.55,5.55,8.49,8.49,9.8,9.8,6.53,6.53,6.53,6.53,6.53,6.53,9.15,10.46,10.46,9.15,5.88,5.88,5.88,5.88
N_17_11,N_15_11,4.2424272793708395,4.33,4.33,4.33,4.33,4.33,4.33,6.62,6.62,7.64,7.64,5.09,5.09,5.09,5.09,5.09,5.09,7.13,8.15,8.15,7.13,4.58,4.58,4.58,4.58
N_17_11,N_16_9,2.423199577333138,3.97,3.97,3.97,3.97,3.97,3.97,6.59,6.59,7.75,7.75,4.85,4.85,4.85,4.85,4.85,4.85,7.17,8.34,8.34,7.17,4.26,4.26,4.26,4.26
N_17_11,N_17_12,2.173565606334307,3.56,3.56,3.56,3.56,3.56,3.56,5.91,5.91,6.96,6.96,4.35,4.35,4.35,4.35,4.35,4.35,6.43,7.48,7.48,6.43,3.83,3.83,3.83,3.83
N_17_11,N_18_10,4.740702257936482,4.84,4.84,4.84,4.84,4.84,4.84,7.4,7.4,8.53,8.53,5.69,5.69,5.69,5.69,5.69,5.69,7.96,9.1,9.1,7.96,5.12,5.12,5.12,5.12
N_17_12,N_16_10,6.38242621665546,6.51,6.51,6.51,6.51,6.51,6.51,9.96,9.96,11.49,11.49,7.66,7.66,7.66,7.66,7.66,7.66,10.72,12.25,12.25,10.72,6.89,6.89,6.89,6.89
N_17_12,N_16_11,4.402131153236342,4.49,4.49,4.49,4.49,4.49,4.49,6.87,6.87,7.92,7.92,5.28,5.28,5.28,5.28,5.28,5.28,7.4,8.45,8.45,7.4,4.75,4.75,4.75,4.75
N_17_12,N_20_12,13.789723170992058,7.65,7.65,7.65,7.65,7.65,7.65,9.51,9.51,10.34,10.34,8.27,8.27,8.27,8.27,8.27,8.27,9.93,10.76,10.76,9.93,7.86,7.86,7.86,7.86
N_17_13,N_14_13,3.7010511461100295,3.78,3.78,3.78,3.78,3.78,3.78,5.77,5.77,6.66,6.66,4.44,4.44,4.44,4.44,4.44,4.44,6.22,7.11,7.11,6.22,4.0,4.0,4.0,4.0
N_17_13,N_16_11,2.065542985621679,3.39,3.39,3.39,3.39,3.39,3.39,5.62,5.62,6.61,6.61,4.13,4.13,4.13,4.13,4.13,4.13,6.11,7.11,7.11,6.11,3.64,3.64,3.64,3.64
N_17_13,N_17_10,13.553045392718754,7.52,7.52,7.52,7.52,7.52,7.52,9.35,9.35,10.16,10.16,8.13,8.13,8.13,8.13,8.13,8.13,9.76,10.57,10.57,9.76,7.73,7.73,7.73,7.73
N_17_13,N_19_14,11.773705459378476,6.53,6.53,6.53,6.53,6.53,6.53,8.12,8.12,8.83,8.83,7.06,7.06,7.06,7.06,7.06,7.06,8.48,9.18,9.18,8.48,6.71,6.71,6.71,6.71
N_17_13,N_15_13,5.111652962731184,5.21,5.21,5.21,5.21,5.21,5.21,7.97,7.97,9.2,9.2,6.13,6.13,6.13,6.13,6.13,6.13,8.59,9.81,9.81,8.59,5.52,5.52,5.52,5.52
N_17_13,N_16_13,9.209032340072447,5.11,5.11,5.11,5.11,5.11,5.11,6.35,6.35,6.91,6.91,5.53,5.53,5.53,5.53,5.53,5.53,6.63,7.18,7.18,6.63,5.25,5.25,5.25,5.25
N_17_14,N_16_13,4.363675295158834,4.45,4.45,4.45,4.45,4.45,4.45,6.81,6.81,7.85,7.85,5.24,5.24,5.24,5.24,5.24,5.24,7.33,8.38,8.38,7.33,4.71,4.71,4.71,4.71
N_17_14,N_15_15,5.459518745020908,5.57,5.57,5.57,5.57,5.57,5.57,8.52,8.52,9.83,9.83,6.55,6.55,6.55,6.55,6.55,6.55,9.17,10.48,10.48,9.17,5.9,5.9,5.9,5.9
N_17_14,N_16_14,5.112815819063073,5.22,5.22,5.22,5.22,5.22,5.22,7.98,7.98,9.2,9.2,6.14,6.14,6.14,6.14,6.14,6.14,8.59,9.82,9.82,8.59,5.52,5.52,5.52,5.52
N_17_14,N_16_15,11.172700817919997,6.2,6.2,6.2,6.2,6.2,6.2,7.71,7.71,8.38,8.38,6.7,6.7,6.7,6.7,6.7,6.7,8.04,8.71,8.71,8.04,6.37,6.37,6.37,6.37
N_17_14,N_16_16,3.8916591382450267,3.97,3.97,3.97,3.97,3.97,3.97,6.07,6.07,7.0,7.0,4.67,4.67,4.67,4.67,4.67,4.67,6.54,7.47,7.47,6.54,4.2,4.2,4.2,4.2
N_17_14,N_19_16,14.686881177716021,8.15,8.15,8.15,8.15,8.15,8.15,10.13,10.13,11.02,11.02,8.81,8.81,8.81,8.81,8.81,8.81,10.57,11.46,11.46,10.57,8.37,8.37,8.37,8.37
N_17_14,N_17_11,1.8032721184866896,2.96,2.96,2.96,2.96,2.96,2.96,4.9,4.9,5.77,5.77,3.61,3.61,3.61,3.61,3.61,3.61,5.34,6.2,6.2,5.34,3.17,3.17,3.17,3.17
N_17_14,N_19_14,1.4133109503100691,2.32,2.32,2.32,2.32,2.32,2.32,3.84,3.84,4.52,4.52,2.83,2.83,2.83,2.83,2.83,2.83,4.18,4.86,4.86,4.18,2.49,2.49,2.49,2.49
N_17_15,N_15_15,4.6469588415276935,4.74,4.74,4.74,4.74,4.74,4.74,7.25,7.25,8.36,8.36,5.58,5.58,5.58,5.58,5.58,5.58,7.81,8.92,8.92,7.81,5.02,5.02,5.02,5.02
N_17_15,N_19_15,13.218463302435975,7.34,7.34,7.34,7.34,7.34,7.34,9.12,9.12,9.91,9.91,7.93,7.93,7.93,7.93,7.93,7.93,9.52,10.31,10.31,9.52,7.53,7.53,7.53,7.53
N_17_15,N_16_16,12.134781915346958,6.73,6.73,6.73,6.73,6.73,6.73,8.37,8.37,9.1,9.1,7.28,7.28,7.28,7.28,7.28,7.28,8.74,9.47,9.47,8.74,6.92,6.92,6.92,6.92
N_17_15,N_15_13,6.729188984222732,6.86,6.86,6.86,6.86,6.86,6.86,10.5,10.5,12.11,12.11,8.08,8.08,8.08,8.08,8.08,8.08,11.31,12.92,12.92,11.31,7.27,7.27,7.27,7.27
N_17_16,N_15_14,3.5766431476656892,3.65,3.65,3.65,3.65,3.65,3.65,5.58,5.58,6.44,6.44,4.29,4.29,4.29,4.29,4.29,4.29,6.01,6.87,6.87,6.01,3.86,3.86,3.86,3.86
N_17_16,N_14_16,3.600323712318864,3.67,3.67,3.67,3.67,3.67,3.67,5.62,5.62,6.48,6.48,4.32,4.32,4.32,4.32,4.32,4.32,6.05,6.91,6.91,6.05,3.89,3.89,3.89,3.89
N_17_16,N_16_15,4.603661161173491,4.7,4.7,4.7,4.7,4.7,4.7,7.18,7.18,8.29,8.29,5.52,5.52,5.52,5.52,5.52,5.52,7.73,8.84,8.84,7.73,4.97,4.97,4.97,4.97
N_17_17,N_14_17,14.142898568577944,7.85,7.85,7.85,7.85,7.85,7.85,9.76,9.76,10.61,10.61,8.49,8.49,8.49,8.49,8.49,8.49,10.18,11.03,11.03,10.18,8.06,8.06,8.06,8.06
N_17_17,N_15_17,5.906494524513764,6.02,6.02,6.02,6.02,6.02,6.02,9.21,9.21,10.63,10.63,7.09,7.09,7.09,7.09,7.09,7.09,9.92,11.34,11.34,9.92,6.38,6.38,6.38,6.38
N_17_17,N_16_16,5.045409039622326,5.15,5.15,5.15,5.15,5.15,5.15,7.87,7.87,9.08,9.08,6.05,6.05,6.05,6.05,6.05,6.05,8.48,9.69,9.69,8.48,5.45,5.45,5.45,5.45
N_17_18,N_16_17,6.529131666419195,6.66,6.66,6.66,6.66,6.66,6.66,10.19,10.19,11.75,11.75,7.83,7.83,7.83,7.83,7.83,7.83,10.97,12.54,12.54,10.97,7.05,7.05,7.05,7.05
N_17_18,N_18_20,11.651894716196077,6.47,6.47,6.47,6.47,6.47,6.47,8.04,8.04,8.74,8.74,6.99,6.99,6.99,6.99,6.99,6.99,8.39,9.09,9.09,8.39,6.64,6.64,6.64,6.64
N_17_18,N_18_16,11.935135178284579,6.62,6.62,6.62,6.62,6.62,6.62,8.24,8.24,8.95,8.95,7.16,7.16,7.16,7.16,7.16,7.16,8.59,9.31,9.31,8.59,6.8,6.8,6.8,6.8
N_17_19,N_14_19,13.913025337239205,7.72,7.72,7.72,7.72,7.72,7.72,9.6,9.6,10.43,10.43,8.35,8.35,8.35,8.35,8.35,8.35,10.02,10.85,10.85,10.02,7.93,7.93,7.93,7.93
N_17_19,N_15_21,11.349116733341795,6.3,6.3,6.3,6.3,6.3,6.3,7.83,7.83,8.51,8.51,6.81,6.81,6.81,6.81,6.81,6.81,8.17,8.85,8.85,8.17,6.47,6.47,6.47,6.47
N_17_19,N_17_21,3.565981948771297,3.64,3.64,3.64,3.64,3.64,3.64,5.56,5.56,6.42,6.42,4.28,4.28,4.28,4.28,4.28,4.28,5.99,6.85,6.85,5.99,3.85,3.85,3.85,3.85
N_17_19,N_17_18,2.3176315583021756,3.8,3.8,3.8,3.8,3.8,3.8,6.3,6.3,7.42,7.42,4.64,4.64,4.64,4.64,4.64,4.64,6.86,7.97,7.97,6.86,4.08,4.08,4.08,4.08
N_17_19,N_18_17,0.624032577737941,1.02,1.02,1.02,1.02,1.02,1.02,1.7,1.7,2.0,2.0,1.25,1.25,1.25,1.25,1.25,1.25,1.85,2.15,2.15,1.85,1.1,1.1,1.1,1.1
N_17_19,N_19_19,9.682295754003581,5.37,5.37,5.37,5.37,5.37,5.37,6.68,6.68,7.26,7.26,5.81,5.81,5.81,5.81,5.81,5.81,6.97,7.55,7.55,6.97,5.52,5.52,5.52,5.52
N_17_2,N_16_3,8.630175051774108,4.79,4.79,4.79,4.79,4.79,4.79,5.95,5.95,6.47,6.47,5.18,5.18,5.18,5.18,5.18,5.18,6.21,6.73,6.73,6.21,4.92,4.92,4.92,4.92
N_17_2,N_18_4,12.854916860109459,7.13,7.13,7.13,7.13,7.13,7.13,8.87,8.87,9.64,9.64,7.71,7.71,7.71,7.71,7.71,7.71,9.26,10.03,10.03,9.26,7.33,7.33,7.33,7.33
N_17_2,N_19_3,5.264672797650047,5.37,5.37,5.37,5.37,5.37,5.37,8.21,8.21,9.48,9.48,6.32,6.32,6.32,6.32,6.32,6.32,8.84,10.11,10.11,8.84,5.69,5.69,5.69,5.69
N_17_20,N_15_19,6.990664934215431,7.13,7.13,7.13,7.13,7.13,7.13,10.91,10.91,12.58,12.58,8.39,8.39,8.39,8.39,8.39,8.39,11.74,13.42,13.42,11.74,7.55,7.55,7.55,7.55
N_17_20,N_17_23,10.5546271610126,5.86,5.86,5.86,5.86,5.86,5.86,7.28,7.28,7.92,7.92,6.33,6.33,6.33,6.33,6.33,6.33,7.6,8.23,8.23,7.6,6.02,6.02,6.02,6.02
N_17_20,N_18_18,13.006306153822548,7.22,7.22,7.22,7.22,7.22,7.22,8.97,8.97,9.75,9.75,7.8,7.8,7.8,7.8,7.8,7.8,9.36,10.14,10.14,9.36,7.41,7.41,7.41,7.41
N_17_20,N_17_21,6.795318687493505,6.93,6.93,6.93,6.93,6.93,6.93,10.6,10.6,12.23,12.23,8.15,8.15,8.15,8.15,8.15,8.15,11.42,13.05,13.05,11.42,7.34,7.34,7.34,7.34
N_17_20,N_19_19,3.3819329161143017,3.45,3.45,3.45,3.45,3.45,3.45,5.28,5.28,6.09,6.09,4.06,4.06,4.06,4.06,4.06,4.06,5.68,6.49,6.49,5.68,3.65,3.65,3.65,3.65
N_17_20,N_18_19,0.5051984831916936,0.83,0.83,0.83,0.83,0.83,0.83,1.37,1.37,1.62,1.62,1.01,1.01,1.01,1.01,1.01,1.01,1.5,1.74,1.74,1.5,0.89,0.89,0.89,0.89
N_17_20,N_16_18,12.68122417998946,7.04,7.04,7.04,7.04,7.04,7.04,8.75,8.75,9.51,9.51,7.61,7.61,7.61,7.61,7.61,7.61,9.13,9.89,9.89,9.13,7.23,7.23,7.23,7.23
N_17_21,N_15_21,1.4859394341670753,2.44,2.44,2.44,2.44,2.44,2.44,4.04,4.04,4.76,4.76,2.97,2.97,2.97,2.97,2.97,2.97,4.4,5.11,5.11,4.4,2.62,2.62,2.62,2.62
N_17_21,N_17_19,3.565981948771297,3.64,3.64,3.64,3.64,3.64,3.64,5.56,5.56,6.42,6.42,4.28,4.28,4.28,4.28,4.28,4.28,5.99,6.85,6.85,5.99,3.85,3.85,3.85,3.85
N_17_21,N_18_20,14.030849901752841,7.79,7.79,7.79,7.79,7.79,7.79,9.68,9.68,10.52,10.52,8.42,8.42,8.42,8.42,8.42,8.42,10.1,10.94,10.94,10.1,8.0,8.0,8.0,8.0
N_17_21,N_18_23,14.790502920548454,8.21,8.21,8.21,8.21,8.21,8.21,10.21,10.21,11.09,11.09,8.87,8.87,8.87,8.87,8.87,8.87,10.65,11.54,11.54,10.65,8.43,8.43,8.43,8.43
N_17_22,N_16_20,10.024268332841048,5.56,5.56,5.56,5.56,5.56,5.56,6.92,6.92,7.52,7.52,6.01,6.01,6.01,6.01,6.01,6.01,7.22,7.82,7.82,7.22,5.71,5.71,5.71,5.71
N_17_22,N_19_24,4.583147586433933,4.67,4.67,4.67,4.67,4.67,4.67,7.15,7.15,8.25,8.25,5.5,5.5,5.5,5.5,5.5,5.5,7.7,8.8,8.8,7.7,4.95,4.95,4.95,4.95
N_17_22,N_14_22,3.840876914227871,3.92,3.92,3.92,3.92,3.92,3.92,5.99,5.99,6.91,6.91,4.61,4.61,4.61,4.61,4.61,4.61,6.45,7.37,7.37,6.45,4.15,4.15,4.15,4.15
N_17_23,N_15_25,8.2816162414387,4.6,4.6,4.6,4.6,4.6,4.6,5.71,5.71,6.21,6.21,4.97,4.97,4.97,4.97,4.97,4.97,5.96,6.46,6.46,5.96,4.72,4.72,4.72,4.72
N_17_23,N_16_25,10.38290738853426,5.76,5.76,5.76,5.76,5.76,5.76,7.16,7.16,7.79,7.79,6.23,6.23,6.23,6.23,6.23,6.23,7.48,8.1,8.1,7.48,5.92,5.92,5.92,5.92
N_17_23,N_16_24,11.754327637213771,6.52,6.52,6.52,6.52,6.52,6.52,8.11,8.11,8.82,8.82,7.05,7.05,7.05,7.05,7.05,7.05,8.46,9.17,9.17,8.46,6.7,6.7,6.7,6.7
N_17_23,N_15_24,5.727097297569139,5.84,5.84,5.84,5.84,5.84,5.84,8.93,8.93,10.31,10.31,6.87,6.87,6.87,6.87,6.87,6.87,9.62,11.0,11.0,9.62,6.19,6.19,6.19,6.19
N_17_23,N_17_26,13.013903338380493,7.22,7.22,7.22,7.22,7.22,7.22,8.98,8.98,9.76,9.76,7.81,7.81,7.81,7.81,7.81,7.81,9.37,10.15,10.15,9.37,7.42,7.42,7.42,7.42
N_17_23,N_19_21,8.376050929760833,4.65,4.65,4.65,4.65,4.65,4.65,5.78,5.78,6.28,6.28,5.03,5.03,5.03,5.03,5.03,5.03,6.03,6.53,6.53,6.03,4.77,4.77,4.77,4.77
N_17_24,N_16_23,14.767290005401016,8.2,8.2,8.2,8.2,8.2,8.2,10.19,10.19,11.08,11.08,8.86,8.86,8.86,8.86,8.86,8.86,10.63,11.52,11.52,10.63,8.42,8.42,8.42,8.42
N_17_24,N_16_24,3.8406645639443773,3.92,3.92,3.92,3.92,3.92,3.92,5.99,5.99,6.91,6.91,4.61,4.61,4.61,4.61,4.61,4.61,6.45,7.37,7.37,6.45,4.15,4.15,4.15,4.15
N_17_24,N_19_22,1.7076051573028874,2.8,2.8,2.8,2.8,2.8,2.8,4.64,4.64,5.46,5.46,3.42,3.42,3.42,3.42,3.42,3.42,5.05,5.87,5.87,5.05,3.01,3.01,3.01,3.01
N_17_24,N_18_23,6.604842719513206,6.74,6.74,6.74,6.74,6.74,6.74,10.3,10.3,11.89,11.89,7.93,7.93,7.93,7.93,7.93,7.93,11.1,12.68,12.68,11.1,7.13,7.13,7.13,7.13
N_17_24,N_17_27,6.04061954807297,6.16,6.16,6.16,6.16,6.16,6.16,9.42,9.42,10.87,10.87,7.25,7.25,7.25,7.25,7.25,7.25,10.15,11.6,11.6,10.15,6.52,6.52,6.52,6.52
N_17_24,N_17_23,4.009986861271477,4.09,4.09,4.09,4.09,4.09,4.09,6.26,6.26,7.22,7.22,4.81,4.81,4.81,4.81,4.81,4.81,6.74,7.7,7.7,6.74,4.33,4.33,4.33,4.33
N_17_24,N_20_24,10.953295692165817,6.08,6.08,6.08,6.08,6.08,6.08,7.56,7.56,8.21,8.21,6.57,6.57,6.57,6.57,6.57,6.57,7.89,8.54,8.54,7.89,6.24,6.24,6.24,6.24
N_17_24,N_16_25,1.1783220201097286,1.93,1.93,1.93,1.93,1.93,1.93,3.21,3.21,3.77,3.77,2.36,2.36,2.36,2.36,2.36,2.36,3.49,4.05,4.05,3.49,2.07,2.07,2.07,2.07
N_17_25,N_15_25,1.583032179663395,2.6,2.6,2.6,2.6,2.6,2.6,4.31,4.31,5.07,5.07,3.17,3.17,3.17,3.17,3.17,3.17,4.69,5.45,5.45,4.69,2.79,2.79,2.79,2.79
N_17_25,N_17_27,5.880153092817498,6.0,6.0,6.0,6.0,6.0,6.0,9.17,9.17,10.58,10.58,7.06,7.06,7.06,7.06,7.06,7.06,9.88,11.29,11.29,9.88,6.35,6.35,6.35,6.35
N_17_25,N_19_26,13.13025789581069,7.29,7.29,7.29,7.29,7.29,7.29,9.06,9.06,9.85,9.85,7.88,7.88,7.88,7.88,7.88,7.88,9.45,10.24,10.24,9.45,7.48,7.48,7.48,7.48
N_17_25,N_15_23,11.70563134965014,6.5,6.5,6.5,6.5,6.5,6.5,8.08,8.08,8.78,8.78,7.02,7.02,7.02,7.02,7.02,7.02,8.43,9.13,9.13,8.43,6.67,6.67,6.67,6.67
N_17_25,N_18_23,12.02308688374155,6.67,6.67,6.67,6.67,6.67,6.67,8.3,8.3,9.02,9.02,7.21,7.21,7.21,7.21,7.21,7.21,8.66,9.38,9.38,8.66,6.85,6.85,6.85,6.85
N_17_26,N_16_26,5.241550421561234,5.35,5.35,5.35,5.35,5.35,5.35,8.18,8.18,9.43,9.43,6.29,6.29,6.29,6.29,6.29,6.29,8.81,10.06,10.06,8.81,5.66,5.66,5.66,5.66
N_17_26,N_19_27,4.1004112532768335,4.18,4.18,4.18,4.18,4.18,4.18,6.4,6.4,7.38,7.38,4.92,4.92,4.92,4.92,4.92,4.92,6.89,7.87,7.87,6.89,4.43,4.43,4.43,4.43
N_17_26,N_18_25,13.191715934119289,7.32,7.32,7.32,7.32,7.32,7.32,9.1,9.1,9.89,9.89,7.92,7.92,7.92,7.92,7.92,7.92,9.5,10.29,10.29,9.5,7.52,7.52,7.52,7.52
N_17_26,N_18_26,10.68145612689904,5.93,5.93,5.93,5.93,5.93,5.93,7.37,7.37,8.01,8.01,6.41,6.41,6.41,6.41,6.41,6.41,7.69,8.33,8.33,7.69,6.09,6.09,6.09,6.09
N_17_26,N_16_24,4.236464047867251,4.32,4.32,4.32,4.32,4.32,4.32,6.61,6.61,7.63,7.63,5.08,5.08,5.08,5.08,5.08,5.08,7.12,8.13,8.13,7.12,4.58,4.58,4.58,4.58
N_17_27,N_17_24,6.04061954807297,6.16,6.16,6.16,6.16,6.16,6.16,9.42,9.42,10.87,10.87,7.25,7.25,7.25,7.25,7.25,7.25,10.15,11.6,11.6,10.15,6.52,6.52,6.52,6.52
N_17_27,N_17_25,5.880153092817498,6.0,6.0,6.0,6.0,6.0,6.0,9.17,9.17,10.58,10.58,7.06,7.06,7.06,7.06,7.06,7.06,9.88,11.29,11.29,9.88,6.35,6.35,6.35,6.35
N_17_27,N_17_29,6.96460058312187,7.1,7.1,7.1,7.1,7.1,7.1,10.86,10.86,12.54,12.54,8.36,8.36,8.36,8.36,8.36,8.36,11.7,13.37,13.37,11.7,7.52,7.52,7.52,7.52
N_17_27,N_18_26,4.846751569942989,4.94,4.94,4.94,4.94,4.94,4.94,7.56,7.56,8.72,8.72,5.82,5.82,5.82,5.82,5.82,5.82,8.14,9.31,9.31,8.14,5.23,5.23,5.23,5.23
N_17_27,N_18_29,4.771985057610928,4.87,4.87,4.87,4.87,4.87,4.87,7.44,7.44,8.59,8.59,5.73,5.73,5.73,5.73,5.73,5.73,8.02,9.16,9.16,8.02,5.15,5.15,5.15,5.15
N_17_28,N_16_27,4.970318798334413,5.07,5.07,5.07,5.07,5.07,5.07,7.75,7.75,8.95,8.95,5.96,5.96,5.96,5.96,5.96,5.96,8.35,9.54,9.54,8.35,5.37,5.37,5.37,5.37
N_17_28,N_17_31,13.986294662288074,7.76,7.76,7.76,7.76,7.76,7.76,9.65,9.65,10.49,10.49,8.39,8.39,8.39,8.39,8.39,8.39,10.07,10.91,10.91,10.07,7.97,7.97,7.97,7.97
N_17_28,N_14_28,5.724579316232289,5.84,5.84,5.84,5.84,5.84,5.84,8.93,8.93,10.3,10.3,6.87,6.87,6.87,6.87,6.87,6.87,9.62,10.99,10.99,9.62,6.18,6.18,6.18,6.18
N_17_28,N_18_30,3.6762629759477217,3.75,3.75,3.75,3.75,3.75,3.75,5.73,5.73,6.62,6.62,4.41,4.41,4.41,4.41,4.41,4.41,6.18,7.06,7.06,6.18,3.97,3.97,3.97,3.97
N_17_28,N_17_26,6.924382937349236,7.06,7.06,7.06,7.06,7.06,7.06,10.8,10.8,12.46,12.46,8.31,8.31,8.31,8.31,8.31,8.31,11.63,13.29,13.29,11.63,7.48,7.48,7.48,7.48
N_17_29,N_15_30,5.851716427062613,5.97,5.97,5.97,5.97,5.97,5.97,9.13,9.13,10.53,10.53,7.02,7.02,7.02,7.02,7.02,7.02,9.83,11.24,11.24,9.83,6.32,6.32,6.32,6.32
N_17_29,N_15_28,12.06030832487135,6.69,6.69,6.69,6.69,6.69,6.69,8.32,8.32,9.05,9.05,7.24,7.24,7.24,7.24,7.24,7.24,8.68,9.41,9.41,8.68,6.87,6.87,6.87,6.87
N_17_29,N_19_28,1.2278879181700995,2.01,2.01,2.01,2.01,2.01,2.01,3.34,3.34,3.93,3.93,2.46,2.46,2.46,2.46,2.46,2.46,3.63,4.22,4.22,3.63,2.16,2.16,2.16,2.16
N_17_29,N_19_27,3.3557497536496212,3.42,3.42,3.42,3.42,3.42,3.42,5.23,5.23,6.04,6.04,4.03,4.03,4.03,4.03,4.03,4.03,5.64,6.44,6.44,5.64,3.62,3.62,3.62,3.62
N_17_29,N_14_29,0.7696407108867769,1.26,1.26,1.26,1.26,1.26,1.26,2.09,2.09,2.46,2.46,1.54,1.54,1.54,1.54,1.54,1.54,2.28,2.65,2.65,2.28,1.35,1.35,1.35,1.35
N_17_29,N_16_30,5.362596999009612,5.47,5.47,5.47,5.47,5.47,5.47,8.37,8.37,9.65,9.65,6.44,6.44,6.44,6.44,6.44,6.44,9.01,10.3,10.3,9.01,5.79,5.79,5.79,5.79
N_17_29,N_19_31,6.168373733708936,6.29,6.29,6.29,6.29,6.29,6.29,9.62,9.62,11.1,11.1,7.4,7.4,7.4,7.4,7.4,7.4,10.36,11.84,11.84,10.36,6.66,6.66,6.66,6.66
N_17_29,N_18_30,8.761204871790131,4.86,4.86,4.86,4.86,4.86,4.86,6.05,6.05,6.57,6.57,5.26,5.26,5.26,5.26,5.26,5.26,6.31,6.83,6.83,6.31,4.99,4.99,4.99,4.99
N_17_3,N_15_1,11.592058087140229,6.43,6.43,6.43,6.43,6.43,6.43,8.0,8.0,8.69,8.69,6.96,6.96,6.96,6.96,6.96,6.96,8.35,9.04,9.04,8.35,6.61,6.61,6.61,6.61
N_17_3,N_17_0,1.7566680629590947,2.88,2.88,2.88,2.88,2.88,2.88,4.78,4.78,5.62,5.62,3.51,3.51,3.51,3.51,3.51,3.51,5.2,6.04,6.04,5.2,3.09,3.09,3.09,3.09
N_17_3,N_16_3,12.70142432593159,7.05,7.05,7.05,7.05,7.05,7.05,8.76,8.76,9.53,9.53,7.62,7.62,7.62,7.62,7.62,7.62,9.15,9.91,9.91,9.15,7.24,7.24,7.24,7.24
N_17_30,N_16_32,4.036530725992561,4.12,4.12,4.12,4.12,4.12,4.12,6.3,6.3,7.27,7.27,4.84,4.84,4.84,4.84,4.84,4.84,6.78,7.75,7.75,6.78,4.36,4.36,4.36,4.36
N_17_30,N_19_30,6.6782423757632365,6.81,6.81,6.81,6.81,6.81,6.81,10.42,10.42,12.02,12.02,8.01,8.01,8.01,8.01,8.01,8.01,11.22,12.82,12.82,11.22,7.21,7.21,7.21,7.21
N_17_30,N_18_29,5.4322857870249415,5.54,5.54,5.54,5.54,5.54,5.54,8.47,8.47,9.78,9.78,6.52,6.52,6.52,6.52,6.52,6.52,9.13,10.43,10.43,9.13,5.87,5.87,5.87,5.87
N_17_30,N_17_28,3.728414837565611,3.8,3.8,3.8,3.8,3.8,3.8,5.82,5.82,6.71,6.71,4.47,4.47,4.47,4.47,4.47,4.47,6.26,7.16,7.16,6.26,4.03,4.03,4.03,4.03
N_17_30,N_17_27,8.893645334906548,4.94,4.94,4.94,4.94,4.94,4.94,6.14,6.14,6.67,6.67,5.34,5.34,5.34,5.34,5.34,5.34,6.4,6.94,6.94,6.4,5.07,5.07,5.07,5.07
N_17_30,N_16_28,11.792785736325035,6.54,6.54,6.54,6.54,6.54,6.54,8.14,8.14,8.84,8.84,7.08,7.08,7.08,7.08,7.08,7.08,8.49,9.2,9.2,8.49,6.72,6.72,6.72,6.72
N_17_31,N_16_31,4.281898506980795,4.37,4.37,4.37,4.37,4.37,4.37,6.68,6.68,7.71,7.71,5.14,5.14,5.14,5.14,5.14,5.14,7.19,8.22,8.22,7.19,4.62,4.62,4.62,4.62
N_17_31,N_17_28,13.986294662288074,7.76,7.76,7.76,7.76,7.76,7.76,9.65,9.65,10.49,10.49,8.39,8.39,8.39,8.39,8.39,8.39,10.07,10.91,10.91,10.07,7.97,7.97,7.97,7.97
N_17_31,N_18_29,6.901832786779583,7.04,7.04,7.04,7.04,7.04,7.04,10.77,10.77,12.42,12.42,8.28,8.28,8.28,8.28,8.28,8.28,11.6,13.25,13.25,11.6,7.45,7.45,7.45,7.45
N_17_31,N_14_31,1.8834336266156289,3.09,3.09,3.09,3.09,3.09,3.09,5.12,5.12,6.03,6.03,3.77,3.77,3.77,3.77,3.77,3.77,5.57,6.48,6.48,5.57,3.31,3.31,3.31,3.31
N_17_31,N_19_32,3.1403485464601166,3.2,3.2,3.2,3.2,3.2,3.2,4.9,4.9,5.65,5.65,3.77,3.77,3.77,3.77,3.77,3.77,5.28,6.03,6.03,5.28,3.39,3.39,3.39,3.39
N_17_31,N_17_30,11.704217925248136,6.5,6.5,6.5,6.5,6.5,6.5,8.08,8.08,8.78,8.78,7.02,7.02,7.02,7.02,7.02,7.02,8.43,9.13,9.13,8.43,6.67,6.67,6.67,6.67
N_17_31,N_17_29,1.7295461603382458,2.84,2.84,2.84,2.84,2.84,2.84,4.7,4.7,5.53,5.53,3.46,3.46,3.46,3.46,3.46,3.46,5.12,5.95,5.95,5.12,3.04,3.04,3.04,3.04
N_17_32,N_15_30,6.455787842780419,6.58,6.58,6.58,6.58,6.58,6.58,10.07,10.07,11.62,11.62,7.75,7.75,7.75,7.75,7.75,7.75,10.85,12.4,12.4,10.85,6.97,6.97,6.97,6.97
N_17_32,N_16_31,8.714294305334953,4.84,4.84,4.84,4.84,4.84,4.84,6.01,6.01,6.54,6.54,5.23,5.23,5.23,5.23,5.23,5.23,6.27,6.8,6.8,6.27,4.97,4.97,4.97,4.97
N_17_32,N_16_34,9.880495371697098,5.48,5.48,5.48,5.48,5.48,5.48,6.82,6.82,7.41,7.41,5.93,5.93,5.93,5.93,5.93,5.93,7.11,7.71,7.71,7.11,5.63,5.63,5.63,5.63
N_17_33,N_15_34,5.165130373418458,5.27,5.27,5.27,5.27,5.27,5.27,8.06,8.06,9.3,9.3,6.2,6.2,6.2,6.2,6.2,6.2,8.68,9.92,9.92,8.68,5.58,5.58,5.58,5.58
N_17_33,N_17_36,6.747249713087404,6.88,6.88,6.88,6.88,6.88,6.88,10.53,10.53,12.15,12.15,8.1,8.1,8.1,8.1,8.1,8.1,11.34,12.95,12.95,11.34,7.29,7.29,7.29,7.29
N_17_33,N_14_33,3.550665450994586,3.62,3.62,3.62,3.62,3.62,3.62,5.54,5.54,6.39,6.39,4.26,4.26,4.26,4.26,4.26,4.26,5.97,6.82,6.82,5.97,3.83,3.83,3.83,3.83
N_17_34,N_16_32,6.476539994061915,6.61,6.61,6.61,6.61,6.61,6.61,10.1,10.1,11.66,11.66,7.77,7.77,7.77,7.77,7.77,7.77,10.88,12.43,12.43,10.88,6.99,6.99,6.99,6.99
N_17_34,N_18_33,1.508809078281836,2.47,2.47,2.47,2.47,2.47,2.47,4.1,4.1,4.83,4.83,3.02,3.02,3.02,3.02,3.02,3.02,4.47,5.19,5.19,4.47,2.66,2.66,2.66,2.66
N_17_34,N_15_33,6.9666792445169925,7.11,7.11,7.11,7.11,7.11,7.11,10.87,10.87,12.54,12.54,8.36,8.36,8.36,8.36,8.36,8.36,11.7,13.38,13.38,11.7,7.52,7.52,7.52,7.52
N_17_34,N_16_35,3.336557958787023,3.4,3.4,3.4,3.4,3.4,3.4,5.21,5.21,6.01,6.01,4.0,4.0,4.0,4.0,4.0,4.0,5.61,6.41,6.41,5.61,3.6,3.6,3.6,3.6
N_17_34,N_19_33,6.119386448296318,6.24,6.24,6.24,6.24,6.24,6.24,9.55,9.55,11.01,11.01,7.34,7.34,7.34,7.34,7.34,7.34,10.28,11.75,11.75,10.28,6.61,6.61,6.61,6.61
N_17_34,N_15_36,9.882571815720247,5.48,5.48,5.48,5.48,5.48,5.48,6.82,6.82,7.41,7.41,5.93,5.93,5.93,5.93,5.93,5.93,7.12,7.71,7.71,7.12,5.63,5.63,5.63,5.63
N_17_34,N_19_32,0.5989236153017523,0.98,0.98,0.98,0.98,0.98,0.98,1.63,1.63,1.92,1.92,1.2,1.2,1.2,1.2,1.2,1.2,1.77,2.06,2.06,1.77,1.05,1.05,1.05,1.05
N_17_34,N_19_35,1.8545633309797218,3.04,3.04,3.04,3.04,3.04,3.04,5.04,5.04,5.93,5.93,3.71,3.71,3.71,3.71,3.71,3.71,5.49,6.38,6.38,5.49,3.26,3.26,3.26,3.26
N_17_35,N_17_38,14.83372681541577,8.23,8.23,8.23,8.23,8.23,8.23,10.24,10.24,11.13,11.13,8.9,8.9,8.9,8.9,8.9,8.9,10.68,11.57,11.57,10.68,8.46,8.46,8.46,8.46
N_17_35,N_15_35,3.712441030603072,3.79,3.79,3.79,3.79,3.79,3.79,5.79,5.79,6.68,6.68,4.45,4.45,4.45,4.45,4.45,4.45,6.24,7.13,7.13,6.24,4.01,4.01,4.01,4.01
N_17_35,N_18_35,10.875021411403841,6.04,6.04,6.04,6.04,6.04,6.04,7.5,7.5,8.16,8.16,6.53,6.53,6.53,6.53,6.53,6.53,7.83,8.48,8.48,7.83,6.2,6.2,6.2,6.2
N_17_36,N_16_38,0.8394837118028105,1.38,1.38,1.38,1.38,1.38,1.38,2.28,2.28,2.69,2.69,1.68,1.68,1.68,1.68,1.68,1.68,2.48,2.89,2.89,2.48,1.48,1.48,1.48,1.48
N_17_36,N_16_35,1.5099968011256073,2.48,2.48,2.48,2.48,2.48,2.48,4.11,4.11,4.83,4.83,3.02,3.02,3.02,3.02,3.02,3.02,4.47,5.19,5.19,4.47,2.66,2.66,2.66,2.66
N_17_36,N_19_34,4.200288071385232,4.28,4.28,4.28,4.28,4.28,4.28,6.55,6.55,7.56,7.56,5.04,5.04,5.04,5.04,5.04,5.04,7.06,8.06,8.06,7.06,4.54,4.54,4.54,4.54
N_17_36,N_16_37,8.638748547179887,4.79,4.79,4.79,4.79,4.79,4.79,5.96,5.96,6.48,6.48,5.18,5.18,5.18,5.18,5.18,5.18,6.22,6.74,6.74,6.22,4.92,4.92,4.92,4.92
N_17_36,N_18_36,10.613565562870505,5.89,5.89,5.89,5.89,5.89,5.89,7.32,7.32,7.96,7.96,6.37,6.37,6.37,6.37,6.37,6.37,7.64,8.28,8.28,7.64,6.05,6.05,6.05,6.05
N_17_36,N_14_36,3.1678474090675603,3.23,3.23,3.23,3.23,3.23,3.23,4.94,4.94,5.7,5.7,3.8,3.8,3.8,3.8,3.8,3.8,5.32,6.08,6.08,5.32,3.42,3.42,3.42,3.42
N_17_37,N_17_36,9.233923537291934,5.12,5.12,5.12,5.12,5.12,5.12,6.37,6.37,6.93,6.93,5.54,5.54,5.54,5.54,5.54,5.54,6.65,7.2,7.2,6.65,5.26,5.26,5.26,5.26
N_17_37,N_17_38,3.7161895460280516,3.79,3.79,3.79,3.79,3.79,3.79,5.8,5.8,6.69,6.69,4.46,4.46,4.46,4.46,4.46,4.46,6.24,7.14,7.14,6.24,4.01,4.01,4.01,4.01
N_17_37,N_19_38,0.7760228640851612,1.27,1.27,1.27,1.27,1.27,1.27,2.11,2.11,2.48,2.48,1.55,1.55,1.55,1.55,1.55,1.55,2.3,2.67,2.67,2.3,1.37,1.37,1.37,1.37
N_17_37,N_20_37,11.622997842646061,6.45,6.45,6.45,6.45,6.45,6.45,8.02,8.02,8.72,8.72,6.97,6.97,6.97,6.97,6.97,6.97,8.37,9.07,9.07,8.37,6.63,6.63,6.63,6.63
N_17_37,N_19_36,6.996392713357455,7.14,7.14,7.14,7.14,7.14,7.14,10.91,10.91,12.59,12.59,8.4,8.4,8.4,8.4,8.4,8.4,11.75,13.43,13.43,11.75,7.56,7.56,7.56,7.56
N_17_37,N_16_37,9.276688334048343,5.15,5.15,5.15,5.15,5.15,5.15,6.4,6.4,6.96,6.96,5.57,5.57,5.57,5.57,5.57,5.57,6.68,7.24,7.24,6.68,5.29,5.29,5.29,5.29
N_17_38,N_17_37,3.7161895460280516,3.79,3.79,3.79,3.79,3.79,3.79,5.8,5.8,6.69,6.69,4.46,4.46,4.46,4.46,4.46,4.46,6.24,7.14,7.14,6.24,4.01,4.01,4.01,4.01
N_17_38,N_19_36,1.8067445719908168,2.96,2.96,2.96,2.96,2.96,2.96,4.91,4.91,5.78,5.78,3.61,3.61,3.61,3.61,3.61,3.61,5.35,6.22,6.22,5.35,3.18,3.18,3.18,3.18
N_17_38,N_15_38,0.6891118409369787,1.13,1.13,1.13,1.13,1.13,1.13,1.87,1.87,2.21,2.21,1.38,1.38,1.38,1.38,1.38,1.38,2.04,2.37,2.37,2.04,1.21,1.21,1.21,1.21
N_17_38,N_20_38,0.9814132826276458,1.61,1.61,1.61,1.61,1.61,1.61,2.67,2.67,3.14,3.14,1.96,1.96,1.96,1.96,1.96,1.96,2.9,3.38,3.38,2.9,1.73,1.73,1.73,1.73
N_17_38,N_15_36,4.636170998684424,4.73,4.73,4.73,4.73,4.73,4.73,7.23,7.23,8.35,8.35,5.56,5.56,5.56,5.56,5.56,5.56,7.79,8.9,8.9,7.79,5.01,5.01,5.01,5.01
N_17_39,N_14_39,3.419654490829421,3.49,3.49,3.49,3.49,3.49,3.49,5.33,5.33,6.16,6.16,4.1,4.1,4.1,4.1,4.1,4.1,5.75,6.57,6.57,5.75,3.69,3.69,3.69,3.69
N_17_39,N_15_39,1.3064809966043127,2.14,2.14,2.14,2.14,2.14,2.14,3.55,3.55,4.18,4.18,2.61,2.61,2.61,2.61,2.61,2.61,3.87,4.49,4.49,3.87,2.3,2.3,2.3,2.3
N_17_39,N_19_39,6.374857863630062,6.5,6.5,6.5,6.5,6.5,6.5,9.94,9.94,11.47,11.47,7.65,7.65,7.65,7.65,7.65,7.65,10.71,12.24,12.24,10.71,6.88,6.88,6.88,6.88
N_17_39,N_18_37,3.1725499360250495,3.24,3.24,3.24,3.24,3.24,3.24,4.95,4.95,5.71,5.71,3.81,3.81,3.81,3.81,3.81,3.81,5.33,6.09,6.09,5.33,3.43,3.43,3.43,3.43
N_17_39,N_19_37,2.217655033488967,3.64,3.64,3.64,3.64,3.64,3.64,6.03,6.03,7.1,7.1,4.44,4.44,4.44,4.44,4.44,4.44,6.56,7.63,7.63,6.56,3.9,3.9,3.9,3.9
N_17_4,N_16_6,5.035223044527109,5.14,5.14,5.14,5.14,5.14,5.14,7.85,7.85,9.06,9.06,6.04,6.04,6.04,6.04,6.04,6.04,8.46,9.67,9.67,8.46,5.44,5.44,5.44,5.44
N_17_4,N_17_1,13.540329636600571,7.51,7.51,7.51,7.51,7.51,7.51,9.34,9.34,10.16,10.16,8.12,8.12,8.12,8.12,8.12,8.12,9.75,10.56,10.56,9.75,7.72,7.72,7.72,7.72
N_17_4,N_17_5,3.722397761834566,3.8,3.8,3.8,3.8,3.8,3.8,5.81,5.81,6.7,6.7,4.47,4.47,4.47,4.47,4.47,4.47,6.25,7.15,7.15,6.25,4.02,4.02,4.02,4.02
N_17_5,N_16_6,13.73627234265042,7.62,7.62,7.62,7.62,7.62,7.62,9.48,9.48,10.3,10.3,8.24,8.24,8.24,8.24,8.24,8.24,9.89,10.71,10.71,9.89,7.83,7.83,7.83,7.83
N_17_5,N_17_6,14.606609913601847,8.11,8.11,8.11,8.11,8.11,8.11,10.08,10.08,10.95,10.95,8.76,8.76,8.76,8.76,8.76,8.76,10.52,11.39,11.39,10.52,8.33,8.33,8.33,8.33
N_17_5,N_18_5,5.510447372498183,5.62,5.62,5.62,5.62,5.62,5.62,8.6,8.6,9.92,9.92,6.61,6.61,6.61,6.61,6.61,6.61,9.26,10.58,10.58,9.26,5.95,5.95,5.95,5.95
N_17_5,N_15_6,1.4578265279368359,2.39,2.39,2.39,2.39,2.39,2.39,3.97,3.97,4.67,4.67,2.92,2.92,2.92,2.92,2.92,2.92,4.32,5.01,5.01,4.32,2.57,2.57,2.57,2.57
N_17_5,N_15_5,2.1169320781595387,3.47,3.47,3.47,3.47,3.47,3.47,5.76,5.76,6.77,6.77,4.23,4.23,4.23,4.23,4.23,4.23,6.27,7.28,7.28,6.27,3.73,3.73,3.73,3.73
N_17_5,N_15_7,3.80308720572614,3.88,3.88,3.88,3.88,3.88,3.88,5.93,5.93,6.85,6.85,4.56,4.56,4.56,4.56,4.56,4.56,6.39,7.3,7.3,6.39,4.11,4.11,4.11,4.11
N_17_5,N_20_5,0.6021547818479818,0.99,0.99,0.99,0.99,0.99,0.99,1.64,1.64,1.93,1.93,1.2,1.2,1.2,1.2,1.2,1.2,1.78,2.07,2.07,1.78,1.06,1.06,1.06,1.06
N_17_6,N_15_4,6.6814853118113895,6.82,6.82,6.82,6.82,6.82,6.82,10.42,10.42,12.03,12.03,8.02,8.02,8.02,8.02,8.02,8.02,11.22,12.83,12.83,11.22,7.22,7.22,7.22,7.22
N_17_6,N_19_5,3.942842897221751,4.02,4.02,4.02,4.02,4.02,4.02,6.15,6.15,7.1,7.1,4.73,4.73,4.73,4.73,4.73,4.73,6.62,7.57,7.57,6.62,4.26,4.26,4.26,4.26
N_17_6,N_19_6,8.770109208802216,4.87,4.87,4.87,4.87,4.87,4.87,6.05,6.05,6.58,6.58,5.26,5.26,5.26,5.26,5.26,5.26,6.31,6.84,6.84,6.31,5.0,5.0,5.0,5.0
N_17_6,N_19_8,8.935558222332357,4.96,4.96,4.96,4.96,4.96,4.96,6.17,6.17,6.7,6.7,5.36,5.36,5.36,5.36,5.36,5.36,6.43,6.97,6.97,6.43,5.09,5.09,5.09,5.09
N_17_6,N_14_6,6.805609005109751,6.94,6.94,6.94,6.94,6.94,6.94,10.62,10.62,12.25,12.25,8.17,8.17,8.17,8.17,8.17,8.17,11.43,13.07,13.07,11.43,7.35,7.35,7.35,7.35
N_17_6,N_18_6,11.270930328507804,6.26,6.26,6.26,6.26,6.26,6.26,7.78,7.78,8.45,8.45,6.76,6.76,6.76,6.76,6.76,6.76,8.12,8.79,8.79,8.12,6.42,6.42,6.42,6.42
N_17_7,N_15_6,8.099309862120391,4.5,4.5,4.5,4.5,4.5,4.5,5.59,5.59,6.07,6.07,4.86,4.86,4.86,4.86,4.86,4.86,5.83,6.32,6.32,5.83,4.62,4.62,4.62,4.62
N_17_7,N_17_9,14.353001487914057,7.97,7.97,7.97,7.97,7.97,7.97,9.9,9.9,10.76,10.76,8.61,8.61,8.61,8.61,8.61,8.61,10.33,11.2,11.2,10.33,8.18,8.18,8.18,8.18
N_17_7,N_14_7,5.233743241118559,5.34,5.34,5.34,5.34,5.34,5.34,8.16,8.16,9.42,9.42,6.28,6.28,6.28,6.28,6.28,6.28,8.79,10.05,10.05,8.79,5.65,5.65,5.65,5.65
N_17_7,N_17_8,5.601560111320985,5.71,5.71,5.71,5.71,5.71,5.71,8.74,8.74,10.08,10.08,6.72,6.72,6.72,6.72,6.72,6.72,9.41,10.75,10.75,9.41,6.05,6.05,6.05,6.05
N_17_7,N_19_5,12.748951221870628,7.08,7.08,7.08,7.08,7.08,7.08,8.8,8.8,9.56,9.56,7.65,7.65,7.65,7.65,7.65,7.65,9.18,9.94,9.94,9.18,7.27,7.27,7.27,7.27
N_17_8,N_18_10,0.8001317083053117,1.31,1.31,1.31,1.31,1.31,1.31,2.18,2.18,2.56,2.56,1.6,1.6,1.6,1.6,1.6,1.6,2.37,2.75,2.75,2.37,1.41,1.41,1.41,1.41
N_17_8,N_20_8,1.4814805916010463,2.43,2.43,2.43,2.43,2.43,2.43,4.03,4.03,4.74,4.74,2.96,2.96,2.96,2.96,2.96,2.96,4.39,5.1,5.1,4.39,2.61,2.61,2.61,2.61
N_17_8,N_19_9,6.473352343145416,6.6,6.6,6.6,6.6,6.6,6.6,10.1,10.1,11.65,11.65,7.77,7.77,7.77,7.77,7.77,7.77,10.88,12.43,12.43,10.88,6.99,6.99,6.99,6.99
N_17_8,N_15_9,9.649574437489402,5.36,5.36,5.36,5.36,5.36,5.36,6.66,6.66,7.24,7.24,5.79,5.79,5.79,5.79,5.79,5.79,6.95,7.53,7.53,6.95,5.5,5.5,5.5,5.5
N_17_8,N_16_7,6.066182307770964,6.19,6.19,6.19,6.19,6.19,6.19,9.46,9.46,10.92,10.92,7.28,7.28,7.28,7.28,7.28,7.28,10.19,11.65,11.65,10.19,6.55,6.55,6.55,6.55
N_17_8,N_17_7,6.241679163116194,6.37,6.37,6.37,6.37,6.37,6.37,9.74,9.74,11.24,11.24,7.49,7.49,7.49,7.49,7.49,7.49,10.49,11.98,11.98,10.49,6.74,6.74,6.74,6.74
N_17_8,N_18_7,6.433666498342141,6.56,6.56,6.56,6.56,6.56,6.56,10.04,10.04,11.58,11.58,7.72,7.72,7.72,7.72,7.72,7.72,10.81,12.35,12.35,10.81,6.95,6.95,6.95,6.95
N_17_9,N_15_10,5.41692161311599,5.53,5.53,5.53,5.53,5.53,5.53,8.45,8.45,9.75,9.75,6.5,6.5,6.5,6.5,6.5,6.5,9.1,10.4,10.4,9.1,5.85,5.85,5.85,5.85
N_17_9,N_17_7,14.353001487914057,7.97,7.97,7.97,7.97,7.97,7.97,9.9,9.9,10.76,10.76,8.61,8.61,8.61,8.61,8.61,8.61,10.33,11.2,11.2,10.33,8.18,8.18,8.18,8.18
N_17_9,N_17_11,1.4172596364458954,2.32,2.32,2.32,2.32,2.32,2.32,3.85,3.85,4.54,4.54,2.83,2.83,2.83,2.83,2.83,2.83,4.2,4.88,4.88,4.2,2.49,2.49,2.49,2.49
N_17_9,N_18_7,1.0058611531089428,1.65,1.65,1.65,1.65,1.65,1.65,2.74,2.74,3.22,3.22,2.01,2.01,2.01,2.01,2.01,2.01,2.98,3.46,3.46,2.98,1.77,1.77,1.77,1.77
N_17_9,N_15_9,5.829314307224896,5.95,5.95,5.95,5.95,5.95,5.95,9.09,9.09,10.49,10.49,7.0,7.0,7.0,7.0,7.0,7.0,9.79,11.19,11.19,9.79,6.3,6.3,6.3,6.3
N_17_9,N_16_9,4.333123470297396,4.42,4.42,4.42,4.42,4.42,4.42,6.76,6.76,7.8,7.8,5.2,5.2,5.2,5.2,5.2,5.2,7.28,8.32,8.32,7.28,4.68,4.68,4.68,4.68
N_17_9,N_16_10,6.729980070108999,6.86,6.86,6.86,6.86,6.86,6.86,10.5,10.5,12.11,12.11,8.08,8.08,8.08,8.08,8.08,8.08,11.31,12.92,12.92,11.31,7.27,7.27,7.27,7.27
N_17_9,N_17_12,12.215531024224962,6.78,6.78,6.78,6.78,6.78,6.78,8.43,8.43,9.16,9.16,7.33,7.33,7.33,7.33,7.33,7.33,8.8,9.53,9.53,8.8,6.96,6.96,6.96,6.96
N_18_0,N_19_2,6.067771513284901,6.19,6.19,6.19,6.19,6.19,6.19,9.47,9.47,10.92,10.92,7.28,7.28,7.28,7.28,7.28,7.28,10.19,11.65,11.65,10.19,6.55,6.55,6.55,6.55
N_18_0,N_17_2,1.3146055848816791,2.16,2.16,2.16,2.16,2.16,2.16,3.58,3.58,4.21,4.21,2.63,2.63,2.63,2.63,2.63,2.63,3.89,4.52,4.52,3.89,2.31,2.31,2.31,2.31
N_18_0,N_20_2,5.427761948370682,5.54,5.54,5.54,5.54,5.54,5.54,8.47,8.47,9.77,9.77,6.51,6.51,6.51,6.51,6.51,6.51,9.12,10.42,10.42,9.12,5.86,5.86,5.86,5.86
N_18_0,N_18_3,6.2257873920033,6.35,6.35,6.35,6.35,6.35,6.35,9.71,9.71,11.21,11.21,7.47,7.47,7.47,7.47,7.47,7.47,10.46,11.95,11.95,10.46,6.72,6.72,6.72,6.72
N_18_0,N_16_2,2.1063530599613447,3.45,3.45,3.45,3.45,3.45,3.45,5.73,5.73,6.74,6.74,4.21,4.21,4.21,4.21,4.21,4.21,6.23,7.25,7.25,6.23,3.71,3.71,3.71,3.71
N_18_0,N_15_0,8.390369877279765,4.66,4.66,4.66,4.66,4.66,4.66,5.79,5.79,6.29,6.29,5.03,5.03,5.03,5.03,5.03,5.03,6.04,6.54,6.54,6.04,4.78,4.78,4.78,4.78
N_18_1,N_16_0,6.501033010725463,6.63,6.63,6.63,6.63,6.63,6.63,10.14,10.14,11.7,11.7,7.8,7.8,7.8,7.8,7.8,7.8,10.92,12.48,12.48,10.92,7.02,7.02,7.02,7.02
N_18_1,N_17_0,14.704476357337786,8.16,8.16,8.16,8.16,8.16,8.16,10.15,10.15,11.03,11.03,8.82,8.82,8.82,8.82,8.82,8.82,10.59,11.47,11.47,10.59,8.38,8.38,8.38,8.38
N_18_1,N_20_1,1.9248827921227984,3.16,3.16,3.16,3.16,3.16,3.16,5.24,5.24,6.16,6.16,3.85,3.85,3.85,3.85,3.85,3.85,5.7,6.62,6.62,5.7,3.39,3.39,3.39,3.39
N_18_1,N_19_0,1.4361734910960071,2.36,2.36,2.36,2.36,2.36,2.36,3.91,3.91,4.6,4.6,2.87,2.87,2.87,2.87,2.87,2.87,4.25,4.94,4.94,4.25,2.53,2.53,2.53,2.53
N_18_1,N_20_3,6.3951144308239485,6.52,6.52,6.52,6.52,6.52,6.52,9.98,9.98,11.51,11.51,7.67,7.67,7.67,7.67,7.67,7.67,10.74,12.28,12.28,10.74,6.91,6.91,6.91,6.91
N_18_10,N_16_9,14.876842062885473,8.26,8.26,8.26,8.26,8.26,8.26,10.27,10.27,11.16,11.16,8.93,8.93,8.93,8.93,8.93,8.93,10.71,11.6,11.6,10.71,8.48,8.48,8.48,8.48
N_18_10,N_17_8,0.8001317083053117,1.31,1.31,1.31,1.31,1.31,1.31,2.18,2.18,2.56,2.56,1.6,1.6,1.6,1.6,1.6,1.6,2.37,2.75,2.75,2.37,1.41,1.41,1.41,1.41
N_18_10,N_18_7,14.156645018312549,7.86,7.86,7.86,7.86,7.86,7.86,9.77,9.77,10.62,10.62,8.49,8.49,8.49,8.49,8.49,8.49,10.19,11.04,11.04,10.19,8.07,8.07,8.07,8.07
N_18_10,N_19_9,13.641331084545342,7.57,7.57,7.57,7.57,7.57,7.57,9.41,9.41,10.23,10.23,8.18,8.18,8.18,8.18,8.18,8.18,9.82,10.64,10.64,9.82,7.78,7.78,7.78,7.78
N_18_10,N_18_12,13.980196220327738,7.76,7.76,7.76,7.76,7.76,7.76,9.65,9.65,10.49,10.49,8.39,8.39,8.39,8.39,8.39,8.39,10.07,10.9,10.9,10.07,7.97,7.97,7.97,7.97
N_18_11,N_17_10,5.533214737979758,5.64,5.64,5.64,5.64,5.64,5.64,8.63,8.63,9.96,9.96,6.64,6.64,6.64,6.64,6.64,6.64,9.3,10.62,10.62,9.3,5.98,5.98,5.98,5.98
N_18_11,N_17_11,4.752847721885348,4.85,4.85,4.85,4.85,4.85,4.85,7.41,7.41,8.56,8.56,5.7,5.7,5.7,5.7,5.7,5.7,7.98,9.13,9.13,7.98,5.13,5.13,5.13,5.13
N_18_11,N_20_12,9.660496346720159,5.36,5.36,5.36,5.36,5.36,5.36,6.67,6.67,7.25,7.25,5.8,5.8,5.8,5.8,5.8,5.8,6.96,7.54,7.54,6.96,5.51,5.51,5.51,5.51
N_18_11,N_20_13,6.037372515573953,6.16,6.16,6.16,6.16,6.16,6.16,9.42,9.42,10.87,10.87,7.24,7.24,7.24,7.24,7.24,7.24,10.14,11.59,11.59,10.14,6.52,6.52,6.52,6.52
N_18_11,N_20_11,4.406213561034374,4.49,4.49,4.49,4.49,4.49,4.49,6.87,6.87,7.93,7.93,5.29,5.29,5.29,5.29,5.29,5.29,7.4,8.46,8.46,7.4,4.76,4.76,4.76,4.76
N_18_11,N_19_12,6.208784208613415,6.33,6.33,6.33,6.33,6.33,6.33,9.69,9.69,11.18,11.18,7.45,7.45,7.45,7.45,7.45,7.45,10.43,11.92,11.92,10.43,6.71,6.71,6.71,6.71
N_18_11,N_16_13,5.467406916879238,5.58,5.58,5.58,5.58,5.58,5.58,8.53,8.53,9.84,9.84,6.56,6.56,6.56,6.56,6.56,6.56,9.19,10.5,10.5,9.19,5.9,5.9,5.9,5.9
N_18_12,N_16_10,3.6538925580678763,3.73,3.73,3.73,3.73,3.73,3.73,5.7,5.7,6.58,6.58,4.38,4.38,4.38,4.38,4.38,4.38,6.14,7.02,7.02,6.14,3.95,3.95,3.95,3.95
N_18_12,N_16_13,4.342284528709898,4.43,4.43,4.43,4.43,4.43,4.43,6.77,6.77,7.82,7.82,5.21,5.21,5.21,5.21,5.21,5.21,7.3,8.34,8.34,7.3,4.69,4.69,4.69,4.69
N_18_12,N_17_10,3.1019251134742234,3.16,3.16,3.16,3.16,3.16,3.16,4.84,4.84,5.58,5.58,3.72,3.72,3.72,3.72,3.72,3.72,5.21,5.96,5.96,5.21,3.35,3.35,3.35,3.35
N_18_13,N_16_11,4.255378570788213,4.34,4.34,4.34,4.34,4.34,4.34,6.64,6.64,7.66,7.66,5.11,5.11,5.11,5.11,5.11,5.11,7.15,8.17,8.17,7.15,4.6,4.6,4.6,4.6
N_18_13,N_17_14,2.4873820286153796,4.08,4.08,4.08,4.08,4.08,4.08,6.77,6.77,7.96,7.96,4.97,4.97,4.97,4.97,4.97,4.97,7.36,8.56,8.56,7.36,4.38,4.38,4.38,4.38
N_18_13,N_19_12,6.586597763519169,6.72,6.72,6.72,6.72,6.72,6.72,10.28,10.28,11.86,11.86,7.9,7.9,7.9,7.9,7.9,7.9,11.07,12.65,12.65,11.07,7.11,7.11,7.11,7.11
N_18_13,N_16_12,2.2506563615971267,3.69,3.69,3.69,3.69,3.69,3.69,6.12,6.12,7.2,7.2,4.5,4.5,4.5,4.5,4.5,4.5,6.66,7.74,7.74,6.66,3.96,3.96,3.96,3.96
N_18_13,N_17_15,3.8210172219074847,3.9,3.9,3.9,3.9,3.9,3.9,5.96,5.96,6.88,6.88,4.59,4.59,4.59,4.59,4.59,4.59,6.42,7.34,7.34,6.42,4.13,4.13,4.13,4.13
N_18_13,N_19_11,8.343122781473626,4.63,4.63,4.63,4.63,4.63,4.63,5.76,5.76,6.26,6.26,5.01,5.01,5.01,5.01,5.01,5.01,6.01,6.51,6.51,6.01,4.76,4.76,4.76,4.76
N_18_13,N_20_13,6.388096064859676,6.52,6.52,6.52,6.52,6.52,6.52,9.97,9.97,11.5,11.5,7.67,7.67,7.67,7.67,7.67,7.67,10.73,12.27,12.27,10.73,6.9,6.9,6.9,6.9
N_18_14,N_16_15,3.6846035418020775,3.76,3.76,3.76,3.76,3.76,3.76,5.75,5.75,6.63,6.63,4.42,4.42,4.42,4.42,4.42,4.42,6.19,7.07,7.07,6.19,3.98,3.98,3.98,3.98
N_18_14,N_19_13,0.5784364400469288,0.95,0.95,0.95,0.95,0.95,0.95,1.57,1.57,1.85,1.85,1.16,1.16,1.16,1.16,1.16,1.16,1.71,1.99,1.99,1.71,1.02,1.02,1.02,1.02
N_18_14,N_17_15,14.575981185310646,8.09,8.09,8.09,8.09,8.09,8.09,10.06,10.06,10.93,10.93,8.75,8.75,8.75,8.75,8.75,8.75,10.49,11.37,11.37,10.49,8.31,8.31,8.31,8.31
N_18_15,N_19_16,10.2869658194967,5.71,5.71,5.71,5.71,5.71,5.71,7.1,7.1,7.72,7.72,6.17,6.17,6.17,6.17,6.17,6.17,7.41,8.02,8.02,7.41,5.86,5.86,5.86,5.86
N_18_15,N_18_12,10.85966686428401,6.03,6.03,6.03,6.03,6.03,6.03,7.49,7.49,8.14,8.14,6.52,6.52,6.52,6.52,6.52,6.52,7.82,8.47,8.47,7.82,6.19,6.19,6.19,6.19
N_18_15,N_20_15,6.068244355177164,6.19,6.19,6.19,6.19,6.19,6.19,9.47,9.47,10.92,10.92,7.28,7.28,7.28,7.28,7.28,7.28,10.19,11.65,11.65,10.19,6.55,6.55,6.55,6.55
N_18_15,N_21_15,14.493434286597365,8.04,8.04,8.04,8.04,8.04,8.04,10.0,10.0,10.87,10.87,8.7,8.7,8.7,8.7,8.7,8.7,10.44,11.3,11.3,10.44,8.26,8.26,8.26,8.26
N_18_16,N_17_18,11.935135178284579,6.62,6.62,6.62,6.62,6.62,6.62,8.24,8.24,8.95,8.95,7.16,7.16,7.16,7.16,7.16,7.16,8.59,9.31,9.31,8.59,6.8,6.8,6.8,6.8
N_18_16,N_18_15,12.905309098801364,7.16,7.16,7.16,7.16,7.16,7.16,8.9,8.9,9.68,9.68,7.74,7.74,7.74,7.74,7.74,7.74,9.29,10.07,10.07,9.29,7.36,7.36,7.36,7.36
N_18_16,N_17_15,5.5043599529501295,5.61,5.61,5.61,5.61,5.61,5.61,8.59,8.59,9.91,9.91,6.61,6.61,6.61,6.61,6.61,6.61,9.25,10.57,10.57,9.25,5.94,5.94,5.94,5.94
N_18_17,N_16_16,6.083040228241515,6.2,6.2,6.2,6.2,6.2,6.2,9.49,9.49,10.95,10.95,7.3,7.3,7.3,7.3,7.3,7.3,10.22,11.68,11.68,10.22,6.57,6.57,6.57,6.57
N_18_17,N_17_19,0.624032577737941,1.02,1.02,1.02,1.02,1.02,1.02,1.7,1.7,2.0,2.0,1.25,1.25,1.25,1.25,1.25,1.25,1.85,2.15,2.15,1.85,1.1,1.1,1.1,1.1
N_18_17,N_18_14,12.30990118067066,6.83,6.83,6.83,6.83,6.83,6.83,8.49,8.49,9.23,9.23,7.39,7.39,7.39,7.39,7.39,7.39,8.86,9.6,9.6,8.86,7.02,7.02,7.02,7.02
N_18_17,N_18_16,4.71283784769998,4.81,4.81,4.81,4.81,4.81,4.81,7.35,7.35,8.48,8.48,5.66,5.66,5.66,5.66,5.66,5.66,7.92,9.05,9.05,7.92,5.09,5.09,5.09,5.09
N_18_17,N_19_16,5.739410960907689,5.85,5.85,5.85,5.85,5.85,5.85,8.95,8.95,10.33,10.33,6.89,6.89,6.89,6.89,6.89,6.89,9.64,11.02,11.02,9.64,6.2,6.2,6.2,6.2
N_18_17,N_18_20,9.55173434572131,5.3,5.3,5.3,5.3,5.3,5.3,6.59,6.59,7.16,7.16,5.73,5.73,5.73,5.73,5.73,5.73,6.88,7.45,7.45,6.88,5.44,5.44,5.44,5.44
N_18_17,N_19_17,6.573557920198124,6.71,6.71,6.71,6.71,6.71,6.71,10.25,10.25,11.83,11.83,7.89,7.89,7.89,7.89,7.89,7.89,11.04,12.62,12.62,11.04,7.1,7.1,7.1,7.1
N_18_17,N_17_17,3.7779833005548458,3.85,3.85,3.85,3.85,3.85,3.85,5.89,5.89,6.8,6.8,4.53,4.53,4.53,4.53,4.53,4.53,6.35,7.25,7.25,6.35,4.08,4.08,4.08,4.08
N_18_18,N_16_20,6.301044549601402,6.43,6.43,6.43,6.43,6.43,6.43,9.83,9.83,11.34,11.34,7.56,7.56,7.56,7.56,7.56,7.56,10.59,12.1,12.1,10.59,6.81,6.81,6.81,6.81
N_18_18,N_17_20,3.2216039771331775,3.29,3.29,3.29,3.29,3.29,3.29,5.03,5.03,5.8,5.8,3.87,3.87,3.87,3.87,3.87,3.87,5.41,6.19,6.19,5.41,3.48,3.48,3.48,3.48
N_18_18,N_18_16,12.517230397281963,6.95,6.95,6.95,6.95,6.95,6.95,8.64,8.64,9.39,9.39,7.51,7.51,7.51,7.51,7.51,7.51,9.01,9.76,9.76,9.01,7.13,7.13,7.13,7.13
N_18_18,N_18_15,9.583861234308127,5.32,5.32,5.32,5.32,5.32,5.32,6.61,6.61,7.19,7.19,5.75,5.75,5.75,5.75,5.75,5.75,6.9,7.48,7.48,6.9,5.46,5.46,5.46,5.46
N_18_18,N_17_18,6.9164200345733535,7.05,7.05,7.05,7.05,7.05,7.05,10.79,10.79,12.45,12.45,8.3,8.3,8.3,8.3,8.3,8.3,11.62,13.28,13.28,11.62,7.47,7.47,7.47,7.47
N_18_18,N_18_20,4.627729776373757,4.72,4.72,4.72,4.72,4.72,4.72,7.22,7.22,8.33,8.33,5.55,5.55,5.55,5.55,5.55,5.55,7.77,8.89,8.89,7.77,5.0,5.0,5.0,5.0
N_18_19,N_17_20,0.5051984831916936,0.83,0.83,0.83,0.83,0.83,0.83,1.37,1.37,1.62,1.62,1.01,1.01,1.01,1.01,1.01,1.01,1.5,1.74,1.74,1.5,0.89,0.89,0.89,0.89
N_18_19,N_18_17,4.331969488763231,4.42,4.42,4.42,4.42,4.42,4.42,6.76,6.76,7.8,7.8,5.2,5.2,5.2,5.2,5.2,5.2,7.28,8.32,8.32,7.28,4.68,4.68,4.68,4.68
N_18_19,N_16_21,14.68069302627932,8.15,8.15,8.15,8.15,8.15,8.15,10.13,10.13,11.01,11.01,8.81,8.81,8.81,8.81,8.81,8.81,10.57,11.45,11.45,10.57,8.37,8.37,8.37,8.37
N_18_19,N_17_19,6.495382233486117,6.63,6.63,6.63,6.63,6.63,6.63,10.13,10.13,11.69,11.69,7.79,7.79,7.79,7.79,7.79,7.79,10.91,12.47,12.47,10.91,7.02,7.02,7.02,7.02
N_18_19,N_19_18,0.5972629354544863,0.98,0.98,0.98,0.98,0.98,0.98,1.62,1.62,1.91,1.91,1.19,1.19,1.19,1.19,1.19,1.19,1.77,2.05,2.05,1.77,1.05,1.05,1.05,1.05
N_18_19,N_16_19,1.9941407040126562,3.27,3.27,3.27,3.27,3.27,3.27,5.42,5.42,6.38,6.38,3.99,3.99,3.99,3.99,3.99,3.99,5.9,6.86,6.86,5.9,3.51,3.51,3.51,3.51
N_18_19,N_20_19,4.040499631970678,4.12,4.12,4.12,4.12,4.12,4.12,6.3,6.3,7.27,7.27,4.85,4.85,4.85,4.85,4.85,4.85,6.79,7.76,7.76,6.79,4.36,4.36,4.36,4.36
N_18_2,N_16_0,3.26166955204293,3.33,3.33,3.33,3.33,3.33,3.33,5.09,5.09,5.87,5.87,3.91,3.91,3.91,3.91,3.91,3.91,5.48,6.26,6.26,5.48,3.52,3.52,3.52,3.52
N_18_2,N_17_1,13.990466347221599,7.76,7.76,7.76,7.76,7.76,7.76,9.65,9.65,10.49,10.49,8.39,8.39,8.39,8.39,8.39,8.39,10.07,10.91,10.91,10.07,7.97,7.97,7.97,7.97
N_18_2,N_15_2,5.769407341858335,5.88,5.88,5.88,5.88,5.88,5.88,9.0,9.0,10.38,10.38,6.92,6.92,6.92,6.92,6.92,6.92,9.69,11.08,11.08,9.69,6.23,6.23,6.23,6.23
N_18_2,N_18_3,4.49042399572477,4.58,4.58,4.58,4.58,4.58,4.58,7.01,7.01,8.08,8.08,5.39,5.39,5.39,5.39,5.39,5.39,7.54,8.62,8.62,7.54,4.85,4.85,4.85,4.85
N_18_2,N_17_0,4.622645388542352,4.72,4.72,4.72,4.72,4.72,4.72,7.21,7.21,8.32,8.32,5.55,5.55,5.55,5.55,5.55,5.55,7.77,8.88,8.88,7.77,4.99,4.99,4.99,4.99
N_18_2,N_19_1,11.646610067459285,6.46,6.46,6.46,6.46,6.46,6.46,8.04,8.04,8.73,8.73,6.99,6.99,6.99,6.99,6.99,6.99,8.39,9.08,9.08,8.39,6.64,6.64,6.64,6.64
N_18_20,N_17_18,11.651894716196077,6.47,6.47,6.47,6.47,6.47,6.47,8.04,8.04,8.74,8.74,6.99,6.99,6.99,6.99,6.99,6.99,8.39,9.09,9.09,8.39,6.64,6.64,6.64,6.64
N_18_20,N_17_21,14.030849901752841,7.79,7.79,7.79,7.79,7.79,7.79,9.68,9.68,10.52,10.52,8.42,8.42,8.42,8.42,8.42,8.42,10.1,10.94,10.94,10.1,8.0,8.0,8.0,8.0
N_18_20,N_18_18,4.627729776373757,4.72,4.72,4.72,4.72,4.72,4.72,7.22,7.22,8.33,8.33,5.55,5.55,5.55,5.55,5.55,5.55,7.77,8.89,8.89,7.77,5.0,5.0,5.0,5.0
N_18_20,N_21_20,6.751906456523518,6.89,6.89,6.89,6.89,6.89,6.89,10.53,10.53,12.15,12.15,8.1,8.1,8.1,8.1,8.1,8.1,11.34,12.96,12.96,11.34,7.29,7.29,7.29,7.29
N_18_20,N_15_20,1.6568825683095039,2.72,2.72,2.72,2.72,2.72,2.72,4.51,4.51,5.3,5.3,3.31,3.31,3.31,3.31,3.31,3.31,4.9,5.7,5.7,4.9,2.92,2.92,2.92,2.92
N_18_21,N_18_24,6.756586478815214,6.89,6.89,6.89,6.89,6.89,6.89,10.54,10.54,12.16,12.16,8.11,8.11,8.11,8.11,8.11,8.11,11.35,12.97,12.97,11.35,7.3,7.3,7.3,7.3
N_18_21,N_19_22,9.815162242823927,5.45,5.45,5.45,5.45,5.45,5.45,6.77,6.77,7.36,7.36,5.89,5.89,5.89,5.89,5.89,5.89,7.07,7.66,7.66,7.07,5.59,5.59,5.59,5.59
N_18_21,N_18_23,3.4922826225768073,3.56,3.56,3.56,3.56,3.56,3.56,5.45,5.45,6.29,6.29,4.19,4.19,4.19,4.19,4.19,4.19,5.87,6.71,6.71,5.87,3.77,3.77,3.77,3.77
N_18_22,N_16_24,3.1069346651177514,3.17,3.17,3.17,3.17,3.17,3.17,4.85,4.85,5.59,5.59,3.73,3.73,3.73,3.73,3.73,3.73,5.22,5.97,5.97,5.22,3.36,3.36,3.36,3.36
N_18_22,N_19_22,8.76521150990678,4.86,4.86,4.86,4.86,4.86,4.86,6.05,6.05,6.57,6.57,5.26,5.26,5.26,5.26,5.26,5.26,6.31,6.84,6.84,6.31,5.0,5.0,5.0,5.0
N_18_22,N_15_22,3.213427573071588,3.28,3.28,3.28,3.28,3.28,3.28,5.01,5.01,5.78,5.78,3.86,3.86,3.86,3.86,3.86,3.86,5.4,6.17,6.17,5.4,3.47,3.47,3.47,3.47
N_18_22,N_19_21,0.5106972333299222,0.84,0.84,0.84,0.84,0.84,0.84,1.39,1.39,1.63,1.63,1.02,1.02,1.02,1.02,1.02,1.02,1.51,1.76,1.76,1.51,0.9,0.9,0.9,0.9
N_18_22,N_20_20,1.229923669282599,2.02,2.02,2.02,2.02,2.02,2.02,3.35,3.35,3.94,3.94,2.46,2.46,2.46,2.46,2.46,2.46,3.64,4.23,4.23,3.64,2.16,2.16,2.16,2.16
N_18_22,N_20_21,5.590459666637148,5.7,5.7,5.7,5.7,5.7,5.7,8.72,8.72,10.06,10.06,6.71,6.71,6.71,6.71,6.71,6.71,9.39,10.73,10.73,9.39,6.04,6.04,6.04,6.04
N_18_23,N_17_24,6.604842719513206,6.74,6.74,6.74,6.74,6.74,6.74,10.3,10.3,11.89,11.89,7.93,7.93,7.93,7.93,7.93,7.93,11.1,12.68,12.68,11.1,7.13,7.13,7.13,7.13
N_18_23,N_17_25,12.02308688374155,6.67,6.67,6.67,6.67,6.67,6.67,8.3,8.3,9.02,9.02,7.21,7.21,7.21,7.21,7.21,7.21,8.66,9.38,9.38,8.66,6.85,6.85,6.85,6.85
N_18_23,N_18_21,3.4922826225768073,3.56,3.56,3.56,3.56,3.56,3.56,5.45,5.45,6.29,6.29,4.19,4.19,4.19,4.19,4.19,4.19,5.87,6.71,6.71,5.87,3.77,3.77,3.77,3.77
N_18_23,N_18_25,5.441103142511723,5.55,5.55,5.55,5.55,5.55,5.55,8.49,8.49,9.79,9.79,6.53,6.53,6.53,6.53,6.53,6.53,9.14,10.45,10.45,9.14,5.88,5.88,5.88,5.88
N_18_23,N_17_23,4.246071587186449,4.33,4.33,4.33,4.33,4.33,4.33,6.62,6.62,7.64,7.64,5.1,5.1,5.1,5.1,5.1,5.1,7.13,8.15,8.15,7.13,4.59,4.59,4.59,4.59
N_18_24,N_16_25,4.471031179887978,4.56,4.56,4.56,4.56,4.56,4.56,6.97,6.97,8.05,8.05,5.37,5.37,5.37,5.37,5.37,5.37,7.51,8.58,8.58,7.51,4.83,4.83,4.83,4.83
N_18_24,N_18_21,6.756586478815214,6.89,6.89,6.89,6.89,6.89,6.89,10.54,10.54,12.16,12.16,8.11,8.11,8.11,8.11,8.11,8.11,11.35,12.97,12.97,11.35,7.3,7.3,7.3,7.3
N_18_24,N_16_22,3.098441059171424,3.16,3.16,3.16,3.16,3.16,3.16,4.83,4.83,5.58,5.58,3.72,3.72,3.72,3.72,3.72,3.72,5.21,5.95,5.95,5.21,3.35,3.35,3.35,3.35
N_18_24,N_17_22,12.163261338228764,6.75,6.75,6.75,6.75,6.75,6.75,8.39,8.39,9.12,9.12,7.3,7.3,7.3,7.3,7.3,7.3,8.76,9.49,9.49,8.76,6.93,6.93,6.93,6.93
N_18_24,N_20_22,0.9804151515918522,1.61,1.61,1.61,1.61,1.61,1.61,2.67,2.67,3.14,3.14,1.96,1.96,1.96,1.96,1.96,1.96,2.9,3.37,3.37,2.9,1.73,1.73,1.73,1.73
N_18_24,N_17_24,4.279988646421162,4.37,4.37,4.37,4.37,4.37,4.37,6.68,6.68,7.7,7.7,5.14,5.14,5.14,5.14,5.14,5.14,7.19,8.22,8.22,7.19,4.62,4.62,4.62,4.62
N_18_24,N_18_27,4.572096153603713,4.66,4.66,4.66,4.66,4.66,4.66,7.13,7.13,8.23,8.23,5.49,5.49,5.49,5.49,5.49,5.49,7.68,8.78,8.78,7.68,4.94,4.94,4.94,4.94
N_18_25,N_17_26,13.191715934119289,7.32,7.32,7.32,7.32,7.32,7.32,9.1,9.1,9.89,9.89,7.92,7.92,7.92,7.92,7.92,7.92,9.5,10.29,10.29,9.5,7.52,7.52,7.52,7.52
N_18_25,N_18_23,5.441103142511723,5.55,5.55,5.55,5.55,5.55,5.55,8.49,8.49,9.79,9.79,6.53,6.53,6.53,6.53,6.53,6.53,9.14,10.45,10.45,9.14,5.88,5.88,5.88,5.88
N_18_25,N_16_23,5.25418115732902,5.36,5.36,5.36,5.36,5.36,5.36,8.2,8.2,9.46,9.46,6.31,6.31,6.31,6.31,6.31,6.31,8.83,10.09,10.09,8.83,5.67,5.67,5.67,5.67
N_18_26,N_16_26,1.671685209155326,2.74,2.74,2.74,2.74,2.74,2.74,4.55,4.55,5.35,5.35,3.34,3.34,3.34,3.34,3.34,3.34,4.95,5.75,5.75,4.95,2.94,2.94,2.94,2.94
N_18_26,N_16_28,5.949727354169358,6.07,6.07,6.07,6.07,6.07,6.07,9.28,9.28,10.71,10.71,7.14,7.14,7.14,7.14,7.14,7.14,10.0,11.42,11.42,10.0,6.43,6.43,6.43,6.43
N_18_26,N_17_26,10.68145612689904,5.93,5.93,5.93,5.93,5.93,5.93,7.37,7.37,8.01,8.01,6.41,6.41,6.41,6.41,6.41,6.41,7.69,8.33,8.33,7.69,6.09,6.09,6.09,6.09
N_18_26,N_17_27,4.846751569942989,4.94,4.94,4.94,4.94,4.94,4.94,7.56,7.56,8.72,8.72,5.82,5.82,5.82,5.82,5.82,5.82,8.14,9.31,9.31,8.14,5.23,5.23,5.23,5.23
N_18_26,N_19_25,0.9382071694076912,1.54,1.54,1.54,1.54,1.54,1.54,2.55,2.55,3.0,3.0,1.88,1.88,1.88,1.88,1.88,1.88,2.78,3.23,3.23,2.78,1.65,1.65,1.65,1.65
N_18_26,N_18_28,5.096307317556835,5.2,5.2,5.2,5.2,5.2,5.2,7.95,7.95,9.17,9.17,6.12,6.12,6.12,6.12,6.12,6.12,8.56,9.78,9.78,8.56,5.5,5.5,5.5,5.5
N_18_27,N_16_29,5.934206519722136,6.05,6.05,6.05,6.05,6.05,6.05,9.26,9.26,10.68,10.68,7.12,7.12,7.12,7.12,7.12,7.12,9.97,11.39,11.39,9.97,6.41,6.41,6.41,6.41
N_18_27,N_17_29,6.3465337986973624,6.47,6.47,6.47,6.47,6.47,6.47,9.9,9.9,11.42,11.42,7.62,7.62,7.62,7.62,7.62,7.62,10.66,12.19,12.19,10.66,6.85,6.85,6.85,6.85
N_18_27,N_18_25,5.599699855537399,5.71,5.71,5.71,5.71,5.71,5.71,8.74,8.74,10.08,10.08,6.72,6.72,6.72,6.72,6.72,6.72,9.41,10.75,10.75,9.41,6.05,6.05,6.05,6.05
N_18_27,N_18_29,11.167776784889085,6.2,6.2,6.2,6.2,6.2,6.2,7.71,7.71,8.38,8.38,6.7,6.7,6.7,6.7,6.7,6.7,8.04,8.71,8.71,8.04,6.37,6.37,6.37,6.37
N_18_27,N_19_25,9.959753604335704,5.53,5.53,5.53,5.53,5.53,5.53,6.87,6.87,7.47,7.47,5.98,5.98,5.98,5.98,5.98,5.98,7.17,7.77,7.77,7.17,5.68,5.68,5.68,5.68
N_18_27,N_20_25,9.832252690777091,5.46,5.46,5.46,5.46,5.46,5.46,6.78,6.78,7.37,7.37,5.9,5.9,5.9,5.9,5.9,5.9,7.08,7.67,7.67,7.08,5.6,5.6,5.6,5.6
N_18_28,N_16_27,5.838034254698002,5.95,5.95,5.95,5.95,5.95,5.95,9.11,9.11,10.51,10.51,7.01,7.01,7.01,7.01,7.01,7.01,9.81,11.21,11.21,9.81,6.31,6.31,6.31,6.31
N_18_28,N_18_26,5.096307317556835,5.2,5.2,5.2,5.2,5.2,5.2,7.95,7.95,9.17,9.17,6.12,6.12,6.12,6.12,6.12,6.12,8.56,9.78,9.78,8.56,5.5,5.5,5.5,5.5
N_18_28,N_18_31,1.0194566469017747,1.67,1.67,1.67,1.67,1.67,1.67,2.77,2.77,3.26,3.26,2.04,2.04,2.04,2.04,2.04,2.04,3.02,3.51,3.51,3.02,1.79,1.79,1.79,1.79
N_18_28,N_15_28,8.226275649062977,4.57,4.57,4.57,4.57,4.57,4.57,5.68,5.68,6.17,6.17,4.94,4.94,4.94,4.94,4.94,4.94,5.92,6.42,6.42,5.92,4.69,4.69,4.69,4.69
N_18_28,N_20_27,3.703639259853494,3.78,3.78,3.78,3.78,3.78,3.78,5.78,5.78,6.67,6.67,4.44,4.44,4.44,4.44,4.44,4.44,6.22,7.11,7.11,6.22,4.0,4.0,4.0,4.0
N_18_28,N_16_26,5.158442092464316,5.26,5.26,5.26,5.26,5.26,5.26,8.05,8.05,9.29,9.29,6.19,6.19,6.19,6.19,6.19,6.19,8.67,9.9,9.9,8.67,5.57,5.57,5.57,5.57
N_18_29,N_17_27,4.771985057610928,4.87,4.87,4.87,4.87,4.87,4.87,7.44,7.44,8.59,8.59,5.73,5.73,5.73,5.73,5.73,5.73,8.02,9.16,9.16,8.02,5.15,5.15,5.15,5.15
N_18_29,N_17_30,5.4322857870249415,5.54,5.54,5.54,5.54,5.54,5.54,8.47,8.47,9.78,9.78,6.52,6.52,6.52,6.52,6.52,6.52,9.13,10.43,10.43,9.13,5.87,5.87,5.87,5.87
N_18_29,N_17_31,6.901832786779583,7.04,7.04,7.04,7.04,7.04,7.04,10.77,10.77,12.42,12.42,8.28,8.28,8.28,8.28,8.28,8.28,11.6,13.25,13.25,11.6,7.45,7.45,7.45,7.45
N_18_29,N_18_27,11.167776784889085,6.2,6.2,6.2,6.2,6.2,6.2,7.71,7.71,8.38,8.38,6.7,6.7,6.7,6.7,6.7,6.7,8.04,8.71,8.71,8.04,6.37,6.37,6.37,6.37
N_18_29,N_19_28,8.349763170764659,4.63,4.63,4.63,4.63,4.63,4.63,5.76,5.76,6.26,6.26,5.01,5.01,5.01,5.01,5.01,5.01,6.01,6.51,6.51,6.01,4.76,4.76,4.76,4.76
N_18_29,N_18_30,13.394819570286773,7.43,7.43,7.43,7.43,7.43,7.43,9.24,9.24,10.05,10.05,8.04,8.04,8.04,8.04,8.04,8.04,9.64,10.45,10.45,9.64,7.64,7.64,7.64,7.64
N_18_3,N_16_3,8.229257729829149,4.57,4.57,4.57,4.57,4.57,4.57,5.68,5.68,6.17,6.17,4.94,4.94,4.94,4.94,4.94,4.94,5.93,6.42,6.42,5.93,4.69,4.69,4.69,4.69
N_18_3,N_16_4,1.1815058021394136,1.94,1.94,1.94,1.94,1.94,1.94,3.21,3.21,3.78,3.78,2.36,2.36,2.36,2.36,2.36,2.36,3.5,4.06,4.06,3.5,2.08,2.08,2.08,2.08
N_18_3,N_20_5,13.646314847494887,7.57,7.57,7.57,7.57,7.57,7.57,9.42,9.42,10.23,10.23,8.19,8.19,8.19,8.19,8.19,8.19,9.83,10.64,10.64,9.83,7.78,7.78,7.78,7.78
N_18_3,N_17_1,1.1764854997890737,1.93,1.93,1.93,1.93,1.93,1.93,3.2,3.2,3.76,3.76,2.35,2.35,2.35,2.35,2.35,2.35,3.48,4.05,4.05,3.48,2.07,2.07,2.07,2.07
N_18_30,N_17_28,3.6762629759477217,3.75,3.75,3.75,3.75,3.75,3.75,5.73,5.73,6.62,6.62,4.41,4.41,4.41,4.41,4.41,4.41,6.18,7.06,7.06,6.18,3.97,3.97,3.97,3.97
N_18_30,N_17_30,10.7954706845474,5.99,5.99,5.99,5.99,5.99,5.99,7.45,7.45,8.1,8.1,6.48,6.48,6.48,6.48,6.48,6.48,7.77,8.42,8.42,7.77,6.15,6.15,6.15,6.15
N_18_30,N_19_32,9.757487914836428,5.42,5.42,5.42,5.42,5.42,5.42,6.73,6.73,7.32,7.32,5.85,5.85,5.85,5.85,5.85,5.85,7.03,7.61,7.61,7.03,5.56,5.56,5.56,5.56
N_18_30,N_20_30,4.126909428475528,4.21,4.21,4.21,4.21,4.21,4.21,6.44,6.44,7.43,7.43,4.95,4.95,4.95,4.95,4.95,4.95,6.93,7.92,7.92,6.93,4.46,4.46,4.46,4.46
N_18_30,N_21_30,1.1555921158281721,1.9,1.9,1.9,1.9,1.9,1.9,3.14,3.14,3.7,3.7,2.31,2.31,2.31,2.31,2.31,2.31,3.42,3.98,3.98,3.42,2.03,2.03,2.03,2.03
N_18_30,N_19_31,6.785644637483966,6.92,6.92,6.92,6.92,6.92,6.92,10.59,10.59,12.21,12.21,8.14,8.14,8.14,8.14,8.14,8.14,11.4,13.03,13.03,11.4,7.33,7.33,7.33,7.33
N_18_30,N_15_30,1.064436241693632,1.75,1.75,1.75,1.75,1.75,1.75,2.9,2.9,3.41,3.41,2.13,2.13,2.13,2.13,2.13,2.13,3.15,3.66,3.66,3.15,1.87,1.87,1.87,1.87
N_18_30,N_16_30,5.9088198971844985,6.03,6.03,6.03,6.03,6.03,6.03,9.22,9.22,10.64,10.64,7.09,7.09,7.09,7.09,7.09,7.09,9.93,11.34,11.34,9.93,6.38,6.38,6.38,6.38
N_18_31,N_16_31,11.634158320044467,6.46,6.46,6.46,6.46,6.46,6.46,8.03,8.03,8.73,8.73,6.98,6.98,6.98,6.98,6.98,6.98,8.38,9.07,9.07,8.38,6.63,6.63,6.63,6.63
N_18_31,N_20_32,11.64947953100934,6.47,6.47,6.47,6.47,6.47,6.47,8.04,8.04,8.74,8.74,6.99,6.99,6.99,6.99,6.99,6.99,8.39,9.09,9.09,8.39,6.64,6.64,6.64,6.64
N_18_31,N_21_31,8.976347764284967,4.98,4.98,4.98,4.98,4.98,4.98,6.19,6.19,6.73,6.73,5.39,5.39,5.39,5.39,5.39,5.39,6.46,7.0,7.0,6.46,5.12,5.12,5.12,5.12
N_18_31,N_18_33,9.262933424417398,5.14,5.14,5.14,5.14,5.14,5.14,6.39,6.39,6.95,6.95,5.56,5.56,5.56,5.56,5.56,5.56,6.67,7.23,7.23,6.67,5.28,5.28,5.28,5.28
N_18_31,N_17_32,6.065779431010291,6.19,6.19,6.19,6.19,6.19,6.19,9.46,9.46,10.92,10.92,7.28,7.28,7.28,7.28,7.28,7.28,10.19,11.65,11.65,10.19,6.55,6.55,6.55,6.55
N_18_32,N_16_32,5.976158679136297,6.1,6.1,6.1,6.1,6.1,6.1,9.32,9.32,10.76,10.76,7.17,7.17,7.17,7.17,7.17,7.17,10.04,11.47,11.47,10.04,6.45,6.45,6.45,6.45
N_18_32,N_20_32,6.891945929265237,7.03,7.03,7.03,7.03,7.03,7.03,10.75,10.75,12.41,12.41,8.27,8.27,8.27,8.27,8.27,8.27,11.58,13.23,13.23,11.58,7.44,7.44,7.44,7.44
N_18_32,N_19_33,13.992074600790325,7.77,7.77,7.77,7.77,7.77,7.77,9.65,9.65,10.49,10.49,8.4,8.4,8.4,8.4,8.4,8.4,10.07,10.91,10.91,10.07,7.98,7.98,7.98,7.98
N_18_32,N_17_34,1.9925923492976425,3.27,3.27,3.27,3.27,3.27,3.27,5.42,5.42,6.38,6.38,3.99,3.99,3.99,3.99,3.99,3.99,5.9,6.85,6.85,5.9,3.51,3.51,3.51,3.51
N_18_32,N_19_34,0.5513343957707306,0.9,0.9,0.9,0.9,0.9,0.9,1.5,1.5,1.76,1.76,1.1,1.1,1.1,1.1,1.1,1.1,1.63,1.9,1.9,1.63,0.97,0.97,0.97,0.97
N_18_32,N_20_33,11.568947072852584,6.42,6.42,6.42,6.42,6.42,6.42,7.98,7.98,8.68,8.68,6.94,6.94,6.94,6.94,6.94,6.94,8.33,9.02,9.02,8.33,6.59,6.59,6.59,6.59
N_18_32,N_15_32,4.394339645019079,4.48,4.48,4.48,4.48,4.48,4.48,6.86,6.86,7.91,7.91,5.27,5.27,5.27,5.27,5.27,5.27,7.38,8.44,8.44,7.38,4.75,4.75,4.75,4.75
N_18_32,N_19_32,4.2159576653351385,4.3,4.3,4.3,4.3,4.3,4.3,6.58,6.58,7.59,7.59,5.06,5.06,5.06,5.06,5.06,5.06,7.08,8.09,8.09,7.08,4.55,4.55,4.55,4.55
N_18_33,N_18_31,9.262933424417398,5.14,5.14,5.14,5.14,5.14,5.14,6.39,6.39,6.95,6.95,5.56,5.56,5.56,5.56,5.56,5.56,6.67,7.23,7.23,6.67,5.28,5.28,5.28,5.28
N_18_33,N_16_33,8.520381700436582,4.73,4.73,4.73,4.73,4.73,4.73,5.88,5.88,6.39,6.39,5.11,5.11,5.11,5.11,5.11,5.11,6.13,6.65,6.65,6.13,4.86,4.86,4.86,4.86
N_18_33,N_18_35,6.699093432718422,6.83,6.83,6.83,6.83,6.83,6.83,10.45,10.45,12.06,12.06,8.04,8.04,8.04,8.04,8.04,8.04,11.25,12.86,12.86,11.25,7.24,7.24,7.24,7.24
N_18_33,N_19_31,3.0923451695297333,3.15,3.15,3.15,3.15,3.15,3.15,4.82,4.82,5.57,5.57,3.71,3.71,3.71,3.71,3.71,3.71,5.2,5.94,5.94,5.2,3.34,3.34,3.34,3.34
N_18_33,N_15_33,6.010261728917337,6.13,6.13,6.13,6.13,6.13,6.13,9.38,9.38,10.82,10.82,7.21,7.21,7.21,7.21,7.21,7.21,10.1,11.54,11.54,10.1,6.49,6.49,6.49,6.49
N_18_33,N_18_30,6.374983180377381,6.5,6.5,6.5,6.5,6.5,6.5,9.94,9.94,11.47,11.47,7.65,7.65,7.65,7.65,7.65,7.65,10.71,12.24,12.24,10.71,6.88,6.88,6.88,6.88
N_18_33,N_17_31,13.025969077539536,7.23,7.23,7.23,7.23,7.23,7.23,8.99,8.99,9.77,9.77,7.82,7.82,7.82,7.82,7.82,7.82,9.38,10.16,10.16,9.38,7.42,7.42,7.42,7.42
N_18_34,N_20_33,13.967036501888291,7.75,7.75,7.75,7.75,7.75,7.75,9.64,9.64,10.48,10.48,8.38,8.38,8.38,8.38,8.38,8.38,10.06,10.89,10.89,10.06,7.96,7.96,7.96,7.96
N_18_34,N_18_37,13.279157238074715,7.37,7.37,7.37,7.37,7.37,7.37,9.16,9.16,9.96,9.96,7.97,7.97,7.97,7.97,7.97,7.97,9.56,10.36,10.36,9.56,7.57,7.57,7.57,7.57
N_18_34,N_17_34,10.645766251215784,5.91,5.91,5.91,5.91,5.91,5.91,7.35,7.35,7.98,7.98,6.39,6.39,6.39,6.39,6.39,6.39,7.66,8.3,8.3,7.66,6.07,6.07,6.07,6.07
N_18_34,N_17_35,3.8064809488986078,3.88,3.88,3.88,3.88,3.88,3.88,5.94,5.94,6.85,6.85,4.57,4.57,4.57,4.57,4.57,4.57,6.39,7.31,7.31,6.39,4.11,4.11,4.11,4.11
N_18_34,N_19_36,5.441306961859872,5.55,5.55,5.55,5.55,5.55,5.55,8.49,8.49,9.79,9.79,6.53,6.53,6.53,6.53,6.53,6.53,9.14,10.45,10.45,9.14,5.88,5.88,5.88,5.88
N_18_34,N_16_34,10.78037070443029,5.98,5.98,5.98,5.98,5.98,5.98,7.44,7.44,8.09,8.09,6.47,6.47,6.47,6.47,6.47,6.47,7.76,8.41,8.41,7.76,6.14,6.14,6.14,6.14
N_18_35,N_18_33,6.699093432718422,6.83,6.83,6.83,6.83,6.83,6.83,10.45,10.45,12.06,12.06,8.04,8.04,8.04,8.04,8.04,8.04,11.25,12.86,12.86,11.25,7.24,7.24,7.24,7.24
N_18_35,N_16_33,3.5507642371700086,3.62,3.62,3.62,3.62,3.62,3.62,5.54,5.54,6.39,6.39,4.26,4.26,4.26,4.26,4.26,4.26,5.97,6.82,6.82,5.97,3.83,3.83,3.83,3.83
N_18_35,N_20_36,3.606235702129764,3.68,3.68,3.68,3.68,3.68,3.68,5.63,5.63,6.49,6.49,4.33,4.33,4.33,4.33,4.33,4.33,6.06,6.92,6.92,6.06,3.89,3.89,3.89,3.89
N_18_36,N_18_35,6.44997940022531,6.58,6.58,6.58,6.58,6.58,6.58,10.06,10.06,11.61,11.61,7.74,7.74,7.74,7.74,7.74,7.74,10.84,12.38,12.38,10.84,6.97,6.97,6.97,6.97
N_18_36,N_16_34,6.590725683182431,6.72,6.72,6.72,6.72,6.72,6.72,10.28,10.28,11.86,11.86,7.91,7.91,7.91,7.91,7.91,7.91,11.07,12.65,12.65,11.07,7.12,7.12,7.12,7.12
N_18_36,N_17_36,6.174020611002027,6.3,6.3,6.3,6.3,6.3,6.3,9.63,9.63,11.11,11.11,7.41,7.41,7.41,7.41,7.41,7.41,10.37,11.85,11.85,10.37,6.67,6.67,6.67,6.67
N_18_36,N_20_35,11.265632278294397,6.25,6.25,6.25,6.25,6.25,6.25,7.77,7.77,8.45,8.45,6.76,6.76,6.76,6.76,6.76,6.76,8.11,8.79,8.79,8.11,6.42,6.42,6.42,6.42
N_18_36,N_19_38,5.969408074699794,6.09,6.09,6.09,6.09,6.09,6.09,9.31,9.31,10.74,10.74,7.16,7.16,7.16,7.16,7.16,7.16,10.03,11.46,11.46,10.03,6.45,6.45,6.45,6.45
N_18_36,N_16_35,1.8302546242431628,3.0,3.0,3.0,3.0,3.0,3.0,4.98,4.98,5.86,5.86,3.66,3.66,3.66,3.66,3.66,3.66,5.42,6.3,6.3,5.42,3.22,3.22,3.22,3.22
N_18_36,N_18_37,4.891844640262294,4.99,4.99,4.99,4.99,4.99,4.99,7.63,7.63,8.81,8.81,5.87,5.87,5.87,5.87,5.87,5.87,8.22,9.39,9.39,8.22,5.28,5.28,5.28,5.28
N_18_37,N_17_39,3.1725499360250495,3.24,3.24,3.24,3.24,3.24,3.24,4.95,4.95,5.71,5.71,3.81,3.81,3.81,3.81,3.81,3.81,5.33,6.09,6.09,5.33,3.43,3.43,3.43,3.43
N_18_37,N_18_34,13.279157238074715,7.37,7.37,7.37,7.37,7.37,7.37,9.16,9.16,9.96,9.96,7.97,7.97,7.97,7.97,7.97,7.97,9.56,10.36,10.36,9.56,7.57,7.57,7.57,7.57
N_18_37,N_18_36,4.891844640262294,4.99,4.99,4.99,4.99,4.99,4.99,7.63,7.63,8.81,8.81,5.87,5.87,5.87,5.87,5.87,5.87,8.22,9.39,9.39,8.22,5.28,5.28,5.28,5.28
N_18_37,N_18_35,10.327611497989414,5.73,5.73,5.73,5.73,5.73,5.73,7.13,7.13,7.75,7.75,6.2,6.2,6.2,6.2,6.2,6.2,7.44,8.06,8.06,7.44,5.89,5.89,5.89,5.89
N_18_37,N_16_35,5.026241610212129,5.13,5.13,5.13,5.13,5.13,5.13,7.84,7.84,9.05,9.05,6.03,6.03,6.03,6.03,6.03,6.03,8.44,9.65,9.65,8.44,5.43,5.43,5.43,5.43
N_18_37,N_17_37,3.103642510379602,3.17,3.17,3.17,3.17,3.17,3.17,4.84,4.84,5.59,5.59,3.72,3.72,3.72,3.72,3.72,3.72,5.21,5.96,5.96,5.21,3.35,3.35,3.35,3.35
N_18_38,N_16_38,6.471289593457565,6.6,6.6,6.6,6.6,6.6,6.6,10.1,10.1,11.65,11.65,7.77,7.77,7.77,7.77,7.77,7.77,10.87,12.42,12.42,10.87,6.99,6.99,6.99,6.99
N_18_38,N_19_36,5.316982828659558,5.42,5.42,5.42,5.42,5.42,5.42,8.29,8.29,9.57,9.57,6.38,6.38,6.38,6.38,6.38,6.38,8.93,10.21,10.21,8.93,5.74,5.74,5.74,5.74
N_18_38,N_18_36,5.001943173287978,5.1,5.1,5.1,5.1,5.1,5.1,7.8,7.8,9.0,9.0,6.0,6.0,6.0,6.0,6.0,6.0,8.4,9.6,9.6,8.4,5.4,5.4,5.4,5.4
N_18_38,N_19_38,9.543437753499223,5.3,5.3,5.3,5.3,5.3,5.3,6.58,6.58,7.16,7.16,5.73,5.73,5.73,5.73,5.73,5.73,6.87,7.44,7.44,6.87,5.44,5.44,5.44,5.44
N_18_38,N_20_38,5.32461110654368,5.43,5.43,5.43,5.43,5.43,5.43,8.31,8.31,9.58,9.58,6.39,6.39,6.39,6.39,6.39,6.39,8.95,10.22,10.22,8.95,5.75,5.75,5.75,5.75
N_18_39,N_15_39,14.423450305808187,8.01,8.01,8.01,8.01,8.01,8.01,9.95,9.95,10.82,10.82,8.65,8.65,8.65,8.65,8.65,8.65,10.38,11.25,11.25,10.38,8.22,8.22,8.22,8.22
N_18_39,N_16_38,4.0044013765083815,4.08,4.08,4.08,4.08,4.08,4.08,6.25,6.25,7.21,7.21,4.81,4.81,4.81,4.81,4.81,4.81,6.73,7.69,7.69,6.73,4.32,4.32,4.32,4.32
N_18_39,N_19_39,6.503140671836457,6.63,6.63,6.63,6.63,6.63,6.63,10.14,10.14,11.71,11.71,7.8,7.8,7.8,7.8,7.8,7.8,10.93,12.49,12.49,10.93,7.02,7.02,7.02,7.02
N_18_4,N_18_3,9.56565494693903,5.31,5.31,5.31,5.31,5.31,5.31,6.6,6.6,7.17,7.17,5.74,5.74,5.74,5.74,5.74,5.74,6.89,7.46,7.46,6.89,5.45,5.45,5.45,5.45
N_18_4,N_20_5,12.798435349309152,7.1,7.1,7.1,7.1,7.1,7.1,8.83,8.83,9.6,9.6,7.68,7.68,7.68,7.68,7.68,7.68,9.21,9.98,9.98,9.21,7.3,7.3,7.3,7.3
N_18_4,N_16_4,6.752507376684516,6.89,6.89,6.89,6.89,6.89,6.89,10.53,10.53,12.15,12.15,8.1,8.1,8.1,8.1,8.1,8.1,11.34,12.96,12.96,11.34,7.29,7.29,7.29,7.29
N_18_4,N_20_3,0.9439167874008207,1.55,1.55,1.55,1.55,1.55,1.55,2.57,2.57,3.02,3.02,1.89,1.89,1.89,1.89,1.89,1.89,2.79,3.25,3.25,2.79,1.66,1.66,1.66,1.66
N_18_4,N_16_6,12.784141274646801,7.1,7.1,7.1,7.1,7.1,7.1,8.82,8.82,9.59,9.59,7.67,7.67,7.67,7.67,7.67,7.67,9.2,9.97,9.97,9.2,7.29,7.29,7.29,7.29
N_18_4,N_20_2,1.5848912248024214,2.6,2.6,2.6,2.6,2.6,2.6,4.31,4.31,5.07,5.07,3.17,3.17,3.17,3.17,3.17,3.17,4.69,5.45,5.45,4.69,2.79,2.79,2.79,2.79
N_18_5,N_15_5,0.6565597719043703,1.08,1.08,1.08,1.08,1.08,1.08,1.79,1.79,2.1,2.1,1.31,1.31,1.31,1.31,1.31,1.31,1.94,2.26,2.26,1.94,1.16,1.16,1.16,1.16
N_18_5,N_17_5,5.510447372498183,5.62,5.62,5.62,5.62,5.62,5.62,8.6,8.6,9.92,9.92,6.61,6.61,6.61,6.61,6.61,6.61,9.26,10.58,10.58,9.26,5.95,5.95,5.95,5.95
N_18_5,N_16_5,11.217143946742711,6.23,6.23,6.23,6.23,6.23,6.23,7.74,7.74,8.41,8.41,6.73,6.73,6.73,6.73,6.73,6.73,8.08,8.75,8.75,8.08,6.39,6.39,6.39,6.39
N_18_5,N_19_7,4.315184552536341,4.4,4.4,4.4,4.4,4.4,4.4,6.73,6.73,7.77,7.77,5.18,5.18,5.18,5.18,5.18,5.18,7.25,8.29,8.29,7.25,4.66,4.66,4.66,4.66
N_18_5,N_16_4,0.9485319099269947,1.56,1.56,1.56,1.56,1.56,1.56,2.58,2.58,3.04,3.04,1.9,1.9,1.9,1.9,1.9,1.9,2.81,3.26,3.26,2.81,1.67,1.67,1.67,1.67
N_18_5,N_18_4,6.324682865784597,6.45,6.45,6.45,6.45,6.45,6.45,9.87,9.87,11.38,11.38,7.59,7.59,7.59,7.59,7.59,7.59,10.63,12.14,12.14,10.63,6.83,6.83,6.83,6.83
N_18_6,N_16_7,4.189656893917303,4.27,4.27,4.27,4.27,4.27,4.27,6.54,6.54,7.54,7.54,5.03,5.03,5.03,5.03,5.03,5.03,7.04,8.04,8.04,7.04,4.52,4.52,4.52,4.52
N_18_6,N_17_5,4.203339680242655,4.29,4.29,4.29,4.29,4.29,4.29,6.56,6.56,7.57,7.57,5.04,5.04,5.04,5.04,5.04,5.04,7.06,8.07,8.07,7.06,4.54,4.54,4.54,4.54
N_18_6,N_20_4,3.0645015877720105,3.13,3.13,3.13,3.13,3.13,3.13,4.78,4.78,5.52,5.52,3.68,3.68,3.68,3.68,3.68,3.68,5.15,5.88,5.88,5.15,3.31,3.31,3.31,3.31
N_18_6,N_17_8,9.887315106568087,5.49,5.49,5.49,5.49,5.49,5.49,6.82,6.82,7.42,7.42,5.93,5.93,5.93,5.93,5.93,5.93,7.12,7.71,7.71,7.12,5.64,5.64,5.64,5.64
N_18_6,N_18_4,6.9405188843379975,7.08,7.08,7.08,7.08,7.08,7.08,10.83,10.83,12.49,12.49,8.33,8.33,8.33,8.33,8.33,8.33,11.66,13.33,13.33,11.66,7.5,7.5,7.5,7.5
N_18_7,N_18_5,6.5000759541715,6.63,6.63,6.63,6.63,6.63,6.63,10.14,10.14,11.7,11.7,7.8,7.8,7.8,7.8,7.8,7.8,10.92,12.48,12.48,10.92,7.02,7.02,7.02,7.02
N_18_7,N_20_9,8.544398687928735,4.74,4.74,4.74,4.74,4.74,4.74,5.9,5.9,6.41,6.41,5.13,5.13,5.13,5.13,5.13,5.13,6.15,6.66,6.66,6.15,4.87,4.87,4.87,4.87
N_18_7,N_16_7,5.093568713602805,5.2,5.2,5.2,5.2,5.2,5.2,7.95,7.95,9.17,9.17,6.11,6.11,6.11,6.11,6.11,6.11,8.56,9.78,9.78,8.56,5.5,5.5,5.5,5.5
N_18_7,N_18_8,3.479897496589301,3.55,3.55,3.55,3.55,3.55,3.55,5.43,5.43,6.26,6.26,4.18,4.18,4.18,4.18,4.18,4.18,5.85,6.68,6.68,5.85,3.76,3.76,3.76,3.76
N_18_7,N_19_5,3.4654107159566436,3.53,3.53,3.53,3.53,3.53,3.53,5.41,5.41,6.24,6.24,4.16,4.16,4.16,4.16,4.16,4.16,5.82,6.65,6.65,5.82,3.74,3.74,3.74,3.74
N_18_7,N_16_8,1.4172905771896973,2.32,2.32,2.32,2.32,2.32,2.32,3.86,3.86,4.54,4.54,2.83,2.83,2.83,2.83,2.83,2.83,4.2,4.88,4.88,4.2,2.49,2.49,2.49,2.49
N_18_7,N_18_9,4.276996746019921,4.36,4.36,4.36,4.36,4.36,4.36,6.67,6.67,7.7,7.7,5.13,5.13,5.13,5.13,5.13,5.13,7.19,8.21,8.21,7.19,4.62,4.62,4.62,4.62
N_18_8,N_18_7,3.479897496589301,3.55,3.55,3.55,3.55,3.55,3.55,5.43,5.43,6.26,6.26,4.18,4.18,4.18,4.18,4.18,4.18,5.85,6.68,6.68,5.85,3.76,3.76,3.76,3.76
N_18_8,N_20_8,0.8858827921685031,1.45,1.45,1.45,1.45,1.45,1.45,2.41,2.41,2.83,2.83,1.77,1.77,1.77,1.77,1.77,1.77,2.62,3.05,3.05,2.62,1.56,1.56,1.56,1.56
N_18_8,N_16_10,4.069673068197188,4.15,4.15,4.15,4.15,4.15,4.15,6.35,6.35,7.33,7.33,4.88,4.88,4.88,4.88,4.88,4.88,6.84,7.81,7.81,6.84,4.4,4.4,4.4,4.4
N_18_8,N_18_9,4.8160855755466185,4.91,4.91,4.91,4.91,4.91,4.91,7.51,7.51,8.67,8.67,5.78,5.78,5.78,5.78,5.78,5.78,8.09,9.25,9.25,8.09,5.2,5.2,5.2,5.2
N_18_8,N_19_8,11.956951361281366,6.64,6.64,6.64,6.64,6.64,6.64,8.25,8.25,8.97,8.97,7.17,7.17,7.17,7.17,7.17,7.17,8.61,9.33,9.33,8.61,6.82,6.82,6.82,6.82
N_18_8,N_17_9,0.9781961532958015,1.6,1.6,1.6,1.6,1.6,1.6,2.66,2.66,3.13,3.13,1.96,1.96,1.96,1.96,1.96,1.96,2.9,3.36,3.36,2.9,1.72,1.72,1.72,1.72
N_18_8,N_16_6,1.9338386983152651,3.17,3.17,3.17,3.17,3.17,3.17,5.26,5.26,6.19,6.19,3.87,3.87,3.87,3.87,3.87,3.87,5.72,6.65,6.65,5.72,3.4,3.4,3.4,3.4
N_18_9,N_16_7,11.677193618934682,6.48,6.48,6.48,6.48,6.48,6.48,8.06,8.06,8.76,8.76,7.01,7.01,7.01,7.01,7.01,7.01,8.41,9.11,9.11,8.41,6.66,6.66,6.66,6.66
N_18_9,N_17_8,5.147105909794249,5.25,5.25,5.25,5.25,5.25,5.25,8.03,8.03,9.26,9.26,6.18,6.18,6.18,6.18,6.18,6.18,8.65,9.88,9.88,8.65,5.56,5.56,5.56,5.56
N_18_9,N_20_10,2.167136015424272,3.55,3.55,3.55,3.55,3.55,3.55,5.89,5.89,6.93,6.93,4.33,4.33,4.33,4.33,4.33,4.33,6.41,7.45,7.45,6.41,3.81,3.81,3.81,3.81
N_18_9,N_18_12,6.8564301233451745,6.99,6.99,6.99,6.99,6.99,6.99,10.7,10.7,12.34,12.34,8.23,8.23,8.23,8.23,8.23,8.23,11.52,13.16,13.16,11.52,7.4,7.4,7.4,7.4
N_18_9,N_16_10,3.0223273443258756,3.08,3.08,3.08,3.08,3.08,3.08,4.71,4.71,5.44,5.44,3.63,3.63,3.63,3.63,3.63,3.63,5.08,5.8,5.8,5.08,3.26,3.26,3.26,3.26
N_18_9,N_21_9,8.05131281213589,4.47,4.47,4.47,4.47,4.47,4.47,5.56,5.56,6.04,6.04,4.83,4.83,4.83,4.83,4.83,4.83,5.8,6.28,6.28,5.8,4.59,4.59,4.59,4.59
N_18_9,N_18_11,5.860891760103383,5.98,5.98,5.98,5.98,5.98,5.98,9.14,9.14,10.55,10.55,7.03,7.03,7.03,7.03,7.03,7.03,9.85,11.25,11.25,9.85,6.33,6.33,6.33,6.33
N_19_0,N_19_2,13.064972042175729,7.25,7.25,7.25,7.25,7.25,7.25,9.01,9.01,9.8,9.8,7.84,7.84,7.84,7.84,7.84,7.84,9.41,10.19,10.19,9.41,7.45,7.45,7.45,7.45
N_19_0,N_19_1,9.386444263585666,5.21,5.21,5.21,5.21,5.21,5.21,6.48,6.48,7.04,7.04,5.63,5.63,5.63,5.63,5.63,5.63,6.76,7.32,7.32,6.76,5.35,5.35,5.35,5.35
N_19_0,N_22_0,1.2566195597274277,2.06,2.06,2.06,2.06,2.06,2.06,3.42,3.42,4.02,4.02,2.51,2.51,2.51,2.51,2.51,2.51,3.72,4.32,4.32,3.72,2.21,2.21,2.21,2.21
N_19_1,N_19_0,9.386444263585666,5.21,5.21,5.21,5.21,5.21,5.21,6.48,6.48,7.04,7.04,5.63,5.63,5.63,5.63,5.63,5.63,6.76,7.32,7.32,6.76,5.35,5.35,5.35,5.35
N_19_1,N_20_0,8.656779814074218,4.8,4.8,4.8,4.8,4.8,4.8,5.97,5.97,6.49,6.49,5.19,5.19,5.19,5.19,5.19,5.19,6.23,6.75,6.75,6.23,4.93,4.93,4.93,4.93
N_19_1,N_21_2,3.8465363881993717,3.92,3.92,3.92,3.92,3.92,3.92,6.0,6.0,6.92,6.92,4.62,4.62,4.62,4.62,4.62,4.62,6.46,7.39,7.39,6.46,4.15,4.15,4.15,4.15
N_19_10,N_17_10,4.542765536283698,4.63,4.63,4.63,4.63,4.63,4.63,7.09,7.09,8.18,8.18,5.45,5.45,5.45,5.45,5.45,5.45,7.63,8.72,8.72,7.63,4.91,4.91,4.91,4.91
N_19_10,N_20_10,4.159841748323309,4.24,4.24,4.24,4.24,4.24,4.24,6.49,6.49,7.49,7.49,4.99,4.99,4.99,4.99,4.99,4.99,6.99,7.99,7.99,6.99,4.49,4.49,4.49,4.49
N_19_10,N_19_9,11.049177201484223,6.13,6.13,6.13,6.13,6.13,6.13,7.62,7.62,8.29,8.29,6.63,6.63,6.63,6.63,6.63,6.63,7.96,8.62,8.62,7.96,6.3,6.3,6.3,6.3
N_19_10,N_19_13,1.513862131112316,2.48,2.48,2.48,2.48,2.48,2.48,4.12,4.12,4.84,4.84,3.03,3.03,3.03,3.03,3.03,3.03,4.48,5.21,5.21,4.48,2.66,2.66,2.66,2.66
N_19_11,N_20_13,9.212628445254722,5.11,5.11,5.11,5.11,5.11,5.11,6.36,6.36,6.91,6.91,5.53,5.53,5.53,5.53,5.53,5.53,6.63,7.19,7.19,6.63,5.25,5.25,5.25,5.25
N_19_11,N_21_12,6.298765258323208,6.42,6.42,6.42,6.42,6.42,6.42,9.83,9.83,11.34,11.34,7.56,7.56,7.56,7.56,7.56,7.56,10.58,12.09,12.09,10.58,6.8,6.8,6.8,6.8
N_19_11,N_20_9,4.957683176773052,5.06,5.06,5.06,5.06,5.06,5.06,7.73,7.73,8.92,8.92,5.95,5.95,5.95,5.95,5.95,5.95,8.33,9.52,9.52,8.33,5.35,5.35,5.35,5.35
N_19_11,N_19_8,6.211271810630001,6.34,6.34,6.34,6.34,6.34,6.34,9.69,9.69,11.18,11.18,7.45,7.45,7.45,7.45,7.45,7.45,10.43,11.93,11.93,10.43,6.71,6.71,6.71,6.71
N_19_11,N_18_9,4.313651290669933,4.4,4.4,4.4,4.4,4.4,4.4,6.73,6.73,7.76,7.76,5.18,5.18,5.18,5.18,5.18,5.18,7.25,8.28,8.28,7.25,4.66,4.66,4.66,4.66
N_19_12,N_18_11,6.208784208613415,6.33,6.33,6.33,6.33,6.33,6.33,9.69,9.69,11.18,11.18,7.45,7.45,7.45,7.45,7.45,7.45,10.43,11.92,11.92,10.43,6.71,6.71,6.71,6.71
N_19_12,N_18_13,6.586597763519169,6.72,6.72,6.72,6.72,6.72,6.72,10.28,10.28,11.86,11.86,7.9,7.9,7.9,7.9,7.9,7.9,11.07,12.65,12.65,11.07,7.11,7.11,7.11,7.11
N_19_12,N_19_10,5.8271306855066225,5.94,5.94,5.94,5.94,5.94,5.94,9.09,9.09,10.49,10.49,6.99,6.99,6.99,6.99,6.99,6.99,9.79,11.19,11.19,9.79,6.29,6.29,6.29,6.29
N_19_12,N_22_12,8.30738474194603,4.61,4.61,4.61,4.61,4.61,4.61,5.73,5.73,6.23,6.23,4.98,4.98,4.98,4.98,4.98,4.98,5.98,6.48,6.48,5.98,4.74,4.74,4.74,4.74
N_19_13,N_19_10,1.513862131112316,2.48,2.48,2.48,2.48,2.48,2.48,4.12,4.12,4.84,4.84,3.03,3.03,3.03,3.03,3.03,3.03,4.48,5.21,5.21,4.48,2.66,2.66,2.66,2.66
N_19_13,N_18_15,6.115925968170974,6.24,6.24,6.24,6.24,6.24,6.24,9.54,9.54,11.01,11.01,7.34,7.34,7.34,7.34,7.34,7.34,10.27,11.74,11.74,10.27,6.61,6.61,6.61,6.61
N_19_13,N_18_11,6.055455944079384,6.18,6.18,6.18,6.18,6.18,6.18,9.45,9.45,10.9,10.9,7.27,7.27,7.27,7.27,7.27,7.27,10.17,11.63,11.63,10.17,6.54,6.54,6.54,6.54
N_19_13,N_17_14,4.058302663136178,4.14,4.14,4.14,4.14,4.14,4.14,6.33,6.33,7.3,7.3,4.87,4.87,4.87,4.87,4.87,4.87,6.82,7.79,7.79,6.82,4.38,4.38,4.38,4.38
N_19_13,N_19_14,13.89919199412251,7.71,7.71,7.71,7.71,7.71,7.71,9.59,9.59,10.42,10.42,8.34,8.34,8.34,8.34,8.34,8.34,10.01,10.84,10.84,10.01,7.92,7.92,7.92,7.92
N_19_14,N_17_13,11.773705459378476,6.53,6.53,6.53,6.53,6.53,6.53,8.12,8.12,8.83,8.83,7.06,7.06,7.06,7.06,7.06,7.06,8.48,9.18,9.18,8.48,6.71,6.71,6.71,6.71
N_19_14,N_17_14,1.4133109503100691,2.32,2.32,2.32,2.32,2.32,2.32,3.84,3.84,4.52,4.52,2.83,2.83,2.83,2.83,2.83,2.83,4.18,4.86,4.86,4.18,2.49,2.49,2.49,2.49
N_19_14,N_19_13,13.89919199412251,7.71,7.71,7.71,7.71,7.71,7.71,9.59,9.59,10.42,10.42,8.34,8.34,8.34,8.34,8.34,8.34,10.01,10.84,10.84,10.01,7.92,7.92,7.92,7.92
N_19_14,N_16_14,14.321057695508987,7.95,7.95,7.95,7.95,7.95,7.95,9.88,9.88,10.74,10.74,8.59,8.59,8.59,8.59,8.59,8.59,10.31,11.17,11.17,10.31,8.16,8.16,8.16,8.16
N_19_14,N_21_13,6.977019636484981,7.12,7.12,7.12,7.12,7.12,7.12,10.88,10.88,12.56,12.56,8.37,8.37,8.37,8.37,8.37,8.37,11.72,13.4,13.4,11.72,7.54,7.54,7.54,7.54
N_19_15,N_16_15,0.724213159156947,1.19,1.19,1.19,1.19,1.19,1.19,1.97,1.97,2.32,2.32,1.45,1.45,1.45,1.45,1.45,1.45,2.14,2.49,2.49,2.14,1.27,1.27,1.27,1.27
N_19_15,N_17_14,10.085367098966046,5.6,5.6,5.6,5.6,5.6,5.6,6.96,6.96,7.56,7.56,6.05,6.05,6.05,6.05,6.05,6.05,7.26,7.87,7.87,7.26,5.75,5.75,5.75,5.75
N_19_15,N_21_17,6.626749022056464,6.76,6.76,6.76,6.76,6.76,6.76,10.34,10.34,11.93,11.93,7.95,7.95,7.95,7.95,7.95,7.95,11.13,12.72,12.72,11.13,7.16,7.16,7.16,7.16
N_19_15,N_20_16,5.005853009618995,5.11,5.11,5.11,5.11,5.11,5.11,7.81,7.81,9.01,9.01,6.01,6.01,6.01,6.01,6.01,6.01,8.41,9.61,9.61,8.41,5.41,5.41,5.41,5.41
N_19_15,N_21_13,14.935550131966709,8.29,8.29,8.29,8.29,8.29,8.29,10.31,10.31,11.2,11.2,8.96,8.96,8.96,8.96,8.96,8.96,10.75,11.65,11.65,10.75,8.51,8.51,8.51,8.51
N_19_15,N_19_12,2.1648488800693206,3.55,3.55,3.55,3.55,3.55,3.55,5.89,5.89,6.93,6.93,4.33,4.33,4.33,4.33,4.33,4.33,6.41,7.45,7.45,6.41,3.81,3.81,3.81,3.81
N_19_16,N_21_18,1.1864023166537896,1.95,1.95,1.95,1.95,1.95,1.95,3.23,3.23,3.8,3.8,2.37,2.37,2.37,2.37,2.37,2.37,3.51,4.08,4.08,3.51,2.09,2.09,2.09,2.09
N_19_16,N_19_13,4.525169316647634,4.62,4.62,4.62,4.62,4.62,4.62,7.06,7.06,8.15,8.15,5.43,5.43,5.43,5.43,5.43,5.43,7.6,8.69,8.69,7.6,4.89,4.89,4.89,4.89
N_19_16,N_20_17,1.2742316480504847,2.09,2.09,2.09,2.09,2.09,2.09,3.47,3.47,4.08,4.08,2.55,2.55,2.55,2.55,2.55,2.55,3.77,4.38,4.38,3.77,2.24,2.24,2.24,2.24
N_19_16,N_21_16,4.649971311705249,4.74,4.74,4.74,4.74,4.74,4.74,7.25,7.25,8.37,8.37,5.58,5.58,5.58,5.58,5.58,5.58,7.81,8.93,8.93,7.81,5.02,5.02,5.02,5.02
N_19_16,N_17_18,1.289532575822521,2.11,2.11,2.11,2.11,2.11,2.11,3.51,3.51,4.13,4.13,2.58,2.58,2.58,2.58,2.58,2.58,3.82,4.44,4.44,3.82,2.27,2.27,2.27,2.27
N_19_16,N_20_15,13.986241590368467,7.76,7.76,7.76,7.76,7.76,7.76,9.65,9.65,10.49,10.49,8.39,8.39,8.39,8.39,8.39,8.39,10.07,10.91,10.91,10.07,7.97,7.97,7.97,7.97
N_19_17,N_18_17,6.573557920198124,6.71,6.71,6.71,6.71,6.71,6.71,10.25,10.25,11.83,11.83,7.89,7.89,7.89,7.89,7.89,7.89,11.04,12.62,12.62,11.04,7.1,7.1,7.1,7.1
N_19_17,N_21_16,12.598314187898833,6.99,6.99,6.99,6.99,6.99,6.99,8.69,8.69,9.45,9.45,7.56,7.56,7.56,7.56,7.56,7.56,9.07,9.83,9.83,9.07,7.18,7.18,7.18,7.18
N_19_17,N_17_16,1.783647345766963,2.93,2.93,2.93,2.93,2.93,2.93,4.85,4.85,5.71,5.71,3.57,3.57,3.57,3.57,3.57,3.57,5.28,6.14,6.14,5.28,3.14,3.14,3.14,3.14
N_19_17,N_17_17,5.801405683651842,5.92,5.92,5.92,5.92,5.92,5.92,9.05,9.05,10.44,10.44,6.96,6.96,6.96,6.96,6.96,6.96,9.75,11.14,11.14,9.75,6.27,6.27,6.27,6.27
N_19_17,N_19_18,12.868594427734255,7.14,7.14,7.14,7.14,7.14,7.14,8.88,8.88,9.65,9.65,7.72,7.72,7.72,7.72,7.72,7.72,9.27,10.04,10.04,9.27,7.34,7.34,7.34,7.34
N_19_17,N_21_17,12.109818620859583,6.72,6.72,6.72,6.72,6.72,6.72,8.36,8.36,9.08,9.08,7.27,7.27,7.27,7.27,7.27,7.27,8.72,9.45,9.45,8.72,6.9,6.9,6.9,6.9
N_19_18,N_18_19,0.5972629354544863,0.98,0.98,0.98,0.98,0.98,0.98,1.62,1.62,1.91,1.91,1.19,1.19,1.19,1.19,1.19,1.19,1.77,2.05,2.05,1.77,1.05,1.05,1.05,1.05
N_19_18,N_19_17,12.868594427734255,7.14,7.14,7.14,7.14,7.14,7.14,8.88,8.88,9.65,9.65,7.72,7.72,7.72,7.72,7.72,7.72,9.27,10.04,10.04,9.27,7.34,7.34,7.34,7.34
N_19_18,N_19_15,12.812884805775681,7.11,7.11,7.11,7.11,7.11,7.11,8.84,8.84,9.61,9.61,7.69,7.69,7.69,7.69,7.69,7.69,9.23,9.99,9.99,9.23,7.3,7.3,7.3,7.3
N_19_19,N_16_19,13.98566551332385,7.76,7.76,7.76,7.76,7.76,7.76,9.65,9.65,10.49,10.49,8.39,8.39,8.39,8.39,8.39,8.39,10.07,10.91,10.91,10.07,7.97,7.97,7.97,7.97
N_19_19,N_17_20,3.3819329161143017,3.45,3.45,3.45,3.45,3.45,3.45,5.28,5.28,6.09,6.09,4.06,4.06,4.06,4.06,4.06,4.06,5.68,6.49,6.49,5.68,3.65,3.65,3.65,3.65
N_19_19,N_20_19,5.399561622566804,5.51,5.51,5.51,5.51,5.51,5.51,8.42,8.42,9.72,9.72,6.48,6.48,6.48,6.48,6.48,6.48,9.07,10.37,10.37,9.07,5.83,5.83,5.83,5.83
N_19_19,N_20_21,1.355864988670334,2.22,2.22,2.22,2.22,2.22,2.22,3.69,3.69,4.34,4.34,2.71,2.71,2.71,2.71,2.71,2.71,4.01,4.66,4.66,4.01,2.39,2.39,2.39,2.39
N_19_19,N_21_17,13.344941492355538,7.41,7.41,7.41,7.41,7.41,7.41,9.21,9.21,10.01,10.01,8.01,8.01,8.01,8.01,8.01,8.01,9.61,10.41,10.41,9.61,7.61,7.61,7.61,7.61
N_19_2,N_18_0,6.067771513284901,6.19,6.19,6.19,6.19,6.19,6.19,9.47,9.47,10.92,10.92,7.28,7.28,7.28,7.28,7.28,7.28,10.19,11.65,11.65,10.19,6.55,6.55,6.55,6.55
N_19_2,N_17_4,1.4789851846166906,2.43,2.43,2.43,2.43,2.43,2.43,4.02,4.02,4.73,4.73,2.96,2.96,2.96,2.96,2.96,2.96,4.38,5.09,5.09,4.38,2.6,2.6,2.6,2.6
N_19_2,N_20_4,2.1878883271234715,3.59,3.59,3.59,3.59,3.59,3.59,5.95,5.95,7.0,7.0,4.38,4.38,4.38,4.38,4.38,4.38,6.48,7.53,7.53,6.48,3.85,3.85,3.85,3.85
N_19_2,N_20_2,6.632842669755279,6.77,6.77,6.77,6.77,6.77,6.77,10.35,10.35,11.94,11.94,7.96,7.96,7.96,7.96,7.96,7.96,11.14,12.74,12.74,11.14,7.16,7.16,7.16,7.16
N_19_20,N_20_21,4.154502791300564,4.24,4.24,4.24,4.24,4.24,4.24,6.48,6.48,7.48,7.48,4.99,4.99,4.99,4.99,4.99,4.99,6.98,7.98,7.98,6.98,4.49,4.49,4.49,4.49
N_19_20,N_20_18,6.399773899432715,6.53,6.53,6.53,6.53,6.53,6.53,9.98,9.98,11.52,11.52,7.68,7.68,7.68,7.68,7.68,7.68,10.75,12.29,12.29,10.75,6.91,6.91,6.91,6.91
N_19_20,N_19_18,13.278059204434527,7.37,7.37,7.37,7.37,7.37,7.37,9.16,9.16,9.96,9.96,7.97,7.97,7.97,7.97,7.97,7.97,9.56,10.36,10.36,9.56,7.57,7.57,7.57,7.57
N_19_20,N_18_21,11.882550099718914,6.59,6.59,6.59,6.59,6.59,6.59,8.2,8.2,8.91,8.91,7.13,7.13,7.13,7.13,7.13,7.13,8.56,9.27,9.27,8.56,6.77,6.77,6.77,6.77
N_19_20,N_17_18,6.616681930185724,6.75,6.75,6.75,6.75,6.75,6.75,10.32,10.32,11.91,11.91,7.94,7.94,7.94,7.94,7.94,7.94,11.12,12.7,12.7,11.12,7.15,7.15,7.15,7.15
N_19_21,N_17_23,8.376050929760833,4.65,4.65,4.65,4.65,4.65,4.65,5.78,5.78,6.28,6.28,5.03,5.03,5.03,5.03,5.03,5.03,6.03,6.53,6.53,6.03,4.77,4.77,4.77,4.77
N_19_21,N_18_22,0.5106972333299222,0.84,0.84,0.84,0.84,0.84,0.84,1.39,1.39,1.63,1.63,1.02,1.02,1.02,1.02,1.02,1.02,1.51,1.76,1.76,1.51,0.9,0.9,0.9,0.9
N_19_21,N_20_23,3.2205154811125047,3.28,3.28,3.28,3.28,3.28,3.28,5.02,5.02,5.8,5.8,3.86,3.86,3.86,3.86,3.86,3.86,5.41,6.18,6.18,5.41,3.48,3.48,3.48,3.48
N_19_21,N_18_21,5.247836282399151,5.35,5.35,5.35,5.35,5.35,5.35,8.19,8.19,9.45,9.45,6.3,6.3,6.3,6.3,6.3,6.3,8.82,10.08,10.08,8.82,5.67,5.67,5.67,5.67
N_19_21,N_17_20,9.699205104434471,5.38,5.38,5.38,5.38,5.38,5.38,6.69,6.69,7.27,7.27,5.82,5.82,5.82,5.82,5.82,5.82,6.98,7.57,7.57,6.98,5.53,5.53,5.53,5.53
N_19_22,N_17_24,1.7076051573028874,2.8,2.8,2.8,2.8,2.8,2.8,4.64,4.64,5.46,5.46,3.42,3.42,3.42,3.42,3.42,3.42,5.05,5.87,5.87,5.05,3.01,3.01,3.01,3.01
N_19_22,N_18_22,8.76521150990678,4.86,4.86,4.86,4.86,4.86,4.86,6.05,6.05,6.57,6.57,5.26,5.26,5.26,5.26,5.26,5.26,6.31,6.84,6.84,6.31,5.0,5.0,5.0,5.0
N_19_22,N_19_24,6.351485081424442,6.48,6.48,6.48,6.48,6.48,6.48,9.91,9.91,11.43,11.43,7.62,7.62,7.62,7.62,7.62,7.62,10.67,12.19,12.19,10.67,6.86,6.86,6.86,6.86
N_19_23,N_16_23,8.246310225705951,4.58,4.58,4.58,4.58,4.58,4.58,5.69,5.69,6.18,6.18,4.95,4.95,4.95,4.95,4.95,4.95,5.94,6.43,6.43,5.94,4.7,4.7,4.7,4.7
N_19_23,N_18_25,0.6438522362352701,1.06,1.06,1.06,1.06,1.06,1.06,1.75,1.75,2.06,2.06,1.29,1.29,1.29,1.29,1.29,1.29,1.91,2.21,2.21,1.91,1.13,1.13,1.13,1.13
N_19_23,N_21_24,6.615110063653336,6.75,6.75,6.75,6.75,6.75,6.75,10.32,10.32,11.91,11.91,7.94,7.94,7.94,7.94,7.94,7.94,11.11,12.7,12.7,11.11,7.14,7.14,7.14,7.14
N_19_23,N_17_25,5.877740587565048,6.0,6.0,6.0,6.0,6.0,6.0,9.17,9.17,10.58,10.58,7.05,7.05,7.05,7.05,7.05,7.05,9.87,11.29,11.29,9.87,6.35,6.35,6.35,6.35
N_19_24,N_17_22,4.583147586433933,4.67,4.67,4.67,4.67,4.67,4.67,7.15,7.15,8.25,8.25,5.5,5.5,5.5,5.5,5.5,5.5,7.7,8.8,8.8,7.7,4.95,4.95,4.95,4.95
N_19_24,N_21_23,5.519818715877419,5.63,5.63,5.63,5.63,5.63,5.63,8.61,8.61,9.94,9.94,6.62,6.62,6.62,6.62,6.62,6.62,9.27,10.6,10.6,9.27,5.96,5.96,5.96,5.96
N_19_24,N_21_25,3.633770628828785,3.71,3.71,3.71,3.71,3.71,3.71,5.67,5.67,6.54,6.54,4.36,4.36,4.36,4.36,4.36,4.36,6.1,6.98,6.98,6.1,3.92,3.92,3.92,3.92
N_19_25,N_18_26,0.9382071694076912,1.54,1.54,1.54,1.54,1.54,1.54,2.55,2.55,3.0,3.0,1.88,1.88,1.88,1.88,1.88,1.88,2.78,3.23,3.23,2.78,1.65,1.65,1.65,1.65
N_19_25,N_18_27,9.959753604335704,5.53,5.53,5.53,5.53,5.53,5.53,6.87,6.87,7.47,7.47,5.98,5.98,5.98,5.98,5.98,5.98,7.17,7.77,7.77,7.17,5.68,5.68,5.68,5.68
N_19_25,N_19_22,8.335726854072114,4.63,4.63,4.63,4.63,4.63,4.63,5.75,5.75,6.25,6.25,5.0,5.0,5.0,5.0,5.0,5.0,6.0,6.5,6.5,6.0,4.75,4.75,4.75,4.75
N_19_25,N_17_23,8.513367553856172,4.72,4.72,4.72,4.72,4.72,4.72,5.87,5.87,6.39,6.39,5.11,5.11,5.11,5.11,5.11,5.11,6.13,6.64,6.64,6.13,4.85,4.85,4.85,4.85
N_19_25,N_17_25,1.5789574205883774,2.59,2.59,2.59,2.59,2.59,2.59,4.29,4.29,5.05,5.05,3.16,3.16,3.16,3.16,3.16,3.16,4.67,5.43,5.43,4.67,2.78,2.78,2.78,2.78
N_19_26,N_21_27,6.412950369670755,6.54,6.54,6.54,6.54,6.54,6.54,10.0,10.0,11.54,11.54,7.7,7.7,7.7,7.7,7.7,7.7,10.77,12.31,12.31,10.77,6.93,6.93,6.93,6.93
N_19_26,N_17_28,6.815106272568535,6.95,6.95,6.95,6.95,6.95,6.95,10.63,10.63,12.27,12.27,8.18,8.18,8.18,8.18,8.18,8.18,11.45,13.09,13.09,11.45,7.36,7.36,7.36,7.36
N_19_26,N_19_27,3.0508691728933197,3.11,3.11,3.11,3.11,3.11,3.11,4.76,4.76,5.49,5.49,3.66,3.66,3.66,3.66,3.66,3.66,5.13,5.86,5.86,5.13,3.29,3.29,3.29,3.29
N_19_26,N_19_23,3.724347921745882,3.8,3.8,3.8,3.8,3.8,3.8,5.81,5.81,6.7,6.7,4.47,4.47,4.47,4.47,4.47,4.47,6.26,7.15,7.15,6.26,4.02,4.02,4.02,4.02
N_19_27,N_17_29,3.3557497536496212,3.42,3.42,3.42,3.42,3.42,3.42,5.23,5.23,6.04,6.04,4.03,4.03,4.03,4.03,4.03,4.03,5.64,6.44,6.44,5.64,3.62,3.62,3.62,3.62
N_19_27,N_19_30,0.7237150107404671,1.19,1.19,1.19,1.19,1.19,1.19,1.97,1.97,2.32,2.32,1.45,1.45,1.45,1.45,1.45,1.45,2.14,2.49,2.49,2.14,1.27,1.27,1.27,1.27
N_19_27,N_20_28,6.836709362005093,6.97,6.97,6.97,6.97,6.97,6.97,10.67,10.67,12.31,12.31,8.2,8.2,8.2,8.2,8.2,8.2,11.49,13.13,13.13,11.49,7.38,7.38,7.38,7.38
N_19_28,N_17_29,1.2278879181700995,2.01,2.01,2.01,2.01,2.01,2.01,3.34,3.34,3.93,3.93,2.46,2.46,2.46,2.46,2.46,2.46,3.63,4.22,4.22,3.63,2.16,2.16,2.16,2.16
N_19_28,N_18_29,8.349763170764659,4.63,4.63,4.63,4.63,4.63,4.63,5.76,5.76,6.26,6.26,5.01,5.01,5.01,5.01,5.01,5.01,6.01,6.51,6.51,6.01,4.76,4.76,4.76,4.76
N_19_28,N_19_29,0.6280794786524031,1.03,1.03,1.03,1.03,1.03,1.03,1.71,1.71,2.01,2.01,1.26,1.26,1.26,1.26,1.26,1.26,1.86,2.16,2.16,1.86,1.11,1.11,1.11,1.11
N_19_28,N_21_29,9.97663498371982,5.54,5.54,5.54,5.54,5.54,5.54,6.88,6.88,7.48,7.48,5.99,5.99,5.99,5.99,5.99,5.99,7.18,7.78,7.78,7.18,5.69,5.69,5.69,5.69
N_19_28,N_19_30,4.236055708972856,4.32,4.32,4.32,4.32,4.32,4.32,6.61,6.61,7.62,7.62,5.08,5.08,5.08,5.08,5.08,5.08,7.12,8.13,8.13,7.12,4.57,4.57,4.57,4.57
N_19_28,N_17_26,3.0528901584495305,3.11,3.11,3.11,3.11,3.11,3.11,4.76,4.76,5.5,5.5,3.66,3.66,3.66,3.66,3.66,3.66,5.13,5.86,5.86,5.13,3.3,3.3,3.3,3.3
N_19_28,N_20_30,9.419779248464977,5.23,5.23,5.23,5.23,5.23,5.23,6.5,6.5,7.06,7.06,5.65,5.65,5.65,5.65,5.65,5.65,6.78,7.35,7.35,6.78,5.37,5.37,5.37,5.37
N_19_29,N_19_28,0.6280794786524031,1.03,1.03,1.03,1.03,1.03,1.03,1.71,1.71,2.01,2.01,1.26,1.26,1.26,1.26,1.26,1.26,1.86,2.16,2.16,1.86,1.11,1.11,1.11,1.11
N_19_29,N_19_31,12.659507908450477,7.03,7.03,7.03,7.03,7.03,7.03,8.74,8.74,9.49,9.49,7.6,7.6,7.6,7.6,7.6,7.6,9.11,9.87,9.87,9.11,7.22,7.22,7.22,7.22
N_19_29,N_17_31,5.7968107169043535,5.91,5.91,5.91,5.91,5.91,5.91,9.04,9.04,10.43,10.43,6.96,6.96,6.96,6.96,6.96,6.96,9.74,11.13,11.13,9.74,6.26,6.26,6.26,6.26
N_19_29,N_21_27,4.962056226839822,5.06,5.06,5.06,5.06,5.06,5.06,7.74,7.74,8.93,8.93,5.95,5.95,5.95,5.95,5.95,5.95,8.34,9.53,9.53,8.34,5.36,5.36,5.36,5.36
N_19_29,N_19_26,5.509223323314396,5.62,5.62,5.62,5.62,5.62,5.62,8.59,8.59,9.92,9.92,6.61,6.61,6.61,6.61,6.61,6.61,9.26,10.58,10.58,9.26,5.95,5.95,5.95,5.95
N_19_3,N_17_1,4.667419320666833,4.76,4.76,4.76,4.76,4.76,4.76,7.28,7.28,8.4,8.4,5.6,5.6,5.6,5.6,5.6,5.6,7.84,8.96,8.96,7.84,5.04,5.04,5.04,5.04
N_19_3,N_17_2,5.264672797650047,5.37,5.37,5.37,5.37,5.37,5.37,8.21,8.21,9.48,9.48,6.32,6.32,6.32,6.32,6.32,6.32,8.84,10.11,10.11,8.84,5.69,5.69,5.69,5.69
N_19_3,N_20_5,2.495749498079233,4.09,4.09,4.09,4.09,4.09,4.09,6.79,6.79,7.99,7.99,4.99,4.99,4.99,4.99,4.99,4.99,7.39,8.59,8.59,7.39,4.39,4.39,4.39,4.39
N_19_3,N_18_1,11.687015397325169,6.49,6.49,6.49,6.49,6.49,6.49,8.06,8.06,8.77,8.77,7.01,7.01,7.01,7.01,7.01,7.01,8.41,9.12,9.12,8.41,6.66,6.66,6.66,6.66
N_19_3,N_17_5,13.400290116716857,7.44,7.44,7.44,7.44,7.44,7.44,9.25,9.25,10.05,10.05,8.04,8.04,8.04,8.04,8.04,8.04,9.65,10.45,10.45,9.65,7.64,7.64,7.64,7.64
N_19_30,N_17_30,6.6782423757632365,6.81,6.81,6.81,6.81,6.81,6.81,10.42,10.42,12.02,12.02,8.01,8.01,8.01,8.01,8.01,8.01,11.22,12.82,12.82,11.22,7.21,7.21,7.21,7.21
N_19_30,N_19_27,0.7237150107404671,1.19,1.19,1.19,1.19,1.19,1.19,1.97,1.97,2.32,2.32,1.45,1.45,1.45,1.45,1.45,1.45,2.14,2.49,2.49,2.14,1.27,1.27,1.27,1.27
N_19_30,N_19_28,4.236055708972856,4.32,4.32,4.32,4.32,4.32,4.32,6.61,6.61,7.62,7.62,5.08,5.08,5.08,5.08,5.08,5.08,7.12,8.13,8.13,7.12,4.57,4.57,4.57,4.57
N_19_30,N_18_30,6.164282461815137,6.29,6.29,6.29,6.29,6.29,6.29,9.62,9.62,11.1,11.1,7.4,7.4,7.4,7.4,7.4,7.4,10.36,11.84,11.84,10.36,6.66,6.66,6.66,6.66
N_19_30,N_21_31,4.256047144920517,4.34,4.34,4.34,4.34,4.34,4.34,6.64,6.64,7.66,7.66,5.11,5.11,5.11,5.11,5.11,5.11,7.15,8.17,8.17,7.15,4.6,4.6,4.6,4.6
N_19_30,N_20_28,5.27245130698099,5.38,5.38,5.38,5.38,5.38,5.38,8.23,8.23,9.49,9.49,6.33,6.33,6.33,6.33,6.33,6.33,8.86,10.12,10.12,8.86,5.69,5.69,5.69,5.69
N_19_30,N_18_29,3.74609057394854,3.82,3.82,3.82,3.82,3.82,3.82,5.84,5.84,6.74,6.74,4.5,4.5,4.5,4.5,4.5,4.5,6.29,7.19,7.19,6.29,4.05,4.05,4.05,4.05
N_19_30,N_17_31,9.055273247810673,5.03,5.03,5.03,5.03,5.03,5.03,6.25,6.25,6.79,6.79,5.43,5.43,5.43,5.43,5.43,5.43,6.52,7.06,7.06,6.52,5.16,5.16,5.16,5.16
N_19_31,N_18_30,6.785644637483966,6.92,6.92,6.92,6.92,6.92,6.92,10.59,10.59,12.21,12.21,8.14,8.14,8.14,8.14,8.14,8.14,11.4,13.03,13.03,11.4,7.33,7.33,7.33,7.33
N_19_31,N_18_33,3.0923451695297333,3.15,3.15,3.15,3.15,3.15,3.15,4.82,4.82,5.57,5.57,3.71,3.71,3.71,3.71,3.71,3.71,5.2,5.94,5.94,5.2,3.34,3.34,3.34,3.34
N_19_31,N_19_29,12.659507908450477,7.03,7.03,7.03,7.03,7.03,7.03,8.74,8.74,9.49,9.49,7.6,7.6,7.6,7.6,7.6,7.6,9.11,9.87,9.87,9.11,7.22,7.22,7.22,7.22
N_19_31,N_21_31,5.197117910380369,5.3,5.3,5.3,5.3,5.3,5.3,8.11,8.11,9.35,9.35,6.24,6.24,6.24,6.24,6.24,6.24,8.73,9.98,9.98,8.73,5.61,5.61,5.61,5.61
N_19_32,N_17_31,3.1403485464601166,3.2,3.2,3.2,3.2,3.2,3.2,4.9,4.9,5.65,5.65,3.77,3.77,3.77,3.77,3.77,3.77,5.28,6.03,6.03,5.28,3.39,3.39,3.39,3.39
N_19_32,N_17_34,0.5989236153017523,0.98,0.98,0.98,0.98,0.98,0.98,1.63,1.63,1.92,1.92,1.2,1.2,1.2,1.2,1.2,1.2,1.77,2.06,2.06,1.77,1.05,1.05,1.05,1.05
N_19_32,N_18_30,9.757487914836428,5.42,5.42,5.42,5.42,5.42,5.42,6.73,6.73,7.32,7.32,5.85,5.85,5.85,5.85,5.85,5.85,7.03,7.61,7.61,7.03,5.56,5.56,5.56,5.56
N_19_32,N_18_32,4.2159576653351385,4.3,4.3,4.3,4.3,4.3,4.3,6.58,6.58,7.59,7.59,5.06,5.06,5.06,5.06,5.06,5.06,7.08,8.09,8.09,7.08,4.55,4.55,4.55,4.55
N_19_32,N_20_34,12.67482994117069,7.03,7.03,7.03,7.03,7.03,7.03,8.75,8.75,9.51,9.51,7.6,7.6,7.6,7.6,7.6,7.6,9.13,9.89,9.89,9.13,7.22,7.22,7.22,7.22
N_19_32,N_17_30,6.182488483360585,6.31,6.31,6.31,6.31,6.31,6.31,9.64,9.64,11.13,11.13,7.42,7.42,7.42,7.42,7.42,7.42,10.39,11.87,11.87,10.39,6.68,6.68,6.68,6.68
N_19_33,N_17_34,6.119386448296318,6.24,6.24,6.24,6.24,6.24,6.24,9.55,9.55,11.01,11.01,7.34,7.34,7.34,7.34,7.34,7.34,10.28,11.75,11.75,10.28,6.61,6.61,6.61,6.61
N_19_33,N_18_31,0.5516987044033896,0.9,0.9,0.9,0.9,0.9,0.9,1.5,1.5,1.77,1.77,1.1,1.1,1.1,1.1,1.1,1.1,1.63,1.9,1.9,1.63,0.97,0.97,0.97,0.97
N_19_33,N_19_32,1.8087653506504897,2.97,2.97,2.97,2.97,2.97,2.97,4.92,4.92,5.79,5.79,3.62,3.62,3.62,3.62,3.62,3.62,5.35,6.22,6.22,5.35,3.18,3.18,3.18,3.18
N_19_34,N_17_36,4.200288071385232,4.28,4.28,4.28,4.28,4.28,4.28,6.55,6.55,7.56,7.56,5.04,5.04,5.04,5.04,5.04,5.04,7.06,8.06,8.06,7.06,4.54,4.54,4.54,4.54
N_19_34,N_18_32,0.5513343957707306,0.9,0.9,0.9,0.9,0.9,0.9,1.5,1.5,1.76,1.76,1.1,1.1,1.1,1.1,1.1,1.1,1.63,1.9,1.9,1.63,0.97,0.97,0.97,0.97
N_19_34,N_20_35,14.292372031182268,7.93,7.93,7.93,7.93,7.93,7.93,9.86,9.86,10.72,10.72,8.58,8.58,8.58,8.58,8.58,8.58,10.29,11.15,11.15,10.29,8.15,8.15,8.15,8.15
N_19_34,N_19_36,3.1588643149432913,3.22,3.22,3.22,3.22,3.22,3.22,4.93,4.93,5.69,5.69,3.79,3.79,3.79,3.79,3.79,3.79,5.31,6.07,6.07,5.31,3.41,3.41,3.41,3.41
N_19_34,N_20_32,1.3439989764800913,2.2,2.2,2.2,2.2,2.2,2.2,3.66,3.66,4.3,4.3,2.69,2.69,2.69,2.69,2.69,2.69,3.98,4.62,4.62,3.98,2.37,2.37,2.37,2.37
N_19_35,N_17_34,1.8545633309797218,3.04,3.04,3.04,3.04,3.04,3.04,5.04,5.04,5.93,5.93,3.71,3.71,3.71,3.71,3.71,3.71,5.49,6.38,6.38,5.49,3.26,3.26,3.26,3.26
N_19_35,N_20_37,1.9564721173642197,3.21,3.21,3.21,3.21,3.21,3.21,5.32,5.32,6.26,6.26,3.91,3.91,3.91,3.91,3.91,3.91,5.79,6.73,6.73,5.79,3.44,3.44,3.44,3.44
N_19_35,N_18_36,0.8539960228231267,1.4,1.4,1.4,1.4,1.4,1.4,2.32,2.32,2.73,2.73,1.71,1.71,1.71,1.71,1.71,1.71,2.53,2.94,2.94,2.53,1.5,1.5,1.5,1.5
N_19_35,N_17_33,6.540433817138529,6.67,6.67,6.67,6.67,6.67,6.67,10.2,10.2,11.77,11.77,7.85,7.85,7.85,7.85,7.85,7.85,10.99,12.56,12.56,10.99,7.06,7.06,7.06,7.06
N_19_35,N_21_33,9.08210475154667,5.04,5.04,5.04,5.04,5.04,5.04,6.27,6.27,6.81,6.81,5.45,5.45,5.45,5.45,5.45,5.45,6.54,7.08,7.08,6.54,5.18,5.18,5.18,5.18
N_19_36,N_17_37,6.996392713357455,7.14,7.14,7.14,7.14,7.14,7.14,10.91,10.91,12.59,12.59,8.4,8.4,8.4,8.4,8.4,8.4,11.75,13.43,13.43,11.75,7.56,7.56,7.56,7.56
N_19_36,N_17_38,1.8067445719908168,2.96,2.96,2.96,2.96,2.96,2.96,4.91,4.91,5.78,5.78,3.61,3.61,3.61,3.61,3.61,3.61,5.35,6.22,6.22,5.35,3.18,3.18,3.18,3.18
N_19_36,N_18_38,4.120122594293486,4.2,4.2,4.2,4.2,4.2,4.2,6.43,6.43,7.42,7.42,4.94,4.94,4.94,4.94,4.94,4.94,6.92,7.91,7.91,6.92,4.45,4.45,4.45,4.45
N_19_36,N_18_35,1.2304127086913936,2.02,2.02,2.02,2.02,2.02,2.02,3.35,3.35,3.94,3.94,2.46,2.46,2.46,2.46,2.46,2.46,3.64,4.23,4.23,3.64,2.17,2.17,2.17,2.17
N_19_37,N_17_39,2.217655033488967,3.64,3.64,3.64,3.64,3.64,3.64,6.03,6.03,7.1,7.1,4.44,4.44,4.44,4.44,4.44,4.44,6.56,7.63,7.63,6.56,3.9,3.9,3.9,3.9
N_19_37,N_17_36,4.488074214703551,4.58,4.58,4.58,4.58,4.58,4.58,7.0,7.0,8.08,8.08,5.39,5.39,5.39,5.39,5.39,5.39,7.54,8.62,8.62,7.54,4.85,4.85,4.85,4.85
N_19_37,N_16_37,8.573480814737811,4.76,4.76,4.76,4.76,4.76,4.76,5.92,5.92,6.43,6.43,5.14,5.14,5.14,5.14,5.14,5.14,6.17,6.69,6.69,6.17,4.89,4.89,4.89,4.89
N_19_37,N_20_36,1.8879826714248027,3.1,3.1,3.1,3.1,3.1,3.1,5.14,5.14,6.04,6.04,3.78,3.78,3.78,3.78,3.78,3.78,5.59,6.49,6.49,5.59,3.32,3.32,3.32,3.32
N_19_37,N_18_39,1.6765428693384268,2.75,2.75,2.75,2.75,2.75,2.75,4.56,4.56,5.36,5.36,3.35,3.35,3.35,3.35,3.35,3.35,4.96,5.77,5.77,4.96,2.95,2.95,2.95,2.95
N_19_37,N_18_35,14.773863864989062,8.2,8.2,8.2,8.2,8.2,8.2,10.19,10.19,11.08,11.08,8.86,8.86,8.86,8.86,8.86,8.86,10.64,11.52,11.52,10.64,8.42,8.42,8.42,8.42
N_19_37,N_19_34,4.252414878219788,4.34,4.34,4.34,4.34,4.34,4.34,6.63,6.63,7.65,7.65,5.1,5.1,5.1,5.1,5.1,5.1,7.14,8.16,8.16,7.14,4.59,4.59,4.59,4.59
N_19_37,N_20_35,8.882660967008675,4.93,4.93,4.93,4.93,4.93,4.93,6.13,6.13,6.66,6.66,5.33,5.33,5.33,5.33,5.33,5.33,6.4,6.93,6.93,6.4,5.06,5.06,5.06,5.06
N_19_38,N_17_37,0.7760228640851612,1.27,1.27,1.27,1.27,1.27,1.27,2.11,2.11,2.48,2.48,1.55,1.55,1.55,1.55,1.55,1.55,2.3,2.67,2.67,2.3,1.37,1.37,1.37,1.37
N_19_38,N_18_38,9.543437753499223,5.3,5.3,5.3,5.3,5.3,5.3,6.58,6.58,7.16,7.16,5.73,5.73,5.73,5.73,5.73,5.73,6.87,7.44,7.44,6.87,5.44,5.44,5.44,5.44
N_19_38,N_18_39,11.719712102323133,6.5,6.5,6.5,6.5,6.5,6.5,8.09,8.09,8.79,8.79,7.03,7.03,7.03,7.03,7.03,7.03,8.44,9.14,9.14,8.44,6.68,6.68,6.68,6.68
N_19_39,N_19_38,5.336456908490796,5.44,5.44,5.44,5.44,5.44,5.44,8.32,8.32,9.61,9.61,6.4,6.4,6.4,6.4,6.4,6.4,8.97,10.25,10.25,8.97,5.76,5.76,5.76,5.76
N_19_39,N_19_36,2.1713341903261734,3.56,3.56,3.56,3.56,3.56,3.56,5.91,5.91,6.95,6.95,4.34,4.34,4.34,4.34,4.34,4.34,6.43,7.47,7.47,6.43,3.82,3.82,3.82,3.82
N_19_39,N_16_39,3.8921591477491,3.97,3.97,3.97,3.97,3.97,3.97,6.07,6.07,7.01,7.01,4.67,4.67,4.67,4.67,4.67,4.67,6.54,7.47,7.47,6.54,4.2,4.2,4.2,4.2
N_19_39,N_20_38,2.1563401294898465,3.54,3.54,3.54,3.54,3.54,3.54,5.87,5.87,6.9,6.9,4.31,4.31,4.31,4.31,4.31,4.31,6.38,7.42,7.42,6.38,3.8,3.8,3.8,3.8
N_19_39,N_18_39,9.506687519134857,5.28,5.28,5.28,5.28,5.28,5.28,6.56,6.56,7.13,7.13,5.7,5.7,5.7,5.7,5.7,5.7,6.84,7.42,7.42,6.84,5.42,5.42,5.42,5.42
N_19_39,N_17_38,0.602860489740161,0.99,0.99,0.99,0.99,0.99,0.99,1.64,1.64,1.93,1.93,1.21,1.21,1.21,1.21,1.21,1.21,1.78,2.07,2.07,1.78,1.06,1.06,1.06,1.06
N_19_4,N_19_1,6.434842034432213,6.56,6.56,6.56,6.56,6.56,6.56,10.04,10.04,11.58,11.58,7.72,7.72,7.72,7.72,7.72,7.72,10.81,12.35,12.35,10.81,6.95,6.95,6.95,6.95
N_19_4,N_20_4,5.892599511015201,6.01,6.01,6.01,6.01,6.01,6.01,9.19,9.19,10.61,10.61,7.07,7.07,7.07,7.07,7.07,7.07,9.9,11.31,11.31,9.9,6.36,6.36,6.36,6.36
N_19_4,N_21_5,3.9517436016530088,4.03,4.03,4.03,4.03,4.03,4.03,6.16,6.16,7.11,7.11,4.74,4.74,4.74,4.74,4.74,4.74,6.64,7.59,7.59,6.64,4.27,4.27,4.27,4.27
N_19_5,N_17_6,3.942842897221751,4.02,4.02,4.02,4.02,4.02,4.02,6.15,6.15,7.1,7.1,4.73,4.73,4.73,4.73,4.73,4.73,6.62,7.57,7.57,6.62,4.26,4.26,4.26,4.26
N_19_5,N_17_7,12.748951221870628,7.08,7.08,7.08,7.08,7.08,7.08,8.8,8.8,9.56,9.56,7.65,7.65,7.65,7.65,7.65,7.65,9.18,9.94,9.94,9.18,7.27,7.27,7.27,7.27
N_19_5,N_17_3,9.970553115375111,5.53,5.53,5.53,5.53,5.53,5.53,6.88,6.88,7.48,7.48,5.98,5.98,5.98,5.98,5.98,5.98,7.18,7.78,7.78,7.18,5.68,5.68,5.68,5.68
N_19_5,N_18_5,1.9276861041625513,3.16,3.16,3.16,3.16,3.16,3.16,5.24,5.24,6.17,6.17,3.86,3.86,3.86,3.86,3.86,3.86,5.71,6.63,6.63,5.71,3.39,3.39,3.39,3.39
N_19_5,N_20_3,6.135512870020102,6.26,6.26,6.26,6.26,6.26,6.26,9.57,9.57,11.04,11.04,7.36,7.36,7.36,7.36,7.36,7.36,10.31,11.78,11.78,10.31,6.63,6.63,6.63,6.63
N_19_5,N_19_2,4.7377443680397455,4.83,4.83,4.83,4.83,4.83,4.83,7.39,7.39,8.53,8.53,5.69,5.69,5.69,5.69,5.69,5.69,7.96,9.1,9.1,7.96,5.12,5.12,5.12,5.12
N_19_6,N_16_6,11.05262386923817,6.13,6.13,6.13,6.13,6.13,6.13,7.63,7.63,8.29,8.29,6.63,6.63,6.63,6.63,6.63,6.63,7.96,8.62,8.62,7.96,6.3,6.3,6.3,6.3
N_19_6,N_17_6,8.770109208802216,4.87,4.87,4.87,4.87,4.87,4.87,6.05,6.05,6.58,6.58,5.26,5.26,5.26,5.26,5.26,5.26,6.31,6.84,6.84,6.31,5.0,5.0,5.0,5.0
N_19_6,N_21_7,13.154622187118672,7.3,7.3,7.3,7.3,7.3,7.3,9.08,9.08,9.87,9.87,7.89,7.89,7.89,7.89,7.89,7.89,9.47,10.26,10.26,9.47,7.5,7.5,7.5,7.5
N_19_6,N_20_6,4.901685418483219,5.0,5.0,5.0,5.0,5.0,5.0,7.65,7.65,8.82,8.82,5.88,5.88,5.88,5.88,5.88,5.88,8.23,9.41,9.41,8.23,5.29,5.29,5.29,5.29
N_19_6,N_21_4,4.064619487601209,4.15,4.15,4.15,4.15,4.15,4.15,6.34,6.34,7.32,7.32,4.88,4.88,4.88,4.88,4.88,4.88,6.83,7.8,7.8,6.83,4.39,4.39,4.39,4.39
N_19_7,N_18_5,4.315184552536341,4.4,4.4,4.4,4.4,4.4,4.4,6.73,6.73,7.77,7.77,5.18,5.18,5.18,5.18,5.18,5.18,7.25,8.29,8.29,7.25,4.66,4.66,4.66,4.66
N_19_7,N_18_6,4.580719630120652,4.67,4.67,4.67,4.67,4.67,4.67,7.15,7.15,8.25,8.25,5.5,5.5,5.5,5.5,5.5,5.5,7.7,8.79,8.79,7.7,4.95,4.95,4.95,4.95
N_19_7,N_19_5,12.179036803447822,6.76,6.76,6.76,6.76,6.76,6.76,8.4,8.4,9.13,9.13,7.31,7.31,7.31,7.31,7.31,7.31,8.77,9.5,9.5,8.77,6.94,6.94,6.94,6.94
N_19_7,N_21_6,10.05365980863445,5.58,5.58,5.58,5.58,5.58,5.58,6.94,6.94,7.54,7.54,6.03,6.03,6.03,6.03,6.03,6.03,7.24,7.84,7.84,7.24,5.73,5.73,5.73,5.73
N_19_7,N_21_7,3.053634689049926,3.11,3.11,3.11,3.11,3.11,3.11,4.76,4.76,5.5,5.5,3.66,3.66,3.66,3.66,3.66,3.66,5.13,5.86,5.86,5.13,3.3,3.3,3.3,3.3
N_19_7,N_20_5,3.636336658188883,3.71,3.71,3.71,3.71,3.71,3.71,5.67,5.67,6.55,6.55,4.36,4.36,4.36,4.36,4.36,4.36,6.11,6.98,6.98,6.11,3.93,3.93,3.93,3.93
N_19_7,N_19_4,2.3316846369085553,3.82,3.82,3.82,3.82,3.82,3.82,6.34,6.34,7.46,7.46,4.66,4.66,4.66,4.66,4.66,4.66,6.9,8.02,8.02,6.9,4.1,4.1,4.1,4.1
N_19_8,N_17_6,8.935558222332357,4.96,4.96,4.96,4.96,4.96,4.96,6.17,6.17,6.7,6.7,5.36,5.36,5.36,5.36,5.36,5.36,6.43,6.97,6.97,6.43,5.09,5.09,5.09,5.09
N_19_8,N_19_11,6.211271810630001,6.34,6.34,6.34,6.34,6.34,6.34,9.69,9.69,11.18,11.18,7.45,7.45,7.45,7.45,7.45,7.45,10.43,11.93,11.93,10.43,6.71,6.71,6.71,6.71
N_19_8,N_19_7,14.01614084609988,7.78,7.78,7.78,7.78,7.78,7.78,9.67,9.67,10.51,10.51,8.41,8.41,8.41,8.41,8.41,8.41,10.09,10.93,10.93,10.09,7.99,7.99,7.99,7.99
N_19_8,N_17_8,0.5781484499266556,0.95,0.95,0.95,0.95,0.95,0.95,1.57,1.57,1.85,1.85,1.16,1.16,1.16,1.16,1.16,1.16,1.71,1.99,1.99,1.71,1.02,1.02,1.02,1.02
N_19_8,N_17_7,5.664681389063686,5.78,5.78,5.78,5.78,5.78,5.78,8.84,8.84,10.2,10.2,6.8,6.8,6.8,6.8,6.8,6.8,9.52,10.88,10.88,9.52,6.12,6.12,6.12,6.12
N_19_9,N_18_10,13.641331084545342,7.57,7.57,7.57,7.57,7.57,7.57,9.41,9.41,10.23,10.23,8.18,8.18,8.18,8.18,8.18,8.18,9.82,10.64,10.64,9.82,7.78,7.78,7.78,7.78
N_19_9,N_19_10,11.049177201484223,6.13,6.13,6.13,6.13,6.13,6.13,7.62,7.62,8.29,8.29,6.63,6.63,6.63,6.63,6.63,6.63,7.96,8.62,8.62,7.96,6.3,6.3,6.3,6.3
N_19_9,N_18_11,3.9043052936243887,3.98,3.98,3.98,3.98,3.98,3.98,6.09,6.09,7.03,7.03,4.69,4.69,4.69,4.69,4.69,4.69,6.56,7.5,7.5,6.56,4.22,4.22,4.22,4.22
N_1_0,N_2_2,6.370520522275077,6.5,6.5,6.5,6.5,6.5,6.5,9.94,9.94,11.47,11.47,7.64,7.64,7.64,7.64,7.64,7.64,10.7,12.23,12.23,10.7,6.88,6.88,6.88,6.88
N_1_0,N_3_0,4.321323139848211,4.41,4.41,4.41,4.41,4.41,4.41,6.74,6.74,7.78,7.78,5.19,5.19,5.19,5.19,5.19,5.19,7.26,8.3,8.3,7.26,4.67,4.67,4.67,4.67
N_1_0,N_1_1,1.595808550048143,2.62,2.62,2.62,2.62,2.62,2.62,4.34,4.34,5.11,5.11,3.19,3.19,3.19,3.19,3.19,3.19,4.72,5.49,5.49,4.72,2.81,2.81,2.81,2.81
N_1_0,N_4_0,10.765117327127129,5.97,5.97,5.97,5.97,5.97,5.97,7.43,7.43,8.07,8.07,6.46,6.46,6.46,6.46,6.46,6.46,7.75,8.4,8.4,7.75,6.14,6.14,6.14,6.14
N_1_0,N_0_1,1.3464484753947317,2.21,2.21,2.21,2.21,2.21,2.21,3.66,3.66,4.31,4.31,2.69,2.69,2.69,2.69,2.69,2.69,3.99,4.63,4.63,3.99,2.37,2.37,2.37,2.37
N_1_1,N_0_2,4.464289115094088,4.55,4.55,4.55,4.55,4.55,4.55,6.96,6.96,8.04,8.04,5.36,5.36,5.36,5.36,5.36,5.36,7.5,8.57,8.57,7.5,4.82,4.82,4.82,4.82
N_1_1,N_1_0,1.595808550048143,2.62,2.62,2.62,2.62,2.62,2.62,4.34,4.34,5.11,5.11,3.19,3.19,3.19,3.19,3.19,3.19,4.72,5.49,5.49,4.72,2.81,2.81,2.81,2.81
N_1_1,N_3_3,11.432372641173243,6.34,6.34,6.34,6.34,6.34,6.34,7.89,7.89,8.57,8.57,6.86,6.86,6.86,6.86,6.86,6.86,8.23,8.92,8.92,8.23,6.52,6.52,6.52,6.52
N_1_1,N_2_3,13.530056302781919,7.51,7.51,7.51,7.51,7.51,7.51,9.34,9.34,10.15,10.15,8.12,8.12,8.12,8.12,8.12,8.12,9.74,10.55,10.55,9.74,7.71,7.71,7.71,7.71
N_1_1,N_1_3,14.808302550199885,8.22,8.22,8.22,8.22,8.22,8.22,10.22,10.22,11.11,11.11,8.88,8.88,8.88,8.88,8.88,8.88,10.66,11.55,11.55,10.66,8.44,8.44,8.44,8.44
N_1_1,N_4_1,1.5167636391825121,2.49,2.49,2.49,2.49,2.49,2.49,4.13,4.13,4.85,4.85,3.03,3.03,3.03,3.03,3.03,3.03,4.49,5.22,5.22,4.49,2.67,2.67,2.67,2.67
N_1_1,N_3_0,14.782129925211429,8.2,8.2,8.2,8.2,8.2,8.2,10.2,10.2,11.09,11.09,8.87,8.87,8.87,8.87,8.87,8.87,10.64,11.53,11.53,10.64,8.43,8.43,8.43,8.43
N_1_1,N_0_3,9.405510637118844,5.22,5.22,5.22,5.22,5.22,5.22,6.49,6.49,7.05,7.05,5.64,5.64,5.64,5.64,5.64,5.64,6.77,7.34,7.34,6.77,5.36,5.36,5.36,5.36
N_1_10,N_2_12,1.6098226072925197,2.64,2.64,2.64,2.64,2.64,2.64,4.38,4.38,5.15,5.15,3.22,3.22,3.22,3.22,3.22,3.22,4.77,5.54,5.54,4.77,2.83,2.83,2.83,2.83
N_1_10,N_1_7,3.799066088486394,3.88,3.88,3.88,3.88,3.88,3.88,5.93,5.93,6.84,6.84,4.56,4.56,4.56,4.56,4.56,4.56,6.38,7.29,7.29,6.38,4.1,4.1,4.1,4.1
N_1_10,N_3_12,14.493197311519452,8.04,8.04,8.04,8.04,8.04,8.04,10.0,10.0,10.87,10.87,8.7,8.7,8.7,8.7,8.7,8.7,10.44,11.3,11.3,10.44,8.26,8.26,8.26,8.26
N_1_10,N_2_8,0.7053477376535326,1.16,1.16,1.16,1.16,1.16,1.16,1.92,1.92,2.26,2.26,1.41,1.41,1.41,1.41,1.41,1.41,2.09,2.43,2.43,2.09,1.24,1.24,1.24,1.24
N_1_10,N_3_10,13.803674024694956,7.66,7.66,7.66,7.66,7.66,7.66,9.52,9.52,10.35,10.35,8.28,8.28,8.28,8.28,8.28,8.28,9.94,10.77,10.77,9.94,7.87,7.87,7.87,7.87
N_1_11,N_0_10,9.163573130196559,5.09,5.09,5.09,5.09,5.09,5.09,6.32,6.32,6.87,6.87,5.5,5.5,5.5,5.5,5.5,5.5,6.6,7.15,7.15,6.6,5.22,5.22,5.22,5.22
N_1_11,N_0_9,12.749008158078741,7.08,7.08,7.08,7.08,7.08,7.08,8.8,8.8,9.56,9.56,7.65,7.65,7.65,7.65,7.65,7.65,9.18,9.94,9.94,9.18,7.27,7.27,7.27,7.27
N_1_11,N_2_9,8.913775535082562,4.95,4.95,4.95,4.95,4.95,4.95,6.15,6.15,6.69,6.69,5.35,5.35,5.35,5.35,5.35,5.35,6.42,6.95,6.95,6.42,5.08,5.08,5.08,5.08
N_1_12,N_0_14,4.612597879783603,4.7,4.7,4.7,4.7,4.7,4.7,7.2,7.2,8.3,8.3,5.54,5.54,5.54,5.54,5.54,5.54,7.75,8.86,8.86,7.75,4.98,4.98,4.98,4.98
N_1_12,N_1_13,1.5558343479012253,2.55,2.55,2.55,2.55,2.55,2.55,4.23,4.23,4.98,4.98,3.11,3.11,3.11,3.11,3.11,3.11,4.61,5.35,5.35,4.61,2.74,2.74,2.74,2.74
N_1_12,N_4_12,5.136594924177699,5.24,5.24,5.24,5.24,5.24,5.24,8.01,8.01,9.25,9.25,6.16,6.16,6.16,6.16,6.16,6.16,8.63,9.86,9.86,8.63,5.55,5.55,5.55,5.55
N_1_12,N_3_13,2.203215800428901,3.61,3.61,3.61,3.61,3.61,3.61,5.99,5.99,7.05,7.05,4.41,4.41,4.41,4.41,4.41,4.41,6.52,7.58,7.58,6.52,3.88,3.88,3.88,3.88
N_1_12,N_3_11,6.67403226262685,6.81,6.81,6.81,6.81,6.81,6.81,10.41,10.41,12.01,12.01,8.01,8.01,8.01,8.01,8.01,8.01,11.21,12.81,12.81,11.21,7.21,7.21,7.21,7.21
N_1_12,N_1_11,6.4608060691401095,6.59,6.59,6.59,6.59,6.59,6.59,10.08,10.08,11.63,11.63,7.75,7.75,7.75,7.75,7.75,7.75,10.85,12.4,12.4,10.85,6.98,6.98,6.98,6.98
N_1_13,N_1_12,1.5558343479012253,2.55,2.55,2.55,2.55,2.55,2.55,4.23,4.23,4.98,4.98,3.11,3.11,3.11,3.11,3.11,3.11,4.61,5.35,5.35,4.61,2.74,2.74,2.74,2.74
N_1_13,N_1_14,12.294220255777077,6.82,6.82,6.82,6.82,6.82,6.82,8.48,8.48,9.22,9.22,7.38,7.38,7.38,7.38,7.38,7.38,8.85,9.59,9.59,8.85,7.01,7.01,7.01,7.01
N_1_13,N_0_13,13.461853831504374,7.47,7.47,7.47,7.47,7.47,7.47,9.29,9.29,10.1,10.1,8.08,8.08,8.08,8.08,8.08,8.08,9.69,10.5,10.5,9.69,7.67,7.67,7.67,7.67
N_1_14,N_0_14,3.3270878688970282,3.39,3.39,3.39,3.39,3.39,3.39,5.19,5.19,5.99,5.99,3.99,3.99,3.99,3.99,3.99,3.99,5.59,6.39,6.39,5.59,3.59,3.59,3.59,3.59
N_1_14,N_0_15,5.150632459366742,5.25,5.25,5.25,5.25,5.25,5.25,8.03,8.03,9.27,9.27,6.18,6.18,6.18,6.18,6.18,6.18,8.65,9.89,9.89,8.65,5.56,5.56,5.56,5.56
N_1_14,N_1_13,12.294220255777077,6.82,6.82,6.82,6.82,6.82,6.82,8.48,8.48,9.22,9.22,7.38,7.38,7.38,7.38,7.38,7.38,8.85,9.59,9.59,8.85,7.01,7.01,7.01,7.01
N_1_15,N_0_15,1.5116751468781877,2.48,2.48,2.48,2.48,2.48,2.48,4.11,4.11,4.84,4.84,3.02,3.02,3.02,3.02,3.02,3.02,4.47,5.2,5.2,4.47,2.66,2.66,2.66,2.66
N_1_15,N_2_13,1.2209915699798268,2.0,2.0,2.0,2.0,2.0,2.0,3.32,3.32,3.91,3.91,2.44,2.44,2.44,2.44,2.44,2.44,3.61,4.2,4.2,3.61,2.15,2.15,2.15,2.15
N_1_15,N_3_15,1.8483091893082142,3.03,3.03,3.03,3.03,3.03,3.03,5.03,5.03,5.91,5.91,3.7,3.7,3.7,3.7,3.7,3.7,5.47,6.36,6.36,5.47,3.25,3.25,3.25,3.25
N_1_15,N_2_16,3.3191553037857244,3.39,3.39,3.39,3.39,3.39,3.39,5.18,5.18,5.97,5.97,3.98,3.98,3.98,3.98,3.98,3.98,5.58,6.37,6.37,5.58,3.58,3.58,3.58,3.58
N_1_15,N_1_17,5.955986909642796,6.08,6.08,6.08,6.08,6.08,6.08,9.29,9.29,10.72,10.72,7.15,7.15,7.15,7.15,7.15,7.15,10.01,11.44,11.44,10.01,6.43,6.43,6.43,6.43
N_1_15,N_0_14,14.85597536617207,8.25,8.25,8.25,8.25,8.25,8.25,10.25,10.25,11.14,11.14,8.91,8.91,8.91,8.91,8.91,8.91,10.7,11.59,11.59,10.7,8.47,8.47,8.47,8.47
N_1_15,N_1_14,2.275361300759374,3.73,3.73,3.73,3.73,3.73,3.73,6.19,6.19,7.28,7.28,4.55,4.55,4.55,4.55,4.55,4.55,6.74,7.83,7.83,6.74,4.0,4.0,4.0,4.0
N_1_15,N_1_16,1.1367982687028562,1.86,1.86,1.86,1.86,1.86,1.86,3.09,3.09,3.64,3.64,2.27,2.27,2.27,2.27,2.27,2.27,3.36,3.91,3.91,3.36,2.0,2.0,2.0,2.0
N_1_16,N_0_15,6.792429688565676,6.93,6.93,6.93,6.93,6.93,6.93,10.6,10.6,12.23,12.23,8.15,8.15,8.15,8.15,8.15,8.15,11.41,13.04,13.04,11.41,7.34,7.34,7.34,7.34
N_1_16,N_1_15,1.1367982687028562,1.86,1.86,1.86,1.86,1.86,1.86,3.09,3.09,3.64,3.64,2.27,2.27,2.27,2.27,2.27,2.27,3.36,3.91,3.91,3.36,2.0,2.0,2.0,2.0
N_1_16,N_3_16,13.609886410477902,7.55,7.55,7.55,7.55,7.55,7.55,9.39,9.39,10.21,10.21,8.17,8.17,8.17,8.17,8.17,8.17,9.8,10.62,10.62,9.8,7.76,7.76,7.76,7.76
N_1_16,N_2_18,2.3885320943366217,3.92,3.92,3.92,3.92,3.92,3.92,6.5,6.5,7.64,7.64,4.78,4.78,4.78,4.78,4.78,4.78,7.07,8.22,8.22,7.07,4.2,4.2,4.2,4.2
N_1_17,N_0_17,11.90925766001227,6.61,6.61,6.61,6.61,6.61,6.61,8.22,8.22,8.93,8.93,7.15,7.15,7.15,7.15,7.15,7.15,8.57,9.29,9.29,8.57,6.79,6.79,6.79,6.79
N_1_17,N_1_15,5.955986909642796,6.08,6.08,6.08,6.08,6.08,6.08,9.29,9.29,10.72,10.72,7.15,7.15,7.15,7.15,7.15,7.15,10.01,11.44,11.44,10.01,6.43,6.43,6.43,6.43
N_1_17,N_2_15,10.197372529308758,5.66,5.66,5.66,5.66,5.66,5.66,7.04,7.04,7.65,7.65,6.12,6.12,6.12,6.12,6.12,6.12,7.34,7.95,7.95,7.34,5.81,5.81,5.81,5.81
N_1_17,N_3_19,6.481646064321001,6.61,6.61,6.61,6.61,6.61,6.61,10.11,10.11,11.67,11.67,7.78,7.78,7.78,7.78,7.78,7.78,10.89,12.44,12.44,10.89,7.0,7.0,7.0,7.0
N_1_17,N_1_20,4.818366025606611,4.91,4.91,4.91,4.91,4.91,4.91,7.52,7.52,8.67,8.67,5.78,5.78,5.78,5.78,5.78,5.78,8.09,9.25,9.25,8.09,5.2,5.2,5.2,5.2
N_1_17,N_2_17,1.473749457786984,2.42,2.42,2.42,2.42,2.42,2.42,4.01,4.01,4.72,4.72,2.95,2.95,2.95,2.95,2.95,2.95,4.36,5.07,5.07,4.36,2.59,2.59,2.59,2.59
N_1_18,N_0_19,13.957109458419932,7.75,7.75,7.75,7.75,7.75,7.75,9.63,9.63,10.47,10.47,8.37,8.37,8.37,8.37,8.37,8.37,10.05,10.89,10.89,10.05,7.96,7.96,7.96,7.96
N_1_18,N_0_20,5.841739659463597,5.96,5.96,5.96,5.96,5.96,5.96,9.11,9.11,10.52,10.52,7.01,7.01,7.01,7.01,7.01,7.01,9.81,11.22,11.22,9.81,6.31,6.31,6.31,6.31
N_1_18,N_2_16,3.7154778057715205,3.79,3.79,3.79,3.79,3.79,3.79,5.8,5.8,6.69,6.69,4.46,4.46,4.46,4.46,4.46,4.46,6.24,7.13,7.13,6.24,4.01,4.01,4.01,4.01
N_1_18,N_2_19,1.2279613794108244,2.01,2.01,2.01,2.01,2.01,2.01,3.34,3.34,3.93,3.93,2.46,2.46,2.46,2.46,2.46,2.46,3.63,4.22,4.22,3.63,2.16,2.16,2.16,2.16
N_1_18,N_0_16,11.461106929801016,6.36,6.36,6.36,6.36,6.36,6.36,7.91,7.91,8.6,8.6,6.88,6.88,6.88,6.88,6.88,6.88,8.25,8.94,8.94,8.25,6.53,6.53,6.53,6.53
N_1_18,N_1_15,4.556709360038141,4.65,4.65,4.65,4.65,4.65,4.65,7.11,7.11,8.2,8.2,5.47,5.47,5.47,5.47,5.47,5.47,7.66,8.75,8.75,7.66,4.92,4.92,4.92,4.92
N_1_19,N_0_20,4.50933292601092,4.6,4.6,4.6,4.6,4.6,4.6,7.03,7.03,8.12,8.12,5.41,5.41,5.41,5.41,5.41,5.41,7.58,8.66,8.66,7.58,4.87,4.87,4.87,4.87
N_1_19,N_1_22,10.579087314474226,5.87,5.87,5.87,5.87,5.87,5.87,7.3,7.3,7.93,7.93,6.35,6.35,6.35,6.35,6.35,6.35,7.62,8.25,8.25,7.62,6.03,6.03,6.03,6.03
N_1_19,N_2_19,2.1249117730157927,3.48,3.48,3.48,3.48,3.48,3.48,5.78,5.78,6.8,6.8,4.25,4.25,4.25,4.25,4.25,4.25,6.29,7.31,7.31,6.29,3.74,3.74,3.74,3.74
N_1_19,N_1_20,4.5274816357432375,4.62,4.62,4.62,4.62,4.62,4.62,7.06,7.06,8.15,8.15,5.43,5.43,5.43,5.43,5.43,5.43,7.61,8.69,8.69,7.61,4.89,4.89,4.89,4.89
N_1_19,N_1_16,5.821846697728368,5.94,5.94,5.94,5.94,5.94,5.94,9.08,9.08,10.48,10.48,6.99,6.99,6.99,6.99,6.99,6.99,9.78,11.18,11.18,9.78,6.29,6.29,6.29,6.29
N_1_2,N_0_3,4.274719474242522,4.36,4.36,4.36,4.36,4.36,4.36,6.67,6.67,7.69,7.69,5.13,5.13,5.13,5.13,5.13,5.13,7.18,8.21,8.21,7.18,4.62,4.62,4.62,4.62
N_1_2,N_3_4,9.9772736998172,5.54,5.54,5.54,5.54,5.54,5.54,6.88,6.88,7.48,7.48,5.99,5.99,5.99,5.99,5.99,5.99,7.18,7.78,7.78,7.18,5.69,5.69,5.69,5.69
N_1_2,N_3_1,5.461834379109011,5.57,5.57,5.57,5.57,5.57,5.57,8.52,8.52,9.83,9.83,6.55,6.55,6.55,6.55,6.55,6.55,9.18,10.49,10.49,9.18,5.9,5.9,5.9,5.9
N_1_2,N_0_1,1.2927423744613435,2.12,2.12,2.12,2.12,2.12,2.12,3.52,3.52,4.14,4.14,2.59,2.59,2.59,2.59,2.59,2.59,3.83,4.45,4.45,3.83,2.28,2.28,2.28,2.28
N_1_2,N_2_2,6.5894586924656,6.72,6.72,6.72,6.72,6.72,6.72,10.28,10.28,11.86,11.86,7.91,7.91,7.91,7.91,7.91,7.91,11.07,12.65,12.65,11.07,7.12,7.12,7.12,7.12
N_1_20,N_0_18,9.971296509743393,5.53,5.53,5.53,5.53,5.53,5.53,6.88,6.88,7.48,7.48,5.98,5.98,5.98,5.98,5.98,5.98,7.18,7.78,7.78,7.18,5.68,5.68,5.68,5.68
N_1_20,N_1_19,4.5274816357432375,4.62,4.62,4.62,4.62,4.62,4.62,7.06,7.06,8.15,8.15,5.43,5.43,5.43,5.43,5.43,5.43,7.61,8.69,8.69,7.61,4.89,4.89,4.89,4.89
N_1_20,N_3_19,3.8039902736614293,3.88,3.88,3.88,3.88,3.88,3.88,5.93,5.93,6.85,6.85,4.56,4.56,4.56,4.56,4.56,4.56,6.39,7.3,7.3,6.39,4.11,4.11,4.11,4.11
N_1_20,N_1_22,4.146571639799884,4.23,4.23,4.23,4.23,4.23,4.23,6.47,6.47,7.46,7.46,4.98,4.98,4.98,4.98,4.98,4.98,6.97,7.96,7.96,6.97,4.48,4.48,4.48,4.48
N_1_20,N_1_21,5.435814558048248,5.54,5.54,5.54,5.54,5.54,5.54,8.48,8.48,9.78,9.78,6.52,6.52,6.52,6.52,6.52,6.52,9.13,10.44,10.44,9.13,5.87,5.87,5.87,5.87
N_1_20,N_0_21,14.422186904170951,8.0,8.0,8.0,8.0,8.0,8.0,9.95,9.95,10.82,10.82,8.65,8.65,8.65,8.65,8.65,8.65,10.38,11.25,11.25,10.38,8.22,8.22,8.22,8.22
N_1_21,N_0_19,5.384360234696458,5.49,5.49,5.49,5.49,5.49,5.49,8.4,8.4,9.69,9.69,6.46,6.46,6.46,6.46,6.46,6.46,9.05,10.34,10.34,9.05,5.82,5.82,5.82,5.82
N_1_21,N_0_22,5.084468056533232,5.19,5.19,5.19,5.19,5.19,5.19,7.93,7.93,9.15,9.15,6.1,6.1,6.1,6.1,6.1,6.1,8.54,9.76,9.76,8.54,5.49,5.49,5.49,5.49
N_1_21,N_1_20,5.435814558048248,5.54,5.54,5.54,5.54,5.54,5.54,8.48,8.48,9.78,9.78,6.52,6.52,6.52,6.52,6.52,6.52,9.13,10.44,10.44,9.13,5.87,5.87,5.87,5.87
N_1_22,N_1_19,10.579087314474226,5.87,5.87,5.87,5.87,5.87,5.87,7.3,7.3,7.93,7.93,6.35,6.35,6.35,6.35,6.35,6.35,7.62,8.25,8.25,7.62,6.03,6.03,6.03,6.03
N_1_22,N_3_21,3.3132114076994337,3.38,3.38,3.38,3.38,3.38,3.38,5.17,5.17,5.96,5.96,3.98,3.98,3.98,3.98,3.98,3.98,5.57,6.36,6.36,5.57,3.58,3.58,3.58,3.58
N_1_22,N_0_24,11.575236289787753,6.42,6.42,6.42,6.42,6.42,6.42,7.99,7.99,8.68,8.68,6.95,6.95,6.95,6.95,6.95,6.95,8.33,9.03,9.03,8.33,6.6,6.6,6.6,6.6
N_1_22,N_1_21,3.2568694833492637,3.32,3.32,3.32,3.32,3.32,3.32,5.08,5.08,5.86,5.86,3.91,3.91,3.91,3.91,3.91,3.91,5.47,6.25,6.25,5.47,3.52,3.52,3.52,3.52
N_1_22,N_1_24,1.794788333308615,2.94,2.94,2.94,2.94,2.94,2.94,4.88,4.88,5.74,5.74,3.59,3.59,3.59,3.59,3.59,3.59,5.31,6.17,6.17,5.31,3.16,3.16,3.16,3.16
N_1_22,N_4_22,1.4991741853300136,2.46,2.46,2.46,2.46,2.46,2.46,4.08,4.08,4.8,4.8,3.0,3.0,3.0,3.0,3.0,3.0,4.44,5.16,5.16,4.44,2.64,2.64,2.64,2.64
N_1_22,N_0_20,5.062130985390324,5.16,5.16,5.16,5.16,5.16,5.16,7.9,7.9,9.11,9.11,6.07,6.07,6.07,6.07,6.07,6.07,8.5,9.72,9.72,8.5,5.47,5.47,5.47,5.47
N_1_23,N_2_21,1.9445311512187753,3.19,3.19,3.19,3.19,3.19,3.19,5.29,5.29,6.22,6.22,3.89,3.89,3.89,3.89,3.89,3.89,5.76,6.69,6.69,5.76,3.42,3.42,3.42,3.42
N_1_23,N_3_21,2.255558440738198,3.7,3.7,3.7,3.7,3.7,3.7,6.14,6.14,7.22,7.22,4.51,4.51,4.51,4.51,4.51,4.51,6.68,7.76,7.76,6.68,3.97,3.97,3.97,3.97
N_1_23,N_0_24,14.734650253218106,8.18,8.18,8.18,8.18,8.18,8.18,10.17,10.17,11.05,11.05,8.84,8.84,8.84,8.84,8.84,8.84,10.61,11.49,11.49,10.61,8.4,8.4,8.4,8.4
N_1_23,N_1_26,3.445901677541131,3.51,3.51,3.51,3.51,3.51,3.51,5.38,5.38,6.2,6.2,4.14,4.14,4.14,4.14,4.14,4.14,5.79,6.62,6.62,5.79,3.72,3.72,3.72,3.72
N_1_24,N_1_25,0.7121858554296077,1.17,1.17,1.17,1.17,1.17,1.17,1.94,1.94,2.28,2.28,1.42,1.42,1.42,1.42,1.42,1.42,2.11,2.45,2.45,2.11,1.25,1.25,1.25,1.25
N_1_24,N_3_22,6.938013803350695,7.08,7.08,7.08,7.08,7.08,7.08,10.82,10.82,12.49,12.49,8.33,8.33,8.33,8.33,8.33,8.33,11.66,13.32,13.32,11.66,7.49,7.49,7.49,7.49
N_1_24,N_1_26,5.134402601572176,5.24,5.24,5.24,5.24,5.24,5.24,8.01,8.01,9.24,9.24,6.16,6.16,6.16,6.16,6.16,6.16,8.63,9.86,9.86,8.63,5.55,5.55,5.55,5.55
N_1_24,N_4_24,1.878289685893457,3.08,3.08,3.08,3.08,3.08,3.08,5.11,5.11,6.01,6.01,3.76,3.76,3.76,3.76,3.76,3.76,5.56,6.46,6.46,5.56,3.31,3.31,3.31,3.31
N_1_24,N_2_25,6.506099711162497,6.64,6.64,6.64,6.64,6.64,6.64,10.15,10.15,11.71,11.71,7.81,7.81,7.81,7.81,7.81,7.81,10.93,12.49,12.49,10.93,7.03,7.03,7.03,7.03
N_1_24,N_2_26,8.17146868874195,4.54,4.54,4.54,4.54,4.54,4.54,5.64,5.64,6.13,6.13,4.9,4.9,4.9,4.9,4.9,4.9,5.88,6.37,6.37,5.88,4.66,4.66,4.66,4.66
N_1_25,N_0_24,4.936644497885493,5.04,5.04,5.04,5.04,5.04,5.04,7.7,7.7,8.89,8.89,5.92,5.92,5.92,5.92,5.92,5.92,8.29,9.48,9.48,8.29,5.33,5.33,5.33,5.33
N_1_25,N_1_24,0.7121858554296077,1.17,1.17,1.17,1.17,1.17,1.17,1.94,1.94,2.28,2.28,1.42,1.42,1.42,1.42,1.42,1.42,2.11,2.45,2.45,2.11,1.25,1.25,1.25,1.25
N_1_25,N_3_25,5.598268310763119,5.71,5.71,5.71,5.71,5.71,5.71,8.73,8.73,10.08,10.08,6.72,6.72,6.72,6.72,6.72,6.72,9.41,10.75,10.75,9.41,6.05,6.05,6.05,6.05
N_1_25,N_0_27,6.087949018283647,6.21,6.21,6.21,6.21,6.21,6.21,9.5,9.5,10.96,10.96,7.31,7.31,7.31,7.31,7.31,7.31,10.23,11.69,11.69,10.23,6.57,6.57,6.57,6.57
N_1_25,N_1_27,1.7894458905438888,2.93,2.93,2.93,2.93,2.93,2.93,4.87,4.87,5.73,5.73,3.58,3.58,3.58,3.58,3.58,3.58,5.3,6.16,6.16,5.3,3.15,3.15,3.15,3.15
N_1_26,N_1_23,3.445901677541131,3.51,3.51,3.51,3.51,3.51,3.51,5.38,5.38,6.2,6.2,4.14,4.14,4.14,4.14,4.14,4.14,5.79,6.62,6.62,5.79,3.72,3.72,3.72,3.72
N_1_26,N_1_24,5.134402601572176,5.24,5.24,5.24,5.24,5.24,5.24,8.01,8.01,9.24,9.24,6.16,6.16,6.16,6.16,6.16,6.16,8.63,9.86,9.86,8.63,5.55,5.55,5.55,5.55
N_1_26,N_1_25,6.004693364201486,6.12,6.12,6.12,6.12,6.12,6.12,9.37,9.37,10.81,10.81,7.21,7.21,7.21,7.21,7.21,7.21,10.09,11.53,11.53,10.09,6.49,6.49,6.49,6.49
N_1_26,N_0_26,4.535685713953291,4.63,4.63,4.63,4.63,4.63,4.63,7.08,7.08,8.16,8.16,5.44,5.44,5.44,5.44,5.44,5.44,7.62,8.71,8.71,7.62,4.9,4.9,4.9,4.9
N_1_26,N_2_27,4.907228160556416,5.01,5.01,5.01,5.01,5.01,5.01,7.66,7.66,8.83,8.83,5.89,5.89,5.89,5.89,5.89,5.89,8.24,9.42,9.42,8.24,5.3,5.3,5.3,5.3
N_1_27,N_0_26,5.26418152486611,5.37,5.37,5.37,5.37,5.37,5.37,8.21,8.21,9.48,9.48,6.32,6.32,6.32,6.32,6.32,6.32,8.84,10.11,10.11,8.84,5.69,5.69,5.69,5.69
N_1_27,N_0_29,4.271348583612026,4.36,4.36,4.36,4.36,4.36,4.36,6.66,6.66,7.69,7.69,5.13,5.13,5.13,5.13,5.13,5.13,7.18,8.2,8.2,7.18,4.61,4.61,4.61,4.61
N_1_27,N_1_25,1.7894458905438888,2.93,2.93,2.93,2.93,2.93,2.93,4.87,4.87,5.73,5.73,3.58,3.58,3.58,3.58,3.58,3.58,5.3,6.16,6.16,5.3,3.15,3.15,3.15,3.15
N_1_27,N_2_25,9.192056740986157,5.1,5.1,5.1,5.1,5.1,5.1,6.34,6.34,6.89,6.89,5.52,5.52,5.52,5.52,5.52,5.52,6.62,7.17,7.17,6.62,5.24,5.24,5.24,5.24
N_1_27,N_1_24,1.5603627399615114,2.56,2.56,2.56,2.56,2.56,2.56,4.24,4.24,4.99,4.99,3.12,3.12,3.12,3.12,3.12,3.12,4.62,5.37,5.37,4.62,2.75,2.75,2.75,2.75
N_1_27,N_1_28,4.106422603554623,4.19,4.19,4.19,4.19,4.19,4.19,6.41,6.41,7.39,7.39,4.93,4.93,4.93,4.93,4.93,4.93,6.9,7.88,7.88,6.9,4.43,4.43,4.43,4.43
N_1_27,N_2_28,2.1913506886059,3.59,3.59,3.59,3.59,3.59,3.59,5.96,5.96,7.01,7.01,4.38,4.38,4.38,4.38,4.38,4.38,6.49,7.54,7.54,6.49,3.86,3.86,3.86,3.86
N_1_28,N_0_28,13.878275857814966,7.7,7.7,7.7,7.7,7.7,7.7,9.58,9.58,10.41,10.41,8.33,8.33,8.33,8.33,8.33,8.33,9.99,10.83,10.83,9.99,7.91,7.91,7.91,7.91
N_1_28,N_0_29,4.6618670851584145,4.76,4.76,4.76,4.76,4.76,4.76,7.27,7.27,8.39,8.39,5.59,5.59,5.59,5.59,5.59,5.59,7.83,8.95,8.95,7.83,5.03,5.03,5.03,5.03
N_1_28,N_1_27,4.106422603554623,4.19,4.19,4.19,4.19,4.19,4.19,6.41,6.41,7.39,7.39,4.93,4.93,4.93,4.93,4.93,4.93,6.9,7.88,7.88,6.9,4.43,4.43,4.43,4.43
N_1_28,N_2_29,5.389264935141758,5.5,5.5,5.5,5.5,5.5,5.5,8.41,8.41,9.7,9.7,6.47,6.47,6.47,6.47,6.47,6.47,9.05,10.35,10.35,9.05,5.82,5.82,5.82,5.82
N_1_29,N_3_31,4.407209208273147,4.5,4.5,4.5,4.5,4.5,4.5,6.88,6.88,7.93,7.93,5.29,5.29,5.29,5.29,5.29,5.29,7.4,8.46,8.46,7.4,4.76,4.76,4.76,4.76
N_1_29,N_2_31,10.557829887264925,5.86,5.86,5.86,5.86,5.86,5.86,7.28,7.28,7.92,7.92,6.33,6.33,6.33,6.33,6.33,6.33,7.6,8.24,8.24,7.6,6.02,6.02,6.02,6.02
N_1_29,N_0_30,5.189929443177207,5.29,5.29,5.29,5.29,5.29,5.29,8.1,8.1,9.34,9.34,6.23,6.23,6.23,6.23,6.23,6.23,8.72,9.96,9.96,8.72,5.61,5.61,5.61,5.61
N_1_29,N_1_28,2.191763806633343,3.59,3.59,3.59,3.59,3.59,3.59,5.96,5.96,7.01,7.01,4.38,4.38,4.38,4.38,4.38,4.38,6.49,7.54,7.54,6.49,3.86,3.86,3.86,3.86
N_1_3,N_3_3,1.4727103500531409,2.42,2.42,2.42,2.42,2.42,2.42,4.01,4.01,4.71,4.71,2.95,2.95,2.95,2.95,2.95,2.95,4.36,5.07,5.07,4.36,2.59,2.59,2.59,2.59
N_1_3,N_1_0,0.7168561683752155,1.18,1.18,1.18,1.18,1.18,1.18,1.95,1.95,2.29,2.29,1.43,1.43,1.43,1.43,1.43,1.43,2.12,2.47,2.47,2.12,1.26,1.26,1.26,1.26
N_1_3,N_3_4,1.4677501063030434,2.41,2.41,2.41,2.41,2.41,2.41,3.99,3.99,4.7,4.7,2.94,2.94,2.94,2.94,2.94,2.94,4.34,5.05,5.05,4.34,2.58,2.58,2.58,2.58
N_1_3,N_1_5,5.503516954397658,5.61,5.61,5.61,5.61,5.61,5.61,8.59,8.59,9.91,9.91,6.6,6.6,6.6,6.6,6.6,6.6,9.25,10.57,10.57,9.25,5.94,5.94,5.94,5.94
N_1_30,N_0_28,12.016756756103362,6.67,6.67,6.67,6.67,6.67,6.67,8.29,8.29,9.01,9.01,7.21,7.21,7.21,7.21,7.21,7.21,8.65,9.37,9.37,8.65,6.85,6.85,6.85,6.85
N_1_30,N_0_30,10.899082166442085,6.05,6.05,6.05,6.05,6.05,6.05,7.52,7.52,8.17,8.17,6.54,6.54,6.54,6.54,6.54,6.54,7.85,8.5,8.5,7.85,6.21,6.21,6.21,6.21
N_1_30,N_1_33,11.566255670284974,6.42,6.42,6.42,6.42,6.42,6.42,7.98,7.98,8.67,8.67,6.94,6.94,6.94,6.94,6.94,6.94,8.33,9.02,9.02,8.33,6.59,6.59,6.59,6.59
N_1_30,N_3_31,4.3716362936418705,4.46,4.46,4.46,4.46,4.46,4.46,6.82,6.82,7.87,7.87,5.25,5.25,5.25,5.25,5.25,5.25,7.34,8.39,8.39,7.34,4.72,4.72,4.72,4.72
N_1_30,N_4_30,6.691981311449393,6.83,6.83,6.83,6.83,6.83,6.83,10.44,10.44,12.05,12.05,8.03,8.03,8.03,8.03,8.03,8.03,11.24,12.85,12.85,11.24,7.23,7.23,7.23,7.23
N_1_30,N_0_31,5.015571897998242,5.12,5.12,5.12,5.12,5.12,5.12,7.82,7.82,9.03,9.03,6.02,6.02,6.02,6.02,6.02,6.02,8.43,9.63,9.63,8.43,5.42,5.42,5.42,5.42
N_1_30,N_0_32,5.048039220476538,5.15,5.15,5.15,5.15,5.15,5.15,7.87,7.87,9.09,9.09,6.06,6.06,6.06,6.06,6.06,6.06,8.48,9.69,9.69,8.48,5.45,5.45,5.45,5.45
N_1_30,N_2_30,6.864194152419611,7.0,7.0,7.0,7.0,7.0,7.0,10.71,10.71,12.36,12.36,8.24,8.24,8.24,8.24,8.24,8.24,11.53,13.18,13.18,11.53,7.41,7.41,7.41,7.41
N_1_31,N_0_29,11.547018267843406,6.41,6.41,6.41,6.41,6.41,6.41,7.97,7.97,8.66,8.66,6.93,6.93,6.93,6.93,6.93,6.93,8.31,9.01,9.01,8.31,6.58,6.58,6.58,6.58
N_1_31,N_0_30,3.2912595095691075,3.36,3.36,3.36,3.36,3.36,3.36,5.13,5.13,5.92,5.92,3.95,3.95,3.95,3.95,3.95,3.95,5.53,6.32,6.32,5.53,3.55,3.55,3.55,3.55
N_1_31,N_0_31,12.428823557264666,6.9,6.9,6.9,6.9,6.9,6.9,8.58,8.58,9.32,9.32,7.46,7.46,7.46,7.46,7.46,7.46,8.95,9.69,9.69,8.95,7.08,7.08,7.08,7.08
N_1_31,N_2_30,2.2745196509006798,3.73,3.73,3.73,3.73,3.73,3.73,6.19,6.19,7.28,7.28,4.55,4.55,4.55,4.55,4.55,4.55,6.73,7.82,7.82,6.73,4.0,4.0,4.0,4.0
N_1_31,N_0_33,3.054002171193807,3.12,3.12,3.12,3.12,3.12,3.12,4.76,4.76,5.5,5.5,3.66,3.66,3.66,3.66,3.66,3.66,5.13,5.86,5.86,5.13,3.3,3.3,3.3,3.3
N_1_31,N_3_32,4.236300466766734,4.32,4.32,4.32,4.32,4.32,4.32,6.61,6.61,7.63,7.63,5.08,5.08,5.08,5.08,5.08,5.08,7.12,8.13,8.13,7.12,4.58,4.58,4.58,4.58
N_1_31,N_1_32,5.001863589362712,5.1,5.1,5.1,5.1,5.1,5.1,7.8,7.8,9.0,9.0,6.0,6.0,6.0,6.0,6.0,6.0,8.4,9.6,9.6,8.4,5.4,5.4,5.4,5.4
N_1_32,N_1_31,5.001863589362712,5.1,5.1,5.1,5.1,5.1,5.1,7.8,7.8,9.0,9.0,6.0,6.0,6.0,6.0,6.0,6.0,8.4,9.6,9.6,8.4,5.4,5.4,5.4,5.4
N_1_32,N_2_34,4.423147701848977,4.51,4.51,4.51,4.51,4.51,4.51,6.9,6.9,7.96,7.96,5.31,5.31,5.31,5.31,5.31,5.31,7.43,8.49,8.49,7.43,4.78,4.78,4.78,4.78
N_1_32,N_0_31,1.7099740108444397,2.8,2.8,2.8,2.8,2.8,2.8,4.65,4.65,5.47,5.47,3.42,3.42,3.42,3.42,3.42,3.42,5.06,5.88,5.88,5.06,3.01,3.01,3.01,3.01
N_1_32,N_1_33,5.4605821283182365,5.57,5.57,5.57,5.57,5.57,5.57,8.52,8.52,9.83,9.83,6.55,6.55,6.55,6.55,6.55,6.55,9.17,10.48,10.48,9.17,5.9,5.9,5.9,5.9
N_1_32,N_3_34,6.7203034917676145,6.85,6.85,6.85,6.85,6.85,6.85,10.48,10.48,12.1,12.1,8.06,8.06,8.06,8.06,8.06,8.06,11.29,12.9,12.9,11.29,7.26,7.26,7.26,7.26
N_1_32,N_0_34,5.383093172451973,5.49,5.49,5.49,5.49,5.49,5.49,8.4,8.4,9.69,9.69,6.46,6.46,6.46,6.46,6.46,6.46,9.04,10.34,10.34,9.04,5.81,5.81,5.81,5.81
N_1_33,N_1_30,11.566255670284974,6.42,6.42,6.42,6.42,6.42,6.42,7.98,7.98,8.67,8.67,6.94,6.94,6.94,6.94,6.94,6.94,8.33,9.02,9.02,8.33,6.59,6.59,6.59,6.59
N_1_33,N_3_31,6.890550347839754,7.03,7.03,7.03,7.03,7.03,7.03,10.75,10.75,12.4,12.4,8.27,8.27,8.27,8.27,8.27,8.27,11.58,13.23,13.23,11.58,7.44,7.44,7.44,7.44
N_1_33,N_3_34,10.539907887337431,5.85,5.85,5.85,5.85,5.85,5.85,7.27,7.27,7.9,7.9,6.32,6.32,6.32,6.32,6.32,6.32,7.59,8.22,8.22,7.59,6.01,6.01,6.01,6.01
N_1_34,N_0_32,13.067047969821193,7.25,7.25,7.25,7.25,7.25,7.25,9.02,9.02,9.8,9.8,7.84,7.84,7.84,7.84,7.84,7.84,9.41,10.19,10.19,9.41,7.45,7.45,7.45,7.45
N_1_34,N_0_34,1.5186368886501849,2.49,2.49,2.49,2.49,2.49,2.49,4.13,4.13,4.86,4.86,3.04,3.04,3.04,3.04,3.04,3.04,4.5,5.22,5.22,4.5,2.67,2.67,2.67,2.67
N_1_34,N_0_35,5.912930943584222,6.03,6.03,6.03,6.03,6.03,6.03,9.22,9.22,10.64,10.64,7.1,7.1,7.1,7.1,7.1,7.1,9.93,11.35,11.35,9.93,6.39,6.39,6.39,6.39
N_1_34,N_2_32,0.7945944972933916,1.3,1.3,1.3,1.3,1.3,1.3,2.16,2.16,2.54,2.54,1.59,1.59,1.59,1.59,1.59,1.59,2.35,2.73,2.73,2.35,1.4,1.4,1.4,1.4
N_1_34,N_1_33,3.9369583701690227,4.02,4.02,4.02,4.02,4.02,4.02,6.14,6.14,7.09,7.09,4.72,4.72,4.72,4.72,4.72,4.72,6.61,7.56,7.56,6.61,4.25,4.25,4.25,4.25
N_1_34,N_0_36,5.102578093460536,5.2,5.2,5.2,5.2,5.2,5.2,7.96,7.96,9.18,9.18,6.12,6.12,6.12,6.12,6.12,6.12,8.57,9.8,9.8,8.57,5.51,5.51,5.51,5.51
N_1_34,N_2_35,5.42843208097703,5.54,5.54,5.54,5.54,5.54,5.54,8.47,8.47,9.77,9.77,6.51,6.51,6.51,6.51,6.51,6.51,9.12,10.42,10.42,9.12,5.86,5.86,5.86,5.86
N_1_35,N_4_35,13.640367703543685,7.57,7.57,7.57,7.57,7.57,7.57,9.41,9.41,10.23,10.23,8.18,8.18,8.18,8.18,8.18,8.18,9.82,10.64,10.64,9.82,7.78,7.78,7.78,7.78
N_1_35,N_3_37,6.960059898944438,7.1,7.1,7.1,7.1,7.1,7.1,10.86,10.86,12.53,12.53,8.35,8.35,8.35,8.35,8.35,8.35,11.69,13.36,13.36,11.69,7.52,7.52,7.52,7.52
N_1_35,N_0_37,4.366665671257543,4.45,4.45,4.45,4.45,4.45,4.45,6.81,6.81,7.86,7.86,5.24,5.24,5.24,5.24,5.24,5.24,7.34,8.38,8.38,7.34,4.72,4.72,4.72,4.72
N_1_35,N_3_35,5.542091559765137,5.65,5.65,5.65,5.65,5.65,5.65,8.65,8.65,9.98,9.98,6.65,6.65,6.65,6.65,6.65,6.65,9.31,10.64,10.64,9.31,5.99,5.99,5.99,5.99
N_1_35,N_3_36,1.4556961289131756,2.39,2.39,2.39,2.39,2.39,2.39,3.96,3.96,4.66,4.66,2.91,2.91,2.91,2.91,2.91,2.91,4.31,5.01,5.01,4.31,2.56,2.56,2.56,2.56
N_1_35,N_2_34,0.6927849437869906,1.14,1.14,1.14,1.14,1.14,1.14,1.88,1.88,2.22,2.22,1.39,1.39,1.39,1.39,1.39,1.39,2.05,2.38,2.38,2.05,1.22,1.22,1.22,1.22
N_1_35,N_0_33,4.092882434552079,4.17,4.17,4.17,4.17,4.17,4.17,6.38,6.38,7.37,7.37,4.91,4.91,4.91,4.91,4.91,4.91,6.88,7.86,7.86,6.88,4.42,4.42,4.42,4.42
N_1_36,N_0_38,3.9191866971501472,4.0,4.0,4.0,4.0,4.0,4.0,6.11,6.11,7.05,7.05,4.7,4.7,4.7,4.7,4.7,4.7,6.58,7.52,7.52,6.58,4.23,4.23,4.23,4.23
N_1_36,N_1_39,4.942111570261469,5.04,5.04,5.04,5.04,5.04,5.04,7.71,7.71,8.9,8.9,5.93,5.93,5.93,5.93,5.93,5.93,8.3,9.49,9.49,8.3,5.34,5.34,5.34,5.34
N_1_36,N_3_37,2.244613220096533,3.68,3.68,3.68,3.68,3.68,3.68,6.11,6.11,7.18,7.18,4.49,4.49,4.49,4.49,4.49,4.49,6.64,7.72,7.72,6.64,3.95,3.95,3.95,3.95
N_1_36,N_3_36,2.249889377393213,3.69,3.69,3.69,3.69,3.69,3.69,6.12,6.12,7.2,7.2,4.5,4.5,4.5,4.5,4.5,4.5,6.66,7.74,7.74,6.66,3.96,3.96,3.96,3.96
N_1_36,N_3_38,6.579937844270576,6.71,6.71,6.71,6.71,6.71,6.71,10.26,10.26,11.84,11.84,7.9,7.9,7.9,7.9,7.9,7.9,11.05,12.63,12.63,11.05,7.11,7.11,7.11,7.11
N_1_36,N_0_35,14.327154973022065,7.95,7.95,7.95,7.95,7.95,7.95,9.89,9.89,10.75,10.75,8.6,8.6,8.6,8.6,8.6,8.6,10.32,11.18,11.18,10.32,8.17,8.17,8.17,8.17
N_1_37,N_0_35,3.2015076741805872,3.27,3.27,3.27,3.27,3.27,3.27,4.99,4.99,5.76,5.76,3.84,3.84,3.84,3.84,3.84,3.84,5.38,6.15,6.15,5.38,3.46,3.46,3.46,3.46
N_1_37,N_0_36,13.405873499272163,7.44,7.44,7.44,7.44,7.44,7.44,9.25,9.25,10.05,10.05,8.04,8.04,8.04,8.04,8.04,8.04,9.65,10.46,10.46,9.65,7.64,7.64,7.64,7.64
N_1_37,N_0_37,13.508915077844033,7.5,7.5,7.5,7.5,7.5,7.5,9.32,9.32,10.13,10.13,8.11,8.11,8.11,8.11,8.11,8.11,9.73,10.54,10.54,9.73,7.7,7.7,7.7,7.7
N_1_37,N_0_39,5.321830912815485,5.43,5.43,5.43,5.43,5.43,5.43,8.3,8.3,9.58,9.58,6.39,6.39,6.39,6.39,6.39,6.39,8.94,10.22,10.22,8.94,5.75,5.75,5.75,5.75
N_1_38,N_0_37,1.0632917792317078,1.74,1.74,1.74,1.74,1.74,1.74,2.89,2.89,3.4,3.4,2.13,2.13,2.13,2.13,2.13,2.13,3.15,3.66,3.66,3.15,1.87,1.87,1.87,1.87
N_1_38,N_3_37,2.2721726528015775,3.73,3.73,3.73,3.73,3.73,3.73,6.18,6.18,7.27,7.27,4.54,4.54,4.54,4.54,4.54,4.54,6.73,7.82,7.82,6.73,4.0,4.0,4.0,4.0
N_1_38,N_1_35,8.30158613453394,4.61,4.61,4.61,4.61,4.61,4.61,5.73,5.73,6.23,6.23,4.98,4.98,4.98,4.98,4.98,4.98,5.98,6.48,6.48,5.98,4.73,4.73,4.73,4.73
N_1_38,N_3_39,3.066525264174223,3.13,3.13,3.13,3.13,3.13,3.13,4.78,4.78,5.52,5.52,3.68,3.68,3.68,3.68,3.68,3.68,5.15,5.89,5.89,5.15,3.31,3.31,3.31,3.31
N_1_38,N_3_38,1.0660302538375435,1.75,1.75,1.75,1.75,1.75,1.75,2.9,2.9,3.41,3.41,2.13,2.13,2.13,2.13,2.13,2.13,3.16,3.67,3.67,3.16,1.88,1.88,1.88,1.88
N_1_38,N_0_36,5.696572804847465,5.81,5.81,5.81,5.81,5.81,5.81,8.89,8.89,10.25,10.25,6.84,6.84,6.84,6.84,6.84,6.84,9.57,10.94,10.94,9.57,6.15,6.15,6.15,6.15
N_1_38,N_2_37,0.5621277053181477,0.92,0.92,0.92,0.92,0.92,0.92,1.53,1.53,1.8,1.8,1.12,1.12,1.12,1.12,1.12,1.12,1.66,1.93,1.93,1.66,0.99,0.99,0.99,0.99
N_1_39,N_0_38,3.91984702161873,4.0,4.0,4.0,4.0,4.0,4.0,6.11,6.11,7.06,7.06,4.7,4.7,4.7,4.7,4.7,4.7,6.59,7.53,7.53,6.59,4.23,4.23,4.23,4.23
N_1_39,N_1_36,4.942111570261469,5.04,5.04,5.04,5.04,5.04,5.04,7.71,7.71,8.9,8.9,5.93,5.93,5.93,5.93,5.93,5.93,8.3,9.49,9.49,8.3,5.34,5.34,5.34,5.34
N_1_39,N_2_38,3.932054031755281,4.01,4.01,4.01,4.01,4.01,4.01,6.13,6.13,7.08,7.08,4.72,4.72,4.72,4.72,4.72,4.72,6.61,7.55,7.55,6.61,4.25,4.25,4.25,4.25
N_1_39,N_0_37,4.303763149282751,4.39,4.39,4.39,4.39,4.39,4.39,6.71,6.71,7.75,7.75,5.16,5.16,5.16,5.16,5.16,5.16,7.23,8.26,8.26,7.23,4.65,4.65,4.65,4.65
N_1_4,N_0_3,9.485448304048283,5.26,5.26,5.26,5.26,5.26,5.26,6.54,6.54,7.11,7.11,5.69,5.69,5.69,5.69,5.69,5.69,6.83,7.4,7.4,6.83,5.41,5.41,5.41,5.41
N_1_4,N_1_5,3.196771015479606,3.26,3.26,3.26,3.26,3.26,3.26,4.99,4.99,5.75,5.75,3.84,3.84,3.84,3.84,3.84,3.84,5.37,6.14,6.14,5.37,3.45,3.45,3.45,3.45
N_1_4,N_3_4,1.6500865576567516,2.71,2.71,2.71,2.71,2.71,2.71,4.49,4.49,5.28,5.28,3.3,3.3,3.3,3.3,3.3,3.3,4.88,5.68,5.68,4.88,2.9,2.9,2.9,2.9
N_1_4,N_2_3,14.193432823547386,7.88,7.88,7.88,7.88,7.88,7.88,9.79,9.79,10.65,10.65,8.52,8.52,8.52,8.52,8.52,8.52,10.22,11.07,11.07,10.22,8.09,8.09,8.09,8.09
N_1_4,N_1_7,12.761375906207508,7.08,7.08,7.08,7.08,7.08,7.08,8.81,8.81,9.57,9.57,7.66,7.66,7.66,7.66,7.66,7.66,9.19,9.95,9.95,9.19,7.27,7.27,7.27,7.27
N_1_4,N_1_6,6.958500013581499,7.1,7.1,7.1,7.1,7.1,7.1,10.86,10.86,12.53,12.53,8.35,8.35,8.35,8.35,8.35,8.35,11.69,13.36,13.36,11.69,7.52,7.52,7.52,7.52
N_1_5,N_1_3,5.503516954397658,5.61,5.61,5.61,5.61,5.61,5.61,8.59,8.59,9.91,9.91,6.6,6.6,6.6,6.6,6.6,6.6,9.25,10.57,10.57,9.25,5.94,5.94,5.94,5.94
N_1_5,N_1_4,3.196771015479606,3.26,3.26,3.26,3.26,3.26,3.26,4.99,4.99,5.75,5.75,3.84,3.84,3.84,3.84,3.84,3.84,5.37,6.14,6.14,5.37,3.45,3.45,3.45,3.45
N_1_5,N_3_6,13.74432242074814,7.63,7.63,7.63,7.63,7.63,7.63,9.48,9.48,10.31,10.31,8.25,8.25,8.25,8.25,8.25,8.25,9.9,10.72,10.72,9.9,7.83,7.83,7.83,7.83
N_1_5,N_3_3,6.4832367524947365,6.61,6.61,6.61,6.61,6.61,6.61,10.11,10.11,11.67,11.67,7.78,7.78,7.78,7.78,7.78,7.78,10.89,12.45,12.45,10.89,7.0,7.0,7.0,7.0
N_1_5,N_1_6,1.7955779567452237,2.94,2.94,2.94,2.94,2.94,2.94,4.88,4.88,5.75,5.75,3.59,3.59,3.59,3.59,3.59,3.59,5.31,6.18,6.18,5.31,3.16,3.16,3.16,3.16
N_1_5,N_3_4,3.3012972419455533,3.37,3.37,3.37,3.37,3.37,3.37,5.15,5.15,5.94,5.94,3.96,3.96,3.96,3.96,3.96,3.96,5.55,6.34,6.34,5.55,3.57,3.57,3.57,3.57
N_1_6,N_1_4,6.958500013581499,7.1,7.1,7.1,7.1,7.1,7.1,10.86,10.86,12.53,12.53,8.35,8.35,8.35,8.35,8.35,8.35,11.69,13.36,13.36,11.69,7.52,7.52,7.52,7.52
N_1_6,N_0_6,6.957210091959584,7.1,7.1,7.1,7.1,7.1,7.1,10.85,10.85,12.52,12.52,8.35,8.35,8.35,8.35,8.35,8.35,11.69,13.36,13.36,11.69,7.51,7.51,7.51,7.51
N_1_6,N_2_5,2.2103463793430533,3.62,3.62,3.62,3.62,3.62,3.62,6.01,6.01,7.07,7.07,4.42,4.42,4.42,4.42,4.42,4.42,6.54,7.6,7.6,6.54,3.89,3.89,3.89,3.89
N_1_6,N_2_4,2.218948431969632,3.64,3.64,3.64,3.64,3.64,3.64,6.04,6.04,7.1,7.1,4.44,4.44,4.44,4.44,4.44,4.44,6.57,7.63,7.63,6.57,3.91,3.91,3.91,3.91
N_1_6,N_3_6,5.25028199055259,5.36,5.36,5.36,5.36,5.36,5.36,8.19,8.19,9.45,9.45,6.3,6.3,6.3,6.3,6.3,6.3,8.82,10.08,10.08,8.82,5.67,5.67,5.67,5.67
N_1_7,N_1_4,12.761375906207508,7.08,7.08,7.08,7.08,7.08,7.08,8.81,8.81,9.57,9.57,7.66,7.66,7.66,7.66,7.66,7.66,9.19,9.95,9.95,9.19,7.27,7.27,7.27,7.27
N_1_7,N_0_8,11.967198201997594,6.64,6.64,6.64,6.64,6.64,6.64,8.26,8.26,8.98,8.98,7.18,7.18,7.18,7.18,7.18,7.18,8.62,9.33,9.33,8.62,6.82,6.82,6.82,6.82
N_1_7,N_1_10,6.542608822632722,6.67,6.67,6.67,6.67,6.67,6.67,10.21,10.21,11.78,11.78,7.85,7.85,7.85,7.85,7.85,7.85,10.99,12.56,12.56,10.99,7.07,7.07,7.07,7.07
N_1_7,N_1_5,9.29432859689745,5.16,5.16,5.16,5.16,5.16,5.16,6.41,6.41,6.97,6.97,5.58,5.58,5.58,5.58,5.58,5.58,6.69,7.25,7.25,6.69,5.3,5.3,5.3,5.3
N_1_8,N_0_6,4.986045213295414,5.09,5.09,5.09,5.09,5.09,5.09,7.78,7.78,8.97,8.97,5.98,5.98,5.98,5.98,5.98,5.98,8.38,9.57,9.57,8.38,5.38,5.38,5.38,5.38
N_1_8,N_0_8,1.9017035267629934,3.12,3.12,3.12,3.12,3.12,3.12,5.17,5.17,6.09,6.09,3.8,3.8,3.8,3.8,3.8,3.8,5.63,6.54,6.54,5.63,3.35,3.35,3.35,3.35
N_1_8,N_1_5,6.38416957854146,6.51,6.51,6.51,6.51,6.51,6.51,9.96,9.96,11.49,11.49,7.66,7.66,7.66,7.66,7.66,7.66,10.73,12.26,12.26,10.73,6.89,6.89,6.89,6.89
N_1_8,N_0_7,5.009669756692591,5.11,5.11,5.11,5.11,5.11,5.11,7.82,7.82,9.02,9.02,6.01,6.01,6.01,6.01,6.01,6.01,8.42,9.62,9.62,8.42,5.41,5.41,5.41,5.41
N_1_9,N_0_11,6.431789554653204,6.56,6.56,6.56,6.56,6.56,6.56,10.03,10.03,11.58,11.58,7.72,7.72,7.72,7.72,7.72,7.72,10.81,12.35,12.35,10.81,6.95,6.95,6.95,6.95
N_1_9,N_0_7,0.6056168123767975,0.99,0.99,0.99,0.99,0.99,0.99,1.65,1.65,1.94,1.94,1.21,1.21,1.21,1.21,1.21,1.21,1.79,2.08,2.08,1.79,1.07,1.07,1.07,1.07
N_1_9,N_1_8,1.0088644235632034,1.65,1.65,1.65,1.65,1.65,1.65,2.74,2.74,3.23,3.23,2.02,2.02,2.02,2.02,2.02,2.02,2.99,3.47,3.47,2.99,1.78,1.78,1.78,1.78
N_1_9,N_1_7,2.249955590606934,3.69,3.69,3.69,3.69,3.69,3.69,6.12,6.12,7.2,7.2,4.5,4.5,4.5,4.5,4.5,4.5,6.66,7.74,7.74,6.66,3.96,3.96,3.96,3.96
N_1_9,N_2_8,10.67091071539406,5.92,5.92,5.92,5.92,5.92,5.92,7.36,7.36,8.0,8.0,6.4,6.4,6.4,6.4,6.4,6.4,7.68,8.32,8.32,7.68,6.08,6.08,6.08,6.08
N_20_0,N_19_1,8.656779814074218,4.8,4.8,4.8,4.8,4.8,4.8,5.97,5.97,6.49,6.49,5.19,5.19,5.19,5.19,5.19,5.19,6.23,6.75,6.75,6.23,4.93,4.93,4.93,4.93
N_20_0,N_17_0,5.673280513829903,5.79,5.79,5.79,5.79,5.79,5.79,8.85,8.85,10.21,10.21,6.81,6.81,6.81,6.81,6.81,6.81,9.53,10.89,10.89,9.53,6.13,6.13,6.13,6.13
N_20_0,N_20_2,5.066747862978203,5.17,5.17,5.17,5.17,5.17,5.17,7.9,7.9,9.12,9.12,6.08,6.08,6.08,6.08,6.08,6.08,8.51,9.73,9.73,8.51,5.47,5.47,5.47,5.47
N_20_0,N_22_1,13.019795950856121,7.23,7.23,7.23,7.23,7.23,7.23,8.98,8.98,9.76,9.76,7.81,7.81,7.81,7.81,7.81,7.81,9.37,10.16,10.16,9.37,7.42,7.42,7.42,7.42
N_20_1,N_18_1,1.9248827921227984,3.16,3.16,3.16,3.16,3.16,3.16,5.24,5.24,6.16,6.16,3.85,3.85,3.85,3.85,3.85,3.85,5.7,6.62,6.62,5.7,3.39,3.39,3.39,3.39
N_20_1,N_18_3,1.0982556261130054,1.8,1.8,1.8,1.8,1.8,1.8,2.99,2.99,3.51,3.51,2.2,2.2,2.2,2.2,2.2,2.2,3.25,3.78,3.78,3.25,1.93,1.93,1.93,1.93
N_20_1,N_18_2,3.7557612325873873,3.83,3.83,3.83,3.83,3.83,3.83,5.86,5.86,6.76,6.76,4.51,4.51,4.51,4.51,4.51,4.51,6.31,7.21,7.21,6.31,4.06,4.06,4.06,4.06
N_20_1,N_20_4,3.072513840827072,3.13,3.13,3.13,3.13,3.13,3.13,4.79,4.79,5.53,5.53,3.69,3.69,3.69,3.69,3.69,3.69,5.16,5.9,5.9,5.16,3.32,3.32,3.32,3.32
N_20_1,N_22_3,5.4575174006751555,5.57,5.57,5.57,5.57,5.57,5.57,8.51,8.51,9.82,9.82,6.55,6.55,6.55,6.55,6.55,6.55,9.17,10.48,10.48,9.17,5.89,5.89,5.89,5.89
N_20_1,N_20_3,8.175932443951403,4.54,4.54,4.54,4.54,4.54,4.54,5.64,5.64,6.13,6.13,4.91,4.91,4.91,4.91,4.91,4.91,5.89,6.38,6.38,5.89,4.66,4.66,4.66,4.66
N_20_1,N_21_1,3.2141025496376256,3.28,3.28,3.28,3.28,3.28,3.28,5.01,5.01,5.79,5.79,3.86,3.86,3.86,3.86,3.86,3.86,5.4,6.17,6.17,5.4,3.47,3.47,3.47,3.47
N_20_10,N_20_12,9.238220858570308,5.13,5.13,5.13,5.13,5.13,5.13,6.37,6.37,6.93,6.93,5.54,5.54,5.54,5.54,5.54,5.54,6.65,7.21,7.21,6.65,5.27,5.27,5.27,5.27
N_20_10,N_18_11,3.4770974463796955,3.55,3.55,3.55,3.55,3.55,3.55,5.42,5.42,6.26,6.26,4.17,4.17,4.17,4.17,4.17,4.17,5.84,6.68,6.68,5.84,3.76,3.76,3.76,3.76
N_20_10,N_20_13,3.7573040792567536,3.83,3.83,3.83,3.83,3.83,3.83,5.86,5.86,6.76,6.76,4.51,4.51,4.51,4.51,4.51,4.51,6.31,7.21,7.21,6.31,4.06,4.06,4.06,4.06
N_20_11,N_18_11,4.406213561034374,4.49,4.49,4.49,4.49,4.49,4.49,6.87,6.87,7.93,7.93,5.29,5.29,5.29,5.29,5.29,5.29,7.4,8.46,8.46,7.4,4.76,4.76,4.76,4.76
N_20_11,N_21_13,4.673244434113198,4.77,4.77,4.77,4.77,4.77,4.77,7.29,7.29,8.41,8.41,5.61,5.61,5.61,5.61,5.61,5.61,7.85,8.97,8.97,7.85,5.05,5.05,5.05,5.05
N_20_11,N_21_10,4.012323636252801,4.09,4.09,4.09,4.09,4.09,4.09,6.26,6.26,7.22,7.22,4.81,4.81,4.81,4.81,4.81,4.81,6.74,7.7,7.7,6.74,4.33,4.33,4.33,4.33
N_20_11,N_22_13,6.999519837319081,7.14,7.14,7.14,7.14,7.14,7.14,10.92,10.92,12.6,12.6,8.4,8.4,8.4,8.4,8.4,8.4,11.76,13.44,13.44,11.76,7.56,7.56,7.56,7.56
N_20_11,N_18_10,3.756776287378416,3.83,3.83,3.83,3.83,3.83,3.83,5.86,5.86,6.76,6.76,4.51,4.51,4.51,4.51,4.51,4.51,6.31,7.21,7.21,6.31,4.06,4.06,4.06,4.06
N_20_12,N_17_12,13.789723170992058,7.65,7.65,7.65,7.65,7.65,7.65,9.51,9.51,10.34,10.34,8.27,8.27,8.27,8.27,8.27,8.27,9.93,10.76,10.76,9.93,7.86,7.86,7.86,7.86
N_20_12,N_20_10,9.238220858570308,5.13,5.13,5.13,5.13,5.13,5.13,6.37,6.37,6.93,6.93,5.54,5.54,5.54,5.54,5.54,5.54,6.65,7.21,7.21,6.65,5.27,5.27,5.27,5.27
N_20_12,N_21_13,1.951405479645755,3.2,3.2,3.2,3.2,3.2,3.2,5.31,5.31,6.24,6.24,3.9,3.9,3.9,3.9,3.9,3.9,5.78,6.71,6.71,5.78,3.43,3.43,3.43,3.43
N_20_12,N_21_14,12.574623217272286,6.98,6.98,6.98,6.98,6.98,6.98,8.68,8.68,9.43,9.43,7.54,7.54,7.54,7.54,7.54,7.54,9.05,9.81,9.81,9.05,7.17,7.17,7.17,7.17
N_20_12,N_18_12,10.330509380148603,5.73,5.73,5.73,5.73,5.73,5.73,7.13,7.13,7.75,7.75,6.2,6.2,6.2,6.2,6.2,6.2,7.44,8.06,8.06,7.44,5.89,5.89,5.89,5.89
N_20_13,N_18_13,6.388096064859676,6.52,6.52,6.52,6.52,6.52,6.52,9.97,9.97,11.5,11.5,7.67,7.67,7.67,7.67,7.67,7.67,10.73,12.27,12.27,10.73,6.9,6.9,6.9,6.9
N_20_13,N_19_11,9.212628445254722,5.11,5.11,5.11,5.11,5.11,5.11,6.36,6.36,6.91,6.91,5.53,5.53,5.53,5.53,5.53,5.53,6.63,7.19,7.19,6.63,5.25,5.25,5.25,5.25
N_20_13,N_19_15,0.7772997787863218,1.27,1.27,1.27,1.27,1.27,1.27,2.11,2.11,2.49,2.49,1.55,1.55,1.55,1.55,1.55,1.55,2.3,2.67,2.67,2.3,1.37,1.37,1.37,1.37
N_20_14,N_22_14,5.541999815156148,5.65,5.65,5.65,5.65,5.65,5.65,8.65,8.65,9.98,9.98,6.65,6.65,6.65,6.65,6.65,6.65,9.31,10.64,10.64,9.31,5.99,5.99,5.99,5.99
N_20_14,N_20_16,0.8108654767262349,1.33,1.33,1.33,1.33,1.33,1.33,2.21,2.21,2.59,2.59,1.62,1.62,1.62,1.62,1.62,1.62,2.4,2.79,2.79,2.4,1.43,1.43,1.43,1.43
N_20_14,N_20_13,6.160635869572712,6.28,6.28,6.28,6.28,6.28,6.28,9.61,9.61,11.09,11.09,7.39,7.39,7.39,7.39,7.39,7.39,10.35,11.83,11.83,10.35,6.65,6.65,6.65,6.65
N_20_14,N_20_11,4.781833342406285,4.88,4.88,4.88,4.88,4.88,4.88,7.46,7.46,8.61,8.61,5.74,5.74,5.74,5.74,5.74,5.74,8.03,9.18,9.18,8.03,5.16,5.16,5.16,5.16
N_20_14,N_19_15,13.934804084714143,7.73,7.73,7.73,7.73,7.73,7.73,9.62,9.62,10.45,10.45,8.36,8.36,8.36,8.36,8.36,8.36,10.03,10.87,10.87,10.03,7.94,7.94,7.94,7.94
N_20_14,N_18_13,5.0664252949041275,5.17,5.17,5.17,5.17,5.17,5.17,7.9,7.9,9.12,9.12,6.08,6.08,6.08,6.08,6.08,6.08,8.51,9.73,9.73,8.51,5.47,5.47,5.47,5.47
N_20_15,N_20_16,1.8178624271997177,2.98,2.98,2.98,2.98,2.98,2.98,4.94,4.94,5.82,5.82,3.64,3.64,3.64,3.64,3.64,3.64,5.38,6.25,6.25,5.38,3.2,3.2,3.2,3.2
N_20_15,N_17_15,3.3977066194468293,3.47,3.47,3.47,3.47,3.47,3.47,5.3,5.3,6.12,6.12,4.08,4.08,4.08,4.08,4.08,4.08,5.71,6.52,6.52,5.71,3.67,3.67,3.67,3.67
N_20_15,N_22_16,6.035186090228906,6.16,6.16,6.16,6.16,6.16,6.16,9.41,9.41,10.86,10.86,7.24,7.24,7.24,7.24,7.24,7.24,10.14,11.59,11.59,10.14,6.52,6.52,6.52,6.52
N_20_15,N_20_18,3.3403715632691977,3.41,3.41,3.41,3.41,3.41,3.41,5.21,5.21,6.01,6.01,4.01,4.01,4.01,4.01,4.01,4.01,5.61,6.41,6.41,5.61,3.61,3.61,3.61,3.61
N_20_15,N_20_17,2.0209958088043303,3.31,3.31,3.31,3.31,3.31,3.31,5.5,5.5,6.47,6.47,4.04,4.04,4.04,4.04,4.04,4.04,5.98,6.95,6.95,5.98,3.56,3.56,3.56,3.56
N_20_15,N_19_14,12.104066279967416,6.72,6.72,6.72,6.72,6.72,6.72,8.35,8.35,9.08,9.08,7.26,7.26,7.26,7.26,7.26,7.26,8.71,9.44,9.44,8.71,6.9,6.9,6.9,6.9
N_20_15,N_18_13,4.408837607036837,4.5,4.5,4.5,4.5,4.5,4.5,6.88,6.88,7.94,7.94,5.29,5.29,5.29,5.29,5.29,5.29,7.41,8.46,8.46,7.41,4.76,4.76,4.76,4.76
N_20_15,N_20_12,2.3810366236270526,3.9,3.9,3.9,3.9,3.9,3.9,6.48,6.48,7.62,7.62,4.76,4.76,4.76,4.76,4.76,4.76,7.05,8.19,8.19,7.05,4.19,4.19,4.19,4.19
N_20_16,N_20_14,0.8108654767262349,1.33,1.33,1.33,1.33,1.33,1.33,2.21,2.21,2.59,2.59,1.62,1.62,1.62,1.62,1.62,1.62,2.4,2.79,2.79,2.4,1.43,1.43,1.43,1.43
N_20_16,N_20_15,1.8178624271997177,2.98,2.98,2.98,2.98,2.98,2.98,4.94,4.94,5.82,5.82,3.64,3.64,3.64,3.64,3.64,3.64,5.38,6.25,6.25,5.38,3.2,3.2,3.2,3.2
N_20_16,N_21_17,8.21532325847115,4.56,4.56,4.56,4.56,4.56,4.56,5.67,5.67,6.16,6.16,4.93,4.93,4.93,4.93,4.93,4.93,5.92,6.41,6.41,5.92,4.68,4.68,4.68,4.68
N_20_17,N_19_16,1.2742316480504847,2.09,2.09,2.09,2.09,2.09,2.09,3.47,3.47,4.08,4.08,2.55,2.55,2.55,2.55,2.55,2.55,3.77,4.38,4.38,3.77,2.24,2.24,2.24,2.24
N_20_17,N_17_17,3.710739142647374,3.78,3.78,3.78,3.78,3.78,3.78,5.79,5.79,6.68,6.68,4.45,4.45,4.45,4.45,4.45,4.45,6.23,7.12,7.12,6.23,4.01,4.01,4.01,4.01
N_20_17,N_18_19,3.7515527163849747,3.83,3.83,3.83,3.83,3.83,3.83,5.85,5.85,6.75,6.75,4.5,4.5,4.5,4.5,4.5,4.5,6.3,7.2,7.2,6.3,4.05,4.05,4.05,4.05
N_20_17,N_20_19,8.771019715874537,4.87,4.87,4.87,4.87,4.87,4.87,6.05,6.05,6.58,6.58,5.26,5.26,5.26,5.26,5.26,5.26,6.32,6.84,6.84,6.32,5.0,5.0,5.0,5.0
N_20_17,N_22_16,8.866971338987366,4.92,4.92,4.92,4.92,4.92,4.92,6.12,6.12,6.65,6.65,5.32,5.32,5.32,5.32,5.32,5.32,6.38,6.92,6.92,6.38,5.05,5.05,5.05,5.05
N_20_17,N_21_17,4.315678646390831,4.4,4.4,4.4,4.4,4.4,4.4,6.73,6.73,7.77,7.77,5.18,5.18,5.18,5.18,5.18,5.18,7.25,8.29,8.29,7.25,4.66,4.66,4.66,4.66
N_20_18,N_19_20,6.399773899432715,6.53,6.53,6.53,6.53,6.53,6.53,9.98,9.98,11.52,11.52,7.68,7.68,7.68,7.68,7.68,7.68,10.75,12.29,12.29,10.75,6.91,6.91,6.91,6.91
N_20_18,N_20_15,3.3403715632691977,3.41,3.41,3.41,3.41,3.41,3.41,5.21,5.21,6.01,6.01,4.01,4.01,4.01,4.01,4.01,4.01,5.61,6.41,6.41,5.61,3.61,3.61,3.61,3.61
N_20_18,N_22_16,12.599797922635423,6.99,6.99,6.99,6.99,6.99,6.99,8.69,8.69,9.45,9.45,7.56,7.56,7.56,7.56,7.56,7.56,9.07,9.83,9.83,9.07,7.18,7.18,7.18,7.18
N_20_18,N_23_18,14.453286537854996,8.02,8.02,8.02,8.02,8.02,8.02,9.97,9.97,10.84,10.84,8.67,8.67,8.67,8.67,8.67,8.67,10.41,11.27,11.27,10.41,8.24,8.24,8.24,8.24
N_20_18,N_19_18,11.072345098846284,6.15,6.15,6.15,6.15,6.15,6.15,7.64,7.64,8.3,8.3,6.64,6.64,6.64,6.64,6.64,6.64,7.97,8.64,8.64,7.97,6.31,6.31,6.31,6.31
N_20_18,N_21_18,11.455070865212774,6.36,6.36,6.36,6.36,6.36,6.36,7.9,7.9,8.59,8.59,6.87,6.87,6.87,6.87,6.87,6.87,8.25,8.93,8.93,8.25,6.53,6.53,6.53,6.53
N_20_18,N_21_20,6.643855045783225,6.78,6.78,6.78,6.78,6.78,6.78,10.36,10.36,11.96,11.96,7.97,7.97,7.97,7.97,7.97,7.97,11.16,12.76,12.76,11.16,7.18,7.18,7.18,7.18
N_20_19,N_18_19,4.040499631970678,4.12,4.12,4.12,4.12,4.12,4.12,6.3,6.3,7.27,7.27,4.85,4.85,4.85,4.85,4.85,4.85,6.79,7.76,7.76,6.79,4.36,4.36,4.36,4.36
N_20_19,N_19_19,5.399561622566804,5.51,5.51,5.51,5.51,5.51,5.51,8.42,8.42,9.72,9.72,6.48,6.48,6.48,6.48,6.48,6.48,9.07,10.37,10.37,9.07,5.83,5.83,5.83,5.83
N_20_19,N_20_17,8.771019715874537,4.87,4.87,4.87,4.87,4.87,4.87,6.05,6.05,6.58,6.58,5.26,5.26,5.26,5.26,5.26,5.26,6.32,6.84,6.84,6.32,5.0,5.0,5.0,5.0
N_20_2,N_18_0,5.427761948370682,5.54,5.54,5.54,5.54,5.54,5.54,8.47,8.47,9.77,9.77,6.51,6.51,6.51,6.51,6.51,6.51,9.12,10.42,10.42,9.12,5.86,5.86,5.86,5.86
N_20_2,N_18_4,1.5848912248024214,2.6,2.6,2.6,2.6,2.6,2.6,4.31,4.31,5.07,5.07,3.17,3.17,3.17,3.17,3.17,3.17,4.69,5.45,5.45,4.69,2.79,2.79,2.79,2.79
N_20_2,N_19_2,6.632842669755279,6.77,6.77,6.77,6.77,6.77,6.77,10.35,10.35,11.94,11.94,7.96,7.96,7.96,7.96,7.96,7.96,11.14,12.74,12.74,11.14,7.16,7.16,7.16,7.16
N_20_2,N_20_0,5.066747862978203,5.17,5.17,5.17,5.17,5.17,5.17,7.9,7.9,9.12,9.12,6.08,6.08,6.08,6.08,6.08,6.08,8.51,9.73,9.73,8.51,5.47,5.47,5.47,5.47
N_20_2,N_19_4,3.793219038846256,3.87,3.87,3.87,3.87,3.87,3.87,5.92,5.92,6.83,6.83,4.55,4.55,4.55,4.55,4.55,4.55,6.37,7.28,7.28,6.37,4.1,4.1,4.1,4.1
N_20_20,N_18_22,1.229923669282599,2.02,2.02,2.02,2.02,2.02,2.02,3.35,3.35,3.94,3.94,2.46,2.46,2.46,2.46,2.46,2.46,3.64,4.23,4.23,3.64,2.16,2.16,2.16,2.16
N_20_20,N_22_22,1.292769661573018,2.12,2.12,2.12,2.12,2.12,2.12,3.52,3.52,4.14,4.14,2.59,2.59,2.59,2.59,2.59,2.59,3.83,4.45,4.45,3.83,2.28,2.28,2.28,2.28
N_20_20,N_21_18,5.000771590998278,5.1,5.1,5.1,5.1,5.1,5.1,7.8,7.8,9.0,9.0,6.0,6.0,6.0,6.0,6.0,6.0,8.4,9.6,9.6,8.4,5.4,5.4,5.4,5.4
N_20_20,N_20_19,5.437863735852079,5.55,5.55,5.55,5.55,5.55,5.55,8.48,8.48,9.79,9.79,6.53,6.53,6.53,6.53,6.53,6.53,9.14,10.44,10.44,9.14,5.87,5.87,5.87,5.87
N_20_20,N_21_19,3.8210813969244786,3.9,3.9,3.9,3.9,3.9,3.9,5.96,5.96,6.88,6.88,4.59,4.59,4.59,4.59,4.59,4.59,6.42,7.34,7.34,6.42,4.13,4.13,4.13,4.13
N_20_21,N_19_19,1.355864988670334,2.22,2.22,2.22,2.22,2.22,2.22,3.69,3.69,4.34,4.34,2.71,2.71,2.71,2.71,2.71,2.71,4.01,4.66,4.66,4.01,2.39,2.39,2.39,2.39
N_20_21,N_19_20,4.154502791300564,4.24,4.24,4.24,4.24,4.24,4.24,6.48,6.48,7.48,7.48,4.99,4.99,4.99,4.99,4.99,4.99,6.98,7.98,7.98,6.98,4.49,4.49,4.49,4.49
N_20_21,N_22_21,2.210107127324185,3.62,3.62,3.62,3.62,3.62,3.62,6.01,6.01,7.07,7.07,4.42,4.42,4.42,4.42,4.42,4.42,6.54,7.6,7.6,6.54,3.89,3.89,3.89,3.89
N_20_21,N_20_23,4.914278896527,5.01,5.01,5.01,5.01,5.01,5.01,7.67,7.67,8.85,8.85,5.9,5.9,5.9,5.9,5.9,5.9,8.26,9.44,9.44,8.26,5.31,5.31,5.31,5.31
N_20_21,N_22_20,10.560006021018147,5.86,5.86,5.86,5.86,5.86,5.86,7.29,7.29,7.92,7.92,6.34,6.34,6.34,6.34,6.34,6.34,7.6,8.24,8.24,7.6,6.02,6.02,6.02,6.02
N_20_21,N_19_22,3.1360002438389394,3.2,3.2,3.2,3.2,3.2,3.2,4.89,4.89,5.64,5.64,3.76,3.76,3.76,3.76,3.76,3.76,5.27,6.02,6.02,5.27,3.39,3.39,3.39,3.39
N_20_21,N_17_21,1.1128251223107395,1.83,1.83,1.83,1.83,1.83,1.83,3.03,3.03,3.56,3.56,2.23,2.23,2.23,2.23,2.23,2.23,3.29,3.83,3.83,3.29,1.96,1.96,1.96,1.96
N_20_21,N_22_23,5.664473698539219,5.78,5.78,5.78,5.78,5.78,5.78,8.84,8.84,10.2,10.2,6.8,6.8,6.8,6.8,6.8,6.8,9.52,10.88,10.88,9.52,6.12,6.12,6.12,6.12
N_20_22,N_22_23,1.6168864928665763,2.65,2.65,2.65,2.65,2.65,2.65,4.4,4.4,5.17,5.17,3.23,3.23,3.23,3.23,3.23,3.23,4.79,5.56,5.56,4.79,2.85,2.85,2.85,2.85
N_20_22,N_20_21,6.66722551656989,6.8,6.8,6.8,6.8,6.8,6.8,10.4,10.4,12.0,12.0,8.0,8.0,8.0,8.0,8.0,8.0,11.2,12.8,12.8,11.2,7.2,7.2,7.2,7.2
N_20_22,N_18_23,6.743933538898409,6.88,6.88,6.88,6.88,6.88,6.88,10.52,10.52,12.14,12.14,8.09,8.09,8.09,8.09,8.09,8.09,11.33,12.95,12.95,11.33,7.28,7.28,7.28,7.28
N_20_22,N_19_22,5.656418750889275,5.77,5.77,5.77,5.77,5.77,5.77,8.82,8.82,10.18,10.18,6.79,6.79,6.79,6.79,6.79,6.79,9.5,10.86,10.86,9.5,6.11,6.11,6.11,6.11
N_20_22,N_20_19,13.596244121963387,7.55,7.55,7.55,7.55,7.55,7.55,9.38,9.38,10.2,10.2,8.16,8.16,8.16,8.16,8.16,8.16,9.79,10.61,10.61,9.79,7.75,7.75,7.75,7.75
N_20_23,N_19_21,3.2205154811125047,3.28,3.28,3.28,3.28,3.28,3.28,5.02,5.02,5.8,5.8,3.86,3.86,3.86,3.86,3.86,3.86,5.41,6.18,6.18,5.41,3.48,3.48,3.48,3.48
N_20_23,N_20_21,4.914278896527,5.01,5.01,5.01,5.01,5.01,5.01,7.67,7.67,8.85,8.85,5.9,5.9,5.9,5.9,5.9,5.9,8.26,9.44,9.44,8.26,5.31,5.31,5.31,5.31
N_20_23,N_22_21,1.7493041041700588,2.87,2.87,2.87,2.87,2.87,2.87,4.76,4.76,5.6,5.6,3.5,3.5,3.5,3.5,3.5,3.5,5.18,6.02,6.02,5.18,3.08,3.08,3.08,3.08
N_20_24,N_17_24,10.953295692165817,6.08,6.08,6.08,6.08,6.08,6.08,7.56,7.56,8.21,8.21,6.57,6.57,6.57,6.57,6.57,6.57,7.89,8.54,8.54,7.89,6.24,6.24,6.24,6.24
N_20_24,N_20_22,4.398080323746781,4.49,4.49,4.49,4.49,4.49,4.49,6.86,6.86,7.92,7.92,5.28,5.28,5.28,5.28,5.28,5.28,7.39,8.44,8.44,7.39,4.75,4.75,4.75,4.75
N_20_24,N_20_26,6.110956584619215,6.23,6.23,6.23,6.23,6.23,6.23,9.53,9.53,11.0,11.0,7.33,7.33,7.33,7.33,7.33,7.33,10.27,11.73,11.73,10.27,6.6,6.6,6.6,6.6
N_20_24,N_21_24,2.2654518351021298,3.72,3.72,3.72,3.72,3.72,3.72,6.16,6.16,7.25,7.25,4.53,4.53,4.53,4.53,4.53,4.53,6.71,7.79,7.79,6.71,3.99,3.99,3.99,3.99
N_20_24,N_20_27,2.1132197810827824,3.47,3.47,3.47,3.47,3.47,3.47,5.75,5.75,6.76,6.76,4.23,4.23,4.23,4.23,4.23,4.23,6.26,7.27,7.27,6.26,3.72,3.72,3.72,3.72
N_20_24,N_19_23,14.99046356771004,8.32,8.32,8.32,8.32,8.32,8.32,10.34,10.34,11.24,11.24,8.99,8.99,8.99,8.99,8.99,8.99,10.79,11.69,11.69,10.79,8.54,8.54,8.54,8.54
N_20_25,N_19_24,11.469433574866581,6.37,6.37,6.37,6.37,6.37,6.37,7.91,7.91,8.6,8.6,6.88,6.88,6.88,6.88,6.88,6.88,8.26,8.95,8.95,8.26,6.54,6.54,6.54,6.54
N_20_25,N_20_24,1.8261238175142391,2.99,2.99,2.99,2.99,2.99,2.99,4.97,4.97,5.84,5.84,3.65,3.65,3.65,3.65,3.65,3.65,5.41,6.28,6.28,5.41,3.21,3.21,3.21,3.21
N_20_25,N_20_23,6.975429344404241,7.11,7.11,7.11,7.11,7.11,7.11,10.88,10.88,12.56,12.56,8.37,8.37,8.37,8.37,8.37,8.37,11.72,13.39,13.39,11.72,7.53,7.53,7.53,7.53
N_20_26,N_20_24,6.110956584619215,6.23,6.23,6.23,6.23,6.23,6.23,9.53,9.53,11.0,11.0,7.33,7.33,7.33,7.33,7.33,7.33,10.27,11.73,11.73,10.27,6.6,6.6,6.6,6.6
N_20_26,N_20_28,6.696034108583801,6.83,6.83,6.83,6.83,6.83,6.83,10.45,10.45,12.05,12.05,8.04,8.04,8.04,8.04,8.04,8.04,11.25,12.86,12.86,11.25,7.23,7.23,7.23,7.23
N_20_26,N_21_26,9.571829403723614,5.31,5.31,5.31,5.31,5.31,5.31,6.6,6.6,7.18,7.18,5.74,5.74,5.74,5.74,5.74,5.74,6.89,7.47,7.47,6.89,5.46,5.46,5.46,5.46
N_20_26,N_23_26,6.621287138677422,6.75,6.75,6.75,6.75,6.75,6.75,10.33,10.33,11.92,11.92,7.95,7.95,7.95,7.95,7.95,7.95,11.12,12.71,12.71,11.12,7.15,7.15,7.15,7.15
N_20_26,N_18_24,4.994581087517588,5.09,5.09,5.09,5.09,5.09,5.09,7.79,7.79,8.99,8.99,5.99,5.99,5.99,5.99,5.99,5.99,8.39,9.59,9.59,8.39,5.39,5.39,5.39,5.39
N_20_27,N_18_28,3.703639259853494,3.78,3.78,3.78,3.78,3.78,3.78,5.78,5.78,6.67,6.67,4.44,4.44,4.44,4.44,4.44,4.44,6.22,7.11,7.11,6.22,4.0,4.0,4.0,4.0
N_20_27,N_20_25,3.4678607457907766,3.54,3.54,3.54,3.54,3.54,3.54,5.41,5.41,6.24,6.24,4.16,4.16,4.16,4.16,4.16,4.16,5.83,6.66,6.66,5.83,3.75,3.75,3.75,3.75
N_20_27,N_20_24,4.168657415964958,4.25,4.25,4.25,4.25,4.25,4.25,6.5,6.5,7.5,7.5,5.0,5.0,5.0,5.0,5.0,5.0,7.0,8.0,8.0,7.0,4.5,4.5,4.5,4.5
N_20_28,N_20_26,0.7851090804230014,1.29,1.29,1.29,1.29,1.29,1.29,2.14,2.14,2.51,2.51,1.57,1.57,1.57,1.57,1.57,1.57,2.32,2.7,2.7,2.32,1.38,1.38,1.38,1.38
N_20_28,N_20_30,5.61623751428179,5.73,5.73,5.73,5.73,5.73,5.73,8.76,8.76,10.11,10.11,6.74,6.74,6.74,6.74,6.74,6.74,9.44,10.78,10.78,9.44,6.07,6.07,6.07,6.07
N_20_28,N_22_30,6.621262802356455,6.75,6.75,6.75,6.75,6.75,6.75,10.33,10.33,11.92,11.92,7.95,7.95,7.95,7.95,7.95,7.95,11.12,12.71,12.71,11.12,7.15,7.15,7.15,7.15
N_20_29,N_21_29,3.810770410730546,3.89,3.89,3.89,3.89,3.89,3.89,5.94,5.94,6.86,6.86,4.57,4.57,4.57,4.57,4.57,4.57,6.4,7.32,7.32,6.4,4.12,4.12,4.12,4.12
N_20_29,N_18_31,1.0423523890948085,1.71,1.71,1.71,1.71,1.71,1.71,2.84,2.84,3.34,3.34,2.08,2.08,2.08,2.08,2.08,2.08,3.09,3.59,3.59,3.09,1.83,1.83,1.83,1.83
N_20_29,N_18_27,11.53387632486737,6.4,6.4,6.4,6.4,6.4,6.4,7.96,7.96,8.65,8.65,6.92,6.92,6.92,6.92,6.92,6.92,8.3,9.0,9.0,8.3,6.57,6.57,6.57,6.57
N_20_29,N_21_27,6.135204176978479,6.26,6.26,6.26,6.26,6.26,6.26,9.57,9.57,11.04,11.04,7.36,7.36,7.36,7.36,7.36,7.36,10.31,11.78,11.78,10.31,6.63,6.63,6.63,6.63
N_20_29,N_18_28,3.1603610725308293,3.22,3.22,3.22,3.22,3.22,3.22,4.93,4.93,5.69,5.69,3.79,3.79,3.79,3.79,3.79,3.79,5.31,6.07,6.07,5.31,3.41,3.41,3.41,3.41
N_20_29,N_21_31,6.635709581983917,6.77,6.77,6.77,6.77,6.77,6.77,10.35,10.35,11.94,11.94,7.96,7.96,7.96,7.96,7.96,7.96,11.15,12.74,12.74,11.15,7.17,7.17,7.17,7.17
N_20_3,N_18_4,0.9439167874008207,1.55,1.55,1.55,1.55,1.55,1.55,2.57,2.57,3.02,3.02,1.89,1.89,1.89,1.89,1.89,1.89,2.79,3.25,3.25,2.79,1.66,1.66,1.66,1.66
N_20_3,N_20_1,8.175932443951403,4.54,4.54,4.54,4.54,4.54,4.54,5.64,5.64,6.13,6.13,4.91,4.91,4.91,4.91,4.91,4.91,5.89,6.38,6.38,5.89,4.66,4.66,4.66,4.66
N_20_3,N_21_4,6.118573950722678,6.24,6.24,6.24,6.24,6.24,6.24,9.54,9.54,11.01,11.01,7.34,7.34,7.34,7.34,7.34,7.34,10.28,11.75,11.75,10.28,6.61,6.61,6.61,6.61
N_20_3,N_23_3,4.2593884050152955,4.34,4.34,4.34,4.34,4.34,4.34,6.64,6.64,7.67,7.67,5.11,5.11,5.11,5.11,5.11,5.11,7.16,8.18,8.18,7.16,4.6,4.6,4.6,4.6
N_20_3,N_22_2,5.099333288169831,5.2,5.2,5.2,5.2,5.2,5.2,7.95,7.95,9.18,9.18,6.12,6.12,6.12,6.12,6.12,6.12,8.57,9.79,9.79,8.57,5.51,5.51,5.51,5.51
N_20_3,N_21_3,6.932721790141558,7.07,7.07,7.07,7.07,7.07,7.07,10.82,10.82,12.48,12.48,8.32,8.32,8.32,8.32,8.32,8.32,11.65,13.31,13.31,11.65,7.49,7.49,7.49,7.49
N_20_30,N_18_30,4.126909428475528,4.21,4.21,4.21,4.21,4.21,4.21,6.44,6.44,7.43,7.43,4.95,4.95,4.95,4.95,4.95,4.95,6.93,7.92,7.92,6.93,4.46,4.46,4.46,4.46
N_20_30,N_19_28,9.419779248464977,5.23,5.23,5.23,5.23,5.23,5.23,6.5,6.5,7.06,7.06,5.65,5.65,5.65,5.65,5.65,5.65,6.78,7.35,7.35,6.78,5.37,5.37,5.37,5.37
N_20_30,N_22_28,6.208188047428273,6.33,6.33,6.33,6.33,6.33,6.33,9.68,9.68,11.17,11.17,7.45,7.45,7.45,7.45,7.45,7.45,10.43,11.92,11.92,10.43,6.7,6.7,6.7,6.7
N_20_31,N_19_31,3.421775845829901,3.49,3.49,3.49,3.49,3.49,3.49,5.34,5.34,6.16,6.16,4.11,4.11,4.11,4.11,4.11,4.11,5.75,6.57,6.57,5.75,3.7,3.7,3.7,3.7
N_20_31,N_19_33,11.422462359902365,6.34,6.34,6.34,6.34,6.34,6.34,7.88,7.88,8.57,8.57,6.85,6.85,6.85,6.85,6.85,6.85,8.22,8.91,8.91,8.22,6.51,6.51,6.51,6.51
N_20_31,N_21_29,3.6133508593431216,3.69,3.69,3.69,3.69,3.69,3.69,5.64,5.64,6.5,6.5,4.34,4.34,4.34,4.34,4.34,4.34,6.07,6.94,6.94,6.07,3.9,3.9,3.9,3.9
N_20_31,N_20_28,3.1809759659912884,3.24,3.24,3.24,3.24,3.24,3.24,4.96,4.96,5.73,5.73,3.82,3.82,3.82,3.82,3.82,3.82,5.34,6.11,6.11,5.34,3.44,3.44,3.44,3.44
N_20_31,N_18_30,5.387471739060828,5.5,5.5,5.5,5.5,5.5,5.5,8.4,8.4,9.7,9.7,6.46,6.46,6.46,6.46,6.46,6.46,9.05,10.34,10.34,9.05,5.82,5.82,5.82,5.82
N_20_31,N_21_30,5.103118950470735,5.21,5.21,5.21,5.21,5.21,5.21,7.96,7.96,9.19,9.19,6.12,6.12,6.12,6.12,6.12,6.12,8.57,9.8,9.8,8.57,5.51,5.51,5.51,5.51
N_20_31,N_18_33,0.9741610537276819,1.6,1.6,1.6,1.6,1.6,1.6,2.65,2.65,3.12,3.12,1.95,1.95,1.95,1.95,1.95,1.95,2.88,3.35,3.35,2.88,1.71,1.71,1.71,1.71
N_20_31,N_23_31,4.3407637792347415,4.43,4.43,4.43,4.43,4.43,4.43,6.77,6.77,7.81,7.81,5.21,5.21,5.21,5.21,5.21,5.21,7.29,8.33,8.33,7.29,4.69,4.69,4.69,4.69
N_20_32,N_19_34,1.3439989764800913,2.2,2.2,2.2,2.2,2.2,2.2,3.66,3.66,4.3,4.3,2.69,2.69,2.69,2.69,2.69,2.69,3.98,4.62,4.62,3.98,2.37,2.37,2.37,2.37
N_20_32,N_18_34,9.028414045808516,5.01,5.01,5.01,5.01,5.01,5.01,6.23,6.23,6.77,6.77,5.42,5.42,5.42,5.42,5.42,5.42,6.5,7.04,7.04,6.5,5.15,5.15,5.15,5.15
N_20_32,N_22_34,8.003855446737383,4.44,4.44,4.44,4.44,4.44,4.44,5.52,5.52,6.0,6.0,4.8,4.8,4.8,4.8,4.8,4.8,5.76,6.24,6.24,5.76,4.56,4.56,4.56,4.56
N_20_32,N_20_30,6.175622119103936,6.3,6.3,6.3,6.3,6.3,6.3,9.63,9.63,11.12,11.12,7.41,7.41,7.41,7.41,7.41,7.41,10.38,11.86,11.86,10.38,6.67,6.67,6.67,6.67
N_20_32,N_19_31,3.006318733241569,3.07,3.07,3.07,3.07,3.07,3.07,4.69,4.69,5.41,5.41,3.61,3.61,3.61,3.61,3.61,3.61,5.05,5.77,5.77,5.05,3.25,3.25,3.25,3.25
N_20_32,N_22_30,4.569720302230282,4.66,4.66,4.66,4.66,4.66,4.66,7.13,7.13,8.23,8.23,5.48,5.48,5.48,5.48,5.48,5.48,7.68,8.77,8.77,7.68,4.94,4.94,4.94,4.94
N_20_33,N_18_32,11.568947072852584,6.42,6.42,6.42,6.42,6.42,6.42,7.98,7.98,8.68,8.68,6.94,6.94,6.94,6.94,6.94,6.94,8.33,9.02,9.02,8.33,6.59,6.59,6.59,6.59
N_20_33,N_18_34,13.967036501888291,7.75,7.75,7.75,7.75,7.75,7.75,9.64,9.64,10.48,10.48,8.38,8.38,8.38,8.38,8.38,8.38,10.06,10.89,10.89,10.06,7.96,7.96,7.96,7.96
N_20_33,N_22_32,13.582160989635232,7.54,7.54,7.54,7.54,7.54,7.54,9.37,9.37,10.19,10.19,8.15,8.15,8.15,8.15,8.15,8.15,9.78,10.59,10.59,9.78,7.74,7.74,7.74,7.74
N_20_33,N_18_31,6.796202752563447,6.93,6.93,6.93,6.93,6.93,6.93,10.6,10.6,12.23,12.23,8.16,8.16,8.16,8.16,8.16,8.16,11.42,13.05,13.05,11.42,7.34,7.34,7.34,7.34
N_20_33,N_18_33,3.2151576117326197,3.28,3.28,3.28,3.28,3.28,3.28,5.02,5.02,5.79,5.79,3.86,3.86,3.86,3.86,3.86,3.86,5.4,6.17,6.17,5.4,3.47,3.47,3.47,3.47
N_20_33,N_21_31,13.863307775148684,7.69,7.69,7.69,7.69,7.69,7.69,9.57,9.57,10.4,10.4,8.32,8.32,8.32,8.32,8.32,8.32,9.98,10.81,10.81,9.98,7.9,7.9,7.9,7.9
N_20_33,N_21_35,12.4853819135676,6.93,6.93,6.93,6.93,6.93,6.93,8.61,8.61,9.36,9.36,7.49,7.49,7.49,7.49,7.49,7.49,8.99,9.74,9.74,8.99,7.12,7.12,7.12,7.12
N_20_33,N_18_35,12.770730905760498,7.09,7.09,7.09,7.09,7.09,7.09,8.81,8.81,9.58,9.58,7.66,7.66,7.66,7.66,7.66,7.66,9.19,9.96,9.96,9.19,7.28,7.28,7.28,7.28
N_20_34,N_19_32,12.67482994117069,7.03,7.03,7.03,7.03,7.03,7.03,8.75,8.75,9.51,9.51,7.6,7.6,7.6,7.6,7.6,7.6,9.13,9.89,9.89,9.13,7.22,7.22,7.22,7.22
N_20_34,N_20_33,1.9362132206724578,3.18,3.18,3.18,3.18,3.18,3.18,5.27,5.27,6.2,6.2,3.87,3.87,3.87,3.87,3.87,3.87,5.73,6.66,6.66,5.73,3.41,3.41,3.41,3.41
N_20_34,N_20_32,1.5405823597281088,2.53,2.53,2.53,2.53,2.53,2.53,4.19,4.19,4.93,4.93,3.08,3.08,3.08,3.08,3.08,3.08,4.56,5.3,5.3,4.56,2.71,2.71,2.71,2.71
N_20_34,N_20_37,5.815698281405227,5.93,5.93,5.93,5.93,5.93,5.93,9.07,9.07,10.47,10.47,6.98,6.98,6.98,6.98,6.98,6.98,9.77,11.17,11.17,9.77,6.28,6.28,6.28,6.28
N_20_34,N_22_32,4.680532580803478,4.77,4.77,4.77,4.77,4.77,4.77,7.3,7.3,8.42,8.42,5.62,5.62,5.62,5.62,5.62,5.62,7.86,8.99,8.99,7.86,5.05,5.05,5.05,5.05
N_20_34,N_22_33,11.755282812082166,6.52,6.52,6.52,6.52,6.52,6.52,8.11,8.11,8.82,8.82,7.05,7.05,7.05,7.05,7.05,7.05,8.46,9.17,9.17,8.46,6.7,6.7,6.7,6.7
N_20_35,N_18_36,11.265632278294397,6.25,6.25,6.25,6.25,6.25,6.25,7.77,7.77,8.45,8.45,6.76,6.76,6.76,6.76,6.76,6.76,8.11,8.79,8.79,8.11,6.42,6.42,6.42,6.42
N_20_35,N_19_34,14.292372031182268,7.93,7.93,7.93,7.93,7.93,7.93,9.86,9.86,10.72,10.72,8.58,8.58,8.58,8.58,8.58,8.58,10.29,11.15,11.15,10.29,8.15,8.15,8.15,8.15
N_20_35,N_21_33,3.614079112969125,3.69,3.69,3.69,3.69,3.69,3.69,5.64,5.64,6.51,6.51,4.34,4.34,4.34,4.34,4.34,4.34,6.07,6.94,6.94,6.07,3.9,3.9,3.9,3.9
N_20_35,N_19_37,3.91825602686285,4.0,4.0,4.0,4.0,4.0,4.0,6.11,6.11,7.05,7.05,4.7,4.7,4.7,4.7,4.7,4.7,6.58,7.52,7.52,6.58,4.23,4.23,4.23,4.23
N_20_35,N_18_34,9.23051969774425,5.12,5.12,5.12,5.12,5.12,5.12,6.37,6.37,6.92,6.92,5.54,5.54,5.54,5.54,5.54,5.54,6.65,7.2,7.2,6.65,5.26,5.26,5.26,5.26
N_20_36,N_18_35,3.606235702129764,3.68,3.68,3.68,3.68,3.68,3.68,5.63,5.63,6.49,6.49,4.33,4.33,4.33,4.33,4.33,4.33,6.06,6.92,6.92,6.06,3.89,3.89,3.89,3.89
N_20_36,N_19_37,1.8879826714248027,3.1,3.1,3.1,3.1,3.1,3.1,5.14,5.14,6.04,6.04,3.78,3.78,3.78,3.78,3.78,3.78,5.59,6.49,6.49,5.59,3.32,3.32,3.32,3.32
N_20_36,N_17_36,6.159454729133098,6.28,6.28,6.28,6.28,6.28,6.28,9.61,9.61,11.09,11.09,7.39,7.39,7.39,7.39,7.39,7.39,10.35,11.83,11.83,10.35,6.65,6.65,6.65,6.65
N_20_36,N_19_36,9.831993389834487,5.46,5.46,5.46,5.46,5.46,5.46,6.78,6.78,7.37,7.37,5.9,5.9,5.9,5.9,5.9,5.9,7.08,7.67,7.67,7.08,5.6,5.6,5.6,5.6
N_20_36,N_20_38,11.321019374483427,6.28,6.28,6.28,6.28,6.28,6.28,7.81,7.81,8.49,8.49,6.79,6.79,6.79,6.79,6.79,6.79,8.15,8.83,8.83,8.15,6.45,6.45,6.45,6.45
N_20_36,N_18_36,5.459926202748969,5.57,5.57,5.57,5.57,5.57,5.57,8.52,8.52,9.83,9.83,6.55,6.55,6.55,6.55,6.55,6.55,9.17,10.48,10.48,9.17,5.9,5.9,5.9,5.9
N_20_36,N_22_38,0.5872286812096033,0.96,0.96,0.96,0.96,0.96,0.96,1.6,1.6,1.88,1.88,1.17,1.17,1.17,1.17,1.17,1.17,1.74,2.02,2.02,1.74,1.03,1.03,1.03,1.03
N_20_37,N_17_37,11.622997842646061,6.45,6.45,6.45,6.45,6.45,6.45,8.02,8.02,8.72,8.72,6.97,6.97,6.97,6.97,6.97,6.97,8.37,9.07,9.07,8.37,6.63,6.63,6.63,6.63
N_20_37,N_20_34,5.815698281405227,5.93,5.93,5.93,5.93,5.93,5.93,9.07,9.07,10.47,10.47,6.98,6.98,6.98,6.98,6.98,6.98,9.77,11.17,11.17,9.77,6.28,6.28,6.28,6.28
N_20_37,N_22_39,4.464141844062325,4.55,4.55,4.55,4.55,4.55,4.55,6.96,6.96,8.04,8.04,5.36,5.36,5.36,5.36,5.36,5.36,7.5,8.57,8.57,7.5,4.82,4.82,4.82,4.82
N_20_37,N_22_38,11.208866019573929,6.22,6.22,6.22,6.22,6.22,6.22,7.73,7.73,8.41,8.41,6.73,6.73,6.73,6.73,6.73,6.73,8.07,8.74,8.74,8.07,6.39,6.39,6.39,6.39
N_20_38,N_17_38,0.9814132826276458,1.61,1.61,1.61,1.61,1.61,1.61,2.67,2.67,3.14,3.14,1.96,1.96,1.96,1.96,1.96,1.96,2.9,3.38,3.38,2.9,1.73,1.73,1.73,1.73
N_20_38,N_18_38,5.32461110654368,5.43,5.43,5.43,5.43,5.43,5.43,8.31,8.31,9.58,9.58,6.39,6.39,6.39,6.39,6.39,6.39,8.95,10.22,10.22,8.95,5.75,5.75,5.75,5.75
N_20_38,N_19_39,2.1563401294898465,3.54,3.54,3.54,3.54,3.54,3.54,5.87,5.87,6.9,6.9,4.31,4.31,4.31,4.31,4.31,4.31,6.38,7.42,7.42,6.38,3.8,3.8,3.8,3.8
N_20_39,N_20_36,4.341702945192509,4.43,4.43,4.43,4.43,4.43,4.43,6.77,6.77,7.82,7.82,5.21,5.21,5.21,5.21,5.21,5.21,7.29,8.34,8.34,7.29,4.69,4.69,4.69,4.69
N_20_39,N_19_39,6.362422791289871,6.49,6.49,6.49,6.49,6.49,6.49,9.93,9.93,11.45,11.45,7.63,7.63,7.63,7.63,7.63,7.63,10.69,12.22,12.22,10.69,6.87,6.87,6.87,6.87
N_20_39,N_19_37,13.299504771376665,7.38,7.38,7.38,7.38,7.38,7.38,9.18,9.18,9.97,9.97,7.98,7.98,7.98,7.98,7.98,7.98,9.58,10.37,10.37,9.58,7.58,7.58,7.58,7.58
N_20_39,N_20_37,3.613554961614744,3.69,3.69,3.69,3.69,3.69,3.69,5.64,5.64,6.5,6.5,4.34,4.34,4.34,4.34,4.34,4.34,6.07,6.94,6.94,6.07,3.9,3.9,3.9,3.9
N_20_39,N_21_39,0.5076613562677261,0.83,0.83,0.83,0.83,0.83,0.83,1.38,1.38,1.62,1.62,1.02,1.02,1.02,1.02,1.02,1.02,1.5,1.75,1.75,1.5,0.89,0.89,0.89,0.89
N_20_39,N_19_38,6.243074487614454,6.37,6.37,6.37,6.37,6.37,6.37,9.74,9.74,11.24,11.24,7.49,7.49,7.49,7.49,7.49,7.49,10.49,11.99,11.99,10.49,6.74,6.74,6.74,6.74
N_20_39,N_21_38,8.749689919834319,4.86,4.86,4.86,4.86,4.86,4.86,6.04,6.04,6.56,6.56,5.25,5.25,5.25,5.25,5.25,5.25,6.3,6.82,6.82,6.3,4.99,4.99,4.99,4.99
N_20_4,N_18_6,3.0645015877720105,3.13,3.13,3.13,3.13,3.13,3.13,4.78,4.78,5.52,5.52,3.68,3.68,3.68,3.68,3.68,3.68,5.15,5.88,5.88,5.15,3.31,3.31,3.31,3.31
N_20_4,N_19_4,5.892599511015201,6.01,6.01,6.01,6.01,6.01,6.01,9.19,9.19,10.61,10.61,7.07,7.07,7.07,7.07,7.07,7.07,9.9,11.31,11.31,9.9,6.36,6.36,6.36,6.36
N_20_4,N_20_1,3.072513840827072,3.13,3.13,3.13,3.13,3.13,3.13,4.79,4.79,5.53,5.53,3.69,3.69,3.69,3.69,3.69,3.69,5.16,5.9,5.9,5.16,3.32,3.32,3.32,3.32
N_20_5,N_17_5,0.6021547818479818,0.99,0.99,0.99,0.99,0.99,0.99,1.64,1.64,1.93,1.93,1.2,1.2,1.2,1.2,1.2,1.2,1.78,2.07,2.07,1.78,1.06,1.06,1.06,1.06
N_20_5,N_18_3,13.646314847494887,7.57,7.57,7.57,7.57,7.57,7.57,9.42,9.42,10.23,10.23,8.19,8.19,8.19,8.19,8.19,8.19,9.83,10.64,10.64,9.83,7.78,7.78,7.78,7.78
N_20_5,N_19_3,2.495749498079233,4.09,4.09,4.09,4.09,4.09,4.09,6.79,6.79,7.99,7.99,4.99,4.99,4.99,4.99,4.99,4.99,7.39,8.59,8.59,7.39,4.39,4.39,4.39,4.39
N_20_5,N_19_7,3.636336658188883,3.71,3.71,3.71,3.71,3.71,3.71,5.67,5.67,6.55,6.55,4.36,4.36,4.36,4.36,4.36,4.36,6.11,6.98,6.98,6.11,3.93,3.93,3.93,3.93
N_20_5,N_19_5,4.612940421441861,4.71,4.71,4.71,4.71,4.71,4.71,7.2,7.2,8.3,8.3,5.54,5.54,5.54,5.54,5.54,5.54,7.75,8.86,8.86,7.75,4.98,4.98,4.98,4.98
N_20_5,N_20_4,5.434513232939653,5.54,5.54,5.54,5.54,5.54,5.54,8.48,8.48,9.78,9.78,6.52,6.52,6.52,6.52,6.52,6.52,9.13,10.43,10.43,9.13,5.87,5.87,5.87,5.87
N_20_6,N_22_7,6.081471285728349,6.2,6.2,6.2,6.2,6.2,6.2,9.49,9.49,10.95,10.95,7.3,7.3,7.3,7.3,7.3,7.3,10.22,11.68,11.68,10.22,6.57,6.57,6.57,6.57
N_20_6,N_22_8,14.946621776254045,8.3,8.3,8.3,8.3,8.3,8.3,10.31,10.31,11.21,11.21,8.97,8.97,8.97,8.97,8.97,8.97,10.76,11.66,11.66,10.76,8.52,8.52,8.52,8.52
N_20_6,N_19_8,0.616848495145395,1.01,1.01,1.01,1.01,1.01,1.01,1.68,1.68,1.97,1.97,1.23,1.23,1.23,1.23,1.23,1.23,1.83,2.12,2.12,1.83,1.09,1.09,1.09,1.09
N_20_7,N_20_5,10.982488789553353,6.1,6.1,6.1,6.1,6.1,6.1,7.58,7.58,8.24,8.24,6.59,6.59,6.59,6.59,6.59,6.59,7.91,8.57,8.57,7.91,6.26,6.26,6.26,6.26
N_20_7,N_21_9,4.229655524866942,4.31,4.31,4.31,4.31,4.31,4.31,6.6,6.6,7.61,7.61,5.08,5.08,5.08,5.08,5.08,5.08,7.11,8.12,8.12,7.11,4.57,4.57,4.57,4.57
N_20_7,N_22_9,3.374925175394974,3.44,3.44,3.44,3.44,3.44,3.44,5.26,5.26,6.07,6.07,4.05,4.05,4.05,4.05,4.05,4.05,5.67,6.48,6.48,5.67,3.64,3.64,3.64,3.64
N_20_7,N_18_7,6.0537419754781965,6.17,6.17,6.17,6.17,6.17,6.17,9.44,9.44,10.9,10.9,7.26,7.26,7.26,7.26,7.26,7.26,10.17,11.62,11.62,10.17,6.54,6.54,6.54,6.54
N_20_7,N_22_8,12.713639741989548,7.06,7.06,7.06,7.06,7.06,7.06,8.77,8.77,9.54,9.54,7.63,7.63,7.63,7.63,7.63,7.63,9.15,9.92,9.92,9.15,7.25,7.25,7.25,7.25
N_20_7,N_20_10,3.9189792636336116,4.0,4.0,4.0,4.0,4.0,4.0,6.11,6.11,7.05,7.05,4.7,4.7,4.7,4.7,4.7,4.7,6.58,7.52,7.52,6.58,4.23,4.23,4.23,4.23
N_20_7,N_21_7,9.45850070627707,5.25,5.25,5.25,5.25,5.25,5.25,6.53,6.53,7.09,7.09,5.68,5.68,5.68,5.68,5.68,5.68,6.81,7.38,7.38,6.81,5.39,5.39,5.39,5.39
N_20_8,N_17_8,1.4814805916010463,2.43,2.43,2.43,2.43,2.43,2.43,4.03,4.03,4.74,4.74,2.96,2.96,2.96,2.96,2.96,2.96,4.39,5.1,5.1,4.39,2.61,2.61,2.61,2.61
N_20_8,N_18_8,0.8858827921685031,1.45,1.45,1.45,1.45,1.45,1.45,2.41,2.41,2.83,2.83,1.77,1.77,1.77,1.77,1.77,1.77,2.62,3.05,3.05,2.62,1.56,1.56,1.56,1.56
N_20_8,N_20_5,14.37900728720889,7.98,7.98,7.98,7.98,7.98,7.98,9.92,9.92,10.78,10.78,8.63,8.63,8.63,8.63,8.63,8.63,10.35,11.22,11.22,10.35,8.2,8.2,8.2,8.2
N_20_8,N_22_7,4.482619200430973,4.57,4.57,4.57,4.57,4.57,4.57,6.99,6.99,8.07,8.07,5.38,5.38,5.38,5.38,5.38,5.38,7.53,8.61,8.61,7.53,4.84,4.84,4.84,4.84
N_20_8,N_20_9,8.62845147093091,4.79,4.79,4.79,4.79,4.79,4.79,5.95,5.95,6.47,6.47,5.18,5.18,5.18,5.18,5.18,5.18,6.21,6.73,6.73,6.21,4.92,4.92,4.92,4.92
N_20_8,N_19_6,11.009908585581492,6.11,6.11,6.11,6.11,6.11,6.11,7.6,7.6,8.26,8.26,6.61,6.61,6.61,6.61,6.61,6.61,7.93,8.59,8.59,7.93,6.28,6.28,6.28,6.28
N_20_8,N_19_7,1.507479239043612,2.47,2.47,2.47,2.47,2.47,2.47,4.1,4.1,4.82,4.82,3.01,3.01,3.01,3.01,3.01,3.01,4.46,5.19,5.19,4.46,2.65,2.65,2.65,2.65
N_20_8,N_18_9,9.116035286689417,5.06,5.06,5.06,5.06,5.06,5.06,6.29,6.29,6.84,6.84,5.47,5.47,5.47,5.47,5.47,5.47,6.56,7.11,7.11,6.56,5.2,5.2,5.2,5.2
N_20_9,N_18_7,8.544398687928735,4.74,4.74,4.74,4.74,4.74,4.74,5.9,5.9,6.41,6.41,5.13,5.13,5.13,5.13,5.13,5.13,6.15,6.66,6.66,6.15,4.87,4.87,4.87,4.87
N_20_9,N_19_11,4.957683176773052,5.06,5.06,5.06,5.06,5.06,5.06,7.73,7.73,8.92,8.92,5.95,5.95,5.95,5.95,5.95,5.95,8.33,9.52,9.52,8.33,5.35,5.35,5.35,5.35
N_20_9,N_23_9,10.322020592851622,5.73,5.73,5.73,5.73,5.73,5.73,7.12,7.12,7.74,7.74,6.19,6.19,6.19,6.19,6.19,6.19,7.43,8.05,8.05,7.43,5.88,5.88,5.88,5.88
N_20_9,N_21_11,5.6519287488604935,5.76,5.76,5.76,5.76,5.76,5.76,8.82,8.82,10.17,10.17,6.78,6.78,6.78,6.78,6.78,6.78,9.5,10.85,10.85,9.5,6.1,6.1,6.1,6.1
N_20_9,N_18_9,14.399988788250383,7.99,7.99,7.99,7.99,7.99,7.99,9.94,9.94,10.8,10.8,8.64,8.64,8.64,8.64,8.64,8.64,10.37,11.23,11.23,10.37,8.21,8.21,8.21,8.21
N_20_9,N_20_8,6.058228005458407,6.18,6.18,6.18,6.18,6.18,6.18,9.45,9.45,10.9,10.9,7.27,7.27,7.27,7.27,7.27,7.27,10.18,11.63,11.63,10.18,6.54,6.54,6.54,6.54
N_21_0,N_23_0,3.907224443681124,3.99,3.99,3.99,3.99,3.99,3.99,6.1,6.1,7.03,7.03,4.69,4.69,4.69,4.69,4.69,4.69,6.56,7.5,7.5,6.56,4.22,4.22,4.22,4.22
N_21_0,N_20_1,11.402116074000642,6.33,6.33,6.33,6.33,6.33,6.33,7.87,7.87,8.55,8.55,6.84,6.84,6.84,6.84,6.84,6.84,8.21,8.89,8.89,8.21,6.5,6.5,6.5,6.5
N_21_0,N_22_2,11.587974326126286,6.43,6.43,6.43,6.43,6.43,6.43,8.0,8.0,8.69,8.69,6.95,6.95,6.95,6.95,6.95,6.95,8.34,9.04,9.04,8.34,6.61,6.61,6.61,6.61
N_21_0,N_19_0,8.248274386742324,4.58,4.58,4.58,4.58,4.58,4.58,5.69,5.69,6.19,6.19,4.95,4.95,4.95,4.95,4.95,4.95,5.94,6.43,6.43,5.94,4.7,4.7,4.7,4.7
N_21_0,N_19_1,13.815023964737556,7.67,7.67,7.67,7.67,7.67,7.67,9.53,9.53,10.36,10.36,8.29,8.29,8.29,8.29,8.29,8.29,9.95,10.78,10.78,9.95,7.87,7.87,7.87,7.87
N_21_0,N_23_1,2.246853480281655,3.68,3.68,3.68,3.68,3.68,3.68,6.11,6.11,7.19,7.19,4.49,4.49,4.49,4.49,4.49,4.49,6.65,7.73,7.73,6.65,3.95,3.95,3.95,3.95
N_21_1,N_20_1,3.2141025496376256,3.28,3.28,3.28,3.28,3.28,3.28,5.01,5.01,5.79,5.79,3.86,3.86,3.86,3.86,3.86,3.86,5.4,6.17,6.17,5.4,3.47,3.47,3.47,3.47
N_21_1,N_21_2,8.604298842886699,4.78,4.78,4.78,4.78,4.78,4.78,5.94,5.94,6.45,6.45,5.16,5.16,5.16,5.16,5.16,5.16,6.2,6.71,6.71,6.2,4.9,4.9,4.9,4.9
N_21_1,N_18_1,5.876896792290635,5.99,5.99,5.99,5.99,5.99,5.99,9.17,9.17,10.58,10.58,7.05,7.05,7.05,7.05,7.05,7.05,9.87,11.28,11.28,9.87,6.35,6.35,6.35,6.35
N_21_1,N_23_1,13.35370026945651,7.41,7.41,7.41,7.41,7.41,7.41,9.21,9.21,10.02,10.02,8.01,8.01,8.01,8.01,8.01,8.01,9.61,10.42,10.42,9.61,7.61,7.61,7.61,7.61
N_21_1,N_24_1,6.572583944588992,6.7,6.7,6.7,6.7,6.7,6.7,10.25,10.25,11.83,11.83,7.89,7.89,7.89,7.89,7.89,7.89,11.04,12.62,12.62,11.04,7.1,7.1,7.1,7.1
N_21_10,N_21_7,0.5239059782852351,0.86,0.86,0.86,0.86,0.86,0.86,1.43,1.43,1.68,1.68,1.05,1.05,1.05,1.05,1.05,1.05,1.55,1.8,1.8,1.55,0.92,0.92,0.92,0.92
N_21_10,N_20_12,6.3544355343940815,6.48,6.48,6.48,6.48,6.48,6.48,9.91,9.91,11.44,11.44,7.63,7.63,7.63,7.63,7.63,7.63,10.68,12.2,12.2,10.68,6.86,6.86,6.86,6.86
N_21_10,N_18_10,8.33346214455114,4.63,4.63,4.63,4.63,4.63,4.63,5.75,5.75,6.25,6.25,5.0,5.0,5.0,5.0,5.0,5.0,6.0,6.5,6.5,6.0,4.75,4.75,4.75,4.75
N_21_10,N_21_13,0.8241445262741447,1.35,1.35,1.35,1.35,1.35,1.35,2.24,2.24,2.64,2.64,1.65,1.65,1.65,1.65,1.65,1.65,2.44,2.84,2.84,2.44,1.45,1.45,1.45,1.45
N_21_10,N_22_10,8.330689685067702,4.62,4.62,4.62,4.62,4.62,4.62,5.75,5.75,6.25,6.25,5.0,5.0,5.0,5.0,5.0,5.0,6.0,6.5,6.5,6.0,4.75,4.75,4.75,4.75
N_21_10,N_21_12,10.81152977891102,6.0,6.0,6.0,6.0,6.0,6.0,7.46,7.46,8.11,8.11,6.49,6.49,6.49,6.49,6.49,6.49,7.78,8.43,8.43,7.78,6.16,6.16,6.16,6.16
N_21_10,N_19_9,12.443190354674655,6.91,6.91,6.91,6.91,6.91,6.91,8.59,8.59,9.33,9.33,7.47,7.47,7.47,7.47,7.47,7.47,8.96,9.71,9.71,8.96,7.09,7.09,7.09,7.09
N_21_10,N_21_11,5.602796564885872,5.71,5.71,5.71,5.71,5.71,5.71,8.74,8.74,10.09,10.09,6.72,6.72,6.72,6.72,6.72,6.72,9.41,10.76,10.76,9.41,6.05,6.05,6.05,6.05
N_21_11,N_20_9,5.6519287488604935,5.76,5.76,5.76,5.76,5.76,5.76,8.82,8.82,10.17,10.17,6.78,6.78,6.78,6.78,6.78,6.78,9.5,10.85,10.85,9.5,6.1,6.1,6.1,6.1
N_21_11,N_21_10,5.602796564885872,5.71,5.71,5.71,5.71,5.71,5.71,8.74,8.74,10.09,10.09,6.72,6.72,6.72,6.72,6.72,6.72,9.41,10.76,10.76,9.41,6.05,6.05,6.05,6.05
N_21_11,N_23_10,8.007724005907038,4.44,4.44,4.44,4.44,4.44,4.44,5.53,5.53,6.01,6.01,4.8,4.8,4.8,4.8,4.8,4.8,5.77,6.25,6.25,5.77,4.56,4.56,4.56,4.56
N_21_11,N_23_12,14.475805256408126,8.03,8.03,8.03,8.03,8.03,8.03,9.99,9.99,10.86,10.86,8.69,8.69,8.69,8.69,8.69,8.69,10.42,11.29,11.29,10.42,8.25,8.25,8.25,8.25
N_21_11,N_20_10,3.5277009358704996,3.6,3.6,3.6,3.6,3.6,3.6,5.5,5.5,6.35,6.35,4.23,4.23,4.23,4.23,4.23,4.23,5.93,6.77,6.77,5.93,3.81,3.81,3.81,3.81
N_21_11,N_21_12,6.519577762646914,6.65,6.65,6.65,6.65,6.65,6.65,10.17,10.17,11.74,11.74,7.82,7.82,7.82,7.82,7.82,7.82,10.95,12.52,12.52,10.95,7.04,7.04,7.04,7.04
N_21_11,N_18_11,6.6410805823606776,6.77,6.77,6.77,6.77,6.77,6.77,10.36,10.36,11.95,11.95,7.97,7.97,7.97,7.97,7.97,7.97,11.16,12.75,12.75,11.16,7.17,7.17,7.17,7.17
N_21_11,N_23_9,5.961324981961106,6.08,6.08,6.08,6.08,6.08,6.08,9.3,9.3,10.73,10.73,7.15,7.15,7.15,7.15,7.15,7.15,10.02,11.45,11.45,10.02,6.44,6.44,6.44,6.44
N_21_12,N_19_11,6.298765258323208,6.42,6.42,6.42,6.42,6.42,6.42,9.83,9.83,11.34,11.34,7.56,7.56,7.56,7.56,7.56,7.56,10.58,12.09,12.09,10.58,6.8,6.8,6.8,6.8
N_21_12,N_21_10,10.81152977891102,6.0,6.0,6.0,6.0,6.0,6.0,7.46,7.46,8.11,8.11,6.49,6.49,6.49,6.49,6.49,6.49,7.78,8.43,8.43,7.78,6.16,6.16,6.16,6.16
N_21_12,N_21_11,6.519577762646914,6.65,6.65,6.65,6.65,6.65,6.65,10.17,10.17,11.74,11.74,7.82,7.82,7.82,7.82,7.82,7.82,10.95,12.52,12.52,10.95,7.04,7.04,7.04,7.04
N_21_12,N_22_11,8.125109794627125,4.51,4.51,4.51,4.51,4.51,4.51,5.61,5.61,6.09,6.09,4.88,4.88,4.88,4.88,4.88,4.88,5.85,6.34,6.34,5.85,4.63,4.63,4.63,4.63
N_21_12,N_21_15,1.492755749481235,2.45,2.45,2.45,2.45,2.45,2.45,4.06,4.06,4.78,4.78,2.99,2.99,2.99,2.99,2.99,2.99,4.42,5.14,5.14,4.42,2.63,2.63,2.63,2.63
N_21_12,N_20_13,1.461406236681874,2.4,2.4,2.4,2.4,2.4,2.4,3.98,3.98,4.68,4.68,2.92,2.92,2.92,2.92,2.92,2.92,4.33,5.03,5.03,4.33,2.57,2.57,2.57,2.57
N_21_13,N_19_14,6.977019636484981,7.12,7.12,7.12,7.12,7.12,7.12,10.88,10.88,12.56,12.56,8.37,8.37,8.37,8.37,8.37,8.37,11.72,13.4,13.4,11.72,7.54,7.54,7.54,7.54
N_21_13,N_19_15,14.935550131966709,8.29,8.29,8.29,8.29,8.29,8.29,10.31,10.31,11.2,11.2,8.96,8.96,8.96,8.96,8.96,8.96,10.75,11.65,11.65,10.75,8.51,8.51,8.51,8.51
N_21_13,N_20_11,4.673244434113198,4.77,4.77,4.77,4.77,4.77,4.77,7.29,7.29,8.41,8.41,5.61,5.61,5.61,5.61,5.61,5.61,7.85,8.97,8.97,7.85,5.05,5.05,5.05,5.05
N_21_13,N_20_12,1.951405479645755,3.2,3.2,3.2,3.2,3.2,3.2,5.31,5.31,6.24,6.24,3.9,3.9,3.9,3.9,3.9,3.9,5.78,6.71,6.71,5.78,3.43,3.43,3.43,3.43
N_21_13,N_21_10,0.8241445262741447,1.35,1.35,1.35,1.35,1.35,1.35,2.24,2.24,2.64,2.64,1.65,1.65,1.65,1.65,1.65,1.65,2.44,2.84,2.84,2.44,1.45,1.45,1.45,1.45
N_21_14,N_23_14,5.220665977044144,5.33,5.33,5.33,5.33,5.33,5.33,8.14,8.14,9.4,9.4,6.26,6.26,6.26,6.26,6.26,6.26,8.77,10.02,10.02,8.77,5.64,5.64,5.64,5.64
N_21_14,N_19_14,6.928031180630814,7.07,7.07,7.07,7.07,7.07,7.07,10.81,10.81,12.47,12.47,8.31,8.31,8.31,8.31,8.31,8.31,11.64,13.3,13.3,11.64,7.48,7.48,7.48,7.48
N_21_14,N_22_16,0.9757400155161853,1.6,1.6,1.6,1.6,1.6,1.6,2.65,2.65,3.12,3.12,1.95,1.95,1.95,1.95,1.95,1.95,2.89,3.36,3.36,2.89,1.72,1.72,1.72,1.72
N_21_14,N_21_16,8.717250403801096,4.84,4.84,4.84,4.84,4.84,4.84,6.01,6.01,6.54,6.54,5.23,5.23,5.23,5.23,5.23,5.23,6.28,6.8,6.8,6.28,4.97,4.97,4.97,4.97
N_21_15,N_21_12,1.492755749481235,2.45,2.45,2.45,2.45,2.45,2.45,4.06,4.06,4.78,4.78,2.99,2.99,2.99,2.99,2.99,2.99,4.42,5.14,5.14,4.42,2.63,2.63,2.63,2.63
N_21_15,N_23_13,12.09481864516233,6.71,6.71,6.71,6.71,6.71,6.71,8.35,8.35,9.07,9.07,7.26,7.26,7.26,7.26,7.26,7.26,8.71,9.43,9.43,8.71,6.89,6.89,6.89,6.89
N_21_15,N_19_17,14.463331274823952,8.03,8.03,8.03,8.03,8.03,8.03,9.98,9.98,10.85,10.85,8.68,8.68,8.68,8.68,8.68,8.68,10.41,11.28,11.28,10.41,8.24,8.24,8.24,8.24
N_21_15,N_22_15,3.3227518748112983,3.39,3.39,3.39,3.39,3.39,3.39,5.18,5.18,5.98,5.98,3.99,3.99,3.99,3.99,3.99,3.99,5.58,6.38,6.38,5.58,3.59,3.59,3.59,3.59
N_21_15,N_23_17,1.668977469903745,2.74,2.74,2.74,2.74,2.74,2.74,4.54,4.54,5.34,5.34,3.34,3.34,3.34,3.34,3.34,3.34,4.94,5.74,5.74,4.94,2.94,2.94,2.94,2.94
N_21_15,N_19_15,8.116769445121134,4.5,4.5,4.5,4.5,4.5,4.5,5.6,5.6,6.09,6.09,4.87,4.87,4.87,4.87,4.87,4.87,5.84,6.33,6.33,5.84,4.63,4.63,4.63,4.63
N_21_15,N_23_15,1.5384541989544287,2.52,2.52,2.52,2.52,2.52,2.52,4.18,4.18,4.92,4.92,3.08,3.08,3.08,3.08,3.08,3.08,4.55,5.29,5.29,4.55,2.71,2.71,2.71,2.71
N_21_16,N_19_16,4.649971311705249,4.74,4.74,4.74,4.74,4.74,4.74,7.25,7.25,8.37,8.37,5.58,5.58,5.58,5.58,5.58,5.58,7.81,8.93,8.93,7.81,5.02,5.02,5.02,5.02
N_21_16,N_19_17,6.115797075543641,6.24,6.24,6.24,6.24,6.24,6.24,9.54,9.54,11.01,11.01,7.34,7.34,7.34,7.34,7.34,7.34,10.27,11.74,11.74,10.27,6.61,6.61,6.61,6.61
N_21_16,N_23_17,5.199309430043713,5.3,5.3,5.3,5.3,5.3,5.3,8.11,8.11,9.36,9.36,6.24,6.24,6.24,6.24,6.24,6.24,8.73,9.98,9.98,8.73,5.62,5.62,5.62,5.62
N_21_16,N_22_14,3.4810586163355315,3.55,3.55,3.55,3.55,3.55,3.55,5.43,5.43,6.27,6.27,4.18,4.18,4.18,4.18,4.18,4.18,5.85,6.68,6.68,5.85,3.76,3.76,3.76,3.76
N_21_16,N_23_15,1.466549092177211,2.41,2.41,2.41,2.41,2.41,2.41,3.99,3.99,4.69,4.69,2.93,2.93,2.93,2.93,2.93,2.93,4.34,5.04,5.04,4.34,2.58,2.58,2.58,2.58
N_21_16,N_20_15,14.047603456643152,7.8,7.8,7.8,7.8,7.8,7.8,9.69,9.69,10.54,10.54,8.43,8.43,8.43,8.43,8.43,8.43,10.11,10.96,10.96,10.11,8.01,8.01,8.01,8.01
N_21_17,N_19_15,6.626749022056464,6.76,6.76,6.76,6.76,6.76,6.76,10.34,10.34,11.93,11.93,7.95,7.95,7.95,7.95,7.95,7.95,11.13,12.72,12.72,11.13,7.16,7.16,7.16,7.16
N_21_17,N_19_17,12.109818620859583,6.72,6.72,6.72,6.72,6.72,6.72,8.36,8.36,9.08,9.08,7.27,7.27,7.27,7.27,7.27,7.27,8.72,9.45,9.45,8.72,6.9,6.9,6.9,6.9
N_21_17,N_19_19,13.344941492355538,7.41,7.41,7.41,7.41,7.41,7.41,9.21,9.21,10.01,10.01,8.01,8.01,8.01,8.01,8.01,8.01,9.61,10.41,10.41,9.61,7.61,7.61,7.61,7.61
N_21_17,N_20_16,8.21532325847115,4.56,4.56,4.56,4.56,4.56,4.56,5.67,5.67,6.16,6.16,4.93,4.93,4.93,4.93,4.93,4.93,5.92,6.41,6.41,5.92,4.68,4.68,4.68,4.68
N_21_17,N_20_17,4.315678646390831,4.4,4.4,4.4,4.4,4.4,4.4,6.73,6.73,7.77,7.77,5.18,5.18,5.18,5.18,5.18,5.18,7.25,8.29,8.29,7.25,4.66,4.66,4.66,4.66
N_21_17,N_22_16,2.0201157806166297,3.31,3.31,3.31,3.31,3.31,3.31,5.49,5.49,6.46,6.46,4.04,4.04,4.04,4.04,4.04,4.04,5.98,6.95,6.95,5.98,3.56,3.56,3.56,3.56
N_21_18,N_19_16,1.1864023166537896,1.95,1.95,1.95,1.95,1.95,1.95,3.23,3.23,3.8,3.8,2.37,2.37,2.37,2.37,2.37,2.37,3.51,4.08,4.08,3.51,2.09,2.09,2.09,2.09
N_21_18,N_20_20,5.000771590998278,5.1,5.1,5.1,5.1,5.1,5.1,7.8,7.8,9.0,9.0,6.0,6.0,6.0,6.0,6.0,6.0,8.4,9.6,9.6,8.4,5.4,5.4,5.4,5.4
N_21_18,N_22_16,8.142470528164342,4.52,4.52,4.52,4.52,4.52,4.52,5.62,5.62,6.11,6.11,4.89,4.89,4.89,4.89,4.89,4.89,5.86,6.35,6.35,5.86,4.64,4.64,4.64,4.64
N_21_19,N_20_20,3.8210813969244786,3.9,3.9,3.9,3.9,3.9,3.9,5.96,5.96,6.88,6.88,4.59,4.59,4.59,4.59,4.59,4.59,6.42,7.34,7.34,6.42,4.13,4.13,4.13,4.13
N_21_19,N_21_21,4.804877488168853,4.9,4.9,4.9,4.9,4.9,4.9,7.5,7.5,8.65,8.65,5.77,5.77,5.77,5.77,5.77,5.77,8.07,9.23,9.23,8.07,5.19,5.19,5.19,5.19
N_21_19,N_22_17,10.554509144357665,5.86,5.86,5.86,5.86,5.86,5.86,7.28,7.28,7.92,7.92,6.33,6.33,6.33,6.33,6.33,6.33,7.6,8.23,8.23,7.6,6.02,6.02,6.02,6.02
N_21_2,N_24_2,5.753523543381412,5.87,5.87,5.87,5.87,5.87,5.87,8.98,8.98,10.36,10.36,6.9,6.9,6.9,6.9,6.9,6.9,9.67,11.05,11.05,9.67,6.21,6.21,6.21,6.21
N_21_2,N_18_2,10.84744937100799,6.02,6.02,6.02,6.02,6.02,6.02,7.48,7.48,8.14,8.14,6.51,6.51,6.51,6.51,6.51,6.51,7.81,8.46,8.46,7.81,6.18,6.18,6.18,6.18
N_21_2,N_21_3,4.796478368983346,4.89,4.89,4.89,4.89,4.89,4.89,7.48,7.48,8.63,8.63,5.76,5.76,5.76,5.76,5.76,5.76,8.06,9.21,9.21,8.06,5.18,5.18,5.18,5.18
N_21_2,N_23_4,0.8292550367742328,1.36,1.36,1.36,1.36,1.36,1.36,2.26,2.26,2.65,2.65,1.66,1.66,1.66,1.66,1.66,1.66,2.45,2.85,2.85,2.45,1.46,1.46,1.46,1.46
N_21_20,N_18_20,6.751906456523518,6.89,6.89,6.89,6.89,6.89,6.89,10.53,10.53,12.15,12.15,8.1,8.1,8.1,8.1,8.1,8.1,11.34,12.96,12.96,11.34,7.29,7.29,7.29,7.29
N_21_20,N_20_18,6.643855045783225,6.78,6.78,6.78,6.78,6.78,6.78,10.36,10.36,11.96,11.96,7.97,7.97,7.97,7.97,7.97,7.97,11.16,12.76,12.76,11.16,7.18,7.18,7.18,7.18
N_21_20,N_23_19,4.128264515469954,4.21,4.21,4.21,4.21,4.21,4.21,6.44,6.44,7.43,7.43,4.95,4.95,4.95,4.95,4.95,4.95,6.94,7.93,7.93,6.94,4.46,4.46,4.46,4.46
N_21_21,N_21_19,4.804877488168853,4.9,4.9,4.9,4.9,4.9,4.9,7.5,7.5,8.65,8.65,5.77,5.77,5.77,5.77,5.77,5.77,8.07,9.23,9.23,8.07,5.19,5.19,5.19,5.19
N_21_21,N_19_21,1.4843759620035202,2.43,2.43,2.43,2.43,2.43,2.43,4.04,4.04,4.75,4.75,2.97,2.97,2.97,2.97,2.97,2.97,4.39,5.11,5.11,4.39,2.61,2.61,2.61,2.61
N_21_21,N_22_21,5.530449662910591,5.64,5.64,5.64,5.64,5.64,5.64,8.63,8.63,9.95,9.95,6.64,6.64,6.64,6.64,6.64,6.64,9.29,10.62,10.62,9.29,5.97,5.97,5.97,5.97
N_21_21,N_21_20,1.1441112437895762,1.88,1.88,1.88,1.88,1.88,1.88,3.11,3.11,3.66,3.66,2.29,2.29,2.29,2.29,2.29,2.29,3.39,3.94,3.94,3.39,2.01,2.01,2.01,2.01
N_21_21,N_21_24,1.0523608507716324,1.73,1.73,1.73,1.73,1.73,1.73,2.86,2.86,3.37,3.37,2.1,2.1,2.1,2.1,2.1,2.1,3.11,3.62,3.62,3.11,1.85,1.85,1.85,1.85
N_21_21,N_22_20,6.557314790377822,6.69,6.69,6.69,6.69,6.69,6.69,10.23,10.23,11.8,11.8,7.87,7.87,7.87,7.87,7.87,7.87,11.02,12.59,12.59,11.02,7.08,7.08,7.08,7.08
N_21_21,N_23_20,3.9065985102598737,3.98,3.98,3.98,3.98,3.98,3.98,6.09,6.09,7.03,7.03,4.69,4.69,4.69,4.69,4.69,4.69,6.56,7.5,7.5,6.56,4.22,4.22,4.22,4.22
N_21_22,N_20_21,9.56861414296247,5.31,5.31,5.31,5.31,5.31,5.31,6.6,6.6,7.18,7.18,5.74,5.74,5.74,5.74,5.74,5.74,6.89,7.46,7.46,6.89,5.45,5.45,5.45,5.45
N_21_22,N_23_20,5.293708770534181,5.4,5.4,5.4,5.4,5.4,5.4,8.26,8.26,9.53,9.53,6.35,6.35,6.35,6.35,6.35,6.35,8.89,10.16,10.16,8.89,5.72,5.72,5.72,5.72
N_21_22,N_20_23,5.931984983498217,6.05,6.05,6.05,6.05,6.05,6.05,9.25,9.25,10.68,10.68,7.12,7.12,7.12,7.12,7.12,7.12,9.97,11.39,11.39,9.97,6.41,6.41,6.41,6.41
N_21_22,N_19_24,5.803340466250729,5.92,5.92,5.92,5.92,5.92,5.92,9.05,9.05,10.45,10.45,6.96,6.96,6.96,6.96,6.96,6.96,9.75,11.14,11.14,9.75,6.27,6.27,6.27,6.27
N_21_22,N_22_22,3.0520849284538527,3.11,3.11,3.11,3.11,3.11,3.11,4.76,4.76,5.49,5.49,3.66,3.66,3.66,3.66,3.66,3.66,5.13,5.86,5.86,5.13,3.3,3.3,3.3,3.3
N_21_23,N_19_24,5.519818715877419,5.63,5.63,5.63,5.63,5.63,5.63,8.61,8.61,9.94,9.94,6.62,6.62,6.62,6.62,6.62,6.62,9.27,10.6,10.6,9.27,5.96,5.96,5.96,5.96
N_21_23,N_23_24,12.660994991903113,7.03,7.03,7.03,7.03,7.03,7.03,8.74,8.74,9.5,9.5,7.6,7.6,7.6,7.6,7.6,7.6,9.12,9.88,9.88,9.12,7.22,7.22,7.22,7.22
N_21_23,N_19_21,3.1006604089533845,3.16,3.16,3.16,3.16,3.16,3.16,4.84,4.84,5.58,5.58,3.72,3.72,3.72,3.72,3.72,3.72,5.21,5.95,5.95,5.21,3.35,3.35,3.35,3.35
N_21_23,N_23_21,6.993116031633381,7.13,7.13,7.13,7.13,7.13,7.13,10.91,10.91,12.59,12.59,8.39,8.39,8.39,8.39,8.39,8.39,11.75,13.43,13.43,11.75,7.55,7.55,7.55,7.55
N_21_24,N_19_23,6.615110063653336,6.75,6.75,6.75,6.75,6.75,6.75,10.32,10.32,11.91,11.91,7.94,7.94,7.94,7.94,7.94,7.94,11.11,12.7,12.7,11.11,7.14,7.14,7.14,7.14
N_21_24,N_20_24,2.2654518351021298,3.72,3.72,3.72,3.72,3.72,3.72,6.16,6.16,7.25,7.25,4.53,4.53,4.53,4.53,4.53,4.53,6.71,7.79,7.79,6.71,3.99,3.99,3.99,3.99
N_21_24,N_21_21,1.0523608507716324,1.73,1.73,1.73,1.73,1.73,1.73,2.86,2.86,3.37,3.37,2.1,2.1,2.1,2.1,2.1,2.1,3.11,3.62,3.62,3.11,1.85,1.85,1.85,1.85
N_21_24,N_22_25,14.653303041167643,8.13,8.13,8.13,8.13,8.13,8.13,10.11,10.11,10.99,10.99,8.79,8.79,8.79,8.79,8.79,8.79,10.55,11.43,11.43,10.55,8.35,8.35,8.35,8.35
N_21_24,N_23_23,1.375323205867408,2.26,2.26,2.26,2.26,2.26,2.26,3.74,3.74,4.4,4.4,2.75,2.75,2.75,2.75,2.75,2.75,4.07,4.73,4.73,4.07,2.42,2.42,2.42,2.42
N_21_24,N_21_23,1.0688974308070969,1.75,1.75,1.75,1.75,1.75,1.75,2.91,2.91,3.42,3.42,2.14,2.14,2.14,2.14,2.14,2.14,3.16,3.68,3.68,3.16,1.88,1.88,1.88,1.88
N_21_24,N_22_23,5.960612912144332,6.08,6.08,6.08,6.08,6.08,6.08,9.3,9.3,10.73,10.73,7.15,7.15,7.15,7.15,7.15,7.15,10.01,11.44,11.44,10.01,6.44,6.44,6.44,6.44
N_21_24,N_21_27,5.76953725985979,5.88,5.88,5.88,5.88,5.88,5.88,9.0,9.0,10.39,10.39,6.92,6.92,6.92,6.92,6.92,6.92,9.69,11.08,11.08,9.69,6.23,6.23,6.23,6.23
N_21_25,N_19_24,3.633770628828785,3.71,3.71,3.71,3.71,3.71,3.71,5.67,5.67,6.54,6.54,4.36,4.36,4.36,4.36,4.36,4.36,6.1,6.98,6.98,6.1,3.92,3.92,3.92,3.92
N_21_25,N_20_25,0.8348068609264196,1.37,1.37,1.37,1.37,1.37,1.37,2.27,2.27,2.67,2.67,1.67,1.67,1.67,1.67,1.67,1.67,2.47,2.87,2.87,2.47,1.47,1.47,1.47,1.47
N_21_25,N_20_26,10.30996931644885,5.72,5.72,5.72,5.72,5.72,5.72,7.11,7.11,7.73,7.73,6.19,6.19,6.19,6.19,6.19,6.19,7.42,8.04,8.04,7.42,5.88,5.88,5.88,5.88
N_21_25,N_22_23,6.921615100493547,7.06,7.06,7.06,7.06,7.06,7.06,10.8,10.8,12.46,12.46,8.31,8.31,8.31,8.31,8.31,8.31,11.63,13.29,13.29,11.63,7.48,7.48,7.48,7.48
N_21_25,N_22_26,12.586202336538433,6.99,6.99,6.99,6.99,6.99,6.99,8.68,8.68,9.44,9.44,7.55,7.55,7.55,7.55,7.55,7.55,9.06,9.82,9.82,9.06,7.17,7.17,7.17,7.17
N_21_25,N_21_23,8.814774475582924,4.89,4.89,4.89,4.89,4.89,4.89,6.08,6.08,6.61,6.61,5.29,5.29,5.29,5.29,5.29,5.29,6.35,6.88,6.88,6.35,5.02,5.02,5.02,5.02
N_21_26,N_22_27,1.8104307691024486,2.97,2.97,2.97,2.97,2.97,2.97,4.92,4.92,5.79,5.79,3.62,3.62,3.62,3.62,3.62,3.62,5.36,6.23,6.23,5.36,3.19,3.19,3.19,3.19
N_21_26,N_23_26,0.7307876655431116,1.2,1.2,1.2,1.2,1.2,1.2,1.99,1.99,2.34,2.34,1.46,1.46,1.46,1.46,1.46,1.46,2.16,2.51,2.51,2.16,1.29,1.29,1.29,1.29
N_21_26,N_18_26,0.8153365147062153,1.34,1.34,1.34,1.34,1.34,1.34,2.22,2.22,2.61,2.61,1.63,1.63,1.63,1.63,1.63,1.63,2.41,2.8,2.8,2.41,1.43,1.43,1.43,1.43
N_21_26,N_20_24,1.5962167569368861,2.62,2.62,2.62,2.62,2.62,2.62,4.34,4.34,5.11,5.11,3.19,3.19,3.19,3.19,3.19,3.19,4.72,5.49,5.49,4.72,2.81,2.81,2.81,2.81
N_21_27,N_19_26,6.412950369670755,6.54,6.54,6.54,6.54,6.54,6.54,10.0,10.0,11.54,11.54,7.7,7.7,7.7,7.7,7.7,7.7,10.77,12.31,12.31,10.77,6.93,6.93,6.93,6.93
N_21_27,N_19_29,4.962056226839822,5.06,5.06,5.06,5.06,5.06,5.06,7.74,7.74,8.93,8.93,5.95,5.95,5.95,5.95,5.95,5.95,8.34,9.53,9.53,8.34,5.36,5.36,5.36,5.36
N_21_27,N_21_24,8.889307484585162,4.93,4.93,4.93,4.93,4.93,4.93,6.13,6.13,6.67,6.67,5.33,5.33,5.33,5.33,5.33,5.33,6.4,6.93,6.93,6.4,5.07,5.07,5.07,5.07
N_21_27,N_23_26,1.3230839570573802,2.17,2.17,2.17,2.17,2.17,2.17,3.6,3.6,4.23,4.23,2.65,2.65,2.65,2.65,2.65,2.65,3.92,4.55,4.55,3.92,2.33,2.33,2.33,2.33
N_21_27,N_20_27,5.559903577606619,5.67,5.67,5.67,5.67,5.67,5.67,8.67,8.67,10.01,10.01,6.67,6.67,6.67,6.67,6.67,6.67,9.34,10.68,10.68,9.34,6.0,6.0,6.0,6.0
N_21_27,N_22_25,4.777024709706968,4.87,4.87,4.87,4.87,4.87,4.87,7.45,7.45,8.6,8.6,5.73,5.73,5.73,5.73,5.73,5.73,8.03,9.17,9.17,8.03,5.16,5.16,5.16,5.16
N_21_27,N_20_29,1.3653121745085814,2.24,2.24,2.24,2.24,2.24,2.24,3.71,3.71,4.37,4.37,2.73,2.73,2.73,2.73,2.73,2.73,4.04,4.7,4.7,4.04,2.4,2.4,2.4,2.4
N_21_28,N_22_26,1.6425924559979554,2.69,2.69,2.69,2.69,2.69,2.69,4.47,4.47,5.26,5.26,3.29,3.29,3.29,3.29,3.29,3.29,4.86,5.65,5.65,4.86,2.89,2.89,2.89,2.89
N_21_28,N_21_26,9.095720934251815,5.05,5.05,5.05,5.05,5.05,5.05,6.28,6.28,6.82,6.82,5.46,5.46,5.46,5.46,5.46,5.46,6.55,7.09,7.09,6.55,5.18,5.18,5.18,5.18
N_21_28,N_20_28,3.6592869325614967,3.73,3.73,3.73,3.73,3.73,3.73,5.71,5.71,6.59,6.59,4.39,4.39,4.39,4.39,4.39,4.39,6.15,7.03,7.03,6.15,3.95,3.95,3.95,3.95
N_21_28,N_21_27,2.025786092466589,3.32,3.32,3.32,3.32,3.32,3.32,5.51,5.51,6.48,6.48,4.05,4.05,4.05,4.05,4.05,4.05,6.0,6.97,6.97,6.0,3.57,3.57,3.57,3.57
N_21_28,N_21_30,1.0817402967066527,1.77,1.77,1.77,1.77,1.77,1.77,2.94,2.94,3.46,3.46,2.16,2.16,2.16,2.16,2.16,2.16,3.2,3.72,3.72,3.2,1.9,1.9,1.9,1.9
N_21_29,N_20_29,3.810770410730546,3.89,3.89,3.89,3.89,3.89,3.89,5.94,5.94,6.86,6.86,4.57,4.57,4.57,4.57,4.57,4.57,6.4,7.32,7.32,6.4,4.12,4.12,4.12,4.12
N_21_29,N_20_31,3.6133508593431216,3.69,3.69,3.69,3.69,3.69,3.69,5.64,5.64,6.5,6.5,4.34,4.34,4.34,4.34,4.34,4.34,6.07,6.94,6.94,6.07,3.9,3.9,3.9,3.9
N_21_29,N_19_30,14.258331528486211,7.91,7.91,7.91,7.91,7.91,7.91,9.84,9.84,10.69,10.69,8.55,8.55,8.55,8.55,8.55,8.55,10.27,11.12,11.12,10.27,8.13,8.13,8.13,8.13
N_21_29,N_19_27,3.527683673657724,3.6,3.6,3.6,3.6,3.6,3.6,5.5,5.5,6.35,6.35,4.23,4.23,4.23,4.23,4.23,4.23,5.93,6.77,6.77,5.93,3.81,3.81,3.81,3.81
N_21_3,N_20_3,6.932721790141558,7.07,7.07,7.07,7.07,7.07,7.07,10.82,10.82,12.48,12.48,8.32,8.32,8.32,8.32,8.32,8.32,11.65,13.31,13.31,11.65,7.49,7.49,7.49,7.49
N_21_3,N_21_2,4.796478368983346,4.89,4.89,4.89,4.89,4.89,4.89,7.48,7.48,8.63,8.63,5.76,5.76,5.76,5.76,5.76,5.76,8.06,9.21,9.21,8.06,5.18,5.18,5.18,5.18
N_21_3,N_19_5,8.852958139128777,4.91,4.91,4.91,4.91,4.91,4.91,6.11,6.11,6.64,6.64,5.31,5.31,5.31,5.31,5.31,5.31,6.37,6.91,6.91,6.37,5.05,5.05,5.05,5.05
N_21_30,N_20_31,5.103118950470735,5.21,5.21,5.21,5.21,5.21,5.21,7.96,7.96,9.19,9.19,6.12,6.12,6.12,6.12,6.12,6.12,8.57,9.8,9.8,8.57,5.51,5.51,5.51,5.51
N_21_30,N_21_28,1.0817402967066527,1.77,1.77,1.77,1.77,1.77,1.77,2.94,2.94,3.46,3.46,2.16,2.16,2.16,2.16,2.16,2.16,3.2,3.72,3.72,3.2,1.9,1.9,1.9,1.9
N_21_30,N_24_30,11.611694172592467,6.44,6.44,6.44,6.44,6.44,6.44,8.01,8.01,8.71,8.71,6.97,6.97,6.97,6.97,6.97,6.97,8.36,9.06,9.06,8.36,6.62,6.62,6.62,6.62
N_21_30,N_22_28,4.951224599886376,5.05,5.05,5.05,5.05,5.05,5.05,7.72,7.72,8.91,8.91,5.94,5.94,5.94,5.94,5.94,5.94,8.32,9.51,9.51,8.32,5.35,5.35,5.35,5.35
N_21_30,N_22_31,6.262868927087815,6.39,6.39,6.39,6.39,6.39,6.39,9.77,9.77,11.27,11.27,7.52,7.52,7.52,7.52,7.52,7.52,10.52,12.02,12.02,10.52,6.76,6.76,6.76,6.76
N_21_30,N_19_29,1.3493498290019947,2.21,2.21,2.21,2.21,2.21,2.21,3.67,3.67,4.32,4.32,2.7,2.7,2.7,2.7,2.7,2.7,3.99,4.64,4.64,3.99,2.37,2.37,2.37,2.37
N_21_30,N_23_28,6.497557254730864,6.63,6.63,6.63,6.63,6.63,6.63,10.14,10.14,11.7,11.7,7.8,7.8,7.8,7.8,7.8,7.8,10.92,12.48,12.48,10.92,7.02,7.02,7.02,7.02
N_21_30,N_23_31,5.794679156383305,5.91,5.91,5.91,5.91,5.91,5.91,9.04,9.04,10.43,10.43,6.95,6.95,6.95,6.95,6.95,6.95,9.74,11.13,11.13,9.74,6.26,6.26,6.26,6.26
N_21_31,N_18_31,8.976347764284967,4.98,4.98,4.98,4.98,4.98,4.98,6.19,6.19,6.73,6.73,5.39,5.39,5.39,5.39,5.39,5.39,6.46,7.0,7.0,6.46,5.12,5.12,5.12,5.12
N_21_31,N_19_30,4.256047144920517,4.34,4.34,4.34,4.34,4.34,4.34,6.64,6.64,7.66,7.66,5.11,5.11,5.11,5.11,5.11,5.11,7.15,8.17,8.17,7.15,4.6,4.6,4.6,4.6
N_21_31,N_20_29,6.635709581983917,6.77,6.77,6.77,6.77,6.77,6.77,10.35,10.35,11.94,11.94,7.96,7.96,7.96,7.96,7.96,7.96,11.15,12.74,12.74,11.15,7.17,7.17,7.17,7.17
N_21_31,N_20_30,8.098718830795889,4.49,4.49,4.49,4.49,4.49,4.49,5.59,5.59,6.07,6.07,4.86,4.86,4.86,4.86,4.86,4.86,5.83,6.32,6.32,5.83,4.62,4.62,4.62,4.62
N_21_32,N_20_34,4.335440890453294,4.42,4.42,4.42,4.42,4.42,4.42,6.76,6.76,7.8,7.8,5.2,5.2,5.2,5.2,5.2,5.2,7.28,8.32,8.32,7.28,4.68,4.68,4.68,4.68
N_21_32,N_19_33,13.161181921800909,7.3,7.3,7.3,7.3,7.3,7.3,9.08,9.08,9.87,9.87,7.9,7.9,7.9,7.9,7.9,7.9,9.48,10.27,10.27,9.48,7.5,7.5,7.5,7.5
N_21_32,N_22_33,2.365555945847245,3.88,3.88,3.88,3.88,3.88,3.88,6.43,6.43,7.57,7.57,4.73,4.73,4.73,4.73,4.73,4.73,7.0,8.14,8.14,7.0,4.16,4.16,4.16,4.16
N_21_33,N_20_35,3.614079112969125,3.69,3.69,3.69,3.69,3.69,3.69,5.64,5.64,6.51,6.51,4.34,4.34,4.34,4.34,4.34,4.34,6.07,6.94,6.94,6.07,3.9,3.9,3.9,3.9
N_21_33,N_19_35,14.777970355581338,8.2,8.2,8.2,8.2,8.2,8.2,10.2,10.2,11.08,11.08,8.87,8.87,8.87,8.87,8.87,8.87,10.64,11.53,11.53,10.64,8.42,8.42,8.42,8.42
N_21_33,N_19_32,5.98917878368696,6.11,6.11,6.11,6.11,6.11,6.11,9.34,9.34,10.78,10.78,7.19,7.19,7.19,7.19,7.19,7.19,10.06,11.5,11.5,10.06,6.47,6.47,6.47,6.47
N_21_33,N_23_33,6.923645686499066,7.06,7.06,7.06,7.06,7.06,7.06,10.8,10.8,12.46,12.46,8.31,8.31,8.31,8.31,8.31,8.31,11.63,13.29,13.29,11.63,7.48,7.48,7.48,7.48
N_21_33,N_19_33,4.965927857079221,5.07,5.07,5.07,5.07,5.07,5.07,7.75,7.75,8.94,8.94,5.96,5.96,5.96,5.96,5.96,5.96,8.34,9.53,9.53,8.34,5.36,5.36,5.36,5.36
N_21_34,N_19_35,8.702365090159654,4.83,4.83,4.83,4.83,4.83,4.83,6.0,6.0,6.53,6.53,5.22,5.22,5.22,5.22,5.22,5.22,6.27,6.79,6.79,6.27,4.96,4.96,4.96,4.96
N_21_34,N_23_32,6.125007045853308,6.25,6.25,6.25,6.25,6.25,6.25,9.56,9.56,11.03,11.03,7.35,7.35,7.35,7.35,7.35,7.35,10.29,11.76,11.76,10.29,6.62,6.62,6.62,6.62
N_21_34,N_21_33,13.785310125581567,7.65,7.65,7.65,7.65,7.65,7.65,9.51,9.51,10.34,10.34,8.27,8.27,8.27,8.27,8.27,8.27,9.93,10.75,10.75,9.93,7.86,7.86,7.86,7.86
N_21_34,N_22_35,4.506972211239052,4.6,4.6,4.6,4.6,4.6,4.6,7.03,7.03,8.11,8.11,5.41,5.41,5.41,5.41,5.41,5.41,7.57,8.65,8.65,7.57,4.87,4.87,4.87,4.87
N_21_34,N_20_35,3.445944022673177,3.51,3.51,3.51,3.51,3.51,3.51,5.38,5.38,6.2,6.2,4.14,4.14,4.14,4.14,4.14,4.14,5.79,6.62,6.62,5.79,3.72,3.72,3.72,3.72
N_21_34,N_19_32,5.729151158655755,5.84,5.84,5.84,5.84,5.84,5.84,8.94,8.94,10.31,10.31,6.87,6.87,6.87,6.87,6.87,6.87,9.62,11.0,11.0,9.62,6.19,6.19,6.19,6.19
N_21_35,N_20_33,12.4853819135676,6.93,6.93,6.93,6.93,6.93,6.93,8.61,8.61,9.36,9.36,7.49,7.49,7.49,7.49,7.49,7.49,8.99,9.74,9.74,8.99,7.12,7.12,7.12,7.12
N_21_35,N_21_33,3.357199636218337,3.42,3.42,3.42,3.42,3.42,3.42,5.24,5.24,6.04,6.04,4.03,4.03,4.03,4.03,4.03,4.03,5.64,6.45,6.45,5.64,3.63,3.63,3.63,3.63
N_21_35,N_20_34,5.905688269666298,6.02,6.02,6.02,6.02,6.02,6.02,9.21,9.21,10.63,10.63,7.09,7.09,7.09,7.09,7.09,7.09,9.92,11.34,11.34,9.92,6.38,6.38,6.38,6.38
N_21_35,N_20_37,1.949760259269746,3.2,3.2,3.2,3.2,3.2,3.2,5.3,5.3,6.24,6.24,3.9,3.9,3.9,3.9,3.9,3.9,5.77,6.71,6.71,5.77,3.43,3.43,3.43,3.43
N_21_35,N_22_35,11.257855116116497,6.25,6.25,6.25,6.25,6.25,6.25,7.77,7.77,8.44,8.44,6.75,6.75,6.75,6.75,6.75,6.75,8.11,8.78,8.78,8.11,6.42,6.42,6.42,6.42
N_21_36,N_23_38,6.272905015638679,6.4,6.4,6.4,6.4,6.4,6.4,9.79,9.79,11.29,11.29,7.53,7.53,7.53,7.53,7.53,7.53,10.54,12.04,12.04,10.54,6.77,6.77,6.77,6.77
N_21_36,N_21_35,9.260090932977329,5.14,5.14,5.14,5.14,5.14,5.14,6.39,6.39,6.95,6.95,5.56,5.56,5.56,5.56,5.56,5.56,6.67,7.22,7.22,6.67,5.28,5.28,5.28,5.28
N_21_36,N_21_33,3.474149326871937,3.54,3.54,3.54,3.54,3.54,3.54,5.42,5.42,6.25,6.25,4.17,4.17,4.17,4.17,4.17,4.17,5.84,6.67,6.67,5.84,3.75,3.75,3.75,3.75
N_21_36,N_20_35,5.889848089620353,6.01,6.01,6.01,6.01,6.01,6.01,9.19,9.19,10.6,10.6,7.07,7.07,7.07,7.07,7.07,7.07,9.89,11.31,11.31,9.89,6.36,6.36,6.36,6.36
N_21_37,N_22_36,4.775312474019367,4.87,4.87,4.87,4.87,4.87,4.87,7.45,7.45,8.6,8.6,5.73,5.73,5.73,5.73,5.73,5.73,8.02,9.17,9.17,8.02,5.16,5.16,5.16,5.16
N_21_37,N_23_37,10.47196577612688,5.81,5.81,5.81,5.81,5.81,5.81,7.23,7.23,7.85,7.85,6.28,6.28,6.28,6.28,6.28,6.28,7.54,8.17,8.17,7.54,5.97,5.97,5.97,5.97
N_21_37,N_23_39,1.0972947911222564,1.8,1.8,1.8,1.8,1.8,1.8,2.98,2.98,3.51,3.51,2.19,2.19,2.19,2.19,2.19,2.19,3.25,3.77,3.77,3.25,1.93,1.93,1.93,1.93
N_21_37,N_23_38,11.685075619926295,6.49,6.49,6.49,6.49,6.49,6.49,8.06,8.06,8.76,8.76,7.01,7.01,7.01,7.01,7.01,7.01,8.41,9.11,9.11,8.41,6.66,6.66,6.66,6.66
N_21_37,N_22_38,3.6573597013809924,3.73,3.73,3.73,3.73,3.73,3.73,5.71,5.71,6.58,6.58,4.39,4.39,4.39,4.39,4.39,4.39,6.14,7.02,7.02,6.14,3.95,3.95,3.95,3.95
N_21_37,N_20_39,11.351984002259558,6.3,6.3,6.3,6.3,6.3,6.3,7.83,7.83,8.51,8.51,6.81,6.81,6.81,6.81,6.81,6.81,8.17,8.85,8.85,8.17,6.47,6.47,6.47,6.47
N_21_38,N_18_38,13.371600748061534,7.42,7.42,7.42,7.42,7.42,7.42,9.23,9.23,10.03,10.03,8.02,8.02,8.02,8.02,8.02,8.02,9.63,10.43,10.43,9.63,7.62,7.62,7.62,7.62
N_21_38,N_20_38,2.1330274082950966,3.5,3.5,3.5,3.5,3.5,3.5,5.8,5.8,6.83,6.83,4.27,4.27,4.27,4.27,4.27,4.27,6.31,7.34,7.34,6.31,3.75,3.75,3.75,3.75
N_21_38,N_20_39,6.868990995659837,7.01,7.01,7.01,7.01,7.01,7.01,10.72,10.72,12.36,12.36,8.24,8.24,8.24,8.24,8.24,8.24,11.54,13.19,13.19,11.54,7.42,7.42,7.42,7.42
N_21_38,N_24_38,6.004649233125118,6.12,6.12,6.12,6.12,6.12,6.12,9.37,9.37,10.81,10.81,7.21,7.21,7.21,7.21,7.21,7.21,10.09,11.53,11.53,10.09,6.49,6.49,6.49,6.49
N_21_38,N_21_37,5.116770948834231,5.22,5.22,5.22,5.22,5.22,5.22,7.98,7.98,9.21,9.21,6.14,6.14,6.14,6.14,6.14,6.14,8.6,9.82,9.82,8.6,5.53,5.53,5.53,5.53
N_21_38,N_23_39,6.918273248397982,7.06,7.06,7.06,7.06,7.06,7.06,10.79,10.79,12.45,12.45,8.3,8.3,8.3,8.3,8.3,8.3,11.62,13.28,13.28,11.62,7.47,7.47,7.47,7.47
N_21_39,N_20_39,4.7601781061302155,4.86,4.86,4.86,4.86,4.86,4.86,7.43,7.43,8.57,8.57,5.71,5.71,5.71,5.71,5.71,5.71,8.0,9.14,9.14,8.0,5.14,5.14,5.14,5.14
N_21_39,N_21_37,9.909958411379352,5.5,5.5,5.5,5.5,5.5,5.5,6.84,6.84,7.43,7.43,5.95,5.95,5.95,5.95,5.95,5.95,7.14,7.73,7.73,7.14,5.65,5.65,5.65,5.65
N_21_39,N_18_39,5.015597691403121,5.12,5.12,5.12,5.12,5.12,5.12,7.82,7.82,9.03,9.03,6.02,6.02,6.02,6.02,6.02,6.02,8.43,9.63,9.63,8.43,5.42,5.42,5.42,5.42
N_21_39,N_19_37,11.325723677681953,6.29,6.29,6.29,6.29,6.29,6.29,7.81,7.81,8.49,8.49,6.8,6.8,6.8,6.8,6.8,6.8,8.15,8.83,8.83,8.15,6.46,6.46,6.46,6.46
N_21_4,N_19_6,4.064619487601209,4.15,4.15,4.15,4.15,4.15,4.15,6.34,6.34,7.32,7.32,4.88,4.88,4.88,4.88,4.88,4.88,6.83,7.8,7.8,6.83,4.39,4.39,4.39,4.39
N_21_4,N_20_3,6.118573950722678,6.24,6.24,6.24,6.24,6.24,6.24,9.54,9.54,11.01,11.01,7.34,7.34,7.34,7.34,7.34,7.34,10.28,11.75,11.75,10.28,6.61,6.61,6.61,6.61
N_21_4,N_23_5,6.260825307513876,6.39,6.39,6.39,6.39,6.39,6.39,9.77,9.77,11.27,11.27,7.51,7.51,7.51,7.51,7.51,7.51,10.52,12.02,12.02,10.52,6.76,6.76,6.76,6.76
N_21_4,N_19_3,11.388583367832117,6.32,6.32,6.32,6.32,6.32,6.32,7.86,7.86,8.54,8.54,6.83,6.83,6.83,6.83,6.83,6.83,8.2,8.88,8.88,8.2,6.49,6.49,6.49,6.49
N_21_4,N_24_4,11.983461887694075,6.65,6.65,6.65,6.65,6.65,6.65,8.27,8.27,8.99,8.99,7.19,7.19,7.19,7.19,7.19,7.19,8.63,9.35,9.35,8.63,6.83,6.83,6.83,6.83
N_21_4,N_21_2,9.05444618395352,5.03,5.03,5.03,5.03,5.03,5.03,6.25,6.25,6.79,6.79,5.43,5.43,5.43,5.43,5.43,5.43,6.52,7.06,7.06,6.52,5.16,5.16,5.16,5.16
N_21_5,N_19_4,3.9517436016530088,4.03,4.03,4.03,4.03,4.03,4.03,6.16,6.16,7.11,7.11,4.74,4.74,4.74,4.74,4.74,4.74,6.64,7.59,7.59,6.64,4.27,4.27,4.27,4.27
N_21_5,N_19_3,6.272912374808979,6.4,6.4,6.4,6.4,6.4,6.4,9.79,9.79,11.29,11.29,7.53,7.53,7.53,7.53,7.53,7.53,10.54,12.04,12.04,10.54,6.77,6.77,6.77,6.77
N_21_5,N_22_6,2.399677745039641,3.94,3.94,3.94,3.94,3.94,3.94,6.53,6.53,7.68,7.68,4.8,4.8,4.8,4.8,4.8,4.8,7.1,8.25,8.25,7.1,4.22,4.22,4.22,4.22
N_21_5,N_24_5,13.782827611955746,7.65,7.65,7.65,7.65,7.65,7.65,9.51,9.51,10.34,10.34,8.27,8.27,8.27,8.27,8.27,8.27,9.92,10.75,10.75,9.92,7.86,7.86,7.86,7.86
N_21_5,N_20_7,3.356641462171695,3.42,3.42,3.42,3.42,3.42,3.42,5.24,5.24,6.04,6.04,4.03,4.03,4.03,4.03,4.03,4.03,5.64,6.44,6.44,5.64,3.63,3.63,3.63,3.63
N_21_5,N_20_4,1.1991727972263349,1.97,1.97,1.97,1.97,1.97,1.97,3.26,3.26,3.84,3.84,2.4,2.4,2.4,2.4,2.4,2.4,3.55,4.13,4.13,3.55,2.11,2.11,2.11,2.11
N_21_5,N_19_6,13.534509309357823,7.51,7.51,7.51,7.51,7.51,7.51,9.34,9.34,10.15,10.15,8.12,8.12,8.12,8.12,8.12,8.12,9.74,10.56,10.56,9.74,7.71,7.71,7.71,7.71
N_21_6,N_19_4,5.817460586836323,5.93,5.93,5.93,5.93,5.93,5.93,9.08,9.08,10.47,10.47,6.98,6.98,6.98,6.98,6.98,6.98,9.77,11.17,11.17,9.77,6.28,6.28,6.28,6.28
N_21_6,N_21_5,12.763074472983682,7.08,7.08,7.08,7.08,7.08,7.08,8.81,8.81,9.57,9.57,7.66,7.66,7.66,7.66,7.66,7.66,9.19,9.96,9.96,9.19,7.27,7.27,7.27,7.27
N_21_6,N_22_7,12.319538192694802,6.84,6.84,6.84,6.84,6.84,6.84,8.5,8.5,9.24,9.24,7.39,7.39,7.39,7.39,7.39,7.39,8.87,9.61,9.61,8.87,7.02,7.02,7.02,7.02
N_21_6,N_21_4,5.5779500814167395,5.69,5.69,5.69,5.69,5.69,5.69,8.7,8.7,10.04,10.04,6.69,6.69,6.69,6.69,6.69,6.69,9.37,10.71,10.71,9.37,6.02,6.02,6.02,6.02
N_21_6,N_21_3,2.124332686462455,3.48,3.48,3.48,3.48,3.48,3.48,5.78,5.78,6.8,6.8,4.25,4.25,4.25,4.25,4.25,4.25,6.29,7.31,7.31,6.29,3.74,3.74,3.74,3.74
N_21_6,N_19_6,10.403135958910363,5.77,5.77,5.77,5.77,5.77,5.77,7.18,7.18,7.8,7.8,6.24,6.24,6.24,6.24,6.24,6.24,7.49,8.11,8.11,7.49,5.93,5.93,5.93,5.93
N_21_6,N_19_5,4.297469783515439,4.38,4.38,4.38,4.38,4.38,4.38,6.7,6.7,7.74,7.74,5.16,5.16,5.16,5.16,5.16,5.16,7.22,8.25,8.25,7.22,4.64,4.64,4.64,4.64
N_21_6,N_21_8,6.2866082662560805,6.41,6.41,6.41,6.41,6.41,6.41,9.81,9.81,11.32,11.32,7.54,7.54,7.54,7.54,7.54,7.54,10.56,12.07,12.07,10.56,6.79,6.79,6.79,6.79
N_21_7,N_19_6,13.154622187118672,7.3,7.3,7.3,7.3,7.3,7.3,9.08,9.08,9.87,9.87,7.89,7.89,7.89,7.89,7.89,7.89,9.47,10.26,10.26,9.47,7.5,7.5,7.5,7.5
N_21_7,N_19_7,3.053634689049926,3.11,3.11,3.11,3.11,3.11,3.11,4.76,4.76,5.5,5.5,3.66,3.66,3.66,3.66,3.66,3.66,5.13,5.86,5.86,5.13,3.3,3.3,3.3,3.3
N_21_7,N_20_7,9.45850070627707,5.25,5.25,5.25,5.25,5.25,5.25,6.53,6.53,7.09,7.09,5.68,5.68,5.68,5.68,5.68,5.68,6.81,7.38,7.38,6.81,5.39,5.39,5.39,5.39
N_21_7,N_23_6,11.578992008386441,6.43,6.43,6.43,6.43,6.43,6.43,7.99,7.99,8.68,8.68,6.95,6.95,6.95,6.95,6.95,6.95,8.34,9.03,9.03,8.34,6.6,6.6,6.6,6.6
N_21_7,N_22_9,12.370470873295863,6.87,6.87,6.87,6.87,6.87,6.87,8.54,8.54,9.28,9.28,7.42,7.42,7.42,7.42,7.42,7.42,8.91,9.65,9.65,8.91,7.05,7.05,7.05,7.05
N_21_7,N_20_5,3.662962933735083,3.74,3.74,3.74,3.74,3.74,3.74,5.71,5.71,6.59,6.59,4.4,4.4,4.4,4.4,4.4,4.4,6.15,7.03,7.03,6.15,3.96,3.96,3.96,3.96
N_21_7,N_21_5,4.568828609941558,4.66,4.66,4.66,4.66,4.66,4.66,7.13,7.13,8.22,8.22,5.48,5.48,5.48,5.48,5.48,5.48,7.68,8.77,8.77,7.68,4.93,4.93,4.93,4.93
N_21_8,N_21_6,6.2866082662560805,6.41,6.41,6.41,6.41,6.41,6.41,9.81,9.81,11.32,11.32,7.54,7.54,7.54,7.54,7.54,7.54,10.56,12.07,12.07,10.56,6.79,6.79,6.79,6.79
N_21_8,N_19_9,6.369914015168629,6.5,6.5,6.5,6.5,6.5,6.5,9.94,9.94,11.47,11.47,7.64,7.64,7.64,7.64,7.64,7.64,10.7,12.23,12.23,10.7,6.88,6.88,6.88,6.88
N_21_8,N_22_7,8.255792894109835,4.58,4.58,4.58,4.58,4.58,4.58,5.7,5.7,6.19,6.19,4.95,4.95,4.95,4.95,4.95,4.95,5.94,6.44,6.44,5.94,4.71,4.71,4.71,4.71
N_21_9,N_18_9,8.05131281213589,4.47,4.47,4.47,4.47,4.47,4.47,5.56,5.56,6.04,6.04,4.83,4.83,4.83,4.83,4.83,4.83,5.8,6.28,6.28,5.8,4.59,4.59,4.59,4.59
N_21_9,N_20_7,4.229655524866942,4.31,4.31,4.31,4.31,4.31,4.31,6.6,6.6,7.61,7.61,5.08,5.08,5.08,5.08,5.08,5.08,7.11,8.12,8.12,7.11,4.57,4.57,4.57,4.57
N_21_9,N_22_9,13.278586176010336,7.37,7.37,7.37,7.37,7.37,7.37,9.16,9.16,9.96,9.96,7.97,7.97,7.97,7.97,7.97,7.97,9.56,10.36,10.36,9.56,7.57,7.57,7.57,7.57
N_21_9,N_19_9,0.9734528931058322,1.6,1.6,1.6,1.6,1.6,1.6,2.65,2.65,3.12,3.12,1.95,1.95,1.95,1.95,1.95,1.95,2.88,3.35,3.35,2.88,1.71,1.71,1.71,1.71
N_21_9,N_19_10,6.180682136634444,6.3,6.3,6.3,6.3,6.3,6.3,9.64,9.64,11.13,11.13,7.42,7.42,7.42,7.42,7.42,7.42,10.38,11.87,11.87,10.38,6.68,6.68,6.68,6.68
N_21_9,N_20_11,4.20203347209601,4.29,4.29,4.29,4.29,4.29,4.29,6.56,6.56,7.56,7.56,5.04,5.04,5.04,5.04,5.04,5.04,7.06,8.07,8.07,7.06,4.54,4.54,4.54,4.54
N_22_0,N_19_0,1.2566195597274277,2.06,2.06,2.06,2.06,2.06,2.06,3.42,3.42,4.02,4.02,2.51,2.51,2.51,2.51,2.51,2.51,3.72,4.32,4.32,3.72,2.21,2.21,2.21,2.21
N_22_0,N_21_0,3.399492206137089,3.47,3.47,3.47,3.47,3.47,3.47,5.3,5.3,6.12,6.12,4.08,4.08,4.08,4.08,4.08,4.08,5.71,6.53,6.53,5.71,3.67,3.67,3.67,3.67
N_22_0,N_23_1,1.9234764587583626,3.15,3.15,3.15,3.15,3.15,3.15,5.23,5.23,6.16,6.16,3.85,3.85,3.85,3.85,3.85,3.85,5.69,6.62,6.62,5.69,3.39,3.39,3.39,3.39
N_22_1,N_20_0,13.019795950856121,7.23,7.23,7.23,7.23,7.23,7.23,8.98,8.98,9.76,9.76,7.81,7.81,7.81,7.81,7.81,7.81,9.37,10.16,10.16,9.37,7.42,7.42,7.42,7.42
N_22_1,N_24_3,6.690137874334313,6.82,6.82,6.82,6.82,6.82,6.82,10.44,10.44,12.04,12.04,8.03,8.03,8.03,8.03,8.03,8.03,11.24,12.85,12.85,11.24,7.23,7.23,7.23,7.23
N_22_1,N_24_2,10.916585106685897,6.06,6.06,6.06,6.06,6.06,6.06,7.53,7.53,8.19,8.19,6.55,6.55,6.55,6.55,6.55,6.55,7.86,8.51,8.51,7.86,6.22,6.22,6.22,6.22
N_22_1,N_23_0,3.987207984556928,4.07,4.07,4.07,4.07,4.07,4.07,6.22,6.22,7.18,7.18,4.78,4.78,4.78,4.78,4.78,4.78,6.7,7.66,7.66,6.7,4.31,4.31,4.31,4.31
N_22_1,N_20_3,10.096318135519166,5.6,5.6,5.6,5.6,5.6,5.6,6.97,6.97,7.57,7.57,6.06,6.06,6.06,6.06,6.06,6.06,7.27,7.88,7.88,7.27,5.75,5.75,5.75,5.75
N_22_10,N_21_10,8.330689685067702,4.62,4.62,4.62,4.62,4.62,4.62,5.75,5.75,6.25,6.25,5.0,5.0,5.0,5.0,5.0,5.0,6.0,6.5,6.5,6.0,4.75,4.75,4.75,4.75
N_22_10,N_22_13,4.526394351884434,4.62,4.62,4.62,4.62,4.62,4.62,7.06,7.06,8.15,8.15,5.43,5.43,5.43,5.43,5.43,5.43,7.6,8.69,8.69,7.6,4.89,4.89,4.89,4.89
N_22_10,N_20_8,0.9379605471346313,1.54,1.54,1.54,1.54,1.54,1.54,2.55,2.55,3.0,3.0,1.88,1.88,1.88,1.88,1.88,1.88,2.78,3.23,3.23,2.78,1.65,1.65,1.65,1.65
N_22_10,N_24_8,0.5621093315461401,0.92,0.92,0.92,0.92,0.92,0.92,1.53,1.53,1.8,1.8,1.12,1.12,1.12,1.12,1.12,1.12,1.66,1.93,1.93,1.66,0.99,0.99,0.99,0.99
N_22_10,N_24_10,6.532818703429774,6.66,6.66,6.66,6.66,6.66,6.66,10.19,10.19,11.76,11.76,7.84,7.84,7.84,7.84,7.84,7.84,10.98,12.54,12.54,10.98,7.06,7.06,7.06,7.06
N_22_10,N_23_12,10.669444722761334,5.92,5.92,5.92,5.92,5.92,5.92,7.36,7.36,8.0,8.0,6.4,6.4,6.4,6.4,6.4,6.4,7.68,8.32,8.32,7.68,6.08,6.08,6.08,6.08
N_22_11,N_21_12,8.125109794627125,4.51,4.51,4.51,4.51,4.51,4.51,5.61,5.61,6.09,6.09,4.88,4.88,4.88,4.88,4.88,4.88,5.85,6.34,6.34,5.85,4.63,4.63,4.63,4.63
N_22_11,N_24_10,4.94488472343382,5.04,5.04,5.04,5.04,5.04,5.04,7.71,7.71,8.9,8.9,5.93,5.93,5.93,5.93,5.93,5.93,8.31,9.49,9.49,8.31,5.34,5.34,5.34,5.34
N_22_11,N_21_11,5.388193941126838,5.5,5.5,5.5,5.5,5.5,5.5,8.41,8.41,9.7,9.7,6.47,6.47,6.47,6.47,6.47,6.47,9.05,10.35,10.35,9.05,5.82,5.82,5.82,5.82
N_22_11,N_20_9,1.1384914736877676,1.87,1.87,1.87,1.87,1.87,1.87,3.1,3.1,3.64,3.64,2.28,2.28,2.28,2.28,2.28,2.28,3.37,3.92,3.92,3.37,2.0,2.0,2.0,2.0
N_22_11,N_21_10,9.220298902606121,5.12,5.12,5.12,5.12,5.12,5.12,6.36,6.36,6.92,6.92,5.53,5.53,5.53,5.53,5.53,5.53,6.64,7.19,7.19,6.64,5.26,5.26,5.26,5.26
N_22_12,N_20_10,0.7421355719551288,1.22,1.22,1.22,1.22,1.22,1.22,2.02,2.02,2.37,2.37,1.48,1.48,1.48,1.48,1.48,1.48,2.2,2.55,2.55,2.2,1.31,1.31,1.31,1.31
N_22_12,N_24_13,14.409273687752265,8.0,8.0,8.0,8.0,8.0,8.0,9.94,9.94,10.81,10.81,8.65,8.65,8.65,8.65,8.65,8.65,10.37,11.24,11.24,10.37,8.21,8.21,8.21,8.21
N_22_12,N_20_13,11.660678049778168,6.47,6.47,6.47,6.47,6.47,6.47,8.05,8.05,8.75,8.75,7.0,7.0,7.0,7.0,7.0,7.0,8.4,9.1,9.1,8.4,6.65,6.65,6.65,6.65
N_22_12,N_22_11,13.787261518621822,7.65,7.65,7.65,7.65,7.65,7.65,9.51,9.51,10.34,10.34,8.27,8.27,8.27,8.27,8.27,8.27,9.93,10.75,10.75,9.93,7.86,7.86,7.86,7.86
N_22_12,N_20_11,6.833781201128694,6.97,6.97,6.97,6.97,6.97,6.97,10.66,10.66,12.3,12.3,8.2,8.2,8.2,8.2,8.2,8.2,11.48,13.12,13.12,11.48,7.38,7.38,7.38,7.38
N_22_12,N_21_12,0.8019048713151806,1.32,1.32,1.32,1.32,1.32,1.32,2.18,2.18,2.57,2.57,1.6,1.6,1.6,1.6,1.6,1.6,2.37,2.76,2.76,2.37,1.41,1.41,1.41,1.41
N_22_12,N_23_14,10.460410758359732,5.81,5.81,5.81,5.81,5.81,5.81,7.22,7.22,7.85,7.85,6.28,6.28,6.28,6.28,6.28,6.28,7.53,8.16,8.16,7.53,5.96,5.96,5.96,5.96
N_22_12,N_21_11,4.052227997608573,4.13,4.13,4.13,4.13,4.13,4.13,6.32,6.32,7.29,7.29,4.86,4.86,4.86,4.86,4.86,4.86,6.81,7.78,7.78,6.81,4.38,4.38,4.38,4.38
N_22_13,N_22_10,4.526394351884434,4.62,4.62,4.62,4.62,4.62,4.62,7.06,7.06,8.15,8.15,5.43,5.43,5.43,5.43,5.43,5.43,7.6,8.69,8.69,7.6,4.89,4.89,4.89,4.89
N_22_13,N_24_11,1.0195683097548967,1.67,1.67,1.67,1.67,1.67,1.67,2.77,2.77,3.26,3.26,2.04,2.04,2.04,2.04,2.04,2.04,3.02,3.51,3.51,3.02,1.79,1.79,1.79,1.79
N_22_13,N_20_11,3.4438605767098256,3.51,3.51,3.51,3.51,3.51,3.51,5.37,5.37,6.2,6.2,4.13,4.13,4.13,4.13,4.13,4.13,5.79,6.61,6.61,5.79,3.72,3.72,3.72,3.72
N_22_13,N_21_13,14.513123015108404,8.05,8.05,8.05,8.05,8.05,8.05,10.01,10.01,10.88,10.88,8.71,8.71,8.71,8.71,8.71,8.71,10.45,11.32,11.32,10.45,8.27,8.27,8.27,8.27
N_22_13,N_23_15,6.968840458087363,7.11,7.11,7.11,7.11,7.11,7.11,10.87,10.87,12.54,12.54,8.36,8.36,8.36,8.36,8.36,8.36,11.71,13.38,13.38,11.71,7.53,7.53,7.53,7.53
N_22_14,N_20_14,5.541999815156148,5.65,5.65,5.65,5.65,5.65,5.65,8.65,8.65,9.98,9.98,6.65,6.65,6.65,6.65,6.65,6.65,9.31,10.64,10.64,9.31,5.99,5.99,5.99,5.99
N_22_14,N_21_16,3.4810586163355315,3.55,3.55,3.55,3.55,3.55,3.55,5.43,5.43,6.27,6.27,4.18,4.18,4.18,4.18,4.18,4.18,5.85,6.68,6.68,5.85,3.76,3.76,3.76,3.76
N_22_14,N_20_15,5.8890996709031835,6.01,6.01,6.01,6.01,6.01,6.01,9.19,9.19,10.6,10.6,7.07,7.07,7.07,7.07,7.07,7.07,9.89,11.31,11.31,9.89,6.36,6.36,6.36,6.36
N_22_14,N_22_16,2.3407489026463315,3.84,3.84,3.84,3.84,3.84,3.84,6.37,6.37,7.49,7.49,4.68,4.68,4.68,4.68,4.68,4.68,6.93,8.05,8.05,6.93,4.12,4.12,4.12,4.12
N_22_15,N_21_15,3.3227518748112983,3.39,3.39,3.39,3.39,3.39,3.39,5.18,5.18,5.98,5.98,3.99,3.99,3.99,3.99,3.99,3.99,5.58,6.38,6.38,5.58,3.59,3.59,3.59,3.59
N_22_15,N_24_13,14.401886851251913,7.99,7.99,7.99,7.99,7.99,7.99,9.94,9.94,10.8,10.8,8.64,8.64,8.64,8.64,8.64,8.64,10.37,11.23,11.23,10.37,8.21,8.21,8.21,8.21
N_22_15,N_22_14,5.4629900198489825,5.57,5.57,5.57,5.57,5.57,5.57,8.52,8.52,9.83,9.83,6.56,6.56,6.56,6.56,6.56,6.56,9.18,10.49,10.49,9.18,5.9,5.9,5.9,5.9
N_22_15,N_21_16,11.97997236324752,6.65,6.65,6.65,6.65,6.65,6.65,8.27,8.27,8.98,8.98,7.19,7.19,7.19,7.19,7.19,7.19,8.63,9.34,9.34,8.63,6.83,6.83,6.83,6.83
N_22_15,N_19_15,3.698987926399505,3.77,3.77,3.77,3.77,3.77,3.77,5.77,5.77,6.66,6.66,4.44,4.44,4.44,4.44,4.44,4.44,6.21,7.1,7.1,6.21,3.99,3.99,3.99,3.99
N_22_16,N_20_15,6.035186090228906,6.16,6.16,6.16,6.16,6.16,6.16,9.41,9.41,10.86,10.86,7.24,7.24,7.24,7.24,7.24,7.24,10.14,11.59,11.59,10.14,6.52,6.52,6.52,6.52
N_22_16,N_20_17,8.866971338987366,4.92,4.92,4.92,4.92,4.92,4.92,6.12,6.12,6.65,6.65,5.32,5.32,5.32,5.32,5.32,5.32,6.38,6.92,6.92,6.38,5.05,5.05,5.05,5.05
N_22_16,N_20_18,12.599797922635423,6.99,6.99,6.99,6.99,6.99,6.99,8.69,8.69,9.45,9.45,7.56,7.56,7.56,7.56,7.56,7.56,9.07,9.83,9.83,9.07,7.18,7.18,7.18,7.18
N_22_16,N_21_14,0.9757400155161853,1.6,1.6,1.6,1.6,1.6,1.6,2.65,2.65,3.12,3.12,1.95,1.95,1.95,1.95,1.95,1.95,2.89,3.36,3.36,2.89,1.72,1.72,1.72,1.72
N_22_16,N_21_17,2.0201157806166297,3.31,3.31,3.31,3.31,3.31,3.31,5.49,5.49,6.46,6.46,4.04,4.04,4.04,4.04,4.04,4.04,5.98,6.95,6.95,5.98,3.56,3.56,3.56,3.56
N_22_16,N_21_18,8.142470528164342,4.52,4.52,4.52,4.52,4.52,4.52,5.62,5.62,6.11,6.11,4.89,4.89,4.89,4.89,4.89,4.89,5.86,6.35,6.35,5.86,4.64,4.64,4.64,4.64
N_22_17,N_22_19,4.390283524645473,4.48,4.48,4.48,4.48,4.48,4.48,6.85,6.85,7.9,7.9,5.27,5.27,5.27,5.27,5.27,5.27,7.38,8.43,8.43,7.38,4.74,4.74,4.74,4.74
N_22_17,N_21_18,11.304574845639426,6.27,6.27,6.27,6.27,6.27,6.27,7.8,7.8,8.48,8.48,6.78,6.78,6.78,6.78,6.78,6.78,8.14,8.82,8.82,8.14,6.44,6.44,6.44,6.44
N_22_17,N_23_15,14.077279599454343,7.81,7.81,7.81,7.81,7.81,7.81,9.71,9.71,10.56,10.56,8.45,8.45,8.45,8.45,8.45,8.45,10.14,10.98,10.98,10.14,8.02,8.02,8.02,8.02
N_22_17,N_22_14,11.750928335679939,6.52,6.52,6.52,6.52,6.52,6.52,8.11,8.11,8.81,8.81,7.05,7.05,7.05,7.05,7.05,7.05,8.46,9.17,9.17,8.46,6.7,6.7,6.7,6.7
N_22_17,N_21_15,6.1466356077686255,6.27,6.27,6.27,6.27,6.27,6.27,9.59,9.59,11.06,11.06,7.38,7.38,7.38,7.38,7.38,7.38,10.33,11.8,11.8,10.33,6.64,6.64,6.64,6.64
N_22_18,N_22_15,4.593672546331296,4.69,4.69,4.69,4.69,4.69,4.69,7.17,7.17,8.27,8.27,5.51,5.51,5.51,5.51,5.51,5.51,7.72,8.82,8.82,7.72,4.96,4.96,4.96,4.96
N_22_18,N_23_16,3.216550098059421,3.28,3.28,3.28,3.28,3.28,3.28,5.02,5.02,5.79,5.79,3.86,3.86,3.86,3.86,3.86,3.86,5.4,6.18,6.18,5.4,3.47,3.47,3.47,3.47
N_22_18,N_20_17,11.975497561004849,6.65,6.65,6.65,6.65,6.65,6.65,8.26,8.26,8.98,8.98,7.19,7.19,7.19,7.19,7.19,7.19,8.62,9.34,9.34,8.62,6.83,6.83,6.83,6.83
N_22_18,N_23_19,11.089403115345432,6.15,6.15,6.15,6.15,6.15,6.15,7.65,7.65,8.32,8.32,6.65,6.65,6.65,6.65,6.65,6.65,7.98,8.65,8.65,7.98,6.32,6.32,6.32,6.32
N_22_18,N_20_20,10.920410804367693,6.06,6.06,6.06,6.06,6.06,6.06,7.54,7.54,8.19,8.19,6.55,6.55,6.55,6.55,6.55,6.55,7.86,8.52,8.52,7.86,6.22,6.22,6.22,6.22
N_22_18,N_21_16,4.003666392769093,4.08,4.08,4.08,4.08,4.08,4.08,6.25,6.25,7.21,7.21,4.8,4.8,4.8,4.8,4.8,4.8,6.73,7.69,7.69,6.73,4.32,4.32,4.32,4.32
N_22_18,N_22_16,6.874728614707139,7.01,7.01,7.01,7.01,7.01,7.01,10.72,10.72,12.37,12.37,8.25,8.25,8.25,8.25,8.25,8.25,11.55,13.2,13.2,11.55,7.42,7.42,7.42,7.42
N_22_18,N_23_20,0.9917645923023832,1.63,1.63,1.63,1.63,1.63,1.63,2.7,2.7,3.17,3.17,1.98,1.98,1.98,1.98,1.98,1.98,2.94,3.41,3.41,2.94,1.75,1.75,1.75,1.75
N_22_19,N_23_20,6.932650299677606,7.07,7.07,7.07,7.07,7.07,7.07,10.81,10.81,12.48,12.48,8.32,8.32,8.32,8.32,8.32,8.32,11.65,13.31,13.31,11.65,7.49,7.49,7.49,7.49
N_22_19,N_20_21,0.6237780781631537,1.02,1.02,1.02,1.02,1.02,1.02,1.7,1.7,2.0,2.0,1.25,1.25,1.25,1.25,1.25,1.25,1.85,2.15,2.15,1.85,1.1,1.1,1.1,1.1
N_22_19,N_22_20,4.4256771944908095,4.51,4.51,4.51,4.51,4.51,4.51,6.9,6.9,7.97,7.97,5.31,5.31,5.31,5.31,5.31,5.31,7.44,8.5,8.5,7.44,4.78,4.78,4.78,4.78
N_22_2,N_21_0,11.587974326126286,6.43,6.43,6.43,6.43,6.43,6.43,8.0,8.0,8.69,8.69,6.95,6.95,6.95,6.95,6.95,6.95,8.34,9.04,9.04,8.34,6.61,6.61,6.61,6.61
N_22_2,N_24_1,8.246365903588785,4.58,4.58,4.58,4.58,4.58,4.58,5.69,5.69,6.18,6.18,4.95,4.95,4.95,4.95,4.95,4.95,5.94,6.43,6.43,5.94,4.7,4.7,4.7,4.7
N_22_2,N_22_0,5.043459501625605,5.14,5.14,5.14,5.14,5.14,5.14,7.87,7.87,9.08,9.08,6.05,6.05,6.05,6.05,6.05,6.05,8.47,9.68,9.68,8.47,5.45,5.45,5.45,5.45
N_22_2,N_22_3,12.152858670773334,6.74,6.74,6.74,6.74,6.74,6.74,8.39,8.39,9.11,9.11,7.29,7.29,7.29,7.29,7.29,7.29,8.75,9.48,9.48,8.75,6.93,6.93,6.93,6.93
N_22_2,N_24_3,14.856167243834001,8.25,8.25,8.25,8.25,8.25,8.25,10.25,10.25,11.14,11.14,8.91,8.91,8.91,8.91,8.91,8.91,10.7,11.59,11.59,10.7,8.47,8.47,8.47,8.47
N_22_2,N_23_2,12.882918251236747,7.15,7.15,7.15,7.15,7.15,7.15,8.89,8.89,9.66,9.66,7.73,7.73,7.73,7.73,7.73,7.73,9.28,10.05,10.05,9.28,7.34,7.34,7.34,7.34
N_22_2,N_23_1,5.69414213327536,5.81,5.81,5.81,5.81,5.81,5.81,8.88,8.88,10.25,10.25,6.83,6.83,6.83,6.83,6.83,6.83,9.57,10.93,10.93,9.57,6.15,6.15,6.15,6.15
N_22_20,N_20_21,10.560006021018147,5.86,5.86,5.86,5.86,5.86,5.86,7.29,7.29,7.92,7.92,6.34,6.34,6.34,6.34,6.34,6.34,7.6,8.24,8.24,7.6,6.02,6.02,6.02,6.02
N_22_20,N_21_21,6.557314790377822,6.69,6.69,6.69,6.69,6.69,6.69,10.23,10.23,11.8,11.8,7.87,7.87,7.87,7.87,7.87,7.87,11.02,12.59,12.59,11.02,7.08,7.08,7.08,7.08
N_22_20,N_22_19,4.4256771944908095,4.51,4.51,4.51,4.51,4.51,4.51,6.9,6.9,7.97,7.97,5.31,5.31,5.31,5.31,5.31,5.31,7.44,8.5,8.5,7.44,4.78,4.78,4.78,4.78
N_22_20,N_23_19,1.4635424088057085,2.4,2.4,2.4,2.4,2.4,2.4,3.98,3.98,4.68,4.68,2.93,2.93,2.93,2.93,2.93,2.93,4.33,5.03,5.03,4.33,2.58,2.58,2.58,2.58
N_22_20,N_24_19,5.5455374307493415,5.66,5.66,5.66,5.66,5.66,5.66,8.65,8.65,9.98,9.98,6.65,6.65,6.65,6.65,6.65,6.65,9.32,10.65,10.65,9.32,5.99,5.99,5.99,5.99
N_22_20,N_24_22,1.200166384204467,1.97,1.97,1.97,1.97,1.97,1.97,3.26,3.26,3.84,3.84,2.4,2.4,2.4,2.4,2.4,2.4,3.55,4.13,4.13,3.55,2.11,2.11,2.11,2.11
N_22_21,N_20_21,2.210107127324185,3.62,3.62,3.62,3.62,3.62,3.62,6.01,6.01,7.07,7.07,4.42,4.42,4.42,4.42,4.42,4.42,6.54,7.6,7.6,6.54,3.89,3.89,3.89,3.89
N_22_21,N_21_21,5.530449662910591,5.64,5.64,5.64,5.64,5.64,5.64,8.63,8.63,9.95,9.95,6.64,6.64,6.64,6.64,6.64,6.64,9.29,10.62,10.62,9.29,5.97,5.97,5.97,5.97
N_22_21,N_20_19,11.084170060179249,6.15,6.15,6.15,6.15,6.15,6.15,7.65,7.65,8.31,8.31,6.65,6.65,6.65,6.65,6.65,6.65,7.98,8.65,8.65,7.98,6.32,6.32,6.32,6.32
N_22_21,N_23_19,4.863359021553589,4.96,4.96,4.96,4.96,4.96,4.96,7.59,7.59,8.75,8.75,5.84,5.84,5.84,5.84,5.84,5.84,8.17,9.34,9.34,8.17,5.25,5.25,5.25,5.25
N_22_21,N_21_20,1.700487374173991,2.79,2.79,2.79,2.79,2.79,2.79,4.63,4.63,5.44,5.44,3.4,3.4,3.4,3.4,3.4,3.4,5.03,5.85,5.85,5.03,2.99,2.99,2.99,2.99
N_22_22,N_20_20,1.292769661573018,2.12,2.12,2.12,2.12,2.12,2.12,3.52,3.52,4.14,4.14,2.59,2.59,2.59,2.59,2.59,2.59,3.83,4.45,4.45,3.83,2.28,2.28,2.28,2.28
N_22_22,N_23_21,13.652011078032732,7.58,7.58,7.58,7.58,7.58,7.58,9.42,9.42,10.24,10.24,8.19,8.19,8.19,8.19,8.19,8.19,9.83,10.65,10.65,9.83,7.78,7.78,7.78,7.78
N_22_22,N_21_24,6.175034780756196,6.3,6.3,6.3,6.3,6.3,6.3,9.63,9.63,11.12,11.12,7.41,7.41,7.41,7.41,7.41,7.41,10.37,11.86,11.86,10.37,6.67,6.67,6.67,6.67
N_22_22,N_20_23,0.9654671821096181,1.58,1.58,1.58,1.58,1.58,1.58,2.63,2.63,3.09,3.09,1.93,1.93,1.93,1.93,1.93,1.93,2.86,3.32,3.32,2.86,1.7,1.7,1.7,1.7
N_22_22,N_20_22,10.953671792302403,6.08,6.08,6.08,6.08,6.08,6.08,7.56,7.56,8.22,8.22,6.57,6.57,6.57,6.57,6.57,6.57,7.89,8.54,8.54,7.89,6.24,6.24,6.24,6.24
N_22_22,N_24_21,5.453804054598202,5.56,5.56,5.56,5.56,5.56,5.56,8.51,8.51,9.82,9.82,6.54,6.54,6.54,6.54,6.54,6.54,9.16,10.47,10.47,9.16,5.89,5.89,5.89,5.89
N_22_23,N_20_21,5.664473698539219,5.78,5.78,5.78,5.78,5.78,5.78,8.84,8.84,10.2,10.2,6.8,6.8,6.8,6.8,6.8,6.8,9.52,10.88,10.88,9.52,6.12,6.12,6.12,6.12
N_22_23,N_21_25,6.921615100493547,7.06,7.06,7.06,7.06,7.06,7.06,10.8,10.8,12.46,12.46,8.31,8.31,8.31,8.31,8.31,8.31,11.63,13.29,13.29,11.63,7.48,7.48,7.48,7.48
N_22_23,N_24_21,3.184913572555617,3.25,3.25,3.25,3.25,3.25,3.25,4.97,4.97,5.73,5.73,3.82,3.82,3.82,3.82,3.82,3.82,5.35,6.12,6.12,5.35,3.44,3.44,3.44,3.44
N_22_23,N_22_26,3.335865585113419,3.4,3.4,3.4,3.4,3.4,3.4,5.2,5.2,6.0,6.0,4.0,4.0,4.0,4.0,4.0,4.0,5.6,6.4,6.4,5.6,3.6,3.6,3.6,3.6
N_22_23,N_20_22,5.641442666371378,5.75,5.75,5.75,5.75,5.75,5.75,8.8,8.8,10.15,10.15,6.77,6.77,6.77,6.77,6.77,6.77,9.48,10.83,10.83,9.48,6.09,6.09,6.09,6.09
N_22_24,N_21_23,3.0581524633125654,3.12,3.12,3.12,3.12,3.12,3.12,4.77,4.77,5.5,5.5,3.67,3.67,3.67,3.67,3.67,3.67,5.14,5.87,5.87,5.14,3.3,3.3,3.3,3.3
N_22_24,N_21_25,1.943595568846094,3.19,3.19,3.19,3.19,3.19,3.19,5.29,5.29,6.22,6.22,3.89,3.89,3.89,3.89,3.89,3.89,5.75,6.69,6.69,5.75,3.42,3.42,3.42,3.42
N_22_24,N_20_23,4.110841408799493,4.19,4.19,4.19,4.19,4.19,4.19,6.41,6.41,7.4,7.4,4.93,4.93,4.93,4.93,4.93,4.93,6.91,7.89,7.89,6.91,4.44,4.44,4.44,4.44
N_22_24,N_24_23,4.006114641855889,4.09,4.09,4.09,4.09,4.09,4.09,6.25,6.25,7.21,7.21,4.81,4.81,4.81,4.81,4.81,4.81,6.73,7.69,7.69,6.73,4.33,4.33,4.33,4.33
N_22_24,N_22_23,4.090555995997496,4.17,4.17,4.17,4.17,4.17,4.17,6.38,6.38,7.36,7.36,4.91,4.91,4.91,4.91,4.91,4.91,6.87,7.85,7.85,6.87,4.42,4.42,4.42,4.42
N_22_24,N_21_26,5.714879049964744,5.83,5.83,5.83,5.83,5.83,5.83,8.92,8.92,10.29,10.29,6.86,6.86,6.86,6.86,6.86,6.86,9.6,10.97,10.97,9.6,6.17,6.17,6.17,6.17
N_22_24,N_23_22,13.095163088177252,7.27,7.27,7.27,7.27,7.27,7.27,9.04,9.04,9.82,9.82,7.86,7.86,7.86,7.86,7.86,7.86,9.43,10.21,10.21,9.43,7.46,7.46,7.46,7.46
N_22_25,N_21_24,14.653303041167643,8.13,8.13,8.13,8.13,8.13,8.13,10.11,10.11,10.99,10.99,8.79,8.79,8.79,8.79,8.79,8.79,10.55,11.43,11.43,10.55,8.35,8.35,8.35,8.35
N_22_25,N_21_27,4.777024709706968,4.87,4.87,4.87,4.87,4.87,4.87,7.45,7.45,8.6,8.6,5.73,5.73,5.73,5.73,5.73,5.73,8.03,9.17,9.17,8.03,5.16,5.16,5.16,5.16
N_22_25,N_24_24,6.240825318654325,6.37,6.37,6.37,6.37,6.37,6.37,9.74,9.74,11.23,11.23,7.49,7.49,7.49,7.49,7.49,7.49,10.48,11.98,11.98,10.48,6.74,6.74,6.74,6.74
N_22_25,N_24_27,3.4815118425086666,3.55,3.55,3.55,3.55,3.55,3.55,5.43,5.43,6.27,6.27,4.18,4.18,4.18,4.18,4.18,4.18,5.85,6.68,6.68,5.85,3.76,3.76,3.76,3.76
N_22_25,N_24_23,6.668259746967436,6.8,6.8,6.8,6.8,6.8,6.8,10.4,10.4,12.0,12.0,8.0,8.0,8.0,8.0,8.0,8.0,11.2,12.8,12.8,11.2,7.2,7.2,7.2,7.2
N_22_25,N_21_25,6.449127240382757,6.58,6.58,6.58,6.58,6.58,6.58,10.06,10.06,11.61,11.61,7.74,7.74,7.74,7.74,7.74,7.74,10.83,12.38,12.38,10.83,6.97,6.97,6.97,6.97
N_22_25,N_20_23,6.645043643752013,6.78,6.78,6.78,6.78,6.78,6.78,10.37,10.37,11.96,11.96,7.97,7.97,7.97,7.97,7.97,7.97,11.16,12.76,12.76,11.16,7.18,7.18,7.18,7.18
N_22_26,N_21_25,12.586202336538433,6.99,6.99,6.99,6.99,6.99,6.99,8.68,8.68,9.44,9.44,7.55,7.55,7.55,7.55,7.55,7.55,9.06,9.82,9.82,9.06,7.17,7.17,7.17,7.17
N_22_26,N_21_28,1.6425924559979554,2.69,2.69,2.69,2.69,2.69,2.69,4.47,4.47,5.26,5.26,3.29,3.29,3.29,3.29,3.29,3.29,4.86,5.65,5.65,4.86,2.89,2.89,2.89,2.89
N_22_26,N_24_28,4.930745313369414,5.03,5.03,5.03,5.03,5.03,5.03,7.69,7.69,8.88,8.88,5.92,5.92,5.92,5.92,5.92,5.92,8.28,9.47,9.47,8.28,5.33,5.33,5.33,5.33
N_22_27,N_21_26,1.8104307691024486,2.97,2.97,2.97,2.97,2.97,2.97,4.92,4.92,5.79,5.79,3.62,3.62,3.62,3.62,3.62,3.62,5.36,6.23,6.23,5.36,3.19,3.19,3.19,3.19
N_22_27,N_20_27,14.74420534171546,8.18,8.18,8.18,8.18,8.18,8.18,10.17,10.17,11.06,11.06,8.85,8.85,8.85,8.85,8.85,8.85,10.62,11.5,11.5,10.62,8.4,8.4,8.4,8.4
N_22_27,N_22_26,1.0194107801005754,1.67,1.67,1.67,1.67,1.67,1.67,2.77,2.77,3.26,3.26,2.04,2.04,2.04,2.04,2.04,2.04,3.02,3.51,3.51,3.02,1.79,1.79,1.79,1.79
N_22_27,N_19_27,4.001169695362879,4.08,4.08,4.08,4.08,4.08,4.08,6.24,6.24,7.2,7.2,4.8,4.8,4.8,4.8,4.8,4.8,6.72,7.68,7.68,6.72,4.32,4.32,4.32,4.32
N_22_27,N_23_27,6.508813732931686,6.64,6.64,6.64,6.64,6.64,6.64,10.15,10.15,11.72,11.72,7.81,7.81,7.81,7.81,7.81,7.81,10.93,12.5,12.5,10.93,7.03,7.03,7.03,7.03
N_22_27,N_23_26,5.021788804613849,5.12,5.12,5.12,5.12,5.12,5.12,7.83,7.83,9.04,9.04,6.03,6.03,6.03,6.03,6.03,6.03,8.44,9.64,9.64,8.44,5.42,5.42,5.42,5.42
N_22_27,N_21_28,4.3151096206076875,4.4,4.4,4.4,4.4,4.4,4.4,6.73,6.73,7.77,7.77,5.18,5.18,5.18,5.18,5.18,5.18,7.25,8.29,8.29,7.25,4.66,4.66,4.66,4.66
N_22_28,N_20_30,6.208188047428273,6.33,6.33,6.33,6.33,6.33,6.33,9.68,9.68,11.17,11.17,7.45,7.45,7.45,7.45,7.45,7.45,10.43,11.92,11.92,10.43,6.7,6.7,6.7,6.7
N_22_28,N_23_28,1.8354403942384292,3.01,3.01,3.01,3.01,3.01,3.01,4.99,4.99,5.87,5.87,3.67,3.67,3.67,3.67,3.67,3.67,5.43,6.31,6.31,5.43,3.23,3.23,3.23,3.23
N_22_28,N_22_30,5.58362077442365,5.7,5.7,5.7,5.7,5.7,5.7,8.71,8.71,10.05,10.05,6.7,6.7,6.7,6.7,6.7,6.7,9.38,10.72,10.72,9.38,6.03,6.03,6.03,6.03
N_22_29,N_21_30,14.83159454005683,8.23,8.23,8.23,8.23,8.23,8.23,10.23,10.23,11.12,11.12,8.9,8.9,8.9,8.9,8.9,8.9,10.68,11.57,11.57,10.68,8.45,8.45,8.45,8.45
N_22_29,N_22_26,1.44256212722733,2.37,2.37,2.37,2.37,2.37,2.37,3.92,3.92,4.62,4.62,2.89,2.89,2.89,2.89,2.89,2.89,4.27,4.96,4.96,4.27,2.54,2.54,2.54,2.54
N_22_29,N_23_27,2.451698290904079,4.02,4.02,4.02,4.02,4.02,4.02,6.67,6.67,7.85,7.85,4.9,4.9,4.9,4.9,4.9,4.9,7.26,8.43,8.43,7.26,4.31,4.31,4.31,4.31
N_22_29,N_24_30,3.096231828983318,3.16,3.16,3.16,3.16,3.16,3.16,4.83,4.83,5.57,5.57,3.72,3.72,3.72,3.72,3.72,3.72,5.2,5.94,5.94,5.2,3.34,3.34,3.34,3.34
N_22_29,N_24_27,4.72902417033096,4.82,4.82,4.82,4.82,4.82,4.82,7.38,7.38,8.51,8.51,5.67,5.67,5.67,5.67,5.67,5.67,7.94,9.08,9.08,7.94,5.11,5.11,5.11,5.11
N_22_29,N_20_27,10.966826965749844,6.09,6.09,6.09,6.09,6.09,6.09,7.57,7.57,8.23,8.23,6.58,6.58,6.58,6.58,6.58,6.58,7.9,8.55,8.55,7.9,6.25,6.25,6.25,6.25
N_22_3,N_20_1,5.4575174006751555,5.57,5.57,5.57,5.57,5.57,5.57,8.51,8.51,9.82,9.82,6.55,6.55,6.55,6.55,6.55,6.55,9.17,10.48,10.48,9.17,5.89,5.89,5.89,5.89
N_22_3,N_22_2,12.152858670773334,6.74,6.74,6.74,6.74,6.74,6.74,8.39,8.39,9.11,9.11,7.29,7.29,7.29,7.29,7.29,7.29,8.75,9.48,9.48,8.75,6.93,6.93,6.93,6.93
N_22_3,N_20_5,3.0754411649946283,3.14,3.14,3.14,3.14,3.14,3.14,4.8,4.8,5.54,5.54,3.69,3.69,3.69,3.69,3.69,3.69,5.17,5.9,5.9,5.17,3.32,3.32,3.32,3.32
N_22_30,N_20_28,6.621262802356455,6.75,6.75,6.75,6.75,6.75,6.75,10.33,10.33,11.92,11.92,7.95,7.95,7.95,7.95,7.95,7.95,11.12,12.71,12.71,11.12,7.15,7.15,7.15,7.15
N_22_30,N_20_32,4.569720302230282,4.66,4.66,4.66,4.66,4.66,4.66,7.13,7.13,8.23,8.23,5.48,5.48,5.48,5.48,5.48,5.48,7.68,8.77,8.77,7.68,4.94,4.94,4.94,4.94
N_22_30,N_22_28,5.58362077442365,5.7,5.7,5.7,5.7,5.7,5.7,8.71,8.71,10.05,10.05,6.7,6.7,6.7,6.7,6.7,6.7,9.38,10.72,10.72,9.38,6.03,6.03,6.03,6.03
N_22_31,N_20_32,12.428001926376137,6.9,6.9,6.9,6.9,6.9,6.9,8.58,8.58,9.32,9.32,7.46,7.46,7.46,7.46,7.46,7.46,8.95,9.69,9.69,8.95,7.08,7.08,7.08,7.08
N_22_31,N_22_33,5.924886615346846,6.04,6.04,6.04,6.04,6.04,6.04,9.24,9.24,10.66,10.66,7.11,7.11,7.11,7.11,7.11,7.11,9.95,11.38,11.38,9.95,6.4,6.4,6.4,6.4
N_22_31,N_22_34,6.477565912897464,6.61,6.61,6.61,6.61,6.61,6.61,10.11,10.11,11.66,11.66,7.77,7.77,7.77,7.77,7.77,7.77,10.88,12.44,12.44,10.88,7.0,7.0,7.0,7.0
N_22_31,N_19_31,4.588713312058424,4.68,4.68,4.68,4.68,4.68,4.68,7.16,7.16,8.26,8.26,5.51,5.51,5.51,5.51,5.51,5.51,7.71,8.81,8.81,7.71,4.96,4.96,4.96,4.96
N_22_31,N_24_31,5.483994833252542,5.59,5.59,5.59,5.59,5.59,5.59,8.56,8.56,9.87,9.87,6.58,6.58,6.58,6.58,6.58,6.58,9.21,10.53,10.53,9.21,5.92,5.92,5.92,5.92
N_22_32,N_20_33,13.582160989635232,7.54,7.54,7.54,7.54,7.54,7.54,9.37,9.37,10.19,10.19,8.15,8.15,8.15,8.15,8.15,8.15,9.78,10.59,10.59,9.78,7.74,7.74,7.74,7.74
N_22_32,N_24_31,6.041514758535225,6.16,6.16,6.16,6.16,6.16,6.16,9.42,9.42,10.87,10.87,7.25,7.25,7.25,7.25,7.25,7.25,10.15,11.6,11.6,10.15,6.52,6.52,6.52,6.52
N_22_32,N_20_34,8.607978860057376,4.78,4.78,4.78,4.78,4.78,4.78,5.94,5.94,6.46,6.46,5.16,5.16,5.16,5.16,5.16,5.16,6.2,6.71,6.71,6.2,4.91,4.91,4.91,4.91
N_22_32,N_20_30,5.996057527323017,6.12,6.12,6.12,6.12,6.12,6.12,9.35,9.35,10.79,10.79,7.2,7.2,7.2,7.2,7.2,7.2,10.07,11.51,11.51,10.07,6.48,6.48,6.48,6.48
N_22_32,N_23_34,6.976164184540563,7.12,7.12,7.12,7.12,7.12,7.12,10.88,10.88,12.56,12.56,8.37,8.37,8.37,8.37,8.37,8.37,11.72,13.39,13.39,11.72,7.53,7.53,7.53,7.53
N_22_32,N_19_32,11.139329869553979,6.18,6.18,6.18,6.18,6.18,6.18,7.69,7.69,8.35,8.35,6.68,6.68,6.68,6.68,6.68,6.68,8.02,8.69,8.69,8.02,6.35,6.35,6.35,6.35
N_22_32,N_23_30,6.428444872785513,6.56,6.56,6.56,6.56,6.56,6.56,10.03,10.03,11.57,11.57,7.71,7.71,7.71,7.71,7.71,7.71,10.8,12.34,12.34,10.8,6.94,6.94,6.94,6.94
N_22_32,N_21_33,1.5654047150569463,2.57,2.57,2.57,2.57,2.57,2.57,4.26,4.26,5.01,5.01,3.13,3.13,3.13,3.13,3.13,3.13,4.63,5.38,5.38,4.63,2.76,2.76,2.76,2.76
N_22_33,N_20_34,11.755282812082166,6.52,6.52,6.52,6.52,6.52,6.52,8.11,8.11,8.82,8.82,7.05,7.05,7.05,7.05,7.05,7.05,8.46,9.17,9.17,8.46,6.7,6.7,6.7,6.7
N_22_33,N_21_32,2.365555945847245,3.88,3.88,3.88,3.88,3.88,3.88,6.43,6.43,7.57,7.57,4.73,4.73,4.73,4.73,4.73,4.73,7.0,8.14,8.14,7.0,4.16,4.16,4.16,4.16
N_22_33,N_22_31,5.924886615346846,6.04,6.04,6.04,6.04,6.04,6.04,9.24,9.24,10.66,10.66,7.11,7.11,7.11,7.11,7.11,7.11,9.95,11.38,11.38,9.95,6.4,6.4,6.4,6.4
N_22_33,N_23_31,1.4043857492165341,2.3,2.3,2.3,2.3,2.3,2.3,3.82,3.82,4.49,4.49,2.81,2.81,2.81,2.81,2.81,2.81,4.16,4.83,4.83,4.16,2.47,2.47,2.47,2.47
N_22_34,N_20_32,8.003855446737383,4.44,4.44,4.44,4.44,4.44,4.44,5.52,5.52,6.0,6.0,4.8,4.8,4.8,4.8,4.8,4.8,5.76,6.24,6.24,5.76,4.56,4.56,4.56,4.56
N_22_34,N_22_31,6.477565912897464,6.61,6.61,6.61,6.61,6.61,6.61,10.11,10.11,11.66,11.66,7.77,7.77,7.77,7.77,7.77,7.77,10.88,12.44,12.44,10.88,7.0,7.0,7.0,7.0
N_22_34,N_23_35,5.213898710711547,5.32,5.32,5.32,5.32,5.32,5.32,8.13,8.13,9.39,9.39,6.26,6.26,6.26,6.26,6.26,6.26,8.76,10.01,10.01,8.76,5.63,5.63,5.63,5.63
N_22_34,N_24_33,14.028366878387606,7.79,7.79,7.79,7.79,7.79,7.79,9.68,9.68,10.52,10.52,8.42,8.42,8.42,8.42,8.42,8.42,10.1,10.94,10.94,10.1,8.0,8.0,8.0,8.0
N_22_34,N_22_35,5.1999866721488,5.3,5.3,5.3,5.3,5.3,5.3,8.11,8.11,9.36,9.36,6.24,6.24,6.24,6.24,6.24,6.24,8.74,9.98,9.98,8.74,5.62,5.62,5.62,5.62
N_22_34,N_21_32,10.242887841442116,5.68,5.68,5.68,5.68,5.68,5.68,7.07,7.07,7.68,7.68,6.15,6.15,6.15,6.15,6.15,6.15,7.37,7.99,7.99,7.37,5.84,5.84,5.84,5.84
N_22_34,N_22_33,6.935740141361112,7.07,7.07,7.07,7.07,7.07,7.07,10.82,10.82,12.48,12.48,8.32,8.32,8.32,8.32,8.32,8.32,11.65,13.32,13.32,11.65,7.49,7.49,7.49,7.49
N_22_35,N_21_34,4.506972211239052,4.6,4.6,4.6,4.6,4.6,4.6,7.03,7.03,8.11,8.11,5.41,5.41,5.41,5.41,5.41,5.41,7.57,8.65,8.65,7.57,4.87,4.87,4.87,4.87
N_22_35,N_22_34,5.1999866721488,5.3,5.3,5.3,5.3,5.3,5.3,8.11,8.11,9.36,9.36,6.24,6.24,6.24,6.24,6.24,6.24,8.74,9.98,9.98,8.74,5.62,5.62,5.62,5.62
N_22_35,N_22_33,6.4425177367411015,6.57,6.57,6.57,6.57,6.57,6.57,10.05,10.05,11.6,11.6,7.73,7.73,7.73,7.73,7.73,7.73,10.82,12.37,12.37,10.82,6.96,6.96,6.96,6.96
N_22_35,N_20_33,10.517049608497105,5.84,5.84,5.84,5.84,5.84,5.84,7.26,7.26,7.89,7.89,6.31,6.31,6.31,6.31,6.31,6.31,7.57,8.2,8.2,7.57,5.99,5.99,5.99,5.99
N_22_35,N_23_33,6.880330097696545,7.02,7.02,7.02,7.02,7.02,7.02,10.73,10.73,12.38,12.38,8.26,8.26,8.26,8.26,8.26,8.26,11.56,13.21,13.21,11.56,7.43,7.43,7.43,7.43
N_22_35,N_23_36,3.2880880787897877,3.35,3.35,3.35,3.35,3.35,3.35,5.13,5.13,5.92,5.92,3.95,3.95,3.95,3.95,3.95,3.95,5.52,6.31,6.31,5.52,3.55,3.55,3.55,3.55
N_22_36,N_21_37,4.775312474019367,4.87,4.87,4.87,4.87,4.87,4.87,7.45,7.45,8.6,8.6,5.73,5.73,5.73,5.73,5.73,5.73,8.02,9.17,9.17,8.02,5.16,5.16,5.16,5.16
N_22_36,N_23_37,1.9944230346992031,3.27,3.27,3.27,3.27,3.27,3.27,5.42,5.42,6.38,6.38,3.99,3.99,3.99,3.99,3.99,3.99,5.9,6.86,6.86,5.9,3.51,3.51,3.51,3.51
N_22_36,N_22_35,4.183825307148501,4.27,4.27,4.27,4.27,4.27,4.27,6.53,6.53,7.53,7.53,5.02,5.02,5.02,5.02,5.02,5.02,7.03,8.03,8.03,7.03,4.52,4.52,4.52,4.52
N_22_36,N_24_38,3.030269957470869,3.09,3.09,3.09,3.09,3.09,3.09,4.73,4.73,5.45,5.45,3.64,3.64,3.64,3.64,3.64,3.64,5.09,5.82,5.82,5.09,3.27,3.27,3.27,3.27
N_22_37,N_20_37,5.011690272762253,5.11,5.11,5.11,5.11,5.11,5.11,7.82,7.82,9.02,9.02,6.01,6.01,6.01,6.01,6.01,6.01,8.42,9.62,9.62,8.42,5.41,5.41,5.41,5.41
N_22_37,N_22_38,4.520250927107386,4.61,4.61,4.61,4.61,4.61,4.61,7.05,7.05,8.14,8.14,5.42,5.42,5.42,5.42,5.42,5.42,7.59,8.68,8.68,7.59,4.88,4.88,4.88,4.88
N_22_37,N_23_35,5.7016440597465925,5.82,5.82,5.82,5.82,5.82,5.82,8.89,8.89,10.26,10.26,6.84,6.84,6.84,6.84,6.84,6.84,9.58,10.95,10.95,9.58,6.16,6.16,6.16,6.16
N_22_37,N_20_38,3.2040625596881753,3.27,3.27,3.27,3.27,3.27,3.27,5.0,5.0,5.77,5.77,3.84,3.84,3.84,3.84,3.84,3.84,5.38,6.15,6.15,5.38,3.46,3.46,3.46,3.46
N_22_37,N_24_35,5.228711825090845,5.33,5.33,5.33,5.33,5.33,5.33,8.16,8.16,9.41,9.41,6.27,6.27,6.27,6.27,6.27,6.27,8.78,10.04,10.04,8.78,5.65,5.65,5.65,5.65
N_22_37,N_21_35,1.246887255569681,2.04,2.04,2.04,2.04,2.04,2.04,3.39,3.39,3.99,3.99,2.49,2.49,2.49,2.49,2.49,2.49,3.69,4.29,4.29,3.69,2.19,2.19,2.19,2.19
N_22_37,N_21_39,1.2651878091534392,2.07,2.07,2.07,2.07,2.07,2.07,3.44,3.44,4.05,4.05,2.53,2.53,2.53,2.53,2.53,2.53,3.74,4.35,4.35,3.74,2.23,2.23,2.23,2.23
N_22_37,N_19_37,3.749062080070493,3.82,3.82,3.82,3.82,3.82,3.82,5.85,5.85,6.75,6.75,4.5,4.5,4.5,4.5,4.5,4.5,6.3,7.2,7.2,6.3,4.05,4.05,4.05,4.05
N_22_38,N_21_37,3.6573597013809924,3.73,3.73,3.73,3.73,3.73,3.73,5.71,5.71,6.58,6.58,4.39,4.39,4.39,4.39,4.39,4.39,6.14,7.02,7.02,6.14,3.95,3.95,3.95,3.95
N_22_38,N_22_37,4.520250927107386,4.61,4.61,4.61,4.61,4.61,4.61,7.05,7.05,8.14,8.14,5.42,5.42,5.42,5.42,5.42,5.42,7.59,8.68,8.68,7.59,4.88,4.88,4.88,4.88
N_22_38,N_24_36,14.767177281475647,8.2,8.2,8.2,8.2,8.2,8.2,10.19,10.19,11.08,11.08,8.86,8.86,8.86,8.86,8.86,8.86,10.63,11.52,11.52,10.63,8.42,8.42,8.42,8.42
N_22_38,N_24_38,3.063193799565179,3.12,3.12,3.12,3.12,3.12,3.12,4.78,4.78,5.51,5.51,3.68,3.68,3.68,3.68,3.68,3.68,5.15,5.88,5.88,5.15,3.31,3.31,3.31,3.31
N_22_38,N_19_38,1.6700041752587897,2.74,2.74,2.74,2.74,2.74,2.74,4.54,4.54,5.34,5.34,3.34,3.34,3.34,3.34,3.34,3.34,4.94,5.74,5.74,4.94,2.94,2.94,2.94,2.94
N_22_38,N_20_37,1.9048318173521255,3.12,3.12,3.12,3.12,3.12,3.12,5.18,5.18,6.1,6.1,3.81,3.81,3.81,3.81,3.81,3.81,5.64,6.55,6.55,5.64,3.35,3.35,3.35,3.35
N_22_39,N_20_37,4.464141844062325,4.55,4.55,4.55,4.55,4.55,4.55,6.96,6.96,8.04,8.04,5.36,5.36,5.36,5.36,5.36,5.36,7.5,8.57,8.57,7.5,4.82,4.82,4.82,4.82
N_22_39,N_21_38,3.8353779166609168,3.91,3.91,3.91,3.91,3.91,3.91,5.98,5.98,6.9,6.9,4.6,4.6,4.6,4.6,4.6,4.6,6.44,7.36,7.36,6.44,4.14,4.14,4.14,4.14
N_22_39,N_23_38,9.718766904828946,5.39,5.39,5.39,5.39,5.39,5.39,6.71,6.71,7.29,7.29,5.83,5.83,5.83,5.83,5.83,5.83,7.0,7.58,7.58,7.0,5.54,5.54,5.54,5.54
N_22_39,N_23_39,4.758544817758931,4.85,4.85,4.85,4.85,4.85,4.85,7.42,7.42,8.57,8.57,5.71,5.71,5.71,5.71,5.71,5.71,7.99,9.14,9.14,7.99,5.14,5.14,5.14,5.14
N_22_39,N_24_38,5.766731905680172,5.88,5.88,5.88,5.88,5.88,5.88,9.0,9.0,10.38,10.38,6.92,6.92,6.92,6.92,6.92,6.92,9.69,11.07,11.07,9.69,6.23,6.23,6.23,6.23
N_22_39,N_24_37,3.900106536011939,3.98,3.98,3.98,3.98,3.98,3.98,6.08,6.08,7.02,7.02,4.68,4.68,4.68,4.68,4.68,4.68,6.55,7.49,7.49,6.55,4.21,4.21,4.21,4.21
N_22_4,N_23_6,10.910134779158318,6.06,6.06,6.06,6.06,6.06,6.06,7.53,7.53,8.18,8.18,6.55,6.55,6.55,6.55,6.55,6.55,7.86,8.51,8.51,7.86,6.22,6.22,6.22,6.22
N_22_4,N_22_6,6.654906980405681,6.79,6.79,6.79,6.79,6.79,6.79,10.38,10.38,11.98,11.98,7.99,7.99,7.99,7.99,7.99,7.99,11.18,12.78,12.78,11.18,7.19,7.19,7.19,7.19
N_22_4,N_21_6,1.8155992809926544,2.98,2.98,2.98,2.98,2.98,2.98,4.94,4.94,5.81,5.81,3.63,3.63,3.63,3.63,3.63,3.63,5.37,6.25,6.25,5.37,3.2,3.2,3.2,3.2
N_22_4,N_24_4,3.622972527961533,3.7,3.7,3.7,3.7,3.7,3.7,5.65,5.65,6.52,6.52,4.35,4.35,4.35,4.35,4.35,4.35,6.09,6.96,6.96,6.09,3.91,3.91,3.91,3.91
N_22_5,N_23_7,14.807754134597898,8.22,8.22,8.22,8.22,8.22,8.22,10.22,10.22,11.11,11.11,8.88,8.88,8.88,8.88,8.88,8.88,10.66,11.55,11.55,10.66,8.44,8.44,8.44,8.44
N_22_5,N_21_3,10.185609134034312,5.65,5.65,5.65,5.65,5.65,5.65,7.03,7.03,7.64,7.64,6.11,6.11,6.11,6.11,6.11,6.11,7.33,7.94,7.94,7.33,5.81,5.81,5.81,5.81
N_22_5,N_24_4,4.744257387548601,4.84,4.84,4.84,4.84,4.84,4.84,7.4,7.4,8.54,8.54,5.69,5.69,5.69,5.69,5.69,5.69,7.97,9.11,9.11,7.97,5.12,5.12,5.12,5.12
N_22_5,N_20_6,2.431971774595568,3.99,3.99,3.99,3.99,3.99,3.99,6.61,6.61,7.78,7.78,4.86,4.86,4.86,4.86,4.86,4.86,7.2,8.37,8.37,7.2,4.28,4.28,4.28,4.28
N_22_5,N_24_3,4.631139272227982,4.72,4.72,4.72,4.72,4.72,4.72,7.22,7.22,8.34,8.34,5.56,5.56,5.56,5.56,5.56,5.56,7.78,8.89,8.89,7.78,5.0,5.0,5.0,5.0
N_22_5,N_21_7,13.17929276814589,7.31,7.31,7.31,7.31,7.31,7.31,9.09,9.09,9.88,9.88,7.91,7.91,7.91,7.91,7.91,7.91,9.49,10.28,10.28,9.49,7.51,7.51,7.51,7.51
N_22_6,N_22_4,6.654906980405681,6.79,6.79,6.79,6.79,6.79,6.79,10.38,10.38,11.98,11.98,7.99,7.99,7.99,7.99,7.99,7.99,11.18,12.78,12.78,11.18,7.19,7.19,7.19,7.19
N_22_6,N_22_9,1.439215604199009,2.36,2.36,2.36,2.36,2.36,2.36,3.91,3.91,4.61,4.61,2.88,2.88,2.88,2.88,2.88,2.88,4.26,4.95,4.95,4.26,2.53,2.53,2.53,2.53
N_22_6,N_24_6,14.84538505822076,8.24,8.24,8.24,8.24,8.24,8.24,10.24,10.24,11.13,11.13,8.91,8.91,8.91,8.91,8.91,8.91,10.69,11.58,11.58,10.69,8.46,8.46,8.46,8.46
N_22_6,N_19_6,1.0470288847099594,1.72,1.72,1.72,1.72,1.72,1.72,2.85,2.85,3.35,3.35,2.09,2.09,2.09,2.09,2.09,2.09,3.1,3.6,3.6,3.1,1.84,1.84,1.84,1.84
N_22_7,N_20_6,6.081471285728349,6.2,6.2,6.2,6.2,6.2,6.2,9.49,9.49,10.95,10.95,7.3,7.3,7.3,7.3,7.3,7.3,10.22,11.68,11.68,10.22,6.57,6.57,6.57,6.57
N_22_7,N_20_8,4.482619200430973,4.57,4.57,4.57,4.57,4.57,4.57,6.99,6.99,8.07,8.07,5.38,5.38,5.38,5.38,5.38,5.38,7.53,8.61,8.61,7.53,4.84,4.84,4.84,4.84
N_22_7,N_21_6,12.319538192694802,6.84,6.84,6.84,6.84,6.84,6.84,8.5,8.5,9.24,9.24,7.39,7.39,7.39,7.39,7.39,7.39,8.87,9.61,9.61,8.87,7.02,7.02,7.02,7.02
N_22_7,N_22_9,5.9413450170064985,6.06,6.06,6.06,6.06,6.06,6.06,9.27,9.27,10.69,10.69,7.13,7.13,7.13,7.13,7.13,7.13,9.98,11.41,11.41,9.98,6.42,6.42,6.42,6.42
N_22_7,N_20_9,3.780887693702885,3.86,3.86,3.86,3.86,3.86,3.86,5.9,5.9,6.81,6.81,4.54,4.54,4.54,4.54,4.54,4.54,6.35,7.26,7.26,6.35,4.08,4.08,4.08,4.08
N_22_7,N_23_6,4.510940008888234,4.6,4.6,4.6,4.6,4.6,4.6,7.04,7.04,8.12,8.12,5.41,5.41,5.41,5.41,5.41,5.41,7.58,8.66,8.66,7.58,4.87,4.87,4.87,4.87
N_22_7,N_22_5,10.334444967484618,5.74,5.74,5.74,5.74,5.74,5.74,7.13,7.13,7.75,7.75,6.2,6.2,6.2,6.2,6.2,6.2,7.44,8.06,8.06,7.44,5.89,5.89,5.89,5.89
N_22_8,N_20_6,14.946621776254045,8.3,8.3,8.3,8.3,8.3,8.3,10.31,10.31,11.21,11.21,8.97,8.97,8.97,8.97,8.97,8.97,10.76,11.66,11.66,10.76,8.52,8.52,8.52,8.52
N_22_8,N_24_8,9.721408878041455,5.4,5.4,5.4,5.4,5.4,5.4,6.71,6.71,7.29,7.29,5.83,5.83,5.83,5.83,5.83,5.83,7.0,7.58,7.58,7.0,5.54,5.54,5.54,5.54
N_22_8,N_23_8,14.532745219141844,8.07,8.07,8.07,8.07,8.07,8.07,10.03,10.03,10.9,10.9,8.72,8.72,8.72,8.72,8.72,8.72,10.46,11.34,11.34,10.46,8.28,8.28,8.28,8.28
N_22_8,N_20_7,3.9586408976416143,4.04,4.04,4.04,4.04,4.04,4.04,6.18,6.18,7.13,7.13,4.75,4.75,4.75,4.75,4.75,4.75,6.65,7.6,7.6,6.65,4.28,4.28,4.28,4.28
N_22_9,N_20_7,3.374925175394974,3.44,3.44,3.44,3.44,3.44,3.44,5.26,5.26,6.07,6.07,4.05,4.05,4.05,4.05,4.05,4.05,5.67,6.48,6.48,5.67,3.64,3.64,3.64,3.64
N_22_9,N_21_7,12.370470873295863,6.87,6.87,6.87,6.87,6.87,6.87,8.54,8.54,9.28,9.28,7.42,7.42,7.42,7.42,7.42,7.42,8.91,9.65,9.65,8.91,7.05,7.05,7.05,7.05
N_22_9,N_21_9,13.278586176010336,7.37,7.37,7.37,7.37,7.37,7.37,9.16,9.16,9.96,9.96,7.97,7.97,7.97,7.97,7.97,7.97,9.56,10.36,10.36,9.56,7.57,7.57,7.57,7.57
N_22_9,N_22_7,5.9413450170064985,6.06,6.06,6.06,6.06,6.06,6.06,9.27,9.27,10.69,10.69,7.13,7.13,7.13,7.13,7.13,7.13,9.98,11.41,11.41,9.98,6.42,6.42,6.42,6.42
N_22_9,N_21_11,13.35541082989073,7.41,7.41,7.41,7.41,7.41,7.41,9.22,9.22,10.02,10.02,8.01,8.01,8.01,8.01,8.01,8.01,9.62,10.42,10.42,9.62,7.61,7.61,7.61,7.61
N_22_9,N_23_8,5.472071243713078,5.58,5.58,5.58,5.58,5.58,5.58,8.54,8.54,9.85,9.85,6.57,6.57,6.57,6.57,6.57,6.57,9.19,10.51,10.51,9.19,5.91,5.91,5.91,5.91
N_22_9,N_24_10,6.071763848402236,6.19,6.19,6.19,6.19,6.19,6.19,9.47,9.47,10.93,10.93,7.29,7.29,7.29,7.29,7.29,7.29,10.2,11.66,11.66,10.2,6.56,6.56,6.56,6.56
N_22_9,N_24_11,3.7910892549765274,3.87,3.87,3.87,3.87,3.87,3.87,5.91,5.91,6.82,6.82,4.55,4.55,4.55,4.55,4.55,4.55,6.37,7.28,7.28,6.37,4.09,4.09,4.09,4.09
N_23_0,N_21_0,3.907224443681124,3.99,3.99,3.99,3.99,3.99,3.99,6.1,6.1,7.03,7.03,4.69,4.69,4.69,4.69,4.69,4.69,6.56,7.5,7.5,6.56,4.22,4.22,4.22,4.22
N_23_0,N_22_1,3.987207984556928,4.07,4.07,4.07,4.07,4.07,4.07,6.22,6.22,7.18,7.18,4.78,4.78,4.78,4.78,4.78,4.78,6.7,7.66,7.66,6.7,4.31,4.31,4.31,4.31
N_23_0,N_24_2,6.130535140044795,6.25,6.25,6.25,6.25,6.25,6.25,9.56,9.56,11.03,11.03,7.36,7.36,7.36,7.36,7.36,7.36,10.3,11.77,11.77,10.3,6.62,6.62,6.62,6.62
N_23_0,N_23_2,1.127901856272219,1.85,1.85,1.85,1.85,1.85,1.85,3.07,3.07,3.61,3.61,2.26,2.26,2.26,2.26,2.26,2.26,3.34,3.88,3.88,3.34,1.99,1.99,1.99,1.99
N_23_0,N_24_1,2.0541412378835444,3.37,3.37,3.37,3.37,3.37,3.37,5.59,5.59,6.57,6.57,4.11,4.11,4.11,4.11,4.11,4.11,6.08,7.07,7.07,6.08,3.62,3.62,3.62,3.62
N_23_1,N_21_0,2.246853480281655,3.68,3.68,3.68,3.68,3.68,3.68,6.11,6.11,7.19,7.19,4.49,4.49,4.49,4.49,4.49,4.49,6.65,7.73,7.73,6.65,3.95,3.95,3.95,3.95
N_23_1,N_21_1,13.35370026945651,7.41,7.41,7.41,7.41,7.41,7.41,9.21,9.21,10.02,10.02,8.01,8.01,8.01,8.01,8.01,8.01,9.61,10.42,10.42,9.61,7.61,7.61,7.61,7.61
N_23_1,N_22_0,1.9234764587583626,3.15,3.15,3.15,3.15,3.15,3.15,5.23,5.23,6.16,6.16,3.85,3.85,3.85,3.85,3.85,3.85,5.69,6.62,6.62,5.69,3.39,3.39,3.39,3.39
N_23_10,N_23_9,5.686744673036071,5.8,5.8,5.8,5.8,5.8,5.8,8.87,8.87,10.24,10.24,6.82,6.82,6.82,6.82,6.82,6.82,9.55,10.92,10.92,9.55,6.14,6.14,6.14,6.14
N_23_10,N_24_8,12.765908646813907,7.09,7.09,7.09,7.09,7.09,7.09,8.81,8.81,9.57,9.57,7.66,7.66,7.66,7.66,7.66,7.66,9.19,9.96,9.96,9.19,7.28,7.28,7.28,7.28
N_23_10,N_21_8,10.490984000679148,5.82,5.82,5.82,5.82,5.82,5.82,7.24,7.24,7.87,7.87,6.29,6.29,6.29,6.29,6.29,6.29,7.55,8.18,8.18,7.55,5.98,5.98,5.98,5.98
N_23_10,N_21_10,6.36969766998492,6.5,6.5,6.5,6.5,6.5,6.5,9.94,9.94,11.47,11.47,7.64,7.64,7.64,7.64,7.64,7.64,10.7,12.23,12.23,10.7,6.88,6.88,6.88,6.88
N_23_10,N_21_12,0.5809502418567711,0.95,0.95,0.95,0.95,0.95,0.95,1.58,1.58,1.86,1.86,1.16,1.16,1.16,1.16,1.16,1.16,1.72,2.0,2.0,1.72,1.02,1.02,1.02,1.02
N_23_10,N_24_10,2.3277374926976484,3.82,3.82,3.82,3.82,3.82,3.82,6.33,6.33,7.45,7.45,4.66,4.66,4.66,4.66,4.66,4.66,6.89,8.01,8.01,6.89,4.1,4.1,4.1,4.1
N_23_10,N_23_7,11.06656920721995,6.14,6.14,6.14,6.14,6.14,6.14,7.64,7.64,8.3,8.3,6.64,6.64,6.64,6.64,6.64,6.64,7.97,8.63,8.63,7.97,6.31,6.31,6.31,6.31
N_23_10,N_22_12,5.454116234685241,5.56,5.56,5.56,5.56,5.56,5.56,8.51,8.51,9.82,9.82,6.54,6.54,6.54,6.54,6.54,6.54,9.16,10.47,10.47,9.16,5.89,5.89,5.89,5.89
N_23_11,N_23_13,0.557958260024608,0.92,0.92,0.92,0.92,0.92,0.92,1.52,1.52,1.79,1.79,1.12,1.12,1.12,1.12,1.12,1.12,1.65,1.92,1.92,1.65,0.98,0.98,0.98,0.98
N_23_11,N_22_10,5.011096910495857,5.11,5.11,5.11,5.11,5.11,5.11,7.82,7.82,9.02,9.02,6.01,6.01,6.01,6.01,6.01,6.01,8.42,9.62,9.62,8.42,5.41,5.41,5.41,5.41
N_23_11,N_20_11,1.2322011749476824,2.02,2.02,2.02,2.02,2.02,2.02,3.35,3.35,3.94,3.94,2.46,2.46,2.46,2.46,2.46,2.46,3.65,4.24,4.24,3.65,2.17,2.17,2.17,2.17
N_23_11,N_24_9,5.067543380906082,5.17,5.17,5.17,5.17,5.17,5.17,7.91,7.91,9.12,9.12,6.08,6.08,6.08,6.08,6.08,6.08,8.51,9.73,9.73,8.51,5.47,5.47,5.47,5.47
N_23_12,N_21_11,14.475805256408126,8.03,8.03,8.03,8.03,8.03,8.03,9.99,9.99,10.86,10.86,8.69,8.69,8.69,8.69,8.69,8.69,10.42,11.29,11.29,10.42,8.25,8.25,8.25,8.25
N_23_12,N_22_10,10.669444722761334,5.92,5.92,5.92,5.92,5.92,5.92,7.36,7.36,8.0,8.0,6.4,6.4,6.4,6.4,6.4,6.4,7.68,8.32,8.32,7.68,6.08,6.08,6.08,6.08
N_23_12,N_23_11,6.23379470954427,6.36,6.36,6.36,6.36,6.36,6.36,9.72,9.72,11.22,11.22,7.48,7.48,7.48,7.48,7.48,7.48,10.47,11.97,11.97,10.47,6.73,6.73,6.73,6.73
N_23_12,N_22_11,12.050265867274849,6.69,6.69,6.69,6.69,6.69,6.69,8.31,8.31,9.04,9.04,7.23,7.23,7.23,7.23,7.23,7.23,8.68,9.4,9.4,8.68,6.87,6.87,6.87,6.87
N_23_12,N_22_12,12.77382072252609,7.09,7.09,7.09,7.09,7.09,7.09,8.81,8.81,9.58,9.58,7.66,7.66,7.66,7.66,7.66,7.66,9.2,9.96,9.96,9.2,7.28,7.28,7.28,7.28
N_23_12,N_21_12,1.3267719620197473,2.18,2.18,2.18,2.18,2.18,2.18,3.61,3.61,4.25,4.25,2.65,2.65,2.65,2.65,2.65,2.65,3.93,4.56,4.56,3.93,2.34,2.34,2.34,2.34
N_23_12,N_22_13,5.723731873930339,5.84,5.84,5.84,5.84,5.84,5.84,8.93,8.93,10.3,10.3,6.87,6.87,6.87,6.87,6.87,6.87,9.62,10.99,10.99,9.62,6.18,6.18,6.18,6.18
N_23_13,N_21_15,12.09481864516233,6.71,6.71,6.71,6.71,6.71,6.71,8.35,8.35,9.07,9.07,7.26,7.26,7.26,7.26,7.26,7.26,8.71,9.43,9.43,8.71,6.89,6.89,6.89,6.89
N_23_13,N_23_16,1.1546632246541921,1.89,1.89,1.89,1.89,1.89,1.89,3.14,3.14,3.69,3.69,2.31,2.31,2.31,2.31,2.31,2.31,3.42,3.97,3.97,3.42,2.03,2.03,2.03,2.03
N_23_13,N_21_14,4.043354844073671,4.12,4.12,4.12,4.12,4.12,4.12,6.31,6.31,7.28,7.28,4.85,4.85,4.85,4.85,4.85,4.85,6.79,7.76,7.76,6.79,4.37,4.37,4.37,4.37
N_23_13,N_23_10,2.186007401168122,3.59,3.59,3.59,3.59,3.59,3.59,5.95,5.95,7.0,7.0,4.37,4.37,4.37,4.37,4.37,4.37,6.47,7.52,7.52,6.47,3.85,3.85,3.85,3.85
N_23_13,N_23_14,4.895598673135909,4.99,4.99,4.99,4.99,4.99,4.99,7.64,7.64,8.81,8.81,5.87,5.87,5.87,5.87,5.87,5.87,8.22,9.4,9.4,8.22,5.29,5.29,5.29,5.29
N_23_14,N_22_12,10.460410758359732,5.81,5.81,5.81,5.81,5.81,5.81,7.22,7.22,7.85,7.85,6.28,6.28,6.28,6.28,6.28,6.28,7.53,8.16,8.16,7.53,5.96,5.96,5.96,5.96
N_23_14,N_23_13,4.895598673135909,4.99,4.99,4.99,4.99,4.99,4.99,7.64,7.64,8.81,8.81,5.87,5.87,5.87,5.87,5.87,5.87,8.22,9.4,9.4,8.22,5.29,5.29,5.29,5.29
N_23_14,N_24_16,4.259024674444637,4.34,4.34,4.34,4.34,4.34,4.34,6.64,6.64,7.67,7.67,5.11,5.11,5.11,5.11,5.11,5.11,7.16,8.18,8.18,7.16,4.6,4.6,4.6,4.6
N_23_14,N_21_12,1.3220696052341052,2.17,2.17,2.17,2.17,2.17,2.17,3.6,3.6,4.23,4.23,2.64,2.64,2.64,2.64,2.64,2.64,3.91,4.55,4.55,3.91,2.33,2.33,2.33,2.33
N_23_14,N_22_16,5.899883939255455,6.02,6.02,6.02,6.02,6.02,6.02,9.2,9.2,10.62,10.62,7.08,7.08,7.08,7.08,7.08,7.08,9.91,11.33,11.33,9.91,6.37,6.37,6.37,6.37
N_23_14,N_21_16,8.643979197839077,4.8,4.8,4.8,4.8,4.8,4.8,5.96,5.96,6.48,6.48,5.19,5.19,5.19,5.19,5.19,5.19,6.22,6.74,6.74,6.22,4.93,4.93,4.93,4.93
N_23_14,N_20_14,4.6216591618872815,4.71,4.71,4.71,4.71,4.71,4.71,7.21,7.21,8.32,8.32,5.55,5.55,5.55,5.55,5.55,5.55,7.76,8.87,8.87,7.76,4.99,4.99,4.99,4.99
N_23_15,N_21_16,1.466549092177211,2.41,2.41,2.41,2.41,2.41,2.41,3.99,3.99,4.69,4.69,2.93,2.93,2.93,2.93,2.93,2.93,4.34,5.04,5.04,4.34,2.58,2.58,2.58,2.58
N_23_15,N_22_13,6.968840458087363,7.11,7.11,7.11,7.11,7.11,7.11,10.87,10.87,12.54,12.54,8.36,8.36,8.36,8.36,8.36,8.36,11.71,13.38,13.38,11.71,7.53,7.53,7.53,7.53
N_23_15,N_22_17,14.077279599454343,7.81,7.81,7.81,7.81,7.81,7.81,9.71,9.71,10.56,10.56,8.45,8.45,8.45,8.45,8.45,8.45,10.14,10.98,10.98,10.14,8.02,8.02,8.02,8.02
N_23_15,N_22_15,5.546548076016013,5.66,5.66,5.66,5.66,5.66,5.66,8.65,8.65,9.98,9.98,6.66,6.66,6.66,6.66,6.66,6.66,9.32,10.65,10.65,9.32,5.99,5.99,5.99,5.99
N_23_15,N_20_15,5.600932584075462,5.71,5.71,5.71,5.71,5.71,5.71,8.74,8.74,10.08,10.08,6.72,6.72,6.72,6.72,6.72,6.72,9.41,10.75,10.75,9.41,6.05,6.05,6.05,6.05
N_23_16,N_22_18,3.216550098059421,3.28,3.28,3.28,3.28,3.28,3.28,5.02,5.02,5.79,5.79,3.86,3.86,3.86,3.86,3.86,3.86,5.4,6.18,6.18,5.4,3.47,3.47,3.47,3.47
N_23_16,N_23_13,1.1546632246541921,1.89,1.89,1.89,1.89,1.89,1.89,3.14,3.14,3.69,3.69,2.31,2.31,2.31,2.31,2.31,2.31,3.42,3.97,3.97,3.42,2.03,2.03,2.03,2.03
N_23_16,N_24_18,1.860359606014345,3.05,3.05,3.05,3.05,3.05,3.05,5.06,5.06,5.95,5.95,3.72,3.72,3.72,3.72,3.72,3.72,5.51,6.4,6.4,5.51,3.27,3.27,3.27,3.27
N_23_17,N_21_15,1.668977469903745,2.74,2.74,2.74,2.74,2.74,2.74,4.54,4.54,5.34,5.34,3.34,3.34,3.34,3.34,3.34,3.34,4.94,5.74,5.74,4.94,2.94,2.94,2.94,2.94
N_23_17,N_21_16,5.199309430043713,5.3,5.3,5.3,5.3,5.3,5.3,8.11,8.11,9.36,9.36,6.24,6.24,6.24,6.24,6.24,6.24,8.73,9.98,9.98,8.73,5.62,5.62,5.62,5.62
N_23_17,N_21_17,4.910349770104676,5.01,5.01,5.01,5.01,5.01,5.01,7.66,7.66,8.84,8.84,5.89,5.89,5.89,5.89,5.89,5.89,8.25,9.43,9.43,8.25,5.3,5.3,5.3,5.3
N_23_17,N_24_16,13.53191946709849,7.51,7.51,7.51,7.51,7.51,7.51,9.34,9.34,10.15,10.15,8.12,8.12,8.12,8.12,8.12,8.12,9.74,10.55,10.55,9.74,7.71,7.71,7.71,7.71
N_23_17,N_23_15,5.387738107589255,5.5,5.5,5.5,5.5,5.5,5.5,8.4,8.4,9.7,9.7,6.47,6.47,6.47,6.47,6.47,6.47,9.05,10.34,10.34,9.05,5.82,5.82,5.82,5.82
N_23_17,N_22_16,5.604477456944034,5.72,5.72,5.72,5.72,5.72,5.72,8.74,8.74,10.09,10.09,6.73,6.73,6.73,6.73,6.73,6.73,9.42,10.76,10.76,9.42,6.05,6.05,6.05,6.05
N_23_17,N_23_18,3.9834373432686885,4.06,4.06,4.06,4.06,4.06,4.06,6.21,6.21,7.17,7.17,4.78,4.78,4.78,4.78,4.78,4.78,6.69,7.65,7.65,6.69,4.3,4.3,4.3,4.3
N_23_18,N_23_17,3.9834373432686885,4.06,4.06,4.06,4.06,4.06,4.06,6.21,6.21,7.17,7.17,4.78,4.78,4.78,4.78,4.78,4.78,6.69,7.65,7.65,6.69,4.3,4.3,4.3,4.3
N_23_18,N_20_18,4.032414873128506,4.11,4.11,4.11,4.11,4.11,4.11,6.29,6.29,7.26,7.26,4.84,4.84,4.84,4.84,4.84,4.84,6.77,7.74,7.74,6.77,4.36,4.36,4.36,4.36
N_23_18,N_21_16,10.172590685997172,5.65,5.65,5.65,5.65,5.65,5.65,7.02,7.02,7.63,7.63,6.1,6.1,6.1,6.1,6.1,6.1,7.32,7.93,7.93,7.32,5.8,5.8,5.8,5.8
N_23_18,N_21_19,12.827385899450718,7.12,7.12,7.12,7.12,7.12,7.12,8.85,8.85,9.62,9.62,7.7,7.7,7.7,7.7,7.7,7.7,9.24,10.01,10.01,9.24,7.31,7.31,7.31,7.31
N_23_18,N_21_17,1.176126060698565,1.93,1.93,1.93,1.93,1.93,1.93,3.2,3.2,3.76,3.76,2.35,2.35,2.35,2.35,2.35,2.35,3.48,4.05,4.05,3.48,2.07,2.07,2.07,2.07
N_23_19,N_22_18,11.089403115345432,6.15,6.15,6.15,6.15,6.15,6.15,7.65,7.65,8.32,8.32,6.65,6.65,6.65,6.65,6.65,6.65,7.98,8.65,8.65,7.98,6.32,6.32,6.32,6.32
N_23_19,N_22_20,1.4635424088057085,2.4,2.4,2.4,2.4,2.4,2.4,3.98,3.98,4.68,4.68,2.93,2.93,2.93,2.93,2.93,2.93,4.33,5.03,5.03,4.33,2.58,2.58,2.58,2.58
N_23_19,N_24_17,4.31345887414986,4.4,4.4,4.4,4.4,4.4,4.4,6.73,6.73,7.76,7.76,5.18,5.18,5.18,5.18,5.18,5.18,7.25,8.28,8.28,7.25,4.66,4.66,4.66,4.66
N_23_2,N_22_2,12.882918251236747,7.15,7.15,7.15,7.15,7.15,7.15,8.89,8.89,9.66,9.66,7.73,7.73,7.73,7.73,7.73,7.73,9.28,10.05,10.05,9.28,7.34,7.34,7.34,7.34
N_23_2,N_20_2,2.4397345198754925,4.0,4.0,4.0,4.0,4.0,4.0,6.64,6.64,7.81,7.81,4.88,4.88,4.88,4.88,4.88,4.88,7.22,8.39,8.39,7.22,4.29,4.29,4.29,4.29
N_23_2,N_21_3,2.260422164651488,3.71,3.71,3.71,3.71,3.71,3.71,6.15,6.15,7.23,7.23,4.52,4.52,4.52,4.52,4.52,4.52,6.69,7.78,7.78,6.69,3.98,3.98,3.98,3.98
N_23_2,N_24_3,4.929628079293664,5.03,5.03,5.03,5.03,5.03,5.03,7.69,7.69,8.87,8.87,5.92,5.92,5.92,5.92,5.92,5.92,8.28,9.46,9.46,8.28,5.32,5.32,5.32,5.32
N_23_2,N_21_4,6.117569589964875,6.24,6.24,6.24,6.24,6.24,6.24,9.54,9.54,11.01,11.01,7.34,7.34,7.34,7.34,7.34,7.34,10.28,11.75,11.75,10.28,6.61,6.61,6.61,6.61
N_23_20,N_21_21,3.9065985102598737,3.98,3.98,3.98,3.98,3.98,3.98,6.09,6.09,7.03,7.03,4.69,4.69,4.69,4.69,4.69,4.69,6.56,7.5,7.5,6.56,4.22,4.22,4.22,4.22
N_23_20,N_21_22,5.293708770534181,5.4,5.4,5.4,5.4,5.4,5.4,8.26,8.26,9.53,9.53,6.35,6.35,6.35,6.35,6.35,6.35,8.89,10.16,10.16,8.89,5.72,5.72,5.72,5.72
N_23_20,N_24_20,4.830410302308067,4.93,4.93,4.93,4.93,4.93,4.93,7.54,7.54,8.69,8.69,5.8,5.8,5.8,5.8,5.8,5.8,8.12,9.27,9.27,8.12,5.22,5.22,5.22,5.22
N_23_21,N_21_23,6.993116031633381,7.13,7.13,7.13,7.13,7.13,7.13,10.91,10.91,12.59,12.59,8.39,8.39,8.39,8.39,8.39,8.39,11.75,13.43,13.43,11.75,7.55,7.55,7.55,7.55
N_23_21,N_21_20,6.285944535210467,6.41,6.41,6.41,6.41,6.41,6.41,9.81,9.81,11.31,11.31,7.54,7.54,7.54,7.54,7.54,7.54,10.56,12.07,12.07,10.56,6.79,6.79,6.79,6.79
N_23_21,N_22_22,12.269073224601257,6.81,6.81,6.81,6.81,6.81,6.81,8.47,8.47,9.2,9.2,7.36,7.36,7.36,7.36,7.36,7.36,8.83,9.57,9.57,8.83,6.99,6.99,6.99,6.99
N_23_22,N_22_21,4.371689311621804,4.46,4.46,4.46,4.46,4.46,4.46,6.82,6.82,7.87,7.87,5.25,5.25,5.25,5.25,5.25,5.25,7.34,8.39,8.39,7.34,4.72,4.72,4.72,4.72
N_23_22,N_24_22,6.647301898039033,6.78,6.78,6.78,6.78,6.78,6.78,10.37,10.37,11.97,11.97,7.98,7.98,7.98,7.98,7.98,7.98,11.17,12.76,12.76,11.17,7.18,7.18,7.18,7.18
N_23_22,N_22_20,3.801887081609108,3.88,3.88,3.88,3.88,3.88,3.88,5.93,5.93,6.84,6.84,4.56,4.56,4.56,4.56,4.56,4.56,6.39,7.3,7.3,6.39,4.11,4.11,4.11,4.11
N_23_23,N_22_23,6.248146680491718,6.37,6.37,6.37,6.37,6.37,6.37,9.75,9.75,11.25,11.25,7.5,7.5,7.5,7.5,7.5,7.5,10.5,12.0,12.0,10.5,6.75,6.75,6.75,6.75
N_23_23,N_22_25,5.656724971865489,5.77,5.77,5.77,5.77,5.77,5.77,8.82,8.82,10.18,10.18,6.79,6.79,6.79,6.79,6.79,6.79,9.5,10.86,10.86,9.5,6.11,6.11,6.11,6.11
N_23_23,N_23_25,4.729781667176748,4.82,4.82,4.82,4.82,4.82,4.82,7.38,7.38,8.51,8.51,5.68,5.68,5.68,5.68,5.68,5.68,7.95,9.08,9.08,7.95,5.11,5.11,5.11,5.11
N_23_23,N_22_22,14.082362142039386,7.82,7.82,7.82,7.82,7.82,7.82,9.72,9.72,10.56,10.56,8.45,8.45,8.45,8.45,8.45,8.45,10.14,10.98,10.98,10.14,8.03,8.03,8.03,8.03
N_23_23,N_21_24,4.742456976774657,4.84,4.84,4.84,4.84,4.84,4.84,7.4,7.4,8.54,8.54,5.69,5.69,5.69,5.69,5.69,5.69,7.97,9.11,9.11,7.97,5.12,5.12,5.12,5.12
N_23_24,N_21_23,12.660994991903113,7.03,7.03,7.03,7.03,7.03,7.03,8.74,8.74,9.5,9.5,7.6,7.6,7.6,7.6,7.6,7.6,9.12,9.88,9.88,9.12,7.22,7.22,7.22,7.22
N_23_24,N_23_25,8.918166971024768,4.95,4.95,4.95,4.95,4.95,4.95,6.15,6.15,6.69,6.69,5.35,5.35,5.35,5.35,5.35,5.35,6.42,6.96,6.96,6.42,5.08,5.08,5.08,5.08
N_23_24,N_21_24,6.993198404095057,7.13,7.13,7.13,7.13,7.13,7.13,10.91,10.91,12.59,12.59,8.39,8.39,8.39,8.39,8.39,8.39,11.75,13.43,13.43,11.75,7.55,7.55,7.55,7.55
N_23_25,N_23_24,8.918166971024768,4.95,4.95,4.95,4.95,4.95,4.95,6.15,6.15,6.69,6.69,5.35,5.35,5.35,5.35,5.35,5.35,6.42,6.96,6.96,6.42,5.08,5.08,5.08,5.08
N_23_25,N_24_24,6.333241867851416,6.46,6.46,6.46,6.46,6.46,6.46,9.88,9.88,11.4,11.4,7.6,7.6,7.6,7.6,7.6,7.6,10.64,12.16,12.16,10.64,6.84,6.84,6.84,6.84
N_23_25,N_22_27,11.230400502801656,6.23,6.23,6.23,6.23,6.23,6.23,7.75,7.75,8.42,8.42,6.74,6.74,6.74,6.74,6.74,6.74,8.09,8.76,8.76,8.09,6.4,6.4,6.4,6.4
N_23_25,N_23_27,6.493283866207643,6.62,6.62,6.62,6.62,6.62,6.62,10.13,10.13,11.69,11.69,7.79,7.79,7.79,7.79,7.79,7.79,10.91,12.47,12.47,10.91,7.01,7.01,7.01,7.01
N_23_26,N_21_26,0.7307876655431116,1.2,1.2,1.2,1.2,1.2,1.2,1.99,1.99,2.34,2.34,1.46,1.46,1.46,1.46,1.46,1.46,2.16,2.51,2.51,2.16,1.29,1.29,1.29,1.29
N_23_26,N_21_27,1.3230839570573802,2.17,2.17,2.17,2.17,2.17,2.17,3.6,3.6,4.23,4.23,2.65,2.65,2.65,2.65,2.65,2.65,3.92,4.55,4.55,3.92,2.33,2.33,2.33,2.33
N_23_26,N_23_23,6.758066082025492,6.89,6.89,6.89,6.89,6.89,6.89,10.54,10.54,12.16,12.16,8.11,8.11,8.11,8.11,8.11,8.11,11.35,12.98,12.98,11.35,7.3,7.3,7.3,7.3
N_23_26,N_22_26,6.147157028181354,6.27,6.27,6.27,6.27,6.27,6.27,9.59,9.59,11.06,11.06,7.38,7.38,7.38,7.38,7.38,7.38,10.33,11.8,11.8,10.33,6.64,6.64,6.64,6.64
N_23_26,N_23_27,5.649943543160178,5.76,5.76,5.76,5.76,5.76,5.76,8.81,8.81,10.17,10.17,6.78,6.78,6.78,6.78,6.78,6.78,9.49,10.85,10.85,9.49,6.1,6.1,6.1,6.1
N_23_27,N_22_27,6.508813732931686,6.64,6.64,6.64,6.64,6.64,6.64,10.15,10.15,11.72,11.72,7.81,7.81,7.81,7.81,7.81,7.81,10.93,12.5,12.5,10.93,7.03,7.03,7.03,7.03
N_23_27,N_22_29,2.451698290904079,4.02,4.02,4.02,4.02,4.02,4.02,6.67,6.67,7.85,7.85,4.9,4.9,4.9,4.9,4.9,4.9,7.26,8.43,8.43,7.26,4.31,4.31,4.31,4.31
N_23_27,N_23_25,6.493283866207643,6.62,6.62,6.62,6.62,6.62,6.62,10.13,10.13,11.69,11.69,7.79,7.79,7.79,7.79,7.79,7.79,10.91,12.47,12.47,10.91,7.01,7.01,7.01,7.01
N_23_27,N_22_25,3.7177763374402972,3.79,3.79,3.79,3.79,3.79,3.79,5.8,5.8,6.69,6.69,4.46,4.46,4.46,4.46,4.46,4.46,6.25,7.14,7.14,6.25,4.02,4.02,4.02,4.02
N_23_27,N_23_29,12.740776919695119,7.07,7.07,7.07,7.07,7.07,7.07,8.79,8.79,9.56,9.56,7.64,7.64,7.64,7.64,7.64,7.64,9.17,9.94,9.94,9.17,7.26,7.26,7.26,7.26
N_23_27,N_22_26,3.320581033446882,3.39,3.39,3.39,3.39,3.39,3.39,5.18,5.18,5.98,5.98,3.98,3.98,3.98,3.98,3.98,3.98,5.58,6.38,6.38,5.58,3.59,3.59,3.59,3.59
N_23_28,N_21_30,6.497557254730864,6.63,6.63,6.63,6.63,6.63,6.63,10.14,10.14,11.7,11.7,7.8,7.8,7.8,7.8,7.8,7.8,10.92,12.48,12.48,10.92,7.02,7.02,7.02,7.02
N_23_28,N_22_30,1.6695246422239791,2.74,2.74,2.74,2.74,2.74,2.74,4.54,4.54,5.34,5.34,3.34,3.34,3.34,3.34,3.34,3.34,4.94,5.74,5.74,4.94,2.94,2.94,2.94,2.94
N_23_28,N_24_26,4.3828219920807285,4.47,4.47,4.47,4.47,4.47,4.47,6.84,6.84,7.89,7.89,5.26,5.26,5.26,5.26,5.26,5.26,7.36,8.42,8.42,7.36,4.73,4.73,4.73,4.73
N_23_28,N_23_25,3.608942433447545,3.68,3.68,3.68,3.68,3.68,3.68,5.63,5.63,6.5,6.5,4.33,4.33,4.33,4.33,4.33,4.33,6.06,6.93,6.93,6.06,3.9,3.9,3.9,3.9
N_23_28,N_21_29,12.09550869063615,6.71,6.71,6.71,6.71,6.71,6.71,8.35,8.35,9.07,9.07,7.26,7.26,7.26,7.26,7.26,7.26,8.71,9.43,9.43,8.71,6.89,6.89,6.89,6.89
N_23_29,N_23_32,4.843224691557264,4.94,4.94,4.94,4.94,4.94,4.94,7.56,7.56,8.72,8.72,5.81,5.81,5.81,5.81,5.81,5.81,8.14,9.3,9.3,8.14,5.23,5.23,5.23,5.23
N_23_29,N_23_31,3.1537430633413983,3.22,3.22,3.22,3.22,3.22,3.22,4.92,4.92,5.68,5.68,3.78,3.78,3.78,3.78,3.78,3.78,5.3,6.06,6.06,5.3,3.41,3.41,3.41,3.41
N_23_29,N_24_31,5.170059545588035,5.27,5.27,5.27,5.27,5.27,5.27,8.07,8.07,9.31,9.31,6.2,6.2,6.2,6.2,6.2,6.2,8.69,9.93,9.93,8.69,5.58,5.58,5.58,5.58
N_23_29,N_22_28,1.4360835624377415,2.36,2.36,2.36,2.36,2.36,2.36,3.91,3.91,4.6,4.6,2.87,2.87,2.87,2.87,2.87,2.87,4.25,4.94,4.94,4.25,2.53,2.53,2.53,2.53
N_23_29,N_24_27,3.5177614462474067,3.59,3.59,3.59,3.59,3.59,3.59,5.49,5.49,6.33,6.33,4.22,4.22,4.22,4.22,4.22,4.22,5.91,6.75,6.75,5.91,3.8,3.8,3.8,3.8
N_23_29,N_23_27,1.1749413061567915,1.93,1.93,1.93,1.93,1.93,1.93,3.2,3.2,3.76,3.76,2.35,2.35,2.35,2.35,2.35,2.35,3.48,4.04,4.04,3.48,2.07,2.07,2.07,2.07
N_23_3,N_20_3,4.2593884050152955,4.34,4.34,4.34,4.34,4.34,4.34,6.64,6.64,7.67,7.67,5.11,5.11,5.11,5.11,5.11,5.11,7.16,8.18,8.18,7.16,4.6,4.6,4.6,4.6
N_23_3,N_23_0,6.199837640151017,6.32,6.32,6.32,6.32,6.32,6.32,9.67,9.67,11.16,11.16,7.44,7.44,7.44,7.44,7.44,7.44,10.42,11.9,11.9,10.42,6.7,6.7,6.7,6.7
N_23_3,N_21_5,1.367717323345424,2.24,2.24,2.24,2.24,2.24,2.24,3.72,3.72,4.38,4.38,2.74,2.74,2.74,2.74,2.74,2.74,4.05,4.7,4.7,4.05,2.41,2.41,2.41,2.41
N_23_3,N_24_2,5.633813644675518,5.75,5.75,5.75,5.75,5.75,5.75,8.79,8.79,10.14,10.14,6.76,6.76,6.76,6.76,6.76,6.76,9.46,10.82,10.82,9.46,6.08,6.08,6.08,6.08
N_23_30,N_24_32,6.88608055600881,7.02,7.02,7.02,7.02,7.02,7.02,10.74,10.74,12.39,12.39,8.26,8.26,8.26,8.26,8.26,8.26,11.57,13.22,13.22,11.57,7.44,7.44,7.44,7.44
N_23_30,N_22_31,8.017914048093377,4.45,4.45,4.45,4.45,4.45,4.45,5.53,5.53,6.01,6.01,4.81,4.81,4.81,4.81,4.81,4.81,5.77,6.25,6.25,5.77,4.57,4.57,4.57,4.57
N_23_30,N_20_30,13.036826769913592,7.24,7.24,7.24,7.24,7.24,7.24,9.0,9.0,9.78,9.78,7.82,7.82,7.82,7.82,7.82,7.82,9.39,10.17,10.17,9.39,7.43,7.43,7.43,7.43
N_23_31,N_22_33,1.4043857492165341,2.3,2.3,2.3,2.3,2.3,2.3,3.82,3.82,4.49,4.49,2.81,2.81,2.81,2.81,2.81,2.81,4.16,4.83,4.83,4.16,2.47,2.47,2.47,2.47
N_23_31,N_24_29,6.963319784555645,7.1,7.1,7.1,7.1,7.1,7.1,10.86,10.86,12.53,12.53,8.36,8.36,8.36,8.36,8.36,8.36,11.7,13.37,13.37,11.7,7.52,7.52,7.52,7.52
N_23_31,N_20_31,0.7306426293378208,1.2,1.2,1.2,1.2,1.2,1.2,1.99,1.99,2.34,2.34,1.46,1.46,1.46,1.46,1.46,1.46,2.16,2.51,2.51,2.16,1.29,1.29,1.29,1.29
N_23_32,N_21_34,6.125007045853308,6.25,6.25,6.25,6.25,6.25,6.25,9.56,9.56,11.03,11.03,7.35,7.35,7.35,7.35,7.35,7.35,10.29,11.76,11.76,10.29,6.62,6.62,6.62,6.62
N_23_32,N_23_29,4.843224691557264,4.94,4.94,4.94,4.94,4.94,4.94,7.56,7.56,8.72,8.72,5.81,5.81,5.81,5.81,5.81,5.81,8.14,9.3,9.3,8.14,5.23,5.23,5.23,5.23
N_23_32,N_21_30,1.1827529353422293,1.94,1.94,1.94,1.94,1.94,1.94,3.22,3.22,3.78,3.78,2.37,2.37,2.37,2.37,2.37,2.37,3.5,4.07,4.07,3.5,2.08,2.08,2.08,2.08
N_23_32,N_24_33,1.9770279436794052,3.24,3.24,3.24,3.24,3.24,3.24,5.38,5.38,6.33,6.33,3.95,3.95,3.95,3.95,3.95,3.95,5.85,6.8,6.8,5.85,3.48,3.48,3.48,3.48
N_23_32,N_23_33,5.6693164401176706,5.78,5.78,5.78,5.78,5.78,5.78,8.84,8.84,10.2,10.2,6.8,6.8,6.8,6.8,6.8,6.8,9.52,10.89,10.89,9.52,6.12,6.12,6.12,6.12
N_23_32,N_24_32,6.910561246612973,7.05,7.05,7.05,7.05,7.05,7.05,10.78,10.78,12.44,12.44,8.29,8.29,8.29,8.29,8.29,8.29,11.61,13.27,13.27,11.61,7.46,7.46,7.46,7.46
N_23_32,N_22_33,2.4976895688755576,4.1,4.1,4.1,4.1,4.1,4.1,6.79,6.79,7.99,7.99,5.0,5.0,5.0,5.0,5.0,5.0,7.39,8.59,8.59,7.39,4.4,4.4,4.4,4.4
N_23_32,N_20_32,1.4333560437390505,2.35,2.35,2.35,2.35,2.35,2.35,3.9,3.9,4.59,4.59,2.87,2.87,2.87,2.87,2.87,2.87,4.24,4.93,4.93,4.24,2.52,2.52,2.52,2.52
N_23_33,N_21_33,6.923645686499066,7.06,7.06,7.06,7.06,7.06,7.06,10.8,10.8,12.46,12.46,8.31,8.31,8.31,8.31,8.31,8.31,11.63,13.29,13.29,11.63,7.48,7.48,7.48,7.48
N_23_33,N_23_32,5.6693164401176706,5.78,5.78,5.78,5.78,5.78,5.78,8.84,8.84,10.2,10.2,6.8,6.8,6.8,6.8,6.8,6.8,9.52,10.89,10.89,9.52,6.12,6.12,6.12,6.12
N_23_33,N_22_32,6.595573718290411,6.73,6.73,6.73,6.73,6.73,6.73,10.29,10.29,11.87,11.87,7.91,7.91,7.91,7.91,7.91,7.91,11.08,12.66,12.66,11.08,7.12,7.12,7.12,7.12
N_23_33,N_24_34,6.722806082182709,6.86,6.86,6.86,6.86,6.86,6.86,10.49,10.49,12.1,12.1,8.07,8.07,8.07,8.07,8.07,8.07,11.29,12.91,12.91,11.29,7.26,7.26,7.26,7.26
N_23_33,N_24_35,3.6817171150532424,3.76,3.76,3.76,3.76,3.76,3.76,5.74,5.74,6.63,6.63,4.42,4.42,4.42,4.42,4.42,4.42,6.19,7.07,7.07,6.19,3.98,3.98,3.98,3.98
N_23_34,N_22_32,6.976164184540563,7.12,7.12,7.12,7.12,7.12,7.12,10.88,10.88,12.56,12.56,8.37,8.37,8.37,8.37,8.37,8.37,11.72,13.39,13.39,11.72,7.53,7.53,7.53,7.53
N_23_34,N_21_34,1.8300819323963333,3.0,3.0,3.0,3.0,3.0,3.0,4.98,4.98,5.86,5.86,3.66,3.66,3.66,3.66,3.66,3.66,5.42,6.3,6.3,5.42,3.22,3.22,3.22,3.22
N_23_34,N_22_34,4.227531293958665,4.31,4.31,4.31,4.31,4.31,4.31,6.59,6.59,7.61,7.61,5.07,5.07,5.07,5.07,5.07,5.07,7.1,8.12,8.12,7.1,4.57,4.57,4.57,4.57
N_23_34,N_20_34,3.5420586064039674,3.61,3.61,3.61,3.61,3.61,3.61,5.53,5.53,6.38,6.38,4.25,4.25,4.25,4.25,4.25,4.25,5.95,6.8,6.8,5.95,3.83,3.83,3.83,3.83
N_23_34,N_24_34,3.8179978257042695,3.89,3.89,3.89,3.89,3.89,3.89,5.96,5.96,6.87,6.87,4.58,4.58,4.58,4.58,4.58,4.58,6.41,7.33,7.33,6.41,4.12,4.12,4.12,4.12
N_23_34,N_24_35,10.192318446947258,5.66,5.66,5.66,5.66,5.66,5.66,7.03,7.03,7.64,7.64,6.12,6.12,6.12,6.12,6.12,6.12,7.34,7.95,7.95,7.34,5.81,5.81,5.81,5.81
N_23_35,N_22_37,5.7016440597465925,5.82,5.82,5.82,5.82,5.82,5.82,8.89,8.89,10.26,10.26,6.84,6.84,6.84,6.84,6.84,6.84,9.58,10.95,10.95,9.58,6.16,6.16,6.16,6.16
N_23_35,N_22_34,1.2823227223711426,2.1,2.1,2.1,2.1,2.1,2.1,3.49,3.49,4.1,4.1,2.56,2.56,2.56,2.56,2.56,2.56,3.8,4.41,4.41,3.8,2.26,2.26,2.26,2.26
N_23_35,N_24_35,3.198606667724142,3.26,3.26,3.26,3.26,3.26,3.26,4.99,4.99,5.76,5.76,3.84,3.84,3.84,3.84,3.84,3.84,5.37,6.14,6.14,5.37,3.45,3.45,3.45,3.45
N_23_35,N_23_34,0.782940682973926,1.28,1.28,1.28,1.28,1.28,1.28,2.13,2.13,2.51,2.51,1.57,1.57,1.57,1.57,1.57,1.57,2.32,2.69,2.69,2.32,1.38,1.38,1.38,1.38
N_23_36,N_22_35,3.2880880787897877,3.35,3.35,3.35,3.35,3.35,3.35,5.13,5.13,5.92,5.92,3.95,3.95,3.95,3.95,3.95,3.95,5.52,6.31,6.31,5.52,3.55,3.55,3.55,3.55
N_23_36,N_23_38,5.050560596239656,5.15,5.15,5.15,5.15,5.15,5.15,7.88,7.88,9.09,9.09,6.06,6.06,6.06,6.06,6.06,6.06,8.48,9.7,9.7,8.48,5.45,5.45,5.45,5.45
N_23_36,N_21_36,1.9476894071310704,3.19,3.19,3.19,3.19,3.19,3.19,5.3,5.3,6.23,6.23,3.9,3.9,3.9,3.9,3.9,3.9,5.77,6.7,6.7,5.77,3.43,3.43,3.43,3.43
N_23_36,N_22_38,1.7722171067902948,2.91,2.91,2.91,2.91,2.91,2.91,4.82,4.82,5.67,5.67,3.54,3.54,3.54,3.54,3.54,3.54,5.25,6.1,6.1,5.25,3.12,3.12,3.12,3.12
N_23_36,N_21_34,5.1122438197817175,5.21,5.21,5.21,5.21,5.21,5.21,7.98,7.98,9.2,9.2,6.13,6.13,6.13,6.13,6.13,6.13,8.59,9.82,9.82,8.59,5.52,5.52,5.52,5.52
N_23_37,N_21_37,10.47196577612688,5.81,5.81,5.81,5.81,5.81,5.81,7.23,7.23,7.85,7.85,6.28,6.28,6.28,6.28,6.28,6.28,7.54,8.17,8.17,7.54,5.97,5.97,5.97,5.97
N_23_37,N_22_36,1.9944230346992031,3.27,3.27,3.27,3.27,3.27,3.27,5.42,5.42,6.38,6.38,3.99,3.99,3.99,3.99,3.99,3.99,5.9,6.86,6.86,5.9,3.51,3.51,3.51,3.51
N_23_37,N_21_36,1.074192045065429,1.76,1.76,1.76,1.76,1.76,1.76,2.92,2.92,3.44,3.44,2.15,2.15,2.15,2.15,2.15,2.15,3.18,3.7,3.7,3.18,1.89,1.89,1.89,1.89
N_23_37,N_21_35,6.75171340853036,6.89,6.89,6.89,6.89,6.89,6.89,10.53,10.53,12.15,12.15,8.1,8.1,8.1,8.1,8.1,8.1,11.34,12.96,12.96,11.34,7.29,7.29,7.29,7.29
N_23_37,N_20_37,12.59809035979217,6.99,6.99,6.99,6.99,6.99,6.99,8.69,8.69,9.45,9.45,7.56,7.56,7.56,7.56,7.56,7.56,9.07,9.83,9.83,9.07,7.18,7.18,7.18,7.18
N_23_38,N_21_36,6.272905015638679,6.4,6.4,6.4,6.4,6.4,6.4,9.79,9.79,11.29,11.29,7.53,7.53,7.53,7.53,7.53,7.53,10.54,12.04,12.04,10.54,6.77,6.77,6.77,6.77
N_23_38,N_21_37,11.685075619926295,6.49,6.49,6.49,6.49,6.49,6.49,8.06,8.06,8.76,8.76,7.01,7.01,7.01,7.01,7.01,7.01,8.41,9.11,9.11,8.41,6.66,6.66,6.66,6.66
N_23_38,N_22_39,9.718766904828946,5.39,5.39,5.39,5.39,5.39,5.39,6.71,6.71,7.29,7.29,5.83,5.83,5.83,5.83,5.83,5.83,7.0,7.58,7.58,7.0,5.54,5.54,5.54,5.54
N_23_39,N_21_37,1.0972947911222564,1.8,1.8,1.8,1.8,1.8,1.8,2.98,2.98,3.51,3.51,2.19,2.19,2.19,2.19,2.19,2.19,3.25,3.77,3.77,3.25,1.93,1.93,1.93,1.93
N_23_39,N_21_38,6.918273248397982,7.06,7.06,7.06,7.06,7.06,7.06,10.79,10.79,12.45,12.45,8.3,8.3,8.3,8.3,8.3,8.3,11.62,13.28,13.28,11.62,7.47,7.47,7.47,7.47
N_23_39,N_22_39,4.758544817758931,4.85,4.85,4.85,4.85,4.85,4.85,7.42,7.42,8.57,8.57,5.71,5.71,5.71,5.71,5.71,5.71,7.99,9.14,9.14,7.99,5.14,5.14,5.14,5.14
N_23_39,N_24_39,14.933645464916584,8.29,8.29,8.29,8.29,8.29,8.29,10.3,10.3,11.2,11.2,8.96,8.96,8.96,8.96,8.96,8.96,10.75,11.65,11.65,10.75,8.51,8.51,8.51,8.51
N_23_39,N_23_38,4.639458127642708,4.73,4.73,4.73,4.73,4.73,4.73,7.24,7.24,8.35,8.35,5.57,5.57,5.57,5.57,5.57,5.57,7.79,8.91,8.91,7.79,5.01,5.01,5.01,5.01
N_23_4,N_21_2,0.8292550367742328,1.36,1.36,1.36,1.36,1.36,1.36,2.26,2.26,2.65,2.65,1.66,1.66,1.66,1.66,1.66,1.66,2.45,2.85,2.85,2.45,1.46,1.46,1.46,1.46
N_23_4,N_24_6,4.68248154756637,4.78,4.78,4.78,4.78,4.78,4.78,7.3,7.3,8.43,8.43,5.62,5.62,5.62,5.62,5.62,5.62,7.87,8.99,8.99,7.87,5.06,5.06,5.06,5.06
N_23_4,N_23_6,12.231980758135052,6.79,6.79,6.79,6.79,6.79,6.79,8.44,8.44,9.17,9.17,7.34,7.34,7.34,7.34,7.34,7.34,8.81,9.54,9.54,8.81,6.97,6.97,6.97,6.97
N_23_4,N_23_3,1.3693944125640276,2.25,2.25,2.25,2.25,2.25,2.25,3.72,3.72,4.38,4.38,2.74,2.74,2.74,2.74,2.74,2.74,4.05,4.71,4.71,4.05,2.41,2.41,2.41,2.41
N_23_4,N_21_6,6.416957528902396,6.55,6.55,6.55,6.55,6.55,6.55,10.01,10.01,11.55,11.55,7.7,7.7,7.7,7.7,7.7,7.7,10.78,12.32,12.32,10.78,6.93,6.93,6.93,6.93
N_23_4,N_22_3,10.91116536899959,6.06,6.06,6.06,6.06,6.06,6.06,7.53,7.53,8.18,8.18,6.55,6.55,6.55,6.55,6.55,6.55,7.86,8.51,8.51,7.86,6.22,6.22,6.22,6.22
N_23_4,N_23_7,2.090099533047304,3.43,3.43,3.43,3.43,3.43,3.43,5.69,5.69,6.69,6.69,4.18,4.18,4.18,4.18,4.18,4.18,6.19,7.19,7.19,6.19,3.68,3.68,3.68,3.68
N_23_5,N_21_4,6.260825307513876,6.39,6.39,6.39,6.39,6.39,6.39,9.77,9.77,11.27,11.27,7.51,7.51,7.51,7.51,7.51,7.51,10.52,12.02,12.02,10.52,6.76,6.76,6.76,6.76
N_23_5,N_23_8,9.252200489050058,5.13,5.13,5.13,5.13,5.13,5.13,6.38,6.38,6.94,6.94,5.55,5.55,5.55,5.55,5.55,5.55,6.66,7.22,7.22,6.66,5.27,5.27,5.27,5.27
N_23_5,N_23_4,4.738543301589303,4.83,4.83,4.83,4.83,4.83,4.83,7.39,7.39,8.53,8.53,5.69,5.69,5.69,5.69,5.69,5.69,7.96,9.1,9.1,7.96,5.12,5.12,5.12,5.12
N_23_5,N_24_7,5.323128118769802,5.43,5.43,5.43,5.43,5.43,5.43,8.3,8.3,9.58,9.58,6.39,6.39,6.39,6.39,6.39,6.39,8.94,10.22,10.22,8.94,5.75,5.75,5.75,5.75
N_23_5,N_20_5,13.772386797180442,7.64,7.64,7.64,7.64,7.64,7.64,9.5,9.5,10.33,10.33,8.26,8.26,8.26,8.26,8.26,8.26,9.92,10.74,10.74,9.92,7.85,7.85,7.85,7.85
N_23_5,N_22_4,10.60688785654385,5.89,5.89,5.89,5.89,5.89,5.89,7.32,7.32,7.96,7.96,6.36,6.36,6.36,6.36,6.36,6.36,7.64,8.27,8.27,7.64,6.05,6.05,6.05,6.05
N_23_6,N_22_4,0.6470993980373152,1.06,1.06,1.06,1.06,1.06,1.06,1.76,1.76,2.07,2.07,1.29,1.29,1.29,1.29,1.29,1.29,1.92,2.23,2.23,1.92,1.14,1.14,1.14,1.14
N_23_6,N_23_8,13.510359510542802,7.5,7.5,7.5,7.5,7.5,7.5,9.32,9.32,10.13,10.13,8.11,8.11,8.11,8.11,8.11,8.11,9.73,10.54,10.54,9.73,7.7,7.7,7.7,7.7
N_23_6,N_21_6,13.327361706674814,7.4,7.4,7.4,7.4,7.4,7.4,9.2,9.2,10.0,10.0,8.0,8.0,8.0,8.0,8.0,8.0,9.6,10.4,10.4,9.6,7.6,7.6,7.6,7.6
N_23_7,N_23_4,2.090099533047304,3.43,3.43,3.43,3.43,3.43,3.43,5.69,5.69,6.69,6.69,4.18,4.18,4.18,4.18,4.18,4.18,6.19,7.19,7.19,6.19,3.68,3.68,3.68,3.68
N_23_7,N_24_6,11.904159376014224,6.61,6.61,6.61,6.61,6.61,6.61,8.21,8.21,8.93,8.93,7.14,7.14,7.14,7.14,7.14,7.14,8.57,9.29,9.29,8.57,6.79,6.79,6.79,6.79
N_23_7,N_21_5,5.87671159975379,5.99,5.99,5.99,5.99,5.99,5.99,9.17,9.17,10.58,10.58,7.05,7.05,7.05,7.05,7.05,7.05,9.87,11.28,11.28,9.87,6.35,6.35,6.35,6.35
N_23_7,N_21_8,12.623816693153536,7.01,7.01,7.01,7.01,7.01,7.01,8.71,8.71,9.47,9.47,7.57,7.57,7.57,7.57,7.57,7.57,9.09,9.85,9.85,9.09,7.2,7.2,7.2,7.2
N_23_7,N_21_6,3.458519829457348,3.53,3.53,3.53,3.53,3.53,3.53,5.4,5.4,6.23,6.23,4.15,4.15,4.15,4.15,4.15,4.15,5.81,6.64,6.64,5.81,3.74,3.74,3.74,3.74
N_23_7,N_24_9,1.6054050418749015,2.63,2.63,2.63,2.63,2.63,2.63,4.37,4.37,5.14,5.14,3.21,3.21,3.21,3.21,3.21,3.21,4.75,5.52,5.52,4.75,2.83,2.83,2.83,2.83
N_23_7,N_23_5,3.368717025542663,3.44,3.44,3.44,3.44,3.44,3.44,5.26,5.26,6.06,6.06,4.04,4.04,4.04,4.04,4.04,4.04,5.66,6.47,6.47,5.66,3.64,3.64,3.64,3.64
N_23_7,N_23_8,4.32153653667614,4.41,4.41,4.41,4.41,4.41,4.41,6.74,6.74,7.78,7.78,5.19,5.19,5.19,5.19,5.19,5.19,7.26,8.3,8.3,7.26,4.67,4.67,4.67,4.67
N_23_8,N_22_9,5.472071243713078,5.58,5.58,5.58,5.58,5.58,5.58,8.54,8.54,9.85,9.85,6.57,6.57,6.57,6.57,6.57,6.57,9.19,10.51,10.51,9.19,5.91,5.91,5.91,5.91
N_23_8,N_23_5,9.252200489050058,5.13,5.13,5.13,5.13,5.13,5.13,6.38,6.38,6.94,6.94,5.55,5.55,5.55,5.55,5.55,5.55,6.66,7.22,7.22,6.66,5.27,5.27,5.27,5.27
N_23_8,N_23_6,13.510359510542802,7.5,7.5,7.5,7.5,7.5,7.5,9.32,9.32,10.13,10.13,8.11,8.11,8.11,8.11,8.11,8.11,9.73,10.54,10.54,9.73,7.7,7.7,7.7,7.7
N_23_8,N_23_7,4.32153653667614,4.41,4.41,4.41,4.41,4.41,4.41,6.74,6.74,7.78,7.78,5.19,5.19,5.19,5.19,5.19,5.19,7.26,8.3,8.3,7.26,4.67,4.67,4.67,4.67
N_23_8,N_23_11,0.9801395413280269,1.61,1.61,1.61,1.61,1.61,1.61,2.67,2.67,3.14,3.14,1.96,1.96,1.96,1.96,1.96,1.96,2.9,3.37,3.37,2.9,1.73,1.73,1.73,1.73
N_23_8,N_21_7,12.52631097632398,6.95,6.95,6.95,6.95,6.95,6.95,8.64,8.64,9.39,9.39,7.52,7.52,7.52,7.52,7.52,7.52,9.02,9.77,9.77,9.02,7.14,7.14,7.14,7.14
N_23_9,N_20_9,10.322020592851622,5.73,5.73,5.73,5.73,5.73,5.73,7.12,7.12,7.74,7.74,6.19,6.19,6.19,6.19,6.19,6.19,7.43,8.05,8.05,7.43,5.88,5.88,5.88,5.88
N_23_9,N_21_11,5.961324981961106,6.08,6.08,6.08,6.08,6.08,6.08,9.3,9.3,10.73,10.73,7.15,7.15,7.15,7.15,7.15,7.15,10.02,11.45,11.45,10.02,6.44,6.44,6.44,6.44
N_23_9,N_23_10,5.686744673036071,5.8,5.8,5.8,5.8,5.8,5.8,8.87,8.87,10.24,10.24,6.82,6.82,6.82,6.82,6.82,6.82,9.55,10.92,10.92,9.55,6.14,6.14,6.14,6.14
N_23_9,N_24_10,1.074282450297638,1.76,1.76,1.76,1.76,1.76,1.76,2.92,2.92,3.44,3.44,2.15,2.15,2.15,2.15,2.15,2.15,3.18,3.7,3.7,3.18,1.89,1.89,1.89,1.89
N_24_0,N_24_2,1.910778826524284,3.13,3.13,3.13,3.13,3.13,3.13,5.2,5.2,6.11,6.11,3.82,3.82,3.82,3.82,3.82,3.82,5.66,6.57,6.57,5.66,3.36,3.36,3.36,3.36
N_24_0,N_23_2,1.3752198464066063,2.26,2.26,2.26,2.26,2.26,2.26,3.74,3.74,4.4,4.4,2.75,2.75,2.75,2.75,2.75,2.75,4.07,4.73,4.73,4.07,2.42,2.42,2.42,2.42
N_24_0,N_22_0,9.715441383500442,5.39,5.39,5.39,5.39,5.39,5.39,6.7,6.7,7.29,7.29,5.83,5.83,5.83,5.83,5.83,5.83,7.0,7.58,7.58,7.0,5.54,5.54,5.54,5.54
N_24_0,N_23_1,0.5554138770908474,0.91,0.91,0.91,0.91,0.91,0.91,1.51,1.51,1.78,1.78,1.11,1.11,1.11,1.11,1.11,1.11,1.64,1.91,1.91,1.64,0.98,0.98,0.98,0.98
N_24_0,N_22_2,4.428585694642056,4.52,4.52,4.52,4.52,4.52,4.52,6.91,6.91,7.97,7.97,5.31,5.31,5.31,5.31,5.31,5.31,7.44,8.5,8.5,7.44,4.78,4.78,4.78,4.78
N_24_1,N_21_1,6.572583944588992,6.7,6.7,6.7,6.7,6.7,6.7,10.25,10.25,11.83,11.83,7.89,7.89,7.89,7.89,7.89,7.89,11.04,12.62,12.62,11.04,7.1,7.1,7.1,7.1
N_24_1,N_22_2,8.246365903588785,4.58,4.58,4.58,4.58,4.58,4.58,5.69,5.69,6.18,6.18,4.95,4.95,4.95,4.95,4.95,4.95,5.94,6.43,6.43,5.94,4.7,4.7,4.7,4.7
N_24_1,N_23_0,2.0541412378835444,3.37,3.37,3.37,3.37,3.37,3.37,5.59,5.59,6.57,6.57,4.11,4.11,4.11,4.11,4.11,4.11,6.08,7.07,7.07,6.08,3.62,3.62,3.62,3.62
N_24_1,N_23_3,5.460518315213159,5.57,5.57,5.57,5.57,5.57,5.57,8.52,8.52,9.83,9.83,6.55,6.55,6.55,6.55,6.55,6.55,9.17,10.48,10.48,9.17,5.9,5.9,5.9,5.9
N_24_1,N_23_1,0.7802507564501509,1.28,1.28,1.28,1.28,1.28,1.28,2.12,2.12,2.5,2.5,1.56,1.56,1.56,1.56,1.56,1.56,2.31,2.68,2.68,2.31,1.37,1.37,1.37,1.37
N_24_1,N_24_3,10.96139150756581,6.08,6.08,6.08,6.08,6.08,6.08,7.56,7.56,8.22,8.22,6.58,6.58,6.58,6.58,6.58,6.58,7.89,8.55,8.55,7.89,6.25,6.25,6.25,6.25
N_24_10,N_22_9,6.071763848402236,6.19,6.19,6.19,6.19,6.19,6.19,9.47,9.47,10.93,10.93,7.29,7.29,7.29,7.29,7.29,7.29,10.2,11.66,11.66,10.2,6.56,6.56,6.56,6.56
N_24_10,N_23_9,1.074282450297638,1.76,1.76,1.76,1.76,1.76,1.76,2.92,2.92,3.44,3.44,2.15,2.15,2.15,2.15,2.15,2.15,3.18,3.7,3.7,3.18,1.89,1.89,1.89,1.89
N_24_10,N_21_10,1.9227160190073034,3.15,3.15,3.15,3.15,3.15,3.15,5.23,5.23,6.15,6.15,3.85,3.85,3.85,3.85,3.85,3.85,5.69,6.61,6.61,5.69,3.38,3.38,3.38,3.38
N_24_10,N_23_12,14.198940064856995,7.88,7.88,7.88,7.88,7.88,7.88,9.8,9.8,10.65,10.65,8.52,8.52,8.52,8.52,8.52,8.52,10.22,11.08,11.08,10.22,8.09,8.09,8.09,8.09
N_24_10,N_22_12,5.035264568016354,5.14,5.14,5.14,5.14,5.14,5.14,7.86,7.86,9.06,9.06,6.04,6.04,6.04,6.04,6.04,6.04,8.46,9.67,9.67,8.46,5.44,5.44,5.44,5.44
N_24_10,N_24_8,5.301333290222338,5.41,5.41,5.41,5.41,5.41,5.41,8.27,8.27,9.54,9.54,6.36,6.36,6.36,6.36,6.36,6.36,8.91,10.18,10.18,8.91,5.73,5.73,5.73,5.73
N_24_11,N_22_13,1.0195683097548967,1.67,1.67,1.67,1.67,1.67,1.67,2.77,2.77,3.26,3.26,2.04,2.04,2.04,2.04,2.04,2.04,3.02,3.51,3.51,3.02,1.79,1.79,1.79,1.79
N_24_11,N_24_8,14.670945828829332,8.14,8.14,8.14,8.14,8.14,8.14,10.12,10.12,11.0,11.0,8.8,8.8,8.8,8.8,8.8,8.8,10.56,11.44,11.44,10.56,8.36,8.36,8.36,8.36
N_24_11,N_23_12,11.206548191803805,6.22,6.22,6.22,6.22,6.22,6.22,7.73,7.73,8.4,8.4,6.72,6.72,6.72,6.72,6.72,6.72,8.07,8.74,8.74,8.07,6.39,6.39,6.39,6.39
N_24_11,N_24_12,2.0949835462528155,3.44,3.44,3.44,3.44,3.44,3.44,5.7,5.7,6.7,6.7,4.19,4.19,4.19,4.19,4.19,4.19,6.2,7.21,7.21,6.2,3.69,3.69,3.69,3.69
N_24_11,N_22_9,13.93844521409358,7.74,7.74,7.74,7.74,7.74,7.74,9.62,9.62,10.45,10.45,8.36,8.36,8.36,8.36,8.36,8.36,10.04,10.87,10.87,10.04,7.94,7.94,7.94,7.94
N_24_11,N_21_11,9.961236078243177,5.53,5.53,5.53,5.53,5.53,5.53,6.87,6.87,7.47,7.47,5.98,5.98,5.98,5.98,5.98,5.98,7.17,7.77,7.77,7.17,5.68,5.68,5.68,5.68
N_24_12,N_24_11,4.692370350631979,4.79,4.79,4.79,4.79,4.79,4.79,7.32,7.32,8.45,8.45,5.63,5.63,5.63,5.63,5.63,5.63,7.88,9.01,9.01,7.88,5.07,5.07,5.07,5.07
N_24_12,N_22_12,14.970862859439796,8.31,8.31,8.31,8.31,8.31,8.31,10.33,10.33,11.23,11.23,8.98,8.98,8.98,8.98,8.98,8.98,10.78,11.68,11.68,10.78,8.53,8.53,8.53,8.53
N_24_12,N_22_11,14.1212525278928,7.84,7.84,7.84,7.84,7.84,7.84,9.74,9.74,10.59,10.59,8.47,8.47,8.47,8.47,8.47,8.47,10.17,11.01,11.01,10.17,8.05,8.05,8.05,8.05
N_24_13,N_22_12,14.409273687752265,8.0,8.0,8.0,8.0,8.0,8.0,9.94,9.94,10.81,10.81,8.65,8.65,8.65,8.65,8.65,8.65,10.37,11.24,11.24,10.37,8.21,8.21,8.21,8.21
N_24_13,N_22_15,14.401886851251913,7.99,7.99,7.99,7.99,7.99,7.99,9.94,9.94,10.8,10.8,8.64,8.64,8.64,8.64,8.64,8.64,10.37,11.23,11.23,10.37,8.21,8.21,8.21,8.21
N_24_13,N_22_14,2.095678913492801,3.44,3.44,3.44,3.44,3.44,3.44,5.7,5.7,6.71,6.71,4.19,4.19,4.19,4.19,4.19,4.19,6.2,7.21,7.21,6.2,3.69,3.69,3.69,3.69
N_24_13,N_21_13,3.800551228675999,3.88,3.88,3.88,3.88,3.88,3.88,5.93,5.93,6.84,6.84,4.56,4.56,4.56,4.56,4.56,4.56,6.38,7.3,7.3,6.38,4.1,4.1,4.1,4.1
N_24_13,N_24_14,3.771418406135449,3.85,3.85,3.85,3.85,3.85,3.85,5.88,5.88,6.79,6.79,4.53,4.53,4.53,4.53,4.53,4.53,6.34,7.24,7.24,6.34,4.07,4.07,4.07,4.07
N_24_14,N_24_13,3.771418406135449,3.85,3.85,3.85,3.85,3.85,3.85,5.88,5.88,6.79,6.79,4.53,4.53,4.53,4.53,4.53,4.53,6.34,7.24,7.24,6.34,4.07,4.07,4.07,4.07
N_24_14,N_24_12,0.9740684228423986,1.6,1.6,1.6,1.6,1.6,1.6,2.65,2.65,3.12,3.12,1.95,1.95,1.95,1.95,1.95,1.95,2.88,3.35,3.35,2.88,1.71,1.71,1.71,1.71
N_24_14,N_24_11,1.2652573316388283,2.08,2.08,2.08,2.08,2.08,2.08,3.44,3.44,4.05,4.05,2.53,2.53,2.53,2.53,2.53,2.53,3.75,4.35,4.35,3.75,2.23,2.23,2.23,2.23
N_24_14,N_24_17,11.66176342630024,6.47,6.47,6.47,6.47,6.47,6.47,8.05,8.05,8.75,8.75,7.0,7.0,7.0,7.0,7.0,7.0,8.4,9.1,9.1,8.4,6.65,6.65,6.65,6.65
N_24_14,N_23_16,1.7660439473917247,2.9,2.9,2.9,2.9,2.9,2.9,4.8,4.8,5.65,5.65,3.53,3.53,3.53,3.53,3.53,3.53,5.23,6.08,6.08,5.23,3.11,3.11,3.11,3.11
N_24_14,N_23_12,3.3171285782384796,3.38,3.38,3.38,3.38,3.38,3.38,5.17,5.17,5.97,5.97,3.98,3.98,3.98,3.98,3.98,3.98,5.57,6.37,6.37,5.57,3.58,3.58,3.58,3.58
N_24_15,N_24_12,12.912779683494279,7.17,7.17,7.17,7.17,7.17,7.17,8.91,8.91,9.68,9.68,7.75,7.75,7.75,7.75,7.75,7.75,9.3,10.07,10.07,9.3,7.36,7.36,7.36,7.36
N_24_15,N_22_15,10.173752416105597,5.65,5.65,5.65,5.65,5.65,5.65,7.02,7.02,7.63,7.63,6.1,6.1,6.1,6.1,6.1,6.1,7.33,7.94,7.94,7.33,5.8,5.8,5.8,5.8
N_24_15,N_22_13,1.6144006667627313,2.65,2.65,2.65,2.65,2.65,2.65,4.39,4.39,5.17,5.17,3.23,3.23,3.23,3.23,3.23,3.23,4.78,5.55,5.55,4.78,2.84,2.84,2.84,2.84
N_24_15,N_21_15,0.8988619625571914,1.47,1.47,1.47,1.47,1.47,1.47,2.44,2.44,2.88,2.88,1.8,1.8,1.8,1.8,1.8,1.8,2.66,3.09,3.09,2.66,1.58,1.58,1.58,1.58
N_24_15,N_24_14,11.141103273201498,6.18,6.18,6.18,6.18,6.18,6.18,7.69,7.69,8.36,8.36,6.68,6.68,6.68,6.68,6.68,6.68,8.02,8.69,8.69,8.02,6.35,6.35,6.35,6.35
N_24_15,N_24_13,2.0120298154225136,3.3,3.3,3.3,3.3,3.3,3.3,5.47,5.47,6.44,6.44,4.02,4.02,4.02,4.02,4.02,4.02,5.96,6.92,6.92,5.96,3.54,3.54,3.54,3.54
N_24_16,N_23_14,4.259024674444637,4.34,4.34,4.34,4.34,4.34,4.34,6.64,6.64,7.67,7.67,5.11,5.11,5.11,5.11,5.11,5.11,7.16,8.18,8.18,7.16,4.6,4.6,4.6,4.6
N_24_16,N_24_13,5.737291710196245,5.85,5.85,5.85,5.85,5.85,5.85,8.95,8.95,10.33,10.33,6.88,6.88,6.88,6.88,6.88,6.88,9.64,11.02,11.02,9.64,6.2,6.2,6.2,6.2
N_24_16,N_22_14,8.08099459018914,4.48,4.48,4.48,4.48,4.48,4.48,5.58,5.58,6.06,6.06,4.85,4.85,4.85,4.85,4.85,4.85,5.82,6.3,6.3,5.82,4.61,4.61,4.61,4.61
N_24_16,N_23_18,6.671063934308412,6.8,6.8,6.8,6.8,6.8,6.8,10.41,10.41,12.01,12.01,8.01,8.01,8.01,8.01,8.01,8.01,11.21,12.81,12.81,11.21,7.2,7.2,7.2,7.2
N_24_16,N_23_16,2.3330853606934134,3.83,3.83,3.83,3.83,3.83,3.83,6.35,6.35,7.47,7.47,4.67,4.67,4.67,4.67,4.67,4.67,6.91,8.03,8.03,6.91,4.11,4.11,4.11,4.11
N_24_16,N_24_18,8.850124783473909,4.91,4.91,4.91,4.91,4.91,4.91,6.11,6.11,6.64,6.64,5.31,5.31,5.31,5.31,5.31,5.31,6.37,6.9,6.9,6.37,5.04,5.04,5.04,5.04
N_24_17,N_23_19,4.31345887414986,4.4,4.4,4.4,4.4,4.4,4.4,6.73,6.73,7.76,7.76,5.18,5.18,5.18,5.18,5.18,5.18,7.25,8.28,8.28,7.25,4.66,4.66,4.66,4.66
N_24_17,N_24_14,11.66176342630024,6.47,6.47,6.47,6.47,6.47,6.47,8.05,8.05,8.75,8.75,7.0,7.0,7.0,7.0,7.0,7.0,8.4,9.1,9.1,8.4,6.65,6.65,6.65,6.65
N_24_17,N_22_16,4.4427908258636535,4.53,4.53,4.53,4.53,4.53,4.53,6.93,6.93,8.0,8.0,5.33,5.33,5.33,5.33,5.33,5.33,7.46,8.53,8.53,7.46,4.8,4.8,4.8,4.8
N_24_17,N_22_15,10.395336577903889,5.77,5.77,5.77,5.77,5.77,5.77,7.17,7.17,7.8,7.8,6.24,6.24,6.24,6.24,6.24,6.24,7.48,8.11,8.11,7.48,5.93,5.93,5.93,5.93
N_24_17,N_23_17,8.432791979746506,4.68,4.68,4.68,4.68,4.68,4.68,5.82,5.82,6.32,6.32,5.06,5.06,5.06,5.06,5.06,5.06,6.07,6.58,6.58,6.07,4.81,4.81,4.81,4.81
N_24_17,N_24_20,4.997002351061352,5.1,5.1,5.1,5.1,5.1,5.1,7.8,7.8,8.99,8.99,6.0,6.0,6.0,6.0,6.0,6.0,8.39,9.59,9.59,8.39,5.4,5.4,5.4,5.4
N_24_17,N_24_18,5.322781789832017,5.43,5.43,5.43,5.43,5.43,5.43,8.3,8.3,9.58,9.58,6.39,6.39,6.39,6.39,6.39,6.39,8.94,10.22,10.22,8.94,5.75,5.75,5.75,5.75
N_24_18,N_23_16,1.860359606014345,3.05,3.05,3.05,3.05,3.05,3.05,5.06,5.06,5.95,5.95,3.72,3.72,3.72,3.72,3.72,3.72,5.51,6.4,6.4,5.51,3.27,3.27,3.27,3.27
N_24_18,N_24_16,8.850124783473909,4.91,4.91,4.91,4.91,4.91,4.91,6.11,6.11,6.64,6.64,5.31,5.31,5.31,5.31,5.31,5.31,6.37,6.9,6.9,6.37,5.04,5.04,5.04,5.04
N_24_18,N_24_17,5.322781789832017,5.43,5.43,5.43,5.43,5.43,5.43,8.3,8.3,9.58,9.58,6.39,6.39,6.39,6.39,6.39,6.39,8.94,10.22,10.22,8.94,5.75,5.75,5.75,5.75
N_24_18,N_22_20,5.035602624999724,5.14,5.14,5.14,5.14,5.14,5.14,7.86,7.86,9.06,9.06,6.04,6.04,6.04,6.04,6.04,6.04,8.46,9.67,9.67,8.46,5.44,5.44,5.44,5.44
N_24_18,N_22_19,8.18744032231277,4.54,4.54,4.54,4.54,4.54,4.54,5.65,5.65,6.14,6.14,4.91,4.91,4.91,4.91,4.91,4.91,5.89,6.39,6.39,5.89,4.67,4.67,4.67,4.67
N_24_18,N_23_20,1.4444115795095271,2.37,2.37,2.37,2.37,2.37,2.37,3.93,3.93,4.62,4.62,2.89,2.89,2.89,2.89,2.89,2.89,4.28,4.97,4.97,4.28,2.54,2.54,2.54,2.54
N_24_18,N_22_16,5.783368684730382,5.9,5.9,5.9,5.9,5.9,5.9,9.02,9.02,10.41,10.41,6.94,6.94,6.94,6.94,6.94,6.94,9.72,11.1,11.1,9.72,6.25,6.25,6.25,6.25
N_24_19,N_22_20,5.5455374307493415,5.66,5.66,5.66,5.66,5.66,5.66,8.65,8.65,9.98,9.98,6.65,6.65,6.65,6.65,6.65,6.65,9.32,10.65,10.65,9.32,5.99,5.99,5.99,5.99
N_24_19,N_24_17,1.2007044487302758,1.97,1.97,1.97,1.97,1.97,1.97,3.27,3.27,3.84,3.84,2.4,2.4,2.4,2.4,2.4,2.4,3.55,4.13,4.13,3.55,2.11,2.11,2.11,2.11
N_24_19,N_23_17,3.797859095077464,3.87,3.87,3.87,3.87,3.87,3.87,5.92,5.92,6.84,6.84,4.56,4.56,4.56,4.56,4.56,4.56,6.38,7.29,7.29,6.38,4.1,4.1,4.1,4.1
N_24_2,N_21_2,5.753523543381412,5.87,5.87,5.87,5.87,5.87,5.87,8.98,8.98,10.36,10.36,6.9,6.9,6.9,6.9,6.9,6.9,9.67,11.05,11.05,9.67,6.21,6.21,6.21,6.21
N_24_2,N_22_1,10.916585106685897,6.06,6.06,6.06,6.06,6.06,6.06,7.53,7.53,8.19,8.19,6.55,6.55,6.55,6.55,6.55,6.55,7.86,8.51,8.51,7.86,6.22,6.22,6.22,6.22
N_24_2,N_23_0,6.130535140044795,6.25,6.25,6.25,6.25,6.25,6.25,9.56,9.56,11.03,11.03,7.36,7.36,7.36,7.36,7.36,7.36,10.3,11.77,11.77,10.3,6.62,6.62,6.62,6.62
N_24_2,N_24_0,1.910778826524284,3.13,3.13,3.13,3.13,3.13,3.13,5.2,5.2,6.11,6.11,3.82,3.82,3.82,3.82,3.82,3.82,5.66,6.57,6.57,5.66,3.36,3.36,3.36,3.36
N_24_2,N_22_2,2.096453070244197,3.44,3.44,3.44,3.44,3.44,3.44,5.7,5.7,6.71,6.71,4.19,4.19,4.19,4.19,4.19,4.19,6.21,7.21,7.21,6.21,3.69,3.69,3.69,3.69
N_24_2,N_22_0,0.8773074356909834,1.44,1.44,1.44,1.44,1.44,1.44,2.39,2.39,2.81,2.81,1.75,1.75,1.75,1.75,1.75,1.75,2.6,3.02,3.02,2.6,1.54,1.54,1.54,1.54
N_24_20,N_23_20,4.830410302308067,4.93,4.93,4.93,4.93,4.93,4.93,7.54,7.54,8.69,8.69,5.8,5.8,5.8,5.8,5.8,5.8,8.12,9.27,9.27,8.12,5.22,5.22,5.22,5.22
N_24_20,N_24_23,5.41872768747492,5.53,5.53,5.53,5.53,5.53,5.53,8.45,8.45,9.75,9.75,6.5,6.5,6.5,6.5,6.5,6.5,9.1,10.4,10.4,9.1,5.85,5.85,5.85,5.85
N_24_20,N_22_18,10.418630202841024,5.78,5.78,5.78,5.78,5.78,5.78,7.19,7.19,7.81,7.81,6.25,6.25,6.25,6.25,6.25,6.25,7.5,8.13,8.13,7.5,5.94,5.94,5.94,5.94
N_24_20,N_24_21,14.95050879174699,8.3,8.3,8.3,8.3,8.3,8.3,10.32,10.32,11.21,11.21,8.97,8.97,8.97,8.97,8.97,8.97,10.76,11.66,11.66,10.76,8.52,8.52,8.52,8.52
N_24_20,N_23_18,10.855800555447292,6.02,6.02,6.02,6.02,6.02,6.02,7.49,7.49,8.14,8.14,6.51,6.51,6.51,6.51,6.51,6.51,7.82,8.47,8.47,7.82,6.19,6.19,6.19,6.19
N_24_20,N_23_22,5.489836772744755,5.6,5.6,5.6,5.6,5.6,5.6,8.56,8.56,9.88,9.88,6.59,6.59,6.59,6.59,6.59,6.59,9.22,10.54,10.54,9.22,5.93,5.93,5.93,5.93
N_24_21,N_22_22,5.453804054598202,5.56,5.56,5.56,5.56,5.56,5.56,8.51,8.51,9.82,9.82,6.54,6.54,6.54,6.54,6.54,6.54,9.16,10.47,10.47,9.16,5.89,5.89,5.89,5.89
N_24_21,N_22_23,3.184913572555617,3.25,3.25,3.25,3.25,3.25,3.25,4.97,4.97,5.73,5.73,3.82,3.82,3.82,3.82,3.82,3.82,5.35,6.12,6.12,5.35,3.44,3.44,3.44,3.44
N_24_21,N_24_20,14.95050879174699,8.3,8.3,8.3,8.3,8.3,8.3,10.32,10.32,11.21,11.21,8.97,8.97,8.97,8.97,8.97,8.97,10.76,11.66,11.66,10.76,8.52,8.52,8.52,8.52
N_24_21,N_22_20,0.6803160688203669,1.12,1.12,1.12,1.12,1.12,1.12,1.85,1.85,2.18,2.18,1.36,1.36,1.36,1.36,1.36,1.36,2.01,2.34,2.34,2.01,1.2,1.2,1.2,1.2
N_24_21,N_21_21,6.474830717462194,6.6,6.6,6.6,6.6,6.6,6.6,10.1,10.1,11.65,11.65,7.77,7.77,7.77,7.77,7.77,7.77,10.88,12.43,12.43,10.88,6.99,6.99,6.99,6.99
N_24_22,N_22_20,1.200166384204467,1.97,1.97,1.97,1.97,1.97,1.97,3.26,3.26,3.84,3.84,2.4,2.4,2.4,2.4,2.4,2.4,3.55,4.13,4.13,3.55,2.11,2.11,2.11,2.11
N_24_22,N_23_22,6.647301898039033,6.78,6.78,6.78,6.78,6.78,6.78,10.37,10.37,11.97,11.97,7.98,7.98,7.98,7.98,7.98,7.98,11.17,12.76,12.76,11.17,7.18,7.18,7.18,7.18
N_24_22,N_21_22,3.5349084546834413,3.61,3.61,3.61,3.61,3.61,3.61,5.51,5.51,6.36,6.36,4.24,4.24,4.24,4.24,4.24,4.24,5.94,6.79,6.79,5.94,3.82,3.82,3.82,3.82
N_24_22,N_24_20,5.690482034306457,5.8,5.8,5.8,5.8,5.8,5.8,8.88,8.88,10.24,10.24,6.83,6.83,6.83,6.83,6.83,6.83,9.56,10.93,10.93,9.56,6.15,6.15,6.15,6.15
N_24_22,N_22_24,4.013091110190327,4.09,4.09,4.09,4.09,4.09,4.09,6.26,6.26,7.22,7.22,4.82,4.82,4.82,4.82,4.82,4.82,6.74,7.71,7.71,6.74,4.33,4.33,4.33,4.33
N_24_22,N_24_21,14.55056981707311,8.08,8.08,8.08,8.08,8.08,8.08,10.04,10.04,10.91,10.91,8.73,8.73,8.73,8.73,8.73,8.73,10.48,11.35,11.35,10.48,8.29,8.29,8.29,8.29
N_24_23,N_23_23,1.7805730511763365,2.92,2.92,2.92,2.92,2.92,2.92,4.84,4.84,5.7,5.7,3.56,3.56,3.56,3.56,3.56,3.56,5.27,6.13,6.13,5.27,3.13,3.13,3.13,3.13
N_24_23,N_22_22,12.849796369005862,7.13,7.13,7.13,7.13,7.13,7.13,8.87,8.87,9.64,9.64,7.71,7.71,7.71,7.71,7.71,7.71,9.25,10.02,10.02,9.25,7.32,7.32,7.32,7.32
N_24_23,N_23_24,2.197203595812743,3.6,3.6,3.6,3.6,3.6,3.6,5.98,5.98,7.03,7.03,4.39,4.39,4.39,4.39,4.39,4.39,6.5,7.56,7.56,6.5,3.87,3.87,3.87,3.87
N_24_23,N_24_25,3.067299423394632,3.13,3.13,3.13,3.13,3.13,3.13,4.78,4.78,5.52,5.52,3.68,3.68,3.68,3.68,3.68,3.68,5.15,5.89,5.89,5.15,3.31,3.31,3.31,3.31
N_24_23,N_23_25,0.8933737641079038,1.47,1.47,1.47,1.47,1.47,1.47,2.43,2.43,2.86,2.86,1.79,1.79,1.79,1.79,1.79,1.79,2.64,3.07,3.07,2.64,1.57,1.57,1.57,1.57
N_24_23,N_24_20,9.34110249171556,5.18,5.18,5.18,5.18,5.18,5.18,6.45,6.45,7.01,7.01,5.6,5.6,5.6,5.6,5.6,5.6,6.73,7.29,7.29,6.73,5.32,5.32,5.32,5.32
N_24_24,N_22_25,6.240825318654325,6.37,6.37,6.37,6.37,6.37,6.37,9.74,9.74,11.23,11.23,7.49,7.49,7.49,7.49,7.49,7.49,10.48,11.98,11.98,10.48,6.74,6.74,6.74,6.74
N_24_24,N_23_25,6.333241867851416,6.46,6.46,6.46,6.46,6.46,6.46,9.88,9.88,11.4,11.4,7.6,7.6,7.6,7.6,7.6,7.6,10.64,12.16,12.16,10.64,6.84,6.84,6.84,6.84
N_24_24,N_23_24,13.232116968082085,7.34,7.34,7.34,7.34,7.34,7.34,9.13,9.13,9.92,9.92,7.94,7.94,7.94,7.94,7.94,7.94,9.53,10.32,10.32,9.53,7.54,7.54,7.54,7.54
N_24_24,N_24_27,5.126917296859455,5.23,5.23,5.23,5.23,5.23,5.23,8.0,8.0,9.23,9.23,6.15,6.15,6.15,6.15,6.15,6.15,8.61,9.84,9.84,8.61,5.54,5.54,5.54,5.54
N_24_24,N_21_24,6.290295017577087,6.42,6.42,6.42,6.42,6.42,6.42,9.81,9.81,11.32,11.32,7.55,7.55,7.55,7.55,7.55,7.55,10.57,12.08,12.08,10.57,6.79,6.79,6.79,6.79
N_24_24,N_23_26,1.7038980977959992,2.79,2.79,2.79,2.79,2.79,2.79,4.63,4.63,5.45,5.45,3.41,3.41,3.41,3.41,3.41,3.41,5.04,5.86,5.86,5.04,3.0,3.0,3.0,3.0
N_24_25,N_24_23,3.067299423394632,3.13,3.13,3.13,3.13,3.13,3.13,4.78,4.78,5.52,5.52,3.68,3.68,3.68,3.68,3.68,3.68,5.15,5.89,5.89,5.15,3.31,3.31,3.31,3.31
N_24_25,N_23_23,3.423474157760861,3.49,3.49,3.49,3.49,3.49,3.49,5.34,5.34,6.16,6.16,4.11,4.11,4.11,4.11,4.11,4.11,5.75,6.57,6.57,5.75,3.7,3.7,3.7,3.7
N_24_25,N_24_24,3.009828219093236,3.07,3.07,3.07,3.07,3.07,3.07,4.7,4.7,5.42,5.42,3.61,3.61,3.61,3.61,3.61,3.61,5.06,5.78,5.78,5.06,3.25,3.25,3.25,3.25
N_24_25,N_24_27,6.019865254835722,6.14,6.14,6.14,6.14,6.14,6.14,9.39,9.39,10.84,10.84,7.22,7.22,7.22,7.22,7.22,7.22,10.11,11.56,11.56,10.11,6.5,6.5,6.5,6.5
N_24_25,N_23_26,10.755911112312553,5.97,5.97,5.97,5.97,5.97,5.97,7.42,7.42,8.07,8.07,6.45,6.45,6.45,6.45,6.45,6.45,7.74,8.39,8.39,7.74,6.13,6.13,6.13,6.13
N_24_25,N_24_28,11.780074715928443,6.54,6.54,6.54,6.54,6.54,6.54,8.13,8.13,8.84,8.84,7.07,7.07,7.07,7.07,7.07,7.07,8.48,9.19,9.19,8.48,6.71,6.71,6.71,6.71
N_24_26,N_23_28,4.3828219920807285,4.47,4.47,4.47,4.47,4.47,4.47,6.84,6.84,7.89,7.89,5.26,5.26,5.26,5.26,5.26,5.26,7.36,8.42,8.42,7.36,4.73,4.73,4.73,4.73
N_24_26,N_22_27,8.728446650139634,4.84,4.84,4.84,4.84,4.84,4.84,6.02,6.02,6.55,6.55,5.24,5.24,5.24,5.24,5.24,5.24,6.28,6.81,6.81,6.28,4.98,4.98,4.98,4.98
N_24_26,N_24_25,2.057722034139961,3.37,3.37,3.37,3.37,3.37,3.37,5.6,5.6,6.58,6.58,4.12,4.12,4.12,4.12,4.12,4.12,6.09,7.08,7.08,6.09,3.62,3.62,3.62,3.62
N_24_27,N_22_25,3.4815118425086666,3.55,3.55,3.55,3.55,3.55,3.55,5.43,5.43,6.27,6.27,4.18,4.18,4.18,4.18,4.18,4.18,5.85,6.68,6.68,5.85,3.76,3.76,3.76,3.76
N_24_27,N_22_29,4.72902417033096,4.82,4.82,4.82,4.82,4.82,4.82,7.38,7.38,8.51,8.51,5.67,5.67,5.67,5.67,5.67,5.67,7.94,9.08,9.08,7.94,5.11,5.11,5.11,5.11
N_24_27,N_23_29,3.5177614462474067,3.59,3.59,3.59,3.59,3.59,3.59,5.49,5.49,6.33,6.33,4.22,4.22,4.22,4.22,4.22,4.22,5.91,6.75,6.75,5.91,3.8,3.8,3.8,3.8
N_24_27,N_24_24,5.126917296859455,5.23,5.23,5.23,5.23,5.23,5.23,8.0,8.0,9.23,9.23,6.15,6.15,6.15,6.15,6.15,6.15,8.61,9.84,9.84,8.61,5.54,5.54,5.54,5.54
N_24_27,N_24_25,6.019865254835722,6.14,6.14,6.14,6.14,6.14,6.14,9.39,9.39,10.84,10.84,7.22,7.22,7.22,7.22,7.22,7.22,10.11,11.56,11.56,10.11,6.5,6.5,6.5,6.5
N_24_27,N_23_25,14.769837825461543,8.2,8.2,8.2,8.2,8.2,8.2,10.19,10.19,11.08,11.08,8.86,8.86,8.86,8.86,8.86,8.86,10.63,11.52,11.52,10.63,8.42,8.42,8.42,8.42
N_24_27,N_22_28,2.001538619677545,3.28,3.28,3.28,3.28,3.28,3.28,5.44,5.44,6.4,6.4,4.0,4.0,4.0,4.0,4.0,4.0,5.92,6.89,6.89,5.92,3.52,3.52,3.52,3.52
N_24_28,N_22_26,4.930745313369414,5.03,5.03,5.03,5.03,5.03,5.03,7.69,7.69,8.88,8.88,5.92,5.92,5.92,5.92,5.92,5.92,8.28,9.47,9.47,8.28,5.33,5.33,5.33,5.33
N_24_28,N_23_28,3.7843940124458486,3.86,3.86,3.86,3.86,3.86,3.86,5.9,5.9,6.81,6.81,4.54,4.54,4.54,4.54,4.54,4.54,6.36,7.27,7.27,6.36,4.09,4.09,4.09,4.09
N_24_28,N_22_27,6.524807570075122,6.66,6.66,6.66,6.66,6.66,6.66,10.18,10.18,11.74,11.74,7.83,7.83,7.83,7.83,7.83,7.83,10.96,12.53,12.53,10.96,7.05,7.05,7.05,7.05
N_24_28,N_24_27,5.886207781843588,6.0,6.0,6.0,6.0,6.0,6.0,9.18,9.18,10.6,10.6,7.06,7.06,7.06,7.06,7.06,7.06,9.89,11.3,11.3,9.89,6.36,6.36,6.36,6.36
N_24_28,N_24_26,5.670459418619111,5.78,5.78,5.78,5.78,5.78,5.78,8.85,8.85,10.21,10.21,6.8,6.8,6.8,6.8,6.8,6.8,9.53,10.89,10.89,9.53,6.12,6.12,6.12,6.12
N_24_28,N_22_28,8.021710335449713,4.45,4.45,4.45,4.45,4.45,4.45,5.53,5.53,6.02,6.02,4.81,4.81,4.81,4.81,4.81,4.81,5.78,6.26,6.26,5.78,4.57,4.57,4.57,4.57
N_24_28,N_23_27,5.801034224353415,5.92,5.92,5.92,5.92,5.92,5.92,9.05,9.05,10.44,10.44,6.96,6.96,6.96,6.96,6.96,6.96,9.75,11.14,11.14,9.75,6.27,6.27,6.27,6.27
N_24_28,N_24_29,10.442863992976402,5.8,5.8,5.8,5.8,5.8,5.8,7.21,7.21,7.83,7.83,6.27,6.27,6.27,6.27,6.27,6.27,7.52,8.15,8.15,7.52,5.95,5.95,5.95,5.95
N_24_29,N_23_31,6.963319784555645,7.1,7.1,7.1,7.1,7.1,7.1,10.86,10.86,12.53,12.53,8.36,8.36,8.36,8.36,8.36,8.36,11.7,13.37,13.37,11.7,7.52,7.52,7.52,7.52
N_24_29,N_24_28,10.442863992976402,5.8,5.8,5.8,5.8,5.8,5.8,7.21,7.21,7.83,7.83,6.27,6.27,6.27,6.27,6.27,6.27,7.52,8.15,8.15,7.52,5.95,5.95,5.95,5.95
N_24_29,N_21_29,11.685323136866437,6.49,6.49,6.49,6.49,6.49,6.49,8.06,8.06,8.76,8.76,7.01,7.01,7.01,7.01,7.01,7.01,8.41,9.11,9.11,8.41,6.66,6.66,6.66,6.66
N_24_29,N_23_29,2.473061811545783,4.06,4.06,4.06,4.06,4.06,4.06,6.73,6.73,7.91,7.91,4.95,4.95,4.95,4.95,4.95,4.95,7.32,8.51,8.51,7.32,4.35,4.35,4.35,4.35
N_24_29,N_24_31,6.653394497439345,6.79,6.79,6.79,6.79,6.79,6.79,10.38,10.38,11.98,11.98,7.98,7.98,7.98,7.98,7.98,7.98,11.18,12.77,12.77,11.18,7.19,7.19,7.19,7.19
N_24_29,N_22_27,14.675399452840207,8.14,8.14,8.14,8.14,8.14,8.14,10.13,10.13,11.01,11.01,8.81,8.81,8.81,8.81,8.81,8.81,10.57,11.45,11.45,10.57,8.36,8.36,8.36,8.36
N_24_3,N_22_1,6.690137874334313,6.82,6.82,6.82,6.82,6.82,6.82,10.44,10.44,12.04,12.04,8.03,8.03,8.03,8.03,8.03,8.03,11.24,12.85,12.85,11.24,7.23,7.23,7.23,7.23
N_24_3,N_22_2,14.856167243834001,8.25,8.25,8.25,8.25,8.25,8.25,10.25,10.25,11.14,11.14,8.91,8.91,8.91,8.91,8.91,8.91,10.7,11.59,11.59,10.7,8.47,8.47,8.47,8.47
N_24_3,N_22_5,4.631139272227982,4.72,4.72,4.72,4.72,4.72,4.72,7.22,7.22,8.34,8.34,5.56,5.56,5.56,5.56,5.56,5.56,7.78,8.89,8.89,7.78,5.0,5.0,5.0,5.0
N_24_3,N_23_2,4.929628079293664,5.03,5.03,5.03,5.03,5.03,5.03,7.69,7.69,8.87,8.87,5.92,5.92,5.92,5.92,5.92,5.92,8.28,9.46,9.46,8.28,5.32,5.32,5.32,5.32
N_24_30,N_21_30,11.611694172592467,6.44,6.44,6.44,6.44,6.44,6.44,8.01,8.01,8.71,8.71,6.97,6.97,6.97,6.97,6.97,6.97,8.36,9.06,9.06,8.36,6.62,6.62,6.62,6.62
N_24_30,N_22_29,3.096231828983318,3.16,3.16,3.16,3.16,3.16,3.16,4.83,4.83,5.57,5.57,3.72,3.72,3.72,3.72,3.72,3.72,5.2,5.94,5.94,5.2,3.34,3.34,3.34,3.34
N_24_30,N_23_30,1.6269702636210361,2.67,2.67,2.67,2.67,2.67,2.67,4.43,4.43,5.21,5.21,3.25,3.25,3.25,3.25,3.25,3.25,4.82,5.6,5.6,4.82,2.86,2.86,2.86,2.86
N_24_30,N_24_28,0.7951061596581799,1.3,1.3,1.3,1.3,1.3,1.3,2.16,2.16,2.54,2.54,1.59,1.59,1.59,1.59,1.59,1.59,2.35,2.74,2.74,2.35,1.4,1.4,1.4,1.4
N_24_31,N_23_29,5.170059545588035,5.27,5.27,5.27,5.27,5.27,5.27,8.07,8.07,9.31,9.31,6.2,6.2,6.2,6.2,6.2,6.2,8.69,9.93,9.93,8.69,5.58,5.58,5.58,5.58
N_24_31,N_24_29,6.653394497439345,6.79,6.79,6.79,6.79,6.79,6.79,10.38,10.38,11.98,11.98,7.98,7.98,7.98,7.98,7.98,7.98,11.18,12.77,12.77,11.18,7.19,7.19,7.19,7.19
N_24_31,N_22_32,1.2729698768991355,2.09,2.09,2.09,2.09,2.09,2.09,3.46,3.46,4.07,4.07,2.55,2.55,2.55,2.55,2.55,2.55,3.77,4.38,4.38,3.77,2.24,2.24,2.24,2.24
N_24_31,N_22_30,4.878169621045595,4.98,4.98,4.98,4.98,4.98,4.98,7.61,7.61,8.78,8.78,5.85,5.85,5.85,5.85,5.85,5.85,8.2,9.37,9.37,8.2,5.27,5.27,5.27,5.27
N_24_31,N_21_31,9.408713021523248,5.22,5.22,5.22,5.22,5.22,5.22,6.49,6.49,7.06,7.06,5.65,5.65,5.65,5.65,5.65,5.65,6.77,7.34,7.34,6.77,5.36,5.36,5.36,5.36
N_24_31,N_24_28,6.115792477663552,6.24,6.24,6.24,6.24,6.24,6.24,9.54,9.54,11.01,11.01,7.34,7.34,7.34,7.34,7.34,7.34,10.27,11.74,11.74,10.27,6.61,6.61,6.61,6.61
N_24_31,N_24_32,5.892873151196628,6.01,6.01,6.01,6.01,6.01,6.01,9.19,9.19,10.61,10.61,7.07,7.07,7.07,7.07,7.07,7.07,9.9,11.31,11.31,9.9,6.36,6.36,6.36,6.36
N_24_32,N_23_30,6.88608055600881,7.02,7.02,7.02,7.02,7.02,7.02,10.74,10.74,12.39,12.39,8.26,8.26,8.26,8.26,8.26,8.26,11.57,13.22,13.22,11.57,7.44,7.44,7.44,7.44
N_24_32,N_24_31,5.892873151196628,6.01,6.01,6.01,6.01,6.01,6.01,9.19,9.19,10.61,10.61,7.07,7.07,7.07,7.07,7.07,7.07,9.9,11.31,11.31,9.9,6.36,6.36,6.36,6.36
N_24_32,N_22_34,5.723856090417301,5.84,5.84,5.84,5.84,5.84,5.84,8.93,8.93,10.3,10.3,6.87,6.87,6.87,6.87,6.87,6.87,9.62,10.99,10.99,9.62,6.18,6.18,6.18,6.18
N_24_32,N_23_32,6.012576643456102,6.13,6.13,6.13,6.13,6.13,6.13,9.38,9.38,10.82,10.82,7.22,7.22,7.22,7.22,7.22,7.22,10.1,11.54,11.54,10.1,6.49,6.49,6.49,6.49
N_24_33,N_22_34,14.028366878387606,7.79,7.79,7.79,7.79,7.79,7.79,9.68,9.68,10.52,10.52,8.42,8.42,8.42,8.42,8.42,8.42,10.1,10.94,10.94,10.1,8.0,8.0,8.0,8.0
N_24_33,N_23_34,6.215150097249295,6.34,6.34,6.34,6.34,6.34,6.34,9.7,9.7,11.19,11.19,7.46,7.46,7.46,7.46,7.46,7.46,10.44,11.93,11.93,10.44,6.71,6.71,6.71,6.71
N_24_33,N_24_34,4.07276656813751,4.15,4.15,4.15,4.15,4.15,4.15,6.35,6.35,7.33,7.33,4.89,4.89,4.89,4.89,4.89,4.89,6.84,7.82,7.82,6.84,4.4,4.4,4.4,4.4
N_24_34,N_23_33,6.722806082182709,6.86,6.86,6.86,6.86,6.86,6.86,10.49,10.49,12.1,12.1,8.07,8.07,8.07,8.07,8.07,8.07,11.29,12.91,12.91,11.29,7.26,7.26,7.26,7.26
N_24_34,N_23_34,3.8179978257042695,3.89,3.89,3.89,3.89,3.89,3.89,5.96,5.96,6.87,6.87,4.58,4.58,4.58,4.58,4.58,4.58,6.41,7.33,7.33,6.41,4.12,4.12,4.12,4.12
N_24_34,N_24_33,4.07276656813751,4.15,4.15,4.15,4.15,4.15,4.15,6.35,6.35,7.33,7.33,4.89,4.89,4.89,4.89,4.89,4.89,6.84,7.82,7.82,6.84,4.4,4.4,4.4,4.4
N_24_35,N_22_37,5.228711825090845,5.33,5.33,5.33,5.33,5.33,5.33,8.16,8.16,9.41,9.41,6.27,6.27,6.27,6.27,6.27,6.27,8.78,10.04,10.04,8.78,5.65,5.65,5.65,5.65
N_24_35,N_23_33,3.6817171150532424,3.76,3.76,3.76,3.76,3.76,3.76,5.74,5.74,6.63,6.63,4.42,4.42,4.42,4.42,4.42,4.42,6.19,7.07,7.07,6.19,3.98,3.98,3.98,3.98
N_24_35,N_23_35,3.198606667724142,3.26,3.26,3.26,3.26,3.26,3.26,4.99,4.99,5.76,5.76,3.84,3.84,3.84,3.84,3.84,3.84,5.37,6.14,6.14,5.37,3.45,3.45,3.45,3.45
N_24_35,N_24_33,11.282209686021403,6.26,6.26,6.26,6.26,6.26,6.26,7.78,7.78,8.46,8.46,6.77,6.77,6.77,6.77,6.77,6.77,8.12,8.8,8.8,8.12,6.43,6.43,6.43,6.43
N_24_35,N_23_34,5.866301836596145,5.98,5.98,5.98,5.98,5.98,5.98,9.15,9.15,10.56,10.56,7.04,7.04,7.04,7.04,7.04,7.04,9.86,11.26,11.26,9.86,6.34,6.34,6.34,6.34
N_24_35,N_24_37,14.111078380834492,7.83,7.83,7.83,7.83,7.83,7.83,9.74,9.74,10.58,10.58,8.47,8.47,8.47,8.47,8.47,8.47,10.16,11.01,11.01,10.16,8.04,8.04,8.04,8.04
N_24_35,N_24_36,0.8504424428702733,1.39,1.39,1.39,1.39,1.39,1.39,2.31,2.31,2.72,2.72,1.7,1.7,1.7,1.7,1.7,1.7,2.52,2.93,2.93,2.52,1.5,1.5,1.5,1.5
N_24_36,N_24_35,0.8504424428702733,1.39,1.39,1.39,1.39,1.39,1.39,2.31,2.31,2.72,2.72,1.7,1.7,1.7,1.7,1.7,1.7,2.52,2.93,2.93,2.52,1.5,1.5,1.5,1.5
N_24_36,N_21_36,8.175624853068399,4.54,4.54,4.54,4.54,4.54,4.54,5.64,5.64,6.13,6.13,4.91,4.91,4.91,4.91,4.91,4.91,5.89,6.38,6.38,5.89,4.66,4.66,4.66,4.66
N_24_36,N_22_36,10.249380760187012,5.69,5.69,5.69,5.69,5.69,5.69,7.07,7.07,7.69,7.69,6.15,6.15,6.15,6.15,6.15,6.15,7.38,7.99,7.99,7.38,5.84,5.84,5.84,5.84
N_24_36,N_23_38,5.844227816504383,5.96,5.96,5.96,5.96,5.96,5.96,9.12,9.12,10.52,10.52,7.01,7.01,7.01,7.01,7.01,7.01,9.82,11.22,11.22,9.82,6.31,6.31,6.31,6.31
N_24_36,N_22_35,1.4756246632760108,2.42,2.42,2.42,2.42,2.42,2.42,4.01,4.01,4.72,4.72,2.95,2.95,2.95,2.95,2.95,2.95,4.37,5.08,5.08,4.37,2.6,2.6,2.6,2.6
N_24_36,N_22_38,6.641436620335869,6.77,6.77,6.77,6.77,6.77,6.77,10.36,10.36,11.95,11.95,7.97,7.97,7.97,7.97,7.97,7.97,11.16,12.75,12.75,11.16,7.17,7.17,7.17,7.17
N_24_36,N_23_37,3.757213586060757,3.83,3.83,3.83,3.83,3.83,3.83,5.86,5.86,6.76,6.76,4.51,4.51,4.51,4.51,4.51,4.51,6.31,7.21,7.21,6.31,4.06,4.06,4.06,4.06
N_24_37,N_22_39,3.900106536011939,3.98,3.98,3.98,3.98,3.98,3.98,6.08,6.08,7.02,7.02,4.68,4.68,4.68,4.68,4.68,4.68,6.55,7.49,7.49,6.55,4.21,4.21,4.21,4.21
N_24_37,N_24_35,14.111078380834492,7.83,7.83,7.83,7.83,7.83,7.83,9.74,9.74,10.58,10.58,8.47,8.47,8.47,8.47,8.47,8.47,10.16,11.01,11.01,10.16,8.04,8.04,8.04,8.04
N_24_37,N_22_35,9.885074835878543,5.49,5.49,5.49,5.49,5.49,5.49,6.82,6.82,7.41,7.41,5.93,5.93,5.93,5.93,5.93,5.93,7.12,7.71,7.71,7.12,5.63,5.63,5.63,5.63
N_24_38,N_21_38,6.004649233125118,6.12,6.12,6.12,6.12,6.12,6.12,9.37,9.37,10.81,10.81,7.21,7.21,7.21,7.21,7.21,7.21,10.09,11.53,11.53,10.09,6.49,6.49,6.49,6.49
N_24_38,N_22_36,3.030269957470869,3.09,3.09,3.09,3.09,3.09,3.09,4.73,4.73,5.45,5.45,3.64,3.64,3.64,3.64,3.64,3.64,5.09,5.82,5.82,5.09,3.27,3.27,3.27,3.27
N_24_38,N_22_38,3.063193799565179,3.12,3.12,3.12,3.12,3.12,3.12,4.78,4.78,5.51,5.51,3.68,3.68,3.68,3.68,3.68,3.68,5.15,5.88,5.88,5.15,3.31,3.31,3.31,3.31
N_24_38,N_22_39,5.766731905680172,5.88,5.88,5.88,5.88,5.88,5.88,9.0,9.0,10.38,10.38,6.92,6.92,6.92,6.92,6.92,6.92,9.69,11.07,11.07,9.69,6.23,6.23,6.23,6.23
N_24_38,N_24_35,0.8513581758029842,1.4,1.4,1.4,1.4,1.4,1.4,2.32,2.32,2.72,2.72,1.7,1.7,1.7,1.7,1.7,1.7,2.52,2.93,2.93,2.52,1.5,1.5,1.5,1.5
N_24_38,N_24_36,5.070806368537383,5.17,5.17,5.17,5.17,5.17,5.17,7.91,7.91,9.13,9.13,6.08,6.08,6.08,6.08,6.08,6.08,8.52,9.74,9.74,8.52,5.48,5.48,5.48,5.48
N_24_39,N_23_39,14.933645464916584,8.29,8.29,8.29,8.29,8.29,8.29,10.3,10.3,11.2,11.2,8.96,8.96,8.96,8.96,8.96,8.96,10.75,11.65,11.65,10.75,8.51,8.51,8.51,8.51
N_24_39,N_23_37,4.108319374014002,4.19,4.19,4.19,4.19,4.19,4.19,6.41,6.41,7.39,7.39,4.93,4.93,4.93,4.93,4.93,4.93,6.9,7.89,7.89,6.9,4.44,4.44,4.44,4.44
N_24_39,N_21_39,6.812287937041665,6.95,6.95,6.95,6.95,6.95,6.95,10.63,10.63,12.26,12.26,8.17,8.17,8.17,8.17,8.17,8.17,11.44,13.08,13.08,11.44,7.36,7.36,7.36,7.36
N_24_39,N_22_38,3.2252298346268087,3.29,3.29,3.29,3.29,3.29,3.29,5.03,5.03,5.81,5.81,3.87,3.87,3.87,3.87,3.87,3.87,5.42,6.19,6.19,5.42,3.48,3.48,3.48,3.48
N_24_39,N_24_38,3.009573057804215,3.07,3.07,3.07,3.07,3.07,3.07,4.69,4.69,5.42,5.42,3.61,3.61,3.61,3.61,3.61,3.61,5.06,5.78,5.78,5.06,3.25,3.25,3.25,3.25
N_24_4,N_21_4,11.983461887694075,6.65,6.65,6.65,6.65,6.65,6.65,8.27,8.27,8.99,8.99,7.19,7.19,7.19,7.19,7.19,7.19,8.63,9.35,9.35,8.63,6.83,6.83,6.83,6.83
N_24_4,N_22_4,3.622972527961533,3.7,3.7,3.7,3.7,3.7,3.7,5.65,5.65,6.52,6.52,4.35,4.35,4.35,4.35,4.35,4.35,6.09,6.96,6.96,6.09,3.91,3.91,3.91,3.91
N_24_4,N_22_5,4.744257387548601,4.84,4.84,4.84,4.84,4.84,4.84,7.4,7.4,8.54,8.54,5.69,5.69,5.69,5.69,5.69,5.69,7.97,9.11,9.11,7.97,5.12,5.12,5.12,5.12
N_24_4,N_23_4,4.345555721739135,4.43,4.43,4.43,4.43,4.43,4.43,6.78,6.78,7.82,7.82,5.21,5.21,5.21,5.21,5.21,5.21,7.3,8.34,8.34,7.3,4.69,4.69,4.69,4.69
N_24_4,N_23_3,13.423151841105092,7.45,7.45,7.45,7.45,7.45,7.45,9.26,9.26,10.07,10.07,8.05,8.05,8.05,8.05,8.05,8.05,9.66,10.47,10.47,9.66,7.65,7.65,7.65,7.65
N_24_4,N_23_2,5.943858838461186,6.06,6.06,6.06,6.06,6.06,6.06,9.27,9.27,10.7,10.7,7.13,7.13,7.13,7.13,7.13,7.13,9.99,11.41,11.41,9.99,6.42,6.42,6.42,6.42
N_24_5,N_21_5,13.782827611955746,7.65,7.65,7.65,7.65,7.65,7.65,9.51,9.51,10.34,10.34,8.27,8.27,8.27,8.27,8.27,8.27,9.92,10.75,10.75,9.92,7.86,7.86,7.86,7.86
N_24_5,N_23_3,4.6451393996564,4.74,4.74,4.74,4.74,4.74,4.74,7.25,7.25,8.36,8.36,5.57,5.57,5.57,5.57,5.57,5.57,7.8,8.92,8.92,7.8,5.02,5.02,5.02,5.02
N_24_5,N_22_5,10.970432881282353,6.09,6.09,6.09,6.09,6.09,6.09,7.57,7.57,8.23,8.23,6.58,6.58,6.58,6.58,6.58,6.58,7.9,8.56,8.56,7.9,6.25,6.25,6.25,6.25
N_24_5,N_23_4,3.440291146985446,3.51,3.51,3.51,3.51,3.51,3.51,5.37,5.37,6.19,6.19,4.13,4.13,4.13,4.13,4.13,4.13,5.78,6.61,6.61,5.78,3.72,3.72,3.72,3.72
N_24_5,N_22_4,2.236388133468301,3.67,3.67,3.67,3.67,3.67,3.67,6.08,6.08,7.16,7.16,4.47,4.47,4.47,4.47,4.47,4.47,6.62,7.69,7.69,6.62,3.94,3.94,3.94,3.94
N_24_5,N_24_2,11.124565380932257,6.17,6.17,6.17,6.17,6.17,6.17,7.68,7.68,8.34,8.34,6.67,6.67,6.67,6.67,6.67,6.67,8.01,8.68,8.68,8.01,6.34,6.34,6.34,6.34
N_24_6,N_22_6,14.84538505822076,8.24,8.24,8.24,8.24,8.24,8.24,10.24,10.24,11.13,11.13,8.91,8.91,8.91,8.91,8.91,8.91,10.69,11.58,11.58,10.69,8.46,8.46,8.46,8.46
N_24_6,N_23_4,4.68248154756637,4.78,4.78,4.78,4.78,4.78,4.78,7.3,7.3,8.43,8.43,5.62,5.62,5.62,5.62,5.62,5.62,7.87,8.99,8.99,7.87,5.06,5.06,5.06,5.06
N_24_6,N_24_7,1.2416024199213815,2.04,2.04,2.04,2.04,2.04,2.04,3.38,3.38,3.97,3.97,2.48,2.48,2.48,2.48,2.48,2.48,3.68,4.27,4.27,3.68,2.19,2.19,2.19,2.19
N_24_6,N_23_5,6.979048475250907,7.12,7.12,7.12,7.12,7.12,7.12,10.89,10.89,12.56,12.56,8.37,8.37,8.37,8.37,8.37,8.37,11.72,13.4,13.4,11.72,7.54,7.54,7.54,7.54
N_24_6,N_22_7,4.458550452882814,4.55,4.55,4.55,4.55,4.55,4.55,6.96,6.96,8.03,8.03,5.35,5.35,5.35,5.35,5.35,5.35,7.49,8.56,8.56,7.49,4.82,4.82,4.82,4.82
N_24_7,N_24_6,1.2416024199213815,2.04,2.04,2.04,2.04,2.04,2.04,3.38,3.38,3.97,3.97,2.48,2.48,2.48,2.48,2.48,2.48,3.68,4.27,4.27,3.68,2.19,2.19,2.19,2.19
N_24_7,N_23_9,3.6078362341279857,3.68,3.68,3.68,3.68,3.68,3.68,5.63,5.63,6.49,6.49,4.33,4.33,4.33,4.33,4.33,4.33,6.06,6.93,6.93,6.06,3.9,3.9,3.9,3.9
N_24_7,N_22_7,4.071046554325333,4.15,4.15,4.15,4.15,4.15,4.15,6.35,6.35,7.33,7.33,4.89,4.89,4.89,4.89,4.89,4.89,6.84,7.82,7.82,6.84,4.4,4.4,4.4,4.4
N_24_7,N_23_8,0.573026062759592,0.94,0.94,0.94,0.94,0.94,0.94,1.56,1.56,1.83,1.83,1.15,1.15,1.15,1.15,1.15,1.15,1.7,1.97,1.97,1.7,1.01,1.01,1.01,1.01
N_24_7,N_22_8,0.8254921815764618,1.35,1.35,1.35,1.35,1.35,1.35,2.25,2.25,2.64,2.64,1.65,1.65,1.65,1.65,1.65,1.65,2.44,2.84,2.84,2.44,1.45,1.45,1.45,1.45
N_24_7,N_23_7,12.706306235966982,7.05,7.05,7.05,7.05,7.05,7.05,8.77,8.77,9.53,9.53,7.62,7.62,7.62,7.62,7.62,7.62,9.15,9.91,9.91,9.15,7.24,7.24,7.24,7.24
N_24_7,N_21_7,4.06985044886803,4.15,4.15,4.15,4.15,4.15,4.15,6.35,6.35,7.33,7.33,4.88,4.88,4.88,4.88,4.88,4.88,6.84,7.81,7.81,6.84,4.4,4.4,4.4,4.4
N_24_7,N_22_5,6.665969952117609,6.8,6.8,6.8,6.8,6.8,6.8,10.4,10.4,12.0,12.0,8.0,8.0,8.0,8.0,8.0,8.0,11.2,12.8,12.8,11.2,7.2,7.2,7.2,7.2
N_24_8,N_22_10,0.5621093315461401,0.92,0.92,0.92,0.92,0.92,0.92,1.53,1.53,1.8,1.8,1.12,1.12,1.12,1.12,1.12,1.12,1.66,1.93,1.93,1.66,0.99,0.99,0.99,0.99
N_24_8,N_22_8,9.721408878041455,5.4,5.4,5.4,5.4,5.4,5.4,6.71,6.71,7.29,7.29,5.83,5.83,5.83,5.83,5.83,5.83,7.0,7.58,7.58,7.0,5.54,5.54,5.54,5.54
N_24_8,N_23_10,12.765908646813907,7.09,7.09,7.09,7.09,7.09,7.09,8.81,8.81,9.57,9.57,7.66,7.66,7.66,7.66,7.66,7.66,9.19,9.96,9.96,9.19,7.28,7.28,7.28,7.28
N_24_8,N_24_10,5.301333290222338,5.41,5.41,5.41,5.41,5.41,5.41,8.27,8.27,9.54,9.54,6.36,6.36,6.36,6.36,6.36,6.36,8.91,10.18,10.18,8.91,5.73,5.73,5.73,5.73
N_24_8,N_24_11,14.670945828829332,8.14,8.14,8.14,8.14,8.14,8.14,10.12,10.12,11.0,11.0,8.8,8.8,8.8,8.8,8.8,8.8,10.56,11.44,11.44,10.56,8.36,8.36,8.36,8.36
N_24_8,N_22_6,8.470099657269154,4.7,4.7,4.7,4.7,4.7,4.7,5.84,5.84,6.35,6.35,5.08,5.08,5.08,5.08,5.08,5.08,6.1,6.61,6.61,6.1,4.83,4.83,4.83,4.83
N_24_9,N_23_7,1.6054050418749015,2.63,2.63,2.63,2.63,2.63,2.63,4.37,4.37,5.14,5.14,3.21,3.21,3.21,3.21,3.21,3.21,4.75,5.52,5.52,4.75,2.83,2.83,2.83,2.83
N_24_9,N_24_7,5.366370406522722,5.47,5.47,5.47,5.47,5.47,5.47,8.37,8.37,9.66,9.66,6.44,6.44,6.44,6.44,6.44,6.44,9.02,10.3,10.3,9.02,5.8,5.8,5.8,5.8
N_24_9,N_24_8,5.848486643004607,5.97,5.97,5.97,5.97,5.97,5.97,9.12,9.12,10.53,10.53,7.02,7.02,7.02,7.02,7.02,7.02,9.83,11.23,11.23,9.83,6.32,6.32,6.32,6.32
N_2_0,N_0_2,1.3549813444361989,2.22,2.22,2.22,2.22,2.22,2.22,3.69,3.69,4.34,4.34,2.71,2.71,2.71,2.71,2.71,2.71,4.01,4.66,4.66,4.01,2.38,2.38,2.38,2.38
N_2_0,N_0_0,6.457965293677814,6.59,6.59,6.59,6.59,6.59,6.59,10.07,10.07,11.62,11.62,7.75,7.75,7.75,7.75,7.75,7.75,10.85,12.4,12.4,10.85,6.97,6.97,6.97,6.97
N_2_0,N_4_0,0.932112950645589,1.53,1.53,1.53,1.53,1.53,1.53,2.54,2.54,2.98,2.98,1.86,1.86,1.86,1.86,1.86,1.86,2.76,3.21,3.21,2.76,1.64,1.64,1.64,1.64
N_2_0,N_3_1,1.9810094591005896,3.25,3.25,3.25,3.25,3.25,3.25,5.39,5.39,6.34,6.34,3.96,3.96,3.96,3.96,3.96,3.96,5.86,6.81,6.81,5.86,3.49,3.49,3.49,3.49
N_2_0,N_1_2,12.56635137949083,6.97,6.97,6.97,6.97,6.97,6.97,8.67,8.67,9.42,9.42,7.54,7.54,7.54,7.54,7.54,7.54,9.05,9.8,9.8,9.05,7.16,7.16,7.16,7.16
N_2_0,N_4_1,11.049098569809424,6.13,6.13,6.13,6.13,6.13,6.13,7.62,7.62,8.29,8.29,6.63,6.63,6.63,6.63,6.63,6.63,7.96,8.62,8.62,7.96,6.3,6.3,6.3,6.3
N_2_0,N_3_2,3.1007727306718733,3.16,3.16,3.16,3.16,3.16,3.16,4.84,4.84,5.58,5.58,3.72,3.72,3.72,3.72,3.72,3.72,5.21,5.95,5.95,5.21,3.35,3.35,3.35,3.35
N_2_0,N_2_3,3.3961922827651505,3.46,3.46,3.46,3.46,3.46,3.46,5.3,5.3,6.11,6.11,4.08,4.08,4.08,4.08,4.08,4.08,5.71,6.52,6.52,5.71,3.67,3.67,3.67,3.67
N_2_1,N_0_0,0.5910972624744983,0.97,0.97,0.97,0.97,0.97,0.97,1.61,1.61,1.89,1.89,1.18,1.18,1.18,1.18,1.18,1.18,1.75,2.03,2.03,1.75,1.04,1.04,1.04,1.04
N_2_1,N_0_1,8.3198553034736,4.62,4.62,4.62,4.62,4.62,4.62,5.74,5.74,6.24,6.24,4.99,4.99,4.99,4.99,4.99,4.99,5.99,6.49,6.49,5.99,4.74,4.74,4.74,4.74
N_2_1,N_4_0,14.325696090457711,7.95,7.95,7.95,7.95,7.95,7.95,9.88,9.88,10.74,10.74,8.6,8.6,8.6,8.6,8.6,8.6,10.31,11.17,11.17,10.31,8.17,8.17,8.17,8.17
N_2_1,N_3_0,4.419008988845844,4.51,4.51,4.51,4.51,4.51,4.51,6.89,6.89,7.95,7.95,5.3,5.3,5.3,5.3,5.3,5.3,7.42,8.48,8.48,7.42,4.77,4.77,4.77,4.77
N_2_1,N_0_3,14.646331719296892,8.13,8.13,8.13,8.13,8.13,8.13,10.11,10.11,10.98,10.98,8.79,8.79,8.79,8.79,8.79,8.79,10.55,11.42,11.42,10.55,8.35,8.35,8.35,8.35
N_2_10,N_0_10,1.3543532823246094,2.22,2.22,2.22,2.22,2.22,2.22,3.68,3.68,4.33,4.33,2.71,2.71,2.71,2.71,2.71,2.71,4.01,4.66,4.66,4.01,2.38,2.38,2.38,2.38
N_2_10,N_1_8,4.234384386143576,4.32,4.32,4.32,4.32,4.32,4.32,6.61,6.61,7.62,7.62,5.08,5.08,5.08,5.08,5.08,5.08,7.11,8.13,8.13,7.11,4.57,4.57,4.57,4.57
N_2_10,N_0_9,5.867028792597822,5.98,5.98,5.98,5.98,5.98,5.98,9.15,9.15,10.56,10.56,7.04,7.04,7.04,7.04,7.04,7.04,9.86,11.26,11.26,9.86,6.34,6.34,6.34,6.34
N_2_10,N_4_10,12.973420935695119,7.2,7.2,7.2,7.2,7.2,7.2,8.95,8.95,9.73,9.73,7.78,7.78,7.78,7.78,7.78,7.78,9.34,10.12,10.12,9.34,7.39,7.39,7.39,7.39
N_2_10,N_4_11,6.027958413690341,6.15,6.15,6.15,6.15,6.15,6.15,9.4,9.4,10.85,10.85,7.23,7.23,7.23,7.23,7.23,7.23,10.13,11.57,11.57,10.13,6.51,6.51,6.51,6.51
N_2_10,N_1_11,0.8552042676089449,1.4,1.4,1.4,1.4,1.4,1.4,2.33,2.33,2.74,2.74,1.71,1.71,1.71,1.71,1.71,1.71,2.53,2.94,2.94,2.53,1.51,1.51,1.51,1.51
N_2_11,N_0_10,8.698392161342783,4.83,4.83,4.83,4.83,4.83,4.83,6.0,6.0,6.52,6.52,5.22,5.22,5.22,5.22,5.22,5.22,6.26,6.78,6.78,6.26,4.96,4.96,4.96,4.96
N_2_11,N_3_10,10.729957071004291,5.96,5.96,5.96,5.96,5.96,5.96,7.4,7.4,8.05,8.05,6.44,6.44,6.44,6.44,6.44,6.44,7.73,8.37,8.37,7.73,6.12,6.12,6.12,6.12
N_2_11,N_0_13,10.973443146147002,6.09,6.09,6.09,6.09,6.09,6.09,7.57,7.57,8.23,8.23,6.58,6.58,6.58,6.58,6.58,6.58,7.9,8.56,8.56,7.9,6.25,6.25,6.25,6.25
N_2_11,N_4_12,11.787057157985014,6.54,6.54,6.54,6.54,6.54,6.54,8.13,8.13,8.84,8.84,7.07,7.07,7.07,7.07,7.07,7.07,8.49,9.19,9.19,8.49,6.72,6.72,6.72,6.72
N_2_11,N_4_10,6.255017649130491,6.38,6.38,6.38,6.38,6.38,6.38,9.76,9.76,11.26,11.26,7.51,7.51,7.51,7.51,7.51,7.51,10.51,12.01,12.01,10.51,6.76,6.76,6.76,6.76
N_2_11,N_0_9,4.478959441251126,4.57,4.57,4.57,4.57,4.57,4.57,6.99,6.99,8.06,8.06,5.37,5.37,5.37,5.37,5.37,5.37,7.52,8.6,8.6,7.52,4.84,4.84,4.84,4.84
N_2_11,N_1_10,14.95965249863066,8.3,8.3,8.3,8.3,8.3,8.3,10.32,10.32,11.22,11.22,8.98,8.98,8.98,8.98,8.98,8.98,10.77,11.67,11.67,10.77,8.53,8.53,8.53,8.53
N_2_12,N_0_12,11.569901337159763,6.42,6.42,6.42,6.42,6.42,6.42,7.98,7.98,8.68,8.68,6.94,6.94,6.94,6.94,6.94,6.94,8.33,9.02,9.02,8.33,6.59,6.59,6.59,6.59
N_2_12,N_1_10,1.6098226072925197,2.64,2.64,2.64,2.64,2.64,2.64,4.38,4.38,5.15,5.15,3.22,3.22,3.22,3.22,3.22,3.22,4.77,5.54,5.54,4.77,2.83,2.83,2.83,2.83
N_2_12,N_4_10,12.567411703560712,6.97,6.97,6.97,6.97,6.97,6.97,8.67,8.67,9.43,9.43,7.54,7.54,7.54,7.54,7.54,7.54,9.05,9.8,9.8,9.05,7.16,7.16,7.16,7.16
N_2_12,N_3_12,12.375956653194658,6.87,6.87,6.87,6.87,6.87,6.87,8.54,8.54,9.28,9.28,7.43,7.43,7.43,7.43,7.43,7.43,8.91,9.65,9.65,8.91,7.05,7.05,7.05,7.05
N_2_13,N_0_11,14.234684133755376,7.9,7.9,7.9,7.9,7.9,7.9,9.82,9.82,10.68,10.68,8.54,8.54,8.54,8.54,8.54,8.54,10.25,11.1,11.1,10.25,8.11,8.11,8.11,8.11
N_2_13,N_0_13,2.367411692969856,3.88,3.88,3.88,3.88,3.88,3.88,6.44,6.44,7.58,7.58,4.73,4.73,4.73,4.73,4.73,4.73,7.01,8.14,8.14,7.01,4.17,4.17,4.17,4.17
N_2_13,N_1_15,1.2209915699798268,2.0,2.0,2.0,2.0,2.0,2.0,3.32,3.32,3.91,3.91,2.44,2.44,2.44,2.44,2.44,2.44,3.61,4.2,4.2,3.61,2.15,2.15,2.15,2.15
N_2_13,N_3_11,5.395438924179373,5.5,5.5,5.5,5.5,5.5,5.5,8.42,8.42,9.71,9.71,6.47,6.47,6.47,6.47,6.47,6.47,9.06,10.36,10.36,9.06,5.83,5.83,5.83,5.83
N_2_14,N_0_14,1.513950381557014,2.48,2.48,2.48,2.48,2.48,2.48,4.12,4.12,4.84,4.84,3.03,3.03,3.03,3.03,3.03,3.03,4.48,5.21,5.21,4.48,2.66,2.66,2.66,2.66
N_2_14,N_2_13,3.0512519337698274,3.11,3.11,3.11,3.11,3.11,3.11,4.76,4.76,5.49,5.49,3.66,3.66,3.66,3.66,3.66,3.66,5.13,5.86,5.86,5.13,3.3,3.3,3.3,3.3
N_2_14,N_4_16,6.522810269003976,6.65,6.65,6.65,6.65,6.65,6.65,10.18,10.18,11.74,11.74,7.83,7.83,7.83,7.83,7.83,7.83,10.96,12.52,12.52,10.96,7.04,7.04,7.04,7.04
N_2_14,N_3_14,3.7676321823760737,3.84,3.84,3.84,3.84,3.84,3.84,5.88,5.88,6.78,6.78,4.52,4.52,4.52,4.52,4.52,4.52,6.33,7.23,7.23,6.33,4.07,4.07,4.07,4.07
N_2_14,N_0_16,5.348957655244188,5.46,5.46,5.46,5.46,5.46,5.46,8.34,8.34,9.63,9.63,6.42,6.42,6.42,6.42,6.42,6.42,8.99,10.27,10.27,8.99,5.78,5.78,5.78,5.78
N_2_14,N_5_14,5.2895937246216125,5.4,5.4,5.4,5.4,5.4,5.4,8.25,8.25,9.52,9.52,6.35,6.35,6.35,6.35,6.35,6.35,8.89,10.16,10.16,8.89,5.71,5.71,5.71,5.71
N_2_14,N_3_12,9.105919098776734,5.05,5.05,5.05,5.05,5.05,5.05,6.28,6.28,6.83,6.83,5.46,5.46,5.46,5.46,5.46,5.46,6.56,7.1,7.1,6.56,5.19,5.19,5.19,5.19
N_2_15,N_1_17,10.197372529308758,5.66,5.66,5.66,5.66,5.66,5.66,7.04,7.04,7.65,7.65,6.12,6.12,6.12,6.12,6.12,6.12,7.34,7.95,7.95,7.34,5.81,5.81,5.81,5.81
N_2_15,N_2_16,8.029213281546426,4.46,4.46,4.46,4.46,4.46,4.46,5.54,5.54,6.02,6.02,4.82,4.82,4.82,4.82,4.82,4.82,5.78,6.26,6.26,5.78,4.58,4.58,4.58,4.58
N_2_15,N_0_14,2.1219698203991464,3.48,3.48,3.48,3.48,3.48,3.48,5.77,5.77,6.79,6.79,4.24,4.24,4.24,4.24,4.24,4.24,6.28,7.3,7.3,6.28,3.73,3.73,3.73,3.73
N_2_15,N_1_15,11.76079127382133,6.53,6.53,6.53,6.53,6.53,6.53,8.11,8.11,8.82,8.82,7.06,7.06,7.06,7.06,7.06,7.06,8.47,9.17,9.17,8.47,6.7,6.7,6.7,6.7
N_2_15,N_4_15,1.8088715438814342,2.97,2.97,2.97,2.97,2.97,2.97,4.92,4.92,5.79,5.79,3.62,3.62,3.62,3.62,3.62,3.62,5.35,6.22,6.22,5.35,3.18,3.18,3.18,3.18
N_2_15,N_4_16,13.755986188861243,7.63,7.63,7.63,7.63,7.63,7.63,9.49,9.49,10.32,10.32,8.25,8.25,8.25,8.25,8.25,8.25,9.9,10.73,10.73,9.9,7.84,7.84,7.84,7.84
N_2_16,N_0_14,5.904440320462524,6.02,6.02,6.02,6.02,6.02,6.02,9.21,9.21,10.63,10.63,7.09,7.09,7.09,7.09,7.09,7.09,9.92,11.34,11.34,9.92,6.38,6.38,6.38,6.38
N_2_16,N_0_18,3.0887017562419543,3.15,3.15,3.15,3.15,3.15,3.15,4.82,4.82,5.56,5.56,3.71,3.71,3.71,3.71,3.71,3.71,5.19,5.93,5.93,5.19,3.34,3.34,3.34,3.34
N_2_16,N_1_18,3.7154778057715205,3.79,3.79,3.79,3.79,3.79,3.79,5.8,5.8,6.69,6.69,4.46,4.46,4.46,4.46,4.46,4.46,6.24,7.13,7.13,6.24,4.01,4.01,4.01,4.01
N_2_16,N_2_15,8.029213281546426,4.46,4.46,4.46,4.46,4.46,4.46,5.54,5.54,6.02,6.02,4.82,4.82,4.82,4.82,4.82,4.82,5.78,6.26,6.26,5.78,4.58,4.58,4.58,4.58
N_2_16,N_0_17,3.9109399641711717,3.99,3.99,3.99,3.99,3.99,3.99,6.1,6.1,7.04,7.04,4.69,4.69,4.69,4.69,4.69,4.69,6.57,7.51,7.51,6.57,4.22,4.22,4.22,4.22
N_2_16,N_5_16,3.1033518771789006,3.17,3.17,3.17,3.17,3.17,3.17,4.84,4.84,5.59,5.59,3.72,3.72,3.72,3.72,3.72,3.72,5.21,5.96,5.96,5.21,3.35,3.35,3.35,3.35
N_2_17,N_0_16,1.385301538351683,2.27,2.27,2.27,2.27,2.27,2.27,3.77,3.77,4.43,4.43,2.77,2.77,2.77,2.77,2.77,2.77,4.1,4.77,4.77,4.1,2.44,2.44,2.44,2.44
N_2_17,N_0_17,4.98701016919401,5.09,5.09,5.09,5.09,5.09,5.09,7.78,7.78,8.98,8.98,5.98,5.98,5.98,5.98,5.98,5.98,8.38,9.58,9.58,8.38,5.39,5.39,5.39,5.39
N_2_17,N_1_17,1.473749457786984,2.42,2.42,2.42,2.42,2.42,2.42,4.01,4.01,4.72,4.72,2.95,2.95,2.95,2.95,2.95,2.95,4.36,5.07,5.07,4.36,2.59,2.59,2.59,2.59
N_2_17,N_3_18,10.355512256012725,5.75,5.75,5.75,5.75,5.75,5.75,7.15,7.15,7.77,7.77,6.21,6.21,6.21,6.21,6.21,6.21,7.46,8.08,8.08,7.46,5.9,5.9,5.9,5.9
N_2_17,N_3_17,9.029582198211411,5.01,5.01,5.01,5.01,5.01,5.01,6.23,6.23,6.77,6.77,5.42,5.42,5.42,5.42,5.42,5.42,6.5,7.04,7.04,6.5,5.15,5.15,5.15,5.15
N_2_17,N_0_19,3.159724396128748,3.22,3.22,3.22,3.22,3.22,3.22,4.93,4.93,5.69,5.69,3.79,3.79,3.79,3.79,3.79,3.79,5.31,6.07,6.07,5.31,3.41,3.41,3.41,3.41
N_2_18,N_0_17,4.657170546227146,4.75,4.75,4.75,4.75,4.75,4.75,7.27,7.27,8.38,8.38,5.59,5.59,5.59,5.59,5.59,5.59,7.82,8.94,8.94,7.82,5.03,5.03,5.03,5.03
N_2_18,N_0_20,4.806561200343868,4.9,4.9,4.9,4.9,4.9,4.9,7.5,7.5,8.65,8.65,5.77,5.77,5.77,5.77,5.77,5.77,8.08,9.23,9.23,8.08,5.19,5.19,5.19,5.19
N_2_18,N_2_21,14.486218169704358,8.04,8.04,8.04,8.04,8.04,8.04,10.0,10.0,10.86,10.86,8.69,8.69,8.69,8.69,8.69,8.69,10.43,11.3,11.3,10.43,8.26,8.26,8.26,8.26
N_2_19,N_1_18,1.2279613794108244,2.01,2.01,2.01,2.01,2.01,2.01,3.34,3.34,3.93,3.93,2.46,2.46,2.46,2.46,2.46,2.46,3.63,4.22,4.22,3.63,2.16,2.16,2.16,2.16
N_2_19,N_1_19,2.1249117730157927,3.48,3.48,3.48,3.48,3.48,3.48,5.78,5.78,6.8,6.8,4.25,4.25,4.25,4.25,4.25,4.25,6.29,7.31,7.31,6.29,3.74,3.74,3.74,3.74
N_2_19,N_1_17,4.709226907666198,4.8,4.8,4.8,4.8,4.8,4.8,7.35,7.35,8.48,8.48,5.65,5.65,5.65,5.65,5.65,5.65,7.91,9.04,9.04,7.91,5.09,5.09,5.09,5.09
N_2_19,N_3_20,8.243396489723498,4.58,4.58,4.58,4.58,4.58,4.58,5.69,5.69,6.18,6.18,4.95,4.95,4.95,4.95,4.95,4.95,5.94,6.43,6.43,5.94,4.7,4.7,4.7,4.7
N_2_19,N_5_19,2.358715723684906,3.87,3.87,3.87,3.87,3.87,3.87,6.42,6.42,7.55,7.55,4.72,4.72,4.72,4.72,4.72,4.72,6.98,8.11,8.11,6.98,4.15,4.15,4.15,4.15
N_2_2,N_0_0,3.737001084915839,3.81,3.81,3.81,3.81,3.81,3.81,5.83,5.83,6.73,6.73,4.48,4.48,4.48,4.48,4.48,4.48,6.28,7.18,7.18,6.28,4.04,4.04,4.04,4.04
N_2_2,N_0_2,4.356000138438139,4.44,4.44,4.44,4.44,4.44,4.44,6.8,6.8,7.84,7.84,5.23,5.23,5.23,5.23,5.23,5.23,7.32,8.36,8.36,7.32,4.7,4.7,4.7,4.7
N_2_2,N_0_3,5.849366147799018,5.97,5.97,5.97,5.97,5.97,5.97,9.13,9.13,10.53,10.53,7.02,7.02,7.02,7.02,7.02,7.02,9.83,11.23,11.23,9.83,6.32,6.32,6.32,6.32
N_2_2,N_1_0,6.370520522275077,6.5,6.5,6.5,6.5,6.5,6.5,9.94,9.94,11.47,11.47,7.64,7.64,7.64,7.64,7.64,7.64,10.7,12.23,12.23,10.7,6.88,6.88,6.88,6.88
N_2_2,N_4_4,6.401600425631765,6.53,6.53,6.53,6.53,6.53,6.53,9.99,9.99,11.52,11.52,7.68,7.68,7.68,7.68,7.68,7.68,10.75,12.29,12.29,10.75,6.91,6.91,6.91,6.91
N_2_2,N_4_2,6.933954114757001,7.07,7.07,7.07,7.07,7.07,7.07,10.82,10.82,12.48,12.48,8.32,8.32,8.32,8.32,8.32,8.32,11.65,13.31,13.31,11.65,7.49,7.49,7.49,7.49
N_2_20,N_0_18,3.2425271539109697,3.31,3.31,3.31,3.31,3.31,3.31,5.06,5.06,5.84,5.84,3.89,3.89,3.89,3.89,3.89,3.89,5.45,6.23,6.23,5.45,3.5,3.5,3.5,3.5
N_2_20,N_3_22,13.249817329039056,7.35,7.35,7.35,7.35,7.35,7.35,9.14,9.14,9.94,9.94,7.95,7.95,7.95,7.95,7.95,7.95,9.54,10.33,10.33,9.54,7.55,7.55,7.55,7.55
N_2_20,N_1_22,4.667591864543777,4.76,4.76,4.76,4.76,4.76,4.76,7.28,7.28,8.4,8.4,5.6,5.6,5.6,5.6,5.6,5.6,7.84,8.96,8.96,7.84,5.04,5.04,5.04,5.04
N_2_21,N_0_19,6.834543067220414,6.97,6.97,6.97,6.97,6.97,6.97,10.66,10.66,12.3,12.3,8.2,8.2,8.2,8.2,8.2,8.2,11.48,13.12,13.12,11.48,7.38,7.38,7.38,7.38
N_2_21,N_1_23,1.9445311512187753,3.19,3.19,3.19,3.19,3.19,3.19,5.29,5.29,6.22,6.22,3.89,3.89,3.89,3.89,3.89,3.89,5.76,6.69,6.69,5.76,3.42,3.42,3.42,3.42
N_2_21,N_2_18,14.486218169704358,8.04,8.04,8.04,8.04,8.04,8.04,10.0,10.0,10.86,10.86,8.69,8.69,8.69,8.69,8.69,8.69,10.43,11.3,11.3,10.43,8.26,8.26,8.26,8.26
N_2_22,N_0_24,3.8948987792979213,3.97,3.97,3.97,3.97,3.97,3.97,6.08,6.08,7.01,7.01,4.67,4.67,4.67,4.67,4.67,4.67,6.54,7.48,7.48,6.54,4.21,4.21,4.21,4.21
N_2_22,N_2_21,12.038070313821134,6.68,6.68,6.68,6.68,6.68,6.68,8.31,8.31,9.03,9.03,7.22,7.22,7.22,7.22,7.22,7.22,8.67,9.39,9.39,8.67,6.86,6.86,6.86,6.86
N_2_22,N_3_22,0.8960222567610647,1.47,1.47,1.47,1.47,1.47,1.47,2.44,2.44,2.87,2.87,1.79,1.79,1.79,1.79,1.79,1.79,2.65,3.08,3.08,2.65,1.58,1.58,1.58,1.58
N_2_22,N_0_23,10.363104895461126,5.75,5.75,5.75,5.75,5.75,5.75,7.15,7.15,7.77,7.77,6.22,6.22,6.22,6.22,6.22,6.22,7.46,8.08,8.08,7.46,5.91,5.91,5.91,5.91
N_2_22,N_2_23,2.0213420943167946,3.32,3.32,3.32,3.32,3.32,3.32,5.5,5.5,6.47,6.47,4.04,4.04,4.04,4.04,4.04,4.04,5.98,6.95,6.95,5.98,3.56,3.56,3.56,3.56
N_2_23,N_0_23,9.639758854048528,5.35,5.35,5.35,5.35,5.35,5.35,6.65,6.65,7.23,7.23,5.78,5.78,5.78,5.78,5.78,5.78,6.94,7.52,7.52,6.94,5.49,5.49,5.49,5.49
N_2_23,N_2_21,13.340578660652948,7.4,7.4,7.4,7.4,7.4,7.4,9.2,9.2,10.01,10.01,8.0,8.0,8.0,8.0,8.0,8.0,9.61,10.41,10.41,9.61,7.6,7.6,7.6,7.6
N_2_23,N_0_22,3.0431599352827603,3.1,3.1,3.1,3.1,3.1,3.1,4.75,4.75,5.48,5.48,3.65,3.65,3.65,3.65,3.65,3.65,5.11,5.84,5.84,5.11,3.29,3.29,3.29,3.29
N_2_23,N_2_22,3.4616935384380545,3.53,3.53,3.53,3.53,3.53,3.53,5.4,5.4,6.23,6.23,4.15,4.15,4.15,4.15,4.15,4.15,5.82,6.65,6.65,5.82,3.74,3.74,3.74,3.74
N_2_23,N_3_22,6.565477477629967,6.7,6.7,6.7,6.7,6.7,6.7,10.24,10.24,11.82,11.82,7.88,7.88,7.88,7.88,7.88,7.88,11.03,12.61,12.61,11.03,7.09,7.09,7.09,7.09
N_2_23,N_1_25,5.679361236682949,5.79,5.79,5.79,5.79,5.79,5.79,8.86,8.86,10.22,10.22,6.82,6.82,6.82,6.82,6.82,6.82,9.54,10.9,10.9,9.54,6.13,6.13,6.13,6.13
N_2_23,N_0_21,5.077642980581771,5.18,5.18,5.18,5.18,5.18,5.18,7.92,7.92,9.14,9.14,6.09,6.09,6.09,6.09,6.09,6.09,8.53,9.75,9.75,8.53,5.48,5.48,5.48,5.48
N_2_24,N_0_26,1.3922791075654835,2.28,2.28,2.28,2.28,2.28,2.28,3.79,3.79,4.46,4.46,2.78,2.78,2.78,2.78,2.78,2.78,4.12,4.79,4.79,4.12,2.45,2.45,2.45,2.45
N_2_24,N_3_25,4.364517588507276,4.45,4.45,4.45,4.45,4.45,4.45,6.81,6.81,7.86,7.86,5.24,5.24,5.24,5.24,5.24,5.24,7.33,8.38,8.38,7.33,4.71,4.71,4.71,4.71
N_2_24,N_1_26,6.253960103545483,6.38,6.38,6.38,6.38,6.38,6.38,9.76,9.76,11.26,11.26,7.5,7.5,7.5,7.5,7.5,7.5,10.51,12.01,12.01,10.51,6.75,6.75,6.75,6.75
N_2_24,N_4_24,11.978247360909055,6.65,6.65,6.65,6.65,6.65,6.65,8.26,8.26,8.98,8.98,7.19,7.19,7.19,7.19,7.19,7.19,8.62,9.34,9.34,8.62,6.83,6.83,6.83,6.83
N_2_25,N_0_25,2.2312369520432216,3.66,3.66,3.66,3.66,3.66,3.66,6.07,6.07,7.14,7.14,4.46,4.46,4.46,4.46,4.46,4.46,6.6,7.68,7.68,6.6,3.93,3.93,3.93,3.93
N_2_25,N_0_26,5.592402208059757,5.7,5.7,5.7,5.7,5.7,5.7,8.72,8.72,10.07,10.07,6.71,6.71,6.71,6.71,6.71,6.71,9.4,10.74,10.74,9.4,6.04,6.04,6.04,6.04
N_2_25,N_0_27,4.792680545137899,4.89,4.89,4.89,4.89,4.89,4.89,7.48,7.48,8.63,8.63,5.75,5.75,5.75,5.75,5.75,5.75,8.05,9.2,9.2,8.05,5.18,5.18,5.18,5.18
N_2_25,N_1_27,9.192056740986157,5.1,5.1,5.1,5.1,5.1,5.1,6.34,6.34,6.89,6.89,5.52,5.52,5.52,5.52,5.52,5.52,6.62,7.17,7.17,6.62,5.24,5.24,5.24,5.24
N_2_25,N_3_23,0.7341493660479343,1.2,1.2,1.2,1.2,1.2,1.2,2.0,2.0,2.35,2.35,1.47,1.47,1.47,1.47,1.47,1.47,2.17,2.53,2.53,2.17,1.29,1.29,1.29,1.29
N_2_25,N_4_25,1.0054663598140703,1.65,1.65,1.65,1.65,1.65,1.65,2.73,2.73,3.22,3.22,2.01,2.01,2.01,2.01,2.01,2.01,2.98,3.46,3.46,2.98,1.77,1.77,1.77,1.77
N_2_26,N_0_25,4.513805267259167,4.6,4.6,4.6,4.6,4.6,4.6,7.04,7.04,8.12,8.12,5.42,5.42,5.42,5.42,5.42,5.42,7.58,8.67,8.67,7.58,4.87,4.87,4.87,4.87
N_2_26,N_0_27,9.242333672902735,5.13,5.13,5.13,5.13,5.13,5.13,6.38,6.38,6.93,6.93,5.55,5.55,5.55,5.55,5.55,5.55,6.65,7.21,7.21,6.65,5.27,5.27,5.27,5.27
N_2_26,N_4_27,10.756341029059685,5.97,5.97,5.97,5.97,5.97,5.97,7.42,7.42,8.07,8.07,6.45,6.45,6.45,6.45,6.45,6.45,7.74,8.39,8.39,7.74,6.13,6.13,6.13,6.13
N_2_26,N_4_24,3.6048098881432655,3.68,3.68,3.68,3.68,3.68,3.68,5.62,5.62,6.49,6.49,4.33,4.33,4.33,4.33,4.33,4.33,6.06,6.92,6.92,6.06,3.89,3.89,3.89,3.89
N_2_26,N_4_25,6.409765039120915,6.54,6.54,6.54,6.54,6.54,6.54,10.0,10.0,11.54,11.54,7.69,7.69,7.69,7.69,7.69,7.69,10.77,12.31,12.31,10.77,6.92,6.92,6.92,6.92
N_2_27,N_1_26,4.907228160556416,5.01,5.01,5.01,5.01,5.01,5.01,7.66,7.66,8.83,8.83,5.89,5.89,5.89,5.89,5.89,5.89,8.24,9.42,9.42,8.24,5.3,5.3,5.3,5.3
N_2_27,N_0_25,11.73808466136073,6.51,6.51,6.51,6.51,6.51,6.51,8.1,8.1,8.8,8.8,7.04,7.04,7.04,7.04,7.04,7.04,8.45,9.16,9.16,8.45,6.69,6.69,6.69,6.69
N_2_27,N_3_25,5.391390965869891,5.5,5.5,5.5,5.5,5.5,5.5,8.41,8.41,9.7,9.7,6.47,6.47,6.47,6.47,6.47,6.47,9.06,10.35,10.35,9.06,5.82,5.82,5.82,5.82
N_2_27,N_4_28,3.3079912072912987,3.37,3.37,3.37,3.37,3.37,3.37,5.16,5.16,5.95,5.95,3.97,3.97,3.97,3.97,3.97,3.97,5.56,6.35,6.35,5.56,3.57,3.57,3.57,3.57
N_2_28,N_0_26,5.184925533649528,5.29,5.29,5.29,5.29,5.29,5.29,8.09,8.09,9.33,9.33,6.22,6.22,6.22,6.22,6.22,6.22,8.71,9.96,9.96,8.71,5.6,5.6,5.6,5.6
N_2_28,N_1_27,2.1913506886059,3.59,3.59,3.59,3.59,3.59,3.59,5.96,5.96,7.01,7.01,4.38,4.38,4.38,4.38,4.38,4.38,6.49,7.54,7.54,6.49,3.86,3.86,3.86,3.86
N_2_28,N_1_30,11.327846903520005,6.29,6.29,6.29,6.29,6.29,6.29,7.82,7.82,8.5,8.5,6.8,6.8,6.8,6.8,6.8,6.8,8.16,8.84,8.84,8.16,6.46,6.46,6.46,6.46
N_2_29,N_0_27,11.539710591726974,6.4,6.4,6.4,6.4,6.4,6.4,7.96,7.96,8.65,8.65,6.92,6.92,6.92,6.92,6.92,6.92,8.31,9.0,9.0,8.31,6.58,6.58,6.58,6.58
N_2_29,N_1_28,5.389264935141758,5.5,5.5,5.5,5.5,5.5,5.5,8.41,8.41,9.7,9.7,6.47,6.47,6.47,6.47,6.47,6.47,9.05,10.35,10.35,9.05,5.82,5.82,5.82,5.82
N_2_29,N_4_31,5.61419326449192,5.73,5.73,5.73,5.73,5.73,5.73,8.76,8.76,10.11,10.11,6.74,6.74,6.74,6.74,6.74,6.74,9.43,10.78,10.78,9.43,6.06,6.06,6.06,6.06
N_2_29,N_2_27,11.191370353504304,6.21,6.21,6.21,6.21,6.21,6.21,7.72,7.72,8.39,8.39,6.71,6.71,6.71,6.71,6.71,6.71,8.06,8.73,8.73,8.06,6.38,6.38,6.38,6.38
N_2_29,N_0_31,14.056926924426591,7.8,7.8,7.8,7.8,7.8,7.8,9.7,9.7,10.54,10.54,8.43,8.43,8.43,8.43,8.43,8.43,10.12,10.96,10.96,10.12,8.01,8.01,8.01,8.01
N_2_3,N_1_4,14.193432823547386,7.88,7.88,7.88,7.88,7.88,7.88,9.79,9.79,10.65,10.65,8.52,8.52,8.52,8.52,8.52,8.52,10.22,11.07,11.07,10.22,8.09,8.09,8.09,8.09
N_2_3,N_2_0,3.3961922827651505,3.46,3.46,3.46,3.46,3.46,3.46,5.3,5.3,6.11,6.11,4.08,4.08,4.08,4.08,4.08,4.08,5.71,6.52,6.52,5.71,3.67,3.67,3.67,3.67
N_2_3,N_0_1,4.566027484417257,4.66,4.66,4.66,4.66,4.66,4.66,7.12,7.12,8.22,8.22,5.48,5.48,5.48,5.48,5.48,5.48,7.67,8.77,8.77,7.67,4.93,4.93,4.93,4.93
N_2_30,N_0_32,1.719875641961841,2.82,2.82,2.82,2.82,2.82,2.82,4.68,4.68,5.5,5.5,3.44,3.44,3.44,3.44,3.44,3.44,5.09,5.92,5.92,5.09,3.03,3.03,3.03,3.03
N_2_30,N_1_30,6.864194152419611,7.0,7.0,7.0,7.0,7.0,7.0,10.71,10.71,12.36,12.36,8.24,8.24,8.24,8.24,8.24,8.24,11.53,13.18,13.18,11.53,7.41,7.41,7.41,7.41
N_2_30,N_1_31,2.2745196509006798,3.73,3.73,3.73,3.73,3.73,3.73,6.19,6.19,7.28,7.28,4.55,4.55,4.55,4.55,4.55,4.55,6.73,7.82,7.82,6.73,4.0,4.0,4.0,4.0
N_2_30,N_4_30,6.125189198548327,6.25,6.25,6.25,6.25,6.25,6.25,9.56,9.56,11.03,11.03,7.35,7.35,7.35,7.35,7.35,7.35,10.29,11.76,11.76,10.29,6.62,6.62,6.62,6.62
N_2_30,N_1_32,2.124669487122249,3.48,3.48,3.48,3.48,3.48,3.48,5.78,5.78,6.8,6.8,4.25,4.25,4.25,4.25,4.25,4.25,6.29,7.31,7.31,6.29,3.74,3.74,3.74,3.74
N_2_30,N_0_30,6.996472140079069,7.14,7.14,7.14,7.14,7.14,7.14,10.91,10.91,12.59,12.59,8.4,8.4,8.4,8.4,8.4,8.4,11.75,13.43,13.43,11.75,7.56,7.56,7.56,7.56
N_2_31,N_0_33,3.6646729264582243,3.74,3.74,3.74,3.74,3.74,3.74,5.72,5.72,6.6,6.6,4.4,4.4,4.4,4.4,4.4,4.4,6.16,7.04,7.04,6.16,3.96,3.96,3.96,3.96
N_2_31,N_1_29,10.557829887264925,5.86,5.86,5.86,5.86,5.86,5.86,7.28,7.28,7.92,7.92,6.33,6.33,6.33,6.33,6.33,6.33,7.6,8.24,8.24,7.6,6.02,6.02,6.02,6.02
N_2_31,N_2_32,1.1928295391532484,1.96,1.96,1.96,1.96,1.96,1.96,3.24,3.24,3.82,3.82,2.39,2.39,2.39,2.39,2.39,2.39,3.53,4.1,4.1,3.53,2.1,2.1,2.1,2.1
N_2_31,N_1_30,2.227267890038207,3.65,3.65,3.65,3.65,3.65,3.65,6.06,6.06,7.13,7.13,4.45,4.45,4.45,4.45,4.45,4.45,6.59,7.66,7.66,6.59,3.92,3.92,3.92,3.92
N_2_31,N_2_34,11.451574783664986,6.36,6.36,6.36,6.36,6.36,6.36,7.9,7.9,8.59,8.59,6.87,6.87,6.87,6.87,6.87,6.87,8.25,8.93,8.93,8.25,6.53,6.53,6.53,6.53
N_2_31,N_3_30,10.017287808361152,5.56,5.56,5.56,5.56,5.56,5.56,6.91,6.91,7.51,7.51,6.01,6.01,6.01,6.01,6.01,6.01,7.21,7.81,7.81,7.21,5.71,5.71,5.71,5.71
N_2_32,N_1_34,0.7945944972933916,1.3,1.3,1.3,1.3,1.3,1.3,2.16,2.16,2.54,2.54,1.59,1.59,1.59,1.59,1.59,1.59,2.35,2.73,2.73,2.35,1.4,1.4,1.4,1.4
N_2_32,N_2_31,1.1928295391532484,1.96,1.96,1.96,1.96,1.96,1.96,3.24,3.24,3.82,3.82,2.39,2.39,2.39,2.39,2.39,2.39,3.53,4.1,4.1,3.53,2.1,2.1,2.1,2.1
N_2_32,N_0_33,11.972454926885124,6.64,6.64,6.64,6.64,6.64,6.64,8.26,8.26,8.98,8.98,7.18,7.18,7.18,7.18,7.18,7.18,8.62,9.34,9.34,8.62,6.82,6.82,6.82,6.82
N_2_32,N_2_30,1.239158195482513,2.03,2.03,2.03,2.03,2.03,2.03,3.37,3.37,3.97,3.97,2.48,2.48,2.48,2.48,2.48,2.48,3.67,4.26,4.26,3.67,2.18,2.18,2.18,2.18
N_2_32,N_3_34,14.444355202350957,8.02,8.02,8.02,8.02,8.02,8.02,9.97,9.97,10.83,10.83,8.67,8.67,8.67,8.67,8.67,8.67,10.4,11.27,11.27,10.4,8.23,8.23,8.23,8.23
N_2_32,N_1_30,6.635371748182758,6.77,6.77,6.77,6.77,6.77,6.77,10.35,10.35,11.94,11.94,7.96,7.96,7.96,7.96,7.96,7.96,11.15,12.74,12.74,11.15,7.17,7.17,7.17,7.17
N_2_32,N_3_30,3.5559702080819973,3.63,3.63,3.63,3.63,3.63,3.63,5.55,5.55,6.4,6.4,4.27,4.27,4.27,4.27,4.27,4.27,5.97,6.83,6.83,5.97,3.84,3.84,3.84,3.84
N_2_32,N_0_31,3.4580162410013098,3.53,3.53,3.53,3.53,3.53,3.53,5.39,5.39,6.22,6.22,4.15,4.15,4.15,4.15,4.15,4.15,5.81,6.64,6.64,5.81,3.73,3.73,3.73,3.73
N_2_33,N_0_32,6.722004552168567,6.86,6.86,6.86,6.86,6.86,6.86,10.49,10.49,12.1,12.1,8.07,8.07,8.07,8.07,8.07,8.07,11.29,12.91,12.91,11.29,7.26,7.26,7.26,7.26
N_2_33,N_0_31,5.257016802771766,5.36,5.36,5.36,5.36,5.36,5.36,8.2,8.2,9.46,9.46,6.31,6.31,6.31,6.31,6.31,6.31,8.83,10.09,10.09,8.83,5.68,5.68,5.68,5.68
N_2_33,N_3_33,13.275309847477446,7.37,7.37,7.37,7.37,7.37,7.37,9.16,9.16,9.96,9.96,7.97,7.97,7.97,7.97,7.97,7.97,9.56,10.35,10.35,9.56,7.57,7.57,7.57,7.57
N_2_34,N_0_32,2.4220777834513907,3.97,3.97,3.97,3.97,3.97,3.97,6.59,6.59,7.75,7.75,4.84,4.84,4.84,4.84,4.84,4.84,7.17,8.33,8.33,7.17,4.26,4.26,4.26,4.26
N_2_34,N_0_35,8.478430262156655,4.71,4.71,4.71,4.71,4.71,4.71,5.85,5.85,6.36,6.36,5.09,5.09,5.09,5.09,5.09,5.09,6.1,6.61,6.61,6.1,4.83,4.83,4.83,4.83
N_2_34,N_0_36,11.293173957374057,6.27,6.27,6.27,6.27,6.27,6.27,7.79,7.79,8.47,8.47,6.78,6.78,6.78,6.78,6.78,6.78,8.13,8.81,8.81,8.13,6.44,6.44,6.44,6.44
N_2_34,N_1_32,4.423147701848977,4.51,4.51,4.51,4.51,4.51,4.51,6.9,6.9,7.96,7.96,5.31,5.31,5.31,5.31,5.31,5.31,7.43,8.49,8.49,7.43,4.78,4.78,4.78,4.78
N_2_34,N_1_35,0.6927849437869906,1.14,1.14,1.14,1.14,1.14,1.14,1.88,1.88,2.22,2.22,1.39,1.39,1.39,1.39,1.39,1.39,2.05,2.38,2.38,2.05,1.22,1.22,1.22,1.22
N_2_35,N_1_34,5.42843208097703,5.54,5.54,5.54,5.54,5.54,5.54,8.47,8.47,9.77,9.77,6.51,6.51,6.51,6.51,6.51,6.51,9.12,10.42,10.42,9.12,5.86,5.86,5.86,5.86
N_2_35,N_1_36,3.3488186759425127,3.42,3.42,3.42,3.42,3.42,3.42,5.22,5.22,6.03,6.03,4.02,4.02,4.02,4.02,4.02,4.02,5.63,6.43,6.43,5.63,3.62,3.62,3.62,3.62
N_2_35,N_3_37,14.528445979391913,8.06,8.06,8.06,8.06,8.06,8.06,10.02,10.02,10.9,10.9,8.72,8.72,8.72,8.72,8.72,8.72,10.46,11.33,11.33,10.46,8.28,8.28,8.28,8.28
N_2_35,N_0_35,0.5473403249050184,0.9,0.9,0.9,0.9,0.9,0.9,1.49,1.49,1.75,1.75,1.09,1.09,1.09,1.09,1.09,1.09,1.62,1.88,1.88,1.62,0.96,0.96,0.96,0.96
N_2_36,N_2_37,6.75465758521417,6.89,6.89,6.89,6.89,6.89,6.89,10.54,10.54,12.16,12.16,8.11,8.11,8.11,8.11,8.11,8.11,11.35,12.97,12.97,11.35,7.3,7.3,7.3,7.3
N_2_36,N_3_37,3.6687564120639213,3.74,3.74,3.74,3.74,3.74,3.74,5.72,5.72,6.6,6.6,4.4,4.4,4.4,4.4,4.4,4.4,6.16,7.04,7.04,6.16,3.96,3.96,3.96,3.96
N_2_36,N_0_34,5.5603405041379474,5.67,5.67,5.67,5.67,5.67,5.67,8.67,8.67,10.01,10.01,6.67,6.67,6.67,6.67,6.67,6.67,9.34,10.68,10.68,9.34,6.01,6.01,6.01,6.01
N_2_36,N_2_34,5.449447327274456,5.56,5.56,5.56,5.56,5.56,5.56,8.5,8.5,9.81,9.81,6.54,6.54,6.54,6.54,6.54,6.54,9.16,10.46,10.46,9.16,5.89,5.89,5.89,5.89
N_2_36,N_0_37,1.6949812401072466,2.78,2.78,2.78,2.78,2.78,2.78,4.61,4.61,5.42,5.42,3.39,3.39,3.39,3.39,3.39,3.39,5.02,5.83,5.83,5.02,2.98,2.98,2.98,2.98
N_2_36,N_2_39,4.520129680829582,4.61,4.61,4.61,4.61,4.61,4.61,7.05,7.05,8.14,8.14,5.42,5.42,5.42,5.42,5.42,5.42,7.59,8.68,8.68,7.59,4.88,4.88,4.88,4.88
N_2_36,N_0_36,1.9832186395075655,3.25,3.25,3.25,3.25,3.25,3.25,5.39,5.39,6.35,6.35,3.97,3.97,3.97,3.97,3.97,3.97,5.87,6.82,6.82,5.87,3.49,3.49,3.49,3.49
N_2_36,N_2_35,12.802886183703247,7.11,7.11,7.11,7.11,7.11,7.11,8.83,8.83,9.6,9.6,7.68,7.68,7.68,7.68,7.68,7.68,9.22,9.99,9.99,9.22,7.3,7.3,7.3,7.3
N_2_37,N_1_38,0.5621277053181477,0.92,0.92,0.92,0.92,0.92,0.92,1.53,1.53,1.8,1.8,1.12,1.12,1.12,1.12,1.12,1.12,1.66,1.93,1.93,1.66,0.99,0.99,0.99,0.99
N_2_37,N_2_36,6.75465758521417,6.89,6.89,6.89,6.89,6.89,6.89,10.54,10.54,12.16,12.16,8.11,8.11,8.11,8.11,8.11,8.11,11.35,12.97,12.97,11.35,7.3,7.3,7.3,7.3
N_2_37,N_4_37,9.602925627134844,5.33,5.33,5.33,5.33,5.33,5.33,6.63,6.63,7.2,7.2,5.76,5.76,5.76,5.76,5.76,5.76,6.91,7.49,7.49,6.91,5.47,5.47,5.47,5.47
N_2_37,N_3_36,1.3690999731050268,2.25,2.25,2.25,2.25,2.25,2.25,3.72,3.72,4.38,4.38,2.74,2.74,2.74,2.74,2.74,2.74,4.05,4.71,4.71,4.05,2.41,2.41,2.41,2.41
N_2_37,N_4_38,6.182598786844018,6.31,6.31,6.31,6.31,6.31,6.31,9.64,9.64,11.13,11.13,7.42,7.42,7.42,7.42,7.42,7.42,10.39,11.87,11.87,10.39,6.68,6.68,6.68,6.68
N_2_38,N_0_36,3.658065683455041,3.73,3.73,3.73,3.73,3.73,3.73,5.71,5.71,6.58,6.58,4.39,4.39,4.39,4.39,4.39,4.39,6.15,7.02,7.02,6.15,3.95,3.95,3.95,3.95
N_2_38,N_0_38,4.974737928239966,5.07,5.07,5.07,5.07,5.07,5.07,7.76,7.76,8.95,8.95,5.97,5.97,5.97,5.97,5.97,5.97,8.36,9.55,9.55,8.36,5.37,5.37,5.37,5.37
N_2_38,N_1_37,5.778799490834487,5.89,5.89,5.89,5.89,5.89,5.89,9.01,9.01,10.4,10.4,6.93,6.93,6.93,6.93,6.93,6.93,9.71,11.1,11.1,9.71,6.24,6.24,6.24,6.24
N_2_38,N_4_37,6.224164514609308,6.35,6.35,6.35,6.35,6.35,6.35,9.71,9.71,11.2,11.2,7.47,7.47,7.47,7.47,7.47,7.47,10.46,11.95,11.95,10.46,6.72,6.72,6.72,6.72
N_2_38,N_3_38,6.272072932138057,6.4,6.4,6.4,6.4,6.4,6.4,9.78,9.78,11.29,11.29,7.53,7.53,7.53,7.53,7.53,7.53,10.54,12.04,12.04,10.54,6.77,6.77,6.77,6.77
N_2_39,N_2_36,4.520129680829582,4.61,4.61,4.61,4.61,4.61,4.61,7.05,7.05,8.14,8.14,5.42,5.42,5.42,5.42,5.42,5.42,7.59,8.68,8.68,7.59,4.88,4.88,4.88,4.88
N_2_39,N_0_37,14.067589625137401,7.81,7.81,7.81,7.81,7.81,7.81,9.71,9.71,10.55,10.55,8.44,8.44,8.44,8.44,8.44,8.44,10.13,10.97,10.97,10.13,8.02,8.02,8.02,8.02
N_2_39,N_1_37,1.534665442157538,2.52,2.52,2.52,2.52,2.52,2.52,4.17,4.17,4.91,4.91,3.07,3.07,3.07,3.07,3.07,3.07,4.54,5.28,5.28,4.54,2.7,2.7,2.7,2.7
N_2_39,N_3_38,11.658967962872056,6.47,6.47,6.47,6.47,6.47,6.47,8.04,8.04,8.74,8.74,7.0,7.0,7.0,7.0,7.0,7.0,8.39,9.09,9.09,8.39,6.65,6.65,6.65,6.65
N_2_39,N_4_37,6.401203200013683,6.53,6.53,6.53,6.53,6.53,6.53,9.99,9.99,11.52,11.52,7.68,7.68,7.68,7.68,7.68,7.68,10.75,12.29,12.29,10.75,6.91,6.91,6.91,6.91
N_2_39,N_5_39,12.772074072237594,7.09,7.09,7.09,7.09,7.09,7.09,8.81,8.81,9.58,9.58,7.66,7.66,7.66,7.66,7.66,7.66,9.2,9.96,9.96,9.2,7.28,7.28,7.28,7.28
N_2_4,N_0_4,0.9340503315274429,1.53,1.53,1.53,1.53,1.53,1.53,2.54,2.54,2.99,2.99,1.87,1.87,1.87,1.87,1.87,1.87,2.76,3.21,3.21,2.76,1.64,1.64,1.64,1.64
N_2_4,N_0_5,13.878640457309778,7.7,7.7,7.7,7.7,7.7,7.7,9.58,9.58,10.41,10.41,8.33,8.33,8.33,8.33,8.33,8.33,9.99,10.83,10.83,9.99,7.91,7.91,7.91,7.91
N_2_4,N_0_6,6.0680070391079175,6.19,6.19,6.19,6.19,6.19,6.19,9.47,9.47,10.92,10.92,7.28,7.28,7.28,7.28,7.28,7.28,10.19,11.65,11.65,10.19,6.55,6.55,6.55,6.55
N_2_4,N_1_6,2.218948431969632,3.64,3.64,3.64,3.64,3.64,3.64,6.04,6.04,7.1,7.1,4.44,4.44,4.44,4.44,4.44,4.44,6.57,7.63,7.63,6.57,3.91,3.91,3.91,3.91
N_2_4,N_2_3,10.36866185076282,5.75,5.75,5.75,5.75,5.75,5.75,7.15,7.15,7.78,7.78,6.22,6.22,6.22,6.22,6.22,6.22,7.47,8.09,8.09,7.47,5.91,5.91,5.91,5.91
N_2_4,N_5_4,1.70346890035794,2.79,2.79,2.79,2.79,2.79,2.79,4.63,4.63,5.45,5.45,3.41,3.41,3.41,3.41,3.41,3.41,5.04,5.86,5.86,5.04,3.0,3.0,3.0,3.0
N_2_5,N_0_4,2.387967200572087,3.92,3.92,3.92,3.92,3.92,3.92,6.5,6.5,7.64,7.64,4.78,4.78,4.78,4.78,4.78,4.78,7.07,8.21,8.21,7.07,4.2,4.2,4.2,4.2
N_2_5,N_4_3,13.471146360587317,7.48,7.48,7.48,7.48,7.48,7.48,9.3,9.3,10.1,10.1,8.08,8.08,8.08,8.08,8.08,8.08,9.7,10.51,10.51,9.7,7.68,7.68,7.68,7.68
N_2_5,N_2_8,9.310464358246698,5.17,5.17,5.17,5.17,5.17,5.17,6.42,6.42,6.98,6.98,5.59,5.59,5.59,5.59,5.59,5.59,6.7,7.26,7.26,6.7,5.31,5.31,5.31,5.31
N_2_6,N_0_4,6.106655501869459,6.23,6.23,6.23,6.23,6.23,6.23,9.53,9.53,10.99,10.99,7.33,7.33,7.33,7.33,7.33,7.33,10.26,11.72,11.72,10.26,6.6,6.6,6.6,6.6
N_2_6,N_1_4,9.499313370786705,5.27,5.27,5.27,5.27,5.27,5.27,6.55,6.55,7.12,7.12,5.7,5.7,5.7,5.7,5.7,5.7,6.84,7.41,7.41,6.84,5.41,5.41,5.41,5.41
N_2_6,N_3_5,5.105381912433728,5.21,5.21,5.21,5.21,5.21,5.21,7.96,7.96,9.19,9.19,6.13,6.13,6.13,6.13,6.13,6.13,8.58,9.8,9.8,8.58,5.51,5.51,5.51,5.51
N_2_6,N_5_6,14.917860915822482,8.28,8.28,8.28,8.28,8.28,8.28,10.29,10.29,11.19,11.19,8.95,8.95,8.95,8.95,8.95,8.95,10.74,11.64,11.64,10.74,8.5,8.5,8.5,8.5
N_2_6,N_2_8,5.333117123203559,5.44,5.44,5.44,5.44,5.44,5.44,8.32,8.32,9.6,9.6,6.4,6.4,6.4,6.4,6.4,6.4,8.96,10.24,10.24,8.96,5.76,5.76,5.76,5.76
N_2_6,N_4_5,6.9692706012849435,7.11,7.11,7.11,7.11,7.11,7.11,10.87,10.87,12.54,12.54,8.36,8.36,8.36,8.36,8.36,8.36,11.71,13.38,13.38,11.71,7.53,7.53,7.53,7.53
N_2_6,N_3_6,6.314921446743249,6.44,6.44,6.44,6.44,6.44,6.44,9.85,9.85,11.37,11.37,7.58,7.58,7.58,7.58,7.58,7.58,10.61,12.12,12.12,10.61,6.82,6.82,6.82,6.82
N_2_6,N_2_9,4.468419447064795,4.56,4.56,4.56,4.56,4.56,4.56,6.97,6.97,8.04,8.04,5.36,5.36,5.36,5.36,5.36,5.36,7.51,8.58,8.58,7.51,4.83,4.83,4.83,4.83
N_2_7,N_0_9,1.4311799258816722,2.35,2.35,2.35,2.35,2.35,2.35,3.89,3.89,4.58,4.58,2.86,2.86,2.86,2.86,2.86,2.86,4.24,4.92,4.92,4.24,2.52,2.52,2.52,2.52
N_2_7,N_1_7,6.611069179767646,6.74,6.74,6.74,6.74,6.74,6.74,10.31,10.31,11.9,11.9,7.93,7.93,7.93,7.93,7.93,7.93,11.11,12.69,12.69,11.11,7.14,7.14,7.14,7.14
N_2_7,N_4_8,10.73371977962776,5.96,5.96,5.96,5.96,5.96,5.96,7.41,7.41,8.05,8.05,6.44,6.44,6.44,6.44,6.44,6.44,7.73,8.37,8.37,7.73,6.12,6.12,6.12,6.12
N_2_7,N_4_5,1.279699938078744,2.1,2.1,2.1,2.1,2.1,2.1,3.48,3.48,4.1,4.1,2.56,2.56,2.56,2.56,2.56,2.56,3.79,4.4,4.4,3.79,2.25,2.25,2.25,2.25
N_2_7,N_1_6,6.131680759307171,6.25,6.25,6.25,6.25,6.25,6.25,9.57,9.57,11.04,11.04,7.36,7.36,7.36,7.36,7.36,7.36,10.3,11.77,11.77,10.3,6.62,6.62,6.62,6.62
N_2_7,N_0_5,6.280798798100424,6.41,6.41,6.41,6.41,6.41,6.41,9.8,9.8,11.31,11.31,7.54,7.54,7.54,7.54,7.54,7.54,10.55,12.06,12.06,10.55,6.78,6.78,6.78,6.78
N_2_7,N_5_7,3.102593992553162,3.16,3.16,3.16,3.16,3.16,3.16,4.84,4.84,5.58,5.58,3.72,3.72,3.72,3.72,3.72,3.72,5.21,5.96,5.96,5.21,3.35,3.35,3.35,3.35
N_2_7,N_4_9,9.131972710941875,5.07,5.07,5.07,5.07,5.07,5.07,6.3,6.3,6.85,6.85,5.48,5.48,5.48,5.48,5.48,5.48,6.58,7.12,7.12,6.58,5.21,5.21,5.21,5.21
N_2_8,N_1_10,0.7053477376535326,1.16,1.16,1.16,1.16,1.16,1.16,1.92,1.92,2.26,2.26,1.41,1.41,1.41,1.41,1.41,1.41,2.09,2.43,2.43,2.09,1.24,1.24,1.24,1.24
N_2_8,N_1_9,10.67091071539406,5.92,5.92,5.92,5.92,5.92,5.92,7.36,7.36,8.0,8.0,6.4,6.4,6.4,6.4,6.4,6.4,7.68,8.32,8.32,7.68,6.08,6.08,6.08,6.08
N_2_8,N_2_5,9.310464358246698,5.17,5.17,5.17,5.17,5.17,5.17,6.42,6.42,6.98,6.98,5.59,5.59,5.59,5.59,5.59,5.59,6.7,7.26,7.26,6.7,5.31,5.31,5.31,5.31
N_2_9,N_0_11,10.437412794905025,5.79,5.79,5.79,5.79,5.79,5.79,7.2,7.2,7.83,7.83,6.26,6.26,6.26,6.26,6.26,6.26,7.51,8.14,8.14,7.51,5.95,5.95,5.95,5.95
N_2_9,N_0_7,6.356244703529759,6.48,6.48,6.48,6.48,6.48,6.48,9.92,9.92,11.44,11.44,7.63,7.63,7.63,7.63,7.63,7.63,10.68,12.2,12.2,10.68,6.86,6.86,6.86,6.86
N_2_9,N_0_9,5.921795401213805,6.04,6.04,6.04,6.04,6.04,6.04,9.24,9.24,10.66,10.66,7.11,7.11,7.11,7.11,7.11,7.11,9.95,11.37,11.37,9.95,6.4,6.4,6.4,6.4
N_2_9,N_1_11,8.913775535082562,4.95,4.95,4.95,4.95,4.95,4.95,6.15,6.15,6.69,6.69,5.35,5.35,5.35,5.35,5.35,5.35,6.42,6.95,6.95,6.42,5.08,5.08,5.08,5.08
N_3_0,N_0_0,4.599596749701988,4.69,4.69,4.69,4.69,4.69,4.69,7.18,7.18,8.28,8.28,5.52,5.52,5.52,5.52,5.52,5.52,7.73,8.83,8.83,7.73,4.97,4.97,4.97,4.97
N_3_0,N_1_0,4.321323139848211,4.41,4.41,4.41,4.41,4.41,4.41,6.74,6.74,7.78,7.78,5.19,5.19,5.19,5.19,5.19,5.19,7.26,8.3,8.3,7.26,4.67,4.67,4.67,4.67
N_3_0,N_1_1,14.782129925211429,8.2,8.2,8.2,8.2,8.2,8.2,10.2,10.2,11.09,11.09,8.87,8.87,8.87,8.87,8.87,8.87,10.64,11.53,11.53,10.64,8.43,8.43,8.43,8.43
N_3_0,N_3_2,1.3859884974732521,2.27,2.27,2.27,2.27,2.27,2.27,3.77,3.77,4.44,4.44,2.77,2.77,2.77,2.77,2.77,2.77,4.1,4.77,4.77,4.1,2.44,2.44,2.44,2.44
N_3_0,N_6_0,12.345396716394504,6.85,6.85,6.85,6.85,6.85,6.85,8.52,8.52,9.26,9.26,7.41,7.41,7.41,7.41,7.41,7.41,8.89,9.63,9.63,8.89,7.04,7.04,7.04,7.04
N_3_0,N_3_1,9.145350519605921,5.08,5.08,5.08,5.08,5.08,5.08,6.31,6.31,6.86,6.86,5.49,5.49,5.49,5.49,5.49,5.49,6.58,7.13,7.13,6.58,5.21,5.21,5.21,5.21
N_3_1,N_1_2,5.461834379109011,5.57,5.57,5.57,5.57,5.57,5.57,8.52,8.52,9.83,9.83,6.55,6.55,6.55,6.55,6.55,6.55,9.18,10.49,10.49,9.18,5.9,5.9,5.9,5.9
N_3_1,N_2_0,1.9810094591005896,3.25,3.25,3.25,3.25,3.25,3.25,5.39,5.39,6.34,6.34,3.96,3.96,3.96,3.96,3.96,3.96,5.86,6.81,6.81,5.86,3.49,3.49,3.49,3.49
N_3_1,N_3_0,9.145350519605921,5.08,5.08,5.08,5.08,5.08,5.08,6.31,6.31,6.86,6.86,5.49,5.49,5.49,5.49,5.49,5.49,6.58,7.13,7.13,6.58,5.21,5.21,5.21,5.21
N_3_1,N_1_0,13.986927787486074,7.76,7.76,7.76,7.76,7.76,7.76,9.65,9.65,10.49,10.49,8.39,8.39,8.39,8.39,8.39,8.39,10.07,10.91,10.91,10.07,7.97,7.97,7.97,7.97
N_3_1,N_6_1,5.513308911798423,5.62,5.62,5.62,5.62,5.62,5.62,8.6,8.6,9.92,9.92,6.62,6.62,6.62,6.62,6.62,6.62,9.26,10.59,10.59,9.26,5.95,5.95,5.95,5.95
N_3_1,N_2_2,8.59489199877561,4.77,4.77,4.77,4.77,4.77,4.77,5.93,5.93,6.45,6.45,5.16,5.16,5.16,5.16,5.16,5.16,6.19,6.7,6.7,6.19,4.9,4.9,4.9,4.9
N_3_10,N_1_10,13.803674024694956,7.66,7.66,7.66,7.66,7.66,7.66,9.52,9.52,10.35,10.35,8.28,8.28,8.28,8.28,8.28,8.28,9.94,10.77,10.77,9.94,7.87,7.87,7.87,7.87
N_3_10,N_2_11,10.729957071004291,5.96,5.96,5.96,5.96,5.96,5.96,7.4,7.4,8.05,8.05,6.44,6.44,6.44,6.44,6.44,6.44,7.73,8.37,8.37,7.73,6.12,6.12,6.12,6.12
N_3_10,N_3_8,4.593808311016825,4.69,4.69,4.69,4.69,4.69,4.69,7.17,7.17,8.27,8.27,5.51,5.51,5.51,5.51,5.51,5.51,7.72,8.82,8.82,7.72,4.96,4.96,4.96,4.96
N_3_10,N_4_10,3.241802880511991,3.31,3.31,3.31,3.31,3.31,3.31,5.06,5.06,5.84,5.84,3.89,3.89,3.89,3.89,3.89,3.89,5.45,6.22,6.22,5.45,3.5,3.5,3.5,3.5
N_3_10,N_5_11,9.031230932281481,5.01,5.01,5.01,5.01,5.01,5.01,6.23,6.23,6.77,6.77,5.42,5.42,5.42,5.42,5.42,5.42,6.5,7.04,7.04,6.5,5.15,5.15,5.15,5.15
N_3_11,N_0_11,11.398075269682344,6.33,6.33,6.33,6.33,6.33,6.33,7.86,7.86,8.55,8.55,6.84,6.84,6.84,6.84,6.84,6.84,8.21,8.89,8.89,8.21,6.5,6.5,6.5,6.5
N_3_11,N_1_12,6.67403226262685,6.81,6.81,6.81,6.81,6.81,6.81,10.41,10.41,12.01,12.01,8.01,8.01,8.01,8.01,8.01,8.01,11.21,12.81,12.81,11.21,7.21,7.21,7.21,7.21
N_3_11,N_2_13,5.395438924179373,5.5,5.5,5.5,5.5,5.5,5.5,8.42,8.42,9.71,9.71,6.47,6.47,6.47,6.47,6.47,6.47,9.06,10.36,10.36,9.06,5.83,5.83,5.83,5.83
N_3_11,N_2_11,5.787453763865222,5.9,5.9,5.9,5.9,5.9,5.9,9.03,9.03,10.42,10.42,6.94,6.94,6.94,6.94,6.94,6.94,9.72,11.11,11.11,9.72,6.25,6.25,6.25,6.25
N_3_11,N_4_13,4.516464079099842,4.61,4.61,4.61,4.61,4.61,4.61,7.05,7.05,8.13,8.13,5.42,5.42,5.42,5.42,5.42,5.42,7.59,8.67,8.67,7.59,4.88,4.88,4.88,4.88
N_3_12,N_1_10,14.493197311519452,8.04,8.04,8.04,8.04,8.04,8.04,10.0,10.0,10.87,10.87,8.7,8.7,8.7,8.7,8.7,8.7,10.44,11.3,11.3,10.44,8.26,8.26,8.26,8.26
N_3_12,N_2_12,12.375956653194658,6.87,6.87,6.87,6.87,6.87,6.87,8.54,8.54,9.28,9.28,7.43,7.43,7.43,7.43,7.43,7.43,8.91,9.65,9.65,8.91,7.05,7.05,7.05,7.05
N_3_12,N_3_10,14.039042077572182,7.79,7.79,7.79,7.79,7.79,7.79,9.69,9.69,10.53,10.53,8.42,8.42,8.42,8.42,8.42,8.42,10.11,10.95,10.95,10.11,8.0,8.0,8.0,8.0
N_3_12,N_4_11,11.326069287237392,6.29,6.29,6.29,6.29,6.29,6.29,7.81,7.81,8.49,8.49,6.8,6.8,6.8,6.8,6.8,6.8,8.15,8.83,8.83,8.15,6.46,6.46,6.46,6.46
N_3_12,N_1_13,13.618782748999342,7.56,7.56,7.56,7.56,7.56,7.56,9.4,9.4,10.21,10.21,8.17,8.17,8.17,8.17,8.17,8.17,9.81,10.62,10.62,9.81,7.76,7.76,7.76,7.76
N_3_12,N_5_13,1.0273972776834637,1.68,1.68,1.68,1.68,1.68,1.68,2.79,2.79,3.29,3.29,2.05,2.05,2.05,2.05,2.05,2.05,3.04,3.53,3.53,3.04,1.81,1.81,1.81,1.81
N_3_13,N_1_14,4.139651311188419,4.22,4.22,4.22,4.22,4.22,4.22,6.46,6.46,7.45,7.45,4.97,4.97,4.97,4.97,4.97,4.97,6.95,7.95,7.95,6.95,4.47,4.47,4.47,4.47
N_3_13,N_3_15,13.028328578031672,7.23,7.23,7.23,7.23,7.23,7.23,8.99,8.99,9.77,9.77,7.82,7.82,7.82,7.82,7.82,7.82,9.38,10.16,10.16,9.38,7.43,7.43,7.43,7.43
N_3_13,N_5_11,8.160117367335404,4.53,4.53,4.53,4.53,4.53,4.53,5.63,5.63,6.12,6.12,4.9,4.9,4.9,4.9,4.9,4.9,5.88,6.36,6.36,5.88,4.65,4.65,4.65,4.65
N_3_13,N_5_13,10.869690142391164,6.03,6.03,6.03,6.03,6.03,6.03,7.5,7.5,8.15,8.15,6.52,6.52,6.52,6.52,6.52,6.52,7.83,8.48,8.48,7.83,6.2,6.2,6.2,6.2
N_3_13,N_1_13,14.514159837858273,8.06,8.06,8.06,8.06,8.06,8.06,10.01,10.01,10.89,10.89,8.71,8.71,8.71,8.71,8.71,8.71,10.45,11.32,11.32,10.45,8.27,8.27,8.27,8.27
N_3_13,N_4_15,4.057190094620772,4.14,4.14,4.14,4.14,4.14,4.14,6.33,6.33,7.3,7.3,4.87,4.87,4.87,4.87,4.87,4.87,6.82,7.79,7.79,6.82,4.38,4.38,4.38,4.38
N_3_14,N_2_14,3.7676321823760737,3.84,3.84,3.84,3.84,3.84,3.84,5.88,5.88,6.78,6.78,4.52,4.52,4.52,4.52,4.52,4.52,6.33,7.23,7.23,6.33,4.07,4.07,4.07,4.07
N_3_14,N_3_17,6.312082401520454,6.44,6.44,6.44,6.44,6.44,6.44,9.85,9.85,11.36,11.36,7.57,7.57,7.57,7.57,7.57,7.57,10.6,12.12,12.12,10.6,6.82,6.82,6.82,6.82
N_3_14,N_2_16,11.245488149270159,6.24,6.24,6.24,6.24,6.24,6.24,7.76,7.76,8.43,8.43,6.75,6.75,6.75,6.75,6.75,6.75,8.1,8.77,8.77,8.1,6.41,6.41,6.41,6.41
N_3_14,N_1_12,2.092742333456596,3.43,3.43,3.43,3.43,3.43,3.43,5.69,5.69,6.7,6.7,4.19,4.19,4.19,4.19,4.19,4.19,6.19,7.2,7.2,6.19,3.68,3.68,3.68,3.68
N_3_14,N_3_12,0.8337653500628772,1.37,1.37,1.37,1.37,1.37,1.37,2.27,2.27,2.67,2.67,1.67,1.67,1.67,1.67,1.67,1.67,2.47,2.87,2.87,2.47,1.47,1.47,1.47,1.47
N_3_14,N_3_16,10.452414525521718,5.8,5.8,5.8,5.8,5.8,5.8,7.21,7.21,7.84,7.84,6.27,6.27,6.27,6.27,6.27,6.27,7.53,8.15,8.15,7.53,5.96,5.96,5.96,5.96
N_3_15,N_3_13,13.028328578031672,7.23,7.23,7.23,7.23,7.23,7.23,8.99,8.99,9.77,9.77,7.82,7.82,7.82,7.82,7.82,7.82,9.38,10.16,10.16,9.38,7.43,7.43,7.43,7.43
N_3_15,N_4_15,1.813723146798148,2.97,2.97,2.97,2.97,2.97,2.97,4.93,4.93,5.8,5.8,3.63,3.63,3.63,3.63,3.63,3.63,5.37,6.24,6.24,5.37,3.19,3.19,3.19,3.19
N_3_15,N_2_16,2.279161947252679,3.74,3.74,3.74,3.74,3.74,3.74,6.2,6.2,7.29,7.29,4.56,4.56,4.56,4.56,4.56,4.56,6.75,7.84,7.84,6.75,4.01,4.01,4.01,4.01
N_3_15,N_1_14,10.393964644024592,5.77,5.77,5.77,5.77,5.77,5.77,7.17,7.17,7.8,7.8,6.24,6.24,6.24,6.24,6.24,6.24,7.48,8.11,8.11,7.48,5.92,5.92,5.92,5.92
N_3_15,N_3_14,4.608181455832763,4.7,4.7,4.7,4.7,4.7,4.7,7.19,7.19,8.29,8.29,5.53,5.53,5.53,5.53,5.53,5.53,7.74,8.85,8.85,7.74,4.98,4.98,4.98,4.98
N_3_16,N_1_16,13.609886410477902,7.55,7.55,7.55,7.55,7.55,7.55,9.39,9.39,10.21,10.21,8.17,8.17,8.17,8.17,8.17,8.17,9.8,10.62,10.62,9.8,7.76,7.76,7.76,7.76
N_3_16,N_5_18,8.876472649853449,4.93,4.93,4.93,4.93,4.93,4.93,6.12,6.12,6.66,6.66,5.33,5.33,5.33,5.33,5.33,5.33,6.39,6.92,6.92,6.39,5.06,5.06,5.06,5.06
N_3_16,N_4_14,3.204281681953463,3.27,3.27,3.27,3.27,3.27,3.27,5.0,5.0,5.77,5.77,3.85,3.85,3.85,3.85,3.85,3.85,5.38,6.15,6.15,5.38,3.46,3.46,3.46,3.46
N_3_17,N_0_17,4.374905387350576,4.46,4.46,4.46,4.46,4.46,4.46,6.82,6.82,7.87,7.87,5.25,5.25,5.25,5.25,5.25,5.25,7.35,8.4,8.4,7.35,4.72,4.72,4.72,4.72
N_3_17,N_2_17,9.029582198211411,5.01,5.01,5.01,5.01,5.01,5.01,6.23,6.23,6.77,6.77,5.42,5.42,5.42,5.42,5.42,5.42,6.5,7.04,7.04,6.5,5.15,5.15,5.15,5.15
N_3_17,N_4_18,0.925909128648422,1.52,1.52,1.52,1.52,1.52,1.52,2.52,2.52,2.96,2.96,1.85,1.85,1.85,1.85,1.85,1.85,2.74,3.19,3.19,2.74,1.63,1.63,1.63,1.63
N_3_17,N_3_15,4.313388128371969,4.4,4.4,4.4,4.4,4.4,4.4,6.73,6.73,7.76,7.76,5.18,5.18,5.18,5.18,5.18,5.18,7.25,8.28,8.28,7.25,4.66,4.66,4.66,4.66
N_3_17,N_5_18,6.2985871658810275,6.42,6.42,6.42,6.42,6.42,6.42,9.83,9.83,11.34,11.34,7.56,7.56,7.56,7.56,7.56,7.56,10.58,12.09,12.09,10.58,6.8,6.8,6.8,6.8
N_3_17,N_4_17,6.838767417809875,6.98,6.98,6.98,6.98,6.98,6.98,10.67,10.67,12.31,12.31,8.21,8.21,8.21,8.21,8.21,8.21,11.49,13.13,13.13,11.49,7.39,7.39,7.39,7.39
N_3_18,N_2_17,10.355512256012725,5.75,5.75,5.75,5.75,5.75,5.75,7.15,7.15,7.77,7.77,6.21,6.21,6.21,6.21,6.21,6.21,7.46,8.08,8.08,7.46,5.9,5.9,5.9,5.9
N_3_18,N_2_18,5.845439995732068,5.96,5.96,5.96,5.96,5.96,5.96,9.12,9.12,10.52,10.52,7.01,7.01,7.01,7.01,7.01,7.01,9.82,11.22,11.22,9.82,6.31,6.31,6.31,6.31
N_3_18,N_4_17,5.1410775834660525,5.24,5.24,5.24,5.24,5.24,5.24,8.02,8.02,9.25,9.25,6.17,6.17,6.17,6.17,6.17,6.17,8.64,9.87,9.87,8.64,5.55,5.55,5.55,5.55
N_3_19,N_1_20,3.8039902736614293,3.88,3.88,3.88,3.88,3.88,3.88,5.93,5.93,6.85,6.85,4.56,4.56,4.56,4.56,4.56,4.56,6.39,7.3,7.3,6.39,4.11,4.11,4.11,4.11
N_3_19,N_3_21,1.0427057445010874,1.71,1.71,1.71,1.71,1.71,1.71,2.84,2.84,3.34,3.34,2.09,2.09,2.09,2.09,2.09,2.09,3.09,3.59,3.59,3.09,1.84,1.84,1.84,1.84
N_3_19,N_4_19,3.164727988040026,3.23,3.23,3.23,3.23,3.23,3.23,4.94,4.94,5.7,5.7,3.8,3.8,3.8,3.8,3.8,3.8,5.32,6.08,6.08,5.32,3.42,3.42,3.42,3.42
N_3_19,N_4_21,8.165085008899087,4.53,4.53,4.53,4.53,4.53,4.53,5.63,5.63,6.12,6.12,4.9,4.9,4.9,4.9,4.9,4.9,5.88,6.37,6.37,5.88,4.65,4.65,4.65,4.65
N_3_19,N_5_19,5.9503603535533225,6.07,6.07,6.07,6.07,6.07,6.07,9.28,9.28,10.71,10.71,7.14,7.14,7.14,7.14,7.14,7.14,10.0,11.42,11.42,10.0,6.43,6.43,6.43,6.43
N_3_19,N_2_17,5.063895135438049,5.17,5.17,5.17,5.17,5.17,5.17,7.9,7.9,9.12,9.12,6.08,6.08,6.08,6.08,6.08,6.08,8.51,9.72,9.72,8.51,5.47,5.47,5.47,5.47
N_3_2,N_0_2,14.370929382975753,7.98,7.98,7.98,7.98,7.98,7.98,9.92,9.92,10.78,10.78,8.62,8.62,8.62,8.62,8.62,8.62,10.35,11.21,11.21,10.35,8.19,8.19,8.19,8.19
N_3_2,N_2_0,3.1007727306718733,3.16,3.16,3.16,3.16,3.16,3.16,4.84,4.84,5.58,5.58,3.72,3.72,3.72,3.72,3.72,3.72,5.21,5.95,5.95,5.21,3.35,3.35,3.35,3.35
N_3_2,N_3_0,1.3859884974732521,2.27,2.27,2.27,2.27,2.27,2.27,3.77,3.77,4.44,4.44,2.77,2.77,2.77,2.77,2.77,2.77,4.1,4.77,4.77,4.1,2.44,2.44,2.44,2.44
N_3_20,N_2_19,8.243396489723498,4.58,4.58,4.58,4.58,4.58,4.58,5.69,5.69,6.18,6.18,4.95,4.95,4.95,4.95,4.95,4.95,5.94,6.43,6.43,5.94,4.7,4.7,4.7,4.7
N_3_20,N_3_19,6.143465365243383,6.27,6.27,6.27,6.27,6.27,6.27,9.58,9.58,11.06,11.06,7.37,7.37,7.37,7.37,7.37,7.37,10.32,11.8,11.8,10.32,6.63,6.63,6.63,6.63
N_3_20,N_4_20,4.9565318438648465,5.06,5.06,5.06,5.06,5.06,5.06,7.73,7.73,8.92,8.92,5.95,5.95,5.95,5.95,5.95,5.95,8.33,9.52,9.52,8.33,5.35,5.35,5.35,5.35
N_3_21,N_0_21,11.159379605332841,6.19,6.19,6.19,6.19,6.19,6.19,7.7,7.7,8.37,8.37,6.7,6.7,6.7,6.7,6.7,6.7,8.03,8.7,8.7,8.03,6.36,6.36,6.36,6.36
N_3_21,N_1_22,3.3132114076994337,3.38,3.38,3.38,3.38,3.38,3.38,5.17,5.17,5.96,5.96,3.98,3.98,3.98,3.98,3.98,3.98,5.57,6.36,6.36,5.57,3.58,3.58,3.58,3.58
N_3_21,N_1_23,2.255558440738198,3.7,3.7,3.7,3.7,3.7,3.7,6.14,6.14,7.22,7.22,4.51,4.51,4.51,4.51,4.51,4.51,6.68,7.76,7.76,6.68,3.97,3.97,3.97,3.97
N_3_22,N_1_24,6.938013803350695,7.08,7.08,7.08,7.08,7.08,7.08,10.82,10.82,12.49,12.49,8.33,8.33,8.33,8.33,8.33,8.33,11.66,13.32,13.32,11.66,7.49,7.49,7.49,7.49
N_3_22,N_2_20,13.249817329039056,7.35,7.35,7.35,7.35,7.35,7.35,9.14,9.14,9.94,9.94,7.95,7.95,7.95,7.95,7.95,7.95,9.54,10.33,10.33,9.54,7.55,7.55,7.55,7.55
N_3_22,N_2_22,1.9542907928394542,3.21,3.21,3.21,3.21,3.21,3.21,5.32,5.32,6.25,6.25,3.91,3.91,3.91,3.91,3.91,3.91,5.78,6.72,6.72,5.78,3.44,3.44,3.44,3.44
N_3_22,N_1_23,1.3963881012500312,2.29,2.29,2.29,2.29,2.29,2.29,3.8,3.8,4.47,4.47,2.79,2.79,2.79,2.79,2.79,2.79,4.13,4.8,4.8,4.13,2.46,2.46,2.46,2.46
N_3_23,N_0_23,5.5564428970386786,5.67,5.67,5.67,5.67,5.67,5.67,8.67,8.67,10.0,10.0,6.67,6.67,6.67,6.67,6.67,6.67,9.33,10.67,10.67,9.33,6.0,6.0,6.0,6.0
N_3_23,N_2_25,0.7341493660479343,1.2,1.2,1.2,1.2,1.2,1.2,2.0,2.0,2.35,2.35,1.47,1.47,1.47,1.47,1.47,1.47,2.17,2.53,2.53,2.17,1.29,1.29,1.29,1.29
N_3_23,N_3_26,5.959102317968966,6.08,6.08,6.08,6.08,6.08,6.08,9.3,9.3,10.73,10.73,7.15,7.15,7.15,7.15,7.15,7.15,10.01,11.44,11.44,10.01,6.44,6.44,6.44,6.44
N_3_23,N_1_23,3.3217335841186317,3.39,3.39,3.39,3.39,3.39,3.39,5.18,5.18,5.98,5.98,3.99,3.99,3.99,3.99,3.99,3.99,5.58,6.38,6.38,5.58,3.59,3.59,3.59,3.59
N_3_23,N_3_21,1.839677108367912,3.02,3.02,3.02,3.02,3.02,3.02,5.0,5.0,5.89,5.89,3.68,3.68,3.68,3.68,3.68,3.68,5.45,6.33,6.33,5.45,3.24,3.24,3.24,3.24
N_3_24,N_0_24,13.814575434142682,7.67,7.67,7.67,7.67,7.67,7.67,9.53,9.53,10.36,10.36,8.29,8.29,8.29,8.29,8.29,8.29,9.95,10.78,10.78,9.95,7.87,7.87,7.87,7.87
N_3_24,N_4_25,9.000350454070476,5.0,5.0,5.0,5.0,5.0,5.0,6.21,6.21,6.75,6.75,5.4,5.4,5.4,5.4,5.4,5.4,6.48,7.02,7.02,6.48,5.13,5.13,5.13,5.13
N_3_24,N_5_24,10.060316083840618,5.58,5.58,5.58,5.58,5.58,5.58,6.94,6.94,7.55,7.55,6.04,6.04,6.04,6.04,6.04,6.04,7.24,7.85,7.85,7.24,5.73,5.73,5.73,5.73
N_3_24,N_1_22,5.969578657259786,6.09,6.09,6.09,6.09,6.09,6.09,9.31,9.31,10.75,10.75,7.16,7.16,7.16,7.16,7.16,7.16,10.03,11.46,11.46,10.03,6.45,6.45,6.45,6.45
N_3_24,N_5_26,11.045747478667133,6.13,6.13,6.13,6.13,6.13,6.13,7.62,7.62,8.28,8.28,6.63,6.63,6.63,6.63,6.63,6.63,7.95,8.62,8.62,7.95,6.3,6.3,6.3,6.3
N_3_24,N_1_26,9.882176067417475,5.48,5.48,5.48,5.48,5.48,5.48,6.82,6.82,7.41,7.41,5.93,5.93,5.93,5.93,5.93,5.93,7.12,7.71,7.71,7.12,5.63,5.63,5.63,5.63
N_3_24,N_5_23,6.672834729376801,6.81,6.81,6.81,6.81,6.81,6.81,10.41,10.41,12.01,12.01,8.01,8.01,8.01,8.01,8.01,8.01,11.21,12.81,12.81,11.21,7.21,7.21,7.21,7.21
N_3_24,N_3_25,3.22813583920128,3.29,3.29,3.29,3.29,3.29,3.29,5.04,5.04,5.81,5.81,3.87,3.87,3.87,3.87,3.87,3.87,5.42,6.2,6.2,5.42,3.49,3.49,3.49,3.49
N_3_25,N_1_25,5.598268310763119,5.71,5.71,5.71,5.71,5.71,5.71,8.73,8.73,10.08,10.08,6.72,6.72,6.72,6.72,6.72,6.72,9.41,10.75,10.75,9.41,6.05,6.05,6.05,6.05
N_3_25,N_2_27,5.391390965869891,5.5,5.5,5.5,5.5,5.5,5.5,8.41,8.41,9.7,9.7,6.47,6.47,6.47,6.47,6.47,6.47,9.06,10.35,10.35,9.06,5.82,5.82,5.82,5.82
N_3_25,N_3_24,3.22813583920128,3.29,3.29,3.29,3.29,3.29,3.29,5.04,5.04,5.81,5.81,3.87,3.87,3.87,3.87,3.87,3.87,5.42,6.2,6.2,5.42,3.49,3.49,3.49,3.49
N_3_25,N_4_27,9.439867494287844,5.24,5.24,5.24,5.24,5.24,5.24,6.51,6.51,7.08,7.08,5.66,5.66,5.66,5.66,5.66,5.66,6.8,7.36,7.36,6.8,5.38,5.38,5.38,5.38
N_3_25,N_4_23,12.97237519711111,7.2,7.2,7.2,7.2,7.2,7.2,8.95,8.95,9.73,9.73,7.78,7.78,7.78,7.78,7.78,7.78,9.34,10.12,10.12,9.34,7.39,7.39,7.39,7.39
N_3_26,N_0_26,13.385815956704883,7.43,7.43,7.43,7.43,7.43,7.43,9.24,9.24,10.04,10.04,8.03,8.03,8.03,8.03,8.03,8.03,9.64,10.44,10.44,9.64,7.63,7.63,7.63,7.63
N_3_26,N_3_23,5.959102317968966,6.08,6.08,6.08,6.08,6.08,6.08,9.3,9.3,10.73,10.73,7.15,7.15,7.15,7.15,7.15,7.15,10.01,11.44,11.44,10.01,6.44,6.44,6.44,6.44
N_3_26,N_1_26,1.0738830251702232,1.76,1.76,1.76,1.76,1.76,1.76,2.92,2.92,3.44,3.44,2.15,2.15,2.15,2.15,2.15,2.15,3.18,3.69,3.69,3.18,1.89,1.89,1.89,1.89
N_3_26,N_3_24,3.8533628139621157,3.93,3.93,3.93,3.93,3.93,3.93,6.01,6.01,6.94,6.94,4.62,4.62,4.62,4.62,4.62,4.62,6.47,7.4,7.4,6.47,4.16,4.16,4.16,4.16
N_3_26,N_2_28,0.5982025888923423,0.98,0.98,0.98,0.98,0.98,0.98,1.63,1.63,1.91,1.91,1.2,1.2,1.2,1.2,1.2,1.2,1.77,2.06,2.06,1.77,1.05,1.05,1.05,1.05
N_3_26,N_1_28,4.527093695257479,4.62,4.62,4.62,4.62,4.62,4.62,7.06,7.06,8.15,8.15,5.43,5.43,5.43,5.43,5.43,5.43,7.61,8.69,8.69,7.61,4.89,4.89,4.89,4.89
N_3_26,N_3_29,6.1841789514243395,6.31,6.31,6.31,6.31,6.31,6.31,9.65,9.65,11.13,11.13,7.42,7.42,7.42,7.42,7.42,7.42,10.39,11.87,11.87,10.39,6.68,6.68,6.68,6.68
N_3_26,N_4_25,6.971354484784856,7.11,7.11,7.11,7.11,7.11,7.11,10.88,10.88,12.55,12.55,8.37,8.37,8.37,8.37,8.37,8.37,11.71,13.39,13.39,11.71,7.53,7.53,7.53,7.53
N_3_27,N_4_25,12.61982097075956,7.0,7.0,7.0,7.0,7.0,7.0,8.71,8.71,9.46,9.46,7.57,7.57,7.57,7.57,7.57,7.57,9.09,9.84,9.84,9.09,7.19,7.19,7.19,7.19
N_3_27,N_2_25,5.870497832730316,5.99,5.99,5.99,5.99,5.99,5.99,9.16,9.16,10.57,10.57,7.04,7.04,7.04,7.04,7.04,7.04,9.86,11.27,11.27,9.86,6.34,6.34,6.34,6.34
N_3_27,N_3_30,11.175725732360332,6.2,6.2,6.2,6.2,6.2,6.2,7.71,7.71,8.38,8.38,6.71,6.71,6.71,6.71,6.71,6.71,8.05,8.72,8.72,8.05,6.37,6.37,6.37,6.37
N_3_27,N_3_26,11.393991627432582,6.32,6.32,6.32,6.32,6.32,6.32,7.86,7.86,8.55,8.55,6.84,6.84,6.84,6.84,6.84,6.84,8.2,8.89,8.89,8.2,6.49,6.49,6.49,6.49
N_3_27,N_5_27,5.0185213087616365,5.12,5.12,5.12,5.12,5.12,5.12,7.83,7.83,9.03,9.03,6.02,6.02,6.02,6.02,6.02,6.02,8.43,9.64,9.64,8.43,5.42,5.42,5.42,5.42
N_3_27,N_4_29,9.872158793544415,5.48,5.48,5.48,5.48,5.48,5.48,6.81,6.81,7.4,7.4,5.92,5.92,5.92,5.92,5.92,5.92,7.11,7.7,7.7,7.11,5.63,5.63,5.63,5.63
N_3_27,N_5_28,13.827023859327959,7.67,7.67,7.67,7.67,7.67,7.67,9.54,9.54,10.37,10.37,8.3,8.3,8.3,8.3,8.3,8.3,9.96,10.79,10.79,9.96,7.88,7.88,7.88,7.88
N_3_28,N_2_28,8.27801425836653,4.59,4.59,4.59,4.59,4.59,4.59,5.71,5.71,6.21,6.21,4.97,4.97,4.97,4.97,4.97,4.97,5.96,6.46,6.46,5.96,4.72,4.72,4.72,4.72
N_3_28,N_2_29,5.41316005801248,5.52,5.52,5.52,5.52,5.52,5.52,8.44,8.44,9.74,9.74,6.5,6.5,6.5,6.5,6.5,6.5,9.09,10.39,10.39,9.09,5.85,5.85,5.85,5.85
N_3_28,N_4_26,6.471729598965693,6.6,6.6,6.6,6.6,6.6,6.6,10.1,10.1,11.65,11.65,7.77,7.77,7.77,7.77,7.77,7.77,10.87,12.43,12.43,10.87,6.99,6.99,6.99,6.99
N_3_28,N_6_28,12.946322419689395,7.19,7.19,7.19,7.19,7.19,7.19,8.93,8.93,9.71,9.71,7.77,7.77,7.77,7.77,7.77,7.77,9.32,10.1,10.1,9.32,7.38,7.38,7.38,7.38
N_3_28,N_3_30,4.6081077382830715,4.7,4.7,4.7,4.7,4.7,4.7,7.19,7.19,8.29,8.29,5.53,5.53,5.53,5.53,5.53,5.53,7.74,8.85,8.85,7.74,4.98,4.98,4.98,4.98
N_3_28,N_3_26,1.403471480731812,2.3,2.3,2.3,2.3,2.3,2.3,3.82,3.82,4.49,4.49,2.81,2.81,2.81,2.81,2.81,2.81,4.15,4.83,4.83,4.15,2.47,2.47,2.47,2.47
N_3_28,N_5_27,3.5365018658767133,3.61,3.61,3.61,3.61,3.61,3.61,5.52,5.52,6.37,6.37,4.24,4.24,4.24,4.24,4.24,4.24,5.94,6.79,6.79,5.94,3.82,3.82,3.82,3.82
N_3_29,N_3_26,6.1841789514243395,6.31,6.31,6.31,6.31,6.31,6.31,9.65,9.65,11.13,11.13,7.42,7.42,7.42,7.42,7.42,7.42,10.39,11.87,11.87,10.39,6.68,6.68,6.68,6.68
N_3_29,N_3_31,13.428415773526936,7.45,7.45,7.45,7.45,7.45,7.45,9.27,9.27,10.07,10.07,8.06,8.06,8.06,8.06,8.06,8.06,9.67,10.47,10.47,9.67,7.65,7.65,7.65,7.65
N_3_29,N_5_28,10.428788422391555,5.79,5.79,5.79,5.79,5.79,5.79,7.2,7.2,7.82,7.82,6.26,6.26,6.26,6.26,6.26,6.26,7.51,8.13,8.13,7.51,5.94,5.94,5.94,5.94
N_3_29,N_4_29,4.156808751756053,4.24,4.24,4.24,4.24,4.24,4.24,6.48,6.48,7.48,7.48,4.99,4.99,4.99,4.99,4.99,4.99,6.98,7.98,7.98,6.98,4.49,4.49,4.49,4.49
N_3_29,N_5_30,13.772537733646828,7.64,7.64,7.64,7.64,7.64,7.64,9.5,9.5,10.33,10.33,8.26,8.26,8.26,8.26,8.26,8.26,9.92,10.74,10.74,9.92,7.85,7.85,7.85,7.85
N_3_3,N_1_1,11.432372641173243,6.34,6.34,6.34,6.34,6.34,6.34,7.89,7.89,8.57,8.57,6.86,6.86,6.86,6.86,6.86,6.86,8.23,8.92,8.92,8.23,6.52,6.52,6.52,6.52
N_3_3,N_1_3,1.4727103500531409,2.42,2.42,2.42,2.42,2.42,2.42,4.01,4.01,4.71,4.71,2.95,2.95,2.95,2.95,2.95,2.95,4.36,5.07,5.07,4.36,2.59,2.59,2.59,2.59
N_3_3,N_1_2,8.84782472258578,4.91,4.91,4.91,4.91,4.91,4.91,6.1,6.1,6.64,6.64,5.31,5.31,5.31,5.31,5.31,5.31,6.37,6.9,6.9,6.37,5.04,5.04,5.04,5.04
N_3_3,N_6_3,5.752849698141387,5.87,5.87,5.87,5.87,5.87,5.87,8.97,8.97,10.36,10.36,6.9,6.9,6.9,6.9,6.9,6.9,9.66,11.05,11.05,9.66,6.21,6.21,6.21,6.21
N_3_3,N_3_5,9.973184105687345,5.54,5.54,5.54,5.54,5.54,5.54,6.88,6.88,7.48,7.48,5.98,5.98,5.98,5.98,5.98,5.98,7.18,7.78,7.78,7.18,5.68,5.68,5.68,5.68
N_3_3,N_4_5,5.359844524104901,5.47,5.47,5.47,5.47,5.47,5.47,8.36,8.36,9.65,9.65,6.43,6.43,6.43,6.43,6.43,6.43,9.0,10.29,10.29,9.0,5.79,5.79,5.79,5.79
N_3_3,N_5_3,4.0999358332543885,4.18,4.18,4.18,4.18,4.18,4.18,6.4,6.4,7.38,7.38,4.92,4.92,4.92,4.92,4.92,4.92,6.89,7.87,7.87,6.89,4.43,4.43,4.43,4.43
N_3_3,N_2_1,1.8061745394155106,2.96,2.96,2.96,2.96,2.96,2.96,4.91,4.91,5.78,5.78,3.61,3.61,3.61,3.61,3.61,3.61,5.35,6.21,6.21,5.35,3.18,3.18,3.18,3.18
N_3_30,N_3_28,4.6081077382830715,4.7,4.7,4.7,4.7,4.7,4.7,7.19,7.19,8.29,8.29,5.53,5.53,5.53,5.53,5.53,5.53,7.74,8.85,8.85,7.74,4.98,4.98,4.98,4.98
N_3_30,N_1_31,5.083639778857892,5.19,5.19,5.19,5.19,5.19,5.19,7.93,7.93,9.15,9.15,6.1,6.1,6.1,6.1,6.1,6.1,8.54,9.76,9.76,8.54,5.49,5.49,5.49,5.49
N_3_30,N_4_30,6.741341682658527,6.88,6.88,6.88,6.88,6.88,6.88,10.52,10.52,12.13,12.13,8.09,8.09,8.09,8.09,8.09,8.09,11.33,12.94,12.94,11.33,7.28,7.28,7.28,7.28
N_3_31,N_1_29,4.407209208273147,4.5,4.5,4.5,4.5,4.5,4.5,6.88,6.88,7.93,7.93,5.29,5.29,5.29,5.29,5.29,5.29,7.4,8.46,8.46,7.4,4.76,4.76,4.76,4.76
N_3_31,N_1_30,4.3716362936418705,4.46,4.46,4.46,4.46,4.46,4.46,6.82,6.82,7.87,7.87,5.25,5.25,5.25,5.25,5.25,5.25,7.34,8.39,8.39,7.34,4.72,4.72,4.72,4.72
N_3_31,N_1_33,6.890550347839754,7.03,7.03,7.03,7.03,7.03,7.03,10.75,10.75,12.4,12.4,8.27,8.27,8.27,8.27,8.27,8.27,11.58,13.23,13.23,11.58,7.44,7.44,7.44,7.44
N_3_32,N_1_31,4.236300466766734,4.32,4.32,4.32,4.32,4.32,4.32,6.61,6.61,7.63,7.63,5.08,5.08,5.08,5.08,5.08,5.08,7.12,8.13,8.13,7.12,4.58,4.58,4.58,4.58
N_3_32,N_2_34,5.299539409155351,5.41,5.41,5.41,5.41,5.41,5.41,8.27,8.27,9.54,9.54,6.36,6.36,6.36,6.36,6.36,6.36,8.9,10.18,10.18,8.9,5.72,5.72,5.72,5.72
N_3_32,N_4_33,1.7943513308082584,2.94,2.94,2.94,2.94,2.94,2.94,4.88,4.88,5.74,5.74,3.59,3.59,3.59,3.59,3.59,3.59,5.31,6.17,6.17,5.31,3.16,3.16,3.16,3.16
N_3_33,N_2_33,13.275309847477446,7.37,7.37,7.37,7.37,7.37,7.37,9.16,9.16,9.96,9.96,7.97,7.97,7.97,7.97,7.97,7.97,9.56,10.35,10.35,9.56,7.57,7.57,7.57,7.57
N_3_33,N_1_35,5.966891328659027,6.09,6.09,6.09,6.09,6.09,6.09,9.31,9.31,10.74,10.74,7.16,7.16,7.16,7.16,7.16,7.16,10.02,11.46,11.46,10.02,6.44,6.44,6.44,6.44
N_3_33,N_6_33,4.749761530103533,4.84,4.84,4.84,4.84,4.84,4.84,7.41,7.41,8.55,8.55,5.7,5.7,5.7,5.7,5.7,5.7,7.98,9.12,9.12,7.98,5.13,5.13,5.13,5.13
N_3_33,N_3_30,6.119540983046633,6.24,6.24,6.24,6.24,6.24,6.24,9.55,9.55,11.02,11.02,7.34,7.34,7.34,7.34,7.34,7.34,10.28,11.75,11.75,10.28,6.61,6.61,6.61,6.61
N_3_34,N_2_32,14.444355202350957,8.02,8.02,8.02,8.02,8.02,8.02,9.97,9.97,10.83,10.83,8.67,8.67,8.67,8.67,8.67,8.67,10.4,11.27,11.27,10.4,8.23,8.23,8.23,8.23
N_3_34,N_5_32,3.8419998524384407,3.92,3.92,3.92,3.92,3.92,3.92,5.99,5.99,6.92,6.92,4.61,4.61,4.61,4.61,4.61,4.61,6.45,7.38,7.38,6.45,4.15,4.15,4.15,4.15
N_3_34,N_3_33,6.962028964425704,7.1,7.1,7.1,7.1,7.1,7.1,10.86,10.86,12.53,12.53,8.35,8.35,8.35,8.35,8.35,8.35,11.7,13.37,13.37,11.7,7.52,7.52,7.52,7.52
N_3_34,N_4_33,1.2292176431013282,2.02,2.02,2.02,2.02,2.02,2.02,3.34,3.34,3.93,3.93,2.46,2.46,2.46,2.46,2.46,2.46,3.64,4.23,4.23,3.64,2.16,2.16,2.16,2.16
N_3_34,N_1_33,10.248238888600177,5.69,5.69,5.69,5.69,5.69,5.69,7.07,7.07,7.69,7.69,6.15,6.15,6.15,6.15,6.15,6.15,7.38,7.99,7.99,7.38,5.84,5.84,5.84,5.84
N_3_34,N_2_34,5.875276296492758,5.99,5.99,5.99,5.99,5.99,5.99,9.17,9.17,10.58,10.58,7.05,7.05,7.05,7.05,7.05,7.05,9.87,11.28,11.28,9.87,6.35,6.35,6.35,6.35
N_3_34,N_0_34,14.018115931458166,7.78,7.78,7.78,7.78,7.78,7.78,9.67,9.67,10.51,10.51,8.41,8.41,8.41,8.41,8.41,8.41,10.09,10.93,10.93,10.09,7.99,7.99,7.99,7.99
N_3_35,N_1_35,5.542091559765137,5.65,5.65,5.65,5.65,5.65,5.65,8.65,8.65,9.98,9.98,6.65,6.65,6.65,6.65,6.65,6.65,9.31,10.64,10.64,9.31,5.99,5.99,5.99,5.99
N_3_35,N_3_32,4.331159598988959,4.42,4.42,4.42,4.42,4.42,4.42,6.76,6.76,7.8,7.8,5.2,5.2,5.2,5.2,5.2,5.2,7.28,8.32,8.32,7.28,4.68,4.68,4.68,4.68
N_3_35,N_2_33,10.203924250109203,5.66,5.66,5.66,5.66,5.66,5.66,7.04,7.04,7.65,7.65,6.12,6.12,6.12,6.12,6.12,6.12,7.35,7.96,7.96,7.35,5.82,5.82,5.82,5.82
N_3_35,N_3_36,5.006532369513815,5.11,5.11,5.11,5.11,5.11,5.11,7.81,7.81,9.01,9.01,6.01,6.01,6.01,6.01,6.01,6.01,8.41,9.61,9.61,8.41,5.41,5.41,5.41,5.41
N_3_35,N_5_34,3.2410248966948965,3.31,3.31,3.31,3.31,3.31,3.31,5.06,5.06,5.83,5.83,3.89,3.89,3.89,3.89,3.89,3.89,5.44,6.22,6.22,5.44,3.5,3.5,3.5,3.5
N_3_35,N_4_36,6.600886995704333,6.73,6.73,6.73,6.73,6.73,6.73,10.3,10.3,11.88,11.88,7.92,7.92,7.92,7.92,7.92,7.92,11.09,12.67,12.67,11.09,7.13,7.13,7.13,7.13
N_3_36,N_1_36,2.249889377393213,3.69,3.69,3.69,3.69,3.69,3.69,6.12,6.12,7.2,7.2,4.5,4.5,4.5,4.5,4.5,4.5,6.66,7.74,7.74,6.66,3.96,3.96,3.96,3.96
N_3_36,N_2_37,1.3690999731050268,2.25,2.25,2.25,2.25,2.25,2.25,3.72,3.72,4.38,4.38,2.74,2.74,2.74,2.74,2.74,2.74,4.05,4.71,4.71,4.05,2.41,2.41,2.41,2.41
N_3_36,N_3_35,5.006532369513815,5.11,5.11,5.11,5.11,5.11,5.11,7.81,7.81,9.01,9.01,6.01,6.01,6.01,6.01,6.01,6.01,8.41,9.61,9.61,8.41,5.41,5.41,5.41,5.41
N_3_36,N_5_36,4.345870858530187,4.43,4.43,4.43,4.43,4.43,4.43,6.78,6.78,7.82,7.82,5.22,5.22,5.22,5.22,5.22,5.22,7.3,8.34,8.34,7.3,4.69,4.69,4.69,4.69
N_3_36,N_5_38,9.781243834385837,5.43,5.43,5.43,5.43,5.43,5.43,6.75,6.75,7.34,7.34,5.87,5.87,5.87,5.87,5.87,5.87,7.04,7.63,7.63,7.04,5.58,5.58,5.58,5.58
N_3_36,N_6_36,3.305892992821837,3.37,3.37,3.37,3.37,3.37,3.37,5.16,5.16,5.95,5.95,3.97,3.97,3.97,3.97,3.97,3.97,5.55,6.35,6.35,5.55,3.57,3.57,3.57,3.57
N_3_37,N_1_35,6.960059898944438,7.1,7.1,7.1,7.1,7.1,7.1,10.86,10.86,12.53,12.53,8.35,8.35,8.35,8.35,8.35,8.35,11.69,13.36,13.36,11.69,7.52,7.52,7.52,7.52
N_3_37,N_1_36,2.244613220096533,3.68,3.68,3.68,3.68,3.68,3.68,6.11,6.11,7.18,7.18,4.49,4.49,4.49,4.49,4.49,4.49,6.64,7.72,7.72,6.64,3.95,3.95,3.95,3.95
N_3_37,N_2_35,14.528445979391913,8.06,8.06,8.06,8.06,8.06,8.06,10.02,10.02,10.9,10.9,8.72,8.72,8.72,8.72,8.72,8.72,10.46,11.33,11.33,10.46,8.28,8.28,8.28,8.28
N_3_37,N_2_36,3.6687564120639213,3.74,3.74,3.74,3.74,3.74,3.74,5.72,5.72,6.6,6.6,4.4,4.4,4.4,4.4,4.4,4.4,6.16,7.04,7.04,6.16,3.96,3.96,3.96,3.96
N_3_38,N_1_36,6.579937844270576,6.71,6.71,6.71,6.71,6.71,6.71,10.26,10.26,11.84,11.84,7.9,7.9,7.9,7.9,7.9,7.9,11.05,12.63,12.63,11.05,7.11,7.11,7.11,7.11
N_3_38,N_2_38,6.272072932138057,6.4,6.4,6.4,6.4,6.4,6.4,9.78,9.78,11.29,11.29,7.53,7.53,7.53,7.53,7.53,7.53,10.54,12.04,12.04,10.54,6.77,6.77,6.77,6.77
N_3_38,N_3_37,3.77888936413926,3.85,3.85,3.85,3.85,3.85,3.85,5.9,5.9,6.8,6.8,4.53,4.53,4.53,4.53,4.53,4.53,6.35,7.26,7.26,6.35,4.08,4.08,4.08,4.08
N_3_38,N_0_38,6.8811299288556125,7.02,7.02,7.02,7.02,7.02,7.02,10.73,10.73,12.39,12.39,8.26,8.26,8.26,8.26,8.26,8.26,11.56,13.21,13.21,11.56,7.43,7.43,7.43,7.43
N_3_39,N_1_38,3.066525264174223,3.13,3.13,3.13,3.13,3.13,3.13,4.78,4.78,5.52,5.52,3.68,3.68,3.68,3.68,3.68,3.68,5.15,5.89,5.89,5.15,3.31,3.31,3.31,3.31
N_3_39,N_3_36,8.524046231155271,4.73,4.73,4.73,4.73,4.73,4.73,5.88,5.88,6.39,6.39,5.11,5.11,5.11,5.11,5.11,5.11,6.14,6.65,6.65,6.14,4.86,4.86,4.86,4.86
N_3_39,N_4_37,2.2065451026959293,3.62,3.62,3.62,3.62,3.62,3.62,6.0,6.0,7.06,7.06,4.41,4.41,4.41,4.41,4.41,4.41,6.53,7.59,7.59,6.53,3.88,3.88,3.88,3.88
N_3_39,N_4_39,2.0289289303577833,3.33,3.33,3.33,3.33,3.33,3.33,5.52,5.52,6.49,6.49,4.06,4.06,4.06,4.06,4.06,4.06,6.01,6.98,6.98,6.01,3.57,3.57,3.57,3.57
N_3_39,N_3_38,0.9351956234400676,1.53,1.53,1.53,1.53,1.53,1.53,2.54,2.54,2.99,2.99,1.87,1.87,1.87,1.87,1.87,1.87,2.77,3.22,3.22,2.77,1.65,1.65,1.65,1.65
N_3_39,N_2_38,11.62384029500849,6.45,6.45,6.45,6.45,6.45,6.45,8.02,8.02,8.72,8.72,6.97,6.97,6.97,6.97,6.97,6.97,8.37,9.07,9.07,8.37,6.63,6.63,6.63,6.63
N_3_39,N_5_39,6.832127754633209,6.97,6.97,6.97,6.97,6.97,6.97,10.66,10.66,12.3,12.3,8.2,8.2,8.2,8.2,8.2,8.2,11.48,13.12,13.12,11.48,7.38,7.38,7.38,7.38
N_3_4,N_1_2,9.9772736998172,5.54,5.54,5.54,5.54,5.54,5.54,6.88,6.88,7.48,7.48,5.99,5.99,5.99,5.99,5.99,5.99,7.18,7.78,7.78,7.18,5.69,5.69,5.69,5.69
N_3_4,N_1_4,1.6500865576567516,2.71,2.71,2.71,2.71,2.71,2.71,4.49,4.49,5.28,5.28,3.3,3.3,3.3,3.3,3.3,3.3,4.88,5.68,5.68,4.88,2.9,2.9,2.9,2.9
N_3_4,N_1_5,3.3012972419455533,3.37,3.37,3.37,3.37,3.37,3.37,5.15,5.15,5.94,5.94,3.96,3.96,3.96,3.96,3.96,3.96,5.55,6.34,6.34,5.55,3.57,3.57,3.57,3.57
N_3_5,N_3_3,9.973184105687345,5.54,5.54,5.54,5.54,5.54,5.54,6.88,6.88,7.48,7.48,5.98,5.98,5.98,5.98,5.98,5.98,7.18,7.78,7.78,7.18,5.68,5.68,5.68,5.68
N_3_5,N_2_6,3.446123830665689,3.52,3.52,3.52,3.52,3.52,3.52,5.38,5.38,6.2,6.2,4.14,4.14,4.14,4.14,4.14,4.14,5.79,6.62,6.62,5.79,3.72,3.72,3.72,3.72
N_3_5,N_4_3,1.9820105009329463,3.25,3.25,3.25,3.25,3.25,3.25,5.39,5.39,6.34,6.34,3.96,3.96,3.96,3.96,3.96,3.96,5.87,6.82,6.82,5.87,3.49,3.49,3.49,3.49
N_3_6,N_1_6,5.25028199055259,5.36,5.36,5.36,5.36,5.36,5.36,8.19,8.19,9.45,9.45,6.3,6.3,6.3,6.3,6.3,6.3,8.82,10.08,10.08,8.82,5.67,5.67,5.67,5.67
N_3_6,N_2_6,6.314921446743249,6.44,6.44,6.44,6.44,6.44,6.44,9.85,9.85,11.37,11.37,7.58,7.58,7.58,7.58,7.58,7.58,10.61,12.12,12.12,10.61,6.82,6.82,6.82,6.82
N_3_6,N_4_8,4.988094371126211,5.09,5.09,5.09,5.09,5.09,5.09,7.78,7.78,8.98,8.98,5.99,5.99,5.99,5.99,5.99,5.99,8.38,9.58,9.58,8.38,5.39,5.39,5.39,5.39
N_3_7,N_2_7,2.177217671493622,3.57,3.57,3.57,3.57,3.57,3.57,5.92,5.92,6.97,6.97,4.35,4.35,4.35,4.35,4.35,4.35,6.44,7.49,7.49,6.44,3.83,3.83,3.83,3.83
N_3_7,N_3_5,13.34476856165151,7.41,7.41,7.41,7.41,7.41,7.41,9.21,9.21,10.01,10.01,8.01,8.01,8.01,8.01,8.01,8.01,9.61,10.41,10.41,9.61,7.61,7.61,7.61,7.61
N_3_7,N_2_5,5.01810805704968,5.12,5.12,5.12,5.12,5.12,5.12,7.83,7.83,9.03,9.03,6.02,6.02,6.02,6.02,6.02,6.02,8.43,9.63,9.63,8.43,5.42,5.42,5.42,5.42
N_3_7,N_5_8,5.9003037556742814,6.02,6.02,6.02,6.02,6.02,6.02,9.2,9.2,10.62,10.62,7.08,7.08,7.08,7.08,7.08,7.08,9.91,11.33,11.33,9.91,6.37,6.37,6.37,6.37
N_3_7,N_3_4,6.192098636570186,6.32,6.32,6.32,6.32,6.32,6.32,9.66,9.66,11.15,11.15,7.43,7.43,7.43,7.43,7.43,7.43,10.4,11.89,11.89,10.4,6.69,6.69,6.69,6.69
N_3_7,N_5_9,3.5326652194319554,3.6,3.6,3.6,3.6,3.6,3.6,5.51,5.51,6.36,6.36,4.24,4.24,4.24,4.24,4.24,4.24,5.93,6.78,6.78,5.93,3.82,3.82,3.82,3.82
N_3_8,N_3_10,4.593808311016825,4.69,4.69,4.69,4.69,4.69,4.69,7.17,7.17,8.27,8.27,5.51,5.51,5.51,5.51,5.51,5.51,7.72,8.82,8.82,7.72,4.96,4.96,4.96,4.96
N_3_8,N_5_10,6.676981067562435,6.81,6.81,6.81,6.81,6.81,6.81,10.42,10.42,12.02,12.02,8.01,8.01,8.01,8.01,8.01,8.01,11.22,12.82,12.82,11.22,7.21,7.21,7.21,7.21
N_3_8,N_2_9,3.2198406429283155,3.28,3.28,3.28,3.28,3.28,3.28,5.02,5.02,5.8,5.8,3.86,3.86,3.86,3.86,3.86,3.86,5.41,6.18,6.18,5.41,3.48,3.48,3.48,3.48
N_3_8,N_3_7,3.1726296905202496,3.24,3.24,3.24,3.24,3.24,3.24,4.95,4.95,5.71,5.71,3.81,3.81,3.81,3.81,3.81,3.81,5.33,6.09,6.09,5.33,3.43,3.43,3.43,3.43
N_3_9,N_4_10,5.214613641417941,5.32,5.32,5.32,5.32,5.32,5.32,8.13,8.13,9.39,9.39,6.26,6.26,6.26,6.26,6.26,6.26,8.76,10.01,10.01,8.76,5.63,5.63,5.63,5.63
N_3_9,N_2_9,2.431650178623415,3.99,3.99,3.99,3.99,3.99,3.99,6.61,6.61,7.78,7.78,4.86,4.86,4.86,4.86,4.86,4.86,7.2,8.36,8.36,7.2,4.28,4.28,4.28,4.28
N_3_9,N_4_8,1.1288325125859786,1.85,1.85,1.85,1.85,1.85,1.85,3.07,3.07,3.61,3.61,2.26,2.26,2.26,2.26,2.26,2.26,3.34,3.88,3.88,3.34,1.99,1.99,1.99,1.99
N_3_9,N_3_7,0.6796565665604193,1.11,1.11,1.11,1.11,1.11,1.11,1.85,1.85,2.17,2.17,1.36,1.36,1.36,1.36,1.36,1.36,2.01,2.34,2.34,2.01,1.2,1.2,1.2,1.2
N_3_9,N_3_12,5.970215411510787,6.09,6.09,6.09,6.09,6.09,6.09,9.31,9.31,10.75,10.75,7.16,7.16,7.16,7.16,7.16,7.16,10.03,11.46,11.46,10.03,6.45,6.45,6.45,6.45
N_4_0,N_2_0,0.932112950645589,1.53,1.53,1.53,1.53,1.53,1.53,2.54,2.54,2.98,2.98,1.86,1.86,1.86,1.86,1.86,1.86,2.76,3.21,3.21,2.76,1.64,1.64,1.64,1.64
N_4_0,N_2_1,14.325696090457711,7.95,7.95,7.95,7.95,7.95,7.95,9.88,9.88,10.74,10.74,8.6,8.6,8.6,8.6,8.6,8.6,10.31,11.17,11.17,10.31,8.17,8.17,8.17,8.17
N_4_0,N_3_1,8.716790159729145,4.84,4.84,4.84,4.84,4.84,4.84,6.01,6.01,6.54,6.54,5.23,5.23,5.23,5.23,5.23,5.23,6.28,6.8,6.8,6.28,4.97,4.97,4.97,4.97
N_4_1,N_1_1,1.5167636391825121,2.49,2.49,2.49,2.49,2.49,2.49,4.13,4.13,4.85,4.85,3.03,3.03,3.03,3.03,3.03,3.03,4.49,5.22,5.22,4.49,2.67,2.67,2.67,2.67
N_4_1,N_3_2,9.784384198518627,5.43,5.43,5.43,5.43,5.43,5.43,6.75,6.75,7.34,7.34,5.87,5.87,5.87,5.87,5.87,5.87,7.04,7.63,7.63,7.04,5.58,5.58,5.58,5.58
N_4_1,N_6_0,8.378585583169869,4.65,4.65,4.65,4.65,4.65,4.65,5.78,5.78,6.28,6.28,5.03,5.03,5.03,5.03,5.03,5.03,6.03,6.54,6.54,6.03,4.78,4.78,4.78,4.78
N_4_1,N_3_3,3.4449345004230665,3.51,3.51,3.51,3.51,3.51,3.51,5.37,5.37,6.2,6.2,4.13,4.13,4.13,4.13,4.13,4.13,5.79,6.61,6.61,5.79,3.72,3.72,3.72,3.72
N_4_1,N_6_2,2.1578955548104775,3.54,3.54,3.54,3.54,3.54,3.54,5.87,5.87,6.91,6.91,4.32,4.32,4.32,4.32,4.32,4.32,6.39,7.42,7.42,6.39,3.8,3.8,3.8,3.8
N_4_1,N_3_0,4.900877352004528,5.0,5.0,5.0,5.0,5.0,5.0,7.65,7.65,8.82,8.82,5.88,5.88,5.88,5.88,5.88,5.88,8.23,9.41,9.41,8.23,5.29,5.29,5.29,5.29
N_4_1,N_2_1,6.5726836284135315,6.7,6.7,6.7,6.7,6.7,6.7,10.25,10.25,11.83,11.83,7.89,7.89,7.89,7.89,7.89,7.89,11.04,12.62,12.62,11.04,7.1,7.1,7.1,7.1
N_4_10,N_2_10,12.973420935695119,7.2,7.2,7.2,7.2,7.2,7.2,8.95,8.95,9.73,9.73,7.78,7.78,7.78,7.78,7.78,7.78,9.34,10.12,10.12,9.34,7.39,7.39,7.39,7.39
N_4_10,N_2_11,6.255017649130491,6.38,6.38,6.38,6.38,6.38,6.38,9.76,9.76,11.26,11.26,7.51,7.51,7.51,7.51,7.51,7.51,10.51,12.01,12.01,10.51,6.76,6.76,6.76,6.76
N_4_10,N_2_12,12.567411703560712,6.97,6.97,6.97,6.97,6.97,6.97,8.67,8.67,9.43,9.43,7.54,7.54,7.54,7.54,7.54,7.54,9.05,9.8,9.8,9.05,7.16,7.16,7.16,7.16
N_4_10,N_3_10,3.241802880511991,3.31,3.31,3.31,3.31,3.31,3.31,5.06,5.06,5.84,5.84,3.89,3.89,3.89,3.89,3.89,3.89,5.45,6.22,6.22,5.45,3.5,3.5,3.5,3.5
N_4_10,N_3_9,5.214613641417941,5.32,5.32,5.32,5.32,5.32,5.32,8.13,8.13,9.39,9.39,6.26,6.26,6.26,6.26,6.26,6.26,8.76,10.01,10.01,8.76,5.63,5.63,5.63,5.63
N_4_11,N_2_10,6.027958413690341,6.15,6.15,6.15,6.15,6.15,6.15,9.4,9.4,10.85,10.85,7.23,7.23,7.23,7.23,7.23,7.23,10.13,11.57,11.57,10.13,6.51,6.51,6.51,6.51
N_4_11,N_3_10,5.438457279728099,5.55,5.55,5.55,5.55,5.55,5.55,8.48,8.48,9.79,9.79,6.53,6.53,6.53,6.53,6.53,6.53,9.14,10.44,10.44,9.14,5.87,5.87,5.87,5.87
N_4_11,N_6_9,11.147479887257095,6.19,6.19,6.19,6.19,6.19,6.19,7.69,7.69,8.36,8.36,6.69,6.69,6.69,6.69,6.69,6.69,8.03,8.7,8.7,8.03,6.35,6.35,6.35,6.35
N_4_11,N_5_10,14.646794804920859,8.13,8.13,8.13,8.13,8.13,8.13,10.11,10.11,10.99,10.99,8.79,8.79,8.79,8.79,8.79,8.79,10.55,11.42,11.42,10.55,8.35,8.35,8.35,8.35
N_4_11,N_3_13,8.977508768894277,4.98,4.98,4.98,4.98,4.98,4.98,6.19,6.19,6.73,6.73,5.39,5.39,5.39,5.39,5.39,5.39,6.46,7.0,7.0,6.46,5.12,5.12,5.12,5.12
N_4_11,N_5_11,9.017908356819257,5.0,5.0,5.0,5.0,5.0,5.0,6.22,6.22,6.76,6.76,5.41,5.41,5.41,5.41,5.41,5.41,6.49,7.03,7.03,6.49,5.14,5.14,5.14,5.14
N_4_11,N_3_11,3.296759483612581,3.36,3.36,3.36,3.36,3.36,3.36,5.14,5.14,5.93,5.93,3.96,3.96,3.96,3.96,3.96,3.96,5.54,6.33,6.33,5.54,3.56,3.56,3.56,3.56
N_4_12,N_1_12,5.136594924177699,5.24,5.24,5.24,5.24,5.24,5.24,8.01,8.01,9.25,9.25,6.16,6.16,6.16,6.16,6.16,6.16,8.63,9.86,9.86,8.63,5.55,5.55,5.55,5.55
N_4_12,N_2_11,11.787057157985014,6.54,6.54,6.54,6.54,6.54,6.54,8.13,8.13,8.84,8.84,7.07,7.07,7.07,7.07,7.07,7.07,8.49,9.19,9.19,8.49,6.72,6.72,6.72,6.72
N_4_12,N_4_15,14.48291641161975,8.04,8.04,8.04,8.04,8.04,8.04,9.99,9.99,10.86,10.86,8.69,8.69,8.69,8.69,8.69,8.69,10.43,11.3,11.3,10.43,8.26,8.26,8.26,8.26
N_4_12,N_5_14,13.894293257490357,7.71,7.71,7.71,7.71,7.71,7.71,9.59,9.59,10.42,10.42,8.34,8.34,8.34,8.34,8.34,8.34,10.0,10.84,10.84,10.0,7.92,7.92,7.92,7.92
N_4_12,N_4_9,6.007347933635133,6.13,6.13,6.13,6.13,6.13,6.13,9.37,9.37,10.81,10.81,7.21,7.21,7.21,7.21,7.21,7.21,10.09,11.53,11.53,10.09,6.49,6.49,6.49,6.49
N_4_12,N_3_12,2.2537306835904993,3.7,3.7,3.7,3.7,3.7,3.7,6.13,6.13,7.21,7.21,4.51,4.51,4.51,4.51,4.51,4.51,6.67,7.75,7.75,6.67,3.97,3.97,3.97,3.97
N_4_12,N_3_13,5.097685099527789,5.2,5.2,5.2,5.2,5.2,5.2,7.95,7.95,9.18,9.18,6.12,6.12,6.12,6.12,6.12,6.12,8.56,9.79,9.79,8.56,5.51,5.51,5.51,5.51
N_4_13,N_3_11,4.516464079099842,4.61,4.61,4.61,4.61,4.61,4.61,7.05,7.05,8.13,8.13,5.42,5.42,5.42,5.42,5.42,5.42,7.59,8.67,8.67,7.59,4.88,4.88,4.88,4.88
N_4_13,N_2_11,6.715686338575783,6.85,6.85,6.85,6.85,6.85,6.85,10.48,10.48,12.09,12.09,8.06,8.06,8.06,8.06,8.06,8.06,11.28,12.89,12.89,11.28,7.25,7.25,7.25,7.25
N_4_13,N_5_11,4.240601797406411,4.33,4.33,4.33,4.33,4.33,4.33,6.62,6.62,7.63,7.63,5.09,5.09,5.09,5.09,5.09,5.09,7.12,8.14,8.14,7.12,4.58,4.58,4.58,4.58
N_4_14,N_4_13,4.9346257766911386,5.03,5.03,5.03,5.03,5.03,5.03,7.7,7.7,8.88,8.88,5.92,5.92,5.92,5.92,5.92,5.92,8.29,9.47,9.47,8.29,5.33,5.33,5.33,5.33
N_4_14,N_3_16,0.7990240471675556,1.31,1.31,1.31,1.31,1.31,1.31,2.17,2.17,2.56,2.56,1.6,1.6,1.6,1.6,1.6,1.6,2.37,2.75,2.75,2.37,1.41,1.41,1.41,1.41
N_4_14,N_4_12,11.255794656471874,6.25,6.25,6.25,6.25,6.25,6.25,7.77,7.77,8.44,8.44,6.75,6.75,6.75,6.75,6.75,6.75,8.1,8.78,8.78,8.1,6.42,6.42,6.42,6.42
N_4_14,N_3_12,1.9526230973711207,3.2,3.2,3.2,3.2,3.2,3.2,5.31,5.31,6.25,6.25,3.91,3.91,3.91,3.91,3.91,3.91,5.78,6.72,6.72,5.78,3.44,3.44,3.44,3.44
N_4_14,N_3_13,5.396368986858837,5.5,5.5,5.5,5.5,5.5,5.5,8.42,8.42,9.71,9.71,6.48,6.48,6.48,6.48,6.48,6.48,9.07,10.36,10.36,9.07,5.83,5.83,5.83,5.83
N_4_14,N_4_17,3.022458442398983,3.08,3.08,3.08,3.08,3.08,3.08,4.72,4.72,5.44,5.44,3.63,3.63,3.63,3.63,3.63,3.63,5.08,5.8,5.8,5.08,3.26,3.26,3.26,3.26
N_4_14,N_5_13,5.389554253090232,5.5,5.5,5.5,5.5,5.5,5.5,8.41,8.41,9.7,9.7,6.47,6.47,6.47,6.47,6.47,6.47,9.05,10.35,10.35,9.05,5.82,5.82,5.82,5.82
N_4_14,N_6_14,8.207195643606575,4.55,4.55,4.55,4.55,4.55,4.55,5.66,5.66,6.16,6.16,4.92,4.92,4.92,4.92,4.92,4.92,5.91,6.4,6.4,5.91,4.68,4.68,4.68,4.68
N_4_15,N_2_15,1.8088715438814342,2.97,2.97,2.97,2.97,2.97,2.97,4.92,4.92,5.79,5.79,3.62,3.62,3.62,3.62,3.62,3.62,5.35,6.22,6.22,5.35,3.18,3.18,3.18,3.18
N_4_15,N_4_13,4.99096867350415,5.09,5.09,5.09,5.09,5.09,5.09,7.79,7.79,8.98,8.98,5.99,5.99,5.99,5.99,5.99,5.99,8.38,9.58,9.58,8.38,5.39,5.39,5.39,5.39
N_4_15,N_3_16,0.8732844768452868,1.43,1.43,1.43,1.43,1.43,1.43,2.38,2.38,2.79,2.79,1.75,1.75,1.75,1.75,1.75,1.75,2.58,3.0,3.0,2.58,1.54,1.54,1.54,1.54
N_4_15,N_4_12,3.623675423460856,3.7,3.7,3.7,3.7,3.7,3.7,5.65,5.65,6.52,6.52,4.35,4.35,4.35,4.35,4.35,4.35,6.09,6.96,6.96,6.09,3.91,3.91,3.91,3.91
N_4_15,N_3_13,12.96713920993622,7.2,7.2,7.2,7.2,7.2,7.2,8.95,8.95,9.73,9.73,7.78,7.78,7.78,7.78,7.78,7.78,9.34,10.11,10.11,9.34,7.39,7.39,7.39,7.39
N_4_15,N_4_18,14.78904415797436,8.21,8.21,8.21,8.21,8.21,8.21,10.2,10.2,11.09,11.09,8.87,8.87,8.87,8.87,8.87,8.87,10.65,11.54,11.54,10.65,8.43,8.43,8.43,8.43
N_4_16,N_2_15,13.755986188861243,7.63,7.63,7.63,7.63,7.63,7.63,9.49,9.49,10.32,10.32,8.25,8.25,8.25,8.25,8.25,8.25,9.9,10.73,10.73,9.9,7.84,7.84,7.84,7.84
N_4_16,N_3_18,4.537448151013292,4.63,4.63,4.63,4.63,4.63,4.63,7.08,7.08,8.17,8.17,5.44,5.44,5.44,5.44,5.44,5.44,7.62,8.71,8.71,7.62,4.9,4.9,4.9,4.9
N_4_16,N_5_14,3.2110688438126562,3.28,3.28,3.28,3.28,3.28,3.28,5.01,5.01,5.78,5.78,3.85,3.85,3.85,3.85,3.85,3.85,5.39,6.17,6.17,5.39,3.47,3.47,3.47,3.47
N_4_16,N_6_15,0.6741889166777679,1.11,1.11,1.11,1.11,1.11,1.11,1.83,1.83,2.16,2.16,1.35,1.35,1.35,1.35,1.35,1.35,2.0,2.32,2.32,2.0,1.19,1.19,1.19,1.19
N_4_17,N_3_17,6.838767417809875,6.98,6.98,6.98,6.98,6.98,6.98,10.67,10.67,12.31,12.31,8.21,8.21,8.21,8.21,8.21,8.21,11.49,13.13,13.13,11.49,7.39,7.39,7.39,7.39
N_4_17,N_3_18,5.1410775834660525,5.24,5.24,5.24,5.24,5.24,5.24,8.02,8.02,9.25,9.25,6.17,6.17,6.17,6.17,6.17,6.17,8.64,9.87,9.87,8.64,5.55,5.55,5.55,5.55
N_4_17,N_4_14,3.022458442398983,3.08,3.08,3.08,3.08,3.08,3.08,4.72,4.72,5.44,5.44,3.63,3.63,3.63,3.63,3.63,3.63,5.08,5.8,5.8,5.08,3.26,3.26,3.26,3.26
N_4_17,N_5_15,3.4170481664170937,3.49,3.49,3.49,3.49,3.49,3.49,5.33,5.33,6.15,6.15,4.1,4.1,4.1,4.1,4.1,4.1,5.74,6.56,6.56,5.74,3.69,3.69,3.69,3.69
N_4_17,N_6_19,11.637666541169452,6.46,6.46,6.46,6.46,6.46,6.46,8.03,8.03,8.73,8.73,6.98,6.98,6.98,6.98,6.98,6.98,8.38,9.08,9.08,8.38,6.63,6.63,6.63,6.63
N_4_18,N_4_15,2.323729334157056,3.81,3.81,3.81,3.81,3.81,3.81,6.32,6.32,7.44,7.44,4.65,4.65,4.65,4.65,4.65,4.65,6.88,7.99,7.99,6.88,4.09,4.09,4.09,4.09
N_4_18,N_5_20,4.764797347180183,4.86,4.86,4.86,4.86,4.86,4.86,7.43,7.43,8.58,8.58,5.72,5.72,5.72,5.72,5.72,5.72,8.0,9.15,9.15,8.0,5.15,5.15,5.15,5.15
N_4_18,N_2_17,3.7435897674424736,3.82,3.82,3.82,3.82,3.82,3.82,5.84,5.84,6.74,6.74,4.49,4.49,4.49,4.49,4.49,4.49,6.29,7.19,7.19,6.29,4.04,4.04,4.04,4.04
N_4_18,N_3_18,4.283141895234721,4.37,4.37,4.37,4.37,4.37,4.37,6.68,6.68,7.71,7.71,5.14,5.14,5.14,5.14,5.14,5.14,7.2,8.22,8.22,7.2,4.63,4.63,4.63,4.63
N_4_18,N_1_18,5.247067777143072,5.35,5.35,5.35,5.35,5.35,5.35,8.19,8.19,9.44,9.44,6.3,6.3,6.3,6.3,6.3,6.3,8.82,10.07,10.07,8.82,5.67,5.67,5.67,5.67
N_4_18,N_3_16,1.6073011094932448,2.64,2.64,2.64,2.64,2.64,2.64,4.37,4.37,5.14,5.14,3.21,3.21,3.21,3.21,3.21,3.21,4.76,5.53,5.53,4.76,2.83,2.83,2.83,2.83
N_4_19,N_3_19,3.164727988040026,3.23,3.23,3.23,3.23,3.23,3.23,4.94,4.94,5.7,5.7,3.8,3.8,3.8,3.8,3.8,3.8,5.32,6.08,6.08,5.32,3.42,3.42,3.42,3.42
N_4_19,N_1_19,12.56522574221027,6.97,6.97,6.97,6.97,6.97,6.97,8.67,8.67,9.42,9.42,7.54,7.54,7.54,7.54,7.54,7.54,9.05,9.8,9.8,9.05,7.16,7.16,7.16,7.16
N_4_19,N_4_22,4.124881609823454,4.21,4.21,4.21,4.21,4.21,4.21,6.43,6.43,7.42,7.42,4.95,4.95,4.95,4.95,4.95,4.95,6.93,7.92,7.92,6.93,4.45,4.45,4.45,4.45
N_4_19,N_4_20,6.58300834070258,6.71,6.71,6.71,6.71,6.71,6.71,10.27,10.27,11.85,11.85,7.9,7.9,7.9,7.9,7.9,7.9,11.06,12.64,12.64,11.06,7.11,7.11,7.11,7.11
N_4_19,N_5_17,4.138780828742911,4.22,4.22,4.22,4.22,4.22,4.22,6.46,6.46,7.45,7.45,4.97,4.97,4.97,4.97,4.97,4.97,6.95,7.95,7.95,6.95,4.47,4.47,4.47,4.47
N_4_19,N_7_19,10.997880611144904,6.1,6.1,6.1,6.1,6.1,6.1,7.59,7.59,8.25,8.25,6.6,6.6,6.6,6.6,6.6,6.6,7.92,8.58,8.58,7.92,6.27,6.27,6.27,6.27
N_4_19,N_4_18,3.099269205597699,3.16,3.16,3.16,3.16,3.16,3.16,4.83,4.83,5.58,5.58,3.72,3.72,3.72,3.72,3.72,3.72,5.21,5.95,5.95,5.21,3.35,3.35,3.35,3.35
N_4_2,N_3_1,2.098041861551283,3.44,3.44,3.44,3.44,3.44,3.44,5.71,5.71,6.71,6.71,4.2,4.2,4.2,4.2,4.2,4.2,6.21,7.22,7.22,6.21,3.69,3.69,3.69,3.69
N_4_2,N_1_2,11.885076014624113,6.6,6.6,6.6,6.6,6.6,6.6,8.2,8.2,8.91,8.91,7.13,7.13,7.13,7.13,7.13,7.13,8.56,9.27,9.27,8.56,6.77,6.77,6.77,6.77
N_4_2,N_4_0,6.73243714683009,6.87,6.87,6.87,6.87,6.87,6.87,10.5,10.5,12.12,12.12,8.08,8.08,8.08,8.08,8.08,8.08,11.31,12.93,12.93,11.31,7.27,7.27,7.27,7.27
N_4_2,N_5_2,1.282413288303387,2.1,2.1,2.1,2.1,2.1,2.1,3.49,3.49,4.1,4.1,2.56,2.56,2.56,2.56,2.56,2.56,3.8,4.41,4.41,3.8,2.26,2.26,2.26,2.26
N_4_2,N_6_1,3.2042960031183285,3.27,3.27,3.27,3.27,3.27,3.27,5.0,5.0,5.77,5.77,3.85,3.85,3.85,3.85,3.85,3.85,5.38,6.15,6.15,5.38,3.46,3.46,3.46,3.46
N_4_2,N_5_0,3.8529679672269976,3.93,3.93,3.93,3.93,3.93,3.93,6.01,6.01,6.94,6.94,4.62,4.62,4.62,4.62,4.62,4.62,6.47,7.4,7.4,6.47,4.16,4.16,4.16,4.16
N_4_2,N_5_4,13.075236659762421,7.26,7.26,7.26,7.26,7.26,7.26,9.02,9.02,9.81,9.81,7.85,7.85,7.85,7.85,7.85,7.85,9.41,10.2,10.2,9.41,7.45,7.45,7.45,7.45
N_4_20,N_3_20,4.9565318438648465,5.06,5.06,5.06,5.06,5.06,5.06,7.73,7.73,8.92,8.92,5.95,5.95,5.95,5.95,5.95,5.95,8.33,9.52,9.52,8.33,5.35,5.35,5.35,5.35
N_4_20,N_4_19,6.58300834070258,6.71,6.71,6.71,6.71,6.71,6.71,10.27,10.27,11.85,11.85,7.9,7.9,7.9,7.9,7.9,7.9,11.06,12.64,12.64,11.06,7.11,7.11,7.11,7.11
N_4_20,N_4_22,14.185484953282911,7.87,7.87,7.87,7.87,7.87,7.87,9.79,9.79,10.64,10.64,8.51,8.51,8.51,8.51,8.51,8.51,10.21,11.06,11.06,10.21,8.09,8.09,8.09,8.09
N_4_21,N_3_19,8.165085008899087,4.53,4.53,4.53,4.53,4.53,4.53,5.63,5.63,6.12,6.12,4.9,4.9,4.9,4.9,4.9,4.9,5.88,6.37,6.37,5.88,4.65,4.65,4.65,4.65
N_4_21,N_5_22,1.7178210103523546,2.82,2.82,2.82,2.82,2.82,2.82,4.67,4.67,5.5,5.5,3.44,3.44,3.44,3.44,3.44,3.44,5.08,5.91,5.91,5.08,3.02,3.02,3.02,3.02
N_4_21,N_4_18,6.026926462741617,6.15,6.15,6.15,6.15,6.15,6.15,9.4,9.4,10.85,10.85,7.23,7.23,7.23,7.23,7.23,7.23,10.13,11.57,11.57,10.13,6.51,6.51,6.51,6.51
N_4_21,N_2_20,13.666850004238448,7.59,7.59,7.59,7.59,7.59,7.59,9.43,9.43,10.25,10.25,8.2,8.2,8.2,8.2,8.2,8.2,9.84,10.66,10.66,9.84,7.79,7.79,7.79,7.79
N_4_21,N_3_23,8.554340112390076,4.75,4.75,4.75,4.75,4.75,4.75,5.9,5.9,6.42,6.42,5.13,5.13,5.13,5.13,5.13,5.13,6.16,6.67,6.67,6.16,4.88,4.88,4.88,4.88
N_4_21,N_6_22,1.3338341826295932,2.19,2.19,2.19,2.19,2.19,2.19,3.63,3.63,4.27,4.27,2.67,2.67,2.67,2.67,2.67,2.67,3.95,4.59,4.59,3.95,2.35,2.35,2.35,2.35
N_4_22,N_4_20,14.185484953282911,7.87,7.87,7.87,7.87,7.87,7.87,9.79,9.79,10.64,10.64,8.51,8.51,8.51,8.51,8.51,8.51,10.21,11.06,11.06,10.21,8.09,8.09,8.09,8.09
N_4_22,N_5_24,2.4193846367896317,3.97,3.97,3.97,3.97,3.97,3.97,6.58,6.58,7.74,7.74,4.84,4.84,4.84,4.84,4.84,4.84,7.16,8.32,8.32,7.16,4.26,4.26,4.26,4.26
N_4_22,N_4_24,4.486133763812165,4.58,4.58,4.58,4.58,4.58,4.58,7.0,7.0,8.08,8.08,5.38,5.38,5.38,5.38,5.38,5.38,7.54,8.61,8.61,7.54,4.85,4.85,4.85,4.85
N_4_22,N_5_20,5.464294333753161,5.57,5.57,5.57,5.57,5.57,5.57,8.52,8.52,9.84,9.84,6.56,6.56,6.56,6.56,6.56,6.56,9.18,10.49,10.49,9.18,5.9,5.9,5.9,5.9
N_4_22,N_4_21,3.101451946034124,3.16,3.16,3.16,3.16,3.16,3.16,4.84,4.84,5.58,5.58,3.72,3.72,3.72,3.72,3.72,3.72,5.21,5.95,5.95,5.21,3.35,3.35,3.35,3.35
N_4_22,N_2_20,1.3879232914316926,2.28,2.28,2.28,2.28,2.28,2.28,3.78,3.78,4.44,4.44,2.78,2.78,2.78,2.78,2.78,2.78,4.11,4.77,4.77,4.11,2.44,2.44,2.44,2.44
N_4_23,N_3_25,12.97237519711111,7.2,7.2,7.2,7.2,7.2,7.2,8.95,8.95,9.73,9.73,7.78,7.78,7.78,7.78,7.78,7.78,9.34,10.12,10.12,9.34,7.39,7.39,7.39,7.39
N_4_23,N_4_20,3.620370995278322,3.69,3.69,3.69,3.69,3.69,3.69,5.65,5.65,6.52,6.52,4.34,4.34,4.34,4.34,4.34,4.34,6.08,6.95,6.95,6.08,3.91,3.91,3.91,3.91
N_4_23,N_6_22,5.528389854361832,5.64,5.64,5.64,5.64,5.64,5.64,8.62,8.62,9.95,9.95,6.63,6.63,6.63,6.63,6.63,6.63,9.29,10.61,10.61,9.29,5.97,5.97,5.97,5.97
N_4_23,N_6_24,9.286777353003101,5.15,5.15,5.15,5.15,5.15,5.15,6.41,6.41,6.97,6.97,5.57,5.57,5.57,5.57,5.57,5.57,6.69,7.24,7.24,6.69,5.29,5.29,5.29,5.29
N_4_24,N_1_24,1.878289685893457,3.08,3.08,3.08,3.08,3.08,3.08,5.11,5.11,6.01,6.01,3.76,3.76,3.76,3.76,3.76,3.76,5.56,6.46,6.46,5.56,3.31,3.31,3.31,3.31
N_4_24,N_2_24,11.978247360909055,6.65,6.65,6.65,6.65,6.65,6.65,8.26,8.26,8.98,8.98,7.19,7.19,7.19,7.19,7.19,7.19,8.62,9.34,9.34,8.62,6.83,6.83,6.83,6.83
N_4_24,N_2_26,3.6048098881432655,3.68,3.68,3.68,3.68,3.68,3.68,5.62,5.62,6.49,6.49,4.33,4.33,4.33,4.33,4.33,4.33,6.06,6.92,6.92,6.06,3.89,3.89,3.89,3.89
N_4_25,N_2_25,1.0054663598140703,1.65,1.65,1.65,1.65,1.65,1.65,2.73,2.73,3.22,3.22,2.01,2.01,2.01,2.01,2.01,2.01,2.98,3.46,3.46,2.98,1.77,1.77,1.77,1.77
N_4_25,N_2_26,6.409765039120915,6.54,6.54,6.54,6.54,6.54,6.54,10.0,10.0,11.54,11.54,7.69,7.69,7.69,7.69,7.69,7.69,10.77,12.31,12.31,10.77,6.92,6.92,6.92,6.92
N_4_25,N_3_24,9.000350454070476,5.0,5.0,5.0,5.0,5.0,5.0,6.21,6.21,6.75,6.75,5.4,5.4,5.4,5.4,5.4,5.4,6.48,7.02,7.02,6.48,5.13,5.13,5.13,5.13
N_4_26,N_5_26,5.981853693108418,6.1,6.1,6.1,6.1,6.1,6.1,9.33,9.33,10.77,10.77,7.18,7.18,7.18,7.18,7.18,7.18,10.05,11.49,11.49,10.05,6.46,6.46,6.46,6.46
N_4_26,N_4_24,5.282556684953294,5.39,5.39,5.39,5.39,5.39,5.39,8.24,8.24,9.51,9.51,6.34,6.34,6.34,6.34,6.34,6.34,8.87,10.14,10.14,8.87,5.71,5.71,5.71,5.71
N_4_26,N_5_27,6.939740277680068,7.08,7.08,7.08,7.08,7.08,7.08,10.83,10.83,12.49,12.49,8.33,8.33,8.33,8.33,8.33,8.33,11.66,13.32,13.32,11.66,7.49,7.49,7.49,7.49
N_4_27,N_2_26,10.756341029059685,5.97,5.97,5.97,5.97,5.97,5.97,7.42,7.42,8.07,8.07,6.45,6.45,6.45,6.45,6.45,6.45,7.74,8.39,8.39,7.74,6.13,6.13,6.13,6.13
N_4_27,N_3_25,9.439867494287844,5.24,5.24,5.24,5.24,5.24,5.24,6.51,6.51,7.08,7.08,5.66,5.66,5.66,5.66,5.66,5.66,6.8,7.36,7.36,6.8,5.38,5.38,5.38,5.38
N_4_27,N_2_25,4.5887834210124705,4.68,4.68,4.68,4.68,4.68,4.68,7.16,7.16,8.26,8.26,5.51,5.51,5.51,5.51,5.51,5.51,7.71,8.81,8.81,7.71,4.96,4.96,4.96,4.96
N_4_27,N_4_29,5.48791483723029,5.6,5.6,5.6,5.6,5.6,5.6,8.56,8.56,9.88,9.88,6.59,6.59,6.59,6.59,6.59,6.59,9.22,10.54,10.54,9.22,5.93,5.93,5.93,5.93
N_4_27,N_7_27,6.750799533840377,6.89,6.89,6.89,6.89,6.89,6.89,10.53,10.53,12.15,12.15,8.1,8.1,8.1,8.1,8.1,8.1,11.34,12.96,12.96,11.34,7.29,7.29,7.29,7.29
N_4_27,N_6_29,8.074454908383395,4.48,4.48,4.48,4.48,4.48,4.48,5.57,5.57,6.06,6.06,4.84,4.84,4.84,4.84,4.84,4.84,5.81,6.3,6.3,5.81,4.6,4.6,4.6,4.6
N_4_27,N_5_28,11.347824107718736,6.3,6.3,6.3,6.3,6.3,6.3,7.83,7.83,8.51,8.51,6.81,6.81,6.81,6.81,6.81,6.81,8.17,8.85,8.85,8.17,6.47,6.47,6.47,6.47
N_4_28,N_2_27,3.3079912072912987,3.37,3.37,3.37,3.37,3.37,3.37,5.16,5.16,5.95,5.95,3.97,3.97,3.97,3.97,3.97,3.97,5.56,6.35,6.35,5.56,3.57,3.57,3.57,3.57
N_4_28,N_3_28,14.923526390753782,8.28,8.28,8.28,8.28,8.28,8.28,10.3,10.3,11.19,11.19,8.95,8.95,8.95,8.95,8.95,8.95,10.74,11.64,11.64,10.74,8.51,8.51,8.51,8.51
N_4_28,N_4_25,8.918259725926676,4.95,4.95,4.95,4.95,4.95,4.95,6.15,6.15,6.69,6.69,5.35,5.35,5.35,5.35,5.35,5.35,6.42,6.96,6.96,6.42,5.08,5.08,5.08,5.08
N_4_28,N_6_29,13.142253559668916,7.29,7.29,7.29,7.29,7.29,7.29,9.07,9.07,9.86,9.86,7.89,7.89,7.89,7.89,7.89,7.89,9.46,10.25,10.25,9.46,7.49,7.49,7.49,7.49
N_4_28,N_4_27,6.540797925540057,6.67,6.67,6.67,6.67,6.67,6.67,10.2,10.2,11.77,11.77,7.85,7.85,7.85,7.85,7.85,7.85,10.99,12.56,12.56,10.99,7.06,7.06,7.06,7.06
N_4_28,N_3_26,5.490784340920673,5.6,5.6,5.6,5.6,5.6,5.6,8.57,8.57,9.88,9.88,6.59,6.59,6.59,6.59,6.59,6.59,9.22,10.54,10.54,9.22,5.93,5.93,5.93,5.93
N_4_29,N_4_27,5.48791483723029,5.6,5.6,5.6,5.6,5.6,5.6,8.56,8.56,9.88,9.88,6.59,6.59,6.59,6.59,6.59,6.59,9.22,10.54,10.54,9.22,5.93,5.93,5.93,5.93
N_4_29,N_3_30,6.18227444412442,6.31,6.31,6.31,6.31,6.31,6.31,9.64,9.64,11.13,11.13,7.42,7.42,7.42,7.42,7.42,7.42,10.39,11.87,11.87,10.39,6.68,6.68,6.68,6.68
N_4_29,N_3_28,14.16056000915528,7.86,7.86,7.86,7.86,7.86,7.86,9.77,9.77,10.62,10.62,8.5,8.5,8.5,8.5,8.5,8.5,10.2,11.05,11.05,10.2,8.07,8.07,8.07,8.07
N_4_3,N_3_5,1.9820105009329463,3.25,3.25,3.25,3.25,3.25,3.25,5.39,5.39,6.34,6.34,3.96,3.96,3.96,3.96,3.96,3.96,5.87,6.82,6.82,5.87,3.49,3.49,3.49,3.49
N_4_3,N_3_1,2.00075959040279,3.28,3.28,3.28,3.28,3.28,3.28,5.44,5.44,6.4,6.4,4.0,4.0,4.0,4.0,4.0,4.0,5.92,6.88,6.88,5.92,3.52,3.52,3.52,3.52
N_4_3,N_5_5,4.662244038443245,4.76,4.76,4.76,4.76,4.76,4.76,7.27,7.27,8.39,8.39,5.59,5.59,5.59,5.59,5.59,5.59,7.83,8.95,8.95,7.83,5.04,5.04,5.04,5.04
N_4_30,N_1_30,6.691981311449393,6.83,6.83,6.83,6.83,6.83,6.83,10.44,10.44,12.05,12.05,8.03,8.03,8.03,8.03,8.03,8.03,11.24,12.85,12.85,11.24,7.23,7.23,7.23,7.23
N_4_30,N_2_30,6.125189198548327,6.25,6.25,6.25,6.25,6.25,6.25,9.56,9.56,11.03,11.03,7.35,7.35,7.35,7.35,7.35,7.35,10.29,11.76,11.76,10.29,6.62,6.62,6.62,6.62
N_4_30,N_3_30,6.741341682658527,6.88,6.88,6.88,6.88,6.88,6.88,10.52,10.52,12.13,12.13,8.09,8.09,8.09,8.09,8.09,8.09,11.33,12.94,12.94,11.33,7.28,7.28,7.28,7.28
N_4_31,N_2_29,5.61419326449192,5.73,5.73,5.73,5.73,5.73,5.73,8.76,8.76,10.11,10.11,6.74,6.74,6.74,6.74,6.74,6.74,9.43,10.78,10.78,9.43,6.06,6.06,6.06,6.06
N_4_31,N_6_30,1.479518647319504,2.43,2.43,2.43,2.43,2.43,2.43,4.02,4.02,4.73,4.73,2.96,2.96,2.96,2.96,2.96,2.96,4.38,5.09,5.09,4.38,2.6,2.6,2.6,2.6
N_4_31,N_4_29,6.22927647044862,6.35,6.35,6.35,6.35,6.35,6.35,9.72,9.72,11.21,11.21,7.48,7.48,7.48,7.48,7.48,7.48,10.47,11.96,11.96,10.47,6.73,6.73,6.73,6.73
N_4_31,N_4_33,5.4174348846545275,5.53,5.53,5.53,5.53,5.53,5.53,8.45,8.45,9.75,9.75,6.5,6.5,6.5,6.5,6.5,6.5,9.1,10.4,10.4,9.1,5.85,5.85,5.85,5.85
N_4_31,N_6_29,11.340812732721329,6.29,6.29,6.29,6.29,6.29,6.29,7.83,7.83,8.51,8.51,6.8,6.8,6.8,6.8,6.8,6.8,8.17,8.85,8.85,8.17,6.46,6.46,6.46,6.46
N_4_31,N_5_29,9.285763763258657,5.15,5.15,5.15,5.15,5.15,5.15,6.41,6.41,6.96,6.96,5.57,5.57,5.57,5.57,5.57,5.57,6.69,7.24,7.24,6.69,5.29,5.29,5.29,5.29
N_4_32,N_3_33,3.664304120490779,3.74,3.74,3.74,3.74,3.74,3.74,5.72,5.72,6.6,6.6,4.4,4.4,4.4,4.4,4.4,4.4,6.16,7.04,7.04,6.16,3.96,3.96,3.96,3.96
N_4_32,N_3_34,10.633452599944555,5.9,5.9,5.9,5.9,5.9,5.9,7.34,7.34,7.98,7.98,6.38,6.38,6.38,6.38,6.38,6.38,7.66,8.29,8.29,7.66,6.06,6.06,6.06,6.06
N_4_32,N_5_33,1.897327250376536,3.11,3.11,3.11,3.11,3.11,3.11,5.16,5.16,6.07,6.07,3.79,3.79,3.79,3.79,3.79,3.79,5.62,6.53,6.53,5.62,3.34,3.34,3.34,3.34
N_4_32,N_3_31,12.206430906557642,6.77,6.77,6.77,6.77,6.77,6.77,8.42,8.42,9.15,9.15,7.32,7.32,7.32,7.32,7.32,7.32,8.79,9.52,9.52,8.79,6.96,6.96,6.96,6.96
N_4_32,N_2_32,1.8213272413819248,2.99,2.99,2.99,2.99,2.99,2.99,4.95,4.95,5.83,5.83,3.64,3.64,3.64,3.64,3.64,3.64,5.39,6.27,6.27,5.39,3.21,3.21,3.21,3.21
N_4_32,N_4_34,0.7611206948405844,1.25,1.25,1.25,1.25,1.25,1.25,2.07,2.07,2.44,2.44,1.52,1.52,1.52,1.52,1.52,1.52,2.25,2.62,2.62,2.25,1.34,1.34,1.34,1.34
N_4_33,N_3_32,1.7943513308082584,2.94,2.94,2.94,2.94,2.94,2.94,4.88,4.88,5.74,5.74,3.59,3.59,3.59,3.59,3.59,3.59,5.31,6.17,6.17,5.31,3.16,3.16,3.16,3.16
N_4_33,N_4_31,5.4174348846545275,5.53,5.53,5.53,5.53,5.53,5.53,8.45,8.45,9.75,9.75,6.5,6.5,6.5,6.5,6.5,6.5,9.1,10.4,10.4,9.1,5.85,5.85,5.85,5.85
N_4_33,N_2_33,14.998075667531577,8.32,8.32,8.32,8.32,8.32,8.32,10.35,10.35,11.25,11.25,9.0,9.0,9.0,9.0,9.0,9.0,10.8,11.7,11.7,10.8,8.55,8.55,8.55,8.55
N_4_33,N_6_35,1.0056849950397622,1.65,1.65,1.65,1.65,1.65,1.65,2.74,2.74,3.22,3.22,2.01,2.01,2.01,2.01,2.01,2.01,2.98,3.46,3.46,2.98,1.77,1.77,1.77,1.77
N_4_33,N_5_32,3.031003971925872,3.09,3.09,3.09,3.09,3.09,3.09,4.73,4.73,5.46,5.46,3.64,3.64,3.64,3.64,3.64,3.64,5.09,5.82,5.82,5.09,3.27,3.27,3.27,3.27
N_4_33,N_7_33,12.822964840477177,7.12,7.12,7.12,7.12,7.12,7.12,8.85,8.85,9.62,9.62,7.69,7.69,7.69,7.69,7.69,7.69,9.23,10.0,10.0,9.23,7.31,7.31,7.31,7.31
N_4_33,N_6_31,3.2758070698408863,3.34,3.34,3.34,3.34,3.34,3.34,5.11,5.11,5.9,5.9,3.93,3.93,3.93,3.93,3.93,3.93,5.5,6.29,6.29,5.5,3.54,3.54,3.54,3.54
N_4_33,N_4_30,9.70517480684832,5.39,5.39,5.39,5.39,5.39,5.39,6.7,6.7,7.28,7.28,5.82,5.82,5.82,5.82,5.82,5.82,6.99,7.57,7.57,6.99,5.53,5.53,5.53,5.53
N_4_34,N_4_32,0.7611206948405844,1.25,1.25,1.25,1.25,1.25,1.25,2.07,2.07,2.44,2.44,1.52,1.52,1.52,1.52,1.52,1.52,2.25,2.62,2.62,2.25,1.34,1.34,1.34,1.34
N_4_34,N_4_36,3.3777221298731432,3.45,3.45,3.45,3.45,3.45,3.45,5.27,5.27,6.08,6.08,4.05,4.05,4.05,4.05,4.05,4.05,5.67,6.49,6.49,5.67,3.65,3.65,3.65,3.65
N_4_34,N_4_31,5.008523802438411,5.11,5.11,5.11,5.11,5.11,5.11,7.81,7.81,9.02,9.02,6.01,6.01,6.01,6.01,6.01,6.01,8.41,9.62,9.62,8.41,5.41,5.41,5.41,5.41
N_4_35,N_2_35,3.8092832467669915,3.89,3.89,3.89,3.89,3.89,3.89,5.94,5.94,6.86,6.86,4.57,4.57,4.57,4.57,4.57,4.57,6.4,7.31,7.31,6.4,4.11,4.11,4.11,4.11
N_4_35,N_3_37,2.4363328832307953,4.0,4.0,4.0,4.0,4.0,4.0,6.63,6.63,7.8,7.8,4.87,4.87,4.87,4.87,4.87,4.87,7.21,8.38,8.38,7.21,4.29,4.29,4.29,4.29
N_4_35,N_7_35,5.19240021349421,5.3,5.3,5.3,5.3,5.3,5.3,8.1,8.1,9.35,9.35,6.23,6.23,6.23,6.23,6.23,6.23,8.72,9.97,9.97,8.72,5.61,5.61,5.61,5.61
N_4_35,N_4_32,6.0654041790548,6.19,6.19,6.19,6.19,6.19,6.19,9.46,9.46,10.92,10.92,7.28,7.28,7.28,7.28,7.28,7.28,10.19,11.65,11.65,10.19,6.55,6.55,6.55,6.55
N_4_35,N_5_34,12.569457338383284,6.98,6.98,6.98,6.98,6.98,6.98,8.67,8.67,9.43,9.43,7.54,7.54,7.54,7.54,7.54,7.54,9.05,9.8,9.8,9.05,7.16,7.16,7.16,7.16
N_4_35,N_3_33,5.071260041871344,5.17,5.17,5.17,5.17,5.17,5.17,7.91,7.91,9.13,9.13,6.09,6.09,6.09,6.09,6.09,6.09,8.52,9.74,9.74,8.52,5.48,5.48,5.48,5.48
N_4_35,N_1_35,4.560896479096031,4.65,4.65,4.65,4.65,4.65,4.65,7.11,7.11,8.21,8.21,5.47,5.47,5.47,5.47,5.47,5.47,7.66,8.76,8.76,7.66,4.93,4.93,4.93,4.93
N_4_35,N_6_33,12.32954694889744,6.84,6.84,6.84,6.84,6.84,6.84,8.51,8.51,9.25,9.25,7.4,7.4,7.4,7.4,7.4,7.4,8.88,9.62,9.62,8.88,7.03,7.03,7.03,7.03
N_4_36,N_3_35,6.600886995704333,6.73,6.73,6.73,6.73,6.73,6.73,10.3,10.3,11.88,11.88,7.92,7.92,7.92,7.92,7.92,7.92,11.09,12.67,12.67,11.09,7.13,7.13,7.13,7.13
N_4_36,N_4_34,3.3777221298731432,3.45,3.45,3.45,3.45,3.45,3.45,5.27,5.27,6.08,6.08,4.05,4.05,4.05,4.05,4.05,4.05,5.67,6.49,6.49,5.67,3.65,3.65,3.65,3.65
N_4_36,N_4_33,9.68928571149944,5.38,5.38,5.38,5.38,5.38,5.38,6.69,6.69,7.27,7.27,5.81,5.81,5.81,5.81,5.81,5.81,6.98,7.56,7.56,6.98,5.52,5.52,5.52,5.52
N_4_36,N_4_35,6.722632762972118,6.86,6.86,6.86,6.86,6.86,6.86,10.49,10.49,12.1,12.1,8.07,8.07,8.07,8.07,8.07,8.07,11.29,12.91,12.91,11.29,7.26,7.26,7.26,7.26
N_4_36,N_5_35,13.740411535594507,7.63,7.63,7.63,7.63,7.63,7.63,9.48,9.48,10.31,10.31,8.24,8.24,8.24,8.24,8.24,8.24,9.89,10.72,10.72,9.89,7.83,7.83,7.83,7.83
N_4_36,N_3_37,14.181608882669416,7.87,7.87,7.87,7.87,7.87,7.87,9.79,9.79,10.64,10.64,8.51,8.51,8.51,8.51,8.51,8.51,10.21,11.06,11.06,10.21,8.08,8.08,8.08,8.08
N_4_37,N_2_37,9.602925627134844,5.33,5.33,5.33,5.33,5.33,5.33,6.63,6.63,7.2,7.2,5.76,5.76,5.76,5.76,5.76,5.76,6.91,7.49,7.49,6.91,5.47,5.47,5.47,5.47
N_4_37,N_2_39,6.401203200013683,6.53,6.53,6.53,6.53,6.53,6.53,9.99,9.99,11.52,11.52,7.68,7.68,7.68,7.68,7.68,7.68,10.75,12.29,12.29,10.75,6.91,6.91,6.91,6.91
N_4_37,N_3_39,2.2065451026959293,3.62,3.62,3.62,3.62,3.62,3.62,6.0,6.0,7.06,7.06,4.41,4.41,4.41,4.41,4.41,4.41,6.53,7.59,7.59,6.53,3.88,3.88,3.88,3.88
N_4_37,N_3_37,13.688817621185809,7.6,7.6,7.6,7.6,7.6,7.6,9.45,9.45,10.27,10.27,8.21,8.21,8.21,8.21,8.21,8.21,9.86,10.68,10.68,9.86,7.8,7.8,7.8,7.8
N_4_37,N_5_35,4.607899633776685,4.7,4.7,4.7,4.7,4.7,4.7,7.19,7.19,8.29,8.29,5.53,5.53,5.53,5.53,5.53,5.53,7.74,8.85,8.85,7.74,4.98,4.98,4.98,4.98
N_4_37,N_3_36,6.3726324956594125,6.5,6.5,6.5,6.5,6.5,6.5,9.94,9.94,11.47,11.47,7.65,7.65,7.65,7.65,7.65,7.65,10.71,12.24,12.24,10.71,6.88,6.88,6.88,6.88
N_4_38,N_2_37,6.182598786844018,6.31,6.31,6.31,6.31,6.31,6.31,9.64,9.64,11.13,11.13,7.42,7.42,7.42,7.42,7.42,7.42,10.39,11.87,11.87,10.39,6.68,6.68,6.68,6.68
N_4_38,N_6_39,1.8559415647364899,3.04,3.04,3.04,3.04,3.04,3.04,5.05,5.05,5.94,5.94,3.71,3.71,3.71,3.71,3.71,3.71,5.49,6.38,6.38,5.49,3.27,3.27,3.27,3.27
N_4_38,N_4_39,3.700495428068667,3.77,3.77,3.77,3.77,3.77,3.77,5.77,5.77,6.66,6.66,4.44,4.44,4.44,4.44,4.44,4.44,6.22,7.1,7.1,6.22,4.0,4.0,4.0,4.0
N_4_38,N_4_35,0.7287436543743029,1.2,1.2,1.2,1.2,1.2,1.2,1.98,1.98,2.33,2.33,1.46,1.46,1.46,1.46,1.46,1.46,2.16,2.51,2.51,2.16,1.28,1.28,1.28,1.28
N_4_39,N_4_38,3.700495428068667,3.77,3.77,3.77,3.77,3.77,3.77,5.77,5.77,6.66,6.66,4.44,4.44,4.44,4.44,4.44,4.44,6.22,7.1,7.1,6.22,4.0,4.0,4.0,4.0
N_4_39,N_3_39,5.866745844024287,5.98,5.98,5.98,5.98,5.98,5.98,9.15,9.15,10.56,10.56,7.04,7.04,7.04,7.04,7.04,7.04,9.86,11.26,11.26,9.86,6.34,6.34,6.34,6.34
N_4_39,N_2_39,10.473144529707639,5.81,5.81,5.81,5.81,5.81,5.81,7.23,7.23,7.85,7.85,6.28,6.28,6.28,6.28,6.28,6.28,7.54,8.17,8.17,7.54,5.97,5.97,5.97,5.97
N_4_4,N_2_2,6.401600425631765,6.53,6.53,6.53,6.53,6.53,6.53,9.99,9.99,11.52,11.52,7.68,7.68,7.68,7.68,7.68,7.68,10.75,12.29,12.29,10.75,6.91,6.91,6.91,6.91
N_4_4,N_3_4,4.590855963758683,4.68,4.68,4.68,4.68,4.68,4.68,7.16,7.16,8.26,8.26,5.51,5.51,5.51,5.51,5.51,5.51,7.71,8.81,8.81,7.71,4.96,4.96,4.96,4.96
N_4_4,N_5_2,13.606093497251432,7.55,7.55,7.55,7.55,7.55,7.55,9.39,9.39,10.2,10.2,8.16,8.16,8.16,8.16,8.16,8.16,9.8,10.61,10.61,9.8,7.76,7.76,7.76,7.76
N_4_4,N_7_4,10.427280392215973,5.79,5.79,5.79,5.79,5.79,5.79,7.19,7.19,7.82,7.82,6.26,6.26,6.26,6.26,6.26,6.26,7.51,8.13,8.13,7.51,5.94,5.94,5.94,5.94
N_4_4,N_6_5,3.6735031673263268,3.75,3.75,3.75,3.75,3.75,3.75,5.73,5.73,6.61,6.61,4.41,4.41,4.41,4.41,4.41,4.41,6.17,7.05,7.05,6.17,3.97,3.97,3.97,3.97
N_4_4,N_5_6,4.767341593423875,4.86,4.86,4.86,4.86,4.86,4.86,7.44,7.44,8.58,8.58,5.72,5.72,5.72,5.72,5.72,5.72,8.01,9.15,9.15,8.01,5.15,5.15,5.15,5.15
N_4_4,N_3_3,1.6078429679682698,2.64,2.64,2.64,2.64,2.64,2.64,4.37,4.37,5.15,5.15,3.22,3.22,3.22,3.22,3.22,3.22,4.76,5.53,5.53,4.76,2.83,2.83,2.83,2.83
N_4_5,N_2_6,6.9692706012849435,7.11,7.11,7.11,7.11,7.11,7.11,10.87,10.87,12.54,12.54,8.36,8.36,8.36,8.36,8.36,8.36,11.71,13.38,13.38,11.71,7.53,7.53,7.53,7.53
N_4_5,N_3_3,5.359844524104901,5.47,5.47,5.47,5.47,5.47,5.47,8.36,8.36,9.65,9.65,6.43,6.43,6.43,6.43,6.43,6.43,9.0,10.29,10.29,9.0,5.79,5.79,5.79,5.79
N_4_5,N_4_3,11.34857833236221,6.3,6.3,6.3,6.3,6.3,6.3,7.83,7.83,8.51,8.51,6.81,6.81,6.81,6.81,6.81,6.81,8.17,8.85,8.85,8.17,6.47,6.47,6.47,6.47
N_4_5,N_2_7,6.4873616747242,6.62,6.62,6.62,6.62,6.62,6.62,10.12,10.12,11.68,11.68,7.78,7.78,7.78,7.78,7.78,7.78,10.9,12.46,12.46,10.9,7.01,7.01,7.01,7.01
N_4_5,N_2_4,11.209747991194558,6.22,6.22,6.22,6.22,6.22,6.22,7.73,7.73,8.41,8.41,6.73,6.73,6.73,6.73,6.73,6.73,8.07,8.74,8.74,8.07,6.39,6.39,6.39,6.39
N_4_5,N_6_5,5.765765134689639,5.88,5.88,5.88,5.88,5.88,5.88,8.99,8.99,10.38,10.38,6.92,6.92,6.92,6.92,6.92,6.92,9.69,11.07,11.07,9.69,6.23,6.23,6.23,6.23
N_4_5,N_5_5,3.675609220910243,3.75,3.75,3.75,3.75,3.75,3.75,5.73,5.73,6.62,6.62,4.41,4.41,4.41,4.41,4.41,4.41,6.18,7.06,7.06,6.18,3.97,3.97,3.97,3.97
N_4_5,N_3_5,3.4277151498197025,3.5,3.5,3.5,3.5,3.5,3.5,5.35,5.35,6.17,6.17,4.11,4.11,4.11,4.11,4.11,4.11,5.76,6.58,6.58,5.76,3.7,3.7,3.7,3.7
N_4_6,N_5_8,11.074516929457612,6.15,6.15,6.15,6.15,6.15,6.15,7.64,7.64,8.31,8.31,6.64,6.64,6.64,6.64,6.64,6.64,7.97,8.64,8.64,7.97,6.31,6.31,6.31,6.31
N_4_6,N_6_4,5.529764017377193,5.64,5.64,5.64,5.64,5.64,5.64,8.63,8.63,9.95,9.95,6.64,6.64,6.64,6.64,6.64,6.64,9.29,10.62,10.62,9.29,5.97,5.97,5.97,5.97
N_4_6,N_6_6,5.627476131140874,5.74,5.74,5.74,5.74,5.74,5.74,8.78,8.78,10.13,10.13,6.75,6.75,6.75,6.75,6.75,6.75,9.45,10.8,10.8,9.45,6.08,6.08,6.08,6.08
N_4_6,N_2_5,8.672106468067861,4.81,4.81,4.81,4.81,4.81,4.81,5.98,5.98,6.5,6.5,5.2,5.2,5.2,5.2,5.2,5.2,6.24,6.76,6.76,6.24,4.94,4.94,4.94,4.94
N_4_6,N_6_7,6.013689222689333,6.13,6.13,6.13,6.13,6.13,6.13,9.38,9.38,10.82,10.82,7.22,7.22,7.22,7.22,7.22,7.22,10.1,11.55,11.55,10.1,6.49,6.49,6.49,6.49
N_4_6,N_3_7,3.525937871905654,3.6,3.6,3.6,3.6,3.6,3.6,5.5,5.5,6.35,6.35,4.23,4.23,4.23,4.23,4.23,4.23,5.92,6.77,6.77,5.92,3.81,3.81,3.81,3.81
N_4_6,N_5_5,9.876914457075776,5.48,5.48,5.48,5.48,5.48,5.48,6.82,6.82,7.41,7.41,5.93,5.93,5.93,5.93,5.93,5.93,7.11,7.7,7.7,7.11,5.63,5.63,5.63,5.63
N_4_7,N_2_7,5.226930964839769,5.33,5.33,5.33,5.33,5.33,5.33,8.15,8.15,9.41,9.41,6.27,6.27,6.27,6.27,6.27,6.27,8.78,10.04,10.04,8.78,5.65,5.65,5.65,5.65
N_4_7,N_5_8,11.551192202575095,6.41,6.41,6.41,6.41,6.41,6.41,7.97,7.97,8.66,8.66,6.93,6.93,6.93,6.93,6.93,6.93,8.32,9.01,9.01,8.32,6.58,6.58,6.58,6.58
N_4_7,N_7_7,14.745725457077157,8.18,8.18,8.18,8.18,8.18,8.18,10.17,10.17,11.06,11.06,8.85,8.85,8.85,8.85,8.85,8.85,10.62,11.5,11.5,10.62,8.41,8.41,8.41,8.41
N_4_7,N_6_6,1.7493800848625096,2.87,2.87,2.87,2.87,2.87,2.87,4.76,4.76,5.6,5.6,3.5,3.5,3.5,3.5,3.5,3.5,5.18,6.02,6.02,5.18,3.08,3.08,3.08,3.08
N_4_7,N_3_6,3.3659694785824916,3.43,3.43,3.43,3.43,3.43,3.43,5.25,5.25,6.06,6.06,4.04,4.04,4.04,4.04,4.04,4.04,5.65,6.46,6.46,5.65,3.64,3.64,3.64,3.64
N_4_7,N_3_7,0.9234100276760293,1.51,1.51,1.51,1.51,1.51,1.51,2.51,2.51,2.95,2.95,1.85,1.85,1.85,1.85,1.85,1.85,2.73,3.18,3.18,2.73,1.63,1.63,1.63,1.63
N_4_8,N_3_9,1.1288325125859786,1.85,1.85,1.85,1.85,1.85,1.85,3.07,3.07,3.61,3.61,2.26,2.26,2.26,2.26,2.26,2.26,3.34,3.88,3.88,3.34,1.99,1.99,1.99,1.99
N_4_8,N_6_7,4.9644749777151755,5.06,5.06,5.06,5.06,5.06,5.06,7.74,7.74,8.94,8.94,5.96,5.96,5.96,5.96,5.96,5.96,8.34,9.53,9.53,8.34,5.36,5.36,5.36,5.36
N_4_8,N_6_9,5.720168264422934,5.83,5.83,5.83,5.83,5.83,5.83,8.92,8.92,10.3,10.3,6.86,6.86,6.86,6.86,6.86,6.86,9.61,10.98,10.98,9.61,6.18,6.18,6.18,6.18
N_4_8,N_2_8,1.113730378899625,1.83,1.83,1.83,1.83,1.83,1.83,3.03,3.03,3.56,3.56,2.23,2.23,2.23,2.23,2.23,2.23,3.3,3.83,3.83,3.3,1.96,1.96,1.96,1.96
N_4_9,N_4_12,6.007347933635133,6.13,6.13,6.13,6.13,6.13,6.13,9.37,9.37,10.81,10.81,7.21,7.21,7.21,7.21,7.21,7.21,10.09,11.53,11.53,10.09,6.49,6.49,6.49,6.49
N_4_9,N_2_10,10.66538799099406,5.92,5.92,5.92,5.92,5.92,5.92,7.36,7.36,8.0,8.0,6.4,6.4,6.4,6.4,6.4,6.4,7.68,8.32,8.32,7.68,6.08,6.08,6.08,6.08
N_4_9,N_5_11,0.7707388678248834,1.26,1.26,1.26,1.26,1.26,1.26,2.1,2.1,2.47,2.47,1.54,1.54,1.54,1.54,1.54,1.54,2.28,2.65,2.65,2.28,1.36,1.36,1.36,1.36
N_5_0,N_4_2,3.8529679672269976,3.93,3.93,3.93,3.93,3.93,3.93,6.01,6.01,6.94,6.94,4.62,4.62,4.62,4.62,4.62,4.62,6.47,7.4,7.4,6.47,4.16,4.16,4.16,4.16
N_5_0,N_3_2,9.818734584037296,5.45,5.45,5.45,5.45,5.45,5.45,6.77,6.77,7.36,7.36,5.89,5.89,5.89,5.89,5.89,5.89,7.07,7.66,7.66,7.07,5.6,5.6,5.6,5.6
N_5_0,N_5_1,8.398047041994392,4.66,4.66,4.66,4.66,4.66,4.66,5.79,5.79,6.3,6.3,5.04,5.04,5.04,5.04,5.04,5.04,6.05,6.55,6.55,6.05,4.79,4.79,4.79,4.79
N_5_0,N_6_0,3.6347259080882948,3.71,3.71,3.71,3.71,3.71,3.71,5.67,5.67,6.54,6.54,4.36,4.36,4.36,4.36,4.36,4.36,6.11,6.98,6.98,6.11,3.93,3.93,3.93,3.93
N_5_0,N_7_1,8.97206589626736,4.98,4.98,4.98,4.98,4.98,4.98,6.19,6.19,6.73,6.73,5.38,5.38,5.38,5.38,5.38,5.38,6.46,7.0,7.0,6.46,5.11,5.11,5.11,5.11
N_5_0,N_6_2,11.701412862208809,6.49,6.49,6.49,6.49,6.49,6.49,8.07,8.07,8.78,8.78,7.02,7.02,7.02,7.02,7.02,7.02,8.43,9.13,9.13,8.43,6.67,6.67,6.67,6.67
N_5_1,N_5_0,8.398047041994392,4.66,4.66,4.66,4.66,4.66,4.66,5.79,5.79,6.3,6.3,5.04,5.04,5.04,5.04,5.04,5.04,6.05,6.55,6.55,6.05,4.79,4.79,4.79,4.79
N_5_1,N_4_2,2.1195517180591246,3.48,3.48,3.48,3.48,3.48,3.48,5.77,5.77,6.78,6.78,4.24,4.24,4.24,4.24,4.24,4.24,6.27,7.29,7.29,6.27,3.73,3.73,3.73,3.73
N_5_1,N_6_3,10.256428711438748,5.69,5.69,5.69,5.69,5.69,5.69,7.08,7.08,7.69,7.69,6.15,6.15,6.15,6.15,6.15,6.15,7.38,8.0,8.0,7.38,5.85,5.85,5.85,5.85
N_5_1,N_6_1,3.3709762282871436,3.44,3.44,3.44,3.44,3.44,3.44,5.26,5.26,6.07,6.07,4.05,4.05,4.05,4.05,4.05,4.05,5.66,6.47,6.47,5.66,3.64,3.64,3.64,3.64
N_5_10,N_4_11,14.646794804920859,8.13,8.13,8.13,8.13,8.13,8.13,10.11,10.11,10.99,10.99,8.79,8.79,8.79,8.79,8.79,8.79,10.55,11.42,11.42,10.55,8.35,8.35,8.35,8.35
N_5_10,N_5_9,1.3739031216113697,2.25,2.25,2.25,2.25,2.25,2.25,3.74,3.74,4.4,4.4,2.75,2.75,2.75,2.75,2.75,2.75,4.07,4.73,4.73,4.07,2.42,2.42,2.42,2.42
N_5_10,N_3_8,4.294899413525744,4.38,4.38,4.38,4.38,4.38,4.38,6.7,6.7,7.73,7.73,5.15,5.15,5.15,5.15,5.15,5.15,7.22,8.25,8.25,7.22,4.64,4.64,4.64,4.64
N_5_10,N_7_8,1.0999579846725394,1.8,1.8,1.8,1.8,1.8,1.8,2.99,2.99,3.52,3.52,2.2,2.2,2.2,2.2,2.2,2.2,3.26,3.78,3.78,3.26,1.94,1.94,1.94,1.94
N_5_10,N_5_11,14.495300442405707,8.04,8.04,8.04,8.04,8.04,8.04,10.0,10.0,10.87,10.87,8.7,8.7,8.7,8.7,8.7,8.7,10.44,11.31,11.31,10.44,8.26,8.26,8.26,8.26
N_5_10,N_6_12,6.58795156285689,6.72,6.72,6.72,6.72,6.72,6.72,10.28,10.28,11.86,11.86,7.91,7.91,7.91,7.91,7.91,7.91,11.07,12.65,12.65,11.07,7.11,7.11,7.11,7.11
N_5_10,N_3_11,4.517475608944284,4.61,4.61,4.61,4.61,4.61,4.61,7.05,7.05,8.13,8.13,5.42,5.42,5.42,5.42,5.42,5.42,7.59,8.67,8.67,7.59,4.88,4.88,4.88,4.88
N_5_10,N_5_13,5.067542065748691,5.17,5.17,5.17,5.17,5.17,5.17,7.91,7.91,9.12,9.12,6.08,6.08,6.08,6.08,6.08,6.08,8.51,9.73,9.73,8.51,5.47,5.47,5.47,5.47
N_5_11,N_3_10,9.031230932281481,5.01,5.01,5.01,5.01,5.01,5.01,6.23,6.23,6.77,6.77,5.42,5.42,5.42,5.42,5.42,5.42,6.5,7.04,7.04,6.5,5.15,5.15,5.15,5.15
N_5_11,N_4_11,9.017908356819257,5.0,5.0,5.0,5.0,5.0,5.0,6.22,6.22,6.76,6.76,5.41,5.41,5.41,5.41,5.41,5.41,6.49,7.03,7.03,6.49,5.14,5.14,5.14,5.14
N_5_11,N_4_13,4.240601797406411,4.33,4.33,4.33,4.33,4.33,4.33,6.62,6.62,7.63,7.63,5.09,5.09,5.09,5.09,5.09,5.09,7.12,8.14,8.14,7.12,4.58,4.58,4.58,4.58
N_5_11,N_4_9,0.7707388678248834,1.26,1.26,1.26,1.26,1.26,1.26,2.1,2.1,2.47,2.47,1.54,1.54,1.54,1.54,1.54,1.54,2.28,2.65,2.65,2.28,1.36,1.36,1.36,1.36
N_5_11,N_5_10,14.495300442405707,8.04,8.04,8.04,8.04,8.04,8.04,10.0,10.0,10.87,10.87,8.7,8.7,8.7,8.7,8.7,8.7,10.44,11.31,11.31,10.44,8.26,8.26,8.26,8.26
N_5_11,N_6_13,4.248724786436039,4.33,4.33,4.33,4.33,4.33,4.33,6.63,6.63,7.65,7.65,5.1,5.1,5.1,5.1,5.1,5.1,7.14,8.16,8.16,7.14,4.59,4.59,4.59,4.59
N_5_11,N_6_12,1.170576864863596,1.92,1.92,1.92,1.92,1.92,1.92,3.18,3.18,3.75,3.75,2.34,2.34,2.34,2.34,2.34,2.34,3.46,4.03,4.03,3.46,2.06,2.06,2.06,2.06
N_5_12,N_4_12,6.086742275181479,6.21,6.21,6.21,6.21,6.21,6.21,9.5,9.5,10.96,10.96,7.3,7.3,7.3,7.3,7.3,7.3,10.23,11.69,11.69,10.23,6.57,6.57,6.57,6.57
N_5_12,N_6_11,3.4012696428404756,3.47,3.47,3.47,3.47,3.47,3.47,5.31,5.31,6.12,6.12,4.08,4.08,4.08,4.08,4.08,4.08,5.71,6.53,6.53,5.71,3.67,3.67,3.67,3.67
N_5_12,N_7_13,6.7081777708103605,6.84,6.84,6.84,6.84,6.84,6.84,10.46,10.46,12.07,12.07,8.05,8.05,8.05,8.05,8.05,8.05,11.27,12.88,12.88,11.27,7.24,7.24,7.24,7.24
N_5_12,N_6_10,6.151364841982601,6.27,6.27,6.27,6.27,6.27,6.27,9.6,9.6,11.07,11.07,7.38,7.38,7.38,7.38,7.38,7.38,10.33,11.81,11.81,10.33,6.64,6.64,6.64,6.64
N_5_13,N_3_13,10.869690142391164,6.03,6.03,6.03,6.03,6.03,6.03,7.5,7.5,8.15,8.15,6.52,6.52,6.52,6.52,6.52,6.52,7.83,8.48,8.48,7.83,6.2,6.2,6.2,6.2
N_5_13,N_4_14,5.389554253090232,5.5,5.5,5.5,5.5,5.5,5.5,8.41,8.41,9.7,9.7,6.47,6.47,6.47,6.47,6.47,6.47,9.05,10.35,10.35,9.05,5.82,5.82,5.82,5.82
N_5_13,N_6_11,4.727455874682741,4.82,4.82,4.82,4.82,4.82,4.82,7.37,7.37,8.51,8.51,5.67,5.67,5.67,5.67,5.67,5.67,7.94,9.08,9.08,7.94,5.11,5.11,5.11,5.11
N_5_13,N_6_13,14.30412947402332,7.94,7.94,7.94,7.94,7.94,7.94,9.87,9.87,10.73,10.73,8.58,8.58,8.58,8.58,8.58,8.58,10.3,11.16,11.16,10.3,8.15,8.15,8.15,8.15
N_5_13,N_6_12,4.4221578346508075,4.51,4.51,4.51,4.51,4.51,4.51,6.9,6.9,7.96,7.96,5.31,5.31,5.31,5.31,5.31,5.31,7.43,8.49,8.49,7.43,4.78,4.78,4.78,4.78
N_5_13,N_3_12,4.376630586400375,4.46,4.46,4.46,4.46,4.46,4.46,6.83,6.83,7.88,7.88,5.25,5.25,5.25,5.25,5.25,5.25,7.35,8.4,8.4,7.35,4.73,4.73,4.73,4.73
N_5_14,N_2_14,5.2895937246216125,5.4,5.4,5.4,5.4,5.4,5.4,8.25,8.25,9.52,9.52,6.35,6.35,6.35,6.35,6.35,6.35,8.89,10.16,10.16,8.89,5.71,5.71,5.71,5.71
N_5_14,N_4_16,3.2110688438126562,3.28,3.28,3.28,3.28,3.28,3.28,5.01,5.01,5.78,5.78,3.85,3.85,3.85,3.85,3.85,3.85,5.39,6.17,6.17,5.39,3.47,3.47,3.47,3.47
N_5_14,N_6_16,6.9379783135590305,7.08,7.08,7.08,7.08,7.08,7.08,10.82,10.82,12.49,12.49,8.33,8.33,8.33,8.33,8.33,8.33,11.66,13.32,13.32,11.66,7.49,7.49,7.49,7.49
N_5_14,N_5_17,9.886938223002293,5.49,5.49,5.49,5.49,5.49,5.49,6.82,6.82,7.42,7.42,5.93,5.93,5.93,5.93,5.93,5.93,7.12,7.71,7.71,7.12,5.64,5.64,5.64,5.64
N_5_14,N_7_14,6.593912791894507,6.73,6.73,6.73,6.73,6.73,6.73,10.29,10.29,11.87,11.87,7.91,7.91,7.91,7.91,7.91,7.91,11.08,12.66,12.66,11.08,7.12,7.12,7.12,7.12
N_5_14,N_6_14,4.505707829370335,4.6,4.6,4.6,4.6,4.6,4.6,7.03,7.03,8.11,8.11,5.41,5.41,5.41,5.41,5.41,5.41,7.57,8.65,8.65,7.57,4.87,4.87,4.87,4.87
N_5_14,N_7_12,2.464286471813123,4.04,4.04,4.04,4.04,4.04,4.04,6.7,6.7,7.89,7.89,4.93,4.93,4.93,4.93,4.93,4.93,7.29,8.48,8.48,7.29,4.34,4.34,4.34,4.34
N_5_14,N_4_13,8.1827068670724,4.54,4.54,4.54,4.54,4.54,4.54,5.65,5.65,6.14,6.14,4.91,4.91,4.91,4.91,4.91,4.91,5.89,6.38,6.38,5.89,4.66,4.66,4.66,4.66
N_5_15,N_3_13,0.6012222550523865,0.99,0.99,0.99,0.99,0.99,0.99,1.64,1.64,1.92,1.92,1.2,1.2,1.2,1.2,1.2,1.2,1.78,2.07,2.07,1.78,1.06,1.06,1.06,1.06
N_5_15,N_2_15,3.6901054267122433,3.76,3.76,3.76,3.76,3.76,3.76,5.76,5.76,6.64,6.64,4.43,4.43,4.43,4.43,4.43,4.43,6.2,7.09,7.09,6.2,3.99,3.99,3.99,3.99
N_5_15,N_7_15,13.49708352402996,7.49,7.49,7.49,7.49,7.49,7.49,9.31,9.31,10.12,10.12,8.1,8.1,8.1,8.1,8.1,8.1,9.72,10.53,10.53,9.72,7.69,7.69,7.69,7.69
N_5_15,N_5_13,6.489511333952477,6.62,6.62,6.62,6.62,6.62,6.62,10.12,10.12,11.68,11.68,7.79,7.79,7.79,7.79,7.79,7.79,10.9,12.46,12.46,10.9,7.01,7.01,7.01,7.01
N_5_15,N_4_14,6.944261303930901,7.08,7.08,7.08,7.08,7.08,7.08,10.83,10.83,12.5,12.5,8.33,8.33,8.33,8.33,8.33,8.33,11.67,13.33,13.33,11.67,7.5,7.5,7.5,7.5
N_5_15,N_4_17,6.01072757574609,6.13,6.13,6.13,6.13,6.13,6.13,9.38,9.38,10.82,10.82,7.21,7.21,7.21,7.21,7.21,7.21,10.1,11.54,11.54,10.1,6.49,6.49,6.49,6.49
N_5_16,N_2_16,3.1033518771789006,3.17,3.17,3.17,3.17,3.17,3.17,4.84,4.84,5.59,5.59,3.72,3.72,3.72,3.72,3.72,3.72,5.21,5.96,5.96,5.21,3.35,3.35,3.35,3.35
N_5_16,N_3_16,6.3792990400255976,6.51,6.51,6.51,6.51,6.51,6.51,9.95,9.95,11.48,11.48,7.66,7.66,7.66,7.66,7.66,7.66,10.72,12.25,12.25,10.72,6.89,6.89,6.89,6.89
N_5_16,N_3_18,6.6747216554916005,6.81,6.81,6.81,6.81,6.81,6.81,10.41,10.41,12.01,12.01,8.01,8.01,8.01,8.01,8.01,8.01,11.21,12.82,12.82,11.21,7.21,7.21,7.21,7.21
N_5_16,N_5_14,13.889298901128075,7.71,7.71,7.71,7.71,7.71,7.71,9.58,9.58,10.42,10.42,8.33,8.33,8.33,8.33,8.33,8.33,10.0,10.83,10.83,10.0,7.92,7.92,7.92,7.92
N_5_16,N_5_19,5.659416518054113,5.77,5.77,5.77,5.77,5.77,5.77,8.83,8.83,10.19,10.19,6.79,6.79,6.79,6.79,6.79,6.79,9.51,10.87,10.87,9.51,6.11,6.11,6.11,6.11
N_5_16,N_4_18,14.580239108896928,8.09,8.09,8.09,8.09,8.09,8.09,10.06,10.06,10.94,10.94,8.75,8.75,8.75,8.75,8.75,8.75,10.5,11.37,11.37,10.5,8.31,8.31,8.31,8.31
N_5_16,N_5_18,11.909547681040618,6.61,6.61,6.61,6.61,6.61,6.61,8.22,8.22,8.93,8.93,7.15,7.15,7.15,7.15,7.15,7.15,8.57,9.29,9.29,8.57,6.79,6.79,6.79,6.79
N_5_16,N_3_14,3.660646513087788,3.73,3.73,3.73,3.73,3.73,3.73,5.71,5.71,6.59,6.59,4.39,4.39,4.39,4.39,4.39,4.39,6.15,7.03,7.03,6.15,3.95,3.95,3.95,3.95
N_5_17,N_5_14,9.886938223002293,5.49,5.49,5.49,5.49,5.49,5.49,6.82,6.82,7.42,7.42,5.93,5.93,5.93,5.93,5.93,5.93,7.12,7.71,7.71,7.12,5.64,5.64,5.64,5.64
N_5_17,N_7_19,3.073518739164931,3.13,3.13,3.13,3.13,3.13,3.13,4.79,4.79,5.53,5.53,3.69,3.69,3.69,3.69,3.69,3.69,5.16,5.9,5.9,5.16,3.32,3.32,3.32,3.32
N_5_17,N_3_15,4.179434816826245,4.26,4.26,4.26,4.26,4.26,4.26,6.52,6.52,7.52,7.52,5.02,5.02,5.02,5.02,5.02,5.02,7.02,8.02,8.02,7.02,4.51,4.51,4.51,4.51
N_5_17,N_3_16,13.329296848752072,7.4,7.4,7.4,7.4,7.4,7.4,9.2,9.2,10.0,10.0,8.0,8.0,8.0,8.0,8.0,8.0,9.6,10.4,10.4,9.6,7.6,7.6,7.6,7.6
N_5_17,N_5_19,3.2943547986031634,3.36,3.36,3.36,3.36,3.36,3.36,5.14,5.14,5.93,5.93,3.95,3.95,3.95,3.95,3.95,3.95,5.53,6.33,6.33,5.53,3.56,3.56,3.56,3.56
N_5_18,N_3_16,8.876472649853449,4.93,4.93,4.93,4.93,4.93,4.93,6.12,6.12,6.66,6.66,5.33,5.33,5.33,5.33,5.33,5.33,6.39,6.92,6.92,6.39,5.06,5.06,5.06,5.06
N_5_18,N_5_16,11.909547681040618,6.61,6.61,6.61,6.61,6.61,6.61,8.22,8.22,8.93,8.93,7.15,7.15,7.15,7.15,7.15,7.15,8.57,9.29,9.29,8.57,6.79,6.79,6.79,6.79
N_5_18,N_6_16,2.271192213192642,3.72,3.72,3.72,3.72,3.72,3.72,6.18,6.18,7.27,7.27,4.54,4.54,4.54,4.54,4.54,4.54,6.72,7.81,7.81,6.72,4.0,4.0,4.0,4.0
N_5_18,N_7_16,12.920261625742889,7.17,7.17,7.17,7.17,7.17,7.17,8.91,8.91,9.69,9.69,7.75,7.75,7.75,7.75,7.75,7.75,9.3,10.08,10.08,9.3,7.36,7.36,7.36,7.36
N_5_18,N_3_20,5.344701954938295,5.45,5.45,5.45,5.45,5.45,5.45,8.34,8.34,9.62,9.62,6.41,6.41,6.41,6.41,6.41,6.41,8.98,10.26,10.26,8.98,5.77,5.77,5.77,5.77
N_5_18,N_3_18,13.978593943263535,7.76,7.76,7.76,7.76,7.76,7.76,9.65,9.65,10.48,10.48,8.39,8.39,8.39,8.39,8.39,8.39,10.06,10.9,10.9,10.06,7.97,7.97,7.97,7.97
N_5_19,N_2_19,2.358715723684906,3.87,3.87,3.87,3.87,3.87,3.87,6.42,6.42,7.55,7.55,4.72,4.72,4.72,4.72,4.72,4.72,6.98,8.11,8.11,6.98,4.15,4.15,4.15,4.15
N_5_19,N_5_17,3.2943547986031634,3.36,3.36,3.36,3.36,3.36,3.36,5.14,5.14,5.93,5.93,3.95,3.95,3.95,3.95,3.95,3.95,5.53,6.33,6.33,5.53,3.56,3.56,3.56,3.56
N_5_19,N_4_21,6.359711412193402,6.49,6.49,6.49,6.49,6.49,6.49,9.92,9.92,11.45,11.45,7.63,7.63,7.63,7.63,7.63,7.63,10.68,12.21,12.21,10.68,6.87,6.87,6.87,6.87
N_5_19,N_6_21,6.893898127141094,7.03,7.03,7.03,7.03,7.03,7.03,10.75,10.75,12.41,12.41,8.27,8.27,8.27,8.27,8.27,8.27,11.58,13.24,13.24,11.58,7.45,7.45,7.45,7.45
N_5_2,N_4_2,1.282413288303387,2.1,2.1,2.1,2.1,2.1,2.1,3.49,3.49,4.1,4.1,2.56,2.56,2.56,2.56,2.56,2.56,3.8,4.41,4.41,3.8,2.26,2.26,2.26,2.26
N_5_2,N_4_4,13.606093497251432,7.55,7.55,7.55,7.55,7.55,7.55,9.39,9.39,10.2,10.2,8.16,8.16,8.16,8.16,8.16,8.16,9.8,10.61,10.61,9.8,7.76,7.76,7.76,7.76
N_5_2,N_6_3,4.110582349948192,4.19,4.19,4.19,4.19,4.19,4.19,6.41,6.41,7.4,7.4,4.93,4.93,4.93,4.93,4.93,4.93,6.91,7.89,7.89,6.91,4.44,4.44,4.44,4.44
N_5_2,N_8_2,0.6452801950994722,1.06,1.06,1.06,1.06,1.06,1.06,1.76,1.76,2.06,2.06,1.29,1.29,1.29,1.29,1.29,1.29,1.91,2.22,2.22,1.91,1.14,1.14,1.14,1.14
N_5_2,N_3_4,6.246574267279465,6.37,6.37,6.37,6.37,6.37,6.37,9.74,9.74,11.24,11.24,7.5,7.5,7.5,7.5,7.5,7.5,10.49,11.99,11.99,10.49,6.75,6.75,6.75,6.75
N_5_2,N_5_4,9.534705858604852,5.29,5.29,5.29,5.29,5.29,5.29,6.58,6.58,7.15,7.15,5.72,5.72,5.72,5.72,5.72,5.72,6.86,7.44,7.44,6.86,5.43,5.43,5.43,5.43
N_5_20,N_4_18,4.764797347180183,4.86,4.86,4.86,4.86,4.86,4.86,7.43,7.43,8.58,8.58,5.72,5.72,5.72,5.72,5.72,5.72,8.0,9.15,9.15,8.0,5.15,5.15,5.15,5.15
N_5_20,N_7_20,10.492703578817359,5.82,5.82,5.82,5.82,5.82,5.82,7.24,7.24,7.87,7.87,6.3,6.3,6.3,6.3,6.3,6.3,7.55,8.18,8.18,7.55,5.98,5.98,5.98,5.98
N_5_20,N_7_18,6.981826357800491,7.12,7.12,7.12,7.12,7.12,7.12,10.89,10.89,12.57,12.57,8.38,8.38,8.38,8.38,8.38,8.38,11.73,13.41,13.41,11.73,7.54,7.54,7.54,7.54
N_5_20,N_7_22,4.696021910269588,4.79,4.79,4.79,4.79,4.79,4.79,7.33,7.33,8.45,8.45,5.64,5.64,5.64,5.64,5.64,5.64,7.89,9.02,9.02,7.89,5.07,5.07,5.07,5.07
N_5_20,N_8_20,6.166947691714359,6.29,6.29,6.29,6.29,6.29,6.29,9.62,9.62,11.1,11.1,7.4,7.4,7.4,7.4,7.4,7.4,10.36,11.84,11.84,10.36,6.66,6.66,6.66,6.66
N_5_21,N_4_19,2.0566424412080466,3.37,3.37,3.37,3.37,3.37,3.37,5.59,5.59,6.58,6.58,4.11,4.11,4.11,4.11,4.11,4.11,6.09,7.07,7.07,6.09,3.62,3.62,3.62,3.62
N_5_21,N_7_20,0.8109382499063147,1.33,1.33,1.33,1.33,1.33,1.33,2.21,2.21,2.6,2.6,1.62,1.62,1.62,1.62,1.62,1.62,2.4,2.79,2.79,2.4,1.43,1.43,1.43,1.43
N_5_21,N_3_23,12.488852437297986,6.93,6.93,6.93,6.93,6.93,6.93,8.62,8.62,9.37,9.37,7.49,7.49,7.49,7.49,7.49,7.49,8.99,9.74,9.74,8.99,7.12,7.12,7.12,7.12
N_5_21,N_4_23,4.973252961312657,5.07,5.07,5.07,5.07,5.07,5.07,7.76,7.76,8.95,8.95,5.97,5.97,5.97,5.97,5.97,5.97,8.36,9.55,9.55,8.36,5.37,5.37,5.37,5.37
N_5_21,N_7_21,3.057889985522223,3.12,3.12,3.12,3.12,3.12,3.12,4.77,4.77,5.5,5.5,3.67,3.67,3.67,3.67,3.67,3.67,5.14,5.87,5.87,5.14,3.3,3.3,3.3,3.3
N_5_21,N_3_19,5.566682527557221,5.68,5.68,5.68,5.68,5.68,5.68,8.68,8.68,10.02,10.02,6.68,6.68,6.68,6.68,6.68,6.68,9.35,10.69,10.69,9.35,6.01,6.01,6.01,6.01
N_5_22,N_8_22,5.471397442688408,5.58,5.58,5.58,5.58,5.58,5.58,8.54,8.54,9.85,9.85,6.57,6.57,6.57,6.57,6.57,6.57,9.19,10.51,10.51,9.19,5.91,5.91,5.91,5.91
N_5_22,N_4_22,4.613761352694954,4.71,4.71,4.71,4.71,4.71,4.71,7.2,7.2,8.3,8.3,5.54,5.54,5.54,5.54,5.54,5.54,7.75,8.86,8.86,7.75,4.98,4.98,4.98,4.98
N_5_22,N_5_24,14.7632352638982,8.19,8.19,8.19,8.19,8.19,8.19,10.19,10.19,11.07,11.07,8.86,8.86,8.86,8.86,8.86,8.86,10.63,11.52,11.52,10.63,8.42,8.42,8.42,8.42
N_5_22,N_5_23,5.4041571957124965,5.51,5.51,5.51,5.51,5.51,5.51,8.43,8.43,9.73,9.73,6.48,6.48,6.48,6.48,6.48,6.48,9.08,10.38,10.38,9.08,5.84,5.84,5.84,5.84
N_5_22,N_7_24,11.987941340463362,6.65,6.65,6.65,6.65,6.65,6.65,8.27,8.27,8.99,8.99,7.19,7.19,7.19,7.19,7.19,7.19,8.63,9.35,9.35,8.63,6.83,6.83,6.83,6.83
N_5_22,N_7_21,10.583193360703147,5.87,5.87,5.87,5.87,5.87,5.87,7.3,7.3,7.94,7.94,6.35,6.35,6.35,6.35,6.35,6.35,7.62,8.25,8.25,7.62,6.03,6.03,6.03,6.03
N_5_23,N_3_24,6.672834729376801,6.81,6.81,6.81,6.81,6.81,6.81,10.41,10.41,12.01,12.01,8.01,8.01,8.01,8.01,8.01,8.01,11.21,12.81,12.81,11.21,7.21,7.21,7.21,7.21
N_5_23,N_5_22,5.4041571957124965,5.51,5.51,5.51,5.51,5.51,5.51,8.43,8.43,9.73,9.73,6.48,6.48,6.48,6.48,6.48,6.48,9.08,10.38,10.38,9.08,5.84,5.84,5.84,5.84
N_5_23,N_2_23,4.228931023043154,4.31,4.31,4.31,4.31,4.31,4.31,6.6,6.6,7.61,7.61,5.07,5.07,5.07,5.07,5.07,5.07,7.1,8.12,8.12,7.1,4.57,4.57,4.57,4.57
N_5_23,N_4_22,1.2313465444093514,2.02,2.02,2.02,2.02,2.02,2.02,3.35,3.35,3.94,3.94,2.46,2.46,2.46,2.46,2.46,2.46,3.64,4.24,4.24,3.64,2.17,2.17,2.17,2.17
N_5_23,N_7_23,2.0252800324769584,3.32,3.32,3.32,3.32,3.32,3.32,5.51,5.51,6.48,6.48,4.05,4.05,4.05,4.05,4.05,4.05,5.99,6.97,6.97,5.99,3.56,3.56,3.56,3.56
N_5_24,N_3_24,10.060316083840618,5.58,5.58,5.58,5.58,5.58,5.58,6.94,6.94,7.55,7.55,6.04,6.04,6.04,6.04,6.04,6.04,7.24,7.85,7.85,7.24,5.73,5.73,5.73,5.73
N_5_24,N_4_22,2.4193846367896317,3.97,3.97,3.97,3.97,3.97,3.97,6.58,6.58,7.74,7.74,4.84,4.84,4.84,4.84,4.84,4.84,7.16,8.32,8.32,7.16,4.26,4.26,4.26,4.26
N_5_24,N_6_24,4.285471224605715,4.37,4.37,4.37,4.37,4.37,4.37,6.69,6.69,7.71,7.71,5.14,5.14,5.14,5.14,5.14,5.14,7.2,8.23,8.23,7.2,4.63,4.63,4.63,4.63
N_5_24,N_6_26,3.6791512935249457,3.75,3.75,3.75,3.75,3.75,3.75,5.74,5.74,6.62,6.62,4.41,4.41,4.41,4.41,4.41,4.41,6.18,7.06,7.06,6.18,3.97,3.97,3.97,3.97
N_5_24,N_4_24,5.840532120127874,5.96,5.96,5.96,5.96,5.96,5.96,9.11,9.11,10.51,10.51,7.01,7.01,7.01,7.01,7.01,7.01,9.81,11.21,11.21,9.81,6.31,6.31,6.31,6.31
N_5_25,N_7_25,6.72522028859706,6.86,6.86,6.86,6.86,6.86,6.86,10.49,10.49,12.11,12.11,8.07,8.07,8.07,8.07,8.07,8.07,11.3,12.91,12.91,11.3,7.26,7.26,7.26,7.26
N_5_25,N_3_23,1.4224727158629118,2.33,2.33,2.33,2.33,2.33,2.33,3.87,3.87,4.55,4.55,2.84,2.84,2.84,2.84,2.84,2.84,4.21,4.89,4.89,4.21,2.5,2.5,2.5,2.5
N_5_25,N_5_24,5.974025566822349,6.09,6.09,6.09,6.09,6.09,6.09,9.32,9.32,10.75,10.75,7.17,7.17,7.17,7.17,7.17,7.17,10.04,11.47,11.47,10.04,6.45,6.45,6.45,6.45
N_5_26,N_3_24,11.045747478667133,6.13,6.13,6.13,6.13,6.13,6.13,7.62,7.62,8.28,8.28,6.63,6.63,6.63,6.63,6.63,6.63,7.95,8.62,8.62,7.95,6.3,6.3,6.3,6.3
N_5_26,N_4_26,5.981853693108418,6.1,6.1,6.1,6.1,6.1,6.1,9.33,9.33,10.77,10.77,7.18,7.18,7.18,7.18,7.18,7.18,10.05,11.49,11.49,10.05,6.46,6.46,6.46,6.46
N_5_26,N_4_28,6.71016735691105,6.84,6.84,6.84,6.84,6.84,6.84,10.47,10.47,12.08,12.08,8.05,8.05,8.05,8.05,8.05,8.05,11.27,12.88,12.88,11.27,7.25,7.25,7.25,7.25
N_5_26,N_5_27,0.623471120503736,1.02,1.02,1.02,1.02,1.02,1.02,1.7,1.7,2.0,2.0,1.25,1.25,1.25,1.25,1.25,1.25,1.85,2.14,2.14,1.85,1.1,1.1,1.1,1.1
N_5_26,N_6_24,1.148323942226181,1.88,1.88,1.88,1.88,1.88,1.88,3.12,3.12,3.67,3.67,2.3,2.3,2.3,2.3,2.3,2.3,3.4,3.95,3.95,3.4,2.02,2.02,2.02,2.02
N_5_26,N_5_24,3.2283383486885677,3.29,3.29,3.29,3.29,3.29,3.29,5.04,5.04,5.81,5.81,3.87,3.87,3.87,3.87,3.87,3.87,5.42,6.2,6.2,5.42,3.49,3.49,3.49,3.49
N_5_26,N_5_25,6.329044864512752,6.46,6.46,6.46,6.46,6.46,6.46,9.87,9.87,11.39,11.39,7.59,7.59,7.59,7.59,7.59,7.59,10.63,12.15,12.15,10.63,6.84,6.84,6.84,6.84
N_5_27,N_3_28,3.5365018658767133,3.61,3.61,3.61,3.61,3.61,3.61,5.52,5.52,6.37,6.37,4.24,4.24,4.24,4.24,4.24,4.24,5.94,6.79,6.79,5.94,3.82,3.82,3.82,3.82
N_5_27,N_4_26,6.939740277680068,7.08,7.08,7.08,7.08,7.08,7.08,10.83,10.83,12.49,12.49,8.33,8.33,8.33,8.33,8.33,8.33,11.66,13.32,13.32,11.66,7.49,7.49,7.49,7.49
N_5_27,N_5_26,0.623471120503736,1.02,1.02,1.02,1.02,1.02,1.02,1.7,1.7,2.0,2.0,1.25,1.25,1.25,1.25,1.25,1.25,1.85,2.14,2.14,1.85,1.1,1.1,1.1,1.1
N_5_27,N_7_29,6.528816873703159,6.66,6.66,6.66,6.66,6.66,6.66,10.18,10.18,11.75,11.75,7.83,7.83,7.83,7.83,7.83,7.83,10.97,12.54,12.54,10.97,7.05,7.05,7.05,7.05
N_5_27,N_6_29,6.554379611245174,6.69,6.69,6.69,6.69,6.69,6.69,10.22,10.22,11.8,11.8,7.87,7.87,7.87,7.87,7.87,7.87,11.01,12.58,12.58,11.01,7.08,7.08,7.08,7.08
N_5_27,N_3_25,5.869942543392771,5.99,5.99,5.99,5.99,5.99,5.99,9.16,9.16,10.57,10.57,7.04,7.04,7.04,7.04,7.04,7.04,9.86,11.27,11.27,9.86,6.34,6.34,6.34,6.34
N_5_28,N_3_27,13.827023859327959,7.67,7.67,7.67,7.67,7.67,7.67,9.54,9.54,10.37,10.37,8.3,8.3,8.3,8.3,8.3,8.3,9.96,10.79,10.79,9.96,7.88,7.88,7.88,7.88
N_5_28,N_3_29,10.428788422391555,5.79,5.79,5.79,5.79,5.79,5.79,7.2,7.2,7.82,7.82,6.26,6.26,6.26,6.26,6.26,6.26,7.51,8.13,8.13,7.51,5.94,5.94,5.94,5.94
N_5_28,N_4_27,11.347824107718736,6.3,6.3,6.3,6.3,6.3,6.3,7.83,7.83,8.51,8.51,6.81,6.81,6.81,6.81,6.81,6.81,8.17,8.85,8.85,8.17,6.47,6.47,6.47,6.47
N_5_28,N_6_26,14.346881096627335,7.96,7.96,7.96,7.96,7.96,7.96,9.9,9.9,10.76,10.76,8.61,8.61,8.61,8.61,8.61,8.61,10.33,11.19,11.19,10.33,8.18,8.18,8.18,8.18
N_5_28,N_5_31,3.9647295774538347,4.04,4.04,4.04,4.04,4.04,4.04,6.18,6.18,7.14,7.14,4.76,4.76,4.76,4.76,4.76,4.76,6.66,7.61,7.61,6.66,4.28,4.28,4.28,4.28
N_5_28,N_6_28,6.768191302684945,6.9,6.9,6.9,6.9,6.9,6.9,10.56,10.56,12.18,12.18,8.12,8.12,8.12,8.12,8.12,8.12,11.37,12.99,12.99,11.37,7.31,7.31,7.31,7.31
N_5_28,N_7_30,10.809000411841906,6.0,6.0,6.0,6.0,6.0,6.0,7.46,7.46,8.11,8.11,6.49,6.49,6.49,6.49,6.49,6.49,7.78,8.43,8.43,7.78,6.16,6.16,6.16,6.16
N_5_28,N_7_28,12.420668947032826,6.89,6.89,6.89,6.89,6.89,6.89,8.57,8.57,9.32,9.32,7.45,7.45,7.45,7.45,7.45,7.45,8.94,9.69,9.69,8.94,7.08,7.08,7.08,7.08
N_5_29,N_7_29,9.831086159206011,5.46,5.46,5.46,5.46,5.46,5.46,6.78,6.78,7.37,7.37,5.9,5.9,5.9,5.9,5.9,5.9,7.08,7.67,7.67,7.08,5.6,5.6,5.6,5.6
N_5_29,N_7_30,2.239074993008481,3.67,3.67,3.67,3.67,3.67,3.67,6.09,6.09,7.17,7.17,4.48,4.48,4.48,4.48,4.48,4.48,6.63,7.7,7.7,6.63,3.94,3.94,3.94,3.94
N_5_29,N_6_29,12.575810970468659,6.98,6.98,6.98,6.98,6.98,6.98,8.68,8.68,9.43,9.43,7.55,7.55,7.55,7.55,7.55,7.55,9.05,9.81,9.81,9.05,7.17,7.17,7.17,7.17
N_5_29,N_2_29,14.947206530863813,8.3,8.3,8.3,8.3,8.3,8.3,10.31,10.31,11.21,11.21,8.97,8.97,8.97,8.97,8.97,8.97,10.76,11.66,11.66,10.76,8.52,8.52,8.52,8.52
N_5_29,N_5_31,5.121805046673316,5.22,5.22,5.22,5.22,5.22,5.22,7.99,7.99,9.22,9.22,6.15,6.15,6.15,6.15,6.15,6.15,8.6,9.83,9.83,8.6,5.53,5.53,5.53,5.53
N_5_3,N_3_3,4.0999358332543885,4.18,4.18,4.18,4.18,4.18,4.18,6.4,6.4,7.38,7.38,4.92,4.92,4.92,4.92,4.92,4.92,6.89,7.87,7.87,6.89,4.43,4.43,4.43,4.43
N_5_3,N_4_4,1.8950000689118407,3.11,3.11,3.11,3.11,3.11,3.11,5.15,5.15,6.06,6.06,3.79,3.79,3.79,3.79,3.79,3.79,5.61,6.52,6.52,5.61,3.34,3.34,3.34,3.34
N_5_3,N_7_2,5.023529227257583,5.12,5.12,5.12,5.12,5.12,5.12,7.84,7.84,9.04,9.04,6.03,6.03,6.03,6.03,6.03,6.03,8.44,9.65,9.65,8.44,5.43,5.43,5.43,5.43
N_5_30,N_3_29,13.772537733646828,7.64,7.64,7.64,7.64,7.64,7.64,9.5,9.5,10.33,10.33,8.26,8.26,8.26,8.26,8.26,8.26,9.92,10.74,10.74,9.92,7.85,7.85,7.85,7.85
N_5_30,N_4_30,14.11999059251787,7.84,7.84,7.84,7.84,7.84,7.84,9.74,9.74,10.59,10.59,8.47,8.47,8.47,8.47,8.47,8.47,10.17,11.01,11.01,10.17,8.05,8.05,8.05,8.05
N_5_30,N_5_33,4.083352705896065,4.17,4.17,4.17,4.17,4.17,4.17,6.37,6.37,7.35,7.35,4.9,4.9,4.9,4.9,4.9,4.9,6.86,7.84,7.84,6.86,4.41,4.41,4.41,4.41
N_5_31,N_5_28,3.9647295774538347,4.04,4.04,4.04,4.04,4.04,4.04,6.18,6.18,7.14,7.14,4.76,4.76,4.76,4.76,4.76,4.76,6.66,7.61,7.61,6.66,4.28,4.28,4.28,4.28
N_5_31,N_5_29,5.121805046673316,5.22,5.22,5.22,5.22,5.22,5.22,7.99,7.99,9.22,9.22,6.15,6.15,6.15,6.15,6.15,6.15,8.6,9.83,9.83,8.6,5.53,5.53,5.53,5.53
N_5_31,N_3_33,4.808838530330066,4.91,4.91,4.91,4.91,4.91,4.91,7.5,7.5,8.66,8.66,5.77,5.77,5.77,5.77,5.77,5.77,8.08,9.23,9.23,8.08,5.19,5.19,5.19,5.19
N_5_31,N_7_32,1.2922762706482307,2.12,2.12,2.12,2.12,2.12,2.12,3.51,3.51,4.14,4.14,2.58,2.58,2.58,2.58,2.58,2.58,3.83,4.45,4.45,3.83,2.27,2.27,2.27,2.27
N_5_31,N_6_33,3.4448434118786153,3.51,3.51,3.51,3.51,3.51,3.51,5.37,5.37,6.2,6.2,4.13,4.13,4.13,4.13,4.13,4.13,5.79,6.61,6.61,5.79,3.72,3.72,3.72,3.72
N_5_31,N_3_32,5.888159751281188,6.01,6.01,6.01,6.01,6.01,6.01,9.19,9.19,10.6,10.6,7.07,7.07,7.07,7.07,7.07,7.07,9.89,11.31,11.31,9.89,6.36,6.36,6.36,6.36
N_5_32,N_6_32,11.401829633982462,6.33,6.33,6.33,6.33,6.33,6.33,7.87,7.87,8.55,8.55,6.84,6.84,6.84,6.84,6.84,6.84,8.21,8.89,8.89,8.21,6.5,6.5,6.5,6.5
N_5_32,N_3_34,3.004816788160337,3.06,3.06,3.06,3.06,3.06,3.06,4.69,4.69,5.41,5.41,3.61,3.61,3.61,3.61,3.61,3.61,5.05,5.77,5.77,5.05,3.25,3.25,3.25,3.25
N_5_32,N_4_32,3.1726200999842575,3.24,3.24,3.24,3.24,3.24,3.24,4.95,4.95,5.71,5.71,3.81,3.81,3.81,3.81,3.81,3.81,5.33,6.09,6.09,5.33,3.43,3.43,3.43,3.43
N_5_32,N_7_30,6.868807080463313,7.01,7.01,7.01,7.01,7.01,7.01,10.72,10.72,12.36,12.36,8.24,8.24,8.24,8.24,8.24,8.24,11.54,13.19,13.19,11.54,7.42,7.42,7.42,7.42
N_5_32,N_4_33,14.981375439171035,8.31,8.31,8.31,8.31,8.31,8.31,10.34,10.34,11.24,11.24,8.99,8.99,8.99,8.99,8.99,8.99,10.79,11.69,11.69,10.79,8.54,8.54,8.54,8.54
N_5_33,N_4_32,1.897327250376536,3.11,3.11,3.11,3.11,3.11,3.11,5.16,5.16,6.07,6.07,3.79,3.79,3.79,3.79,3.79,3.79,5.62,6.53,6.53,5.62,3.34,3.34,3.34,3.34
N_5_33,N_5_30,4.083352705896065,4.17,4.17,4.17,4.17,4.17,4.17,6.37,6.37,7.35,7.35,4.9,4.9,4.9,4.9,4.9,4.9,6.86,7.84,7.84,6.86,4.41,4.41,4.41,4.41
N_5_33,N_7_33,3.164907499402912,3.23,3.23,3.23,3.23,3.23,3.23,4.94,4.94,5.7,5.7,3.8,3.8,3.8,3.8,3.8,3.8,5.32,6.08,6.08,5.32,3.42,3.42,3.42,3.42
N_5_33,N_4_33,11.512264776731907,6.39,6.39,6.39,6.39,6.39,6.39,7.94,7.94,8.63,8.63,6.91,6.91,6.91,6.91,6.91,6.91,8.29,8.98,8.98,8.29,6.56,6.56,6.56,6.56
N_5_33,N_6_32,3.1934731090109842,3.26,3.26,3.26,3.26,3.26,3.26,4.98,4.98,5.75,5.75,3.83,3.83,3.83,3.83,3.83,3.83,5.37,6.13,6.13,5.37,3.45,3.45,3.45,3.45
N_5_33,N_7_31,10.4745306936575,5.81,5.81,5.81,5.81,5.81,5.81,7.23,7.23,7.86,7.86,6.28,6.28,6.28,6.28,6.28,6.28,7.54,8.17,8.17,7.54,5.97,5.97,5.97,5.97
N_5_33,N_5_36,5.817883599807137,5.93,5.93,5.93,5.93,5.93,5.93,9.08,9.08,10.47,10.47,6.98,6.98,6.98,6.98,6.98,6.98,9.77,11.17,11.17,9.77,6.28,6.28,6.28,6.28
N_5_33,N_4_35,3.4822051362759514,3.55,3.55,3.55,3.55,3.55,3.55,5.43,5.43,6.27,6.27,4.18,4.18,4.18,4.18,4.18,4.18,5.85,6.69,6.69,5.85,3.76,3.76,3.76,3.76
N_5_34,N_4_35,12.569457338383284,6.98,6.98,6.98,6.98,6.98,6.98,8.67,8.67,9.43,9.43,7.54,7.54,7.54,7.54,7.54,7.54,9.05,9.8,9.8,9.05,7.16,7.16,7.16,7.16
N_5_34,N_7_32,12.915172584485546,7.17,7.17,7.17,7.17,7.17,7.17,8.91,8.91,9.69,9.69,7.75,7.75,7.75,7.75,7.75,7.75,9.3,10.07,10.07,9.3,7.36,7.36,7.36,7.36
N_5_34,N_3_32,5.89215812981665,6.01,6.01,6.01,6.01,6.01,6.01,9.19,9.19,10.61,10.61,7.07,7.07,7.07,7.07,7.07,7.07,9.9,11.31,11.31,9.9,6.36,6.36,6.36,6.36
N_5_35,N_4_36,13.740411535594507,7.63,7.63,7.63,7.63,7.63,7.63,9.48,9.48,10.31,10.31,8.24,8.24,8.24,8.24,8.24,8.24,9.89,10.72,10.72,9.89,7.83,7.83,7.83,7.83
N_5_35,N_7_34,1.3793975279133026,2.26,2.26,2.26,2.26,2.26,2.26,3.75,3.75,4.41,4.41,2.76,2.76,2.76,2.76,2.76,2.76,4.08,4.75,4.75,4.08,2.43,2.43,2.43,2.43
N_5_35,N_3_33,1.004250987728473,1.65,1.65,1.65,1.65,1.65,1.65,2.73,2.73,3.21,3.21,2.01,2.01,2.01,2.01,2.01,2.01,2.97,3.45,3.45,2.97,1.77,1.77,1.77,1.77
N_5_35,N_8_35,5.089679792504791,5.19,5.19,5.19,5.19,5.19,5.19,7.94,7.94,9.16,9.16,6.11,6.11,6.11,6.11,6.11,6.11,8.55,9.77,9.77,8.55,5.5,5.5,5.5,5.5
N_5_35,N_6_35,12.279803304020867,6.82,6.82,6.82,6.82,6.82,6.82,8.47,8.47,9.21,9.21,7.37,7.37,7.37,7.37,7.37,7.37,8.84,9.58,9.58,8.84,7.0,7.0,7.0,7.0
N_5_35,N_6_36,1.0042824050354355,1.65,1.65,1.65,1.65,1.65,1.65,2.73,2.73,3.21,3.21,2.01,2.01,2.01,2.01,2.01,2.01,2.97,3.45,3.45,2.97,1.77,1.77,1.77,1.77
N_5_35,N_5_33,1.1994930796819259,1.97,1.97,1.97,1.97,1.97,1.97,3.26,3.26,3.84,3.84,2.4,2.4,2.4,2.4,2.4,2.4,3.55,4.13,4.13,3.55,2.11,2.11,2.11,2.11
N_5_35,N_4_35,3.3001790673308595,3.37,3.37,3.37,3.37,3.37,3.37,5.15,5.15,5.94,5.94,3.96,3.96,3.96,3.96,3.96,3.96,5.54,6.34,6.34,5.54,3.56,3.56,3.56,3.56
N_5_36,N_3_36,4.345870858530187,4.43,4.43,4.43,4.43,4.43,4.43,6.78,6.78,7.82,7.82,5.22,5.22,5.22,5.22,5.22,5.22,7.3,8.34,8.34,7.3,4.69,4.69,4.69,4.69
N_5_36,N_5_33,5.817883599807137,5.93,5.93,5.93,5.93,5.93,5.93,9.08,9.08,10.47,10.47,6.98,6.98,6.98,6.98,6.98,6.98,9.77,11.17,11.17,9.77,6.28,6.28,6.28,6.28
N_5_36,N_7_36,1.6799917652801937,2.76,2.76,2.76,2.76,2.76,2.76,4.57,4.57,5.38,5.38,3.36,3.36,3.36,3.36,3.36,3.36,4.97,5.78,5.78,4.97,2.96,2.96,2.96,2.96
N_5_36,N_4_35,1.8379211905520318,3.01,3.01,3.01,3.01,3.01,3.01,5.0,5.0,5.88,5.88,3.68,3.68,3.68,3.68,3.68,3.68,5.44,6.32,6.32,5.44,3.23,3.23,3.23,3.23
N_5_36,N_6_35,3.588215971651899,3.66,3.66,3.66,3.66,3.66,3.66,5.6,5.6,6.46,6.46,4.31,4.31,4.31,4.31,4.31,4.31,6.03,6.89,6.89,6.03,3.88,3.88,3.88,3.88
N_5_36,N_4_38,5.025160887391621,5.13,5.13,5.13,5.13,5.13,5.13,7.84,7.84,9.05,9.05,6.03,6.03,6.03,6.03,6.03,6.03,8.44,9.65,9.65,8.44,5.43,5.43,5.43,5.43
N_5_36,N_8_36,10.035374640628746,5.57,5.57,5.57,5.57,5.57,5.57,6.92,6.92,7.53,7.53,6.02,6.02,6.02,6.02,6.02,6.02,7.23,7.83,7.83,7.23,5.72,5.72,5.72,5.72
N_5_37,N_6_37,6.903020963017753,7.04,7.04,7.04,7.04,7.04,7.04,10.77,10.77,12.43,12.43,8.28,8.28,8.28,8.28,8.28,8.28,11.6,13.25,13.25,11.6,7.46,7.46,7.46,7.46
N_5_37,N_5_38,4.488210768839528,4.58,4.58,4.58,4.58,4.58,4.58,7.0,7.0,8.08,8.08,5.39,5.39,5.39,5.39,5.39,5.39,7.54,8.62,8.62,7.54,4.85,4.85,4.85,4.85
N_5_37,N_4_35,5.566262202052405,5.68,5.68,5.68,5.68,5.68,5.68,8.68,8.68,10.02,10.02,6.68,6.68,6.68,6.68,6.68,6.68,9.35,10.69,10.69,9.35,6.01,6.01,6.01,6.01
N_5_37,N_7_39,5.138333110260731,5.24,5.24,5.24,5.24,5.24,5.24,8.02,8.02,9.25,9.25,6.17,6.17,6.17,6.17,6.17,6.17,8.63,9.87,9.87,8.63,5.55,5.55,5.55,5.55
N_5_37,N_6_38,6.833164942694038,6.97,6.97,6.97,6.97,6.97,6.97,10.66,10.66,12.3,12.3,8.2,8.2,8.2,8.2,8.2,8.2,11.48,13.12,13.12,11.48,7.38,7.38,7.38,7.38
N_5_37,N_3_37,5.670209035132157,5.78,5.78,5.78,5.78,5.78,5.78,8.85,8.85,10.21,10.21,6.8,6.8,6.8,6.8,6.8,6.8,9.53,10.89,10.89,9.53,6.12,6.12,6.12,6.12
N_5_38,N_3_36,9.781243834385837,5.43,5.43,5.43,5.43,5.43,5.43,6.75,6.75,7.34,7.34,5.87,5.87,5.87,5.87,5.87,5.87,7.04,7.63,7.63,7.04,5.58,5.58,5.58,5.58
N_5_38,N_6_39,5.3349014275233415,5.44,5.44,5.44,5.44,5.44,5.44,8.32,8.32,9.6,9.6,6.4,6.4,6.4,6.4,6.4,6.4,8.96,10.24,10.24,8.96,5.76,5.76,5.76,5.76
N_5_38,N_3_37,12.895902096180084,7.16,7.16,7.16,7.16,7.16,7.16,8.9,8.9,9.67,9.67,7.74,7.74,7.74,7.74,7.74,7.74,9.29,10.06,10.06,9.29,7.35,7.35,7.35,7.35
N_5_38,N_2_38,10.780915499474723,5.98,5.98,5.98,5.98,5.98,5.98,7.44,7.44,8.09,8.09,6.47,6.47,6.47,6.47,6.47,6.47,7.76,8.41,8.41,7.76,6.15,6.15,6.15,6.15
N_5_38,N_4_36,1.464256980667697,2.4,2.4,2.4,2.4,2.4,2.4,3.98,3.98,4.69,4.69,2.93,2.93,2.93,2.93,2.93,2.93,4.33,5.04,5.04,4.33,2.58,2.58,2.58,2.58
N_5_39,N_2_39,12.772074072237594,7.09,7.09,7.09,7.09,7.09,7.09,8.81,8.81,9.58,9.58,7.66,7.66,7.66,7.66,7.66,7.66,9.2,9.96,9.96,9.2,7.28,7.28,7.28,7.28
N_5_39,N_3_39,6.832127754633209,6.97,6.97,6.97,6.97,6.97,6.97,10.66,10.66,12.3,12.3,8.2,8.2,8.2,8.2,8.2,8.2,11.48,13.12,13.12,11.48,7.38,7.38,7.38,7.38
N_5_39,N_5_38,6.928127392523039,7.07,7.07,7.07,7.07,7.07,7.07,10.81,10.81,12.47,12.47,8.31,8.31,8.31,8.31,8.31,8.31,11.64,13.3,13.3,11.64,7.48,7.48,7.48,7.48
N_5_4,N_2_4,1.70346890035794,2.79,2.79,2.79,2.79,2.79,2.79,4.63,4.63,5.45,5.45,3.41,3.41,3.41,3.41,3.41,3.41,5.04,5.86,5.86,5.04,3.0,3.0,3.0,3.0
N_5_4,N_5_2,9.534705858604852,5.29,5.29,5.29,5.29,5.29,5.29,6.58,6.58,7.15,7.15,5.72,5.72,5.72,5.72,5.72,5.72,6.86,7.44,7.44,6.86,5.43,5.43,5.43,5.43
N_5_4,N_7_6,10.325534809267612,5.73,5.73,5.73,5.73,5.73,5.73,7.12,7.12,7.74,7.74,6.2,6.2,6.2,6.2,6.2,6.2,7.43,8.05,8.05,7.43,5.89,5.89,5.89,5.89
N_5_4,N_8_4,6.3303844269330245,6.46,6.46,6.46,6.46,6.46,6.46,9.88,9.88,11.39,11.39,7.6,7.6,7.6,7.6,7.6,7.6,10.64,12.15,12.15,10.64,6.84,6.84,6.84,6.84
N_5_4,N_7_2,8.9642437658839,4.98,4.98,4.98,4.98,4.98,4.98,6.19,6.19,6.72,6.72,5.38,5.38,5.38,5.38,5.38,5.38,6.45,6.99,6.99,6.45,5.11,5.11,5.11,5.11
N_5_4,N_6_6,6.111290404852623,6.23,6.23,6.23,6.23,6.23,6.23,9.53,9.53,11.0,11.0,7.33,7.33,7.33,7.33,7.33,7.33,10.27,11.73,11.73,10.27,6.6,6.6,6.6,6.6
N_5_4,N_5_7,5.85679105020621,5.97,5.97,5.97,5.97,5.97,5.97,9.14,9.14,10.54,10.54,7.03,7.03,7.03,7.03,7.03,7.03,9.84,11.25,11.25,9.84,6.33,6.33,6.33,6.33
N_5_4,N_6_5,5.622024579640977,5.73,5.73,5.73,5.73,5.73,5.73,8.77,8.77,10.12,10.12,6.75,6.75,6.75,6.75,6.75,6.75,9.45,10.79,10.79,9.45,6.07,6.07,6.07,6.07
N_5_5,N_6_6,6.863899664950063,7.0,7.0,7.0,7.0,7.0,7.0,10.71,10.71,12.36,12.36,8.24,8.24,8.24,8.24,8.24,8.24,11.53,13.18,13.18,11.53,7.41,7.41,7.41,7.41
N_5_5,N_7_5,6.055101358447242,6.18,6.18,6.18,6.18,6.18,6.18,9.45,9.45,10.9,10.9,7.27,7.27,7.27,7.27,7.27,7.27,10.17,11.63,11.63,10.17,6.54,6.54,6.54,6.54
N_5_5,N_3_3,13.754535440258595,7.63,7.63,7.63,7.63,7.63,7.63,9.49,9.49,10.32,10.32,8.25,8.25,8.25,8.25,8.25,8.25,9.9,10.73,10.73,9.9,7.84,7.84,7.84,7.84
N_5_5,N_7_6,10.33922386872132,5.74,5.74,5.74,5.74,5.74,5.74,7.13,7.13,7.75,7.75,6.2,6.2,6.2,6.2,6.2,6.2,7.44,8.06,8.06,7.44,5.89,5.89,5.89,5.89
N_5_5,N_5_4,6.552683942645304,6.68,6.68,6.68,6.68,6.68,6.68,10.22,10.22,11.79,11.79,7.86,7.86,7.86,7.86,7.86,7.86,11.01,12.58,12.58,11.01,7.08,7.08,7.08,7.08
N_5_5,N_7_3,1.2499667060732962,2.05,2.05,2.05,2.05,2.05,2.05,3.4,3.4,4.0,4.0,2.5,2.5,2.5,2.5,2.5,2.5,3.7,4.3,4.3,3.7,2.2,2.2,2.2,2.2
N_5_5,N_7_7,1.1291768250260787,1.85,1.85,1.85,1.85,1.85,1.85,3.07,3.07,3.61,3.61,2.26,2.26,2.26,2.26,2.26,2.26,3.34,3.88,3.88,3.34,1.99,1.99,1.99,1.99
N_5_5,N_7_4,12.941584366194679,7.18,7.18,7.18,7.18,7.18,7.18,8.93,8.93,9.71,9.71,7.76,7.76,7.76,7.76,7.76,7.76,9.32,10.09,10.09,9.32,7.38,7.38,7.38,7.38
N_5_6,N_4_4,4.767341593423875,4.86,4.86,4.86,4.86,4.86,4.86,7.44,7.44,8.58,8.58,5.72,5.72,5.72,5.72,5.72,5.72,8.01,9.15,9.15,8.01,5.15,5.15,5.15,5.15
N_5_6,N_8_6,11.734108270857627,6.51,6.51,6.51,6.51,6.51,6.51,8.1,8.1,8.8,8.8,7.04,7.04,7.04,7.04,7.04,7.04,8.45,9.15,9.15,8.45,6.69,6.69,6.69,6.69
N_5_6,N_3_6,2.039254993642273,3.34,3.34,3.34,3.34,3.34,3.34,5.55,5.55,6.53,6.53,4.08,4.08,4.08,4.08,4.08,4.08,6.04,7.02,7.02,6.04,3.59,3.59,3.59,3.59
N_5_6,N_4_5,1.7516906273348063,2.87,2.87,2.87,2.87,2.87,2.87,4.76,4.76,5.61,5.61,3.5,3.5,3.5,3.5,3.5,3.5,5.19,6.03,6.03,5.19,3.08,3.08,3.08,3.08
N_5_7,N_5_4,5.85679105020621,5.97,5.97,5.97,5.97,5.97,5.97,9.14,9.14,10.54,10.54,7.03,7.03,7.03,7.03,7.03,7.03,9.84,11.25,11.25,9.84,6.33,6.33,6.33,6.33
N_5_7,N_7_6,14.113451730293692,7.83,7.83,7.83,7.83,7.83,7.83,9.74,9.74,10.59,10.59,8.47,8.47,8.47,8.47,8.47,8.47,10.16,11.01,11.01,10.16,8.04,8.04,8.04,8.04
N_5_7,N_3_6,0.705633336599323,1.16,1.16,1.16,1.16,1.16,1.16,1.92,1.92,2.26,2.26,1.41,1.41,1.41,1.41,1.41,1.41,2.09,2.43,2.43,2.09,1.24,1.24,1.24,1.24
N_5_7,N_6_5,2.053283426949212,3.37,3.37,3.37,3.37,3.37,3.37,5.58,5.58,6.57,6.57,4.11,4.11,4.11,4.11,4.11,4.11,6.08,7.06,7.06,6.08,3.61,3.61,3.61,3.61
N_5_7,N_4_7,0.8905762241386828,1.46,1.46,1.46,1.46,1.46,1.46,2.42,2.42,2.85,2.85,1.78,1.78,1.78,1.78,1.78,1.78,2.64,3.06,3.06,2.64,1.57,1.57,1.57,1.57
N_5_7,N_7_5,4.046198269718882,4.13,4.13,4.13,4.13,4.13,4.13,6.31,6.31,7.28,7.28,4.86,4.86,4.86,4.86,4.86,4.86,6.8,7.77,7.77,6.8,4.37,4.37,4.37,4.37
N_5_8,N_4_6,11.074516929457612,6.15,6.15,6.15,6.15,6.15,6.15,7.64,7.64,8.31,8.31,6.64,6.64,6.64,6.64,6.64,6.64,7.97,8.64,8.64,7.97,6.31,6.31,6.31,6.31
N_5_8,N_4_7,11.551192202575095,6.41,6.41,6.41,6.41,6.41,6.41,7.97,7.97,8.66,8.66,6.93,6.93,6.93,6.93,6.93,6.93,8.32,9.01,9.01,8.32,6.58,6.58,6.58,6.58
N_5_8,N_3_7,4.304249194580177,4.39,4.39,4.39,4.39,4.39,4.39,6.71,6.71,7.75,7.75,5.17,5.17,5.17,5.17,5.17,5.17,7.23,8.26,8.26,7.23,4.65,4.65,4.65,4.65
N_5_8,N_5_5,6.709771232817993,6.84,6.84,6.84,6.84,6.84,6.84,10.47,10.47,12.08,12.08,8.05,8.05,8.05,8.05,8.05,8.05,11.27,12.88,12.88,11.27,7.25,7.25,7.25,7.25
N_5_8,N_3_6,4.405707590807289,4.49,4.49,4.49,4.49,4.49,4.49,6.87,6.87,7.93,7.93,5.29,5.29,5.29,5.29,5.29,5.29,7.4,8.46,8.46,7.4,4.76,4.76,4.76,4.76
N_5_8,N_6_9,2.4460899529635673,4.01,4.01,4.01,4.01,4.01,4.01,6.65,6.65,7.83,7.83,4.89,4.89,4.89,4.89,4.89,4.89,7.24,8.41,8.41,7.24,4.31,4.31,4.31,4.31
N_5_8,N_6_7,5.583909919001778,5.7,5.7,5.7,5.7,5.7,5.7,8.71,8.71,10.05,10.05,6.7,6.7,6.7,6.7,6.7,6.7,9.38,10.72,10.72,9.38,6.03,6.03,6.03,6.03
N_5_9,N_3_7,3.5326652194319554,3.6,3.6,3.6,3.6,3.6,3.6,5.51,5.51,6.36,6.36,4.24,4.24,4.24,4.24,4.24,4.24,5.93,6.78,6.78,5.93,3.82,3.82,3.82,3.82
N_5_9,N_4_9,6.1083541445541085,6.23,6.23,6.23,6.23,6.23,6.23,9.53,9.53,11.0,11.0,7.33,7.33,7.33,7.33,7.33,7.33,10.26,11.73,11.73,10.26,6.6,6.6,6.6,6.6
N_5_9,N_3_8,3.3190895192879935,3.39,3.39,3.39,3.39,3.39,3.39,5.18,5.18,5.97,5.97,3.98,3.98,3.98,3.98,3.98,3.98,5.58,6.37,6.37,5.58,3.58,3.58,3.58,3.58
N_5_9,N_5_8,4.371883178851646,4.46,4.46,4.46,4.46,4.46,4.46,6.82,6.82,7.87,7.87,5.25,5.25,5.25,5.25,5.25,5.25,7.34,8.39,8.39,7.34,4.72,4.72,4.72,4.72
N_5_9,N_6_8,11.349454975114902,6.3,6.3,6.3,6.3,6.3,6.3,7.83,7.83,8.51,8.51,6.81,6.81,6.81,6.81,6.81,6.81,8.17,8.85,8.85,8.17,6.47,6.47,6.47,6.47
N_6_0,N_4_1,8.378585583169869,4.65,4.65,4.65,4.65,4.65,4.65,5.78,5.78,6.28,6.28,5.03,5.03,5.03,5.03,5.03,5.03,6.03,6.54,6.54,6.03,4.78,4.78,4.78,4.78
N_6_0,N_5_0,3.6347259080882948,3.71,3.71,3.71,3.71,3.71,3.71,5.67,5.67,6.54,6.54,4.36,4.36,4.36,4.36,4.36,4.36,6.11,6.98,6.98,6.11,3.93,3.93,3.93,3.93
N_6_0,N_3_0,1.9076229217317449,3.13,3.13,3.13,3.13,3.13,3.13,5.19,5.19,6.1,6.1,3.82,3.82,3.82,3.82,3.82,3.82,5.65,6.56,6.56,5.65,3.36,3.36,3.36,3.36
N_6_1,N_3_1,5.513308911798423,5.62,5.62,5.62,5.62,5.62,5.62,8.6,8.6,9.92,9.92,6.62,6.62,6.62,6.62,6.62,6.62,9.26,10.59,10.59,9.26,5.95,5.95,5.95,5.95
N_6_1,N_5_1,3.3709762282871436,3.44,3.44,3.44,3.44,3.44,3.44,5.26,5.26,6.07,6.07,4.05,4.05,4.05,4.05,4.05,4.05,5.66,6.47,6.47,5.66,3.64,3.64,3.64,3.64
N_6_1,N_4_3,11.920640251546732,6.62,6.62,6.62,6.62,6.62,6.62,8.23,8.23,8.94,8.94,7.15,7.15,7.15,7.15,7.15,7.15,8.58,9.3,9.3,8.58,6.79,6.79,6.79,6.79
N_6_1,N_6_2,13.710610391417262,7.61,7.61,7.61,7.61,7.61,7.61,9.46,9.46,10.28,10.28,8.23,8.23,8.23,8.23,8.23,8.23,9.87,10.69,10.69,9.87,7.82,7.82,7.82,7.82
N_6_1,N_7_0,0.6658435173058654,1.09,1.09,1.09,1.09,1.09,1.09,1.81,1.81,2.13,2.13,1.33,1.33,1.33,1.33,1.33,1.33,1.97,2.29,2.29,1.97,1.17,1.17,1.17,1.17
N_6_1,N_8_2,3.439094836100716,3.51,3.51,3.51,3.51,3.51,3.51,5.36,5.36,6.19,6.19,4.13,4.13,4.13,4.13,4.13,4.13,5.78,6.6,6.6,5.78,3.71,3.71,3.71,3.71
N_6_1,N_7_2,4.032845886415741,4.11,4.11,4.11,4.11,4.11,4.11,6.29,6.29,7.26,7.26,4.84,4.84,4.84,4.84,4.84,4.84,6.78,7.74,7.74,6.78,4.36,4.36,4.36,4.36
N_6_1,N_8_0,10.509434371656,5.83,5.83,5.83,5.83,5.83,5.83,7.25,7.25,7.88,7.88,6.31,6.31,6.31,6.31,6.31,6.31,7.57,8.2,8.2,7.57,5.99,5.99,5.99,5.99
N_6_10,N_4_8,1.9347630352400391,3.17,3.17,3.17,3.17,3.17,3.17,5.26,5.26,6.19,6.19,3.87,3.87,3.87,3.87,3.87,3.87,5.73,6.66,6.66,5.73,3.41,3.41,3.41,3.41
N_6_10,N_7_12,12.02246021465495,6.67,6.67,6.67,6.67,6.67,6.67,8.3,8.3,9.02,9.02,7.21,7.21,7.21,7.21,7.21,7.21,8.66,9.38,9.38,8.66,6.85,6.85,6.85,6.85
N_6_10,N_7_8,6.869310011480473,7.01,7.01,7.01,7.01,7.01,7.01,10.72,10.72,12.36,12.36,8.24,8.24,8.24,8.24,8.24,8.24,11.54,13.19,13.19,11.54,7.42,7.42,7.42,7.42
N_6_10,N_6_8,4.064105429444719,4.15,4.15,4.15,4.15,4.15,4.15,6.34,6.34,7.32,7.32,4.88,4.88,4.88,4.88,4.88,4.88,6.83,7.8,7.8,6.83,4.39,4.39,4.39,4.39
N_6_10,N_5_10,4.466433280086784,4.56,4.56,4.56,4.56,4.56,4.56,6.97,6.97,8.04,8.04,5.36,5.36,5.36,5.36,5.36,5.36,7.5,8.58,8.58,7.5,4.82,4.82,4.82,4.82
N_6_10,N_8_8,3.8827078790713565,3.96,3.96,3.96,3.96,3.96,3.96,6.06,6.06,6.99,6.99,4.66,4.66,4.66,4.66,4.66,4.66,6.52,7.45,7.45,6.52,4.19,4.19,4.19,4.19
N_6_10,N_7_10,6.091426496875336,6.21,6.21,6.21,6.21,6.21,6.21,9.5,9.5,10.96,10.96,7.31,7.31,7.31,7.31,7.31,7.31,10.23,11.7,11.7,10.23,6.58,6.58,6.58,6.58
N_6_11,N_5_12,3.4012696428404756,3.47,3.47,3.47,3.47,3.47,3.47,5.31,5.31,6.12,6.12,4.08,4.08,4.08,4.08,4.08,4.08,5.71,6.53,6.53,5.71,3.67,3.67,3.67,3.67
N_6_11,N_5_13,4.727455874682741,4.82,4.82,4.82,4.82,4.82,4.82,7.37,7.37,8.51,8.51,5.67,5.67,5.67,5.67,5.67,5.67,7.94,9.08,9.08,7.94,5.11,5.11,5.11,5.11
N_6_11,N_4_9,3.5158136077825075,3.59,3.59,3.59,3.59,3.59,3.59,5.48,5.48,6.33,6.33,4.22,4.22,4.22,4.22,4.22,4.22,5.91,6.75,6.75,5.91,3.8,3.8,3.8,3.8
N_6_11,N_8_12,4.151607077358413,4.23,4.23,4.23,4.23,4.23,4.23,6.48,6.48,7.47,7.47,4.98,4.98,4.98,4.98,4.98,4.98,6.97,7.97,7.97,6.97,4.48,4.48,4.48,4.48
N_6_11,N_7_13,11.866643583047203,6.59,6.59,6.59,6.59,6.59,6.59,8.19,8.19,8.9,8.9,7.12,7.12,7.12,7.12,7.12,7.12,8.54,9.26,9.26,8.54,6.76,6.76,6.76,6.76
N_6_11,N_6_8,9.466113375247655,5.25,5.25,5.25,5.25,5.25,5.25,6.53,6.53,7.1,7.1,5.68,5.68,5.68,5.68,5.68,5.68,6.82,7.38,7.38,6.82,5.4,5.4,5.4,5.4
N_6_11,N_6_10,5.644364038686826,5.76,5.76,5.76,5.76,5.76,5.76,8.81,8.81,10.16,10.16,6.77,6.77,6.77,6.77,6.77,6.77,9.48,10.84,10.84,9.48,6.1,6.1,6.1,6.1
N_6_11,N_8_10,8.934892203949609,4.96,4.96,4.96,4.96,4.96,4.96,6.17,6.17,6.7,6.7,5.36,5.36,5.36,5.36,5.36,5.36,6.43,6.97,6.97,6.43,5.09,5.09,5.09,5.09
N_6_12,N_5_10,6.58795156285689,6.72,6.72,6.72,6.72,6.72,6.72,10.28,10.28,11.86,11.86,7.91,7.91,7.91,7.91,7.91,7.91,11.07,12.65,12.65,11.07,7.11,7.11,7.11,7.11
N_6_12,N_5_13,4.4221578346508075,4.51,4.51,4.51,4.51,4.51,4.51,6.9,6.9,7.96,7.96,5.31,5.31,5.31,5.31,5.31,5.31,7.43,8.49,8.49,7.43,4.78,4.78,4.78,4.78
N_6_12,N_7_12,1.5251950590373327,2.5,2.5,2.5,2.5,2.5,2.5,4.15,4.15,4.88,4.88,3.05,3.05,3.05,3.05,3.05,3.05,4.51,5.25,5.25,4.51,2.68,2.68,2.68,2.68
N_6_13,N_8_13,0.7014191598195378,1.15,1.15,1.15,1.15,1.15,1.15,1.91,1.91,2.24,2.24,1.4,1.4,1.4,1.4,1.4,1.4,2.08,2.41,2.41,2.08,1.23,1.23,1.23,1.23
N_6_13,N_6_16,5.284808064014816,5.39,5.39,5.39,5.39,5.39,5.39,8.24,8.24,9.51,9.51,6.34,6.34,6.34,6.34,6.34,6.34,8.88,10.15,10.15,8.88,5.71,5.71,5.71,5.71
N_6_13,N_6_14,1.6471818968377299,2.7,2.7,2.7,2.7,2.7,2.7,4.48,4.48,5.27,5.27,3.29,3.29,3.29,3.29,3.29,3.29,4.88,5.67,5.67,4.88,2.9,2.9,2.9,2.9
N_6_13,N_5_11,8.241439332665493,4.57,4.57,4.57,4.57,4.57,4.57,5.69,5.69,6.18,6.18,4.94,4.94,4.94,4.94,4.94,4.94,5.93,6.43,6.43,5.93,4.7,4.7,4.7,4.7
N_6_13,N_7_14,13.431263930906262,7.45,7.45,7.45,7.45,7.45,7.45,9.27,9.27,10.07,10.07,8.06,8.06,8.06,8.06,8.06,8.06,9.67,10.48,10.48,9.67,7.66,7.66,7.66,7.66
N_6_13,N_6_15,0.776085503670765,1.27,1.27,1.27,1.27,1.27,1.27,2.11,2.11,2.48,2.48,1.55,1.55,1.55,1.55,1.55,1.55,2.3,2.67,2.67,2.3,1.37,1.37,1.37,1.37
N_6_13,N_7_12,3.7138631990754014,3.79,3.79,3.79,3.79,3.79,3.79,5.79,5.79,6.68,6.68,4.46,4.46,4.46,4.46,4.46,4.46,6.24,7.13,7.13,6.24,4.01,4.01,4.01,4.01
N_6_14,N_4_14,8.207195643606575,4.55,4.55,4.55,4.55,4.55,4.55,5.66,5.66,6.16,6.16,4.92,4.92,4.92,4.92,4.92,4.92,5.91,6.4,6.4,5.91,4.68,4.68,4.68,4.68
N_6_14,N_5_14,4.505707829370335,4.6,4.6,4.6,4.6,4.6,4.6,7.03,7.03,8.11,8.11,5.41,5.41,5.41,5.41,5.41,5.41,7.57,8.65,8.65,7.57,4.87,4.87,4.87,4.87
N_6_14,N_6_13,1.6471818968377299,2.7,2.7,2.7,2.7,2.7,2.7,4.48,4.48,5.27,5.27,3.29,3.29,3.29,3.29,3.29,3.29,4.88,5.67,5.67,4.88,2.9,2.9,2.9,2.9
N_6_14,N_7_15,3.387629330777141,3.46,3.46,3.46,3.46,3.46,3.46,5.28,5.28,6.1,6.1,4.07,4.07,4.07,4.07,4.07,4.07,5.69,6.5,6.5,5.69,3.66,3.66,3.66,3.66
N_6_15,N_4_16,0.6741889166777679,1.11,1.11,1.11,1.11,1.11,1.11,1.83,1.83,2.16,2.16,1.35,1.35,1.35,1.35,1.35,1.35,2.0,2.32,2.32,2.0,1.19,1.19,1.19,1.19
N_6_15,N_6_13,0.776085503670765,1.27,1.27,1.27,1.27,1.27,1.27,2.11,2.11,2.48,2.48,1.55,1.55,1.55,1.55,1.55,1.55,2.3,2.67,2.67,2.3,1.37,1.37,1.37,1.37
N_6_15,N_4_15,2.434836970264443,3.99,3.99,3.99,3.99,3.99,3.99,6.62,6.62,7.79,7.79,4.87,4.87,4.87,4.87,4.87,4.87,7.21,8.38,8.38,7.21,4.29,4.29,4.29,4.29
N_6_16,N_5_18,2.271192213192642,3.72,3.72,3.72,3.72,3.72,3.72,6.18,6.18,7.27,7.27,4.54,4.54,4.54,4.54,4.54,4.54,6.72,7.81,7.81,6.72,4.0,4.0,4.0,4.0
N_6_16,N_6_13,5.284808064014816,5.39,5.39,5.39,5.39,5.39,5.39,8.24,8.24,9.51,9.51,6.34,6.34,6.34,6.34,6.34,6.34,8.88,10.15,10.15,8.88,5.71,5.71,5.71,5.71
N_6_16,N_8_14,10.469671315198378,5.81,5.81,5.81,5.81,5.81,5.81,7.22,7.22,7.85,7.85,6.28,6.28,6.28,6.28,6.28,6.28,7.54,8.17,8.17,7.54,5.97,5.97,5.97,5.97
N_6_16,N_4_16,6.905239003064999,7.04,7.04,7.04,7.04,7.04,7.04,10.77,10.77,12.43,12.43,8.29,8.29,8.29,8.29,8.29,8.29,11.6,13.26,13.26,11.6,7.46,7.46,7.46,7.46
N_6_16,N_4_18,5.767485478777378,5.88,5.88,5.88,5.88,5.88,5.88,9.0,9.0,10.38,10.38,6.92,6.92,6.92,6.92,6.92,6.92,9.69,11.07,11.07,9.69,6.23,6.23,6.23,6.23
N_6_16,N_6_17,5.608924184533226,5.72,5.72,5.72,5.72,5.72,5.72,8.75,8.75,10.1,10.1,6.73,6.73,6.73,6.73,6.73,6.73,9.42,10.77,10.77,9.42,6.06,6.06,6.06,6.06
N_6_17,N_6_16,5.608924184533226,5.72,5.72,5.72,5.72,5.72,5.72,8.75,8.75,10.1,10.1,6.73,6.73,6.73,6.73,6.73,6.73,9.42,10.77,10.77,9.42,6.06,6.06,6.06,6.06
N_6_17,N_4_19,4.365261440247788,4.45,4.45,4.45,4.45,4.45,4.45,6.81,6.81,7.86,7.86,5.24,5.24,5.24,5.24,5.24,5.24,7.33,8.38,8.38,7.33,4.71,4.71,4.71,4.71
N_6_17,N_3_17,5.43427968644567,5.54,5.54,5.54,5.54,5.54,5.54,8.48,8.48,9.78,9.78,6.52,6.52,6.52,6.52,6.52,6.52,9.13,10.43,10.43,9.13,5.87,5.87,5.87,5.87
N_6_17,N_5_16,2.0589627686082173,3.38,3.38,3.38,3.38,3.38,3.38,5.6,5.6,6.59,6.59,4.12,4.12,4.12,4.12,4.12,4.12,6.09,7.08,7.08,6.09,3.62,3.62,3.62,3.62
N_6_17,N_8_19,0.6779350287389156,1.11,1.11,1.11,1.11,1.11,1.11,1.84,1.84,2.17,2.17,1.36,1.36,1.36,1.36,1.36,1.36,2.01,2.33,2.33,2.01,1.19,1.19,1.19,1.19
N_6_18,N_6_21,2.0766609292962848,3.41,3.41,3.41,3.41,3.41,3.41,5.65,5.65,6.65,6.65,4.15,4.15,4.15,4.15,4.15,4.15,6.15,7.14,7.14,6.15,3.65,3.65,3.65,3.65
N_6_18,N_7_20,13.557009778669515,7.52,7.52,7.52,7.52,7.52,7.52,9.35,9.35,10.17,10.17,8.13,8.13,8.13,8.13,8.13,8.13,9.76,10.57,10.57,9.76,7.73,7.73,7.73,7.73
N_6_18,N_8_20,6.9125999733611,7.05,7.05,7.05,7.05,7.05,7.05,10.78,10.78,12.44,12.44,8.3,8.3,8.3,8.3,8.3,8.3,11.61,13.27,13.27,11.61,7.47,7.47,7.47,7.47
N_6_18,N_4_19,3.1553196462038295,3.22,3.22,3.22,3.22,3.22,3.22,4.92,4.92,5.68,5.68,3.79,3.79,3.79,3.79,3.79,3.79,5.3,6.06,6.06,5.3,3.41,3.41,3.41,3.41
N_6_18,N_6_16,6.670125364157954,6.8,6.8,6.8,6.8,6.8,6.8,10.41,10.41,12.01,12.01,8.0,8.0,8.0,8.0,8.0,8.0,11.21,12.81,12.81,11.21,7.2,7.2,7.2,7.2
N_6_18,N_4_20,5.499163157099203,5.61,5.61,5.61,5.61,5.61,5.61,8.58,8.58,9.9,9.9,6.6,6.6,6.6,6.6,6.6,6.6,9.24,10.56,10.56,9.24,5.94,5.94,5.94,5.94
N_6_19,N_8_18,0.792558264082025,1.3,1.3,1.3,1.3,1.3,1.3,2.16,2.16,2.54,2.54,1.59,1.59,1.59,1.59,1.59,1.59,2.35,2.73,2.73,2.35,1.39,1.39,1.39,1.39
N_6_19,N_7_17,13.044132391255758,7.24,7.24,7.24,7.24,7.24,7.24,9.0,9.0,9.78,9.78,7.83,7.83,7.83,7.83,7.83,7.83,9.39,10.17,10.17,9.39,7.44,7.44,7.44,7.44
N_6_19,N_6_22,14.842649607415245,8.24,8.24,8.24,8.24,8.24,8.24,10.24,10.24,11.13,11.13,8.91,8.91,8.91,8.91,8.91,8.91,10.69,11.58,11.58,10.69,8.46,8.46,8.46,8.46
N_6_19,N_7_21,1.6554067356659394,2.71,2.71,2.71,2.71,2.71,2.71,4.5,4.5,5.3,5.3,3.31,3.31,3.31,3.31,3.31,3.31,4.9,5.69,5.69,4.9,2.91,2.91,2.91,2.91
N_6_19,N_3_19,5.793862422144937,5.91,5.91,5.91,5.91,5.91,5.91,9.04,9.04,10.43,10.43,6.95,6.95,6.95,6.95,6.95,6.95,9.73,11.12,11.12,9.73,6.26,6.26,6.26,6.26
N_6_19,N_7_20,0.6828314363340882,1.12,1.12,1.12,1.12,1.12,1.12,1.86,1.86,2.19,2.19,1.37,1.37,1.37,1.37,1.37,1.37,2.02,2.35,2.35,2.02,1.2,1.2,1.2,1.2
N_6_2,N_4_1,2.1578955548104775,3.54,3.54,3.54,3.54,3.54,3.54,5.87,5.87,6.91,6.91,4.32,4.32,4.32,4.32,4.32,4.32,6.39,7.42,7.42,6.39,3.8,3.8,3.8,3.8
N_6_2,N_5_0,11.701412862208809,6.49,6.49,6.49,6.49,6.49,6.49,8.07,8.07,8.78,8.78,7.02,7.02,7.02,7.02,7.02,7.02,8.43,9.13,9.13,8.43,6.67,6.67,6.67,6.67
N_6_2,N_6_1,13.710610391417262,7.61,7.61,7.61,7.61,7.61,7.61,9.46,9.46,10.28,10.28,8.23,8.23,8.23,8.23,8.23,8.23,9.87,10.69,10.69,9.87,7.82,7.82,7.82,7.82
N_6_2,N_8_1,6.28586571048789,6.41,6.41,6.41,6.41,6.41,6.41,9.81,9.81,11.31,11.31,7.54,7.54,7.54,7.54,7.54,7.54,10.56,12.07,12.07,10.56,6.79,6.79,6.79,6.79
N_6_2,N_7_2,5.6721343298062905,5.79,5.79,5.79,5.79,5.79,5.79,8.85,8.85,10.21,10.21,6.81,6.81,6.81,6.81,6.81,6.81,9.53,10.89,10.89,9.53,6.13,6.13,6.13,6.13
N_6_2,N_4_4,4.188890239851444,4.27,4.27,4.27,4.27,4.27,4.27,6.53,6.53,7.54,7.54,5.03,5.03,5.03,5.03,5.03,5.03,7.04,8.04,8.04,7.04,4.52,4.52,4.52,4.52
N_6_20,N_4_21,12.580163742302199,6.98,6.98,6.98,6.98,6.98,6.98,8.68,8.68,9.44,9.44,7.55,7.55,7.55,7.55,7.55,7.55,9.06,9.81,9.81,9.06,7.17,7.17,7.17,7.17
N_6_20,N_3_20,3.0035777686569336,3.06,3.06,3.06,3.06,3.06,3.06,4.69,4.69,5.41,5.41,3.6,3.6,3.6,3.6,3.6,3.6,5.05,5.77,5.77,5.05,3.24,3.24,3.24,3.24
N_6_20,N_8_22,14.246106563730454,7.91,7.91,7.91,7.91,7.91,7.91,9.83,9.83,10.68,10.68,8.55,8.55,8.55,8.55,8.55,8.55,10.26,11.11,11.11,10.26,8.12,8.12,8.12,8.12
N_6_20,N_6_21,6.096340437037551,6.22,6.22,6.22,6.22,6.22,6.22,9.51,9.51,10.97,10.97,7.32,7.32,7.32,7.32,7.32,7.32,10.24,11.7,11.7,10.24,6.58,6.58,6.58,6.58
N_6_20,N_5_19,5.788244013196076,5.9,5.9,5.9,5.9,5.9,5.9,9.03,9.03,10.42,10.42,6.95,6.95,6.95,6.95,6.95,6.95,9.72,11.11,11.11,9.72,6.25,6.25,6.25,6.25
N_6_20,N_5_18,6.183750115947952,6.31,6.31,6.31,6.31,6.31,6.31,9.65,9.65,11.13,11.13,7.42,7.42,7.42,7.42,7.42,7.42,10.39,11.87,11.87,10.39,6.68,6.68,6.68,6.68
N_6_21,N_5_19,6.893898127141094,7.03,7.03,7.03,7.03,7.03,7.03,10.75,10.75,12.41,12.41,8.27,8.27,8.27,8.27,8.27,8.27,11.58,13.24,13.24,11.58,7.45,7.45,7.45,7.45
N_6_21,N_6_18,2.0766609292962848,3.41,3.41,3.41,3.41,3.41,3.41,5.65,5.65,6.65,6.65,4.15,4.15,4.15,4.15,4.15,4.15,6.15,7.14,7.14,6.15,3.65,3.65,3.65,3.65
N_6_21,N_7_21,5.859169091646937,5.98,5.98,5.98,5.98,5.98,5.98,9.14,9.14,10.55,10.55,7.03,7.03,7.03,7.03,7.03,7.03,9.84,11.25,11.25,9.84,6.33,6.33,6.33,6.33
N_6_21,N_6_24,11.361516664812429,6.31,6.31,6.31,6.31,6.31,6.31,7.84,7.84,8.52,8.52,6.82,6.82,6.82,6.82,6.82,6.82,8.18,8.86,8.86,8.18,6.48,6.48,6.48,6.48
N_6_22,N_4_23,5.528389854361832,5.64,5.64,5.64,5.64,5.64,5.64,8.62,8.62,9.95,9.95,6.63,6.63,6.63,6.63,6.63,6.63,9.29,10.61,10.61,9.29,5.97,5.97,5.97,5.97
N_6_22,N_6_19,14.842649607415245,8.24,8.24,8.24,8.24,8.24,8.24,10.24,10.24,11.13,11.13,8.91,8.91,8.91,8.91,8.91,8.91,10.69,11.58,11.58,10.69,8.46,8.46,8.46,8.46
N_6_22,N_8_24,4.570694670985474,4.66,4.66,4.66,4.66,4.66,4.66,7.13,7.13,8.23,8.23,5.48,5.48,5.48,5.48,5.48,5.48,7.68,8.78,8.78,7.68,4.94,4.94,4.94,4.94
N_6_23,N_5_25,5.617290267861135,5.73,5.73,5.73,5.73,5.73,5.73,8.76,8.76,10.11,10.11,6.74,6.74,6.74,6.74,6.74,6.74,9.44,10.79,10.79,9.44,6.07,6.07,6.07,6.07
N_6_23,N_4_21,11.024016097669975,6.12,6.12,6.12,6.12,6.12,6.12,7.61,7.61,8.27,8.27,6.61,6.61,6.61,6.61,6.61,6.61,7.94,8.6,8.6,7.94,6.28,6.28,6.28,6.28
N_6_23,N_4_24,2.014088977788175,3.3,3.3,3.3,3.3,3.3,3.3,5.48,5.48,6.45,6.45,4.03,4.03,4.03,4.03,4.03,4.03,5.96,6.93,6.93,5.96,3.54,3.54,3.54,3.54
N_6_23,N_6_20,12.568932993423328,6.98,6.98,6.98,6.98,6.98,6.98,8.67,8.67,9.43,9.43,7.54,7.54,7.54,7.54,7.54,7.54,9.05,9.8,9.8,9.05,7.16,7.16,7.16,7.16
N_6_23,N_4_22,4.863976128090625,4.96,4.96,4.96,4.96,4.96,4.96,7.59,7.59,8.76,8.76,5.84,5.84,5.84,5.84,5.84,5.84,8.17,9.34,9.34,8.17,5.25,5.25,5.25,5.25
N_6_23,N_6_26,1.698934966634201,2.79,2.79,2.79,2.79,2.79,2.79,4.62,4.62,5.44,5.44,3.4,3.4,3.4,3.4,3.4,3.4,5.03,5.84,5.84,5.03,2.99,2.99,2.99,2.99
N_6_23,N_6_21,5.589811688958676,5.7,5.7,5.7,5.7,5.7,5.7,8.72,8.72,10.06,10.06,6.71,6.71,6.71,6.71,6.71,6.71,9.39,10.73,10.73,9.39,6.04,6.04,6.04,6.04
N_6_23,N_8_23,3.000526007844665,3.06,3.06,3.06,3.06,3.06,3.06,4.68,4.68,5.4,5.4,3.6,3.6,3.6,3.6,3.6,3.6,5.04,5.76,5.76,5.04,3.24,3.24,3.24,3.24
N_6_24,N_4_23,9.286777353003101,5.15,5.15,5.15,5.15,5.15,5.15,6.41,6.41,6.97,6.97,5.57,5.57,5.57,5.57,5.57,5.57,6.69,7.24,7.24,6.69,5.29,5.29,5.29,5.29
N_6_24,N_5_24,4.285471224605715,4.37,4.37,4.37,4.37,4.37,4.37,6.69,6.69,7.71,7.71,5.14,5.14,5.14,5.14,5.14,5.14,7.2,8.23,8.23,7.2,4.63,4.63,4.63,4.63
N_6_24,N_5_26,1.148323942226181,1.88,1.88,1.88,1.88,1.88,1.88,3.12,3.12,3.67,3.67,2.3,2.3,2.3,2.3,2.3,2.3,3.4,3.95,3.95,3.4,2.02,2.02,2.02,2.02
N_6_25,N_6_24,3.1961895577568904,3.26,3.26,3.26,3.26,3.26,3.26,4.99,4.99,5.75,5.75,3.84,3.84,3.84,3.84,3.84,3.84,5.37,6.14,6.14,5.37,3.45,3.45,3.45,3.45
N_6_25,N_3_25,5.761083082526952,5.88,5.88,5.88,5.88,5.88,5.88,8.99,8.99,10.37,10.37,6.91,6.91,6.91,6.91,6.91,6.91,9.68,11.06,11.06,9.68,6.22,6.22,6.22,6.22
N_6_25,N_4_25,6.5966267892804265,6.73,6.73,6.73,6.73,6.73,6.73,10.29,10.29,11.87,11.87,7.92,7.92,7.92,7.92,7.92,7.92,11.08,12.67,12.67,11.08,7.12,7.12,7.12,7.12
N_6_26,N_5_24,3.6791512935249457,3.75,3.75,3.75,3.75,3.75,3.75,5.74,5.74,6.62,6.62,4.41,4.41,4.41,4.41,4.41,4.41,6.18,7.06,7.06,6.18,3.97,3.97,3.97,3.97
N_6_26,N_5_28,14.346881096627335,7.96,7.96,7.96,7.96,7.96,7.96,9.9,9.9,10.76,10.76,8.61,8.61,8.61,8.61,8.61,8.61,10.33,11.19,11.19,10.33,8.18,8.18,8.18,8.18
N_6_26,N_6_23,1.698934966634201,2.79,2.79,2.79,2.79,2.79,2.79,4.62,4.62,5.44,5.44,3.4,3.4,3.4,3.4,3.4,3.4,5.03,5.84,5.84,5.03,2.99,2.99,2.99,2.99
N_6_26,N_8_26,11.618106691905151,6.45,6.45,6.45,6.45,6.45,6.45,8.02,8.02,8.71,8.71,6.97,6.97,6.97,6.97,6.97,6.97,8.37,9.06,9.06,8.37,6.62,6.62,6.62,6.62
N_6_26,N_8_25,4.879468181406856,4.98,4.98,4.98,4.98,4.98,4.98,7.61,7.61,8.78,8.78,5.86,5.86,5.86,5.86,5.86,5.86,8.2,9.37,9.37,8.2,5.27,5.27,5.27,5.27
N_6_26,N_4_27,13.803763775189745,7.66,7.66,7.66,7.66,7.66,7.66,9.52,9.52,10.35,10.35,8.28,8.28,8.28,8.28,8.28,8.28,9.94,10.77,10.77,9.94,7.87,7.87,7.87,7.87
N_6_26,N_7_26,4.514940233901144,4.61,4.61,4.61,4.61,4.61,4.61,7.04,7.04,8.13,8.13,5.42,5.42,5.42,5.42,5.42,5.42,7.59,8.67,8.67,7.59,4.88,4.88,4.88,4.88
N_6_27,N_6_29,3.0348646616194803,3.1,3.1,3.1,3.1,3.1,3.1,4.73,4.73,5.46,5.46,3.64,3.64,3.64,3.64,3.64,3.64,5.1,5.83,5.83,5.1,3.28,3.28,3.28,3.28
N_6_27,N_8_28,6.7771810397826195,6.91,6.91,6.91,6.91,6.91,6.91,10.57,10.57,12.2,12.2,8.13,8.13,8.13,8.13,8.13,8.13,11.39,13.01,13.01,11.39,7.32,7.32,7.32,7.32
N_6_27,N_7_27,8.359623998604592,4.64,4.64,4.64,4.64,4.64,4.64,5.77,5.77,6.27,6.27,5.02,5.02,5.02,5.02,5.02,5.02,6.02,6.52,6.52,6.02,4.76,4.76,4.76,4.76
N_6_27,N_8_25,5.547654269924716,5.66,5.66,5.66,5.66,5.66,5.66,8.65,8.65,9.99,9.99,6.66,6.66,6.66,6.66,6.66,6.66,9.32,10.65,10.65,9.32,5.99,5.99,5.99,5.99
N_6_27,N_5_28,13.374414767336537,7.42,7.42,7.42,7.42,7.42,7.42,9.23,9.23,10.03,10.03,8.02,8.02,8.02,8.02,8.02,8.02,9.63,10.43,10.43,9.63,7.62,7.62,7.62,7.62
N_6_27,N_6_30,6.582323371993773,6.71,6.71,6.71,6.71,6.71,6.71,10.27,10.27,11.85,11.85,7.9,7.9,7.9,7.9,7.9,7.9,11.06,12.64,12.64,11.06,7.11,7.11,7.11,7.11
N_6_28,N_3_28,12.946322419689395,7.19,7.19,7.19,7.19,7.19,7.19,8.93,8.93,9.71,9.71,7.77,7.77,7.77,7.77,7.77,7.77,9.32,10.1,10.1,9.32,7.38,7.38,7.38,7.38
N_6_28,N_5_28,6.768191302684945,6.9,6.9,6.9,6.9,6.9,6.9,10.56,10.56,12.18,12.18,8.12,8.12,8.12,8.12,8.12,8.12,11.37,12.99,12.99,11.37,7.31,7.31,7.31,7.31
N_6_28,N_5_26,4.753175580620351,4.85,4.85,4.85,4.85,4.85,4.85,7.41,7.41,8.56,8.56,5.7,5.7,5.7,5.7,5.7,5.7,7.99,9.13,9.13,7.99,5.13,5.13,5.13,5.13
N_6_29,N_4_27,8.074454908383395,4.48,4.48,4.48,4.48,4.48,4.48,5.57,5.57,6.06,6.06,4.84,4.84,4.84,4.84,4.84,4.84,5.81,6.3,6.3,5.81,4.6,4.6,4.6,4.6
N_6_29,N_4_28,13.142253559668916,7.29,7.29,7.29,7.29,7.29,7.29,9.07,9.07,9.86,9.86,7.89,7.89,7.89,7.89,7.89,7.89,9.46,10.25,10.25,9.46,7.49,7.49,7.49,7.49
N_6_29,N_4_31,11.340812732721329,6.29,6.29,6.29,6.29,6.29,6.29,7.83,7.83,8.51,8.51,6.8,6.8,6.8,6.8,6.8,6.8,8.17,8.85,8.85,8.17,6.46,6.46,6.46,6.46
N_6_29,N_5_27,6.554379611245174,6.69,6.69,6.69,6.69,6.69,6.69,10.22,10.22,11.8,11.8,7.87,7.87,7.87,7.87,7.87,7.87,11.01,12.58,12.58,11.01,7.08,7.08,7.08,7.08
N_6_29,N_5_29,12.575810970468659,6.98,6.98,6.98,6.98,6.98,6.98,8.68,8.68,9.43,9.43,7.55,7.55,7.55,7.55,7.55,7.55,9.05,9.81,9.81,9.05,7.17,7.17,7.17,7.17
N_6_29,N_6_27,3.0348646616194803,3.1,3.1,3.1,3.1,3.1,3.1,4.73,4.73,5.46,5.46,3.64,3.64,3.64,3.64,3.64,3.64,5.1,5.83,5.83,5.1,3.28,3.28,3.28,3.28
N_6_29,N_7_31,6.756145461018921,6.89,6.89,6.89,6.89,6.89,6.89,10.54,10.54,12.16,12.16,8.11,8.11,8.11,8.11,8.11,8.11,11.35,12.97,12.97,11.35,7.3,7.3,7.3,7.3
N_6_3,N_3_3,5.752849698141387,5.87,5.87,5.87,5.87,5.87,5.87,8.97,8.97,10.36,10.36,6.9,6.9,6.9,6.9,6.9,6.9,9.66,11.05,11.05,9.66,6.21,6.21,6.21,6.21
N_6_3,N_5_1,10.256428711438748,5.69,5.69,5.69,5.69,5.69,5.69,7.08,7.08,7.69,7.69,6.15,6.15,6.15,6.15,6.15,6.15,7.38,8.0,8.0,7.38,5.85,5.85,5.85,5.85
N_6_3,N_6_5,3.942023502501055,4.02,4.02,4.02,4.02,4.02,4.02,6.15,6.15,7.1,7.1,4.73,4.73,4.73,4.73,4.73,4.73,6.62,7.57,7.57,6.62,4.26,4.26,4.26,4.26
N_6_3,N_5_5,1.1448834889554729,1.88,1.88,1.88,1.88,1.88,1.88,3.11,3.11,3.66,3.66,2.29,2.29,2.29,2.29,2.29,2.29,3.39,3.94,3.94,3.39,2.01,2.01,2.01,2.01
N_6_3,N_5_2,14.809019407214322,8.22,8.22,8.22,8.22,8.22,8.22,10.22,10.22,11.11,11.11,8.89,8.89,8.89,8.89,8.89,8.89,10.66,11.55,11.55,10.66,8.44,8.44,8.44,8.44
N_6_3,N_5_3,13.550320049888864,7.52,7.52,7.52,7.52,7.52,7.52,9.35,9.35,10.16,10.16,8.13,8.13,8.13,8.13,8.13,8.13,9.76,10.57,10.57,9.76,7.72,7.72,7.72,7.72
N_6_3,N_6_1,12.22906084528206,6.79,6.79,6.79,6.79,6.79,6.79,8.44,8.44,9.17,9.17,7.34,7.34,7.34,7.34,7.34,7.34,8.8,9.54,9.54,8.8,6.97,6.97,6.97,6.97
N_6_3,N_4_4,5.6854820721101476,5.8,5.8,5.8,5.8,5.8,5.8,8.87,8.87,10.23,10.23,6.82,6.82,6.82,6.82,6.82,6.82,9.55,10.92,10.92,9.55,6.14,6.14,6.14,6.14
N_6_30,N_4_31,1.479518647319504,2.43,2.43,2.43,2.43,2.43,2.43,4.02,4.02,4.73,4.73,2.96,2.96,2.96,2.96,2.96,2.96,4.38,5.09,5.09,4.38,2.6,2.6,2.6,2.6
N_6_30,N_4_29,6.081240609097835,6.2,6.2,6.2,6.2,6.2,6.2,9.49,9.49,10.95,10.95,7.3,7.3,7.3,7.3,7.3,7.3,10.22,11.68,11.68,10.22,6.57,6.57,6.57,6.57
N_6_30,N_9_30,5.03873232487299,5.14,5.14,5.14,5.14,5.14,5.14,7.86,7.86,9.07,9.07,6.05,6.05,6.05,6.05,6.05,6.05,8.47,9.67,9.67,8.47,5.44,5.44,5.44,5.44
N_6_30,N_4_28,10.957611025176426,6.08,6.08,6.08,6.08,6.08,6.08,7.56,7.56,8.22,8.22,6.57,6.57,6.57,6.57,6.57,6.57,7.89,8.55,8.55,7.89,6.25,6.25,6.25,6.25
N_6_31,N_4_33,3.2758070698408863,3.34,3.34,3.34,3.34,3.34,3.34,5.11,5.11,5.9,5.9,3.93,3.93,3.93,3.93,3.93,3.93,5.5,6.29,6.29,5.5,3.54,3.54,3.54,3.54
N_6_31,N_7_31,6.301299095632878,6.43,6.43,6.43,6.43,6.43,6.43,9.83,9.83,11.34,11.34,7.56,7.56,7.56,7.56,7.56,7.56,10.59,12.1,12.1,10.59,6.81,6.81,6.81,6.81
N_6_31,N_5_31,0.6822832657910711,1.12,1.12,1.12,1.12,1.12,1.12,1.86,1.86,2.18,2.18,1.36,1.36,1.36,1.36,1.36,1.36,2.02,2.35,2.35,2.02,1.2,1.2,1.2,1.2
N_6_32,N_5_32,11.401829633982462,6.33,6.33,6.33,6.33,6.33,6.33,7.87,7.87,8.55,8.55,6.84,6.84,6.84,6.84,6.84,6.84,8.21,8.89,8.89,8.21,6.5,6.5,6.5,6.5
N_6_32,N_5_33,3.1934731090109842,3.26,3.26,3.26,3.26,3.26,3.26,4.98,4.98,5.75,5.75,3.83,3.83,3.83,3.83,3.83,3.83,5.37,6.13,6.13,5.37,3.45,3.45,3.45,3.45
N_6_32,N_4_33,1.7322789978716921,2.84,2.84,2.84,2.84,2.84,2.84,4.71,4.71,5.54,5.54,3.46,3.46,3.46,3.46,3.46,3.46,5.13,5.96,5.96,5.13,3.05,3.05,3.05,3.05
N_6_32,N_7_30,5.262754322958747,5.37,5.37,5.37,5.37,5.37,5.37,8.21,8.21,9.47,9.47,6.32,6.32,6.32,6.32,6.32,6.32,8.84,10.1,10.1,8.84,5.68,5.68,5.68,5.68
N_6_32,N_5_31,3.293956080138797,3.36,3.36,3.36,3.36,3.36,3.36,5.14,5.14,5.93,5.93,3.95,3.95,3.95,3.95,3.95,3.95,5.53,6.32,6.32,5.53,3.56,3.56,3.56,3.56
N_6_32,N_6_29,5.532888264338182,5.64,5.64,5.64,5.64,5.64,5.64,8.63,8.63,9.96,9.96,6.64,6.64,6.64,6.64,6.64,6.64,9.3,10.62,10.62,9.3,5.98,5.98,5.98,5.98
N_6_33,N_3_33,4.749761530103533,4.84,4.84,4.84,4.84,4.84,4.84,7.41,7.41,8.55,8.55,5.7,5.7,5.7,5.7,5.7,5.7,7.98,9.12,9.12,7.98,5.13,5.13,5.13,5.13
N_6_33,N_4_35,12.32954694889744,6.84,6.84,6.84,6.84,6.84,6.84,8.51,8.51,9.25,9.25,7.4,7.4,7.4,7.4,7.4,7.4,8.88,9.62,9.62,8.88,7.03,7.03,7.03,7.03
N_6_33,N_8_31,1.0591234439402695,1.74,1.74,1.74,1.74,1.74,1.74,2.88,2.88,3.39,3.39,2.12,2.12,2.12,2.12,2.12,2.12,3.14,3.64,3.64,3.14,1.86,1.86,1.86,1.86
N_6_34,N_9_34,13.70754747855964,7.61,7.61,7.61,7.61,7.61,7.61,9.46,9.46,10.28,10.28,8.22,8.22,8.22,8.22,8.22,8.22,9.87,10.69,10.69,9.87,7.81,7.81,7.81,7.81
N_6_34,N_5_33,3.7066764785392734,3.78,3.78,3.78,3.78,3.78,3.78,5.78,5.78,6.67,6.67,4.45,4.45,4.45,4.45,4.45,4.45,6.23,7.12,7.12,6.23,4.0,4.0,4.0,4.0
N_6_34,N_8_34,3.904540837200701,3.98,3.98,3.98,3.98,3.98,3.98,6.09,6.09,7.03,7.03,4.69,4.69,4.69,4.69,4.69,4.69,6.56,7.5,7.5,6.56,4.22,4.22,4.22,4.22
N_6_34,N_8_32,6.863377029164374,7.0,7.0,7.0,7.0,7.0,7.0,10.71,10.71,12.35,12.35,8.24,8.24,8.24,8.24,8.24,8.24,11.53,13.18,13.18,11.53,7.41,7.41,7.41,7.41
N_6_34,N_6_35,5.871781847821898,5.99,5.99,5.99,5.99,5.99,5.99,9.16,9.16,10.57,10.57,7.05,7.05,7.05,7.05,7.05,7.05,9.86,11.27,11.27,9.86,6.34,6.34,6.34,6.34
N_6_35,N_4_33,1.0056849950397622,1.65,1.65,1.65,1.65,1.65,1.65,2.74,2.74,3.22,3.22,2.01,2.01,2.01,2.01,2.01,2.01,2.98,3.46,3.46,2.98,1.77,1.77,1.77,1.77
N_6_35,N_5_35,12.279803304020867,6.82,6.82,6.82,6.82,6.82,6.82,8.47,8.47,9.21,9.21,7.37,7.37,7.37,7.37,7.37,7.37,8.84,9.58,9.58,8.84,7.0,7.0,7.0,7.0
N_6_35,N_7_33,10.67129956384476,5.92,5.92,5.92,5.92,5.92,5.92,7.36,7.36,8.0,8.0,6.4,6.4,6.4,6.4,6.4,6.4,7.68,8.32,8.32,7.68,6.08,6.08,6.08,6.08
N_6_35,N_4_36,4.94709610181852,5.05,5.05,5.05,5.05,5.05,5.05,7.72,7.72,8.9,8.9,5.94,5.94,5.94,5.94,5.94,5.94,8.31,9.5,9.5,8.31,5.34,5.34,5.34,5.34
N_6_35,N_4_37,8.262788061325137,4.59,4.59,4.59,4.59,4.59,4.59,5.7,5.7,6.2,6.2,4.96,4.96,4.96,4.96,4.96,4.96,5.95,6.44,6.44,5.95,4.71,4.71,4.71,4.71
N_6_36,N_3_36,3.305892992821837,3.37,3.37,3.37,3.37,3.37,3.37,5.16,5.16,5.95,5.95,3.97,3.97,3.97,3.97,3.97,3.97,5.55,6.35,6.35,5.55,3.57,3.57,3.57,3.57
N_6_36,N_5_35,1.0042824050354355,1.65,1.65,1.65,1.65,1.65,1.65,2.73,2.73,3.21,3.21,2.01,2.01,2.01,2.01,2.01,2.01,2.97,3.45,3.45,2.97,1.77,1.77,1.77,1.77
N_6_36,N_8_36,1.302507148712081,2.14,2.14,2.14,2.14,2.14,2.14,3.54,3.54,4.17,4.17,2.61,2.61,2.61,2.61,2.61,2.61,3.86,4.48,4.48,3.86,2.29,2.29,2.29,2.29
N_6_37,N_5_37,6.903020963017753,7.04,7.04,7.04,7.04,7.04,7.04,10.77,10.77,12.43,12.43,8.28,8.28,8.28,8.28,8.28,8.28,11.6,13.25,13.25,11.6,7.46,7.46,7.46,7.46
N_6_37,N_4_36,5.975007973082656,6.09,6.09,6.09,6.09,6.09,6.09,9.32,9.32,10.76,10.76,7.17,7.17,7.17,7.17,7.17,7.17,10.04,11.47,11.47,10.04,6.45,6.45,6.45,6.45
N_6_37,N_6_35,4.339236968368345,4.43,4.43,4.43,4.43,4.43,4.43,6.77,6.77,7.81,7.81,5.21,5.21,5.21,5.21,5.21,5.21,7.29,8.33,8.33,7.29,4.69,4.69,4.69,4.69
N_6_37,N_7_39,5.7265505365530185,5.84,5.84,5.84,5.84,5.84,5.84,8.93,8.93,10.31,10.31,6.87,6.87,6.87,6.87,6.87,6.87,9.62,10.99,10.99,9.62,6.18,6.18,6.18,6.18
N_6_37,N_4_39,4.251655133520176,4.34,4.34,4.34,4.34,4.34,4.34,6.63,6.63,7.65,7.65,5.1,5.1,5.1,5.1,5.1,5.1,7.14,8.16,8.16,7.14,4.59,4.59,4.59,4.59
N_6_37,N_7_36,10.13370197219245,5.62,5.62,5.62,5.62,5.62,5.62,6.99,6.99,7.6,7.6,6.08,6.08,6.08,6.08,6.08,6.08,7.3,7.9,7.9,7.3,5.78,5.78,5.78,5.78
N_6_38,N_7_36,6.887732306879004,7.03,7.03,7.03,7.03,7.03,7.03,10.74,10.74,12.4,12.4,8.27,8.27,8.27,8.27,8.27,8.27,11.57,13.22,13.22,11.57,7.44,7.44,7.44,7.44
N_6_38,N_8_39,3.875365356110969,3.95,3.95,3.95,3.95,3.95,3.95,6.05,6.05,6.98,6.98,4.65,4.65,4.65,4.65,4.65,4.65,6.51,7.44,7.44,6.51,4.19,4.19,4.19,4.19
N_6_38,N_8_36,10.654081168365115,5.91,5.91,5.91,5.91,5.91,5.91,7.35,7.35,7.99,7.99,6.39,6.39,6.39,6.39,6.39,6.39,7.67,8.31,8.31,7.67,6.07,6.07,6.07,6.07
N_6_39,N_5_38,5.3349014275233415,5.44,5.44,5.44,5.44,5.44,5.44,8.32,8.32,9.6,9.6,6.4,6.4,6.4,6.4,6.4,6.4,8.96,10.24,10.24,8.96,5.76,5.76,5.76,5.76
N_6_39,N_9_39,5.7511323846248885,5.87,5.87,5.87,5.87,5.87,5.87,8.97,8.97,10.35,10.35,6.9,6.9,6.9,6.9,6.9,6.9,9.66,11.04,11.04,9.66,6.21,6.21,6.21,6.21
N_6_39,N_7_38,9.512955168210876,5.28,5.28,5.28,5.28,5.28,5.28,6.56,6.56,7.13,7.13,5.71,5.71,5.71,5.71,5.71,5.71,6.85,7.42,7.42,6.85,5.42,5.42,5.42,5.42
N_6_39,N_8_37,6.563859967938932,6.7,6.7,6.7,6.7,6.7,6.7,10.24,10.24,11.81,11.81,7.88,7.88,7.88,7.88,7.88,7.88,11.03,12.6,12.6,11.03,7.09,7.09,7.09,7.09
N_6_39,N_6_38,3.4822131065328166,3.55,3.55,3.55,3.55,3.55,3.55,5.43,5.43,6.27,6.27,4.18,4.18,4.18,4.18,4.18,4.18,5.85,6.69,6.69,5.85,3.76,3.76,3.76,3.76
N_6_39,N_8_38,2.09187028056227,3.43,3.43,3.43,3.43,3.43,3.43,5.69,5.69,6.69,6.69,4.18,4.18,4.18,4.18,4.18,4.18,6.19,7.2,7.2,6.19,3.68,3.68,3.68,3.68
N_6_39,N_4_39,4.608688842771633,4.7,4.7,4.7,4.7,4.7,4.7,7.19,7.19,8.3,8.3,5.53,5.53,5.53,5.53,5.53,5.53,7.74,8.85,8.85,7.74,4.98,4.98,4.98,4.98
N_6_4,N_4_6,5.529764017377193,5.64,5.64,5.64,5.64,5.64,5.64,8.63,8.63,9.95,9.95,6.64,6.64,6.64,6.64,6.64,6.64,9.29,10.62,10.62,9.29,5.97,5.97,5.97,5.97
N_6_4,N_4_2,3.6275230673313326,3.7,3.7,3.7,3.7,3.7,3.7,5.66,5.66,6.53,6.53,4.35,4.35,4.35,4.35,4.35,4.35,6.09,6.96,6.96,6.09,3.92,3.92,3.92,3.92
N_6_4,N_6_2,4.453209998484441,4.54,4.54,4.54,4.54,4.54,4.54,6.95,6.95,8.02,8.02,5.34,5.34,5.34,5.34,5.34,5.34,7.48,8.55,8.55,7.48,4.81,4.81,4.81,4.81
N_6_4,N_5_2,14.832993283219832,8.23,8.23,8.23,8.23,8.23,8.23,10.23,10.23,11.12,11.12,8.9,8.9,8.9,8.9,8.9,8.9,10.68,11.57,11.57,10.68,8.45,8.45,8.45,8.45
N_6_4,N_5_6,1.6883650622856512,2.77,2.77,2.77,2.77,2.77,2.77,4.59,4.59,5.4,5.4,3.38,3.38,3.38,3.38,3.38,3.38,5.0,5.81,5.81,5.0,2.97,2.97,2.97,2.97
N_6_5,N_4_4,3.6735031673263268,3.75,3.75,3.75,3.75,3.75,3.75,5.73,5.73,6.61,6.61,4.41,4.41,4.41,4.41,4.41,4.41,6.17,7.05,7.05,6.17,3.97,3.97,3.97,3.97
N_6_5,N_5_4,5.622024579640977,5.73,5.73,5.73,5.73,5.73,5.73,8.77,8.77,10.12,10.12,6.75,6.75,6.75,6.75,6.75,6.75,9.45,10.79,10.79,9.45,6.07,6.07,6.07,6.07
N_6_5,N_5_7,2.053283426949212,3.37,3.37,3.37,3.37,3.37,3.37,5.58,5.58,6.57,6.57,4.11,4.11,4.11,4.11,4.11,4.11,6.08,7.06,7.06,6.08,3.61,3.61,3.61,3.61
N_6_6,N_4_6,5.627476131140874,5.74,5.74,5.74,5.74,5.74,5.74,8.78,8.78,10.13,10.13,6.75,6.75,6.75,6.75,6.75,6.75,9.45,10.8,10.8,9.45,6.08,6.08,6.08,6.08
N_6_6,N_4_7,1.7493800848625096,2.87,2.87,2.87,2.87,2.87,2.87,4.76,4.76,5.6,5.6,3.5,3.5,3.5,3.5,3.5,3.5,5.18,6.02,6.02,5.18,3.08,3.08,3.08,3.08
N_6_6,N_5_4,6.111290404852623,6.23,6.23,6.23,6.23,6.23,6.23,9.53,9.53,11.0,11.0,7.33,7.33,7.33,7.33,7.33,7.33,10.27,11.73,11.73,10.27,6.6,6.6,6.6,6.6
N_6_6,N_5_5,6.863899664950063,7.0,7.0,7.0,7.0,7.0,7.0,10.71,10.71,12.36,12.36,8.24,8.24,8.24,8.24,8.24,8.24,11.53,13.18,13.18,11.53,7.41,7.41,7.41,7.41
N_6_6,N_6_3,9.567746008770431,5.31,5.31,5.31,5.31,5.31,5.31,6.6,6.6,7.18,7.18,5.74,5.74,5.74,5.74,5.74,5.74,6.89,7.46,7.46,6.89,5.45,5.45,5.45,5.45
N_6_6,N_8_4,2.027532620409625,3.33,3.33,3.33,3.33,3.33,3.33,5.51,5.51,6.49,6.49,4.06,4.06,4.06,4.06,4.06,4.06,6.0,6.97,6.97,6.0,3.57,3.57,3.57,3.57
N_6_6,N_8_5,5.580101731535604,5.69,5.69,5.69,5.69,5.69,5.69,8.7,8.7,10.04,10.04,6.7,6.7,6.7,6.7,6.7,6.7,9.37,10.71,10.71,9.37,6.03,6.03,6.03,6.03
N_6_6,N_7_4,12.239766013859615,6.79,6.79,6.79,6.79,6.79,6.79,8.45,8.45,9.18,9.18,7.34,7.34,7.34,7.34,7.34,7.34,8.81,9.55,9.55,8.81,6.98,6.98,6.98,6.98
N_6_7,N_4_6,6.013689222689333,6.13,6.13,6.13,6.13,6.13,6.13,9.38,9.38,10.82,10.82,7.22,7.22,7.22,7.22,7.22,7.22,10.1,11.55,11.55,10.1,6.49,6.49,6.49,6.49
N_6_7,N_4_8,4.9644749777151755,5.06,5.06,5.06,5.06,5.06,5.06,7.74,7.74,8.94,8.94,5.96,5.96,5.96,5.96,5.96,5.96,8.34,9.53,9.53,8.34,5.36,5.36,5.36,5.36
N_6_7,N_5_8,5.583909919001778,5.7,5.7,5.7,5.7,5.7,5.7,8.71,8.71,10.05,10.05,6.7,6.7,6.7,6.7,6.7,6.7,9.38,10.72,10.72,9.38,6.03,6.03,6.03,6.03
N_6_8,N_5_9,11.349454975114902,6.3,6.3,6.3,6.3,6.3,6.3,7.83,7.83,8.51,8.51,6.81,6.81,6.81,6.81,6.81,6.81,8.17,8.85,8.85,8.17,6.47,6.47,6.47,6.47
N_6_8,N_6_10,4.064105429444719,4.15,4.15,4.15,4.15,4.15,4.15,6.34,6.34,7.32,7.32,4.88,4.88,4.88,4.88,4.88,4.88,6.83,7.8,7.8,6.83,4.39,4.39,4.39,4.39
N_6_8,N_6_11,9.466113375247655,5.25,5.25,5.25,5.25,5.25,5.25,6.53,6.53,7.1,7.1,5.68,5.68,5.68,5.68,5.68,5.68,6.82,7.38,7.38,6.82,5.4,5.4,5.4,5.4
N_6_8,N_6_7,12.52581017308818,6.95,6.95,6.95,6.95,6.95,6.95,8.64,8.64,9.39,9.39,7.52,7.52,7.52,7.52,7.52,7.52,9.02,9.77,9.77,9.02,7.14,7.14,7.14,7.14
N_6_8,N_7_10,4.4048458647254805,4.49,4.49,4.49,4.49,4.49,4.49,6.87,6.87,7.93,7.93,5.29,5.29,5.29,5.29,5.29,5.29,7.4,8.46,8.46,7.4,4.76,4.76,4.76,4.76
N_6_9,N_4_11,11.147479887257095,6.19,6.19,6.19,6.19,6.19,6.19,7.69,7.69,8.36,8.36,6.69,6.69,6.69,6.69,6.69,6.69,8.03,8.7,8.7,8.03,6.35,6.35,6.35,6.35
N_6_9,N_4_8,5.720168264422934,5.83,5.83,5.83,5.83,5.83,5.83,8.92,8.92,10.3,10.3,6.86,6.86,6.86,6.86,6.86,6.86,9.61,10.98,10.98,9.61,6.18,6.18,6.18,6.18
N_6_9,N_7_9,12.758151012829794,7.08,7.08,7.08,7.08,7.08,7.08,8.8,8.8,9.57,9.57,7.65,7.65,7.65,7.65,7.65,7.65,9.19,9.95,9.95,9.19,7.27,7.27,7.27,7.27
N_7_0,N_10_0,5.469073650132165,5.58,5.58,5.58,5.58,5.58,5.58,8.53,8.53,9.84,9.84,6.56,6.56,6.56,6.56,6.56,6.56,9.19,10.5,10.5,9.19,5.91,5.91,5.91,5.91
N_7_0,N_6_1,0.6658435173058654,1.09,1.09,1.09,1.09,1.09,1.09,1.81,1.81,2.13,2.13,1.33,1.33,1.33,1.33,1.33,1.33,1.97,2.29,2.29,1.97,1.17,1.17,1.17,1.17
N_7_0,N_7_3,11.983067677225549,6.65,6.65,6.65,6.65,6.65,6.65,8.27,8.27,8.99,8.99,7.19,7.19,7.19,7.19,7.19,7.19,8.63,9.35,9.35,8.63,6.83,6.83,6.83,6.83
N_7_0,N_8_2,4.118371221083418,4.2,4.2,4.2,4.2,4.2,4.2,6.42,6.42,7.41,7.41,4.94,4.94,4.94,4.94,4.94,4.94,6.92,7.91,7.91,6.92,4.45,4.45,4.45,4.45
N_7_0,N_5_1,11.83388394137155,6.57,6.57,6.57,6.57,6.57,6.57,8.17,8.17,8.88,8.88,7.1,7.1,7.1,7.1,7.1,7.1,8.52,9.23,9.23,8.52,6.75,6.75,6.75,6.75
N_7_0,N_9_2,6.972761317664611,7.11,7.11,7.11,7.11,7.11,7.11,10.88,10.88,12.55,12.55,8.37,8.37,8.37,8.37,8.37,8.37,11.71,13.39,13.39,11.71,7.53,7.53,7.53,7.53
N_7_1,N_10_1,0.5996094777282797,0.98,0.98,0.98,0.98,0.98,0.98,1.63,1.63,1.92,1.92,1.2,1.2,1.2,1.2,1.2,1.2,1.77,2.06,2.06,1.77,1.06,1.06,1.06,1.06
N_7_1,N_9_0,0.6439867595736084,1.06,1.06,1.06,1.06,1.06,1.06,1.75,1.75,2.06,2.06,1.29,1.29,1.29,1.29,1.29,1.29,1.91,2.22,2.22,1.91,1.13,1.13,1.13,1.13
N_7_1,N_8_0,6.580566760446873,6.71,6.71,6.71,6.71,6.71,6.71,10.27,10.27,11.85,11.85,7.9,7.9,7.9,7.9,7.9,7.9,11.06,12.63,12.63,11.06,7.11,7.11,7.11,7.11
N_7_1,N_7_0,5.340922955470392,5.45,5.45,5.45,5.45,5.45,5.45,8.33,8.33,9.61,9.61,6.41,6.41,6.41,6.41,6.41,6.41,8.97,10.25,10.25,8.97,5.77,5.77,5.77,5.77
N_7_1,N_8_3,3.895509208446914,3.97,3.97,3.97,3.97,3.97,3.97,6.08,6.08,7.01,7.01,4.67,4.67,4.67,4.67,4.67,4.67,6.54,7.48,7.48,6.54,4.21,4.21,4.21,4.21
N_7_10,N_6_8,4.4048458647254805,4.49,4.49,4.49,4.49,4.49,4.49,6.87,6.87,7.93,7.93,5.29,5.29,5.29,5.29,5.29,5.29,7.4,8.46,8.46,7.4,4.76,4.76,4.76,4.76
N_7_10,N_6_10,12.816235005767915,7.11,7.11,7.11,7.11,7.11,7.11,8.84,8.84,9.61,9.61,7.69,7.69,7.69,7.69,7.69,7.69,9.23,10.0,10.0,9.23,7.31,7.31,7.31,7.31
N_7_10,N_4_10,12.329933955528627,6.84,6.84,6.84,6.84,6.84,6.84,8.51,8.51,9.25,9.25,7.4,7.4,7.4,7.4,7.4,7.4,8.88,9.62,9.62,8.88,7.03,7.03,7.03,7.03
N_7_10,N_7_7,3.2516740461423788,3.32,3.32,3.32,3.32,3.32,3.32,5.07,5.07,5.85,5.85,3.9,3.9,3.9,3.9,3.9,3.9,5.46,6.24,6.24,5.46,3.51,3.51,3.51,3.51
N_7_10,N_6_11,3.7698040109569715,3.85,3.85,3.85,3.85,3.85,3.85,5.88,5.88,6.79,6.79,4.52,4.52,4.52,4.52,4.52,4.52,6.33,7.24,7.24,6.33,4.07,4.07,4.07,4.07
N_7_11,N_5_11,4.884721092990484,4.98,4.98,4.98,4.98,4.98,4.98,7.62,7.62,8.79,8.79,5.86,5.86,5.86,5.86,5.86,5.86,8.21,9.38,9.38,8.21,5.28,5.28,5.28,5.28
N_7_11,N_9_10,11.884720131574642,6.6,6.6,6.6,6.6,6.6,6.6,8.2,8.2,8.91,8.91,7.13,7.13,7.13,7.13,7.13,7.13,8.56,9.27,9.27,8.56,6.77,6.77,6.77,6.77
N_7_11,N_10_11,0.9101797658127742,1.49,1.49,1.49,1.49,1.49,1.49,2.48,2.48,2.91,2.91,1.82,1.82,1.82,1.82,1.82,1.82,2.69,3.13,3.13,2.69,1.6,1.6,1.6,1.6
N_7_11,N_6_11,11.69697194370798,6.49,6.49,6.49,6.49,6.49,6.49,8.07,8.07,8.77,8.77,7.02,7.02,7.02,7.02,7.02,7.02,8.42,9.12,9.12,8.42,6.67,6.67,6.67,6.67
N_7_11,N_8_12,4.043741357265109,4.12,4.12,4.12,4.12,4.12,4.12,6.31,6.31,7.28,7.28,4.85,4.85,4.85,4.85,4.85,4.85,6.79,7.76,7.76,6.79,4.37,4.37,4.37,4.37
N_7_11,N_6_12,5.836944385071637,5.95,5.95,5.95,5.95,5.95,5.95,9.11,9.11,10.51,10.51,7.0,7.0,7.0,7.0,7.0,7.0,9.81,11.21,11.21,9.81,6.3,6.3,6.3,6.3
N_7_11,N_8_13,5.651840047218166,5.76,5.76,5.76,5.76,5.76,5.76,8.82,8.82,10.17,10.17,6.78,6.78,6.78,6.78,6.78,6.78,9.5,10.85,10.85,9.5,6.1,6.1,6.1,6.1
N_7_12,N_6_12,1.5251950590373327,2.5,2.5,2.5,2.5,2.5,2.5,4.15,4.15,4.88,4.88,3.05,3.05,3.05,3.05,3.05,3.05,4.51,5.25,5.25,4.51,2.68,2.68,2.68,2.68
N_7_12,N_6_10,6.437055480314191,6.57,6.57,6.57,6.57,6.57,6.57,10.04,10.04,11.59,11.59,7.72,7.72,7.72,7.72,7.72,7.72,10.81,12.36,12.36,10.81,6.95,6.95,6.95,6.95
N_7_12,N_9_14,5.9207439568684155,6.04,6.04,6.04,6.04,6.04,6.04,9.24,9.24,10.66,10.66,7.1,7.1,7.1,7.1,7.1,7.1,9.95,11.37,11.37,9.95,6.39,6.39,6.39,6.39
N_7_12,N_7_9,3.9131110522682815,3.99,3.99,3.99,3.99,3.99,3.99,6.1,6.1,7.04,7.04,4.7,4.7,4.7,4.7,4.7,4.7,6.57,7.51,7.51,6.57,4.23,4.23,4.23,4.23
N_7_12,N_4_12,8.828369436743536,4.9,4.9,4.9,4.9,4.9,4.9,6.09,6.09,6.62,6.62,5.3,5.3,5.3,5.3,5.3,5.3,6.36,6.89,6.89,6.36,5.03,5.03,5.03,5.03
N_7_12,N_6_13,5.586442349891724,5.7,5.7,5.7,5.7,5.7,5.7,8.71,8.71,10.06,10.06,6.7,6.7,6.7,6.7,6.7,6.7,9.39,10.73,10.73,9.39,6.03,6.03,6.03,6.03
N_7_13,N_5_12,6.7081777708103605,6.84,6.84,6.84,6.84,6.84,6.84,10.46,10.46,12.07,12.07,8.05,8.05,8.05,8.05,8.05,8.05,11.27,12.88,12.88,11.27,7.24,7.24,7.24,7.24
N_7_13,N_6_11,11.866643583047203,6.59,6.59,6.59,6.59,6.59,6.59,8.19,8.19,8.9,8.9,7.12,7.12,7.12,7.12,7.12,7.12,8.54,9.26,9.26,8.54,6.76,6.76,6.76,6.76
N_7_13,N_6_13,1.2239175731807266,2.01,2.01,2.01,2.01,2.01,2.01,3.33,3.33,3.92,3.92,2.45,2.45,2.45,2.45,2.45,2.45,3.62,4.21,4.21,3.62,2.15,2.15,2.15,2.15
N_7_13,N_7_14,13.482310353764696,7.48,7.48,7.48,7.48,7.48,7.48,9.3,9.3,10.11,10.11,8.09,8.09,8.09,8.09,8.09,8.09,9.71,10.52,10.52,9.71,7.68,7.68,7.68,7.68
N_7_14,N_6_13,13.431263930906262,7.45,7.45,7.45,7.45,7.45,7.45,9.27,9.27,10.07,10.07,8.06,8.06,8.06,8.06,8.06,8.06,9.67,10.48,10.48,9.67,7.66,7.66,7.66,7.66
N_7_14,N_7_13,13.482310353764696,7.48,7.48,7.48,7.48,7.48,7.48,9.3,9.3,10.11,10.11,8.09,8.09,8.09,8.09,8.09,8.09,9.71,10.52,10.52,9.71,7.68,7.68,7.68,7.68
N_7_14,N_8_14,5.042863266560735,5.14,5.14,5.14,5.14,5.14,5.14,7.87,7.87,9.08,9.08,6.05,6.05,6.05,6.05,6.05,6.05,8.47,9.68,9.68,8.47,5.45,5.45,5.45,5.45
N_7_14,N_8_13,14.878071340212772,8.26,8.26,8.26,8.26,8.26,8.26,10.27,10.27,11.16,11.16,8.93,8.93,8.93,8.93,8.93,8.93,10.71,11.6,11.6,10.71,8.48,8.48,8.48,8.48
N_7_14,N_7_16,4.1152941356803545,4.2,4.2,4.2,4.2,4.2,4.2,6.42,6.42,7.41,7.41,4.94,4.94,4.94,4.94,4.94,4.94,6.91,7.9,7.9,6.91,4.44,4.44,4.44,4.44
N_7_14,N_6_14,13.000921943263744,7.22,7.22,7.22,7.22,7.22,7.22,8.97,8.97,9.75,9.75,7.8,7.8,7.8,7.8,7.8,7.8,9.36,10.14,10.14,9.36,7.41,7.41,7.41,7.41
N_7_15,N_5_15,13.49708352402996,7.49,7.49,7.49,7.49,7.49,7.49,9.31,9.31,10.12,10.12,8.1,8.1,8.1,8.1,8.1,8.1,9.72,10.53,10.53,9.72,7.69,7.69,7.69,7.69
N_7_15,N_8_16,6.301053881184643,6.43,6.43,6.43,6.43,6.43,6.43,9.83,9.83,11.34,11.34,7.56,7.56,7.56,7.56,7.56,7.56,10.59,12.1,12.1,10.59,6.81,6.81,6.81,6.81
N_7_15,N_7_13,6.091541525858968,6.21,6.21,6.21,6.21,6.21,6.21,9.5,9.5,10.96,10.96,7.31,7.31,7.31,7.31,7.31,7.31,10.23,11.7,11.7,10.23,6.58,6.58,6.58,6.58
N_7_15,N_9_14,14.582547649374561,8.09,8.09,8.09,8.09,8.09,8.09,10.06,10.06,10.94,10.94,8.75,8.75,8.75,8.75,8.75,8.75,10.5,11.37,11.37,10.5,8.31,8.31,8.31,8.31
N_7_15,N_9_16,11.087614021958409,6.15,6.15,6.15,6.15,6.15,6.15,7.65,7.65,8.32,8.32,6.65,6.65,6.65,6.65,6.65,6.65,7.98,8.65,8.65,7.98,6.32,6.32,6.32,6.32
N_7_15,N_9_17,5.456756837553574,5.57,5.57,5.57,5.57,5.57,5.57,8.51,8.51,9.82,9.82,6.55,6.55,6.55,6.55,6.55,6.55,9.17,10.48,10.48,9.17,5.89,5.89,5.89,5.89
N_7_16,N_5_18,12.920261625742889,7.17,7.17,7.17,7.17,7.17,7.17,8.91,8.91,9.69,9.69,7.75,7.75,7.75,7.75,7.75,7.75,9.3,10.08,10.08,9.3,7.36,7.36,7.36,7.36
N_7_16,N_7_14,4.1152941356803545,4.2,4.2,4.2,4.2,4.2,4.2,6.42,6.42,7.41,7.41,4.94,4.94,4.94,4.94,4.94,4.94,6.91,7.9,7.9,6.91,4.44,4.44,4.44,4.44
N_7_16,N_7_13,3.426919626140281,3.5,3.5,3.5,3.5,3.5,3.5,5.35,5.35,6.17,6.17,4.11,4.11,4.11,4.11,4.11,4.11,5.76,6.58,6.58,5.76,3.7,3.7,3.7,3.7
N_7_16,N_8_15,4.589757827888015,4.68,4.68,4.68,4.68,4.68,4.68,7.16,7.16,8.26,8.26,5.51,5.51,5.51,5.51,5.51,5.51,7.71,8.81,8.81,7.71,4.96,4.96,4.96,4.96
N_7_16,N_6_17,14.74686841458902,8.18,8.18,8.18,8.18,8.18,8.18,10.18,10.18,11.06,11.06,8.85,8.85,8.85,8.85,8.85,8.85,10.62,11.5,11.5,10.62,8.41,8.41,8.41,8.41
N_7_17,N_6_19,13.044132391255758,7.24,7.24,7.24,7.24,7.24,7.24,9.0,9.0,9.78,9.78,7.83,7.83,7.83,7.83,7.83,7.83,9.39,10.17,10.17,9.39,7.44,7.44,7.44,7.44
N_7_17,N_7_16,5.686092804407277,5.8,5.8,5.8,5.8,5.8,5.8,8.87,8.87,10.23,10.23,6.82,6.82,6.82,6.82,6.82,6.82,9.55,10.92,10.92,9.55,6.14,6.14,6.14,6.14
N_7_17,N_8_15,4.30087683161015,4.39,4.39,4.39,4.39,4.39,4.39,6.71,6.71,7.74,7.74,5.16,5.16,5.16,5.16,5.16,5.16,7.23,8.26,8.26,7.23,4.64,4.64,4.64,4.64
N_7_17,N_7_19,10.283149708748478,5.71,5.71,5.71,5.71,5.71,5.71,7.1,7.1,7.71,7.71,6.17,6.17,6.17,6.17,6.17,6.17,7.4,8.02,8.02,7.4,5.86,5.86,5.86,5.86
N_7_17,N_6_15,3.555783907963398,3.63,3.63,3.63,3.63,3.63,3.63,5.55,5.55,6.4,6.4,4.27,4.27,4.27,4.27,4.27,4.27,5.97,6.83,6.83,5.97,3.84,3.84,3.84,3.84
N_7_17,N_5_16,5.537223863005494,5.65,5.65,5.65,5.65,5.65,5.65,8.64,8.64,9.97,9.97,6.64,6.64,6.64,6.64,6.64,6.64,9.3,10.63,10.63,9.3,5.98,5.98,5.98,5.98
N_7_18,N_5_20,6.981826357800491,7.12,7.12,7.12,7.12,7.12,7.12,10.89,10.89,12.57,12.57,8.38,8.38,8.38,8.38,8.38,8.38,11.73,13.41,13.41,11.73,7.54,7.54,7.54,7.54
N_7_18,N_8_19,13.213031099979851,7.33,7.33,7.33,7.33,7.33,7.33,9.12,9.12,9.91,9.91,7.93,7.93,7.93,7.93,7.93,7.93,9.51,10.31,10.31,9.51,7.53,7.53,7.53,7.53
N_7_18,N_7_15,3.9826551325718453,4.06,4.06,4.06,4.06,4.06,4.06,6.21,6.21,7.17,7.17,4.78,4.78,4.78,4.78,4.78,4.78,6.69,7.65,7.65,6.69,4.3,4.3,4.3,4.3
N_7_18,N_9_18,10.32641399739867,5.73,5.73,5.73,5.73,5.73,5.73,7.13,7.13,7.74,7.74,6.2,6.2,6.2,6.2,6.2,6.2,7.44,8.05,8.05,7.44,5.89,5.89,5.89,5.89
N_7_18,N_6_18,13.287467494428908,7.37,7.37,7.37,7.37,7.37,7.37,9.17,9.17,9.97,9.97,7.97,7.97,7.97,7.97,7.97,7.97,9.57,10.36,10.36,9.57,7.57,7.57,7.57,7.57
N_7_18,N_9_19,9.194749250587641,5.1,5.1,5.1,5.1,5.1,5.1,6.34,6.34,6.9,6.9,5.52,5.52,5.52,5.52,5.52,5.52,6.62,7.17,7.17,6.62,5.24,5.24,5.24,5.24
N_7_18,N_7_20,6.656842757814591,6.79,6.79,6.79,6.79,6.79,6.79,10.38,10.38,11.98,11.98,7.99,7.99,7.99,7.99,7.99,7.99,11.18,12.78,12.78,11.18,7.19,7.19,7.19,7.19
N_7_19,N_4_19,10.997880611144904,6.1,6.1,6.1,6.1,6.1,6.1,7.59,7.59,8.25,8.25,6.6,6.6,6.6,6.6,6.6,6.6,7.92,8.58,8.58,7.92,6.27,6.27,6.27,6.27
N_7_19,N_5_17,3.073518739164931,3.13,3.13,3.13,3.13,3.13,3.13,4.79,4.79,5.53,5.53,3.69,3.69,3.69,3.69,3.69,3.69,5.16,5.9,5.9,5.16,3.32,3.32,3.32,3.32
N_7_19,N_6_18,1.33626545706615,2.19,2.19,2.19,2.19,2.19,2.19,3.63,3.63,4.28,4.28,2.67,2.67,2.67,2.67,2.67,2.67,3.96,4.6,4.6,3.96,2.35,2.35,2.35,2.35
N_7_2,N_5_3,5.023529227257583,5.12,5.12,5.12,5.12,5.12,5.12,7.84,7.84,9.04,9.04,6.03,6.03,6.03,6.03,6.03,6.03,8.44,9.65,9.65,8.44,5.43,5.43,5.43,5.43
N_7_2,N_5_4,8.9642437658839,4.98,4.98,4.98,4.98,4.98,4.98,6.19,6.19,6.72,6.72,5.38,5.38,5.38,5.38,5.38,5.38,6.45,6.99,6.99,6.45,5.11,5.11,5.11,5.11
N_7_2,N_6_1,4.032845886415741,4.11,4.11,4.11,4.11,4.11,4.11,6.29,6.29,7.26,7.26,4.84,4.84,4.84,4.84,4.84,4.84,6.78,7.74,7.74,6.78,4.36,4.36,4.36,4.36
N_7_2,N_4_2,5.643941173333133,5.76,5.76,5.76,5.76,5.76,5.76,8.8,8.8,10.16,10.16,6.77,6.77,6.77,6.77,6.77,6.77,9.48,10.84,10.84,9.48,6.1,6.1,6.1,6.1
N_7_2,N_7_5,4.612119945162967,4.7,4.7,4.7,4.7,4.7,4.7,7.19,7.19,8.3,8.3,5.53,5.53,5.53,5.53,5.53,5.53,7.75,8.86,8.86,7.75,4.98,4.98,4.98,4.98
N_7_20,N_6_18,13.557009778669515,7.52,7.52,7.52,7.52,7.52,7.52,9.35,9.35,10.17,10.17,8.13,8.13,8.13,8.13,8.13,8.13,9.76,10.57,10.57,9.76,7.73,7.73,7.73,7.73
N_7_20,N_7_18,6.656842757814591,6.79,6.79,6.79,6.79,6.79,6.79,10.38,10.38,11.98,11.98,7.99,7.99,7.99,7.99,7.99,7.99,11.18,12.78,12.78,11.18,7.19,7.19,7.19,7.19
N_7_20,N_8_21,12.944817853136978,7.18,7.18,7.18,7.18,7.18,7.18,8.93,8.93,9.71,9.71,7.77,7.77,7.77,7.77,7.77,7.77,9.32,10.1,10.1,9.32,7.38,7.38,7.38,7.38
N_7_20,N_5_19,5.881130376191966,6.0,6.0,6.0,6.0,6.0,6.0,9.17,9.17,10.59,10.59,7.06,7.06,7.06,7.06,7.06,7.06,9.88,11.29,11.29,9.88,6.35,6.35,6.35,6.35
N_7_20,N_6_22,10.836984244142071,6.01,6.01,6.01,6.01,6.01,6.01,7.48,7.48,8.13,8.13,6.5,6.5,6.5,6.5,6.5,6.5,7.8,8.45,8.45,7.8,6.18,6.18,6.18,6.18
N_7_20,N_6_19,4.835225643472337,4.93,4.93,4.93,4.93,4.93,4.93,7.54,7.54,8.7,8.7,5.8,5.8,5.8,5.8,5.8,5.8,8.12,9.28,9.28,8.12,5.22,5.22,5.22,5.22
N_7_20,N_5_20,2.2404115339833646,3.67,3.67,3.67,3.67,3.67,3.67,6.09,6.09,7.17,7.17,4.48,4.48,4.48,4.48,4.48,4.48,6.63,7.71,7.71,6.63,3.94,3.94,3.94,3.94
N_7_20,N_5_21,11.516863775538472,6.39,6.39,6.39,6.39,6.39,6.39,7.95,7.95,8.64,8.64,6.91,6.91,6.91,6.91,6.91,6.91,8.29,8.98,8.98,8.29,6.56,6.56,6.56,6.56
N_7_21,N_5_21,3.057889985522223,3.12,3.12,3.12,3.12,3.12,3.12,4.77,4.77,5.5,5.5,3.67,3.67,3.67,3.67,3.67,3.67,5.14,5.87,5.87,5.14,3.3,3.3,3.3,3.3
N_7_21,N_5_20,4.394004283611984,4.48,4.48,4.48,4.48,4.48,4.48,6.85,6.85,7.91,7.91,5.27,5.27,5.27,5.27,5.27,5.27,7.38,8.44,8.44,7.38,4.75,4.75,4.75,4.75
N_7_21,N_9_19,6.5617107934195875,6.69,6.69,6.69,6.69,6.69,6.69,10.24,10.24,11.81,11.81,7.87,7.87,7.87,7.87,7.87,7.87,11.02,12.6,12.6,11.02,7.09,7.09,7.09,7.09
N_7_21,N_10_21,5.5994260612426086,5.71,5.71,5.71,5.71,5.71,5.71,8.74,8.74,10.08,10.08,6.72,6.72,6.72,6.72,6.72,6.72,9.41,10.75,10.75,9.41,6.05,6.05,6.05,6.05
N_7_21,N_9_21,9.789070178043819,5.43,5.43,5.43,5.43,5.43,5.43,6.75,6.75,7.34,7.34,5.87,5.87,5.87,5.87,5.87,5.87,7.05,7.64,7.64,7.05,5.58,5.58,5.58,5.58
N_7_22,N_5_20,4.696021910269588,4.79,4.79,4.79,4.79,4.79,4.79,7.33,7.33,8.45,8.45,5.64,5.64,5.64,5.64,5.64,5.64,7.89,9.02,9.02,7.89,5.07,5.07,5.07,5.07
N_7_22,N_7_20,2.1835924129567053,3.58,3.58,3.58,3.58,3.58,3.58,5.94,5.94,6.99,6.99,4.37,4.37,4.37,4.37,4.37,4.37,6.46,7.51,7.51,6.46,3.84,3.84,3.84,3.84
N_7_22,N_6_21,3.0668093186840677,3.13,3.13,3.13,3.13,3.13,3.13,4.78,4.78,5.52,5.52,3.68,3.68,3.68,3.68,3.68,3.68,5.15,5.89,5.89,5.15,3.31,3.31,3.31,3.31
N_7_22,N_9_23,3.55989433618863,3.63,3.63,3.63,3.63,3.63,3.63,5.55,5.55,6.41,6.41,4.27,4.27,4.27,4.27,4.27,4.27,5.98,6.83,6.83,5.98,3.84,3.84,3.84,3.84
N_7_22,N_9_24,1.4033653540034974,2.3,2.3,2.3,2.3,2.3,2.3,3.82,3.82,4.49,4.49,2.81,2.81,2.81,2.81,2.81,2.81,4.15,4.83,4.83,4.15,2.47,2.47,2.47,2.47
N_7_23,N_8_23,4.904307536973956,5.0,5.0,5.0,5.0,5.0,5.0,7.65,7.65,8.83,8.83,5.89,5.89,5.89,5.89,5.89,5.89,8.24,9.42,9.42,8.24,5.3,5.3,5.3,5.3
N_7_23,N_7_24,6.0141889490294815,6.13,6.13,6.13,6.13,6.13,6.13,9.38,9.38,10.83,10.83,7.22,7.22,7.22,7.22,7.22,7.22,10.1,11.55,11.55,10.1,6.5,6.5,6.5,6.5
N_7_23,N_9_25,13.473450046513245,7.48,7.48,7.48,7.48,7.48,7.48,9.3,9.3,10.11,10.11,8.08,8.08,8.08,8.08,8.08,8.08,9.7,10.51,10.51,9.7,7.68,7.68,7.68,7.68
N_7_23,N_5_21,6.211602652563319,6.34,6.34,6.34,6.34,6.34,6.34,9.69,9.69,11.18,11.18,7.45,7.45,7.45,7.45,7.45,7.45,10.44,11.93,11.93,10.44,6.71,6.71,6.71,6.71
N_7_23,N_7_21,4.278511312510976,4.36,4.36,4.36,4.36,4.36,4.36,6.67,6.67,7.7,7.7,5.13,5.13,5.13,5.13,5.13,5.13,7.19,8.21,8.21,7.19,4.62,4.62,4.62,4.62
N_7_24,N_10_24,6.680397373924304,6.81,6.81,6.81,6.81,6.81,6.81,10.42,10.42,12.02,12.02,8.02,8.02,8.02,8.02,8.02,8.02,11.22,12.83,12.83,11.22,7.21,7.21,7.21,7.21
N_7_24,N_6_22,5.019541674525499,5.12,5.12,5.12,5.12,5.12,5.12,7.83,7.83,9.04,9.04,6.02,6.02,6.02,6.02,6.02,6.02,8.43,9.64,9.64,8.43,5.42,5.42,5.42,5.42
N_7_24,N_5_23,3.5516796573478797,3.62,3.62,3.62,3.62,3.62,3.62,5.54,5.54,6.39,6.39,4.26,4.26,4.26,4.26,4.26,4.26,5.97,6.82,6.82,5.97,3.84,3.84,3.84,3.84
N_7_25,N_9_25,6.057749909449713,6.18,6.18,6.18,6.18,6.18,6.18,9.45,9.45,10.9,10.9,7.27,7.27,7.27,7.27,7.27,7.27,10.18,11.63,11.63,10.18,6.54,6.54,6.54,6.54
N_7_25,N_6_23,2.3963442116469214,3.93,3.93,3.93,3.93,3.93,3.93,6.52,6.52,7.67,7.67,4.79,4.79,4.79,4.79,4.79,4.79,7.09,8.24,8.24,7.09,4.22,4.22,4.22,4.22
N_7_25,N_4_25,5.349977768151724,5.46,5.46,5.46,5.46,5.46,5.46,8.35,8.35,9.63,9.63,6.42,6.42,6.42,6.42,6.42,6.42,8.99,10.27,10.27,8.99,5.78,5.78,5.78,5.78
N_7_25,N_5_23,5.983604914245193,6.1,6.1,6.1,6.1,6.1,6.1,9.33,9.33,10.77,10.77,7.18,7.18,7.18,7.18,7.18,7.18,10.05,11.49,11.49,10.05,6.46,6.46,6.46,6.46
N_7_25,N_6_27,6.681671990280531,6.82,6.82,6.82,6.82,6.82,6.82,10.42,10.42,12.03,12.03,8.02,8.02,8.02,8.02,8.02,8.02,11.23,12.83,12.83,11.23,7.22,7.22,7.22,7.22
N_7_25,N_8_27,3.5731859005145066,3.64,3.64,3.64,3.64,3.64,3.64,5.57,5.57,6.43,6.43,4.29,4.29,4.29,4.29,4.29,4.29,6.0,6.86,6.86,6.0,3.86,3.86,3.86,3.86
N_7_25,N_5_27,5.871124209812551,5.99,5.99,5.99,5.99,5.99,5.99,9.16,9.16,10.57,10.57,7.05,7.05,7.05,7.05,7.05,7.05,9.86,11.27,11.27,9.86,6.34,6.34,6.34,6.34
N_7_26,N_9_24,13.959906099583819,7.75,7.75,7.75,7.75,7.75,7.75,9.63,9.63,10.47,10.47,8.38,8.38,8.38,8.38,8.38,8.38,10.05,10.89,10.89,10.05,7.96,7.96,7.96,7.96
N_7_26,N_8_27,4.014145909549559,4.09,4.09,4.09,4.09,4.09,4.09,6.26,6.26,7.23,7.23,4.82,4.82,4.82,4.82,4.82,4.82,6.74,7.71,7.71,6.74,4.34,4.34,4.34,4.34
N_7_26,N_5_28,4.240957011114803,4.33,4.33,4.33,4.33,4.33,4.33,6.62,6.62,7.63,7.63,5.09,5.09,5.09,5.09,5.09,5.09,7.12,8.14,8.14,7.12,4.58,4.58,4.58,4.58
N_7_26,N_10_26,10.53662839280954,5.85,5.85,5.85,5.85,5.85,5.85,7.27,7.27,7.9,7.9,6.32,6.32,6.32,6.32,6.32,6.32,7.59,8.22,8.22,7.59,6.01,6.01,6.01,6.01
N_7_26,N_9_28,1.1670554390792516,1.91,1.91,1.91,1.91,1.91,1.91,3.17,3.17,3.73,3.73,2.33,2.33,2.33,2.33,2.33,2.33,3.45,4.01,4.01,3.45,2.05,2.05,2.05,2.05
N_7_26,N_6_24,4.453705128048712,4.54,4.54,4.54,4.54,4.54,4.54,6.95,6.95,8.02,8.02,5.34,5.34,5.34,5.34,5.34,5.34,7.48,8.55,8.55,7.48,4.81,4.81,4.81,4.81
N_7_26,N_6_27,5.708200055010154,5.82,5.82,5.82,5.82,5.82,5.82,8.9,8.9,10.27,10.27,6.85,6.85,6.85,6.85,6.85,6.85,9.59,10.96,10.96,9.59,6.16,6.16,6.16,6.16
N_7_26,N_5_27,12.07525330492515,6.7,6.7,6.7,6.7,6.7,6.7,8.33,8.33,9.06,9.06,7.25,7.25,7.25,7.25,7.25,7.25,8.69,9.42,9.42,8.69,6.88,6.88,6.88,6.88
N_7_27,N_4_27,6.750799533840377,6.89,6.89,6.89,6.89,6.89,6.89,10.53,10.53,12.15,12.15,8.1,8.1,8.1,8.1,8.1,8.1,11.34,12.96,12.96,11.34,7.29,7.29,7.29,7.29
N_7_27,N_6_27,8.359623998604592,4.64,4.64,4.64,4.64,4.64,4.64,5.77,5.77,6.27,6.27,5.02,5.02,5.02,5.02,5.02,5.02,6.02,6.52,6.52,6.02,4.76,4.76,4.76,4.76
N_7_27,N_5_29,9.132358275013342,5.07,5.07,5.07,5.07,5.07,5.07,6.3,6.3,6.85,6.85,5.48,5.48,5.48,5.48,5.48,5.48,6.58,7.12,7.12,6.58,5.21,5.21,5.21,5.21
N_7_27,N_5_26,1.5907720476133818,2.61,2.61,2.61,2.61,2.61,2.61,4.33,4.33,5.09,5.09,3.18,3.18,3.18,3.18,3.18,3.18,4.71,5.47,5.47,4.71,2.8,2.8,2.8,2.8
N_7_28,N_5_28,12.420668947032826,6.89,6.89,6.89,6.89,6.89,6.89,8.57,8.57,9.32,9.32,7.45,7.45,7.45,7.45,7.45,7.45,8.94,9.69,9.69,8.94,7.08,7.08,7.08,7.08
N_7_28,N_6_30,9.45153443061292,5.25,5.25,5.25,5.25,5.25,5.25,6.52,6.52,7.09,7.09,5.67,5.67,5.67,5.67,5.67,5.67,6.81,7.37,7.37,6.81,5.39,5.39,5.39,5.39
N_7_28,N_10_28,2.305970038161866,3.78,3.78,3.78,3.78,3.78,3.78,6.27,6.27,7.38,7.38,4.61,4.61,4.61,4.61,4.61,4.61,6.83,7.93,7.93,6.83,4.06,4.06,4.06,4.06
N_7_28,N_6_29,13.622756110257825,7.56,7.56,7.56,7.56,7.56,7.56,9.4,9.4,10.22,10.22,8.17,8.17,8.17,8.17,8.17,8.17,9.81,10.63,10.63,9.81,7.76,7.76,7.76,7.76
N_7_29,N_5_27,6.528816873703159,6.66,6.66,6.66,6.66,6.66,6.66,10.18,10.18,11.75,11.75,7.83,7.83,7.83,7.83,7.83,7.83,10.97,12.54,12.54,10.97,7.05,7.05,7.05,7.05
N_7_29,N_9_28,1.3216931959406404,2.17,2.17,2.17,2.17,2.17,2.17,3.6,3.6,4.23,4.23,2.64,2.64,2.64,2.64,2.64,2.64,3.91,4.55,4.55,3.91,2.33,2.33,2.33,2.33
N_7_29,N_5_30,0.6976974995132044,1.14,1.14,1.14,1.14,1.14,1.14,1.9,1.9,2.23,2.23,1.4,1.4,1.4,1.4,1.4,1.4,2.07,2.4,2.4,2.07,1.23,1.23,1.23,1.23
N_7_29,N_7_28,11.982198629918322,6.65,6.65,6.65,6.65,6.65,6.65,8.27,8.27,8.99,8.99,7.19,7.19,7.19,7.19,7.19,7.19,8.63,9.35,9.35,8.63,6.83,6.83,6.83,6.83
N_7_3,N_7_0,11.983067677225549,6.65,6.65,6.65,6.65,6.65,6.65,8.27,8.27,8.99,8.99,7.19,7.19,7.19,7.19,7.19,7.19,8.63,9.35,9.35,8.63,6.83,6.83,6.83,6.83
N_7_3,N_6_4,1.609604464955674,2.64,2.64,2.64,2.64,2.64,2.64,4.38,4.38,5.15,5.15,3.22,3.22,3.22,3.22,3.22,3.22,4.76,5.54,5.54,4.76,2.83,2.83,2.83,2.83
N_7_3,N_7_4,6.952217788684158,7.09,7.09,7.09,7.09,7.09,7.09,10.85,10.85,12.51,12.51,8.34,8.34,8.34,8.34,8.34,8.34,11.68,13.35,13.35,11.68,7.51,7.51,7.51,7.51
N_7_3,N_5_2,14.492176037395344,8.04,8.04,8.04,8.04,8.04,8.04,10.0,10.0,10.87,10.87,8.7,8.7,8.7,8.7,8.7,8.7,10.43,11.3,11.3,10.43,8.26,8.26,8.26,8.26
N_7_3,N_7_2,13.179994812013788,7.31,7.31,7.31,7.31,7.31,7.31,9.09,9.09,9.88,9.88,7.91,7.91,7.91,7.91,7.91,7.91,9.49,10.28,10.28,9.49,7.51,7.51,7.51,7.51
N_7_3,N_5_5,3.248551072121748,3.31,3.31,3.31,3.31,3.31,3.31,5.07,5.07,5.85,5.85,3.9,3.9,3.9,3.9,3.9,3.9,5.46,6.24,6.24,5.46,3.51,3.51,3.51,3.51
N_7_30,N_5_28,10.809000411841906,6.0,6.0,6.0,6.0,6.0,6.0,7.46,7.46,8.11,8.11,6.49,6.49,6.49,6.49,6.49,6.49,7.78,8.43,8.43,7.78,6.16,6.16,6.16,6.16
N_7_30,N_5_32,6.868807080463313,7.01,7.01,7.01,7.01,7.01,7.01,10.72,10.72,12.36,12.36,8.24,8.24,8.24,8.24,8.24,8.24,11.54,13.19,13.19,11.54,7.42,7.42,7.42,7.42
N_7_30,N_6_32,5.262754322958747,5.37,5.37,5.37,5.37,5.37,5.37,8.21,8.21,9.47,9.47,6.32,6.32,6.32,6.32,6.32,6.32,8.84,10.1,10.1,8.84,5.68,5.68,5.68,5.68
N_7_30,N_7_31,5.776663604891893,5.89,5.89,5.89,5.89,5.89,5.89,9.01,9.01,10.4,10.4,6.93,6.93,6.93,6.93,6.93,6.93,9.7,11.09,11.09,9.7,6.24,6.24,6.24,6.24
N_7_30,N_5_30,12.031790304951443,6.68,6.68,6.68,6.68,6.68,6.68,8.3,8.3,9.02,9.02,7.22,7.22,7.22,7.22,7.22,7.22,8.66,9.38,9.38,8.66,6.86,6.86,6.86,6.86
N_7_30,N_7_32,0.7009531558108497,1.15,1.15,1.15,1.15,1.15,1.15,1.91,1.91,2.24,2.24,1.4,1.4,1.4,1.4,1.4,1.4,2.07,2.41,2.41,2.07,1.23,1.23,1.23,1.23
N_7_31,N_10_31,4.99305015316586,5.09,5.09,5.09,5.09,5.09,5.09,7.79,7.79,8.99,8.99,5.99,5.99,5.99,5.99,5.99,5.99,8.39,9.59,9.59,8.39,5.39,5.39,5.39,5.39
N_7_31,N_5_33,10.4745306936575,5.81,5.81,5.81,5.81,5.81,5.81,7.23,7.23,7.86,7.86,6.28,6.28,6.28,6.28,6.28,6.28,7.54,8.17,8.17,7.54,5.97,5.97,5.97,5.97
N_7_31,N_6_29,6.756145461018921,6.89,6.89,6.89,6.89,6.89,6.89,10.54,10.54,12.16,12.16,8.11,8.11,8.11,8.11,8.11,8.11,11.35,12.97,12.97,11.35,7.3,7.3,7.3,7.3
N_7_31,N_6_31,6.301299095632878,6.43,6.43,6.43,6.43,6.43,6.43,9.83,9.83,11.34,11.34,7.56,7.56,7.56,7.56,7.56,7.56,10.59,12.1,12.1,10.59,6.81,6.81,6.81,6.81
N_7_31,N_7_30,5.776663604891893,5.89,5.89,5.89,5.89,5.89,5.89,9.01,9.01,10.4,10.4,6.93,6.93,6.93,6.93,6.93,6.93,9.7,11.09,11.09,9.7,6.24,6.24,6.24,6.24
N_7_31,N_8_29,5.639095769555375,5.75,5.75,5.75,5.75,5.75,5.75,8.8,8.8,10.15,10.15,6.77,6.77,6.77,6.77,6.77,6.77,9.47,10.83,10.83,9.47,6.09,6.09,6.09,6.09
N_7_31,N_9_31,5.724249815202587,5.84,5.84,5.84,5.84,5.84,5.84,8.93,8.93,10.3,10.3,6.87,6.87,6.87,6.87,6.87,6.87,9.62,10.99,10.99,9.62,6.18,6.18,6.18,6.18
N_7_32,N_5_31,1.2922762706482307,2.12,2.12,2.12,2.12,2.12,2.12,3.51,3.51,4.14,4.14,2.58,2.58,2.58,2.58,2.58,2.58,3.83,4.45,4.45,3.83,2.27,2.27,2.27,2.27
N_7_32,N_5_34,12.915172584485546,7.17,7.17,7.17,7.17,7.17,7.17,8.91,8.91,9.69,9.69,7.75,7.75,7.75,7.75,7.75,7.75,9.3,10.07,10.07,9.3,7.36,7.36,7.36,7.36
N_7_32,N_7_30,0.7009531558108497,1.15,1.15,1.15,1.15,1.15,1.15,1.91,1.91,2.24,2.24,1.4,1.4,1.4,1.4,1.4,1.4,2.07,2.41,2.41,2.07,1.23,1.23,1.23,1.23
N_7_32,N_8_30,5.749653934245552,5.86,5.86,5.86,5.86,5.86,5.86,8.97,8.97,10.35,10.35,6.9,6.9,6.9,6.9,6.9,6.9,9.66,11.04,11.04,9.66,6.21,6.21,6.21,6.21
N_7_32,N_6_33,12.557375533125093,6.97,6.97,6.97,6.97,6.97,6.97,8.66,8.66,9.42,9.42,7.53,7.53,7.53,7.53,7.53,7.53,9.04,9.79,9.79,9.04,7.16,7.16,7.16,7.16
N_7_32,N_4_32,4.288078525680806,4.37,4.37,4.37,4.37,4.37,4.37,6.69,6.69,7.72,7.72,5.15,5.15,5.15,5.15,5.15,5.15,7.2,8.23,8.23,7.2,4.63,4.63,4.63,4.63
N_7_33,N_4_33,12.822964840477177,7.12,7.12,7.12,7.12,7.12,7.12,8.85,8.85,9.62,9.62,7.69,7.69,7.69,7.69,7.69,7.69,9.23,10.0,10.0,9.23,7.31,7.31,7.31,7.31
N_7_33,N_5_33,3.164907499402912,3.23,3.23,3.23,3.23,3.23,3.23,4.94,4.94,5.7,5.7,3.8,3.8,3.8,3.8,3.8,3.8,5.32,6.08,6.08,5.32,3.42,3.42,3.42,3.42
N_7_33,N_6_35,10.67129956384476,5.92,5.92,5.92,5.92,5.92,5.92,7.36,7.36,8.0,8.0,6.4,6.4,6.4,6.4,6.4,6.4,7.68,8.32,8.32,7.68,6.08,6.08,6.08,6.08
N_7_33,N_6_33,5.1368469714669445,5.24,5.24,5.24,5.24,5.24,5.24,8.01,8.01,9.25,9.25,6.16,6.16,6.16,6.16,6.16,6.16,8.63,9.86,9.86,8.63,5.55,5.55,5.55,5.55
N_7_33,N_5_32,13.711119153044601,7.61,7.61,7.61,7.61,7.61,7.61,9.46,9.46,10.28,10.28,8.23,8.23,8.23,8.23,8.23,8.23,9.87,10.69,10.69,9.87,7.82,7.82,7.82,7.82
N_7_33,N_5_31,0.8669746318338842,1.42,1.42,1.42,1.42,1.42,1.42,2.36,2.36,2.77,2.77,1.73,1.73,1.73,1.73,1.73,1.73,2.57,2.98,2.98,2.57,1.53,1.53,1.53,1.53
N_7_34,N_5_35,1.3793975279133026,2.26,2.26,2.26,2.26,2.26,2.26,3.75,3.75,4.41,4.41,2.76,2.76,2.76,2.76,2.76,2.76,4.08,4.75,4.75,4.08,2.43,2.43,2.43,2.43
N_7_34,N_6_32,4.758233298628557,4.85,4.85,4.85,4.85,4.85,4.85,7.42,7.42,8.56,8.56,5.71,5.71,5.71,5.71,5.71,5.71,7.99,9.14,9.14,7.99,5.14,5.14,5.14,5.14
N_7_34,N_5_34,13.35630328082723,7.41,7.41,7.41,7.41,7.41,7.41,9.22,9.22,10.02,10.02,8.01,8.01,8.01,8.01,8.01,8.01,9.62,10.42,10.42,9.62,7.61,7.61,7.61,7.61
N_7_35,N_4_35,5.19240021349421,5.3,5.3,5.3,5.3,5.3,5.3,8.1,8.1,9.35,9.35,6.23,6.23,6.23,6.23,6.23,6.23,8.72,9.97,9.97,8.72,5.61,5.61,5.61,5.61
N_7_35,N_7_32,10.208058494978372,5.67,5.67,5.67,5.67,5.67,5.67,7.04,7.04,7.66,7.66,6.12,6.12,6.12,6.12,6.12,6.12,7.35,7.96,7.96,7.35,5.82,5.82,5.82,5.82
N_7_35,N_9_37,9.458743067392737,5.25,5.25,5.25,5.25,5.25,5.25,6.53,6.53,7.09,7.09,5.68,5.68,5.68,5.68,5.68,5.68,6.81,7.38,7.38,6.81,5.39,5.39,5.39,5.39
N_7_35,N_6_36,6.364421739021951,6.49,6.49,6.49,6.49,6.49,6.49,9.93,9.93,11.46,11.46,7.64,7.64,7.64,7.64,7.64,7.64,10.69,12.22,12.22,10.69,6.87,6.87,6.87,6.87
N_7_35,N_7_38,9.363653744739596,5.2,5.2,5.2,5.2,5.2,5.2,6.46,6.46,7.02,7.02,5.62,5.62,5.62,5.62,5.62,5.62,6.74,7.3,7.3,6.74,5.34,5.34,5.34,5.34
N_7_35,N_9_33,9.114800384900143,5.06,5.06,5.06,5.06,5.06,5.06,6.29,6.29,6.84,6.84,5.47,5.47,5.47,5.47,5.47,5.47,6.56,7.11,7.11,6.56,5.2,5.2,5.2,5.2
N_7_35,N_8_33,4.5395532859309355,4.63,4.63,4.63,4.63,4.63,4.63,7.08,7.08,8.17,8.17,5.45,5.45,5.45,5.45,5.45,5.45,7.63,8.72,8.72,7.63,4.9,4.9,4.9,4.9
N_7_35,N_6_34,13.075073782982791,7.26,7.26,7.26,7.26,7.26,7.26,9.02,9.02,9.81,9.81,7.85,7.85,7.85,7.85,7.85,7.85,9.41,10.2,10.2,9.41,7.45,7.45,7.45,7.45
N_7_36,N_5_36,1.6799917652801937,2.76,2.76,2.76,2.76,2.76,2.76,4.57,4.57,5.38,5.38,3.36,3.36,3.36,3.36,3.36,3.36,4.97,5.78,5.78,4.97,2.96,2.96,2.96,2.96
N_7_36,N_6_38,6.887732306879004,7.03,7.03,7.03,7.03,7.03,7.03,10.74,10.74,12.4,12.4,8.27,8.27,8.27,8.27,8.27,8.27,11.57,13.22,13.22,11.57,7.44,7.44,7.44,7.44
N_7_36,N_8_34,4.135779426771547,4.22,4.22,4.22,4.22,4.22,4.22,6.45,6.45,7.44,7.44,4.96,4.96,4.96,4.96,4.96,4.96,6.95,7.94,7.94,6.95,4.47,4.47,4.47,4.47
N_7_37,N_9_35,1.1035541832439397,1.81,1.81,1.81,1.81,1.81,1.81,3.0,3.0,3.53,3.53,2.21,2.21,2.21,2.21,2.21,2.21,3.27,3.8,3.8,3.27,1.94,1.94,1.94,1.94
N_7_37,N_6_38,5.462856229094021,5.57,5.57,5.57,5.57,5.57,5.57,8.52,8.52,9.83,9.83,6.56,6.56,6.56,6.56,6.56,6.56,9.18,10.49,10.49,9.18,5.9,5.9,5.9,5.9
N_7_37,N_6_37,6.2238862084339885,6.35,6.35,6.35,6.35,6.35,6.35,9.71,9.71,11.2,11.2,7.47,7.47,7.47,7.47,7.47,7.47,10.46,11.95,11.95,10.46,6.72,6.72,6.72,6.72
N_7_37,N_7_36,5.8370449513325795,5.95,5.95,5.95,5.95,5.95,5.95,9.11,9.11,10.51,10.51,7.0,7.0,7.0,7.0,7.0,7.0,9.81,11.21,11.21,9.81,6.3,6.3,6.3,6.3
N_7_37,N_8_37,1.2299534962050862,2.02,2.02,2.02,2.02,2.02,2.02,3.35,3.35,3.94,3.94,2.46,2.46,2.46,2.46,2.46,2.46,3.64,4.23,4.23,3.64,2.16,2.16,2.16,2.16
N_7_37,N_6_36,5.571253088428181,5.68,5.68,5.68,5.68,5.68,5.68,8.69,8.69,10.03,10.03,6.69,6.69,6.69,6.69,6.69,6.69,9.36,10.7,10.7,9.36,6.02,6.02,6.02,6.02
N_7_38,N_6_39,9.512955168210876,5.28,5.28,5.28,5.28,5.28,5.28,6.56,6.56,7.13,7.13,5.71,5.71,5.71,5.71,5.71,5.71,6.85,7.42,7.42,6.85,5.42,5.42,5.42,5.42
N_7_38,N_6_36,0.8861467855793401,1.45,1.45,1.45,1.45,1.45,1.45,2.41,2.41,2.84,2.84,1.77,1.77,1.77,1.77,1.77,1.77,2.62,3.05,3.05,2.62,1.56,1.56,1.56,1.56
N_7_38,N_5_38,3.7101682286646445,3.78,3.78,3.78,3.78,3.78,3.78,5.79,5.79,6.68,6.68,4.45,4.45,4.45,4.45,4.45,4.45,6.23,7.12,7.12,6.23,4.01,4.01,4.01,4.01
N_7_38,N_4_38,14.575868677148227,8.09,8.09,8.09,8.09,8.09,8.09,10.06,10.06,10.93,10.93,8.75,8.75,8.75,8.75,8.75,8.75,10.49,11.37,11.37,10.49,8.31,8.31,8.31,8.31
N_7_38,N_6_38,1.4034682881741465,2.3,2.3,2.3,2.3,2.3,2.3,3.82,3.82,4.49,4.49,2.81,2.81,2.81,2.81,2.81,2.81,4.15,4.83,4.83,4.15,2.47,2.47,2.47,2.47
N_7_38,N_10_38,4.271952480410438,4.36,4.36,4.36,4.36,4.36,4.36,6.66,6.66,7.69,7.69,5.13,5.13,5.13,5.13,5.13,5.13,7.18,8.2,8.2,7.18,4.61,4.61,4.61,4.61
N_7_38,N_5_37,10.347470024643119,5.74,5.74,5.74,5.74,5.74,5.74,7.14,7.14,7.76,7.76,6.21,6.21,6.21,6.21,6.21,6.21,7.45,8.07,8.07,7.45,5.9,5.9,5.9,5.9
N_7_39,N_5_37,5.138333110260731,5.24,5.24,5.24,5.24,5.24,5.24,8.02,8.02,9.25,9.25,6.17,6.17,6.17,6.17,6.17,6.17,8.63,9.87,9.87,8.63,5.55,5.55,5.55,5.55
N_7_39,N_6_37,5.7265505365530185,5.84,5.84,5.84,5.84,5.84,5.84,8.93,8.93,10.31,10.31,6.87,6.87,6.87,6.87,6.87,6.87,9.62,10.99,10.99,9.62,6.18,6.18,6.18,6.18
N_7_39,N_9_38,1.843669758226171,3.02,3.02,3.02,3.02,3.02,3.02,5.01,5.01,5.9,5.9,3.69,3.69,3.69,3.69,3.69,3.69,5.46,6.34,6.34,5.46,3.24,3.24,3.24,3.24
N_7_39,N_7_36,6.949033110165858,7.09,7.09,7.09,7.09,7.09,7.09,10.84,10.84,12.51,12.51,8.34,8.34,8.34,8.34,8.34,8.34,11.67,13.34,13.34,11.67,7.5,7.5,7.5,7.5
N_7_4,N_5_5,12.941584366194679,7.18,7.18,7.18,7.18,7.18,7.18,8.93,8.93,9.71,9.71,7.76,7.76,7.76,7.76,7.76,7.76,9.32,10.09,10.09,9.32,7.38,7.38,7.38,7.38
N_7_4,N_6_6,12.239766013859615,6.79,6.79,6.79,6.79,6.79,6.79,8.45,8.45,9.18,9.18,7.34,7.34,7.34,7.34,7.34,7.34,8.81,9.55,9.55,8.81,6.98,6.98,6.98,6.98
N_7_4,N_7_3,6.952217788684158,7.09,7.09,7.09,7.09,7.09,7.09,10.85,10.85,12.51,12.51,8.34,8.34,8.34,8.34,8.34,8.34,11.68,13.35,13.35,11.68,7.51,7.51,7.51,7.51
N_7_4,N_8_3,1.8935660550357878,3.11,3.11,3.11,3.11,3.11,3.11,5.15,5.15,6.06,6.06,3.79,3.79,3.79,3.79,3.79,3.79,5.6,6.51,6.51,5.6,3.33,3.33,3.33,3.33
N_7_4,N_7_6,5.843908276811286,5.96,5.96,5.96,5.96,5.96,5.96,9.12,9.12,10.52,10.52,7.01,7.01,7.01,7.01,7.01,7.01,9.82,11.22,11.22,9.82,6.31,6.31,6.31,6.31
N_7_5,N_5_7,4.046198269718882,4.13,4.13,4.13,4.13,4.13,4.13,6.31,6.31,7.28,7.28,4.86,4.86,4.86,4.86,4.86,4.86,6.8,7.77,7.77,6.8,4.37,4.37,4.37,4.37
N_7_5,N_9_5,3.687552331240966,3.76,3.76,3.76,3.76,3.76,3.76,5.75,5.75,6.64,6.64,4.43,4.43,4.43,4.43,4.43,4.43,6.2,7.08,7.08,6.2,3.98,3.98,3.98,3.98
N_7_5,N_7_4,4.649121321634333,4.74,4.74,4.74,4.74,4.74,4.74,7.25,7.25,8.37,8.37,5.58,5.58,5.58,5.58,5.58,5.58,7.81,8.93,8.93,7.81,5.02,5.02,5.02,5.02
N_7_6,N_5_4,10.325534809267612,5.73,5.73,5.73,5.73,5.73,5.73,7.12,7.12,7.74,7.74,6.2,6.2,6.2,6.2,6.2,6.2,7.43,8.05,8.05,7.43,5.89,5.89,5.89,5.89
N_7_6,N_5_5,10.33922386872132,5.74,5.74,5.74,5.74,5.74,5.74,7.13,7.13,7.75,7.75,6.2,6.2,6.2,6.2,6.2,6.2,7.44,8.06,8.06,7.44,5.89,5.89,5.89,5.89
N_7_6,N_7_5,5.094788757623903,5.2,5.2,5.2,5.2,5.2,5.2,7.95,7.95,9.17,9.17,6.11,6.11,6.11,6.11,6.11,6.11,8.56,9.78,9.78,8.56,5.5,5.5,5.5,5.5
N_7_6,N_5_7,0.6636827793887292,1.09,1.09,1.09,1.09,1.09,1.09,1.81,1.81,2.12,2.12,1.33,1.33,1.33,1.33,1.33,1.33,1.96,2.28,2.28,1.96,1.17,1.17,1.17,1.17
N_7_6,N_6_7,3.619249619888165,3.69,3.69,3.69,3.69,3.69,3.69,5.65,5.65,6.51,6.51,4.34,4.34,4.34,4.34,4.34,4.34,6.08,6.95,6.95,6.08,3.91,3.91,3.91,3.91
N_7_6,N_6_8,4.712950725051071,4.81,4.81,4.81,4.81,4.81,4.81,7.35,7.35,8.48,8.48,5.66,5.66,5.66,5.66,5.66,5.66,7.92,9.05,9.05,7.92,5.09,5.09,5.09,5.09
N_7_7,N_4_7,14.745725457077157,8.18,8.18,8.18,8.18,8.18,8.18,10.17,10.17,11.06,11.06,8.85,8.85,8.85,8.85,8.85,8.85,10.62,11.5,11.5,10.62,8.41,8.41,8.41,8.41
N_7_7,N_7_10,3.2516740461423788,3.32,3.32,3.32,3.32,3.32,3.32,5.07,5.07,5.85,5.85,3.9,3.9,3.9,3.9,3.9,3.9,5.46,6.24,6.24,5.46,3.51,3.51,3.51,3.51
N_7_7,N_9_9,14.715419284120376,8.17,8.17,8.17,8.17,8.17,8.17,10.15,10.15,11.04,11.04,8.83,8.83,8.83,8.83,8.83,8.83,10.6,11.48,11.48,10.6,8.39,8.39,8.39,8.39
N_7_7,N_6_8,5.864649430283247,5.98,5.98,5.98,5.98,5.98,5.98,9.15,9.15,10.56,10.56,7.04,7.04,7.04,7.04,7.04,7.04,9.85,11.26,11.26,9.85,6.33,6.33,6.33,6.33
N_7_7,N_9_7,6.8176621349568,6.95,6.95,6.95,6.95,6.95,6.95,10.64,10.64,12.27,12.27,8.18,8.18,8.18,8.18,8.18,8.18,11.45,13.09,13.09,11.45,7.36,7.36,7.36,7.36
N_7_7,N_9_5,14.127055391403967,7.84,7.84,7.84,7.84,7.84,7.84,9.75,9.75,10.6,10.6,8.48,8.48,8.48,8.48,8.48,8.48,10.17,11.02,11.02,10.17,8.05,8.05,8.05,8.05
N_7_8,N_6_10,6.869310011480473,7.01,7.01,7.01,7.01,7.01,7.01,10.72,10.72,12.36,12.36,8.24,8.24,8.24,8.24,8.24,8.24,11.54,13.19,13.19,11.54,7.42,7.42,7.42,7.42
N_7_8,N_9_7,5.382687341391858,5.49,5.49,5.49,5.49,5.49,5.49,8.4,8.4,9.69,9.69,6.46,6.46,6.46,6.46,6.46,6.46,9.04,10.33,10.33,9.04,5.81,5.81,5.81,5.81
N_7_8,N_7_10,9.755368433078731,5.41,5.41,5.41,5.41,5.41,5.41,6.73,6.73,7.32,7.32,5.85,5.85,5.85,5.85,5.85,5.85,7.02,7.61,7.61,7.02,5.56,5.56,5.56,5.56
N_7_8,N_4_8,12.942019730583882,7.18,7.18,7.18,7.18,7.18,7.18,8.93,8.93,9.71,9.71,7.77,7.77,7.77,7.77,7.77,7.77,9.32,10.09,10.09,9.32,7.38,7.38,7.38,7.38
N_7_8,N_10_8,13.830623991695965,7.68,7.68,7.68,7.68,7.68,7.68,9.54,9.54,10.37,10.37,8.3,8.3,8.3,8.3,8.3,8.3,9.96,10.79,10.79,9.96,7.88,7.88,7.88,7.88
N_7_8,N_9_10,6.381516756387493,6.51,6.51,6.51,6.51,6.51,6.51,9.96,9.96,11.49,11.49,7.66,7.66,7.66,7.66,7.66,7.66,10.72,12.25,12.25,10.72,6.89,6.89,6.89,6.89
N_7_9,N_6_9,12.758151012829794,7.08,7.08,7.08,7.08,7.08,7.08,8.8,8.8,9.57,9.57,7.65,7.65,7.65,7.65,7.65,7.65,9.19,9.95,9.95,9.19,7.27,7.27,7.27,7.27
N_7_9,N_7_12,3.9131110522682815,3.99,3.99,3.99,3.99,3.99,3.99,6.1,6.1,7.04,7.04,4.7,4.7,4.7,4.7,4.7,4.7,6.57,7.51,7.51,6.57,4.23,4.23,4.23,4.23
N_7_9,N_9_10,11.820076872054898,6.56,6.56,6.56,6.56,6.56,6.56,8.16,8.16,8.87,8.87,7.09,7.09,7.09,7.09,7.09,7.09,8.51,9.22,9.22,8.51,6.74,6.74,6.74,6.74
N_7_9,N_5_8,11.332045497966138,6.29,6.29,6.29,6.29,6.29,6.29,7.82,7.82,8.5,8.5,6.8,6.8,6.8,6.8,6.8,6.8,8.16,8.84,8.84,8.16,6.46,6.46,6.46,6.46
N_7_9,N_7_11,11.982352483765348,6.65,6.65,6.65,6.65,6.65,6.65,8.27,8.27,8.99,8.99,7.19,7.19,7.19,7.19,7.19,7.19,8.63,9.35,9.35,8.63,6.83,6.83,6.83,6.83
N_8_0,N_6_1,10.509434371656,5.83,5.83,5.83,5.83,5.83,5.83,7.25,7.25,7.88,7.88,6.31,6.31,6.31,6.31,6.31,6.31,7.57,8.2,8.2,7.57,5.99,5.99,5.99,5.99
N_8_0,N_7_2,1.5601915244419347,2.56,2.56,2.56,2.56,2.56,2.56,4.24,4.24,4.99,4.99,3.12,3.12,3.12,3.12,3.12,3.12,4.62,5.37,5.37,4.62,2.75,2.75,2.75,2.75
N_8_0,N_11_0,9.125485664564819,5.06,5.06,5.06,5.06,5.06,5.06,6.3,6.3,6.84,6.84,5.48,5.48,5.48,5.48,5.48,5.48,6.57,7.12,7.12,6.57,5.2,5.2,5.2,5.2
N_8_0,N_10_2,0.9512203320451444,1.56,1.56,1.56,1.56,1.56,1.56,2.59,2.59,3.04,3.04,1.9,1.9,1.9,1.9,1.9,1.9,2.82,3.27,3.27,2.82,1.67,1.67,1.67,1.67
N_8_0,N_7_1,6.429537819458167,6.56,6.56,6.56,6.56,6.56,6.56,10.03,10.03,11.57,11.57,7.72,7.72,7.72,7.72,7.72,7.72,10.8,12.34,12.34,10.8,6.94,6.94,6.94,6.94
N_8_1,N_7_3,0.6648999333864982,1.09,1.09,1.09,1.09,1.09,1.09,1.81,1.81,2.13,2.13,1.33,1.33,1.33,1.33,1.33,1.33,1.97,2.29,2.29,1.97,1.17,1.17,1.17,1.17
N_8_1,N_8_3,5.641449356860479,5.75,5.75,5.75,5.75,5.75,5.75,8.8,8.8,10.15,10.15,6.77,6.77,6.77,6.77,6.77,6.77,9.48,10.83,10.83,9.48,6.09,6.09,6.09,6.09
N_8_1,N_10_1,8.03069019495342,4.46,4.46,4.46,4.46,4.46,4.46,5.54,5.54,6.02,6.02,4.82,4.82,4.82,4.82,4.82,4.82,5.78,6.26,6.26,5.78,4.58,4.58,4.58,4.58
N_8_10,N_10_12,6.69858766651849,6.83,6.83,6.83,6.83,6.83,6.83,10.45,10.45,12.06,12.06,8.04,8.04,8.04,8.04,8.04,8.04,11.25,12.86,12.86,11.25,7.23,7.23,7.23,7.23
N_8_10,N_6_11,8.934892203949609,4.96,4.96,4.96,4.96,4.96,4.96,6.17,6.17,6.7,6.7,5.36,5.36,5.36,5.36,5.36,5.36,6.43,6.97,6.97,6.43,5.09,5.09,5.09,5.09
N_8_10,N_8_12,14.720738148274865,8.17,8.17,8.17,8.17,8.17,8.17,10.16,10.16,11.04,11.04,8.83,8.83,8.83,8.83,8.83,8.83,10.6,11.48,11.48,10.6,8.39,8.39,8.39,8.39
N_8_10,N_9_9,1.9324390042843809,3.17,3.17,3.17,3.17,3.17,3.17,5.26,5.26,6.18,6.18,3.86,3.86,3.86,3.86,3.86,3.86,5.72,6.65,6.65,5.72,3.4,3.4,3.4,3.4
N_8_10,N_8_7,4.852393546367374,4.95,4.95,4.95,4.95,4.95,4.95,7.57,7.57,8.73,8.73,5.82,5.82,5.82,5.82,5.82,5.82,8.15,9.32,9.32,8.15,5.24,5.24,5.24,5.24
N_8_11,N_10_13,14.088289630816996,7.82,7.82,7.82,7.82,7.82,7.82,9.72,9.72,10.57,10.57,8.45,8.45,8.45,8.45,8.45,8.45,10.14,10.99,10.99,10.14,8.03,8.03,8.03,8.03
N_8_11,N_7_13,1.830171770215196,3.0,3.0,3.0,3.0,3.0,3.0,4.98,4.98,5.86,5.86,3.66,3.66,3.66,3.66,3.66,3.66,5.42,6.3,6.3,5.42,3.22,3.22,3.22,3.22
N_8_11,N_9_9,9.552798961976368,5.3,5.3,5.3,5.3,5.3,5.3,6.59,6.59,7.16,7.16,5.73,5.73,5.73,5.73,5.73,5.73,6.88,7.45,7.45,6.88,5.45,5.45,5.45,5.45
N_8_11,N_6_12,8.672489845715567,4.81,4.81,4.81,4.81,4.81,4.81,5.98,5.98,6.5,6.5,5.2,5.2,5.2,5.2,5.2,5.2,6.24,6.76,6.76,6.24,4.94,4.94,4.94,4.94
N_8_11,N_6_13,3.6917393484356658,3.77,3.77,3.77,3.77,3.77,3.77,5.76,5.76,6.65,6.65,4.43,4.43,4.43,4.43,4.43,4.43,6.2,7.09,7.09,6.2,3.99,3.99,3.99,3.99
N_8_11,N_9_10,1.5441810575817803,2.53,2.53,2.53,2.53,2.53,2.53,4.2,4.2,4.94,4.94,3.09,3.09,3.09,3.09,3.09,3.09,4.57,5.31,5.31,4.57,2.72,2.72,2.72,2.72
N_8_12,N_10_14,5.693382313872515,5.81,5.81,5.81,5.81,5.81,5.81,8.88,8.88,10.25,10.25,6.83,6.83,6.83,6.83,6.83,6.83,9.56,10.93,10.93,9.56,6.15,6.15,6.15,6.15
N_8_12,N_6_11,4.151607077358413,4.23,4.23,4.23,4.23,4.23,4.23,6.48,6.48,7.47,7.47,4.98,4.98,4.98,4.98,4.98,4.98,6.97,7.97,7.97,6.97,4.48,4.48,4.48,4.48
N_8_12,N_8_10,14.720738148274865,8.17,8.17,8.17,8.17,8.17,8.17,10.16,10.16,11.04,11.04,8.83,8.83,8.83,8.83,8.83,8.83,10.6,11.48,11.48,10.6,8.39,8.39,8.39,8.39
N_8_12,N_9_10,14.356047320528862,7.97,7.97,7.97,7.97,7.97,7.97,9.91,9.91,10.77,10.77,8.61,8.61,8.61,8.61,8.61,8.61,10.34,11.2,11.2,10.34,8.18,8.18,8.18,8.18
N_8_12,N_6_14,5.185469024021453,5.29,5.29,5.29,5.29,5.29,5.29,8.09,8.09,9.33,9.33,6.22,6.22,6.22,6.22,6.22,6.22,8.71,9.96,9.96,8.71,5.6,5.6,5.6,5.6
N_8_12,N_6_13,5.489541704892886,5.6,5.6,5.6,5.6,5.6,5.6,8.56,8.56,9.88,9.88,6.59,6.59,6.59,6.59,6.59,6.59,9.22,10.54,10.54,9.22,5.93,5.93,5.93,5.93
N_8_13,N_6_13,0.7014191598195378,1.15,1.15,1.15,1.15,1.15,1.15,1.91,1.91,2.24,2.24,1.4,1.4,1.4,1.4,1.4,1.4,2.08,2.41,2.41,2.08,1.23,1.23,1.23,1.23
N_8_13,N_10_12,4.76063672010461,4.86,4.86,4.86,4.86,4.86,4.86,7.43,7.43,8.57,8.57,5.71,5.71,5.71,5.71,5.71,5.71,8.0,9.14,9.14,8.0,5.14,5.14,5.14,5.14
N_8_13,N_7_12,3.944946063170396,4.02,4.02,4.02,4.02,4.02,4.02,6.15,6.15,7.1,7.1,4.73,4.73,4.73,4.73,4.73,4.73,6.63,7.57,7.57,6.63,4.26,4.26,4.26,4.26
N_8_13,N_8_15,14.398969528891415,7.99,7.99,7.99,7.99,7.99,7.99,9.94,9.94,10.8,10.8,8.64,8.64,8.64,8.64,8.64,8.64,10.37,11.23,11.23,10.37,8.21,8.21,8.21,8.21
N_8_14,N_11_14,8.47101932943624,4.7,4.7,4.7,4.7,4.7,4.7,5.85,5.85,6.35,6.35,5.08,5.08,5.08,5.08,5.08,5.08,6.1,6.61,6.61,6.1,4.83,4.83,4.83,4.83
N_8_14,N_8_13,6.659628680957428,6.79,6.79,6.79,6.79,6.79,6.79,10.39,10.39,11.99,11.99,7.99,7.99,7.99,7.99,7.99,7.99,11.19,12.79,12.79,11.19,7.19,7.19,7.19,7.19
N_8_14,N_6_16,10.257847457999915,5.69,5.69,5.69,5.69,5.69,5.69,7.08,7.08,7.69,7.69,6.15,6.15,6.15,6.15,6.15,6.15,7.39,8.0,8.0,7.39,5.85,5.85,5.85,5.85
N_8_14,N_6_12,0.8930823354129813,1.46,1.46,1.46,1.46,1.46,1.46,2.43,2.43,2.86,2.86,1.79,1.79,1.79,1.79,1.79,1.79,2.64,3.07,3.07,2.64,1.57,1.57,1.57,1.57
N_8_14,N_8_12,13.560299945875148,7.53,7.53,7.53,7.53,7.53,7.53,9.36,9.36,10.17,10.17,8.14,8.14,8.14,8.14,8.14,8.14,9.76,10.58,10.58,9.76,7.73,7.73,7.73,7.73
N_8_15,N_8_13,14.398969528891415,7.99,7.99,7.99,7.99,7.99,7.99,9.94,9.94,10.8,10.8,8.64,8.64,8.64,8.64,8.64,8.64,10.37,11.23,11.23,10.37,8.21,8.21,8.21,8.21
N_8_15,N_10_14,5.172792144120553,5.28,5.28,5.28,5.28,5.28,5.28,8.07,8.07,9.31,9.31,6.21,6.21,6.21,6.21,6.21,6.21,8.69,9.93,9.93,8.69,5.59,5.59,5.59,5.59
N_8_15,N_8_16,3.8898058467718535,3.97,3.97,3.97,3.97,3.97,3.97,6.07,6.07,7.0,7.0,4.67,4.67,4.67,4.67,4.67,4.67,6.53,7.47,7.47,6.53,4.2,4.2,4.2,4.2
N_8_15,N_10_13,1.4138305226119257,2.32,2.32,2.32,2.32,2.32,2.32,3.85,3.85,4.52,4.52,2.83,2.83,2.83,2.83,2.83,2.83,4.18,4.86,4.86,4.18,2.49,2.49,2.49,2.49
N_8_16,N_8_15,3.8898058467718535,3.97,3.97,3.97,3.97,3.97,3.97,6.07,6.07,7.0,7.0,4.67,4.67,4.67,4.67,4.67,4.67,6.53,7.47,7.47,6.53,4.2,4.2,4.2,4.2
N_8_16,N_8_13,2.4904238760199635,4.08,4.08,4.08,4.08,4.08,4.08,6.77,6.77,7.97,7.97,4.98,4.98,4.98,4.98,4.98,4.98,7.37,8.57,8.57,7.37,4.38,4.38,4.38,4.38
N_8_16,N_8_14,3.8253099128597037,3.9,3.9,3.9,3.9,3.9,3.9,5.97,5.97,6.89,6.89,4.59,4.59,4.59,4.59,4.59,4.59,6.43,7.34,7.34,6.43,4.13,4.13,4.13,4.13
N_8_16,N_6_14,1.2815759725638396,2.1,2.1,2.1,2.1,2.1,2.1,3.49,3.49,4.1,4.1,2.56,2.56,2.56,2.56,2.56,2.56,3.79,4.41,4.41,3.79,2.26,2.26,2.26,2.26
N_8_16,N_9_15,3.497787214148543,3.57,3.57,3.57,3.57,3.57,3.57,5.46,5.46,6.3,6.3,4.2,4.2,4.2,4.2,4.2,4.2,5.88,6.72,6.72,5.88,3.78,3.78,3.78,3.78
N_8_16,N_10_17,0.5725724072078915,0.94,0.94,0.94,0.94,0.94,0.94,1.56,1.56,1.83,1.83,1.15,1.15,1.15,1.15,1.15,1.15,1.69,1.97,1.97,1.69,1.01,1.01,1.01,1.01
N_8_16,N_6_15,10.355381114350628,5.75,5.75,5.75,5.75,5.75,5.75,7.15,7.15,7.77,7.77,6.21,6.21,6.21,6.21,6.21,6.21,7.46,8.08,8.08,7.46,5.9,5.9,5.9,5.9
N_8_16,N_9_17,6.863899950997867,7.0,7.0,7.0,7.0,7.0,7.0,10.71,10.71,12.36,12.36,8.24,8.24,8.24,8.24,8.24,8.24,11.53,13.18,13.18,11.53,7.41,7.41,7.41,7.41
N_8_17,N_6_15,6.918211577246041,7.06,7.06,7.06,7.06,7.06,7.06,10.79,10.79,12.45,12.45,8.3,8.3,8.3,8.3,8.3,8.3,11.62,13.28,13.28,11.62,7.47,7.47,7.47,7.47
N_8_17,N_6_19,3.6928113958132927,3.77,3.77,3.77,3.77,3.77,3.77,5.76,5.76,6.65,6.65,4.43,4.43,4.43,4.43,4.43,4.43,6.2,7.09,7.09,6.2,3.99,3.99,3.99,3.99
N_8_17,N_10_18,12.180463117761814,6.76,6.76,6.76,6.76,6.76,6.76,8.4,8.4,9.14,9.14,7.31,7.31,7.31,7.31,7.31,7.31,8.77,9.5,9.5,8.77,6.94,6.94,6.94,6.94
N_8_17,N_7_17,1.3060159342801063,2.14,2.14,2.14,2.14,2.14,2.14,3.55,3.55,4.18,4.18,2.61,2.61,2.61,2.61,2.61,2.61,3.87,4.49,4.49,3.87,2.3,2.3,2.3,2.3
N_8_17,N_9_18,13.94083345703139,7.74,7.74,7.74,7.74,7.74,7.74,9.62,9.62,10.46,10.46,8.36,8.36,8.36,8.36,8.36,8.36,10.04,10.87,10.87,10.04,7.95,7.95,7.95,7.95
N_8_17,N_9_19,5.062112054687162,5.16,5.16,5.16,5.16,5.16,5.16,7.9,7.9,9.11,9.11,6.07,6.07,6.07,6.07,6.07,6.07,8.5,9.72,9.72,8.5,5.47,5.47,5.47,5.47
N_8_17,N_10_15,2.3653832633360743,3.88,3.88,3.88,3.88,3.88,3.88,6.43,6.43,7.57,7.57,4.73,4.73,4.73,4.73,4.73,4.73,7.0,8.14,8.14,7.0,4.16,4.16,4.16,4.16
N_8_17,N_8_15,10.290331838911364,5.71,5.71,5.71,5.71,5.71,5.71,7.1,7.1,7.72,7.72,6.17,6.17,6.17,6.17,6.17,6.17,7.41,8.03,8.03,7.41,5.87,5.87,5.87,5.87
N_8_18,N_10_20,6.281033427268757,6.41,6.41,6.41,6.41,6.41,6.41,9.8,9.8,11.31,11.31,7.54,7.54,7.54,7.54,7.54,7.54,10.55,12.06,12.06,10.55,6.78,6.78,6.78,6.78
N_8_18,N_9_18,14.002248480242757,7.77,7.77,7.77,7.77,7.77,7.77,9.66,9.66,10.5,10.5,8.4,8.4,8.4,8.4,8.4,8.4,10.08,10.92,10.92,10.08,7.98,7.98,7.98,7.98
N_8_18,N_10_17,14.859004061524704,8.25,8.25,8.25,8.25,8.25,8.25,10.25,10.25,11.14,11.14,8.92,8.92,8.92,8.92,8.92,8.92,10.7,11.59,11.59,10.7,8.47,8.47,8.47,8.47
N_8_18,N_8_20,3.9162849978292997,3.99,3.99,3.99,3.99,3.99,3.99,6.11,6.11,7.05,7.05,4.7,4.7,4.7,4.7,4.7,4.7,6.58,7.52,7.52,6.58,4.23,4.23,4.23,4.23
N_8_18,N_7_16,5.255093805823749,5.36,5.36,5.36,5.36,5.36,5.36,8.2,8.2,9.46,9.46,6.31,6.31,6.31,6.31,6.31,6.31,8.83,10.09,10.09,8.83,5.68,5.68,5.68,5.68
N_8_18,N_6_16,1.7987587091480337,2.95,2.95,2.95,2.95,2.95,2.95,4.89,4.89,5.76,5.76,3.6,3.6,3.6,3.6,3.6,3.6,5.32,6.19,6.19,5.32,3.17,3.17,3.17,3.17
N_8_19,N_6_17,0.6779350287389156,1.11,1.11,1.11,1.11,1.11,1.11,1.84,1.84,2.17,2.17,1.36,1.36,1.36,1.36,1.36,1.36,2.01,2.33,2.33,2.01,1.19,1.19,1.19,1.19
N_8_19,N_7_18,13.213031099979851,7.33,7.33,7.33,7.33,7.33,7.33,9.12,9.12,9.91,9.91,7.93,7.93,7.93,7.93,7.93,7.93,9.51,10.31,10.31,9.51,7.53,7.53,7.53,7.53
N_8_19,N_8_16,0.7178254471457219,1.18,1.18,1.18,1.18,1.18,1.18,1.95,1.95,2.3,2.3,1.44,1.44,1.44,1.44,1.44,1.44,2.12,2.47,2.47,2.12,1.26,1.26,1.26,1.26
N_8_19,N_6_18,13.552435869269004,7.52,7.52,7.52,7.52,7.52,7.52,9.35,9.35,10.16,10.16,8.13,8.13,8.13,8.13,8.13,8.13,9.76,10.57,10.57,9.76,7.72,7.72,7.72,7.72
N_8_19,N_10_21,3.055843237843047,3.12,3.12,3.12,3.12,3.12,3.12,4.77,4.77,5.5,5.5,3.67,3.67,3.67,3.67,3.67,3.67,5.13,5.87,5.87,5.13,3.3,3.3,3.3,3.3
N_8_19,N_7_21,1.6623331629382259,2.73,2.73,2.73,2.73,2.73,2.73,4.52,4.52,5.32,5.32,3.32,3.32,3.32,3.32,3.32,3.32,4.92,5.72,5.72,4.92,2.93,2.93,2.93,2.93
N_8_2,N_10_0,6.771380167925296,6.91,6.91,6.91,6.91,6.91,6.91,10.56,10.56,12.19,12.19,8.13,8.13,8.13,8.13,8.13,8.13,11.38,13.0,13.0,11.38,7.31,7.31,7.31,7.31
N_8_2,N_10_1,2.4338646997359095,3.99,3.99,3.99,3.99,3.99,3.99,6.62,6.62,7.79,7.79,4.87,4.87,4.87,4.87,4.87,4.87,7.2,8.37,8.37,7.2,4.28,4.28,4.28,4.28
N_8_2,N_10_3,6.421894827408787,6.55,6.55,6.55,6.55,6.55,6.55,10.02,10.02,11.56,11.56,7.71,7.71,7.71,7.71,7.71,7.71,10.79,12.33,12.33,10.79,6.94,6.94,6.94,6.94
N_8_2,N_5_2,0.6452801950994722,1.06,1.06,1.06,1.06,1.06,1.06,1.76,1.76,2.06,2.06,1.29,1.29,1.29,1.29,1.29,1.29,1.91,2.22,2.22,1.91,1.14,1.14,1.14,1.14
N_8_2,N_7_0,4.118371221083418,4.2,4.2,4.2,4.2,4.2,4.2,6.42,6.42,7.41,7.41,4.94,4.94,4.94,4.94,4.94,4.94,6.92,7.91,7.91,6.92,4.45,4.45,4.45,4.45
N_8_2,N_6_4,12.778467868667803,7.09,7.09,7.09,7.09,7.09,7.09,8.82,8.82,9.58,9.58,7.67,7.67,7.67,7.67,7.67,7.67,9.2,9.97,9.97,9.2,7.28,7.28,7.28,7.28
N_8_20,N_5_20,6.166947691714359,6.29,6.29,6.29,6.29,6.29,6.29,9.62,9.62,11.1,11.1,7.4,7.4,7.4,7.4,7.4,7.4,10.36,11.84,11.84,10.36,6.66,6.66,6.66,6.66
N_8_20,N_6_18,6.9125999733611,7.05,7.05,7.05,7.05,7.05,7.05,10.78,10.78,12.44,12.44,8.3,8.3,8.3,8.3,8.3,8.3,11.61,13.27,13.27,11.61,7.47,7.47,7.47,7.47
N_8_20,N_8_18,3.9162849978292997,3.99,3.99,3.99,3.99,3.99,3.99,6.11,6.11,7.05,7.05,4.7,4.7,4.7,4.7,4.7,4.7,6.58,7.52,7.52,6.58,4.23,4.23,4.23,4.23
N_8_20,N_8_22,5.0717126591323645,5.17,5.17,5.17,5.17,5.17,5.17,7.91,7.91,9.13,9.13,6.09,6.09,6.09,6.09,6.09,6.09,8.52,9.74,9.74,8.52,5.48,5.48,5.48,5.48
N_8_20,N_6_20,4.21902273159489,4.3,4.3,4.3,4.3,4.3,4.3,6.58,6.58,7.59,7.59,5.06,5.06,5.06,5.06,5.06,5.06,7.09,8.1,8.1,7.09,4.56,4.56,4.56,4.56
N_8_20,N_8_17,6.794314261746811,6.93,6.93,6.93,6.93,6.93,6.93,10.6,10.6,12.23,12.23,8.15,8.15,8.15,8.15,8.15,8.15,11.41,13.05,13.05,11.41,7.34,7.34,7.34,7.34
N_8_20,N_7_20,13.044900691598617,7.24,7.24,7.24,7.24,7.24,7.24,9.0,9.0,9.78,9.78,7.83,7.83,7.83,7.83,7.83,7.83,9.39,10.18,10.18,9.39,7.44,7.44,7.44,7.44
N_8_21,N_10_23,0.6914883873448416,1.13,1.13,1.13,1.13,1.13,1.13,1.88,1.88,2.21,2.21,1.38,1.38,1.38,1.38,1.38,1.38,2.05,2.38,2.38,2.05,1.22,1.22,1.22,1.22
N_8_21,N_7_20,12.944817853136978,7.18,7.18,7.18,7.18,7.18,7.18,8.93,8.93,9.71,9.71,7.77,7.77,7.77,7.77,7.77,7.77,9.32,10.1,10.1,9.32,7.38,7.38,7.38,7.38
N_8_21,N_7_22,4.649592617221215,4.74,4.74,4.74,4.74,4.74,4.74,7.25,7.25,8.37,8.37,5.58,5.58,5.58,5.58,5.58,5.58,7.81,8.93,8.93,7.81,5.02,5.02,5.02,5.02
N_8_21,N_11_21,9.435012421397587,5.24,5.24,5.24,5.24,5.24,5.24,6.51,6.51,7.08,7.08,5.66,5.66,5.66,5.66,5.66,5.66,6.79,7.36,7.36,6.79,5.38,5.38,5.38,5.38
N_8_21,N_8_18,4.786943374903636,4.88,4.88,4.88,4.88,4.88,4.88,7.47,7.47,8.62,8.62,5.74,5.74,5.74,5.74,5.74,5.74,8.04,9.19,9.19,8.04,5.17,5.17,5.17,5.17
N_8_21,N_6_23,4.620437156140618,4.71,4.71,4.71,4.71,4.71,4.71,7.21,7.21,8.32,8.32,5.54,5.54,5.54,5.54,5.54,5.54,7.76,8.87,8.87,7.76,4.99,4.99,4.99,4.99
N_8_22,N_6_20,14.246106563730454,7.91,7.91,7.91,7.91,7.91,7.91,9.83,9.83,10.68,10.68,8.55,8.55,8.55,8.55,8.55,8.55,10.26,11.11,11.11,10.26,8.12,8.12,8.12,8.12
N_8_22,N_8_20,5.0717126591323645,5.17,5.17,5.17,5.17,5.17,5.17,7.91,7.91,9.13,9.13,6.09,6.09,6.09,6.09,6.09,6.09,8.52,9.74,9.74,8.52,5.48,5.48,5.48,5.48
N_8_22,N_8_25,0.9696967646748866,1.59,1.59,1.59,1.59,1.59,1.59,2.64,2.64,3.1,3.1,1.94,1.94,1.94,1.94,1.94,1.94,2.87,3.34,3.34,2.87,1.71,1.71,1.71,1.71
N_8_22,N_7_22,6.592290711345806,6.72,6.72,6.72,6.72,6.72,6.72,10.28,10.28,11.87,11.87,7.91,7.91,7.91,7.91,7.91,7.91,11.08,12.66,12.66,11.08,7.12,7.12,7.12,7.12
N_8_22,N_10_20,5.515475703216939,5.63,5.63,5.63,5.63,5.63,5.63,8.6,8.6,9.93,9.93,6.62,6.62,6.62,6.62,6.62,6.62,9.27,10.59,10.59,9.27,5.96,5.96,5.96,5.96
N_8_23,N_6_23,3.000526007844665,3.06,3.06,3.06,3.06,3.06,3.06,4.68,4.68,5.4,5.4,3.6,3.6,3.6,3.6,3.6,3.6,5.04,5.76,5.76,5.04,3.24,3.24,3.24,3.24
N_8_23,N_7_23,4.904307536973956,5.0,5.0,5.0,5.0,5.0,5.0,7.65,7.65,8.83,8.83,5.89,5.89,5.89,5.89,5.89,5.89,8.24,9.42,9.42,8.24,5.3,5.3,5.3,5.3
N_8_23,N_6_25,3.6745479121326157,3.75,3.75,3.75,3.75,3.75,3.75,5.73,5.73,6.61,6.61,4.41,4.41,4.41,4.41,4.41,4.41,6.17,7.06,7.06,6.17,3.97,3.97,3.97,3.97
N_8_23,N_6_24,6.730751332430108,6.87,6.87,6.87,6.87,6.87,6.87,10.5,10.5,12.12,12.12,8.08,8.08,8.08,8.08,8.08,8.08,11.31,12.92,12.92,11.31,7.27,7.27,7.27,7.27
N_8_23,N_9_24,14.616923847365848,8.11,8.11,8.11,8.11,8.11,8.11,10.09,10.09,10.96,10.96,8.77,8.77,8.77,8.77,8.77,8.77,10.52,11.4,11.4,10.52,8.33,8.33,8.33,8.33
N_8_23,N_6_21,3.353398132575014,3.42,3.42,3.42,3.42,3.42,3.42,5.23,5.23,6.04,6.04,4.02,4.02,4.02,4.02,4.02,4.02,5.63,6.44,6.44,5.63,3.62,3.62,3.62,3.62
N_8_23,N_9_25,3.323524025260982,3.39,3.39,3.39,3.39,3.39,3.39,5.18,5.18,5.98,5.98,3.99,3.99,3.99,3.99,3.99,3.99,5.58,6.38,6.38,5.58,3.59,3.59,3.59,3.59
N_8_23,N_8_24,5.093920943334574,5.2,5.2,5.2,5.2,5.2,5.2,7.95,7.95,9.17,9.17,6.11,6.11,6.11,6.11,6.11,6.11,8.56,9.78,9.78,8.56,5.5,5.5,5.5,5.5
N_8_24,N_10_26,5.134737434177401,5.24,5.24,5.24,5.24,5.24,5.24,8.01,8.01,9.24,9.24,6.16,6.16,6.16,6.16,6.16,6.16,8.63,9.86,9.86,8.63,5.55,5.55,5.55,5.55
N_8_24,N_6_22,4.570694670985474,4.66,4.66,4.66,4.66,4.66,4.66,7.13,7.13,8.23,8.23,5.48,5.48,5.48,5.48,5.48,5.48,7.68,8.78,8.78,7.68,4.94,4.94,4.94,4.94
N_8_24,N_8_23,5.093920943334574,5.2,5.2,5.2,5.2,5.2,5.2,7.95,7.95,9.17,9.17,6.11,6.11,6.11,6.11,6.11,6.11,8.56,9.78,9.78,8.56,5.5,5.5,5.5,5.5
N_8_24,N_8_22,4.983244481258193,5.08,5.08,5.08,5.08,5.08,5.08,7.77,7.77,8.97,8.97,5.98,5.98,5.98,5.98,5.98,5.98,8.37,9.57,9.57,8.37,5.38,5.38,5.38,5.38
N_8_24,N_10_24,8.611368322580178,4.78,4.78,4.78,4.78,4.78,4.78,5.94,5.94,6.46,6.46,5.17,5.17,5.17,5.17,5.17,5.17,6.2,6.72,6.72,6.2,4.91,4.91,4.91,4.91
N_8_24,N_11_24,5.9672690420763335,6.09,6.09,6.09,6.09,6.09,6.09,9.31,9.31,10.74,10.74,7.16,7.16,7.16,7.16,7.16,7.16,10.03,11.46,11.46,10.03,6.44,6.44,6.44,6.44
N_8_25,N_10_25,6.542268645215852,6.67,6.67,6.67,6.67,6.67,6.67,10.21,10.21,11.78,11.78,7.85,7.85,7.85,7.85,7.85,7.85,10.99,12.56,12.56,10.99,7.07,7.07,7.07,7.07
N_8_25,N_10_26,0.6032875027803821,0.99,0.99,0.99,0.99,0.99,0.99,1.64,1.64,1.93,1.93,1.21,1.21,1.21,1.21,1.21,1.21,1.79,2.08,2.08,1.79,1.06,1.06,1.06,1.06
N_8_25,N_11_25,4.607020018393236,4.7,4.7,4.7,4.7,4.7,4.7,7.19,7.19,8.29,8.29,5.53,5.53,5.53,5.53,5.53,5.53,7.74,8.85,8.85,7.74,4.98,4.98,4.98,4.98
N_8_25,N_6_26,4.879468181406856,4.98,4.98,4.98,4.98,4.98,4.98,7.61,7.61,8.78,8.78,5.86,5.86,5.86,5.86,5.86,5.86,8.2,9.37,9.37,8.2,5.27,5.27,5.27,5.27
N_8_25,N_6_27,5.547654269924716,5.66,5.66,5.66,5.66,5.66,5.66,8.65,8.65,9.99,9.99,6.66,6.66,6.66,6.66,6.66,6.66,9.32,10.65,10.65,9.32,5.99,5.99,5.99,5.99
N_8_25,N_8_22,0.9696967646748866,1.59,1.59,1.59,1.59,1.59,1.59,2.64,2.64,3.1,3.1,1.94,1.94,1.94,1.94,1.94,1.94,2.87,3.34,3.34,2.87,1.71,1.71,1.71,1.71
N_8_25,N_10_27,5.651100820190265,5.76,5.76,5.76,5.76,5.76,5.76,8.82,8.82,10.17,10.17,6.78,6.78,6.78,6.78,6.78,6.78,9.49,10.85,10.85,9.49,6.1,6.1,6.1,6.1
N_8_26,N_10_25,10.347136118513738,5.74,5.74,5.74,5.74,5.74,5.74,7.14,7.14,7.76,7.76,6.21,6.21,6.21,6.21,6.21,6.21,7.45,8.07,8.07,7.45,5.9,5.9,5.9,5.9
N_8_26,N_6_26,11.618106691905151,6.45,6.45,6.45,6.45,6.45,6.45,8.02,8.02,8.71,8.71,6.97,6.97,6.97,6.97,6.97,6.97,8.37,9.06,9.06,8.37,6.62,6.62,6.62,6.62
N_8_26,N_9_27,6.396993428096771,6.52,6.52,6.52,6.52,6.52,6.52,9.98,9.98,11.51,11.51,7.68,7.68,7.68,7.68,7.68,7.68,10.75,12.28,12.28,10.75,6.91,6.91,6.91,6.91
N_8_27,N_7_25,3.5731859005145066,3.64,3.64,3.64,3.64,3.64,3.64,5.57,5.57,6.43,6.43,4.29,4.29,4.29,4.29,4.29,4.29,6.0,6.86,6.86,6.0,3.86,3.86,3.86,3.86
N_8_27,N_7_26,4.014145909549559,4.09,4.09,4.09,4.09,4.09,4.09,6.26,6.26,7.23,7.23,4.82,4.82,4.82,4.82,4.82,4.82,6.74,7.71,7.71,6.74,4.34,4.34,4.34,4.34
N_8_27,N_6_26,4.929051753817441,5.03,5.03,5.03,5.03,5.03,5.03,7.69,7.69,8.87,8.87,5.91,5.91,5.91,5.91,5.91,5.91,8.28,9.46,9.46,8.28,5.32,5.32,5.32,5.32
N_8_28,N_6_27,6.7771810397826195,6.91,6.91,6.91,6.91,6.91,6.91,10.57,10.57,12.2,12.2,8.13,8.13,8.13,8.13,8.13,8.13,11.39,13.01,13.01,11.39,7.32,7.32,7.32,7.32
N_8_28,N_8_30,4.733314218965694,4.83,4.83,4.83,4.83,4.83,4.83,7.38,7.38,8.52,8.52,5.68,5.68,5.68,5.68,5.68,5.68,7.95,9.09,9.09,7.95,5.11,5.11,5.11,5.11
N_8_28,N_8_25,0.7750339927188712,1.27,1.27,1.27,1.27,1.27,1.27,2.11,2.11,2.48,2.48,1.55,1.55,1.55,1.55,1.55,1.55,2.29,2.67,2.67,2.29,1.36,1.36,1.36,1.36
N_8_28,N_6_28,3.9403114972329703,4.02,4.02,4.02,4.02,4.02,4.02,6.15,6.15,7.09,7.09,4.73,4.73,4.73,4.73,4.73,4.73,6.62,7.57,7.57,6.62,4.26,4.26,4.26,4.26
N_8_28,N_5_28,10.313122548368026,5.72,5.72,5.72,5.72,5.72,5.72,7.12,7.12,7.73,7.73,6.19,6.19,6.19,6.19,6.19,6.19,7.43,8.04,8.04,7.43,5.88,5.88,5.88,5.88
N_8_28,N_7_30,6.961636184927283,7.1,7.1,7.1,7.1,7.1,7.1,10.86,10.86,12.53,12.53,8.35,8.35,8.35,8.35,8.35,8.35,11.7,13.37,13.37,11.7,7.52,7.52,7.52,7.52
N_8_28,N_10_28,14.728599622896287,8.17,8.17,8.17,8.17,8.17,8.17,10.16,10.16,11.05,11.05,8.84,8.84,8.84,8.84,8.84,8.84,10.6,11.49,11.49,10.6,8.4,8.4,8.4,8.4
N_8_29,N_10_27,2.07529625521467,3.4,3.4,3.4,3.4,3.4,3.4,5.64,5.64,6.64,6.64,4.15,4.15,4.15,4.15,4.15,4.15,6.14,7.14,7.14,6.14,3.65,3.65,3.65,3.65
N_8_29,N_7_31,5.639095769555375,5.75,5.75,5.75,5.75,5.75,5.75,8.8,8.8,10.15,10.15,6.77,6.77,6.77,6.77,6.77,6.77,9.47,10.83,10.83,9.47,6.09,6.09,6.09,6.09
N_8_29,N_10_30,1.686349134154215,2.77,2.77,2.77,2.77,2.77,2.77,4.59,4.59,5.4,5.4,3.37,3.37,3.37,3.37,3.37,3.37,4.99,5.8,5.8,4.99,2.97,2.97,2.97,2.97
N_8_29,N_9_27,6.734924722709907,6.87,6.87,6.87,6.87,6.87,6.87,10.51,10.51,12.12,12.12,8.08,8.08,8.08,8.08,8.08,8.08,11.31,12.93,12.93,11.31,7.27,7.27,7.27,7.27
N_8_29,N_8_26,0.5062585648389208,0.83,0.83,0.83,0.83,0.83,0.83,1.38,1.38,1.62,1.62,1.01,1.01,1.01,1.01,1.01,1.01,1.5,1.74,1.74,1.5,0.89,0.89,0.89,0.89
N_8_3,N_7_4,1.8935660550357878,3.11,3.11,3.11,3.11,3.11,3.11,5.15,5.15,6.06,6.06,3.79,3.79,3.79,3.79,3.79,3.79,5.6,6.51,6.51,5.6,3.33,3.33,3.33,3.33
N_8_3,N_8_1,5.641449356860479,5.75,5.75,5.75,5.75,5.75,5.75,8.8,8.8,10.15,10.15,6.77,6.77,6.77,6.77,6.77,6.77,9.48,10.83,10.83,9.48,6.09,6.09,6.09,6.09
N_8_3,N_7_5,8.127828836462418,4.51,4.51,4.51,4.51,4.51,4.51,5.61,5.61,6.1,6.1,4.88,4.88,4.88,4.88,4.88,4.88,5.85,6.34,6.34,5.85,4.63,4.63,4.63,4.63
N_8_3,N_9_2,1.9845511494531047,3.25,3.25,3.25,3.25,3.25,3.25,5.4,5.4,6.35,6.35,3.97,3.97,3.97,3.97,3.97,3.97,5.87,6.83,6.83,5.87,3.49,3.49,3.49,3.49
N_8_3,N_8_2,0.8137961228233792,1.33,1.33,1.33,1.33,1.33,1.33,2.21,2.21,2.6,2.6,1.63,1.63,1.63,1.63,1.63,1.63,2.41,2.8,2.8,2.41,1.43,1.43,1.43,1.43
N_8_30,N_10_30,10.792829711958092,5.99,5.99,5.99,5.99,5.99,5.99,7.45,7.45,8.09,8.09,6.48,6.48,6.48,6.48,6.48,6.48,7.77,8.42,8.42,7.77,6.15,6.15,6.15,6.15
N_8_30,N_9_32,3.1277859579939613,3.19,3.19,3.19,3.19,3.19,3.19,4.88,4.88,5.63,5.63,3.75,3.75,3.75,3.75,3.75,3.75,5.25,6.01,6.01,5.25,3.38,3.38,3.38,3.38
N_8_30,N_9_30,12.278419874848343,6.81,6.81,6.81,6.81,6.81,6.81,8.47,8.47,9.21,9.21,7.37,7.37,7.37,7.37,7.37,7.37,8.84,9.58,9.58,8.84,7.0,7.0,7.0,7.0
N_8_30,N_6_29,3.4809047447783215,3.55,3.55,3.55,3.55,3.55,3.55,5.43,5.43,6.27,6.27,4.18,4.18,4.18,4.18,4.18,4.18,5.85,6.68,6.68,5.85,3.76,3.76,3.76,3.76
N_8_30,N_8_32,3.187118031822423,3.25,3.25,3.25,3.25,3.25,3.25,4.97,4.97,5.74,5.74,3.82,3.82,3.82,3.82,3.82,3.82,5.35,6.12,6.12,5.35,3.44,3.44,3.44,3.44
N_8_30,N_7_29,5.140329686424712,5.24,5.24,5.24,5.24,5.24,5.24,8.02,8.02,9.25,9.25,6.17,6.17,6.17,6.17,6.17,6.17,8.64,9.87,9.87,8.64,5.55,5.55,5.55,5.55
N_8_31,N_10_33,0.7915246996333878,1.3,1.3,1.3,1.3,1.3,1.3,2.15,2.15,2.53,2.53,1.58,1.58,1.58,1.58,1.58,1.58,2.34,2.72,2.72,2.34,1.39,1.39,1.39,1.39
N_8_31,N_6_33,1.0591234439402695,1.74,1.74,1.74,1.74,1.74,1.74,2.88,2.88,3.39,3.39,2.12,2.12,2.12,2.12,2.12,2.12,3.14,3.64,3.64,3.14,1.86,1.86,1.86,1.86
N_8_31,N_10_29,14.859081202655737,8.25,8.25,8.25,8.25,8.25,8.25,10.25,10.25,11.14,11.14,8.92,8.92,8.92,8.92,8.92,8.92,10.7,11.59,11.59,10.7,8.47,8.47,8.47,8.47
N_8_31,N_6_30,8.000797032632432,4.44,4.44,4.44,4.44,4.44,4.44,5.52,5.52,6.0,6.0,4.8,4.8,4.8,4.8,4.8,4.8,5.76,6.24,6.24,5.76,4.56,4.56,4.56,4.56
N_8_32,N_10_33,2.4178678964179428,3.97,3.97,3.97,3.97,3.97,3.97,6.58,6.58,7.74,7.74,4.84,4.84,4.84,4.84,4.84,4.84,7.16,8.32,8.32,7.16,4.26,4.26,4.26,4.26
N_8_32,N_6_34,6.863377029164374,7.0,7.0,7.0,7.0,7.0,7.0,10.71,10.71,12.35,12.35,8.24,8.24,8.24,8.24,8.24,8.24,11.53,13.18,13.18,11.53,7.41,7.41,7.41,7.41
N_8_32,N_8_30,3.187118031822423,3.25,3.25,3.25,3.25,3.25,3.25,4.97,4.97,5.74,5.74,3.82,3.82,3.82,3.82,3.82,3.82,5.35,6.12,6.12,5.35,3.44,3.44,3.44,3.44
N_8_33,N_10_33,1.8579185561457103,3.05,3.05,3.05,3.05,3.05,3.05,5.05,5.05,5.95,5.95,3.72,3.72,3.72,3.72,3.72,3.72,5.5,6.39,6.39,5.5,3.27,3.27,3.27,3.27
N_8_33,N_7_35,6.8898920151207665,7.03,7.03,7.03,7.03,7.03,7.03,10.75,10.75,12.4,12.4,8.27,8.27,8.27,8.27,8.27,8.27,11.58,13.23,13.23,11.58,7.44,7.44,7.44,7.44
N_8_33,N_9_34,12.894384659121162,7.16,7.16,7.16,7.16,7.16,7.16,8.9,8.9,9.67,9.67,7.74,7.74,7.74,7.74,7.74,7.74,9.28,10.06,10.06,9.28,7.35,7.35,7.35,7.35
N_8_33,N_6_34,14.18326925223364,7.87,7.87,7.87,7.87,7.87,7.87,9.79,9.79,10.64,10.64,8.51,8.51,8.51,8.51,8.51,8.51,10.21,11.06,11.06,10.21,8.08,8.08,8.08,8.08
N_8_33,N_11_33,3.3550113539246076,3.42,3.42,3.42,3.42,3.42,3.42,5.23,5.23,6.04,6.04,4.03,4.03,4.03,4.03,4.03,4.03,5.64,6.44,6.44,5.64,3.62,3.62,3.62,3.62
N_8_33,N_9_35,1.694439515207164,2.78,2.78,2.78,2.78,2.78,2.78,4.61,4.61,5.42,5.42,3.39,3.39,3.39,3.39,3.39,3.39,5.02,5.83,5.83,5.02,2.98,2.98,2.98,2.98
N_8_34,N_10_36,11.787193994886655,6.54,6.54,6.54,6.54,6.54,6.54,8.13,8.13,8.84,8.84,7.07,7.07,7.07,7.07,7.07,7.07,8.49,9.19,9.19,8.49,6.72,6.72,6.72,6.72
N_8_34,N_6_34,3.904540837200701,3.98,3.98,3.98,3.98,3.98,3.98,6.09,6.09,7.03,7.03,4.69,4.69,4.69,4.69,4.69,4.69,6.56,7.5,7.5,6.56,4.22,4.22,4.22,4.22
N_8_34,N_7_36,4.135779426771547,4.22,4.22,4.22,4.22,4.22,4.22,6.45,6.45,7.44,7.44,4.96,4.96,4.96,4.96,4.96,4.96,6.95,7.94,7.94,6.95,4.47,4.47,4.47,4.47
N_8_35,N_5_35,5.089679792504791,5.19,5.19,5.19,5.19,5.19,5.19,7.94,7.94,9.16,9.16,6.11,6.11,6.11,6.11,6.11,6.11,8.55,9.77,9.77,8.55,5.5,5.5,5.5,5.5
N_8_35,N_7_33,10.805580913509958,6.0,6.0,6.0,6.0,6.0,6.0,7.46,7.46,8.1,8.1,6.48,6.48,6.48,6.48,6.48,6.48,7.78,8.43,8.43,7.78,6.16,6.16,6.16,6.16
N_8_35,N_9_33,6.92524579701991,7.06,7.06,7.06,7.06,7.06,7.06,10.8,10.8,12.47,12.47,8.31,8.31,8.31,8.31,8.31,8.31,11.63,13.3,13.3,11.63,7.48,7.48,7.48,7.48
N_8_35,N_8_32,2.1274585425526737,3.49,3.49,3.49,3.49,3.49,3.49,5.79,5.79,6.81,6.81,4.25,4.25,4.25,4.25,4.25,4.25,6.3,7.32,7.32,6.3,3.74,3.74,3.74,3.74
N_8_35,N_11_35,4.076263424231673,4.16,4.16,4.16,4.16,4.16,4.16,6.36,6.36,7.34,7.34,4.89,4.89,4.89,4.89,4.89,4.89,6.85,7.83,7.83,6.85,4.4,4.4,4.4,4.4
N_8_36,N_5_36,10.035374640628746,5.57,5.57,5.57,5.57,5.57,5.57,6.92,6.92,7.53,7.53,6.02,6.02,6.02,6.02,6.02,6.02,7.23,7.83,7.83,7.23,5.72,5.72,5.72,5.72
N_8_36,N_6_36,1.302507148712081,2.14,2.14,2.14,2.14,2.14,2.14,3.54,3.54,4.17,4.17,2.61,2.61,2.61,2.61,2.61,2.61,3.86,4.48,4.48,3.86,2.29,2.29,2.29,2.29
N_8_36,N_6_38,10.654081168365115,5.91,5.91,5.91,5.91,5.91,5.91,7.35,7.35,7.99,7.99,6.39,6.39,6.39,6.39,6.39,6.39,7.67,8.31,8.31,7.67,6.07,6.07,6.07,6.07
N_8_36,N_9_37,0.9311159505060334,1.53,1.53,1.53,1.53,1.53,1.53,2.53,2.53,2.98,2.98,1.86,1.86,1.86,1.86,1.86,1.86,2.76,3.2,3.2,2.76,1.64,1.64,1.64,1.64
N_8_36,N_10_38,12.35398485199825,6.86,6.86,6.86,6.86,6.86,6.86,8.52,8.52,9.27,9.27,7.41,7.41,7.41,7.41,7.41,7.41,8.89,9.64,9.64,8.89,7.04,7.04,7.04,7.04
N_8_36,N_7_36,4.159055196988929,4.24,4.24,4.24,4.24,4.24,4.24,6.49,6.49,7.49,7.49,4.99,4.99,4.99,4.99,4.99,4.99,6.99,7.99,7.99,6.99,4.49,4.49,4.49,4.49
N_8_37,N_10_35,8.570579246108368,4.76,4.76,4.76,4.76,4.76,4.76,5.91,5.91,6.43,6.43,5.14,5.14,5.14,5.14,5.14,5.14,6.17,6.69,6.69,6.17,4.89,4.89,4.89,4.89
N_8_37,N_10_38,9.044036650418995,5.02,5.02,5.02,5.02,5.02,5.02,6.24,6.24,6.78,6.78,5.43,5.43,5.43,5.43,5.43,5.43,6.51,7.05,7.05,6.51,5.16,5.16,5.16,5.16
N_8_37,N_6_39,6.563859967938932,6.7,6.7,6.7,6.7,6.7,6.7,10.24,10.24,11.81,11.81,7.88,7.88,7.88,7.88,7.88,7.88,11.03,12.6,12.6,11.03,7.09,7.09,7.09,7.09
N_8_37,N_8_34,6.726968059920434,6.86,6.86,6.86,6.86,6.86,6.86,10.49,10.49,12.11,12.11,8.07,8.07,8.07,8.07,8.07,8.07,11.3,12.92,12.92,11.3,7.27,7.27,7.27,7.27
N_8_37,N_7_39,1.8815658751117172,3.09,3.09,3.09,3.09,3.09,3.09,5.12,5.12,6.02,6.02,3.76,3.76,3.76,3.76,3.76,3.76,5.57,6.47,6.47,5.57,3.31,3.31,3.31,3.31
N_8_38,N_10_36,5.514148674412011,5.62,5.62,5.62,5.62,5.62,5.62,8.6,8.6,9.93,9.93,6.62,6.62,6.62,6.62,6.62,6.62,9.26,10.59,10.59,9.26,5.96,5.96,5.96,5.96
N_8_38,N_10_37,5.831248437616491,5.95,5.95,5.95,5.95,5.95,5.95,9.1,9.1,10.5,10.5,7.0,7.0,7.0,7.0,7.0,7.0,9.8,11.2,11.2,9.8,6.3,6.3,6.3,6.3
N_8_38,N_6_39,2.09187028056227,3.43,3.43,3.43,3.43,3.43,3.43,5.69,5.69,6.69,6.69,4.18,4.18,4.18,4.18,4.18,4.18,6.19,7.2,7.2,6.19,3.68,3.68,3.68,3.68
N_8_38,N_5_38,11.263503686063792,6.25,6.25,6.25,6.25,6.25,6.25,7.77,7.77,8.45,8.45,6.76,6.76,6.76,6.76,6.76,6.76,8.11,8.79,8.79,8.11,6.42,6.42,6.42,6.42
N_8_38,N_9_37,10.238428063054782,5.68,5.68,5.68,5.68,5.68,5.68,7.06,7.06,7.68,7.68,6.14,6.14,6.14,6.14,6.14,6.14,7.37,7.99,7.99,7.37,5.84,5.84,5.84,5.84
N_8_38,N_6_37,14.87427247108039,8.26,8.26,8.26,8.26,8.26,8.26,10.26,10.26,11.16,11.16,8.92,8.92,8.92,8.92,8.92,8.92,10.71,11.6,11.6,10.71,8.48,8.48,8.48,8.48
N_8_38,N_11_38,6.429881168956686,6.56,6.56,6.56,6.56,6.56,6.56,10.03,10.03,11.57,11.57,7.72,7.72,7.72,7.72,7.72,7.72,10.8,12.35,12.35,10.8,6.94,6.94,6.94,6.94
N_8_39,N_6_38,3.875365356110969,3.95,3.95,3.95,3.95,3.95,3.95,6.05,6.05,6.98,6.98,4.65,4.65,4.65,4.65,4.65,4.65,6.51,7.44,7.44,6.51,4.19,4.19,4.19,4.19
N_8_39,N_10_39,2.1376630067336824,3.51,3.51,3.51,3.51,3.51,3.51,5.81,5.81,6.84,6.84,4.28,4.28,4.28,4.28,4.28,4.28,6.33,7.35,7.35,6.33,3.76,3.76,3.76,3.76
N_8_39,N_8_38,0.8019460388799338,1.32,1.32,1.32,1.32,1.32,1.32,2.18,2.18,2.57,2.57,1.6,1.6,1.6,1.6,1.6,1.6,2.37,2.76,2.76,2.37,1.41,1.41,1.41,1.41
N_8_39,N_9_37,6.8005744476762295,6.94,6.94,6.94,6.94,6.94,6.94,10.61,10.61,12.24,12.24,8.16,8.16,8.16,8.16,8.16,8.16,11.42,13.06,13.06,11.42,7.34,7.34,7.34,7.34
N_8_39,N_5_39,5.943750588222224,6.06,6.06,6.06,6.06,6.06,6.06,9.27,9.27,10.7,10.7,7.13,7.13,7.13,7.13,7.13,7.13,9.99,11.41,11.41,9.99,6.42,6.42,6.42,6.42
N_8_39,N_6_39,4.561769111614179,4.65,4.65,4.65,4.65,4.65,4.65,7.12,7.12,8.21,8.21,5.47,5.47,5.47,5.47,5.47,5.47,7.66,8.76,8.76,7.66,4.93,4.93,4.93,4.93
N_8_4,N_10_2,5.295255582351176,5.4,5.4,5.4,5.4,5.4,5.4,8.26,8.26,9.53,9.53,6.35,6.35,6.35,6.35,6.35,6.35,8.9,10.17,10.17,8.9,5.72,5.72,5.72,5.72
N_8_4,N_5_4,6.3303844269330245,6.46,6.46,6.46,6.46,6.46,6.46,9.88,9.88,11.39,11.39,7.6,7.6,7.6,7.6,7.6,7.6,10.64,12.15,12.15,10.64,6.84,6.84,6.84,6.84
N_8_4,N_9_4,5.165852256324121,5.27,5.27,5.27,5.27,5.27,5.27,8.06,8.06,9.3,9.3,6.2,6.2,6.2,6.2,6.2,6.2,8.68,9.92,9.92,8.68,5.58,5.58,5.58,5.58
N_8_4,N_7_2,5.870249859983343,5.99,5.99,5.99,5.99,5.99,5.99,9.16,9.16,10.57,10.57,7.04,7.04,7.04,7.04,7.04,7.04,9.86,11.27,11.27,9.86,6.34,6.34,6.34,6.34
N_8_5,N_10_3,13.683853457359668,7.59,7.59,7.59,7.59,7.59,7.59,9.44,9.44,10.26,10.26,8.21,8.21,8.21,8.21,8.21,8.21,9.85,10.67,10.67,9.85,7.8,7.8,7.8,7.8
N_8_5,N_10_4,4.146371166201378,4.23,4.23,4.23,4.23,4.23,4.23,6.47,6.47,7.46,7.46,4.98,4.98,4.98,4.98,4.98,4.98,6.97,7.96,7.96,6.97,4.48,4.48,4.48,4.48
N_8_5,N_6_6,5.580101731535604,5.69,5.69,5.69,5.69,5.69,5.69,8.7,8.7,10.04,10.04,6.7,6.7,6.7,6.7,6.7,6.7,9.37,10.71,10.71,9.37,6.03,6.03,6.03,6.03
N_8_5,N_6_4,3.2451325217304285,3.31,3.31,3.31,3.31,3.31,3.31,5.06,5.06,5.84,5.84,3.89,3.89,3.89,3.89,3.89,3.89,5.45,6.23,6.23,5.45,3.5,3.5,3.5,3.5
N_8_5,N_8_4,6.0092603538840095,6.13,6.13,6.13,6.13,6.13,6.13,9.37,9.37,10.82,10.82,7.21,7.21,7.21,7.21,7.21,7.21,10.1,11.54,11.54,10.1,6.49,6.49,6.49,6.49
N_8_5,N_7_3,6.637971970637081,6.77,6.77,6.77,6.77,6.77,6.77,10.36,10.36,11.95,11.95,7.97,7.97,7.97,7.97,7.97,7.97,11.15,12.74,12.74,11.15,7.17,7.17,7.17,7.17
N_8_5,N_9_5,4.6639880334194315,4.76,4.76,4.76,4.76,4.76,4.76,7.28,7.28,8.4,8.4,5.6,5.6,5.6,5.6,5.6,5.6,7.84,8.95,8.95,7.84,5.04,5.04,5.04,5.04
N_8_6,N_5_6,11.734108270857627,6.51,6.51,6.51,6.51,6.51,6.51,8.1,8.1,8.8,8.8,7.04,7.04,7.04,7.04,7.04,7.04,8.45,9.15,9.15,8.45,6.69,6.69,6.69,6.69
N_8_6,N_7_5,4.89236767346582,4.99,4.99,4.99,4.99,4.99,4.99,7.63,7.63,8.81,8.81,5.87,5.87,5.87,5.87,5.87,5.87,8.22,9.39,9.39,8.22,5.28,5.28,5.28,5.28
N_8_6,N_10_7,3.225178687007995,3.29,3.29,3.29,3.29,3.29,3.29,5.03,5.03,5.81,5.81,3.87,3.87,3.87,3.87,3.87,3.87,5.42,6.19,6.19,5.42,3.48,3.48,3.48,3.48
N_8_6,N_8_3,5.255601286037461,5.36,5.36,5.36,5.36,5.36,5.36,8.2,8.2,9.46,9.46,6.31,6.31,6.31,6.31,6.31,6.31,8.83,10.09,10.09,8.83,5.68,5.68,5.68,5.68
N_8_6,N_10_6,12.641197161529488,7.02,7.02,7.02,7.02,7.02,7.02,8.72,8.72,9.48,9.48,7.58,7.58,7.58,7.58,7.58,7.58,9.1,9.86,9.86,9.1,7.21,7.21,7.21,7.21
N_8_6,N_6_7,1.7179593081296438,2.82,2.82,2.82,2.82,2.82,2.82,4.67,4.67,5.5,5.5,3.44,3.44,3.44,3.44,3.44,3.44,5.09,5.91,5.91,5.09,3.02,3.02,3.02,3.02
N_8_6,N_11_6,14.017995174435805,7.78,7.78,7.78,7.78,7.78,7.78,9.67,9.67,10.51,10.51,8.41,8.41,8.41,8.41,8.41,8.41,10.09,10.93,10.93,10.09,7.99,7.99,7.99,7.99
N_8_6,N_9_6,6.7521344491057596,6.89,6.89,6.89,6.89,6.89,6.89,10.53,10.53,12.15,12.15,8.1,8.1,8.1,8.1,8.1,8.1,11.34,12.96,12.96,11.34,7.29,7.29,7.29,7.29
N_8_7,N_9_6,4.93666587648475,5.04,5.04,5.04,5.04,5.04,5.04,7.7,7.7,8.89,8.89,5.92,5.92,5.92,5.92,5.92,5.92,8.29,9.48,9.48,8.29,5.33,5.33,5.33,5.33
N_8_7,N_11_7,0.6752005941343571,1.11,1.11,1.11,1.11,1.11,1.11,1.84,1.84,2.16,2.16,1.35,1.35,1.35,1.35,1.35,1.35,2.0,2.32,2.32,2.0,1.19,1.19,1.19,1.19
N_8_7,N_6_8,10.742519098966254,5.96,5.96,5.96,5.96,5.96,5.96,7.41,7.41,8.06,8.06,6.45,6.45,6.45,6.45,6.45,6.45,7.73,8.38,8.38,7.73,6.12,6.12,6.12,6.12
N_8_7,N_6_5,4.864072352567785,4.96,4.96,4.96,4.96,4.96,4.96,7.59,7.59,8.76,8.76,5.84,5.84,5.84,5.84,5.84,5.84,8.17,9.34,9.34,8.17,5.25,5.25,5.25,5.25
N_8_7,N_6_7,10.856436654600376,6.03,6.03,6.03,6.03,6.03,6.03,7.49,7.49,8.14,8.14,6.51,6.51,6.51,6.51,6.51,6.51,7.82,8.47,8.47,7.82,6.19,6.19,6.19,6.19
N_8_7,N_10_8,6.695022581980698,6.83,6.83,6.83,6.83,6.83,6.83,10.44,10.44,12.05,12.05,8.03,8.03,8.03,8.03,8.03,8.03,11.25,12.85,12.85,11.25,7.23,7.23,7.23,7.23
N_8_8,N_10_10,8.808534575961112,4.89,4.89,4.89,4.89,4.89,4.89,6.08,6.08,6.61,6.61,5.29,5.29,5.29,5.29,5.29,5.29,6.34,6.87,6.87,6.34,5.02,5.02,5.02,5.02
N_8_8,N_11_8,1.4659640333430841,2.4,2.4,2.4,2.4,2.4,2.4,3.99,3.99,4.69,4.69,2.93,2.93,2.93,2.93,2.93,2.93,4.34,5.04,5.04,4.34,2.58,2.58,2.58,2.58
N_8_8,N_6_10,3.8827078790713565,3.96,3.96,3.96,3.96,3.96,3.96,6.06,6.06,6.99,6.99,4.66,4.66,4.66,4.66,4.66,4.66,6.52,7.45,7.45,6.52,4.19,4.19,4.19,4.19
N_8_8,N_5_8,3.2386886118815497,3.3,3.3,3.3,3.3,3.3,3.3,5.05,5.05,5.83,5.83,3.89,3.89,3.89,3.89,3.89,3.89,5.44,6.22,6.22,5.44,3.5,3.5,3.5,3.5
N_8_8,N_10_9,12.369110923266444,6.86,6.86,6.86,6.86,6.86,6.86,8.53,8.53,9.28,9.28,7.42,7.42,7.42,7.42,7.42,7.42,8.91,9.65,9.65,8.91,7.05,7.05,7.05,7.05
N_8_9,N_8_12,5.944150025698502,6.06,6.06,6.06,6.06,6.06,6.06,9.27,9.27,10.7,10.7,7.13,7.13,7.13,7.13,7.13,7.13,9.99,11.41,11.41,9.99,6.42,6.42,6.42,6.42
N_8_9,N_8_7,9.319358705315171,5.17,5.17,5.17,5.17,5.17,5.17,6.43,6.43,6.99,6.99,5.59,5.59,5.59,5.59,5.59,5.59,6.71,7.27,7.27,6.71,5.31,5.31,5.31,5.31
N_8_9,N_9_10,1.7703360826222014,2.9,2.9,2.9,2.9,2.9,2.9,4.82,4.82,5.67,5.67,3.54,3.54,3.54,3.54,3.54,3.54,5.24,6.09,6.09,5.24,3.12,3.12,3.12,3.12
N_8_9,N_6_9,3.2024876459126888,3.27,3.27,3.27,3.27,3.27,3.27,5.0,5.0,5.76,5.76,3.84,3.84,3.84,3.84,3.84,3.84,5.38,6.15,6.15,5.38,3.46,3.46,3.46,3.46
N_8_9,N_7_9,1.6844186845277098,2.76,2.76,2.76,2.76,2.76,2.76,4.58,4.58,5.39,5.39,3.37,3.37,3.37,3.37,3.37,3.37,4.99,5.79,5.79,4.99,2.96,2.96,2.96,2.96
N_8_9,N_6_10,5.876851138002003,5.99,5.99,5.99,5.99,5.99,5.99,9.17,9.17,10.58,10.58,7.05,7.05,7.05,7.05,7.05,7.05,9.87,11.28,11.28,9.87,6.35,6.35,6.35,6.35
N_9_0,N_11_2,1.5523350698007163,2.55,2.55,2.55,2.55,2.55,2.55,4.22,4.22,4.97,4.97,3.1,3.1,3.1,3.1,3.1,3.1,4.59,5.34,5.34,4.59,2.73,2.73,2.73,2.73
N_9_0,N_7_1,0.6439867595736084,1.06,1.06,1.06,1.06,1.06,1.06,1.75,1.75,2.06,2.06,1.29,1.29,1.29,1.29,1.29,1.29,1.91,2.22,2.22,1.91,1.13,1.13,1.13,1.13
N_9_0,N_9_2,0.8357603776920055,1.37,1.37,1.37,1.37,1.37,1.37,2.27,2.27,2.67,2.67,1.67,1.67,1.67,1.67,1.67,1.67,2.47,2.88,2.88,2.47,1.47,1.47,1.47,1.47
N_9_0,N_10_0,3.0258863642422296,3.09,3.09,3.09,3.09,3.09,3.09,4.72,4.72,5.45,5.45,3.63,3.63,3.63,3.63,3.63,3.63,5.08,5.81,5.81,5.08,3.27,3.27,3.27,3.27
N_9_0,N_10_1,4.503261535337678,4.59,4.59,4.59,4.59,4.59,4.59,7.03,7.03,8.11,8.11,5.4,5.4,5.4,5.4,5.4,5.4,7.57,8.65,8.65,7.57,4.86,4.86,4.86,4.86
N_9_0,N_12_0,1.4137950860429571,2.32,2.32,2.32,2.32,2.32,2.32,3.85,3.85,4.52,4.52,2.83,2.83,2.83,2.83,2.83,2.83,4.18,4.86,4.86,4.18,2.49,2.49,2.49,2.49
N_9_1,N_10_2,12.628696314311101,7.01,7.01,7.01,7.01,7.01,7.01,8.71,8.71,9.47,9.47,7.58,7.58,7.58,7.58,7.58,7.58,9.09,9.85,9.85,9.09,7.2,7.2,7.2,7.2
N_9_1,N_11_1,2.3861556971433258,3.91,3.91,3.91,3.91,3.91,3.91,6.49,6.49,7.64,7.64,4.77,4.77,4.77,4.77,4.77,4.77,7.06,8.21,8.21,7.06,4.2,4.2,4.2,4.2
N_9_1,N_10_0,3.5807004085555336,3.65,3.65,3.65,3.65,3.65,3.65,5.59,5.59,6.45,6.45,4.3,4.3,4.3,4.3,4.3,4.3,6.02,6.87,6.87,6.02,3.87,3.87,3.87,3.87
N_9_1,N_9_3,1.7601255239658238,2.89,2.89,2.89,2.89,2.89,2.89,4.79,4.79,5.63,5.63,3.52,3.52,3.52,3.52,3.52,3.52,5.21,6.05,6.05,5.21,3.1,3.1,3.1,3.1
N_9_1,N_11_3,1.287609543260003,2.11,2.11,2.11,2.11,2.11,2.11,3.5,3.5,4.12,4.12,2.58,2.58,2.58,2.58,2.58,2.58,3.81,4.43,4.43,3.81,2.27,2.27,2.27,2.27
N_9_1,N_11_2,1.4389873720109883,2.36,2.36,2.36,2.36,2.36,2.36,3.91,3.91,4.6,4.6,2.88,2.88,2.88,2.88,2.88,2.88,4.26,4.95,4.95,4.26,2.53,2.53,2.53,2.53
N_9_1,N_10_1,10.059290509998137,5.58,5.58,5.58,5.58,5.58,5.58,6.94,6.94,7.54,7.54,6.04,6.04,6.04,6.04,6.04,6.04,7.24,7.85,7.85,7.24,5.73,5.73,5.73,5.73
N_9_10,N_7_11,11.884720131574642,6.6,6.6,6.6,6.6,6.6,6.6,8.2,8.2,8.91,8.91,7.13,7.13,7.13,7.13,7.13,7.13,8.56,9.27,9.27,8.56,6.77,6.77,6.77,6.77
N_9_10,N_8_11,1.5441810575817803,2.53,2.53,2.53,2.53,2.53,2.53,4.2,4.2,4.94,4.94,3.09,3.09,3.09,3.09,3.09,3.09,4.57,5.31,5.31,4.57,2.72,2.72,2.72,2.72
N_9_10,N_8_12,14.356047320528862,7.97,7.97,7.97,7.97,7.97,7.97,9.91,9.91,10.77,10.77,8.61,8.61,8.61,8.61,8.61,8.61,10.34,11.2,11.2,10.34,8.18,8.18,8.18,8.18
N_9_10,N_8_9,1.7703360826222014,2.9,2.9,2.9,2.9,2.9,2.9,4.82,4.82,5.67,5.67,3.54,3.54,3.54,3.54,3.54,3.54,5.24,6.09,6.09,5.24,3.12,3.12,3.12,3.12
N_9_10,N_9_13,6.458798819085506,6.59,6.59,6.59,6.59,6.59,6.59,10.08,10.08,11.63,11.63,7.75,7.75,7.75,7.75,7.75,7.75,10.85,12.4,12.4,10.85,6.98,6.98,6.98,6.98
N_9_10,N_7_12,0.7888071993323849,1.29,1.29,1.29,1.29,1.29,1.29,2.15,2.15,2.52,2.52,1.58,1.58,1.58,1.58,1.58,1.58,2.33,2.71,2.71,2.33,1.39,1.39,1.39,1.39
N_9_10,N_10_8,4.105232111110047,4.19,4.19,4.19,4.19,4.19,4.19,6.4,6.4,7.39,7.39,4.93,4.93,4.93,4.93,4.93,4.93,6.9,7.88,7.88,6.9,4.43,4.43,4.43,4.43
N_9_10,N_11_12,3.6099207453561757,3.68,3.68,3.68,3.68,3.68,3.68,5.63,5.63,6.5,6.5,4.33,4.33,4.33,4.33,4.33,4.33,6.06,6.93,6.93,6.06,3.9,3.9,3.9,3.9
N_9_11,N_10_10,4.431015918895556,4.52,4.52,4.52,4.52,4.52,4.52,6.91,6.91,7.98,7.98,5.32,5.32,5.32,5.32,5.32,5.32,7.44,8.51,8.51,7.44,4.79,4.79,4.79,4.79
N_9_11,N_10_13,13.12446518609196,7.28,7.28,7.28,7.28,7.28,7.28,9.06,9.06,9.84,9.84,7.87,7.87,7.87,7.87,7.87,7.87,9.45,10.24,10.24,9.45,7.48,7.48,7.48,7.48
N_9_11,N_7_9,6.608176715968459,6.74,6.74,6.74,6.74,6.74,6.74,10.31,10.31,11.89,11.89,7.93,7.93,7.93,7.93,7.93,7.93,11.1,12.69,12.69,11.1,7.14,7.14,7.14,7.14
N_9_11,N_7_13,13.53055624710526,7.51,7.51,7.51,7.51,7.51,7.51,9.34,9.34,10.15,10.15,8.12,8.12,8.12,8.12,8.12,8.12,9.74,10.55,10.55,9.74,7.71,7.71,7.71,7.71
N_9_11,N_8_12,11.389603257341145,6.32,6.32,6.32,6.32,6.32,6.32,7.86,7.86,8.54,8.54,6.83,6.83,6.83,6.83,6.83,6.83,8.2,8.88,8.88,8.2,6.49,6.49,6.49,6.49
N_9_11,N_9_12,4.6461148860054955,4.74,4.74,4.74,4.74,4.74,4.74,7.25,7.25,8.36,8.36,5.58,5.58,5.58,5.58,5.58,5.58,7.81,8.92,8.92,7.81,5.02,5.02,5.02,5.02
N_9_12,N_10_12,6.839556749122729,6.98,6.98,6.98,6.98,6.98,6.98,10.67,10.67,12.31,12.31,8.21,8.21,8.21,8.21,8.21,8.21,11.49,13.13,13.13,11.49,7.39,7.39,7.39,7.39
N_9_12,N_9_11,4.6461148860054955,4.74,4.74,4.74,4.74,4.74,4.74,7.25,7.25,8.36,8.36,5.58,5.58,5.58,5.58,5.58,5.58,7.81,8.92,8.92,7.81,5.02,5.02,5.02,5.02
N_9_12,N_7_11,4.71648082426335,4.81,4.81,4.81,4.81,4.81,4.81,7.36,7.36,8.49,8.49,5.66,5.66,5.66,5.66,5.66,5.66,7.92,9.06,9.06,7.92,5.09,5.09,5.09,5.09
N_9_12,N_6_12,13.055814186486948,7.25,7.25,7.25,7.25,7.25,7.25,9.01,9.01,9.79,9.79,7.83,7.83,7.83,7.83,7.83,7.83,9.4,10.18,10.18,9.4,7.44,7.44,7.44,7.44
N_9_12,N_10_13,5.1744505351560885,5.28,5.28,5.28,5.28,5.28,5.28,8.07,8.07,9.31,9.31,6.21,6.21,6.21,6.21,6.21,6.21,8.69,9.93,9.93,8.69,5.59,5.59,5.59,5.59
N_9_12,N_11_13,5.117403828063387,5.22,5.22,5.22,5.22,5.22,5.22,7.98,7.98,9.21,9.21,6.14,6.14,6.14,6.14,6.14,6.14,8.6,9.83,9.83,8.6,5.53,5.53,5.53,5.53
N_9_13,N_10_15,4.4238642530273715,4.51,4.51,4.51,4.51,4.51,4.51,6.9,6.9,7.96,7.96,5.31,5.31,5.31,5.31,5.31,5.31,7.43,8.49,8.49,7.43,4.78,4.78,4.78,4.78
N_9_13,N_9_10,6.458798819085506,6.59,6.59,6.59,6.59,6.59,6.59,10.08,10.08,11.63,11.63,7.75,7.75,7.75,7.75,7.75,7.75,10.85,12.4,12.4,10.85,6.98,6.98,6.98,6.98
N_9_13,N_10_13,3.6662158364738486,3.74,3.74,3.74,3.74,3.74,3.74,5.72,5.72,6.6,6.6,4.4,4.4,4.4,4.4,4.4,4.4,6.16,7.04,7.04,6.16,3.96,3.96,3.96,3.96
N_9_13,N_11_12,9.326835654426787,5.18,5.18,5.18,5.18,5.18,5.18,6.44,6.44,7.0,7.0,5.6,5.6,5.6,5.6,5.6,5.6,6.72,7.27,7.27,6.72,5.32,5.32,5.32,5.32
N_9_13,N_11_11,4.806508246261072,4.9,4.9,4.9,4.9,4.9,4.9,7.5,7.5,8.65,8.65,5.77,5.77,5.77,5.77,5.77,5.77,8.07,9.23,9.23,8.07,5.19,5.19,5.19,5.19
N_9_14,N_7_12,5.9207439568684155,6.04,6.04,6.04,6.04,6.04,6.04,9.24,9.24,10.66,10.66,7.1,7.1,7.1,7.1,7.1,7.1,9.95,11.37,11.37,9.95,6.39,6.39,6.39,6.39
N_9_14,N_6_14,5.562026784042269,5.67,5.67,5.67,5.67,5.67,5.67,8.68,8.68,10.01,10.01,6.67,6.67,6.67,6.67,6.67,6.67,9.34,10.68,10.68,9.34,6.01,6.01,6.01,6.01
N_9_14,N_7_16,14.36361792317086,7.97,7.97,7.97,7.97,7.97,7.97,9.91,9.91,10.77,10.77,8.62,8.62,8.62,8.62,8.62,8.62,10.34,11.2,11.2,10.34,8.19,8.19,8.19,8.19
N_9_14,N_10_13,5.88624509569002,6.0,6.0,6.0,6.0,6.0,6.0,9.18,9.18,10.6,10.6,7.06,7.06,7.06,7.06,7.06,7.06,9.89,11.3,11.3,9.89,6.36,6.36,6.36,6.36
N_9_14,N_11_15,8.099843862456328,4.5,4.5,4.5,4.5,4.5,4.5,5.59,5.59,6.07,6.07,4.86,4.86,4.86,4.86,4.86,4.86,5.83,6.32,6.32,5.83,4.62,4.62,4.62,4.62
N_9_15,N_7_13,1.4349455710754928,2.35,2.35,2.35,2.35,2.35,2.35,3.9,3.9,4.59,4.59,2.87,2.87,2.87,2.87,2.87,2.87,4.25,4.94,4.94,4.25,2.53,2.53,2.53,2.53
N_9_15,N_7_15,10.718845720022898,5.95,5.95,5.95,5.95,5.95,5.95,7.4,7.4,8.04,8.04,6.43,6.43,6.43,6.43,6.43,6.43,7.72,8.36,8.36,7.72,6.11,6.11,6.11,6.11
N_9_15,N_9_14,6.335088446710371,6.46,6.46,6.46,6.46,6.46,6.46,9.88,9.88,11.4,11.4,7.6,7.6,7.6,7.6,7.6,7.6,10.64,12.16,12.16,10.64,6.84,6.84,6.84,6.84
N_9_15,N_7_16,6.560789171636637,6.69,6.69,6.69,6.69,6.69,6.69,10.23,10.23,11.81,11.81,7.87,7.87,7.87,7.87,7.87,7.87,11.02,12.6,12.6,11.02,7.09,7.09,7.09,7.09
N_9_16,N_10_15,1.3691342402979305,2.25,2.25,2.25,2.25,2.25,2.25,3.72,3.72,4.38,4.38,2.74,2.74,2.74,2.74,2.74,2.74,4.05,4.71,4.71,4.05,2.41,2.41,2.41,2.41
N_9_16,N_10_17,5.450364622191344,5.56,5.56,5.56,5.56,5.56,5.56,8.5,8.5,9.81,9.81,6.54,6.54,6.54,6.54,6.54,6.54,9.16,10.46,10.46,9.16,5.89,5.89,5.89,5.89
N_9_16,N_12_16,8.936897583975997,4.96,4.96,4.96,4.96,4.96,4.96,6.17,6.17,6.7,6.7,5.36,5.36,5.36,5.36,5.36,5.36,6.43,6.97,6.97,6.43,5.09,5.09,5.09,5.09
N_9_16,N_10_18,0.5621941793196741,0.92,0.92,0.92,0.92,0.92,0.92,1.53,1.53,1.8,1.8,1.12,1.12,1.12,1.12,1.12,1.12,1.66,1.93,1.93,1.66,0.99,0.99,0.99,0.99
N_9_16,N_10_16,3.10164444550397,3.16,3.16,3.16,3.16,3.16,3.16,4.84,4.84,5.58,5.58,3.72,3.72,3.72,3.72,3.72,3.72,5.21,5.96,5.96,5.21,3.35,3.35,3.35,3.35
N_9_17,N_10_16,6.331091025514285,6.46,6.46,6.46,6.46,6.46,6.46,9.88,9.88,11.4,11.4,7.6,7.6,7.6,7.6,7.6,7.6,10.64,12.16,12.16,10.64,6.84,6.84,6.84,6.84
N_9_17,N_10_19,6.884925790159728,7.02,7.02,7.02,7.02,7.02,7.02,10.74,10.74,12.39,12.39,8.26,8.26,8.26,8.26,8.26,8.26,11.57,13.22,13.22,11.57,7.44,7.44,7.44,7.44
N_9_17,N_11_19,5.352305966921797,5.46,5.46,5.46,5.46,5.46,5.46,8.35,8.35,9.63,9.63,6.42,6.42,6.42,6.42,6.42,6.42,8.99,10.28,10.28,8.99,5.78,5.78,5.78,5.78
N_9_17,N_7_15,5.456756837553574,5.57,5.57,5.57,5.57,5.57,5.57,8.51,8.51,9.82,9.82,6.55,6.55,6.55,6.55,6.55,6.55,9.17,10.48,10.48,9.17,5.89,5.89,5.89,5.89
N_9_17,N_8_19,1.7402858226245137,2.85,2.85,2.85,2.85,2.85,2.85,4.73,4.73,5.57,5.57,3.48,3.48,3.48,3.48,3.48,3.48,5.15,5.99,5.99,5.15,3.06,3.06,3.06,3.06
N_9_17,N_7_19,4.433656072138701,4.52,4.52,4.52,4.52,4.52,4.52,6.92,6.92,7.98,7.98,5.32,5.32,5.32,5.32,5.32,5.32,7.45,8.51,8.51,7.45,4.79,4.79,4.79,4.79
N_9_17,N_9_20,6.163357706354702,6.29,6.29,6.29,6.29,6.29,6.29,9.61,9.61,11.09,11.09,7.4,7.4,7.4,7.4,7.4,7.4,10.35,11.83,11.83,10.35,6.66,6.66,6.66,6.66
N_9_17,N_9_19,4.079460421703017,4.16,4.16,4.16,4.16,4.16,4.16,6.36,6.36,7.34,7.34,4.9,4.9,4.9,4.9,4.9,4.9,6.85,7.83,7.83,6.85,4.41,4.41,4.41,4.41
N_9_18,N_7_18,10.32641399739867,5.73,5.73,5.73,5.73,5.73,5.73,7.13,7.13,7.74,7.74,6.2,6.2,6.2,6.2,6.2,6.2,7.44,8.05,8.05,7.44,5.89,5.89,5.89,5.89
N_9_18,N_8_18,14.002248480242757,7.77,7.77,7.77,7.77,7.77,7.77,9.66,9.66,10.5,10.5,8.4,8.4,8.4,8.4,8.4,8.4,10.08,10.92,10.92,10.08,7.98,7.98,7.98,7.98
N_9_18,N_8_17,8.054622889725241,4.47,4.47,4.47,4.47,4.47,4.47,5.56,5.56,6.04,6.04,4.83,4.83,4.83,4.83,4.83,4.83,5.8,6.28,6.28,5.8,4.59,4.59,4.59,4.59
N_9_18,N_10_20,6.594759370749772,6.73,6.73,6.73,6.73,6.73,6.73,10.29,10.29,11.87,11.87,7.91,7.91,7.91,7.91,7.91,7.91,11.08,12.66,12.66,11.08,7.12,7.12,7.12,7.12
N_9_18,N_11_16,1.1548517142659656,1.89,1.89,1.89,1.89,1.89,1.89,3.14,3.14,3.7,3.7,2.31,2.31,2.31,2.31,2.31,2.31,3.42,3.97,3.97,3.42,2.03,2.03,2.03,2.03
N_9_18,N_11_17,4.4250722114314796,4.51,4.51,4.51,4.51,4.51,4.51,6.9,6.9,7.97,7.97,5.31,5.31,5.31,5.31,5.31,5.31,7.43,8.5,8.5,7.43,4.78,4.78,4.78,4.78
N_9_18,N_10_16,4.252099594818761,4.34,4.34,4.34,4.34,4.34,4.34,6.63,6.63,7.65,7.65,5.1,5.1,5.1,5.1,5.1,5.1,7.14,8.16,8.16,7.14,4.59,4.59,4.59,4.59
N_9_19,N_7_18,9.194749250587641,5.1,5.1,5.1,5.1,5.1,5.1,6.34,6.34,6.9,6.9,5.52,5.52,5.52,5.52,5.52,5.52,6.62,7.17,7.17,6.62,5.24,5.24,5.24,5.24
N_9_19,N_7_21,6.5617107934195875,6.69,6.69,6.69,6.69,6.69,6.69,10.24,10.24,11.81,11.81,7.87,7.87,7.87,7.87,7.87,7.87,11.02,12.6,12.6,11.02,7.09,7.09,7.09,7.09
N_9_19,N_8_17,5.062112054687162,5.16,5.16,5.16,5.16,5.16,5.16,7.9,7.9,9.11,9.11,6.07,6.07,6.07,6.07,6.07,6.07,8.5,9.72,9.72,8.5,5.47,5.47,5.47,5.47
N_9_2,N_7_0,6.972761317664611,7.11,7.11,7.11,7.11,7.11,7.11,10.88,10.88,12.55,12.55,8.37,8.37,8.37,8.37,8.37,8.37,11.71,13.39,13.39,11.71,7.53,7.53,7.53,7.53
N_9_2,N_8_3,1.9845511494531047,3.25,3.25,3.25,3.25,3.25,3.25,5.4,5.4,6.35,6.35,3.97,3.97,3.97,3.97,3.97,3.97,5.87,6.83,6.83,5.87,3.49,3.49,3.49,3.49
N_9_2,N_9_0,0.8357603776920055,1.37,1.37,1.37,1.37,1.37,1.37,2.27,2.27,2.67,2.67,1.67,1.67,1.67,1.67,1.67,1.67,2.47,2.88,2.88,2.47,1.47,1.47,1.47,1.47
N_9_20,N_11_19,9.219797485688298,5.12,5.12,5.12,5.12,5.12,5.12,6.36,6.36,6.91,6.91,5.53,5.53,5.53,5.53,5.53,5.53,6.64,7.19,7.19,6.64,5.26,5.26,5.26,5.26
N_9_20,N_9_17,6.163357706354702,6.29,6.29,6.29,6.29,6.29,6.29,9.61,9.61,11.09,11.09,7.4,7.4,7.4,7.4,7.4,7.4,10.35,11.83,11.83,10.35,6.66,6.66,6.66,6.66
N_9_20,N_8_22,1.7971668336803885,2.95,2.95,2.95,2.95,2.95,2.95,4.89,4.89,5.75,5.75,3.59,3.59,3.59,3.59,3.59,3.59,5.32,6.18,6.18,5.32,3.16,3.16,3.16,3.16
N_9_20,N_9_18,11.664467719267073,6.47,6.47,6.47,6.47,6.47,6.47,8.05,8.05,8.75,8.75,7.0,7.0,7.0,7.0,7.0,7.0,8.4,9.1,9.1,8.4,6.65,6.65,6.65,6.65
N_9_20,N_11_22,1.1643898131174264,1.91,1.91,1.91,1.91,1.91,1.91,3.17,3.17,3.73,3.73,2.33,2.33,2.33,2.33,2.33,2.33,3.45,4.01,4.01,3.45,2.05,2.05,2.05,2.05
N_9_20,N_6_20,9.394498169796453,5.21,5.21,5.21,5.21,5.21,5.21,6.48,6.48,7.05,7.05,5.64,5.64,5.64,5.64,5.64,5.64,6.76,7.33,7.33,6.76,5.35,5.35,5.35,5.35
N_9_20,N_8_18,6.257554579781971,6.38,6.38,6.38,6.38,6.38,6.38,9.76,9.76,11.26,11.26,7.51,7.51,7.51,7.51,7.51,7.51,10.51,12.01,12.01,10.51,6.76,6.76,6.76,6.76
N_9_21,N_11_19,12.535368494798016,6.96,6.96,6.96,6.96,6.96,6.96,8.65,8.65,9.4,9.4,7.52,7.52,7.52,7.52,7.52,7.52,9.03,9.78,9.78,9.03,7.15,7.15,7.15,7.15
N_9_21,N_11_20,4.600332363967647,4.69,4.69,4.69,4.69,4.69,4.69,7.18,7.18,8.28,8.28,5.52,5.52,5.52,5.52,5.52,5.52,7.73,8.83,8.83,7.73,4.97,4.97,4.97,4.97
N_9_21,N_7_21,9.789070178043819,5.43,5.43,5.43,5.43,5.43,5.43,6.75,6.75,7.34,7.34,5.87,5.87,5.87,5.87,5.87,5.87,7.05,7.64,7.64,7.05,5.58,5.58,5.58,5.58
N_9_22,N_10_20,3.1828980666903055,3.25,3.25,3.25,3.25,3.25,3.25,4.97,4.97,5.73,5.73,3.82,3.82,3.82,3.82,3.82,3.82,5.35,6.11,6.11,5.35,3.44,3.44,3.44,3.44
N_9_22,N_10_22,10.39467803303112,5.77,5.77,5.77,5.77,5.77,5.77,7.17,7.17,7.8,7.8,6.24,6.24,6.24,6.24,6.24,6.24,7.48,8.11,8.11,7.48,5.92,5.92,5.92,5.92
N_9_22,N_10_23,3.9124188095267933,3.99,3.99,3.99,3.99,3.99,3.99,6.1,6.1,7.04,7.04,4.69,4.69,4.69,4.69,4.69,4.69,6.57,7.51,7.51,6.57,4.23,4.23,4.23,4.23
N_9_22,N_12_22,5.691106548697595,5.8,5.8,5.8,5.8,5.8,5.8,8.88,8.88,10.24,10.24,6.83,6.83,6.83,6.83,6.83,6.83,9.56,10.93,10.93,9.56,6.15,6.15,6.15,6.15
N_9_22,N_11_23,12.418106202169135,6.89,6.89,6.89,6.89,6.89,6.89,8.57,8.57,9.31,9.31,7.45,7.45,7.45,7.45,7.45,7.45,8.94,9.69,9.69,8.94,7.08,7.08,7.08,7.08
N_9_22,N_9_19,0.7455838995941235,1.22,1.22,1.22,1.22,1.22,1.22,2.03,2.03,2.39,2.39,1.49,1.49,1.49,1.49,1.49,1.49,2.21,2.56,2.56,2.21,1.31,1.31,1.31,1.31
N_9_23,N_10_21,11.938145291788004,6.63,6.63,6.63,6.63,6.63,6.63,8.24,8.24,8.95,8.95,7.16,7.16,7.16,7.16,7.16,7.16,8.6,9.31,9.31,8.6,6.8,6.8,6.8,6.8
N_9_23,N_10_22,5.388664678481494,5.5,5.5,5.5,5.5,5.5,5.5,8.41,8.41,9.7,9.7,6.47,6.47,6.47,6.47,6.47,6.47,9.05,10.35,10.35,9.05,5.82,5.82,5.82,5.82
N_9_23,N_7_21,9.279097198694046,5.15,5.15,5.15,5.15,5.15,5.15,6.4,6.4,6.96,6.96,5.57,5.57,5.57,5.57,5.57,5.57,6.68,7.24,7.24,6.68,5.29,5.29,5.29,5.29
N_9_23,N_8_21,1.6142037084816814,2.65,2.65,2.65,2.65,2.65,2.65,4.39,4.39,5.17,5.17,3.23,3.23,3.23,3.23,3.23,3.23,4.78,5.55,5.55,4.78,2.84,2.84,2.84,2.84
N_9_23,N_8_24,0.5722620843785207,0.94,0.94,0.94,0.94,0.94,0.94,1.56,1.56,1.83,1.83,1.14,1.14,1.14,1.14,1.14,1.14,1.69,1.97,1.97,1.69,1.01,1.01,1.01,1.01
N_9_23,N_10_23,4.891348536628931,4.99,4.99,4.99,4.99,4.99,4.99,7.63,7.63,8.8,8.8,5.87,5.87,5.87,5.87,5.87,5.87,8.22,9.39,9.39,8.22,5.28,5.28,5.28,5.28
N_9_24,N_7_22,1.4033653540034974,2.3,2.3,2.3,2.3,2.3,2.3,3.82,3.82,4.49,4.49,2.81,2.81,2.81,2.81,2.81,2.81,4.15,4.83,4.83,4.15,2.47,2.47,2.47,2.47
N_9_24,N_7_26,13.959906099583819,7.75,7.75,7.75,7.75,7.75,7.75,9.63,9.63,10.47,10.47,8.38,8.38,8.38,8.38,8.38,8.38,10.05,10.89,10.89,10.05,7.96,7.96,7.96,7.96
N_9_24,N_8_23,14.616923847365848,8.11,8.11,8.11,8.11,8.11,8.11,10.09,10.09,10.96,10.96,8.77,8.77,8.77,8.77,8.77,8.77,10.52,11.4,11.4,10.52,8.33,8.33,8.33,8.33
N_9_25,N_10_24,3.6911544872058477,3.76,3.76,3.76,3.76,3.76,3.76,5.76,5.76,6.64,6.64,4.43,4.43,4.43,4.43,4.43,4.43,6.2,7.09,7.09,6.2,3.99,3.99,3.99,3.99
N_9_25,N_10_27,1.5628351433986951,2.56,2.56,2.56,2.56,2.56,2.56,4.25,4.25,5.0,5.0,3.13,3.13,3.13,3.13,3.13,3.13,4.63,5.38,5.38,4.63,2.75,2.75,2.75,2.75
N_9_25,N_7_23,13.473450046513245,7.48,7.48,7.48,7.48,7.48,7.48,9.3,9.3,10.11,10.11,8.08,8.08,8.08,8.08,8.08,8.08,9.7,10.51,10.51,9.7,7.68,7.68,7.68,7.68
N_9_26,N_10_25,14.535016438265737,8.07,8.07,8.07,8.07,8.07,8.07,10.03,10.03,10.9,10.9,8.72,8.72,8.72,8.72,8.72,8.72,10.47,11.34,11.34,10.47,8.28,8.28,8.28,8.28
N_9_26,N_10_27,1.632882275361406,2.68,2.68,2.68,2.68,2.68,2.68,4.44,4.44,5.23,5.23,3.27,3.27,3.27,3.27,3.27,3.27,4.83,5.62,5.62,4.83,2.87,2.87,2.87,2.87
N_9_26,N_11_27,3.265050136251213,3.33,3.33,3.33,3.33,3.33,3.33,5.09,5.09,5.88,5.88,3.92,3.92,3.92,3.92,3.92,3.92,5.49,6.27,6.27,5.49,3.53,3.53,3.53,3.53
N_9_26,N_11_28,1.6136374222762782,2.65,2.65,2.65,2.65,2.65,2.65,4.39,4.39,5.16,5.16,3.23,3.23,3.23,3.23,3.23,3.23,4.78,5.55,5.55,4.78,2.84,2.84,2.84,2.84
N_9_26,N_8_26,4.414758192255844,4.5,4.5,4.5,4.5,4.5,4.5,6.89,6.89,7.95,7.95,5.3,5.3,5.3,5.3,5.3,5.3,7.42,8.48,8.48,7.42,4.77,4.77,4.77,4.77
N_9_26,N_10_24,5.6568119747059615,5.77,5.77,5.77,5.77,5.77,5.77,8.82,8.82,10.18,10.18,6.79,6.79,6.79,6.79,6.79,6.79,9.5,10.86,10.86,9.5,6.11,6.11,6.11,6.11
N_9_27,N_10_27,5.1938036119329425,5.3,5.3,5.3,5.3,5.3,5.3,8.1,8.1,9.35,9.35,6.23,6.23,6.23,6.23,6.23,6.23,8.73,9.97,9.97,8.73,5.61,5.61,5.61,5.61
N_9_27,N_8_26,6.396993428096771,6.52,6.52,6.52,6.52,6.52,6.52,9.98,9.98,11.51,11.51,7.68,7.68,7.68,7.68,7.68,7.68,10.75,12.28,12.28,10.75,6.91,6.91,6.91,6.91
N_9_27,N_8_27,6.321072148219718,6.45,6.45,6.45,6.45,6.45,6.45,9.86,9.86,11.38,11.38,7.59,7.59,7.59,7.59,7.59,7.59,10.62,12.14,12.14,10.62,6.83,6.83,6.83,6.83
N_9_28,N_10_27,14.491944944962864,8.04,8.04,8.04,8.04,8.04,8.04,10.0,10.0,10.87,10.87,8.7,8.7,8.7,8.7,8.7,8.7,10.43,11.3,11.3,10.43,8.26,8.26,8.26,8.26
N_9_28,N_10_30,2.4630727034952633,4.04,4.04,4.04,4.04,4.04,4.04,6.7,6.7,7.88,7.88,4.93,4.93,4.93,4.93,4.93,4.93,7.29,8.47,8.47,7.29,4.34,4.34,4.34,4.34
N_9_28,N_12_28,8.264012693283082,4.59,4.59,4.59,4.59,4.59,4.59,5.7,5.7,6.2,6.2,4.96,4.96,4.96,4.96,4.96,4.96,5.95,6.45,6.45,5.95,4.71,4.71,4.71,4.71
N_9_28,N_7_26,1.1670554390792516,1.91,1.91,1.91,1.91,1.91,1.91,3.17,3.17,3.73,3.73,2.33,2.33,2.33,2.33,2.33,2.33,3.45,4.01,4.01,3.45,2.05,2.05,2.05,2.05
N_9_28,N_7_29,1.3216931959406404,2.17,2.17,2.17,2.17,2.17,2.17,3.6,3.6,4.23,4.23,2.64,2.64,2.64,2.64,2.64,2.64,3.91,4.55,4.55,3.91,2.33,2.33,2.33,2.33
N_9_29,N_11_30,3.6021847590471463,3.67,3.67,3.67,3.67,3.67,3.67,5.62,5.62,6.48,6.48,4.32,4.32,4.32,4.32,4.32,4.32,6.05,6.92,6.92,6.05,3.89,3.89,3.89,3.89
N_9_29,N_10_29,1.360050384853184,2.23,2.23,2.23,2.23,2.23,2.23,3.7,3.7,4.35,4.35,2.72,2.72,2.72,2.72,2.72,2.72,4.03,4.68,4.68,4.03,2.39,2.39,2.39,2.39
N_9_29,N_10_30,6.308584635767282,6.43,6.43,6.43,6.43,6.43,6.43,9.84,9.84,11.36,11.36,7.57,7.57,7.57,7.57,7.57,7.57,10.6,12.11,12.11,10.6,6.81,6.81,6.81,6.81
N_9_29,N_9_30,4.683997540246273,4.78,4.78,4.78,4.78,4.78,4.78,7.31,7.31,8.43,8.43,5.62,5.62,5.62,5.62,5.62,5.62,7.87,8.99,8.99,7.87,5.06,5.06,5.06,5.06
N_9_3,N_9_1,1.7601255239658238,2.89,2.89,2.89,2.89,2.89,2.89,4.79,4.79,5.63,5.63,3.52,3.52,3.52,3.52,3.52,3.52,5.21,6.05,6.05,5.21,3.1,3.1,3.1,3.1
N_9_3,N_7_4,6.017606423996464,6.14,6.14,6.14,6.14,6.14,6.14,9.39,9.39,10.83,10.83,7.22,7.22,7.22,7.22,7.22,7.22,10.11,11.55,11.55,10.11,6.5,6.5,6.5,6.5
N_9_3,N_10_2,4.9444009885355715,5.04,5.04,5.04,5.04,5.04,5.04,7.71,7.71,8.9,8.9,5.93,5.93,5.93,5.93,5.93,5.93,8.31,9.49,9.49,8.31,5.34,5.34,5.34,5.34
N_9_3,N_11_5,12.229845674182716,6.79,6.79,6.79,6.79,6.79,6.79,8.44,8.44,9.17,9.17,7.34,7.34,7.34,7.34,7.34,7.34,8.81,9.54,9.54,8.81,6.97,6.97,6.97,6.97
N_9_3,N_10_3,11.503116980207356,6.38,6.38,6.38,6.38,6.38,6.38,7.94,7.94,8.63,8.63,6.9,6.9,6.9,6.9,6.9,6.9,8.28,8.97,8.97,8.28,6.56,6.56,6.56,6.56
N_9_30,N_11_31,5.592716638844504,5.7,5.7,5.7,5.7,5.7,5.7,8.72,8.72,10.07,10.07,6.71,6.71,6.71,6.71,6.71,6.71,9.4,10.74,10.74,9.4,6.04,6.04,6.04,6.04
N_9_30,N_6_30,5.03873232487299,5.14,5.14,5.14,5.14,5.14,5.14,7.86,7.86,9.07,9.07,6.05,6.05,6.05,6.05,6.05,6.05,8.47,9.67,9.67,8.47,5.44,5.44,5.44,5.44
N_9_30,N_8_30,12.278419874848343,6.81,6.81,6.81,6.81,6.81,6.81,8.47,8.47,9.21,9.21,7.37,7.37,7.37,7.37,7.37,7.37,8.84,9.58,9.58,8.84,7.0,7.0,7.0,7.0
N_9_30,N_9_29,4.683997540246273,4.78,4.78,4.78,4.78,4.78,4.78,7.31,7.31,8.43,8.43,5.62,5.62,5.62,5.62,5.62,5.62,7.87,8.99,8.99,7.87,5.06,5.06,5.06,5.06
N_9_31,N_10_31,3.6966104617329085,3.77,3.77,3.77,3.77,3.77,3.77,5.77,5.77,6.65,6.65,4.44,4.44,4.44,4.44,4.44,4.44,6.21,7.1,7.1,6.21,3.99,3.99,3.99,3.99
N_9_31,N_7_31,5.724249815202587,5.84,5.84,5.84,5.84,5.84,5.84,8.93,8.93,10.3,10.3,6.87,6.87,6.87,6.87,6.87,6.87,9.62,10.99,10.99,9.62,6.18,6.18,6.18,6.18
N_9_31,N_11_32,13.403927688899483,7.44,7.44,7.44,7.44,7.44,7.44,9.25,9.25,10.05,10.05,8.04,8.04,8.04,8.04,8.04,8.04,9.65,10.46,10.46,9.65,7.64,7.64,7.64,7.64
N_9_31,N_11_33,12.360538657817619,6.86,6.86,6.86,6.86,6.86,6.86,8.53,8.53,9.27,9.27,7.42,7.42,7.42,7.42,7.42,7.42,8.9,9.64,9.64,8.9,7.05,7.05,7.05,7.05
N_9_31,N_9_33,5.923313415181903,6.04,6.04,6.04,6.04,6.04,6.04,9.24,9.24,10.66,10.66,7.11,7.11,7.11,7.11,7.11,7.11,9.95,11.37,11.37,9.95,6.4,6.4,6.4,6.4
N_9_32,N_11_31,3.109141924081429,3.17,3.17,3.17,3.17,3.17,3.17,4.85,4.85,5.6,5.6,3.73,3.73,3.73,3.73,3.73,3.73,5.22,5.97,5.97,5.22,3.36,3.36,3.36,3.36
N_9_32,N_11_34,5.450185934412506,5.56,5.56,5.56,5.56,5.56,5.56,8.5,8.5,9.81,9.81,6.54,6.54,6.54,6.54,6.54,6.54,9.16,10.46,10.46,9.16,5.89,5.89,5.89,5.89
N_9_32,N_8_30,3.1277859579939613,3.19,3.19,3.19,3.19,3.19,3.19,4.88,4.88,5.63,5.63,3.75,3.75,3.75,3.75,3.75,3.75,5.25,6.01,6.01,5.25,3.38,3.38,3.38,3.38
N_9_32,N_9_33,5.36150399899673,5.47,5.47,5.47,5.47,5.47,5.47,8.36,8.36,9.65,9.65,6.43,6.43,6.43,6.43,6.43,6.43,9.01,10.29,10.29,9.01,5.79,5.79,5.79,5.79
N_9_32,N_10_30,6.926242527309732,7.06,7.06,7.06,7.06,7.06,7.06,10.8,10.8,12.47,12.47,8.31,8.31,8.31,8.31,8.31,8.31,11.64,13.3,13.3,11.64,7.48,7.48,7.48,7.48
N_9_33,N_10_35,13.381139341989282,7.43,7.43,7.43,7.43,7.43,7.43,9.23,9.23,10.04,10.04,8.03,8.03,8.03,8.03,8.03,8.03,9.63,10.44,10.44,9.63,7.63,7.63,7.63,7.63
N_9_33,N_7_35,9.114800384900143,5.06,5.06,5.06,5.06,5.06,5.06,6.29,6.29,6.84,6.84,5.47,5.47,5.47,5.47,5.47,5.47,6.56,7.11,7.11,6.56,5.2,5.2,5.2,5.2
N_9_33,N_9_32,5.36150399899673,5.47,5.47,5.47,5.47,5.47,5.47,8.36,8.36,9.65,9.65,6.43,6.43,6.43,6.43,6.43,6.43,9.01,10.29,10.29,9.01,5.79,5.79,5.79,5.79
N_9_33,N_7_32,4.272081602260959,4.36,4.36,4.36,4.36,4.36,4.36,6.66,6.66,7.69,7.69,5.13,5.13,5.13,5.13,5.13,5.13,7.18,8.2,8.2,7.18,4.61,4.61,4.61,4.61
N_9_33,N_9_36,8.20505423534222,4.55,4.55,4.55,4.55,4.55,4.55,5.66,5.66,6.15,6.15,4.92,4.92,4.92,4.92,4.92,4.92,5.91,6.4,6.4,5.91,4.68,4.68,4.68,4.68
N_9_34,N_11_33,4.922618875864167,5.02,5.02,5.02,5.02,5.02,5.02,7.68,7.68,8.86,8.86,5.91,5.91,5.91,5.91,5.91,5.91,8.27,9.45,9.45,8.27,5.32,5.32,5.32,5.32
N_9_34,N_11_34,3.4458345853168257,3.51,3.51,3.51,3.51,3.51,3.51,5.38,5.38,6.2,6.2,4.14,4.14,4.14,4.14,4.14,4.14,5.79,6.62,6.62,5.79,3.72,3.72,3.72,3.72
N_9_34,N_8_33,12.894384659121162,7.16,7.16,7.16,7.16,7.16,7.16,8.9,8.9,9.67,9.67,7.74,7.74,7.74,7.74,7.74,7.74,9.28,10.06,10.06,9.28,7.35,7.35,7.35,7.35
N_9_34,N_7_34,4.102256114525336,4.18,4.18,4.18,4.18,4.18,4.18,6.4,6.4,7.38,7.38,4.92,4.92,4.92,4.92,4.92,4.92,6.89,7.88,7.88,6.89,4.43,4.43,4.43,4.43
N_9_35,N_7_37,1.1035541832439397,1.81,1.81,1.81,1.81,1.81,1.81,3.0,3.0,3.53,3.53,2.21,2.21,2.21,2.21,2.21,2.21,3.27,3.8,3.8,3.27,1.94,1.94,1.94,1.94
N_9_35,N_8_33,1.694439515207164,2.78,2.78,2.78,2.78,2.78,2.78,4.61,4.61,5.42,5.42,3.39,3.39,3.39,3.39,3.39,3.39,5.02,5.83,5.83,5.02,2.98,2.98,2.98,2.98
N_9_35,N_6_35,11.299021987115719,6.27,6.27,6.27,6.27,6.27,6.27,7.8,7.8,8.47,8.47,6.78,6.78,6.78,6.78,6.78,6.78,8.14,8.81,8.81,8.14,6.44,6.44,6.44,6.44
N_9_35,N_12_35,2.3254922647463707,3.81,3.81,3.81,3.81,3.81,3.81,6.33,6.33,7.44,7.44,4.65,4.65,4.65,4.65,4.65,4.65,6.88,8.0,8.0,6.88,4.09,4.09,4.09,4.09
N_9_35,N_10_35,4.087656822541781,4.17,4.17,4.17,4.17,4.17,4.17,6.38,6.38,7.36,7.36,4.91,4.91,4.91,4.91,4.91,4.91,6.87,7.85,7.85,6.87,4.41,4.41,4.41,4.41
N_9_35,N_11_35,0.6226527845388945,1.02,1.02,1.02,1.02,1.02,1.02,1.69,1.69,1.99,1.99,1.25,1.25,1.25,1.25,1.25,1.25,1.84,2.14,2.14,1.84,1.1,1.1,1.1,1.1
N_9_35,N_9_34,12.937413303059131,7.18,7.18,7.18,7.18,7.18,7.18,8.93,8.93,9.7,9.7,7.76,7.76,7.76,7.76,7.76,7.76,9.31,10.09,10.09,9.31,7.37,7.37,7.37,7.37
N_9_36,N_11_34,6.29490490352465,6.42,6.42,6.42,6.42,6.42,6.42,9.82,9.82,11.33,11.33,7.55,7.55,7.55,7.55,7.55,7.55,10.58,12.09,12.09,10.58,6.8,6.8,6.8,6.8
N_9_36,N_8_37,4.243307244613158,4.33,4.33,4.33,4.33,4.33,4.33,6.62,6.62,7.64,7.64,5.09,5.09,5.09,5.09,5.09,5.09,7.13,8.15,8.15,7.13,4.58,4.58,4.58,4.58
N_9_36,N_8_34,5.528814669286353,5.64,5.64,5.64,5.64,5.64,5.64,8.62,8.62,9.95,9.95,6.63,6.63,6.63,6.63,6.63,6.63,9.29,10.62,10.62,9.29,5.97,5.97,5.97,5.97
N_9_36,N_9_37,3.378323436627143,3.45,3.45,3.45,3.45,3.45,3.45,5.27,5.27,6.08,6.08,4.05,4.05,4.05,4.05,4.05,4.05,5.68,6.49,6.49,5.68,3.65,3.65,3.65,3.65
N_9_36,N_10_34,4.965785853964101,5.07,5.07,5.07,5.07,5.07,5.07,7.75,7.75,8.94,8.94,5.96,5.96,5.96,5.96,5.96,5.96,8.34,9.53,9.53,8.34,5.36,5.36,5.36,5.36
N_9_37,N_7_35,9.458743067392737,5.25,5.25,5.25,5.25,5.25,5.25,6.53,6.53,7.09,7.09,5.68,5.68,5.68,5.68,5.68,5.68,6.81,7.38,7.38,6.81,5.39,5.39,5.39,5.39
N_9_37,N_8_36,0.9311159505060334,1.53,1.53,1.53,1.53,1.53,1.53,2.53,2.53,2.98,2.98,1.86,1.86,1.86,1.86,1.86,1.86,2.76,3.2,3.2,2.76,1.64,1.64,1.64,1.64
N_9_37,N_8_38,10.238428063054782,5.68,5.68,5.68,5.68,5.68,5.68,7.06,7.06,7.68,7.68,6.14,6.14,6.14,6.14,6.14,6.14,7.37,7.99,7.99,7.37,5.84,5.84,5.84,5.84
N_9_37,N_8_39,6.8005744476762295,6.94,6.94,6.94,6.94,6.94,6.94,10.61,10.61,12.24,12.24,8.16,8.16,8.16,8.16,8.16,8.16,11.42,13.06,13.06,11.42,7.34,7.34,7.34,7.34
N_9_37,N_9_36,3.378323436627143,3.45,3.45,3.45,3.45,3.45,3.45,5.27,5.27,6.08,6.08,4.05,4.05,4.05,4.05,4.05,4.05,5.68,6.49,6.49,5.68,3.65,3.65,3.65,3.65
N_9_37,N_9_35,13.386305783492798,7.43,7.43,7.43,7.43,7.43,7.43,9.24,9.24,10.04,10.04,8.03,8.03,8.03,8.03,8.03,8.03,9.64,10.44,10.44,9.64,7.63,7.63,7.63,7.63
N_9_38,N_11_36,5.95451819609586,6.07,6.07,6.07,6.07,6.07,6.07,9.29,9.29,10.72,10.72,7.15,7.15,7.15,7.15,7.15,7.15,10.0,11.43,11.43,10.0,6.43,6.43,6.43,6.43
N_9_38,N_7_39,1.843669758226171,3.02,3.02,3.02,3.02,3.02,3.02,5.01,5.01,5.9,5.9,3.69,3.69,3.69,3.69,3.69,3.69,5.46,6.34,6.34,5.46,3.24,3.24,3.24,3.24
N_9_38,N_11_39,8.124227698184237,4.51,4.51,4.51,4.51,4.51,4.51,5.61,5.61,6.09,6.09,4.87,4.87,4.87,4.87,4.87,4.87,5.85,6.34,6.34,5.85,4.63,4.63,4.63,4.63
N_9_38,N_8_38,14.401959230900957,7.99,7.99,7.99,7.99,7.99,7.99,9.94,9.94,10.8,10.8,8.64,8.64,8.64,8.64,8.64,8.64,10.37,11.23,11.23,10.37,8.21,8.21,8.21,8.21
N_9_39,N_11_39,6.7710611319146,6.91,6.91,6.91,6.91,6.91,6.91,10.56,10.56,12.19,12.19,8.13,8.13,8.13,8.13,8.13,8.13,11.38,13.0,13.0,11.38,7.31,7.31,7.31,7.31
N_9_39,N_6_39,5.7511323846248885,5.87,5.87,5.87,5.87,5.87,5.87,8.97,8.97,10.35,10.35,6.9,6.9,6.9,6.9,6.9,6.9,9.66,11.04,11.04,9.66,6.21,6.21,6.21,6.21
N_9_39,N_10_39,8.283647022428317,4.6,4.6,4.6,4.6,4.6,4.6,5.72,5.72,6.21,6.21,4.97,4.97,4.97,4.97,4.97,4.97,5.96,6.46,6.46,5.96,4.72,4.72,4.72,4.72
N_9_39,N_9_37,11.573901894715178,6.42,6.42,6.42,6.42,6.42,6.42,7.99,7.99,8.68,8.68,6.94,6.94,6.94,6.94,6.94,6.94,8.33,9.03,9.03,8.33,6.6,6.6,6.6,6.6
N_9_39,N_11_37,4.0061222311226725,4.09,4.09,4.09,4.09,4.09,4.09,6.25,6.25,7.21,7.21,4.81,4.81,4.81,4.81,4.81,4.81,6.73,7.69,7.69,6.73,4.33,4.33,4.33,4.33
N_9_39,N_7_37,10.026134258932373,5.56,5.56,5.56,5.56,5.56,5.56,6.92,6.92,7.52,7.52,6.02,6.02,6.02,6.02,6.02,6.02,7.22,7.82,7.82,7.22,5.71,5.71,5.71,5.71
N_9_39,N_9_38,4.268213687539226,4.35,4.35,4.35,4.35,4.35,4.35,6.66,6.66,7.68,7.68,5.12,5.12,5.12,5.12,5.12,5.12,7.17,8.19,8.19,7.17,4.61,4.61,4.61,4.61
N_9_4,N_10_6,6.882328949474566,7.02,7.02,7.02,7.02,7.02,7.02,10.74,10.74,12.39,12.39,8.26,8.26,8.26,8.26,8.26,8.26,11.56,13.21,13.21,11.56,7.43,7.43,7.43,7.43
N_9_4,N_7_6,4.212578422765546,4.3,4.3,4.3,4.3,4.3,4.3,6.57,6.57,7.58,7.58,5.06,5.06,5.06,5.06,5.06,5.06,7.08,8.09,8.09,7.08,4.55,4.55,4.55,4.55
N_9_4,N_8_3,13.876763954091741,7.7,7.7,7.7,7.7,7.7,7.7,9.57,9.57,10.41,10.41,8.33,8.33,8.33,8.33,8.33,8.33,9.99,10.82,10.82,9.99,7.91,7.91,7.91,7.91
N_9_4,N_8_2,4.703606229168855,4.8,4.8,4.8,4.8,4.8,4.8,7.34,7.34,8.47,8.47,5.64,5.64,5.64,5.64,5.64,5.64,7.9,9.03,9.03,7.9,5.08,5.08,5.08,5.08
N_9_5,N_11_6,5.4890941073837745,5.6,5.6,5.6,5.6,5.6,5.6,8.56,8.56,9.88,9.88,6.59,6.59,6.59,6.59,6.59,6.59,9.22,10.54,10.54,9.22,5.93,5.93,5.93,5.93
N_9_5,N_7_5,3.687552331240966,3.76,3.76,3.76,3.76,3.76,3.76,5.75,5.75,6.64,6.64,4.43,4.43,4.43,4.43,4.43,4.43,6.2,7.08,7.08,6.2,3.98,3.98,3.98,3.98
N_9_5,N_7_7,14.127055391403967,7.84,7.84,7.84,7.84,7.84,7.84,9.75,9.75,10.6,10.6,8.48,8.48,8.48,8.48,8.48,8.48,10.17,11.02,11.02,10.17,8.05,8.05,8.05,8.05
N_9_5,N_8_5,4.6639880334194315,4.76,4.76,4.76,4.76,4.76,4.76,7.28,7.28,8.4,8.4,5.6,5.6,5.6,5.6,5.6,5.6,7.84,8.95,8.95,7.84,5.04,5.04,5.04,5.04
N_9_5,N_9_7,6.403174268533506,6.53,6.53,6.53,6.53,6.53,6.53,9.99,9.99,11.53,11.53,7.68,7.68,7.68,7.68,7.68,7.68,10.76,12.29,12.29,10.76,6.92,6.92,6.92,6.92
N_9_5,N_10_3,0.5472855052154579,0.9,0.9,0.9,0.9,0.9,0.9,1.49,1.49,1.75,1.75,1.09,1.09,1.09,1.09,1.09,1.09,1.62,1.88,1.88,1.62,0.96,0.96,0.96,0.96
N_9_5,N_11_3,8.09052149912765,4.49,4.49,4.49,4.49,4.49,4.49,5.58,5.58,6.07,6.07,4.85,4.85,4.85,4.85,4.85,4.85,5.83,6.31,6.31,5.83,4.61,4.61,4.61,4.61
N_9_5,N_10_7,2.11246192441616,3.46,3.46,3.46,3.46,3.46,3.46,5.75,5.75,6.76,6.76,4.22,4.22,4.22,4.22,4.22,4.22,6.25,7.27,7.27,6.25,3.72,3.72,3.72,3.72
N_9_6,N_12_6,14.123185900394615,7.84,7.84,7.84,7.84,7.84,7.84,9.74,9.74,10.59,10.59,8.47,8.47,8.47,8.47,8.47,8.47,10.17,11.02,11.02,10.17,8.05,8.05,8.05,8.05
N_9_6,N_8_6,6.7521344491057596,6.89,6.89,6.89,6.89,6.89,6.89,10.53,10.53,12.15,12.15,8.1,8.1,8.1,8.1,8.1,8.1,11.34,12.96,12.96,11.34,7.29,7.29,7.29,7.29
N_9_6,N_8_7,4.93666587648475,5.04,5.04,5.04,5.04,5.04,5.04,7.7,7.7,8.89,8.89,5.92,5.92,5.92,5.92,5.92,5.92,8.29,9.48,9.48,8.29,5.33,5.33,5.33,5.33
N_9_6,N_11_6,1.0887774609089091,1.79,1.79,1.79,1.79,1.79,1.79,2.96,2.96,3.48,3.48,2.18,2.18,2.18,2.18,2.18,2.18,3.22,3.75,3.75,3.22,1.92,1.92,1.92,1.92
N_9_6,N_8_4,4.490209448382206,4.58,4.58,4.58,4.58,4.58,4.58,7.0,7.0,8.08,8.08,5.39,5.39,5.39,5.39,5.39,5.39,7.54,8.62,8.62,7.54,4.85,4.85,4.85,4.85
N_9_6,N_7_5,13.605201315325427,7.55,7.55,7.55,7.55,7.55,7.55,9.39,9.39,10.2,10.2,8.16,8.16,8.16,8.16,8.16,8.16,9.8,10.61,10.61,9.8,7.75,7.75,7.75,7.75
N_9_6,N_10_5,3.9360784830571016,4.01,4.01,4.01,4.01,4.01,4.01,6.14,6.14,7.08,7.08,4.72,4.72,4.72,4.72,4.72,4.72,6.61,7.56,7.56,6.61,4.25,4.25,4.25,4.25
N_9_6,N_9_3,13.113037873816229,7.28,7.28,7.28,7.28,7.28,7.28,9.05,9.05,9.83,9.83,7.87,7.87,7.87,7.87,7.87,7.87,9.44,10.23,10.23,9.44,7.47,7.47,7.47,7.47
N_9_7,N_10_7,6.371318358638764,6.5,6.5,6.5,6.5,6.5,6.5,9.94,9.94,11.47,11.47,7.65,7.65,7.65,7.65,7.65,7.65,10.7,12.23,12.23,10.7,6.88,6.88,6.88,6.88
N_9_7,N_11_7,5.43765877800997,5.55,5.55,5.55,5.55,5.55,5.55,8.48,8.48,9.79,9.79,6.53,6.53,6.53,6.53,6.53,6.53,9.14,10.44,10.44,9.14,5.87,5.87,5.87,5.87
N_9_7,N_11_9,2.0058796080311945,3.29,3.29,3.29,3.29,3.29,3.29,5.46,5.46,6.42,6.42,4.01,4.01,4.01,4.01,4.01,4.01,5.94,6.9,6.9,5.94,3.53,3.53,3.53,3.53
N_9_7,N_7_6,10.306765443952955,5.72,5.72,5.72,5.72,5.72,5.72,7.11,7.11,7.73,7.73,6.18,6.18,6.18,6.18,6.18,6.18,7.42,8.04,8.04,7.42,5.87,5.87,5.87,5.87
N_9_7,N_10_6,5.652230083146845,5.77,5.77,5.77,5.77,5.77,5.77,8.82,8.82,10.17,10.17,6.78,6.78,6.78,6.78,6.78,6.78,9.5,10.85,10.85,9.5,6.1,6.1,6.1,6.1
N_9_7,N_7_8,4.378946885985193,4.47,4.47,4.47,4.47,4.47,4.47,6.83,6.83,7.88,7.88,5.25,5.25,5.25,5.25,5.25,5.25,7.36,8.41,8.41,7.36,4.73,4.73,4.73,4.73
N_9_7,N_8_5,4.104024818263502,4.19,4.19,4.19,4.19,4.19,4.19,6.4,6.4,7.39,7.39,4.92,4.92,4.92,4.92,4.92,4.92,6.89,7.88,7.88,6.89,4.43,4.43,4.43,4.43
N_9_7,N_11_8,1.4202072476287646,2.33,2.33,2.33,2.33,2.33,2.33,3.86,3.86,4.54,4.54,2.84,2.84,2.84,2.84,2.84,2.84,4.2,4.89,4.89,4.2,2.5,2.5,2.5,2.5
N_9_8,N_10_7,5.547275977952102,5.66,5.66,5.66,5.66,5.66,5.66,8.65,8.65,9.99,9.99,6.66,6.66,6.66,6.66,6.66,6.66,9.32,10.65,10.65,9.32,5.99,5.99,5.99,5.99
N_9_8,N_10_9,5.298040927201722,5.4,5.4,5.4,5.4,5.4,5.4,8.26,8.26,9.54,9.54,6.36,6.36,6.36,6.36,6.36,6.36,8.9,10.17,10.17,8.9,5.72,5.72,5.72,5.72
N_9_8,N_11_10,11.226961037751579,6.23,6.23,6.23,6.23,6.23,6.23,7.75,7.75,8.42,8.42,6.74,6.74,6.74,6.74,6.74,6.74,8.08,8.76,8.76,8.08,6.4,6.4,6.4,6.4
N_9_8,N_11_6,10.905828772189887,6.05,6.05,6.05,6.05,6.05,6.05,7.53,7.53,8.18,8.18,6.54,6.54,6.54,6.54,6.54,6.54,7.85,8.51,8.51,7.85,6.22,6.22,6.22,6.22
N_9_8,N_12_8,3.6025765853722547,3.67,3.67,3.67,3.67,3.67,3.67,5.62,5.62,6.48,6.48,4.32,4.32,4.32,4.32,4.32,4.32,6.05,6.92,6.92,6.05,3.89,3.89,3.89,3.89
N_9_9,N_11_9,4.381398012862189,4.47,4.47,4.47,4.47,4.47,4.47,6.83,6.83,7.89,7.89,5.26,5.26,5.26,5.26,5.26,5.26,7.36,8.41,8.41,7.36,4.73,4.73,4.73,4.73
N_9_9,N_7_7,14.715419284120376,8.17,8.17,8.17,8.17,8.17,8.17,10.15,10.15,11.04,11.04,8.83,8.83,8.83,8.83,8.83,8.83,10.6,11.48,11.48,10.6,8.39,8.39,8.39,8.39
N_9_9,N_10_11,5.679972488159841,5.79,5.79,5.79,5.79,5.79,5.79,8.86,8.86,10.22,10.22,6.82,6.82,6.82,6.82,6.82,6.82,9.54,10.91,10.91,9.54,6.13,6.13,6.13,6.13
