source,destination,distance,time_0,time_1,time_2,time_3,time_4,time_5,time_6,time_7,time_8,time_9,time_10,time_11,time_12,time_13,time_14,time_15,time_16,time_17,time_18,time_19,time_20,time_21,time_22,time_23
N_0_0,N_1_1,3.1488832366495254,3.21,3.21,3.21,3.21,3.21,3.21,4.91,4.91,5.67,5.67,3.78,3.78,3.78,3.78,3.78,3.78,5.29,6.05,6.05,5.29,3.4,3.4,3.4,3.4
N_0_0,N_2_0,12.651744906381824,7.02,7.02,7.02,7.02,7.02,7.02,8.73,8.73,9.49,9.49,7.59,7.59,7.59,7.59,7.59,7.59,9.11,9.87,9.87,9.11,7.21,7.21,7.21,7.21
N_0_0,N_0_1,6.416621187332035,6.54,6.54,6.54,6.54,6.54,6.54,10.01,10.01,11.55,11.55,7.7,7.7,7.7,7.7,7.7,7.7,10.78,12.32,12.32,10.78,6.93,6.93,6.93,6.93
N_0_0,N_2_1,3.5926152672147786,3.66,3.66,3.66,3.66,3.66,3.66,5.6,5.6,6.47,6.47,4.31,4.31,4.31,4.31,4.31,4.31,6.04,6.9,6.9,6.04,3.88,3.88,3.88,3.88
N_0_0,N_1_0,4.358541561915107,4.45,4.45,4.45,4.45,4.45,4.45,6.8,6.8,7.85,7.85,5.23,5.23,5.23,5.23,5.23,5.23,7.32,8.37,8.37,7.32,4.71,4.71,4.71,4.71
N_0_0,N_1_2,5.2784514506936375,5.38,5.38,5.38,5.38,5.38,5.38,8.23,8.23,9.5,9.5,6.33,6.33,6.33,6.33,6.33,6.33,8.87,10.13,10.13,8.87,5.7,5.7,5.7,5.7
N_0_1,N_0_0,6.416621187332035,6.54,6.54,6.54,6.54,6.54,6.54,10.01,10.01,11.55,11.55,7.7,7.7,7.7,7.7,7.7,7.7,10.78,12.32,12.32,10.78,6.93,6.93,6.93,6.93
N_0_1,N_1_2,2.35263576925384,3.86,3.86,3.86,3.86,3.86,3.86,6.4,6.4,7.53,7.53,4.71,4.71,4.71,4.71,4.71,4.71,6.96,8.09,8.09,6.96,4.14,4.14,4.14,4.14
N_0_1,N_2_2,13.574148743450085,7.53,7.53,7.53,7.53,7.53,7.53,9.37,9.37,10.18,10.18,8.14,8.14,8.14,8.14,8.14,8.14,9.77,10.59,10.59,9.77,7.74,7.74,7.74,7.74
N_0_10,N_0_9,5.641365498952989,5.75,5.75,5.75,5.75,5.75,5.75,8.8,8.8,10.15,10.15,6.77,6.77,6.77,6.77,6.77,6.77,9.48,10.83,10.83,9.48,6.09,6.09,6.09,6.09
N_0_10,N_1_9,3.5386149986544226,3.61,3.61,3.61,3.61,3.61,3.61,5.52,5.52,6.37,6.37,4.25,4.25,4.25,4.25,4.25,4.25,5.94,6.79,6.79,5.94,3.82,3.82,3.82,3.82
N_0_10,N_2_10,9.50953207966831,5.28,5.28,5.28,5.28,5.28,5.28,6.56,6.56,7.13,7.13,5.71,5.71,5.71,5.71,5.71,5.71,6.85,7.42,7.42,6.85,5.42,5.42,5.42,5.42
N_0_10,N_1_10,5.483646974741581,5.59,5.59,5.59,5.59,5.59,5.59,8.55,8.55,9.87,9.87,6.58,6.58,6.58,6.58,6.58,6.58,9.21,10.53,10.53,9.21,5.92,5.92,5.92,5.92
N_0_11,N_2_11,10.153378950876556,5.64,5.64,5.64,5.64,5.64,5.64,7.01,7.01,7.62,7.62,6.09,6.09,6.09,6.09,6.09,6.09,7.31,7.92,7.92,7.31,5.79,5.79,5.79,5.79
N_0_11,N_0_9,11.779784933445274,6.54,6.54,6.54,6.54,6.54,6.54,8.13,8.13,8.83,8.83,7.07,7.07,7.07,7.07,7.07,7.07,8.48,9.19,9.19,8.48,6.71,6.71,6.71,6.71
N_0_12,N_1_13,5.9861904524805585,6.11,6.11,6.11,6.11,6.11,6.11,9.34,9.34,10.78,10.78,7.18,7.18,7.18,7.18,7.18,7.18,10.06,11.49,11.49,10.06,6.47,6.47,6.47,6.47
N_0_12,N_2_12,12.74183481967899,7.07,7.07,7.07,7.07,7.07,7.07,8.79,8.79,9.56,9.56,7.65,7.65,7.65,7.65,7.65,7.65,9.17,9.94,9.94,9.17,7.26,7.26,7.26,7.26
N_0_12,N_2_13,5.387445163966767,5.5,5.5,5.5,5.5,5.5,5.5,8.4,8.4,9.7,9.7,6.46,6.46,6.46,6.46,6.46,6.46,9.05,10.34,10.34,9.05,5.82,5.82,5.82,5.82
N_0_13,N_0_11,12.231402997717389,6.79,6.79,6.79,6.79,6.79,6.79,8.44,8.44,9.17,9.17,7.34,7.34,7.34,7.34,7.34,7.34,8.81,9.54,9.54,8.81,6.97,6.97,6.97,6.97
N_0_13,N_1_12,9.854461351933567,5.47,5.47,5.47,5.47,5.47,5.47,6.8,6.8,7.39,7.39,5.91,5.91,5.91,5.91,5.91,5.91,7.1,7.69,7.69,7.1,5.62,5.62,5.62,5.62
N_0_13,N_1_14,3.562082687159234,3.63,3.63,3.63,3.63,3.63,3.63,5.56,5.56,6.41,6.41,4.27,4.27,4.27,4.27,4.27,4.27,5.98,6.84,6.84,5.98,3.85,3.85,3.85,3.85
N_0_14,N_0_12,1.810000178932174,2.97,2.97,2.97,2.97,2.97,2.97,4.92,4.92,5.79,5.79,3.62,3.62,3.62,3.62,3.62,3.62,5.36,6.23,6.23,5.36,3.19,3.19,3.19,3.19
N_0_14,N_1_13,4.633450160311115,4.73,4.73,4.73,4.73,4.73,4.73,7.23,7.23,8.34,8.34,5.56,5.56,5.56,5.56,5.56,5.56,7.78,8.9,8.9,7.78,5.0,5.0,5.0,5.0
N_0_14,N_1_15,14.235925124149299,7.9,7.9,7.9,7.9,7.9,7.9,9.82,9.82,10.68,10.68,8.54,8.54,8.54,8.54,8.54,8.54,10.25,11.1,11.1,10.25,8.11,8.11,8.11,8.11
N_0_14,N_2_15,4.301337295816554,4.39,4.39,4.39,4.39,4.39,4.39,6.71,6.71,7.74,7.74,5.16,5.16,5.16,5.16,5.16,5.16,7.23,8.26,8.26,7.23,4.65,4.65,4.65,4.65
N_0_15,N_0_16,1.4219235879253862,2.33,2.33,2.33,2.33,2.33,2.33,3.87,3.87,4.55,4.55,2.84,2.84,2.84,2.84,2.84,2.84,4.21,4.89,4.89,4.21,2.5,2.5,2.5,2.5
N_0_15,N_2_16,10.384771364424903,5.76,5.76,5.76,5.76,5.76,5.76,7.17,7.17,7.79,7.79,6.23,6.23,6.23,6.23,6.23,6.23,7.48,8.1,8.1,7.48,5.92,5.92,5.92,5.92
N_0_15,N_1_14,2.4603713709109574,4.04,4.04,4.04,4.04,4.04,4.04,6.69,6.69,7.87,7.87,4.92,4.92,4.92,4.92,4.92,4.92,7.28,8.46,8.46,7.28,4.33,4.33,4.33,4.33
N_0_15,N_0_17,13.832074896878655,7.68,7.68,7.68,7.68,7.68,7.68,9.54,9.54,10.37,10.37,8.3,8.3,8.3,8.3,8.3,8.3,9.96,10.79,10.79,9.96,7.88,7.88,7.88,7.88
N_0_16,N_0_15,1.4219235879253862,2.33,2.33,2.33,2.33,2.33,2.33,3.87,3.87,4.55,4.55,2.84,2.84,2.84,2.84,2.84,2.84,4.21,4.89,4.89,4.21,2.5,2.5,2.5,2.5
N_0_16,N_1_14,2.395624354554174,3.93,3.93,3.93,3.93,3.93,3.93,6.52,6.52,7.67,7.67,4.79,4.79,4.79,4.79,4.79,4.79,7.09,8.24,8.24,7.09,4.22,4.22,4.22,4.22
N_0_17,N_0_18,5.8937653708994695,6.01,6.01,6.01,6.01,6.01,6.01,9.19,9.19,10.61,10.61,7.07,7.07,7.07,7.07,7.07,7.07,9.9,11.32,11.32,9.9,6.37,6.37,6.37,6.37
N_0_17,N_2_17,3.7287591924776784,3.8,3.8,3.8,3.8,3.8,3.8,5.82,5.82,6.71,6.71,4.47,4.47,4.47,4.47,4.47,4.47,6.26,7.16,7.16,6.26,4.03,4.03,4.03,4.03
N_0_17,N_2_16,6.345171131352879,6.47,6.47,6.47,6.47,6.47,6.47,9.9,9.9,11.42,11.42,7.61,7.61,7.61,7.61,7.61,7.61,10.66,12.18,12.18,10.66,6.85,6.85,6.85,6.85
N_0_18,N_0_17,5.8937653708994695,6.01,6.01,6.01,6.01,6.01,6.01,9.19,9.19,10.61,10.61,7.07,7.07,7.07,7.07,7.07,7.07,9.9,11.32,11.32,9.9,6.37,6.37,6.37,6.37
N_0_18,N_2_19,11.696948219026535,6.49,6.49,6.49,6.49,6.49,6.49,8.07,8.07,8.77,8.77,7.02,7.02,7.02,7.02,7.02,7.02,8.42,9.12,9.12,8.42,6.67,6.67,6.67,6.67
N_0_18,N_2_17,14.785348526719353,8.21,8.21,8.21,8.21,8.21,8.21,10.2,10.2,11.09,11.09,8.87,8.87,8.87,8.87,8.87,8.87,10.65,11.53,11.53,10.65,8.43,8.43,8.43,8.43
N_0_18,N_1_18,6.325040220231495,6.45,6.45,6.45,6.45,6.45,6.45,9.87,9.87,11.39,11.39,7.59,7.59,7.59,7.59,7.59,7.59,10.63,12.14,12.14,10.63,6.83,6.83,6.83,6.83
N_0_18,N_1_19,4.087591361938303,4.17,4.17,4.17,4.17,4.17,4.17,6.38,6.38,7.36,7.36,4.91,4.91,4.91,4.91,4.91,4.91,6.87,7.85,7.85,6.87,4.41,4.41,4.41,4.41
N_0_18,N_0_20,6.04789355210518,6.17,6.17,6.17,6.17,6.17,6.17,9.43,9.43,10.89,10.89,7.26,7.26,7.26,7.26,7.26,7.26,10.16,11.61,11.61,10.16,6.53,6.53,6.53,6.53
N_0_19,N_1_17,8.989994254251437,4.99,4.99,4.99,4.99,4.99,4.99,6.2,6.2,6.74,6.74,5.39,5.39,5.39,5.39,5.39,5.39,6.47,7.01,7.01,6.47,5.12,5.12,5.12,5.12
N_0_19,N_1_20,4.040318808630426,4.12,4.12,4.12,4.12,4.12,4.12,6.3,6.3,7.27,7.27,4.85,4.85,4.85,4.85,4.85,4.85,6.79,7.76,7.76,6.79,4.36,4.36,4.36,4.36
N_0_19,N_0_21,1.5490520584935727,2.54,2.54,2.54,2.54,2.54,2.54,4.21,4.21,4.96,4.96,3.1,3.1,3.1,3.1,3.1,3.1,4.59,5.33,5.33,4.59,2.73,2.73,2.73,2.73
N_0_19,N_0_17,10.642523921401244,5.91,5.91,5.91,5.91,5.91,5.91,7.34,7.34,7.98,7.98,6.39,6.39,6.39,6.39,6.39,6.39,7.66,8.3,8.3,7.66,6.07,6.07,6.07,6.07
N_0_19,N_2_19,3.8530947757128375,3.93,3.93,3.93,3.93,3.93,3.93,6.01,6.01,6.94,6.94,4.62,4.62,4.62,4.62,4.62,4.62,6.47,7.4,7.4,6.47,4.16,4.16,4.16,4.16
N_0_19,N_2_20,12.457807947566302,6.91,6.91,6.91,6.91,6.91,6.91,8.6,8.6,9.34,9.34,7.47,7.47,7.47,7.47,7.47,7.47,8.97,9.72,9.72,8.97,7.1,7.1,7.1,7.1
N_0_2,N_0_3,4.177774311207302,4.26,4.26,4.26,4.26,4.26,4.26,6.52,6.52,7.52,7.52,5.01,5.01,5.01,5.01,5.01,5.01,7.02,8.02,8.02,7.02,4.51,4.51,4.51,4.51
N_0_2,N_2_1,5.33355862481216,5.44,5.44,5.44,5.44,5.44,5.44,8.32,8.32,9.6,9.6,6.4,6.4,6.4,6.4,6.4,6.4,8.96,10.24,10.24,8.96,5.76,5.76,5.76,5.76
N_0_2,N_0_0,5.241696510190327,5.35,5.35,5.35,5.35,5.35,5.35,8.18,8.18,9.44,9.44,6.29,6.29,6.29,6.29,6.29,6.29,8.81,10.06,10.06,8.81,5.66,5.66,5.66,5.66
N_0_2,N_1_2,4.829486226649215,4.93,4.93,4.93,4.93,4.93,4.93,7.53,7.53,8.69,8.69,5.8,5.8,5.8,5.8,5.8,5.8,8.11,9.27,9.27,8.11,5.22,5.22,5.22,5.22
N_0_20,N_0_18,6.04789355210518,6.17,6.17,6.17,6.17,6.17,6.17,9.43,9.43,10.89,10.89,7.26,7.26,7.26,7.26,7.26,7.26,10.16,11.61,11.61,10.16,6.53,6.53,6.53,6.53
N_0_20,N_1_20,6.239364779759545,6.36,6.36,6.36,6.36,6.36,6.36,9.73,9.73,11.23,11.23,7.49,7.49,7.49,7.49,7.49,7.49,10.48,11.98,11.98,10.48,6.74,6.74,6.74,6.74
N_0_20,N_2_19,5.043679371372343,5.14,5.14,5.14,5.14,5.14,5.14,7.87,7.87,9.08,9.08,6.05,6.05,6.05,6.05,6.05,6.05,8.47,9.68,9.68,8.47,5.45,5.45,5.45,5.45
N_0_20,N_0_19,6.563461766913576,6.69,6.69,6.69,6.69,6.69,6.69,10.24,10.24,11.81,11.81,7.88,7.88,7.88,7.88,7.88,7.88,11.03,12.6,12.6,11.03,7.09,7.09,7.09,7.09
N_0_20,N_1_19,14.523611478173867,8.06,8.06,8.06,8.06,8.06,8.06,10.02,10.02,10.89,10.89,8.71,8.71,8.71,8.71,8.71,8.71,10.46,11.33,11.33,10.46,8.28,8.28,8.28,8.28
N_0_21,N_0_19,1.5490520584935727,2.54,2.54,2.54,2.54,2.54,2.54,4.21,4.21,4.96,4.96,3.1,3.1,3.1,3.1,3.1,3.1,4.59,5.33,5.33,4.59,2.73,2.73,2.73,2.73
N_0_21,N_1_23,12.335172812388446,6.85,6.85,6.85,6.85,6.85,6.85,8.51,8.51,9.25,9.25,7.4,7.4,7.4,7.4,7.4,7.4,8.88,9.62,9.62,8.88,7.03,7.03,7.03,7.03
N_0_21,N_0_22,2.297503652662799,3.77,3.77,3.77,3.77,3.77,3.77,6.25,6.25,7.35,7.35,4.6,4.6,4.6,4.6,4.6,4.6,6.8,7.9,7.9,6.8,4.04,4.04,4.04,4.04
N_0_21,N_2_21,3.9316835297531596,4.01,4.01,4.01,4.01,4.01,4.01,6.13,6.13,7.08,7.08,4.72,4.72,4.72,4.72,4.72,4.72,6.61,7.55,7.55,6.61,4.25,4.25,4.25,4.25
N_0_22,N_0_21,2.297503652662799,3.77,3.77,3.77,3.77,3.77,3.77,6.25,6.25,7.35,7.35,4.6,4.6,4.6,4.6,4.6,4.6,6.8,7.9,7.9,6.8,4.04,4.04,4.04,4.04
N_0_22,N_1_20,4.985186926650992,5.08,5.08,5.08,5.08,5.08,5.08,7.78,7.78,8.97,8.97,5.98,5.98,5.98,5.98,5.98,5.98,8.38,9.57,9.57,8.38,5.38,5.38,5.38,5.38
N_0_22,N_0_23,3.777131987293222,3.85,3.85,3.85,3.85,3.85,3.85,5.89,5.89,6.8,6.8,4.53,4.53,4.53,4.53,4.53,4.53,6.35,7.25,7.25,6.35,4.08,4.08,4.08,4.08
N_0_23,N_1_23,4.671398784306893,4.76,4.76,4.76,4.76,4.76,4.76,7.29,7.29,8.41,8.41,5.61,5.61,5.61,5.61,5.61,5.61,7.85,8.97,8.97,7.85,5.05,5.05,5.05,5.05
N_0_23,N_0_22,3.0317581891302594,3.09,3.09,3.09,3.09,3.09,3.09,4.73,4.73,5.46,5.46,3.64,3.64,3.64,3.64,3.64,3.64,5.09,5.82,5.82,5.09,3.27,3.27,3.27,3.27
N_0_23,N_1_21,5.751563712997967,5.87,5.87,5.87,5.87,5.87,5.87,8.97,8.97,10.35,10.35,6.9,6.9,6.9,6.9,6.9,6.9,9.66,11.04,11.04,9.66,6.21,6.21,6.21,6.21
N_0_23,N_1_22,6.622817252946579,6.76,6.76,6.76,6.76,6.76,6.76,10.33,10.33,11.92,11.92,7.95,7.95,7.95,7.95,7.95,7.95,11.13,12.72,12.72,11.13,7.15,7.15,7.15,7.15
N_0_24,N_0_26,6.068020746316731,6.19,6.19,6.19,6.19,6.19,6.19,9.47,9.47,10.92,10.92,7.28,7.28,7.28,7.28,7.28,7.28,10.19,11.65,11.65,10.19,6.55,6.55,6.55,6.55
N_0_24,N_2_23,3.2705026839478784,3.34,3.34,3.34,3.34,3.34,3.34,5.1,5.1,5.89,5.89,3.92,3.92,3.92,3.92,3.92,3.92,5.49,6.28,6.28,5.49,3.53,3.53,3.53,3.53
N_0_24,N_1_26,6.28129350109572,6.41,6.41,6.41,6.41,6.41,6.41,9.8,9.8,11.31,11.31,7.54,7.54,7.54,7.54,7.54,7.54,10.55,12.06,12.06,10.55,6.78,6.78,6.78,6.78
N_0_25,N_1_26,4.364732829973169,4.45,4.45,4.45,4.45,4.45,4.45,6.81,6.81,7.86,7.86,5.24,5.24,5.24,5.24,5.24,5.24,7.33,8.38,8.38,7.33,4.71,4.71,4.71,4.71
N_0_25,N_1_27,10.10616448866913,5.61,5.61,5.61,5.61,5.61,5.61,6.97,6.97,7.58,7.58,6.06,6.06,6.06,6.06,6.06,6.06,7.28,7.88,7.88,7.28,5.76,5.76,5.76,5.76
N_0_25,N_2_24,0.8199167198972972,1.34,1.34,1.34,1.34,1.34,1.34,2.23,2.23,2.62,2.62,1.64,1.64,1.64,1.64,1.64,1.64,2.43,2.82,2.82,2.43,1.44,1.44,1.44,1.44
N_0_25,N_0_27,9.136647624532522,5.07,5.07,5.07,5.07,5.07,5.07,6.3,6.3,6.85,6.85,5.48,5.48,5.48,5.48,5.48,5.48,6.58,7.13,7.13,6.58,5.21,5.21,5.21,5.21
N_0_26,N_0_24,4.200524576404538,4.28,4.28,4.28,4.28,4.28,4.28,6.55,6.55,7.56,7.56,5.04,5.04,5.04,5.04,5.04,5.04,7.06,8.07,8.07,7.06,4.54,4.54,4.54,4.54
N_0_26,N_2_27,3.535132199418357,3.61,3.61,3.61,3.61,3.61,3.61,5.51,5.51,6.36,6.36,4.24,4.24,4.24,4.24,4.24,4.24,5.94,6.79,6.79,5.94,3.82,3.82,3.82,3.82
N_0_26,N_1_25,3.9978761969036065,4.08,4.08,4.08,4.08,4.08,4.08,6.24,6.24,7.2,7.2,4.8,4.8,4.8,4.8,4.8,4.8,6.72,7.68,7.68,6.72,4.32,4.32,4.32,4.32
N_0_26,N_0_28,13.565265595899326,7.53,7.53,7.53,7.53,7.53,7.53,9.36,9.36,10.17,10.17,8.14,8.14,8.14,8.14,8.14,8.14,9.77,10.58,10.58,9.77,7.73,7.73,7.73,7.73
N_0_26,N_2_25,5.210485955593188,5.31,5.31,5.31,5.31,5.31,5.31,8.13,8.13,9.38,9.38,6.25,6.25,6.25,6.25,6.25,6.25,8.75,10.0,10.0,8.75,5.63,5.63,5.63,5.63
N_0_27,N_0_25,9.136647624532522,5.07,5.07,5.07,5.07,5.07,5.07,6.3,6.3,6.85,6.85,5.48,5.48,5.48,5.48,5.48,5.48,6.58,7.13,7.13,6.58,5.21,5.21,5.21,5.21
N_0_27,N_1_27,5.328769392422222,5.44,5.44,5.44,5.44,5.44,5.44,8.31,8.31,9.59,9.59,6.39,6.39,6.39,6.39,6.39,6.39,8.95,10.23,10.23,8.95,5.76,5.76,5.76,5.76
N_0_27,N_2_27,6.071332736971496,6.19,6.19,6.19,6.19,6.19,6.19,9.47,9.47,10.93,10.93,7.29,7.29,7.29,7.29,7.29,7.29,10.2,11.66,11.66,10.2,6.56,6.56,6.56,6.56
N_0_27,N_1_29,5.534384765597654,5.65,5.65,5.65,5.65,5.65,5.65,8.63,8.63,9.96,9.96,6.64,6.64,6.64,6.64,6.64,6.64,9.3,10.63,10.63,9.3,5.98,5.98,5.98,5.98
N_0_27,N_2_26,2.243641318126403,3.68,3.68,3.68,3.68,3.68,3.68,6.1,6.1,7.18,7.18,4.49,4.49,4.49,4.49,4.49,4.49,6.64,7.72,7.72,6.64,3.95,3.95,3.95,3.95
N_0_28,N_0_26,13.565265595899326,7.53,7.53,7.53,7.53,7.53,7.53,9.36,9.36,10.17,10.17,8.14,8.14,8.14,8.14,8.14,8.14,9.77,10.58,10.58,9.77,7.73,7.73,7.73,7.73
N_0_28,N_0_30,4.3508741643384745,4.44,4.44,4.44,4.44,4.44,4.44,6.79,6.79,7.83,7.83,5.22,5.22,5.22,5.22,5.22,5.22,7.31,8.35,8.35,7.31,4.7,4.7,4.7,4.7
N_0_28,N_1_28,2.0001354004335434,3.28,3.28,3.28,3.28,3.28,3.28,5.44,5.44,6.4,6.4,4.0,4.0,4.0,4.0,4.0,4.0,5.92,6.88,6.88,5.92,3.52,3.52,3.52,3.52
N_0_29,N_2_29,8.319481721741614,4.62,4.62,4.62,4.62,4.62,4.62,5.74,5.74,6.24,6.24,4.99,4.99,4.99,4.99,4.99,4.99,5.99,6.49,6.49,5.99,4.74,4.74,4.74,4.74
N_0_29,N_1_28,4.972424371896778,5.07,5.07,5.07,5.07,5.07,5.07,7.76,7.76,8.95,8.95,5.97,5.97,5.97,5.97,5.97,5.97,8.35,9.55,9.55,8.35,5.37,5.37,5.37,5.37
N_0_3,N_0_4,6.615853222842487,6.75,6.75,6.75,6.75,6.75,6.75,10.32,10.32,11.91,11.91,7.94,7.94,7.94,7.94,7.94,7.94,11.11,12.7,12.7,11.11,7.15,7.15,7.15,7.15
N_0_3,N_2_4,2.1810316054379593,3.58,3.58,3.58,3.58,3.58,3.58,5.93,5.93,6.98,6.98,4.36,4.36,4.36,4.36,4.36,4.36,6.46,7.5,7.5,6.46,3.84,3.84,3.84,3.84
N_0_3,N_2_2,1.3941171553503149,2.29,2.29,2.29,2.29,2.29,2.29,3.79,3.79,4.46,4.46,2.79,2.79,2.79,2.79,2.79,2.79,4.13,4.8,4.8,4.13,2.45,2.45,2.45,2.45
N_0_3,N_0_5,2.08645493567057,3.42,3.42,3.42,3.42,3.42,3.42,5.68,5.68,6.68,6.68,4.17,4.17,4.17,4.17,4.17,4.17,6.18,7.18,7.18,6.18,3.67,3.67,3.67,3.67
N_0_3,N_1_2,14.873383545925417,8.25,8.25,8.25,8.25,8.25,8.25,10.26,10.26,11.16,11.16,8.92,8.92,8.92,8.92,8.92,8.92,10.71,11.6,11.6,10.71,8.48,8.48,8.48,8.48
N_0_3,N_1_3,2.4840764347304187,4.07,4.07,4.07,4.07,4.07,4.07,6.76,6.76,7.95,7.95,4.97,4.97,4.97,4.97,4.97,4.97,7.35,8.55,8.55,7.35,4.37,4.37,4.37,4.37
N_0_3,N_1_1,4.115770682467639,4.2,4.2,4.2,4.2,4.2,4.2,6.42,6.42,7.41,7.41,4.94,4.94,4.94,4.94,4.94,4.94,6.91,7.9,7.9,6.91,4.45,4.45,4.45,4.45
N_0_30,N_0_28,4.3508741643384745,4.44,4.44,4.44,4.44,4.44,4.44,6.79,6.79,7.83,7.83,5.22,5.22,5.22,5.22,5.22,5.22,7.31,8.35,8.35,7.31,4.7,4.7,4.7,4.7
N_0_30,N_1_32,6.277999720315088,6.4,6.4,6.4,6.4,6.4,6.4,9.79,9.79,11.3,11.3,7.53,7.53,7.53,7.53,7.53,7.53,10.55,12.05,12.05,10.55,6.78,6.78,6.78,6.78
N_0_31,N_2_30,1.831738874527772,3.0,3.0,3.0,3.0,3.0,3.0,4.98,4.98,5.86,5.86,3.66,3.66,3.66,3.66,3.66,3.66,5.42,6.3,6.3,5.42,3.22,3.22,3.22,3.22
N_0_31,N_0_29,13.921026118529523,7.73,7.73,7.73,7.73,7.73,7.73,9.61,9.61,10.44,10.44,8.35,8.35,8.35,8.35,8.35,8.35,10.02,10.86,10.86,10.02,7.93,7.93,7.93,7.93
N_0_32,N_1_34,6.88925858462427,7.03,7.03,7.03,7.03,7.03,7.03,10.75,10.75,12.4,12.4,8.27,8.27,8.27,8.27,8.27,8.27,11.57,13.23,13.23,11.57,7.44,7.44,7.44,7.44
N_0_32,N_1_30,3.143359567001606,3.21,3.21,3.21,3.21,3.21,3.21,4.9,4.9,5.66,5.66,3.77,3.77,3.77,3.77,3.77,3.77,5.28,6.04,6.04,5.28,3.39,3.39,3.39,3.39
N_0_32,N_1_33,11.7551082245242,6.52,6.52,6.52,6.52,6.52,6.52,8.11,8.11,8.82,8.82,7.05,7.05,7.05,7.05,7.05,7.05,8.46,9.17,9.17,8.46,6.7,6.7,6.7,6.7
N_0_33,N_1_35,3.3156121545080963,3.38,3.38,3.38,3.38,3.38,3.38,5.17,5.17,5.97,5.97,3.98,3.98,3.98,3.98,3.98,3.98,5.57,6.37,6.37,5.57,3.58,3.58,3.58,3.58
N_0_33,N_2_34,5.511895263666753,5.62,5.62,5.62,5.62,5.62,5.62,8.6,8.6,9.92,9.92,6.61,6.61,6.61,6.61,6.61,6.61,9.26,10.58,10.58,9.26,5.95,5.95,5.95,5.95
N_0_34,N_1_33,4.010474388070704,4.09,4.09,4.09,4.09,4.09,4.09,6.26,6.26,7.22,7.22,4.81,4.81,4.81,4.81,4.81,4.81,6.74,7.7,7.7,6.74,4.33,4.33,4.33,4.33
N_0_34,N_2_33,4.320371043400609,4.41,4.41,4.41,4.41,4.41,4.41,6.74,6.74,7.78,7.78,5.18,5.18,5.18,5.18,5.18,5.18,7.26,8.3,8.3,7.26,4.67,4.67,4.67,4.67
N_0_35,N_0_34,5.632853056132694,5.75,5.75,5.75,5.75,5.75,5.75,8.79,8.79,10.14,10.14,6.76,6.76,6.76,6.76,6.76,6.76,9.46,10.82,10.82,9.46,6.08,6.08,6.08,6.08
N_0_35,N_0_36,1.2015883838766783,1.97,1.97,1.97,1.97,1.97,1.97,3.27,3.27,3.85,3.85,2.4,2.4,2.4,2.4,2.4,2.4,3.56,4.13,4.13,3.56,2.11,2.11,2.11,2.11
N_0_36,N_0_35,1.2015883838766783,1.97,1.97,1.97,1.97,1.97,1.97,3.27,3.27,3.85,3.85,2.4,2.4,2.4,2.4,2.4,2.4,3.56,4.13,4.13,3.56,2.11,2.11,2.11,2.11
N_0_36,N_1_36,4.910908623346405,5.01,5.01,5.01,5.01,5.01,5.01,7.66,7.66,8.84,8.84,5.89,5.89,5.89,5.89,5.89,5.89,8.25,9.43,9.43,8.25,5.3,5.3,5.3,5.3
N_0_36,N_2_37,1.7316034773066131,2.84,2.84,2.84,2.84,2.84,2.84,4.71,4.71,5.54,5.54,3.46,3.46,3.46,3.46,3.46,3.46,5.13,5.96,5.96,5.13,3.05,3.05,3.05,3.05
N_0_36,N_1_34,4.589679251014043,4.68,4.68,4.68,4.68,4.68,4.68,7.16,7.16,8.26,8.26,5.51,5.51,5.51,5.51,5.51,5.51,7.71,8.81,8.81,7.71,4.96,4.96,4.96,4.96
N_0_37,N_0_39,3.112240783184804,3.17,3.17,3.17,3.17,3.17,3.17,4.86,4.86,5.6,5.6,3.73,3.73,3.73,3.73,3.73,3.73,5.23,5.98,5.98,5.23,3.36,3.36,3.36,3.36
N_0_37,N_2_37,5.609134581627227,5.72,5.72,5.72,5.72,5.72,5.72,8.75,8.75,10.1,10.1,6.73,6.73,6.73,6.73,6.73,6.73,9.42,10.77,10.77,9.42,6.06,6.06,6.06,6.06
N_0_37,N_1_35,9.713557429526771,5.39,5.39,5.39,5.39,5.39,5.39,6.7,6.7,7.29,7.29,5.83,5.83,5.83,5.83,5.83,5.83,6.99,7.58,7.58,6.99,5.54,5.54,5.54,5.54
N_0_37,N_1_36,10.934775908661322,6.07,6.07,6.07,6.07,6.07,6.07,7.54,7.54,8.2,8.2,6.56,6.56,6.56,6.56,6.56,6.56,7.87,8.53,8.53,7.87,6.23,6.23,6.23,6.23
N_0_37,N_0_38,1.4141990199768526,2.32,2.32,2.32,2.32,2.32,2.32,3.85,3.85,4.53,4.53,2.83,2.83,2.83,2.83,2.83,2.83,4.19,4.86,4.86,4.19,2.49,2.49,2.49,2.49
N_0_37,N_1_39,2.0085751133357572,3.29,3.29,3.29,3.29,3.29,3.29,5.46,5.46,6.43,6.43,4.02,4.02,4.02,4.02,4.02,4.02,5.95,6.91,6.91,5.95,3.54,3.54,3.54,3.54
N_0_38,N_0_37,1.4141990199768526,2.32,2.32,2.32,2.32,2.32,2.32,3.85,3.85,4.53,4.53,2.83,2.83,2.83,2.83,2.83,2.83,4.19,4.86,4.86,4.19,2.49,2.49,2.49,2.49
N_0_38,N_2_37,12.807211595016376,7.11,7.11,7.11,7.11,7.11,7.11,8.84,8.84,9.61,9.61,7.68,7.68,7.68,7.68,7.68,7.68,9.22,9.99,9.99,9.22,7.3,7.3,7.3,7.3
N_0_39,N_0_37,3.112240783184804,3.17,3.17,3.17,3.17,3.17,3.17,4.86,4.86,5.6,5.6,3.73,3.73,3.73,3.73,3.73,3.73,5.23,5.98,5.98,5.23,3.36,3.36,3.36,3.36
N_0_39,N_1_37,10.518837531426088,5.84,5.84,5.84,5.84,5.84,5.84,7.26,7.26,7.89,7.89,6.31,6.31,6.31,6.31,6.31,6.31,7.57,8.2,8.2,7.57,6.0,6.0,6.0,6.0
N_0_39,N_1_38,5.0901402952355985,5.19,5.19,5.19,5.19,5.19,5.19,7.94,7.94,9.16,9.16,6.11,6.11,6.11,6.11,6.11,6.11,8.55,9.77,9.77,8.55,5.5,5.5,5.5,5.5
N_0_4,N_0_3,6.615853222842487,6.75,6.75,6.75,6.75,6.75,6.75,10.32,10.32,11.91,11.91,7.94,7.94,7.94,7.94,7.94,7.94,11.11,12.7,12.7,11.11,7.15,7.15,7.15,7.15
N_0_4,N_2_4,4.660608552245089,4.75,4.75,4.75,4.75,4.75,4.75,7.27,7.27,8.39,8.39,5.59,5.59,5.59,5.59,5.59,5.59,7.83,8.95,8.95,7.83,5.03,5.03,5.03,5.03
N_0_4,N_0_5,3.3496932204540784,3.42,3.42,3.42,3.42,3.42,3.42,5.23,5.23,6.03,6.03,4.02,4.02,4.02,4.02,4.02,4.02,5.63,6.43,6.43,5.63,3.62,3.62,3.62,3.62
N_0_4,N_1_6,12.186702464938493,6.76,6.76,6.76,6.76,6.76,6.76,8.41,8.41,9.14,9.14,7.31,7.31,7.31,7.31,7.31,7.31,8.77,9.51,9.51,8.77,6.95,6.95,6.95,6.95
N_0_4,N_0_2,2.348357336103455,3.85,3.85,3.85,3.85,3.85,3.85,6.39,6.39,7.51,7.51,4.7,4.7,4.7,4.7,4.7,4.7,6.95,8.08,8.08,6.95,4.13,4.13,4.13,4.13
N_0_4,N_1_2,2.380723693362342,3.9,3.9,3.9,3.9,3.9,3.9,6.48,6.48,7.62,7.62,4.76,4.76,4.76,4.76,4.76,4.76,7.05,8.19,8.19,7.05,4.19,4.19,4.19,4.19
N_0_5,N_0_3,2.08645493567057,3.42,3.42,3.42,3.42,3.42,3.42,5.68,5.68,6.68,6.68,4.17,4.17,4.17,4.17,4.17,4.17,6.18,7.18,7.18,6.18,3.67,3.67,3.67,3.67
N_0_5,N_0_4,3.3496932204540784,3.42,3.42,3.42,3.42,3.42,3.42,5.23,5.23,6.03,6.03,4.02,4.02,4.02,4.02,4.02,4.02,5.63,6.43,6.43,5.63,3.62,3.62,3.62,3.62
N_0_5,N_1_7,8.53168302182194,4.74,4.74,4.74,4.74,4.74,4.74,5.89,5.89,6.4,6.4,5.12,5.12,5.12,5.12,5.12,5.12,6.14,6.65,6.65,6.14,4.86,4.86,4.86,4.86
N_0_5,N_1_5,1.756837621882704,2.88,2.88,2.88,2.88,2.88,2.88,4.78,4.78,5.62,5.62,3.51,3.51,3.51,3.51,3.51,3.51,5.2,6.04,6.04,5.2,3.09,3.09,3.09,3.09
N_0_6,N_2_5,12.623762864983277,7.01,7.01,7.01,7.01,7.01,7.01,8.71,8.71,9.47,9.47,7.57,7.57,7.57,7.57,7.57,7.57,9.09,9.85,9.85,9.09,7.2,7.2,7.2,7.2
N_0_6,N_2_7,1.4769905096480886,2.42,2.42,2.42,2.42,2.42,2.42,4.02,4.02,4.73,4.73,2.95,2.95,2.95,2.95,2.95,2.95,4.37,5.08,5.08,4.37,2.6,2.6,2.6,2.6
N_0_6,N_0_4,13.108922611621088,7.28,7.28,7.28,7.28,7.28,7.28,9.05,9.05,9.83,9.83,7.87,7.87,7.87,7.87,7.87,7.87,9.44,10.22,10.22,9.44,7.47,7.47,7.47,7.47
N_0_7,N_1_9,1.6334360037897053,2.68,2.68,2.68,2.68,2.68,2.68,4.44,4.44,5.23,5.23,3.27,3.27,3.27,3.27,3.27,3.27,4.83,5.62,5.62,4.83,2.87,2.87,2.87,2.87
N_0_7,N_2_8,11.311637437072447,6.28,6.28,6.28,6.28,6.28,6.28,7.81,7.81,8.48,8.48,6.79,6.79,6.79,6.79,6.79,6.79,8.14,8.82,8.82,8.14,6.45,6.45,6.45,6.45
N_0_7,N_2_7,10.948794899594226,6.08,6.08,6.08,6.08,6.08,6.08,7.55,7.55,8.21,8.21,6.57,6.57,6.57,6.57,6.57,6.57,7.88,8.54,8.54,7.88,6.24,6.24,6.24,6.24
N_0_7,N_1_5,9.191727613186478,5.1,5.1,5.1,5.1,5.1,5.1,6.34,6.34,6.89,6.89,5.52,5.52,5.52,5.52,5.52,5.52,6.62,7.17,7.17,6.62,5.24,5.24,5.24,5.24
N_0_8,N_2_7,14.84093296591891,8.24,8.24,8.24,8.24,8.24,8.24,10.24,10.24,11.13,11.13,8.9,8.9,8.9,8.9,8.9,8.9,10.69,11.58,11.58,10.69,8.46,8.46,8.46,8.46
N_0_8,N_0_10,5.442383761539023,5.55,5.55,5.55,5.55,5.55,5.55,8.49,8.49,9.8,9.8,6.53,6.53,6.53,6.53,6.53,6.53,9.14,10.45,10.45,9.14,5.88,5.88,5.88,5.88
N_0_9,N_0_10,5.641365498952989,5.75,5.75,5.75,5.75,5.75,5.75,8.8,8.8,10.15,10.15,6.77,6.77,6.77,6.77,6.77,6.77,9.48,10.83,10.83,9.48,6.09,6.09,6.09,6.09
N_0_9,N_0_11,11.779784933445274,6.54,6.54,6.54,6.54,6.54,6.54,8.13,8.13,8.83,8.83,7.07,7.07,7.07,7.07,7.07,7.07,8.48,9.19,9.19,8.48,6.71,6.71,6.71,6.71
N_0_9,N_1_10,14.913034618560456,8.28,8.28,8.28,8.28,8.28,8.28,10.29,10.29,11.18,11.18,8.95,8.95,8.95,8.95,8.95,8.95,10.74,11.63,11.63,10.74,8.5,8.5,8.5,8.5
N_10_0,N_9_0,4.625118228741839,4.72,4.72,4.72,4.72,4.72,4.72,7.22,7.22,8.33,8.33,5.55,5.55,5.55,5.55,5.55,5.55,7.77,8.88,8.88,7.77,5.0,5.0,5.0,5.0
N_10_0,N_9_1,6.001150981297684,6.12,6.12,6.12,6.12,6.12,6.12,9.36,9.36,10.8,10.8,7.2,7.2,7.2,7.2,7.2,7.2,10.08,11.52,11.52,10.08,6.48,6.48,6.48,6.48
N_10_1,N_12_0,5.217100475522569,5.32,5.32,5.32,5.32,5.32,5.32,8.14,8.14,9.39,9.39,6.26,6.26,6.26,6.26,6.26,6.26,8.76,10.02,10.02,8.76,5.63,5.63,5.63,5.63
N_10_1,N_11_1,4.343734387432491,4.43,4.43,4.43,4.43,4.43,4.43,6.78,6.78,7.82,7.82,5.21,5.21,5.21,5.21,5.21,5.21,7.3,8.34,8.34,7.3,4.69,4.69,4.69,4.69
N_10_10,N_12_10,13.879236727885463,7.7,7.7,7.7,7.7,7.7,7.7,9.58,9.58,10.41,10.41,8.33,8.33,8.33,8.33,8.33,8.33,9.99,10.83,10.83,9.99,7.91,7.91,7.91,7.91
N_10_10,N_8_10,3.2376541677083273,3.3,3.3,3.3,3.3,3.3,3.3,5.05,5.05,5.83,5.83,3.89,3.89,3.89,3.89,3.89,3.89,5.44,6.22,6.22,5.44,3.5,3.5,3.5,3.5
N_10_10,N_10_12,13.30763386484574,7.39,7.39,7.39,7.39,7.39,7.39,9.18,9.18,9.98,9.98,7.98,7.98,7.98,7.98,7.98,7.98,9.58,10.38,10.38,9.58,7.59,7.59,7.59,7.59
N_10_10,N_10_8,6.773948828650276,6.91,6.91,6.91,6.91,6.91,6.91,10.57,10.57,12.19,12.19,8.13,8.13,8.13,8.13,8.13,8.13,11.38,13.01,13.01,11.38,7.32,7.32,7.32,7.32
N_10_11,N_11_10,3.59287690682925,3.66,3.66,3.66,3.66,3.66,3.66,5.6,5.6,6.47,6.47,4.31,4.31,4.31,4.31,4.31,4.31,6.04,6.9,6.9,6.04,3.88,3.88,3.88,3.88
N_10_11,N_9_10,1.2363880800920637,2.03,2.03,2.03,2.03,2.03,2.03,3.36,3.36,3.96,3.96,2.47,2.47,2.47,2.47,2.47,2.47,3.66,4.25,4.25,3.66,2.18,2.18,2.18,2.18
N_10_12,N_12_13,6.631261191176376,6.76,6.76,6.76,6.76,6.76,6.76,10.34,10.34,11.94,11.94,7.96,7.96,7.96,7.96,7.96,7.96,11.14,12.73,12.73,11.14,7.16,7.16,7.16,7.16
N_10_12,N_9_11,5.300671391666867,5.41,5.41,5.41,5.41,5.41,5.41,8.27,8.27,9.54,9.54,6.36,6.36,6.36,6.36,6.36,6.36,8.91,10.18,10.18,8.91,5.72,5.72,5.72,5.72
N_10_13,N_11_15,6.981758594188388,7.12,7.12,7.12,7.12,7.12,7.12,10.89,10.89,12.57,12.57,8.38,8.38,8.38,8.38,8.38,8.38,11.73,13.4,13.4,11.73,7.54,7.54,7.54,7.54
N_10_13,N_9_11,11.218565592718095,6.23,6.23,6.23,6.23,6.23,6.23,7.74,7.74,8.41,8.41,6.73,6.73,6.73,6.73,6.73,6.73,8.08,8.75,8.75,8.08,6.39,6.39,6.39,6.39
N_10_13,N_11_11,3.124777862988659,3.19,3.19,3.19,3.19,3.19,3.19,4.87,4.87,5.62,5.62,3.75,3.75,3.75,3.75,3.75,3.75,5.25,6.0,6.0,5.25,3.37,3.37,3.37,3.37
N_10_13,N_10_11,3.660697676173428,3.73,3.73,3.73,3.73,3.73,3.73,5.71,5.71,6.59,6.59,4.39,4.39,4.39,4.39,4.39,4.39,6.15,7.03,7.03,6.15,3.95,3.95,3.95,3.95
N_10_13,N_11_12,6.803106883144999,6.94,6.94,6.94,6.94,6.94,6.94,10.61,10.61,12.25,12.25,8.16,8.16,8.16,8.16,8.16,8.16,11.43,13.06,13.06,11.43,7.35,7.35,7.35,7.35
N_10_13,N_11_13,4.962306514829962,5.06,5.06,5.06,5.06,5.06,5.06,7.74,7.74,8.93,8.93,5.95,5.95,5.95,5.95,5.95,5.95,8.34,9.53,9.53,8.34,5.36,5.36,5.36,5.36
N_10_13,N_9_14,4.302552533244771,4.39,4.39,4.39,4.39,4.39,4.39,6.71,6.71,7.74,7.74,5.16,5.16,5.16,5.16,5.16,5.16,7.23,8.26,8.26,7.23,4.65,4.65,4.65,4.65
N_10_14,N_11_14,8.720694092191668,4.84,4.84,4.84,4.84,4.84,4.84,6.02,6.02,6.54,6.54,5.23,5.23,5.23,5.23,5.23,5.23,6.28,6.8,6.8,6.28,4.97,4.97,4.97,4.97
N_10_14,N_11_15,11.25836418997519,6.25,6.25,6.25,6.25,6.25,6.25,7.77,7.77,8.44,8.44,6.76,6.76,6.76,6.76,6.76,6.76,8.11,8.78,8.78,8.11,6.42,6.42,6.42,6.42
N_10_15,N_11_13,9.223001837726981,5.12,5.12,5.12,5.12,5.12,5.12,6.36,6.36,6.92,6.92,5.53,5.53,5.53,5.53,5.53,5.53,6.64,7.19,7.19,6.64,5.26,5.26,5.26,5.26
N_10_15,N_12_15,6.639407549017322,6.77,6.77,6.77,6.77,6.77,6.77,10.36,10.36,11.95,11.95,7.97,7.97,7.97,7.97,7.97,7.97,11.15,12.75,12.75,11.15,7.17,7.17,7.17,7.17
N_10_15,N_10_16,5.714681093461909,5.83,5.83,5.83,5.83,5.83,5.83,8.91,8.91,10.29,10.29,6.86,6.86,6.86,6.86,6.86,6.86,9.6,10.97,10.97,9.6,6.17,6.17,6.17,6.17
N_10_15,N_12_14,6.56926270408105,6.7,6.7,6.7,6.7,6.7,6.7,10.25,10.25,11.82,11.82,7.88,7.88,7.88,7.88,7.88,7.88,11.04,12.61,12.61,11.04,7.09,7.09,7.09,7.09
N_10_15,N_10_17,4.791163281052171,4.89,4.89,4.89,4.89,4.89,4.89,7.47,7.47,8.62,8.62,5.75,5.75,5.75,5.75,5.75,5.75,8.05,9.2,9.2,8.05,5.17,5.17,5.17,5.17
N_10_15,N_9_17,4.695868529835868,4.79,4.79,4.79,4.79,4.79,4.79,7.33,7.33,8.45,8.45,5.64,5.64,5.64,5.64,5.64,5.64,7.89,9.02,9.02,7.89,5.07,5.07,5.07,5.07
N_10_15,N_9_15,6.248977390587428,6.37,6.37,6.37,6.37,6.37,6.37,9.75,9.75,11.25,11.25,7.5,7.5,7.5,7.5,7.5,7.5,10.5,12.0,12.0,10.5,6.75,6.75,6.75,6.75
N_10_16,N_10_15,5.714681093461909,5.83,5.83,5.83,5.83,5.83,5.83,8.91,8.91,10.29,10.29,6.86,6.86,6.86,6.86,6.86,6.86,9.6,10.97,10.97,9.6,6.17,6.17,6.17,6.17
N_10_16,N_11_16,3.4498916879036354,3.52,3.52,3.52,3.52,3.52,3.52,5.38,5.38,6.21,6.21,4.14,4.14,4.14,4.14,4.14,4.14,5.8,6.62,6.62,5.8,3.73,3.73,3.73,3.73
N_10_16,N_9_15,3.1830693897500266,3.25,3.25,3.25,3.25,3.25,3.25,4.97,4.97,5.73,5.73,3.82,3.82,3.82,3.82,3.82,3.82,5.35,6.11,6.11,5.35,3.44,3.44,3.44,3.44
N_10_16,N_10_18,3.419376269106893,3.49,3.49,3.49,3.49,3.49,3.49,5.33,5.33,6.15,6.15,4.1,4.1,4.1,4.1,4.1,4.1,5.74,6.57,6.57,5.74,3.69,3.69,3.69,3.69
N_10_16,N_10_14,13.678721182152822,7.59,7.59,7.59,7.59,7.59,7.59,9.44,9.44,10.26,10.26,8.21,8.21,8.21,8.21,8.21,8.21,9.85,10.67,10.67,9.85,7.8,7.8,7.8,7.8
N_10_16,N_11_14,0.5695508627386556,0.93,0.93,0.93,0.93,0.93,0.93,1.55,1.55,1.82,1.82,1.14,1.14,1.14,1.14,1.14,1.14,1.69,1.96,1.96,1.69,1.0,1.0,1.0,1.0
N_10_16,N_12_17,3.354926810142927,3.42,3.42,3.42,3.42,3.42,3.42,5.23,5.23,6.04,6.04,4.03,4.03,4.03,4.03,4.03,4.03,5.64,6.44,6.44,5.64,3.62,3.62,3.62,3.62
N_10_17,N_10_15,4.791163281052171,4.89,4.89,4.89,4.89,4.89,4.89,7.47,7.47,8.62,8.62,5.75,5.75,5.75,5.75,5.75,5.75,8.05,9.2,9.2,8.05,5.17,5.17,5.17,5.17
N_10_17,N_11_15,4.118613636469875,4.2,4.2,4.2,4.2,4.2,4.2,6.43,6.43,7.41,7.41,4.94,4.94,4.94,4.94,4.94,4.94,6.92,7.91,7.91,6.92,4.45,4.45,4.45,4.45
N_10_18,N_9_16,4.012108107480284,4.09,4.09,4.09,4.09,4.09,4.09,6.26,6.26,7.22,7.22,4.81,4.81,4.81,4.81,4.81,4.81,6.74,7.7,7.7,6.74,4.33,4.33,4.33,4.33
N_10_18,N_11_17,1.8222129181968247,2.99,2.99,2.99,2.99,2.99,2.99,4.96,4.96,5.83,5.83,3.64,3.64,3.64,3.64,3.64,3.64,5.39,6.27,6.27,5.39,3.21,3.21,3.21,3.21
N_10_18,N_9_18,12.512980733064134,6.94,6.94,6.94,6.94,6.94,6.94,8.63,8.63,9.38,9.38,7.51,7.51,7.51,7.51,7.51,7.51,9.01,9.76,9.76,9.01,7.13,7.13,7.13,7.13
N_10_18,N_8_19,3.8208624566185323,3.9,3.9,3.9,3.9,3.9,3.9,5.96,5.96,6.88,6.88,4.59,4.59,4.59,4.59,4.59,4.59,6.42,7.34,7.34,6.42,4.13,4.13,4.13,4.13
N_10_19,N_9_21,9.242333672902735,5.13,5.13,5.13,5.13,5.13,5.13,6.38,6.38,6.93,6.93,5.55,5.55,5.55,5.55,5.55,5.55,6.65,7.21,7.21,6.65,5.27,5.27,5.27,5.27
N_10_19,N_12_19,4.538436712377004,4.63,4.63,4.63,4.63,4.63,4.63,7.08,7.08,8.17,8.17,5.45,5.45,5.45,5.45,5.45,5.45,7.62,8.71,8.71,7.62,4.9,4.9,4.9,4.9
N_10_19,N_11_21,1.8596235737278943,3.05,3.05,3.05,3.05,3.05,3.05,5.06,5.06,5.95,5.95,3.72,3.72,3.72,3.72,3.72,3.72,5.5,6.4,6.4,5.5,3.27,3.27,3.27,3.27
N_10_19,N_10_18,3.6646594255111156,3.74,3.74,3.74,3.74,3.74,3.74,5.72,5.72,6.6,6.6,4.4,4.4,4.4,4.4,4.4,4.4,6.16,7.04,7.04,6.16,3.96,3.96,3.96,3.96
N_10_2,N_12_1,14.193175927323466,7.88,7.88,7.88,7.88,7.88,7.88,9.79,9.79,10.64,10.64,8.52,8.52,8.52,8.52,8.52,8.52,10.22,11.07,11.07,10.22,8.09,8.09,8.09,8.09
N_10_2,N_11_2,1.004097221324826,1.65,1.65,1.65,1.65,1.65,1.65,2.73,2.73,3.21,3.21,2.01,2.01,2.01,2.01,2.01,2.01,2.97,3.45,3.45,2.97,1.77,1.77,1.77,1.77
N_10_20,N_9_18,0.6001154238544064,0.98,0.98,0.98,0.98,0.98,0.98,1.63,1.63,1.92,1.92,1.2,1.2,1.2,1.2,1.2,1.2,1.78,2.06,2.06,1.78,1.06,1.06,1.06,1.06
N_10_20,N_8_20,1.6599094763280096,2.72,2.72,2.72,2.72,2.72,2.72,4.51,4.51,5.31,5.31,3.32,3.32,3.32,3.32,3.32,3.32,4.91,5.71,5.71,4.91,2.92,2.92,2.92,2.92
N_10_20,N_11_20,9.967581990363255,5.53,5.53,5.53,5.53,5.53,5.53,6.88,6.88,7.48,7.48,5.98,5.98,5.98,5.98,5.98,5.98,7.18,7.77,7.77,7.18,5.68,5.68,5.68,5.68
N_10_20,N_9_21,10.559508599166028,5.86,5.86,5.86,5.86,5.86,5.86,7.29,7.29,7.92,7.92,6.34,6.34,6.34,6.34,6.34,6.34,7.6,8.24,8.24,7.6,6.02,6.02,6.02,6.02
N_10_21,N_8_22,5.893275892906947,6.01,6.01,6.01,6.01,6.01,6.01,9.19,9.19,10.61,10.61,7.07,7.07,7.07,7.07,7.07,7.07,9.9,11.32,11.32,9.9,6.36,6.36,6.36,6.36
N_10_21,N_9_19,14.576669232776457,8.09,8.09,8.09,8.09,8.09,8.09,10.06,10.06,10.93,10.93,8.75,8.75,8.75,8.75,8.75,8.75,10.5,11.37,11.37,10.5,8.31,8.31,8.31,8.31
N_10_21,N_11_23,13.121142078082624,7.28,7.28,7.28,7.28,7.28,7.28,9.05,9.05,9.84,9.84,7.87,7.87,7.87,7.87,7.87,7.87,9.45,10.23,10.23,9.45,7.48,7.48,7.48,7.48
N_10_21,N_9_21,6.914238551706905,7.05,7.05,7.05,7.05,7.05,7.05,10.79,10.79,12.45,12.45,8.3,8.3,8.3,8.3,8.3,8.3,11.62,13.28,13.28,11.62,7.47,7.47,7.47,7.47
N_10_22,N_11_23,3.2296662839538204,3.29,3.29,3.29,3.29,3.29,3.29,5.04,5.04,5.81,5.81,3.88,3.88,3.88,3.88,3.88,3.88,5.43,6.2,6.2,5.43,3.49,3.49,3.49,3.49
N_10_22,N_11_24,13.755632847430228,7.63,7.63,7.63,7.63,7.63,7.63,9.49,9.49,10.32,10.32,8.25,8.25,8.25,8.25,8.25,8.25,9.9,10.73,10.73,9.9,7.84,7.84,7.84,7.84
N_10_22,N_12_22,0.8098860486790822,1.33,1.33,1.33,1.33,1.33,1.33,2.2,2.2,2.59,2.59,1.62,1.62,1.62,1.62,1.62,1.62,2.4,2.79,2.79,2.4,1.43,1.43,1.43,1.43
N_10_22,N_10_24,11.378945922359858,6.32,6.32,6.32,6.32,6.32,6.32,7.85,7.85,8.53,8.53,6.83,6.83,6.83,6.83,6.83,6.83,8.19,8.88,8.88,8.19,6.49,6.49,6.49,6.49
N_10_23,N_11_23,10.89216505796653,6.05,6.05,6.05,6.05,6.05,6.05,7.52,7.52,8.17,8.17,6.54,6.54,6.54,6.54,6.54,6.54,7.84,8.5,8.5,7.84,6.21,6.21,6.21,6.21
N_10_23,N_11_25,2.01520850939359,3.3,3.3,3.3,3.3,3.3,3.3,5.48,5.48,6.45,6.45,4.03,4.03,4.03,4.03,4.03,4.03,5.97,6.93,6.93,5.97,3.55,3.55,3.55,3.55
N_10_23,N_9_21,6.771187899455825,6.91,6.91,6.91,6.91,6.91,6.91,10.56,10.56,12.19,12.19,8.13,8.13,8.13,8.13,8.13,8.13,11.38,13.0,13.0,11.38,7.31,7.31,7.31,7.31
N_10_23,N_9_24,6.611952979092306,6.74,6.74,6.74,6.74,6.74,6.74,10.31,10.31,11.9,11.9,7.93,7.93,7.93,7.93,7.93,7.93,11.11,12.69,12.69,11.11,7.14,7.14,7.14,7.14
N_10_24,N_10_22,11.378945922359858,6.32,6.32,6.32,6.32,6.32,6.32,7.85,7.85,8.53,8.53,6.83,6.83,6.83,6.83,6.83,6.83,8.19,8.88,8.88,8.19,6.49,6.49,6.49,6.49
N_10_24,N_8_23,2.082285410161604,3.41,3.41,3.41,3.41,3.41,3.41,5.66,5.66,6.66,6.66,4.16,4.16,4.16,4.16,4.16,4.16,6.16,7.16,7.16,6.16,3.66,3.66,3.66,3.66
N_10_24,N_9_22,4.2744861207717335,4.36,4.36,4.36,4.36,4.36,4.36,6.67,6.67,7.69,7.69,5.13,5.13,5.13,5.13,5.13,5.13,7.18,8.21,8.21,7.18,4.62,4.62,4.62,4.62
N_10_24,N_12_25,12.840432889396787,7.13,7.13,7.13,7.13,7.13,7.13,8.86,8.86,9.63,9.63,7.7,7.7,7.7,7.7,7.7,7.7,9.25,10.02,10.02,9.25,7.32,7.32,7.32,7.32
N_10_24,N_9_25,4.677437636956091,4.77,4.77,4.77,4.77,4.77,4.77,7.3,7.3,8.42,8.42,5.61,5.61,5.61,5.61,5.61,5.61,7.86,8.98,8.98,7.86,5.05,5.05,5.05,5.05
N_10_24,N_12_23,0.7880973483402913,1.29,1.29,1.29,1.29,1.29,1.29,2.14,2.14,2.52,2.52,1.58,1.58,1.58,1.58,1.58,1.58,2.33,2.71,2.71,2.33,1.39,1.39,1.39,1.39
N_10_25,N_8_24,4.821565872856367,4.92,4.92,4.92,4.92,4.92,4.92,7.52,7.52,8.68,8.68,5.79,5.79,5.79,5.79,5.79,5.79,8.1,9.26,9.26,8.1,5.21,5.21,5.21,5.21
N_10_25,N_8_26,9.279866098549224,5.15,5.15,5.15,5.15,5.15,5.15,6.4,6.4,6.96,6.96,5.57,5.57,5.57,5.57,5.57,5.57,6.68,7.24,7.24,6.68,5.29,5.29,5.29,5.29
N_10_26,N_11_28,5.843911522640633,5.96,5.96,5.96,5.96,5.96,5.96,9.12,9.12,10.52,10.52,7.01,7.01,7.01,7.01,7.01,7.01,9.82,11.22,11.22,9.82,6.31,6.31,6.31,6.31
N_10_26,N_9_26,14.641893868233147,8.13,8.13,8.13,8.13,8.13,8.13,10.1,10.1,10.98,10.98,8.79,8.79,8.79,8.79,8.79,8.79,10.54,11.42,11.42,10.54,8.35,8.35,8.35,8.35
N_10_26,N_10_24,10.617382940139553,5.89,5.89,5.89,5.89,5.89,5.89,7.33,7.33,7.96,7.96,6.37,6.37,6.37,6.37,6.37,6.37,7.64,8.28,8.28,7.64,6.05,6.05,6.05,6.05
N_10_26,N_8_25,10.845169026527781,6.02,6.02,6.02,6.02,6.02,6.02,7.48,7.48,8.13,8.13,6.51,6.51,6.51,6.51,6.51,6.51,7.81,8.46,8.46,7.81,6.18,6.18,6.18,6.18
N_10_27,N_11_29,0.9435798478710802,1.55,1.55,1.55,1.55,1.55,1.55,2.57,2.57,3.02,3.02,1.89,1.89,1.89,1.89,1.89,1.89,2.79,3.25,3.25,2.79,1.66,1.66,1.66,1.66
N_10_27,N_12_27,4.741622152428991,4.84,4.84,4.84,4.84,4.84,4.84,7.4,7.4,8.53,8.53,5.69,5.69,5.69,5.69,5.69,5.69,7.97,9.1,9.1,7.97,5.12,5.12,5.12,5.12
N_10_27,N_8_28,1.43637355236308,2.36,2.36,2.36,2.36,2.36,2.36,3.91,3.91,4.6,4.6,2.87,2.87,2.87,2.87,2.87,2.87,4.25,4.94,4.94,4.25,2.53,2.53,2.53,2.53
N_10_28,N_11_27,6.541401059183554,6.67,6.67,6.67,6.67,6.67,6.67,10.2,10.2,11.77,11.77,7.85,7.85,7.85,7.85,7.85,7.85,10.99,12.56,12.56,10.99,7.06,7.06,7.06,7.06
N_10_28,N_9_28,5.795517625099752,5.91,5.91,5.91,5.91,5.91,5.91,9.04,9.04,10.43,10.43,6.95,6.95,6.95,6.95,6.95,6.95,9.74,11.13,11.13,9.74,6.26,6.26,6.26,6.26
N_10_28,N_8_29,12.174779923549693,6.76,6.76,6.76,6.76,6.76,6.76,8.4,8.4,9.13,9.13,7.3,7.3,7.3,7.3,7.3,7.3,8.77,9.5,9.5,8.77,6.94,6.94,6.94,6.94
N_10_28,N_11_29,13.788185785187762,7.65,7.65,7.65,7.65,7.65,7.65,9.51,9.51,10.34,10.34,8.27,8.27,8.27,8.27,8.27,8.27,9.93,10.75,10.75,9.93,7.86,7.86,7.86,7.86
N_10_29,N_11_30,5.344868885980788,5.45,5.45,5.45,5.45,5.45,5.45,8.34,8.34,9.62,9.62,6.41,6.41,6.41,6.41,6.41,6.41,8.98,10.26,10.26,8.98,5.77,5.77,5.77,5.77
N_10_29,N_9_30,6.725783103860355,6.86,6.86,6.86,6.86,6.86,6.86,10.49,10.49,12.11,12.11,8.07,8.07,8.07,8.07,8.07,8.07,11.3,12.91,12.91,11.3,7.26,7.26,7.26,7.26
N_10_29,N_11_28,8.41778407744677,4.67,4.67,4.67,4.67,4.67,4.67,5.81,5.81,6.31,6.31,5.05,5.05,5.05,5.05,5.05,5.05,6.06,6.57,6.57,6.06,4.8,4.8,4.8,4.8
N_10_29,N_12_30,6.870681583058213,7.01,7.01,7.01,7.01,7.01,7.01,10.72,10.72,12.37,12.37,8.24,8.24,8.24,8.24,8.24,8.24,11.54,13.19,13.19,11.54,7.42,7.42,7.42,7.42
N_10_29,N_8_28,6.839666461479046,6.98,6.98,6.98,6.98,6.98,6.98,10.67,10.67,12.31,12.31,8.21,8.21,8.21,8.21,8.21,8.21,11.49,13.13,13.13,11.49,7.39,7.39,7.39,7.39
N_10_29,N_9_31,6.7178272310613085,6.85,6.85,6.85,6.85,6.85,6.85,10.48,10.48,12.09,12.09,8.06,8.06,8.06,8.06,8.06,8.06,11.29,12.9,12.9,11.29,7.26,7.26,7.26,7.26
N_10_29,N_9_29,6.408573882118139,6.54,6.54,6.54,6.54,6.54,6.54,10.0,10.0,11.54,11.54,7.69,7.69,7.69,7.69,7.69,7.69,10.77,12.3,12.3,10.77,6.92,6.92,6.92,6.92
N_10_3,N_10_4,11.977151990718205,6.65,6.65,6.65,6.65,6.65,6.65,8.26,8.26,8.98,8.98,7.19,7.19,7.19,7.19,7.19,7.19,8.62,9.34,9.34,8.62,6.83,6.83,6.83,6.83
N_10_3,N_10_2,4.481308118922765,4.57,4.57,4.57,4.57,4.57,4.57,6.99,6.99,8.07,8.07,5.38,5.38,5.38,5.38,5.38,5.38,7.53,8.6,8.6,7.53,4.84,4.84,4.84,4.84
N_10_3,N_9_5,8.128238941249974,4.51,4.51,4.51,4.51,4.51,4.51,5.61,5.61,6.1,6.1,4.88,4.88,4.88,4.88,4.88,4.88,5.85,6.34,6.34,5.85,4.63,4.63,4.63,4.63
N_10_30,N_11_31,4.209732345343868,4.29,4.29,4.29,4.29,4.29,4.29,6.57,6.57,7.58,7.58,5.05,5.05,5.05,5.05,5.05,5.05,7.07,8.08,8.08,7.07,4.55,4.55,4.55,4.55
N_10_30,N_11_32,1.7567107789954022,2.88,2.88,2.88,2.88,2.88,2.88,4.78,4.78,5.62,5.62,3.51,3.51,3.51,3.51,3.51,3.51,5.2,6.04,6.04,5.2,3.09,3.09,3.09,3.09
N_10_30,N_12_31,5.617306294850302,5.73,5.73,5.73,5.73,5.73,5.73,8.76,8.76,10.11,10.11,6.74,6.74,6.74,6.74,6.74,6.74,9.44,10.79,10.79,9.44,6.07,6.07,6.07,6.07
N_10_31,N_9_29,2.4683069131371917,4.05,4.05,4.05,4.05,4.05,4.05,6.71,6.71,7.9,7.9,4.94,4.94,4.94,4.94,4.94,4.94,7.31,8.49,8.49,7.31,4.34,4.34,4.34,4.34
N_10_31,N_11_33,3.653177378671005,3.73,3.73,3.73,3.73,3.73,3.73,5.7,5.7,6.58,6.58,4.38,4.38,4.38,4.38,4.38,4.38,6.14,7.01,7.01,6.14,3.95,3.95,3.95,3.95
N_10_31,N_9_32,12.983420147101668,7.21,7.21,7.21,7.21,7.21,7.21,8.96,8.96,9.74,9.74,7.79,7.79,7.79,7.79,7.79,7.79,9.35,10.13,10.13,9.35,7.4,7.4,7.4,7.4
N_10_31,N_12_31,4.3630161269365715,4.45,4.45,4.45,4.45,4.45,4.45,6.81,6.81,7.85,7.85,5.24,5.24,5.24,5.24,5.24,5.24,7.33,8.38,8.38,7.33,4.71,4.71,4.71,4.71
N_10_32,N_10_30,3.434155170772068,3.5,3.5,3.5,3.5,3.5,3.5,5.36,5.36,6.18,6.18,4.12,4.12,4.12,4.12,4.12,4.12,5.77,6.59,6.59,5.77,3.71,3.71,3.71,3.71
N_10_32,N_9_31,11.097064130932544,6.16,6.16,6.16,6.16,6.16,6.16,7.66,7.66,8.32,8.32,6.66,6.66,6.66,6.66,6.66,6.66,7.99,8.66,8.66,7.99,6.33,6.33,6.33,6.33
N_10_32,N_11_31,0.6327923176204868,1.04,1.04,1.04,1.04,1.04,1.04,1.72,1.72,2.02,2.02,1.27,1.27,1.27,1.27,1.27,1.27,1.87,2.18,2.18,1.87,1.11,1.11,1.11,1.11
N_10_32,N_12_33,10.3038928293915,5.72,5.72,5.72,5.72,5.72,5.72,7.11,7.11,7.73,7.73,6.18,6.18,6.18,6.18,6.18,6.18,7.42,8.04,8.04,7.42,5.87,5.87,5.87,5.87
N_10_33,N_9_35,10.15153467692622,5.63,5.63,5.63,5.63,5.63,5.63,7.0,7.0,7.61,7.61,6.09,6.09,6.09,6.09,6.09,6.09,7.31,7.92,7.92,7.31,5.79,5.79,5.79,5.79
N_10_33,N_11_33,4.034404615430214,4.12,4.12,4.12,4.12,4.12,4.12,6.29,6.29,7.26,7.26,4.84,4.84,4.84,4.84,4.84,4.84,6.78,7.75,7.75,6.78,4.36,4.36,4.36,4.36
N_10_33,N_11_35,3.0870811416723516,3.15,3.15,3.15,3.15,3.15,3.15,4.82,4.82,5.56,5.56,3.7,3.7,3.7,3.7,3.7,3.7,5.19,5.93,5.93,5.19,3.33,3.33,3.33,3.33
N_10_33,N_9_32,10.08535621890607,5.6,5.6,5.6,5.6,5.6,5.6,6.96,6.96,7.56,7.56,6.05,6.05,6.05,6.05,6.05,6.05,7.26,7.87,7.87,7.26,5.75,5.75,5.75,5.75
N_10_34,N_11_32,4.544198195919705,4.64,4.64,4.64,4.64,4.64,4.64,7.09,7.09,8.18,8.18,5.45,5.45,5.45,5.45,5.45,5.45,7.63,8.72,8.72,7.63,4.91,4.91,4.91,4.91
N_10_34,N_9_34,14.575524847882242,8.09,8.09,8.09,8.09,8.09,8.09,10.06,10.06,10.93,10.93,8.75,8.75,8.75,8.75,8.75,8.75,10.49,11.37,11.37,10.49,8.31,8.31,8.31,8.31
N_10_34,N_11_33,5.260855441233582,5.37,5.37,5.37,5.37,5.37,5.37,8.21,8.21,9.47,9.47,6.31,6.31,6.31,6.31,6.31,6.31,8.84,10.1,10.1,8.84,5.68,5.68,5.68,5.68
N_10_35,N_12_36,1.8208899201734392,2.99,2.99,2.99,2.99,2.99,2.99,4.95,4.95,5.83,5.83,3.64,3.64,3.64,3.64,3.64,3.64,5.39,6.26,6.26,5.39,3.2,3.2,3.2,3.2
N_10_35,N_8_35,3.563245319935614,3.63,3.63,3.63,3.63,3.63,3.63,5.56,5.56,6.41,6.41,4.28,4.28,4.28,4.28,4.28,4.28,5.99,6.84,6.84,5.99,3.85,3.85,3.85,3.85
N_10_36,N_11_38,0.617023048930748,1.01,1.01,1.01,1.01,1.01,1.01,1.68,1.68,1.97,1.97,1.23,1.23,1.23,1.23,1.23,1.23,1.83,2.12,2.12,1.83,1.09,1.09,1.09,1.09
N_10_36,N_9_36,5.899402728299238,6.02,6.02,6.02,6.02,6.02,6.02,9.2,9.2,10.62,10.62,7.08,7.08,7.08,7.08,7.08,7.08,9.91,11.33,11.33,9.91,6.37,6.37,6.37,6.37
N_10_37,N_8_38,14.479385333663812,8.04,8.04,8.04,8.04,8.04,8.04,9.99,9.99,10.86,10.86,8.69,8.69,8.69,8.69,8.69,8.69,10.43,11.29,11.29,10.43,8.25,8.25,8.25,8.25
N_10_37,N_9_37,12.001049607650602,6.66,6.66,6.66,6.66,6.66,6.66,8.28,8.28,9.0,9.0,7.2,7.2,7.2,7.2,7.2,7.2,8.64,9.36,9.36,8.64,6.84,6.84,6.84,6.84
N_10_38,N_9_38,11.308152769296422,6.28,6.28,6.28,6.28,6.28,6.28,7.8,7.8,8.48,8.48,6.78,6.78,6.78,6.78,6.78,6.78,8.14,8.82,8.82,8.14,6.45,6.45,6.45,6.45
N_10_38,N_8_37,4.875729747288729,4.97,4.97,4.97,4.97,4.97,4.97,7.61,7.61,8.78,8.78,5.85,5.85,5.85,5.85,5.85,5.85,8.19,9.36,9.36,8.19,5.27,5.27,5.27,5.27
N_10_38,N_12_39,5.287838118747981,5.39,5.39,5.39,5.39,5.39,5.39,8.25,8.25,9.52,9.52,6.35,6.35,6.35,6.35,6.35,6.35,8.88,10.15,10.15,8.88,5.71,5.71,5.71,5.71
N_10_38,N_8_39,0.8886982021803067,1.46,1.46,1.46,1.46,1.46,1.46,2.42,2.42,2.84,2.84,1.78,1.78,1.78,1.78,1.78,1.78,2.63,3.06,3.06,2.63,1.56,1.56,1.56,1.56
N_10_38,N_11_36,4.4313412548793085,4.52,4.52,4.52,4.52,4.52,4.52,6.91,6.91,7.98,7.98,5.32,5.32,5.32,5.32,5.32,5.32,7.44,8.51,8.51,7.44,4.79,4.79,4.79,4.79
N_10_38,N_10_39,5.604524673126293,5.72,5.72,5.72,5.72,5.72,5.72,8.74,8.74,10.09,10.09,6.73,6.73,6.73,6.73,6.73,6.73,9.42,10.76,10.76,9.42,6.05,6.05,6.05,6.05
N_10_38,N_11_39,8.753464728330005,4.86,4.86,4.86,4.86,4.86,4.86,6.04,6.04,6.57,6.57,5.25,5.25,5.25,5.25,5.25,5.25,6.3,6.83,6.83,6.3,4.99,4.99,4.99,4.99
N_10_39,N_10_38,5.604524673126293,5.72,5.72,5.72,5.72,5.72,5.72,8.74,8.74,10.09,10.09,6.73,6.73,6.73,6.73,6.73,6.73,9.42,10.76,10.76,9.42,6.05,6.05,6.05,6.05
N_10_39,N_9_37,6.613577224957632,6.75,6.75,6.75,6.75,6.75,6.75,10.32,10.32,11.9,11.9,7.94,7.94,7.94,7.94,7.94,7.94,11.11,12.7,12.7,11.11,7.14,7.14,7.14,7.14
N_10_4,N_10_3,11.977151990718205,6.65,6.65,6.65,6.65,6.65,6.65,8.26,8.26,8.98,8.98,7.19,7.19,7.19,7.19,7.19,7.19,8.62,9.34,9.34,8.62,6.83,6.83,6.83,6.83
N_10_4,N_11_2,4.427677714152257,4.52,4.52,4.52,4.52,4.52,4.52,6.91,6.91,7.97,7.97,5.31,5.31,5.31,5.31,5.31,5.31,7.44,8.5,8.5,7.44,4.78,4.78,4.78,4.78
N_10_4,N_11_3,6.578764898176439,6.71,6.71,6.71,6.71,6.71,6.71,10.26,10.26,11.84,11.84,7.89,7.89,7.89,7.89,7.89,7.89,11.05,12.63,12.63,11.05,7.11,7.11,7.11,7.11
N_10_4,N_8_3,2.1517372553919323,3.53,3.53,3.53,3.53,3.53,3.53,5.85,5.85,6.89,6.89,4.3,4.3,4.3,4.3,4.3,4.3,6.37,7.4,7.4,6.37,3.79,3.79,3.79,3.79
N_10_4,N_9_4,12.365086856226565,6.86,6.86,6.86,6.86,6.86,6.86,8.53,8.53,9.27,9.27,7.42,7.42,7.42,7.42,7.42,7.42,8.9,9.64,9.64,8.9,7.05,7.05,7.05,7.05
N_10_5,N_12_5,4.864332395585308,4.96,4.96,4.96,4.96,4.96,4.96,7.59,7.59,8.76,8.76,5.84,5.84,5.84,5.84,5.84,5.84,8.17,9.34,9.34,8.17,5.25,5.25,5.25,5.25
N_10_5,N_10_4,9.55298131538691,5.3,5.3,5.3,5.3,5.3,5.3,6.59,6.59,7.16,7.16,5.73,5.73,5.73,5.73,5.73,5.73,6.88,7.45,7.45,6.88,5.45,5.45,5.45,5.45
N_10_5,N_9_6,6.8398826917224245,6.98,6.98,6.98,6.98,6.98,6.98,10.67,10.67,12.31,12.31,8.21,8.21,8.21,8.21,8.21,8.21,11.49,13.13,13.13,11.49,7.39,7.39,7.39,7.39
N_10_6,N_10_7,12.509378632918466,6.94,6.94,6.94,6.94,6.94,6.94,8.63,8.63,9.38,9.38,7.51,7.51,7.51,7.51,7.51,7.51,9.01,9.76,9.76,9.01,7.13,7.13,7.13,7.13
N_10_6,N_8_5,6.685583040804026,6.82,6.82,6.82,6.82,6.82,6.82,10.43,10.43,12.03,12.03,8.02,8.02,8.02,8.02,8.02,8.02,11.23,12.84,12.84,11.23,7.22,7.22,7.22,7.22
N_10_6,N_9_8,6.656190753783138,6.79,6.79,6.79,6.79,6.79,6.79,10.38,10.38,11.98,11.98,7.99,7.99,7.99,7.99,7.99,7.99,11.18,12.78,12.78,11.18,7.19,7.19,7.19,7.19
N_10_7,N_10_6,12.509378632918466,6.94,6.94,6.94,6.94,6.94,6.94,8.63,8.63,9.38,9.38,7.51,7.51,7.51,7.51,7.51,7.51,9.01,9.76,9.76,9.01,7.13,7.13,7.13,7.13
N_10_7,N_10_5,1.9226488914112294,3.15,3.15,3.15,3.15,3.15,3.15,5.23,5.23,6.15,6.15,3.85,3.85,3.85,3.85,3.85,3.85,5.69,6.61,6.61,5.69,3.38,3.38,3.38,3.38
N_10_7,N_11_6,3.4263903611787727,3.49,3.49,3.49,3.49,3.49,3.49,5.35,5.35,6.17,6.17,4.11,4.11,4.11,4.11,4.11,4.11,5.76,6.58,6.58,5.76,3.7,3.7,3.7,3.7
N_10_7,N_9_7,4.85031828164724,4.95,4.95,4.95,4.95,4.95,4.95,7.57,7.57,8.73,8.73,5.82,5.82,5.82,5.82,5.82,5.82,8.15,9.31,9.31,8.15,5.24,5.24,5.24,5.24
N_10_8,N_10_10,6.773948828650276,6.91,6.91,6.91,6.91,6.91,6.91,10.57,10.57,12.19,12.19,8.13,8.13,8.13,8.13,8.13,8.13,11.38,13.01,13.01,11.38,7.32,7.32,7.32,7.32
N_10_8,N_8_8,3.275339293019856,3.34,3.34,3.34,3.34,3.34,3.34,5.11,5.11,5.9,5.9,3.93,3.93,3.93,3.93,3.93,3.93,5.5,6.29,6.29,5.5,3.54,3.54,3.54,3.54
N_10_9,N_11_8,4.70463100233302,4.8,4.8,4.8,4.8,4.8,4.8,7.34,7.34,8.47,8.47,5.65,5.65,5.65,5.65,5.65,5.65,7.9,9.03,9.03,7.9,5.08,5.08,5.08,5.08
N_10_9,N_11_9,12.30002217238146,6.83,6.83,6.83,6.83,6.83,6.83,8.49,8.49,9.23,9.23,7.38,7.38,7.38,7.38,7.38,7.38,8.86,9.59,9.59,8.86,7.01,7.01,7.01,7.01
N_10_9,N_12_10,5.793022706849323,5.91,5.91,5.91,5.91,5.91,5.91,9.04,9.04,10.43,10.43,6.95,6.95,6.95,6.95,6.95,6.95,9.73,11.12,11.12,9.73,6.26,6.26,6.26,6.26
N_10_9,N_11_7,4.328379435944875,4.41,4.41,4.41,4.41,4.41,4.41,6.75,6.75,7.79,7.79,5.19,5.19,5.19,5.19,5.19,5.19,7.27,8.31,8.31,7.27,4.67,4.67,4.67,4.67
N_11_0,N_10_0,9.070568101401305,5.03,5.03,5.03,5.03,5.03,5.03,6.26,6.26,6.8,6.8,5.44,5.44,5.44,5.44,5.44,5.44,6.53,7.08,7.08,6.53,5.17,5.17,5.17,5.17
N_11_0,N_12_2,14.886631264468342,8.26,8.26,8.26,8.26,8.26,8.26,10.27,10.27,11.16,11.16,8.93,8.93,8.93,8.93,8.93,8.93,10.72,11.61,11.61,10.72,8.49,8.49,8.49,8.49
N_11_0,N_13_0,5.257536385672127,5.36,5.36,5.36,5.36,5.36,5.36,8.2,8.2,9.46,9.46,6.31,6.31,6.31,6.31,6.31,6.31,8.83,10.09,10.09,8.83,5.68,5.68,5.68,5.68
N_11_0,N_12_1,4.836817213446821,4.93,4.93,4.93,4.93,4.93,4.93,7.55,7.55,8.71,8.71,5.8,5.8,5.8,5.8,5.8,5.8,8.13,9.29,9.29,8.13,5.22,5.22,5.22,5.22
N_11_1,N_10_1,4.343734387432491,4.43,4.43,4.43,4.43,4.43,4.43,6.78,6.78,7.82,7.82,5.21,5.21,5.21,5.21,5.21,5.21,7.3,8.34,8.34,7.3,4.69,4.69,4.69,4.69
N_11_1,N_9_0,4.545712873754588,4.64,4.64,4.64,4.64,4.64,4.64,7.09,7.09,8.18,8.18,5.45,5.45,5.45,5.45,5.45,5.45,7.64,8.73,8.73,7.64,4.91,4.91,4.91,4.91
N_11_1,N_12_1,6.065814657612978,6.19,6.19,6.19,6.19,6.19,6.19,9.46,9.46,10.92,10.92,7.28,7.28,7.28,7.28,7.28,7.28,10.19,11.65,11.65,10.19,6.55,6.55,6.55,6.55
N_11_1,N_12_2,6.791852771652321,6.93,6.93,6.93,6.93,6.93,6.93,10.6,10.6,12.23,12.23,8.15,8.15,8.15,8.15,8.15,8.15,11.41,13.04,13.04,11.41,7.34,7.34,7.34,7.34
N_11_1,N_13_1,5.228009776851474,5.33,5.33,5.33,5.33,5.33,5.33,8.16,8.16,9.41,9.41,6.27,6.27,6.27,6.27,6.27,6.27,8.78,10.04,10.04,8.78,5.65,5.65,5.65,5.65
N_11_1,N_12_3,2.2977566535956178,3.77,3.77,3.77,3.77,3.77,3.77,6.25,6.25,7.35,7.35,4.6,4.6,4.6,4.6,4.6,4.6,6.8,7.9,7.9,6.8,4.04,4.04,4.04,4.04
N_11_1,N_10_2,4.798929768449879,4.89,4.89,4.89,4.89,4.89,4.89,7.49,7.49,8.64,8.64,5.76,5.76,5.76,5.76,5.76,5.76,8.06,9.21,9.21,8.06,5.18,5.18,5.18,5.18
N_11_10,N_10_11,3.59287690682925,3.66,3.66,3.66,3.66,3.66,3.66,5.6,5.6,6.47,6.47,4.31,4.31,4.31,4.31,4.31,4.31,6.04,6.9,6.9,6.04,3.88,3.88,3.88,3.88
N_11_10,N_12_9,0.981084931229758,1.61,1.61,1.61,1.61,1.61,1.61,2.67,2.67,3.14,3.14,1.96,1.96,1.96,1.96,1.96,1.96,2.9,3.37,3.37,2.9,1.73,1.73,1.73,1.73
N_11_10,N_9_9,14.739354167110692,8.18,8.18,8.18,8.18,8.18,8.18,10.17,10.17,11.05,11.05,8.84,8.84,8.84,8.84,8.84,8.84,10.61,11.5,11.5,10.61,8.4,8.4,8.4,8.4
N_11_10,N_9_10,13.364655952618797,7.42,7.42,7.42,7.42,7.42,7.42,9.22,9.22,10.02,10.02,8.02,8.02,8.02,8.02,8.02,8.02,9.62,10.42,10.42,9.62,7.62,7.62,7.62,7.62
N_11_11,N_10_13,3.124777862988659,3.19,3.19,3.19,3.19,3.19,3.19,4.87,4.87,5.62,5.62,3.75,3.75,3.75,3.75,3.75,3.75,5.25,6.0,6.0,5.25,3.37,3.37,3.37,3.37
N_11_11,N_11_13,0.6926505766460829,1.14,1.14,1.14,1.14,1.14,1.14,1.88,1.88,2.22,2.22,1.39,1.39,1.39,1.39,1.39,1.39,2.05,2.38,2.38,2.05,1.22,1.22,1.22,1.22
N_11_11,N_9_11,4.734135710862022,4.83,4.83,4.83,4.83,4.83,4.83,7.39,7.39,8.52,8.52,5.68,5.68,5.68,5.68,5.68,5.68,7.95,9.09,9.09,7.95,5.11,5.11,5.11,5.11
N_11_11,N_10_12,11.448592839285212,6.35,6.35,6.35,6.35,6.35,6.35,7.9,7.9,8.59,8.59,6.87,6.87,6.87,6.87,6.87,6.87,8.24,8.93,8.93,8.24,6.53,6.53,6.53,6.53
N_11_11,N_12_11,0.68239456947555,1.12,1.12,1.12,1.12,1.12,1.12,1.86,1.86,2.18,2.18,1.36,1.36,1.36,1.36,1.36,1.36,2.02,2.35,2.35,2.02,1.2,1.2,1.2,1.2
N_11_11,N_11_12,8.529776196736284,4.73,4.73,4.73,4.73,4.73,4.73,5.89,5.89,6.4,6.4,5.12,5.12,5.12,5.12,5.12,5.12,6.14,6.65,6.65,6.14,4.86,4.86,4.86,4.86
N_11_11,N_10_10,1.6109131656898141,2.64,2.64,2.64,2.64,2.64,2.64,4.38,4.38,5.15,5.15,3.22,3.22,3.22,3.22,3.22,3.22,4.77,5.54,5.54,4.77,2.84,2.84,2.84,2.84
N_11_12,N_11_11,8.529776196736284,4.73,4.73,4.73,4.73,4.73,4.73,5.89,5.89,6.4,6.4,5.12,5.12,5.12,5.12,5.12,5.12,6.14,6.65,6.65,6.14,4.86,4.86,4.86,4.86
N_11_12,N_11_10,0.8906664163726385,1.46,1.46,1.46,1.46,1.46,1.46,2.42,2.42,2.85,2.85,1.78,1.78,1.78,1.78,1.78,1.78,2.64,3.06,3.06,2.64,1.57,1.57,1.57,1.57
N_11_13,N_11_11,0.6926505766460829,1.14,1.14,1.14,1.14,1.14,1.14,1.88,1.88,2.22,2.22,1.39,1.39,1.39,1.39,1.39,1.39,2.05,2.38,2.38,2.05,1.22,1.22,1.22,1.22
N_11_13,N_10_11,13.249136471462812,7.35,7.35,7.35,7.35,7.35,7.35,9.14,9.14,9.94,9.94,7.95,7.95,7.95,7.95,7.95,7.95,9.54,10.33,10.33,9.54,7.55,7.55,7.55,7.55
N_11_13,N_10_13,0.7918989356888988,1.3,1.3,1.3,1.3,1.3,1.3,2.15,2.15,2.53,2.53,1.58,1.58,1.58,1.58,1.58,1.58,2.34,2.72,2.72,2.34,1.39,1.39,1.39,1.39
N_11_14,N_10_16,0.5695508627386556,0.93,0.93,0.93,0.93,0.93,0.93,1.55,1.55,1.82,1.82,1.14,1.14,1.14,1.14,1.14,1.14,1.69,1.96,1.96,1.69,1.0,1.0,1.0,1.0
N_11_14,N_12_12,1.5514822630535057,2.54,2.54,2.54,2.54,2.54,2.54,4.22,4.22,4.96,4.96,3.1,3.1,3.1,3.1,3.1,3.1,4.59,5.34,5.34,4.59,2.73,2.73,2.73,2.73
N_11_14,N_10_13,6.973244586022064,7.11,7.11,7.11,7.11,7.11,7.11,10.88,10.88,12.55,12.55,8.37,8.37,8.37,8.37,8.37,8.37,11.72,13.39,13.39,11.72,7.53,7.53,7.53,7.53
N_11_15,N_10_13,6.981758594188388,7.12,7.12,7.12,7.12,7.12,7.12,10.89,10.89,12.57,12.57,8.38,8.38,8.38,8.38,8.38,8.38,11.73,13.4,13.4,11.73,7.54,7.54,7.54,7.54
N_11_15,N_10_14,11.25836418997519,6.25,6.25,6.25,6.25,6.25,6.25,7.77,7.77,8.44,8.44,6.76,6.76,6.76,6.76,6.76,6.76,8.11,8.78,8.78,8.11,6.42,6.42,6.42,6.42
N_11_15,N_10_17,4.118613636469875,4.2,4.2,4.2,4.2,4.2,4.2,6.43,6.43,7.41,7.41,4.94,4.94,4.94,4.94,4.94,4.94,6.92,7.91,7.91,6.92,4.45,4.45,4.45,4.45
N_11_15,N_11_13,8.537355282026311,4.74,4.74,4.74,4.74,4.74,4.74,5.89,5.89,6.4,6.4,5.12,5.12,5.12,5.12,5.12,5.12,6.15,6.66,6.66,6.15,4.87,4.87,4.87,4.87
N_11_16,N_10_16,3.4498916879036354,3.52,3.52,3.52,3.52,3.52,3.52,5.38,5.38,6.21,6.21,4.14,4.14,4.14,4.14,4.14,4.14,5.8,6.62,6.62,5.8,3.73,3.73,3.73,3.73
N_11_16,N_13_16,3.1848028987440786,3.25,3.25,3.25,3.25,3.25,3.25,4.97,4.97,5.73,5.73,3.82,3.82,3.82,3.82,3.82,3.82,5.35,6.11,6.11,5.35,3.44,3.44,3.44,3.44
N_11_16,N_12_18,9.337990631177373,5.18,5.18,5.18,5.18,5.18,5.18,6.44,6.44,7.0,7.0,5.6,5.6,5.6,5.6,5.6,5.6,6.72,7.28,7.28,6.72,5.32,5.32,5.32,5.32
N_11_17,N_10_18,1.8222129181968247,2.99,2.99,2.99,2.99,2.99,2.99,4.96,4.96,5.83,5.83,3.64,3.64,3.64,3.64,3.64,3.64,5.39,6.27,6.27,5.39,3.21,3.21,3.21,3.21
N_11_17,N_11_19,1.692714350774471,2.78,2.78,2.78,2.78,2.78,2.78,4.6,4.6,5.42,5.42,3.39,3.39,3.39,3.39,3.39,3.39,5.01,5.82,5.82,5.01,2.98,2.98,2.98,2.98
N_11_17,N_11_18,5.471817181942685,5.58,5.58,5.58,5.58,5.58,5.58,8.54,8.54,9.85,9.85,6.57,6.57,6.57,6.57,6.57,6.57,9.19,10.51,10.51,9.19,5.91,5.91,5.91,5.91
N_11_17,N_13_18,5.0525378332234325,5.15,5.15,5.15,5.15,5.15,5.15,7.88,7.88,9.09,9.09,6.06,6.06,6.06,6.06,6.06,6.06,8.49,9.7,9.7,8.49,5.46,5.46,5.46,5.46
N_11_18,N_11_17,5.471817181942685,5.58,5.58,5.58,5.58,5.58,5.58,8.54,8.54,9.85,9.85,6.57,6.57,6.57,6.57,6.57,6.57,9.19,10.51,10.51,9.19,5.91,5.91,5.91,5.91
N_11_18,N_9_18,0.763108537261671,1.25,1.25,1.25,1.25,1.25,1.25,2.08,2.08,2.44,2.44,1.53,1.53,1.53,1.53,1.53,1.53,2.26,2.63,2.63,2.26,1.34,1.34,1.34,1.34
N_11_18,N_13_19,6.895244922546306,7.03,7.03,7.03,7.03,7.03,7.03,10.76,10.76,12.41,12.41,8.27,8.27,8.27,8.27,8.27,8.27,11.58,13.24,13.24,11.58,7.45,7.45,7.45,7.45
N_11_19,N_11_17,1.692714350774471,2.78,2.78,2.78,2.78,2.78,2.78,4.6,4.6,5.42,5.42,3.39,3.39,3.39,3.39,3.39,3.39,5.01,5.82,5.82,5.01,2.98,2.98,2.98,2.98
N_11_19,N_10_19,5.902867713355203,6.02,6.02,6.02,6.02,6.02,6.02,9.21,9.21,10.63,10.63,7.08,7.08,7.08,7.08,7.08,7.08,9.92,11.33,11.33,9.92,6.38,6.38,6.38,6.38
N_11_2,N_10_2,1.004097221324826,1.65,1.65,1.65,1.65,1.65,1.65,2.73,2.73,3.21,3.21,2.01,2.01,2.01,2.01,2.01,2.01,2.97,3.45,3.45,2.97,1.77,1.77,1.77,1.77
N_11_2,N_10_4,4.427677714152257,4.52,4.52,4.52,4.52,4.52,4.52,6.91,6.91,7.97,7.97,5.31,5.31,5.31,5.31,5.31,5.31,7.44,8.5,8.5,7.44,4.78,4.78,4.78,4.78
N_11_2,N_11_1,4.9549888203561565,5.05,5.05,5.05,5.05,5.05,5.05,7.73,7.73,8.92,8.92,5.95,5.95,5.95,5.95,5.95,5.95,8.32,9.51,9.51,8.32,5.35,5.35,5.35,5.35
N_11_20,N_10_20,9.967581990363255,5.53,5.53,5.53,5.53,5.53,5.53,6.88,6.88,7.48,7.48,5.98,5.98,5.98,5.98,5.98,5.98,7.18,7.77,7.77,7.18,5.68,5.68,5.68,5.68
N_11_20,N_12_19,5.507890780978232,5.62,5.62,5.62,5.62,5.62,5.62,8.59,8.59,9.91,9.91,6.61,6.61,6.61,6.61,6.61,6.61,9.25,10.58,10.58,9.25,5.95,5.95,5.95,5.95
N_11_20,N_13_19,13.661452219579873,7.58,7.58,7.58,7.58,7.58,7.58,9.43,9.43,10.25,10.25,8.2,8.2,8.2,8.2,8.2,8.2,9.84,10.66,10.66,9.84,7.79,7.79,7.79,7.79
N_11_21,N_10_19,1.8596235737278943,3.05,3.05,3.05,3.05,3.05,3.05,5.06,5.06,5.95,5.95,3.72,3.72,3.72,3.72,3.72,3.72,5.5,6.4,6.4,5.5,3.27,3.27,3.27,3.27
N_11_21,N_10_21,3.272386870917658,3.34,3.34,3.34,3.34,3.34,3.34,5.1,5.1,5.89,5.89,3.93,3.93,3.93,3.93,3.93,3.93,5.5,6.28,6.28,5.5,3.53,3.53,3.53,3.53
N_11_21,N_11_22,6.568164273741402,6.7,6.7,6.7,6.7,6.7,6.7,10.25,10.25,11.82,11.82,7.88,7.88,7.88,7.88,7.88,7.88,11.03,12.61,12.61,11.03,7.09,7.09,7.09,7.09
N_11_21,N_13_21,6.616095625072139,6.75,6.75,6.75,6.75,6.75,6.75,10.32,10.32,11.91,11.91,7.94,7.94,7.94,7.94,7.94,7.94,11.12,12.7,12.7,11.12,7.15,7.15,7.15,7.15
N_11_22,N_11_21,6.568164273741402,6.7,6.7,6.7,6.7,6.7,6.7,10.25,10.25,11.82,11.82,7.88,7.88,7.88,7.88,7.88,7.88,11.03,12.61,12.61,11.03,7.09,7.09,7.09,7.09
N_11_22,N_10_23,1.5614782496092823,2.56,2.56,2.56,2.56,2.56,2.56,4.25,4.25,5.0,5.0,3.12,3.12,3.12,3.12,3.12,3.12,4.62,5.37,5.37,4.62,2.75,2.75,2.75,2.75
N_11_23,N_10_21,13.121142078082624,7.28,7.28,7.28,7.28,7.28,7.28,9.05,9.05,9.84,9.84,7.87,7.87,7.87,7.87,7.87,7.87,9.45,10.23,10.23,9.45,7.48,7.48,7.48,7.48
N_11_23,N_10_22,3.2296662839538204,3.29,3.29,3.29,3.29,3.29,3.29,5.04,5.04,5.81,5.81,3.88,3.88,3.88,3.88,3.88,3.88,5.43,6.2,6.2,5.43,3.49,3.49,3.49,3.49
N_11_23,N_10_23,10.89216505796653,6.05,6.05,6.05,6.05,6.05,6.05,7.52,7.52,8.17,8.17,6.54,6.54,6.54,6.54,6.54,6.54,7.84,8.5,8.5,7.84,6.21,6.21,6.21,6.21
N_11_24,N_11_22,9.448601330422527,5.24,5.24,5.24,5.24,5.24,5.24,6.52,6.52,7.09,7.09,5.67,5.67,5.67,5.67,5.67,5.67,6.8,7.37,7.37,6.8,5.39,5.39,5.39,5.39
N_11_24,N_13_23,13.140427080806601,7.29,7.29,7.29,7.29,7.29,7.29,9.07,9.07,9.86,9.86,7.88,7.88,7.88,7.88,7.88,7.88,9.46,10.25,10.25,9.46,7.49,7.49,7.49,7.49
N_11_25,N_10_23,2.01520850939359,3.3,3.3,3.3,3.3,3.3,3.3,5.48,5.48,6.45,6.45,4.03,4.03,4.03,4.03,4.03,4.03,5.97,6.93,6.93,5.97,3.55,3.55,3.55,3.55
N_11_25,N_9_24,6.110349807031151,6.23,6.23,6.23,6.23,6.23,6.23,9.53,9.53,11.0,11.0,7.33,7.33,7.33,7.33,7.33,7.33,10.27,11.73,11.73,10.27,6.6,6.6,6.6,6.6
N_11_25,N_12_26,12.99876164114235,7.21,7.21,7.21,7.21,7.21,7.21,8.97,8.97,9.75,9.75,7.8,7.8,7.8,7.8,7.8,7.8,9.36,10.14,10.14,9.36,7.41,7.41,7.41,7.41
N_11_25,N_10_26,3.4209600747054933,3.49,3.49,3.49,3.49,3.49,3.49,5.34,5.34,6.16,6.16,4.11,4.11,4.11,4.11,4.11,4.11,5.75,6.57,6.57,5.75,3.69,3.69,3.69,3.69
N_11_25,N_12_25,2.153144963581748,3.53,3.53,3.53,3.53,3.53,3.53,5.86,5.86,6.89,6.89,4.31,4.31,4.31,4.31,4.31,4.31,6.37,7.41,7.41,6.37,3.79,3.79,3.79,3.79
N_11_25,N_11_26,13.559143016742677,7.53,7.53,7.53,7.53,7.53,7.53,9.36,9.36,10.17,10.17,8.14,8.14,8.14,8.14,8.14,8.14,9.76,10.58,10.58,9.76,7.73,7.73,7.73,7.73
N_11_26,N_11_25,13.559143016742677,7.53,7.53,7.53,7.53,7.53,7.53,9.36,9.36,10.17,10.17,8.14,8.14,8.14,8.14,8.14,8.14,9.76,10.58,10.58,9.76,7.73,7.73,7.73,7.73
N_11_26,N_10_26,5.689777825059527,5.8,5.8,5.8,5.8,5.8,5.8,8.88,8.88,10.24,10.24,6.83,6.83,6.83,6.83,6.83,6.83,9.56,10.92,10.92,9.56,6.14,6.14,6.14,6.14
N_11_27,N_10_28,6.541401059183554,6.67,6.67,6.67,6.67,6.67,6.67,10.2,10.2,11.77,11.77,7.85,7.85,7.85,7.85,7.85,7.85,10.99,12.56,12.56,10.99,7.06,7.06,7.06,7.06
N_11_27,N_11_28,5.803252007132455,5.92,5.92,5.92,5.92,5.92,5.92,9.05,9.05,10.45,10.45,6.96,6.96,6.96,6.96,6.96,6.96,9.75,11.14,11.14,9.75,6.27,6.27,6.27,6.27
N_11_27,N_12_25,3.6923069013619156,3.77,3.77,3.77,3.77,3.77,3.77,5.76,5.76,6.65,6.65,4.43,4.43,4.43,4.43,4.43,4.43,6.2,7.09,7.09,6.2,3.99,3.99,3.99,3.99
N_11_27,N_13_26,4.71919998527537,4.81,4.81,4.81,4.81,4.81,4.81,7.36,7.36,8.49,8.49,5.66,5.66,5.66,5.66,5.66,5.66,7.93,9.06,9.06,7.93,5.1,5.1,5.1,5.1
N_11_28,N_10_29,8.41778407744677,4.67,4.67,4.67,4.67,4.67,4.67,5.81,5.81,6.31,6.31,5.05,5.05,5.05,5.05,5.05,5.05,6.06,6.57,6.57,6.06,4.8,4.8,4.8,4.8
N_11_28,N_11_27,5.803252007132455,5.92,5.92,5.92,5.92,5.92,5.92,9.05,9.05,10.45,10.45,6.96,6.96,6.96,6.96,6.96,6.96,9.75,11.14,11.14,9.75,6.27,6.27,6.27,6.27
N_11_28,N_11_29,5.557528998898316,5.67,5.67,5.67,5.67,5.67,5.67,8.67,8.67,10.0,10.0,6.67,6.67,6.67,6.67,6.67,6.67,9.34,10.67,10.67,9.34,6.0,6.0,6.0,6.0
N_11_28,N_12_30,6.9079531811777315,7.05,7.05,7.05,7.05,7.05,7.05,10.78,10.78,12.43,12.43,8.29,8.29,8.29,8.29,8.29,8.29,11.61,13.26,13.26,11.61,7.46,7.46,7.46,7.46
N_11_28,N_10_30,4.256580043036334,4.34,4.34,4.34,4.34,4.34,4.34,6.64,6.64,7.66,7.66,5.11,5.11,5.11,5.11,5.11,5.11,7.15,8.17,8.17,7.15,4.6,4.6,4.6,4.6
N_11_29,N_10_27,0.9435798478710802,1.55,1.55,1.55,1.55,1.55,1.55,2.57,2.57,3.02,3.02,1.89,1.89,1.89,1.89,1.89,1.89,2.79,3.25,3.25,2.79,1.66,1.66,1.66,1.66
N_11_29,N_10_28,13.788185785187762,7.65,7.65,7.65,7.65,7.65,7.65,9.51,9.51,10.34,10.34,8.27,8.27,8.27,8.27,8.27,8.27,9.93,10.75,10.75,9.93,7.86,7.86,7.86,7.86
N_11_3,N_13_4,6.801152833461444,6.94,6.94,6.94,6.94,6.94,6.94,10.61,10.61,12.24,12.24,8.16,8.16,8.16,8.16,8.16,8.16,11.43,13.06,13.06,11.43,7.35,7.35,7.35,7.35
N_11_3,N_13_3,14.345851569753187,7.96,7.96,7.96,7.96,7.96,7.96,9.9,9.9,10.76,10.76,8.61,8.61,8.61,8.61,8.61,8.61,10.33,11.19,11.19,10.33,8.18,8.18,8.18,8.18
N_11_3,N_11_1,1.632882275361406,2.68,2.68,2.68,2.68,2.68,2.68,4.44,4.44,5.23,5.23,3.27,3.27,3.27,3.27,3.27,3.27,4.83,5.62,5.62,4.83,2.87,2.87,2.87,2.87
N_11_3,N_11_2,5.1938036119329425,5.3,5.3,5.3,5.3,5.3,5.3,8.1,8.1,9.35,9.35,6.23,6.23,6.23,6.23,6.23,6.23,8.73,9.97,9.97,8.73,5.61,5.61,5.61,5.61
N_11_30,N_10_29,5.344868885980788,5.45,5.45,5.45,5.45,5.45,5.45,8.34,8.34,9.62,9.62,6.41,6.41,6.41,6.41,6.41,6.41,8.98,10.26,10.26,8.98,5.77,5.77,5.77,5.77
N_11_30,N_11_32,5.32393443423497,5.43,5.43,5.43,5.43,5.43,5.43,8.31,8.31,9.58,9.58,6.39,6.39,6.39,6.39,6.39,6.39,8.94,10.22,10.22,8.94,5.75,5.75,5.75,5.75
N_11_30,N_12_30,5.113867694593932,5.22,5.22,5.22,5.22,5.22,5.22,7.98,7.98,9.2,9.2,6.14,6.14,6.14,6.14,6.14,6.14,8.59,9.82,9.82,8.59,5.52,5.52,5.52,5.52
N_11_31,N_10_30,4.209732345343868,4.29,4.29,4.29,4.29,4.29,4.29,6.57,6.57,7.58,7.58,5.05,5.05,5.05,5.05,5.05,5.05,7.07,8.08,8.08,7.07,4.55,4.55,4.55,4.55
N_11_31,N_10_32,0.6327923176204868,1.04,1.04,1.04,1.04,1.04,1.04,1.72,1.72,2.02,2.02,1.27,1.27,1.27,1.27,1.27,1.27,1.87,2.18,2.18,1.87,1.11,1.11,1.11,1.11
N_11_32,N_10_30,1.7567107789954022,2.88,2.88,2.88,2.88,2.88,2.88,4.78,4.78,5.62,5.62,3.51,3.51,3.51,3.51,3.51,3.51,5.2,6.04,6.04,5.2,3.09,3.09,3.09,3.09
N_11_32,N_11_30,5.32393443423497,5.43,5.43,5.43,5.43,5.43,5.43,8.31,8.31,9.58,9.58,6.39,6.39,6.39,6.39,6.39,6.39,8.94,10.22,10.22,8.94,5.75,5.75,5.75,5.75
N_11_32,N_9_33,6.289756230057733,6.42,6.42,6.42,6.42,6.42,6.42,9.81,9.81,11.32,11.32,7.55,7.55,7.55,7.55,7.55,7.55,10.57,12.08,12.08,10.57,6.79,6.79,6.79,6.79
N_11_32,N_12_31,2.4933463036527828,4.09,4.09,4.09,4.09,4.09,4.09,6.78,6.78,7.98,7.98,4.99,4.99,4.99,4.99,4.99,4.99,7.38,8.58,8.58,7.38,4.39,4.39,4.39,4.39
N_11_33,N_10_31,3.653177378671005,3.73,3.73,3.73,3.73,3.73,3.73,5.7,5.7,6.58,6.58,4.38,4.38,4.38,4.38,4.38,4.38,6.14,7.01,7.01,6.14,3.95,3.95,3.95,3.95
N_11_33,N_10_33,4.034404615430214,4.12,4.12,4.12,4.12,4.12,4.12,6.29,6.29,7.26,7.26,4.84,4.84,4.84,4.84,4.84,4.84,6.78,7.75,7.75,6.78,4.36,4.36,4.36,4.36
N_11_33,N_10_34,5.260855441233582,5.37,5.37,5.37,5.37,5.37,5.37,8.21,8.21,9.47,9.47,6.31,6.31,6.31,6.31,6.31,6.31,8.84,10.1,10.1,8.84,5.68,5.68,5.68,5.68
N_11_33,N_12_34,1.7648268757175243,2.89,2.89,2.89,2.89,2.89,2.89,4.8,4.8,5.65,5.65,3.53,3.53,3.53,3.53,3.53,3.53,5.22,6.07,6.07,5.22,3.11,3.11,3.11,3.11
N_11_34,N_9_34,4.343453071941657,4.43,4.43,4.43,4.43,4.43,4.43,6.78,6.78,7.82,7.82,5.21,5.21,5.21,5.21,5.21,5.21,7.3,8.34,8.34,7.3,4.69,4.69,4.69,4.69
N_11_34,N_12_34,3.5602881658917815,3.63,3.63,3.63,3.63,3.63,3.63,5.55,5.55,6.41,6.41,4.27,4.27,4.27,4.27,4.27,4.27,5.98,6.84,6.84,5.98,3.85,3.85,3.85,3.85
N_11_34,N_13_33,5.316531365157678,5.42,5.42,5.42,5.42,5.42,5.42,8.29,8.29,9.57,9.57,6.38,6.38,6.38,6.38,6.38,6.38,8.93,10.21,10.21,8.93,5.74,5.74,5.74,5.74
N_11_35,N_10_33,3.0870811416723516,3.15,3.15,3.15,3.15,3.15,3.15,4.82,4.82,5.56,5.56,3.7,3.7,3.7,3.7,3.7,3.7,5.19,5.93,5.93,5.19,3.33,3.33,3.33,3.33
N_11_35,N_13_34,3.205158226670142,3.27,3.27,3.27,3.27,3.27,3.27,5.0,5.0,5.77,5.77,3.85,3.85,3.85,3.85,3.85,3.85,5.38,6.15,6.15,5.38,3.46,3.46,3.46,3.46
N_11_35,N_12_36,3.0340941881654198,3.09,3.09,3.09,3.09,3.09,3.09,4.73,4.73,5.46,5.46,3.64,3.64,3.64,3.64,3.64,3.64,5.1,5.83,5.83,5.1,3.28,3.28,3.28,3.28
N_11_36,N_12_36,6.114738237954644,6.24,6.24,6.24,6.24,6.24,6.24,9.54,9.54,11.01,11.01,7.34,7.34,7.34,7.34,7.34,7.34,10.27,11.74,11.74,10.27,6.6,6.6,6.6,6.6
N_11_36,N_10_35,4.062810462611335,4.14,4.14,4.14,4.14,4.14,4.14,6.34,6.34,7.31,7.31,4.88,4.88,4.88,4.88,4.88,4.88,6.83,7.8,7.8,6.83,4.39,4.39,4.39,4.39
N_11_36,N_12_34,4.502805367119537,4.59,4.59,4.59,4.59,4.59,4.59,7.02,7.02,8.11,8.11,5.4,5.4,5.4,5.4,5.4,5.4,7.56,8.65,8.65,7.56,4.86,4.86,4.86,4.86
N_11_36,N_11_34,9.829886041564839,5.46,5.46,5.46,5.46,5.46,5.46,6.78,6.78,7.37,7.37,5.9,5.9,5.9,5.9,5.9,5.9,7.08,7.67,7.67,7.08,5.6,5.6,5.6,5.6
N_11_37,N_12_38,5.339205717032566,5.45,5.45,5.45,5.45,5.45,5.45,8.33,8.33,9.61,9.61,6.41,6.41,6.41,6.41,6.41,6.41,8.97,10.25,10.25,8.97,5.77,5.77,5.77,5.77
N_11_37,N_12_39,5.157883452488192,5.26,5.26,5.26,5.26,5.26,5.26,8.05,8.05,9.28,9.28,6.19,6.19,6.19,6.19,6.19,6.19,8.67,9.9,9.9,8.67,5.57,5.57,5.57,5.57
N_11_37,N_9_36,1.7082038083553435,2.8,2.8,2.8,2.8,2.8,2.8,4.65,4.65,5.47,5.47,3.42,3.42,3.42,3.42,3.42,3.42,5.06,5.88,5.88,5.06,3.01,3.01,3.01,3.01
N_11_37,N_10_39,8.464572569935033,4.7,4.7,4.7,4.7,4.7,4.7,5.84,5.84,6.35,6.35,5.08,5.08,5.08,5.08,5.08,5.08,6.09,6.6,6.6,6.09,4.82,4.82,4.82,4.82
N_11_37,N_13_36,4.99305015316586,5.09,5.09,5.09,5.09,5.09,5.09,7.79,7.79,8.99,8.99,5.99,5.99,5.99,5.99,5.99,5.99,8.39,9.59,9.59,8.39,5.39,5.39,5.39,5.39
N_11_38,N_10_36,0.617023048930748,1.01,1.01,1.01,1.01,1.01,1.01,1.68,1.68,1.97,1.97,1.23,1.23,1.23,1.23,1.23,1.23,1.83,2.12,2.12,1.83,1.09,1.09,1.09,1.09
N_11_38,N_12_36,1.3815219232035845,2.27,2.27,2.27,2.27,2.27,2.27,3.76,3.76,4.42,4.42,2.76,2.76,2.76,2.76,2.76,2.76,4.09,4.75,4.75,4.09,2.43,2.43,2.43,2.43
N_11_39,N_10_38,8.753464728330005,4.86,4.86,4.86,4.86,4.86,4.86,6.04,6.04,6.57,6.57,5.25,5.25,5.25,5.25,5.25,5.25,6.3,6.83,6.83,6.3,4.99,4.99,4.99,4.99
N_11_39,N_12_37,5.43915111348379,5.55,5.55,5.55,5.55,5.55,5.55,8.49,8.49,9.79,9.79,6.53,6.53,6.53,6.53,6.53,6.53,9.14,10.44,10.44,9.14,5.87,5.87,5.87,5.87
N_11_4,N_12_4,5.284855991050961,5.39,5.39,5.39,5.39,5.39,5.39,8.24,8.24,9.51,9.51,6.34,6.34,6.34,6.34,6.34,6.34,8.88,10.15,10.15,8.88,5.71,5.71,5.71,5.71
N_11_4,N_9_4,5.12374704921572,5.23,5.23,5.23,5.23,5.23,5.23,7.99,7.99,9.22,9.22,6.15,6.15,6.15,6.15,6.15,6.15,8.61,9.84,9.84,8.61,5.53,5.53,5.53,5.53
N_11_5,N_10_6,11.300512625373013,6.27,6.27,6.27,6.27,6.27,6.27,7.8,7.8,8.48,8.48,6.78,6.78,6.78,6.78,6.78,6.78,8.14,8.81,8.81,8.14,6.44,6.44,6.44,6.44
N_11_5,N_10_4,2.4527050082754043,4.02,4.02,4.02,4.02,4.02,4.02,6.67,6.67,7.85,7.85,4.91,4.91,4.91,4.91,4.91,4.91,7.26,8.44,8.44,7.26,4.32,4.32,4.32,4.32
N_11_6,N_10_7,3.4263903611787727,3.49,3.49,3.49,3.49,3.49,3.49,5.35,5.35,6.17,6.17,4.11,4.11,4.11,4.11,4.11,4.11,5.76,6.58,6.58,5.76,3.7,3.7,3.7,3.7
N_11_6,N_10_4,5.1139944818624326,5.22,5.22,5.22,5.22,5.22,5.22,7.98,7.98,9.21,9.21,6.14,6.14,6.14,6.14,6.14,6.14,8.59,9.82,9.82,8.59,5.52,5.52,5.52,5.52
N_11_7,N_10_9,4.328379435944875,4.41,4.41,4.41,4.41,4.41,4.41,6.75,6.75,7.79,7.79,5.19,5.19,5.19,5.19,5.19,5.19,7.27,8.31,8.31,7.27,4.67,4.67,4.67,4.67
N_11_7,N_10_7,4.533672913824082,4.62,4.62,4.62,4.62,4.62,4.62,7.07,7.07,8.16,8.16,5.44,5.44,5.44,5.44,5.44,5.44,7.62,8.7,8.7,7.62,4.9,4.9,4.9,4.9
N_11_7,N_10_8,6.863208437302896,7.0,7.0,7.0,7.0,7.0,7.0,10.71,10.71,12.35,12.35,8.24,8.24,8.24,8.24,8.24,8.24,11.53,13.18,13.18,11.53,7.41,7.41,7.41,7.41
N_11_7,N_11_9,5.667006750841306,5.78,5.78,5.78,5.78,5.78,5.78,8.84,8.84,10.2,10.2,6.8,6.8,6.8,6.8,6.8,6.8,9.52,10.88,10.88,9.52,6.12,6.12,6.12,6.12
N_11_8,N_10_9,4.70463100233302,4.8,4.8,4.8,4.8,4.8,4.8,7.34,7.34,8.47,8.47,5.65,5.65,5.65,5.65,5.65,5.65,7.9,9.03,9.03,7.9,5.08,5.08,5.08,5.08
N_11_8,N_10_7,8.570579246108368,4.76,4.76,4.76,4.76,4.76,4.76,5.91,5.91,6.43,6.43,5.14,5.14,5.14,5.14,5.14,5.14,6.17,6.69,6.69,6.17,4.89,4.89,4.89,4.89
N_11_8,N_12_9,13.381139341989282,7.43,7.43,7.43,7.43,7.43,7.43,9.23,9.23,10.04,10.04,8.03,8.03,8.03,8.03,8.03,8.03,9.63,10.44,10.44,9.63,7.63,7.63,7.63,7.63
N_11_8,N_10_10,12.584448814723178,6.98,6.98,6.98,6.98,6.98,6.98,8.68,8.68,9.44,9.44,7.55,7.55,7.55,7.55,7.55,7.55,9.06,9.82,9.82,9.06,7.17,7.17,7.17,7.17
N_11_8,N_13_9,4.193355601024965,4.28,4.28,4.28,4.28,4.28,4.28,6.54,6.54,7.55,7.55,5.03,5.03,5.03,5.03,5.03,5.03,7.04,8.05,8.05,7.04,4.53,4.53,4.53,4.53
N_11_9,N_11_7,5.667006750841306,5.78,5.78,5.78,5.78,5.78,5.78,8.84,8.84,10.2,10.2,6.8,6.8,6.8,6.8,6.8,6.8,9.52,10.88,10.88,9.52,6.12,6.12,6.12,6.12
N_11_9,N_12_11,11.787193994886655,6.54,6.54,6.54,6.54,6.54,6.54,8.13,8.13,8.84,8.84,7.07,7.07,7.07,7.07,7.07,7.07,8.49,9.19,9.19,8.49,6.72,6.72,6.72,6.72
N_11_9,N_12_7,5.514148674412011,5.62,5.62,5.62,5.62,5.62,5.62,8.6,8.6,9.93,9.93,6.62,6.62,6.62,6.62,6.62,6.62,9.26,10.59,10.59,9.26,5.96,5.96,5.96,5.96
N_12_0,N_12_1,6.804026407016885,6.94,6.94,6.94,6.94,6.94,6.94,10.61,10.61,12.25,12.25,8.16,8.16,8.16,8.16,8.16,8.16,11.43,13.06,13.06,11.43,7.35,7.35,7.35,7.35
N_12_0,N_13_2,1.385707532860293,2.27,2.27,2.27,2.27,2.27,2.27,3.77,3.77,4.43,4.43,2.77,2.77,2.77,2.77,2.77,2.77,4.1,4.77,4.77,4.1,2.44,2.44,2.44,2.44
N_12_1,N_10_2,14.193175927323466,7.88,7.88,7.88,7.88,7.88,7.88,9.79,9.79,10.64,10.64,8.52,8.52,8.52,8.52,8.52,8.52,10.22,11.07,11.07,10.22,8.09,8.09,8.09,8.09
N_12_1,N_12_0,6.804026407016885,6.94,6.94,6.94,6.94,6.94,6.94,10.61,10.61,12.25,12.25,8.16,8.16,8.16,8.16,8.16,8.16,11.43,13.06,13.06,11.43,7.35,7.35,7.35,7.35
N_12_1,N_10_0,4.790228565768189,4.89,4.89,4.89,4.89,4.89,4.89,7.47,7.47,8.62,8.62,5.75,5.75,5.75,5.75,5.75,5.75,8.05,9.2,9.2,8.05,5.17,5.17,5.17,5.17
N_12_1,N_13_1,11.742427353911742,6.52,6.52,6.52,6.52,6.52,6.52,8.1,8.1,8.81,8.81,7.05,7.05,7.05,7.05,7.05,7.05,8.45,9.16,9.16,8.45,6.69,6.69,6.69,6.69
N_12_10,N_10_10,13.879236727885463,7.7,7.7,7.7,7.7,7.7,7.7,9.58,9.58,10.41,10.41,8.33,8.33,8.33,8.33,8.33,8.33,9.99,10.83,10.83,9.99,7.91,7.91,7.91,7.91
N_12_10,N_10_9,5.793022706849323,5.91,5.91,5.91,5.91,5.91,5.91,9.04,9.04,10.43,10.43,6.95,6.95,6.95,6.95,6.95,6.95,9.73,11.12,11.12,9.73,6.26,6.26,6.26,6.26
N_12_10,N_11_10,3.874581378136554,3.95,3.95,3.95,3.95,3.95,3.95,6.04,6.04,6.97,6.97,4.65,4.65,4.65,4.65,4.65,4.65,6.51,7.44,7.44,6.51,4.18,4.18,4.18,4.18
N_12_10,N_13_12,6.799852052660668,6.94,6.94,6.94,6.94,6.94,6.94,10.61,10.61,12.24,12.24,8.16,8.16,8.16,8.16,8.16,8.16,11.42,13.06,13.06,11.42,7.34,7.34,7.34,7.34
N_12_11,N_11_11,0.68239456947555,1.12,1.12,1.12,1.12,1.12,1.12,1.86,1.86,2.18,2.18,1.36,1.36,1.36,1.36,1.36,1.36,2.02,2.35,2.35,2.02,1.2,1.2,1.2,1.2
N_12_11,N_11_9,11.787193994886655,6.54,6.54,6.54,6.54,6.54,6.54,8.13,8.13,8.84,8.84,7.07,7.07,7.07,7.07,7.07,7.07,8.49,9.19,9.19,8.49,6.72,6.72,6.72,6.72
N_12_11,N_11_13,5.215889482569988,5.32,5.32,5.32,5.32,5.32,5.32,8.14,8.14,9.39,9.39,6.26,6.26,6.26,6.26,6.26,6.26,8.76,10.01,10.01,8.76,5.63,5.63,5.63,5.63
N_12_12,N_11_14,1.5514822630535057,2.54,2.54,2.54,2.54,2.54,2.54,4.22,4.22,4.96,4.96,3.1,3.1,3.1,3.1,3.1,3.1,4.59,5.34,5.34,4.59,2.73,2.73,2.73,2.73
N_12_12,N_14_12,6.174834144045819,6.3,6.3,6.3,6.3,6.3,6.3,9.63,9.63,11.11,11.11,7.41,7.41,7.41,7.41,7.41,7.41,10.37,11.86,11.86,10.37,6.67,6.67,6.67,6.67
N_12_12,N_12_11,1.1488029313609553,1.88,1.88,1.88,1.88,1.88,1.88,3.12,3.12,3.68,3.68,2.3,2.3,2.3,2.3,2.3,2.3,3.4,3.95,3.95,3.4,2.02,2.02,2.02,2.02
N_12_13,N_10_12,6.631261191176376,6.76,6.76,6.76,6.76,6.76,6.76,10.34,10.34,11.94,11.94,7.96,7.96,7.96,7.96,7.96,7.96,11.14,12.73,12.73,11.14,7.16,7.16,7.16,7.16
N_12_13,N_14_14,11.74475317463797,6.52,6.52,6.52,6.52,6.52,6.52,8.1,8.1,8.81,8.81,7.05,7.05,7.05,7.05,7.05,7.05,8.46,9.16,9.16,8.46,6.69,6.69,6.69,6.69
N_12_13,N_11_14,10.452686660148995,5.8,5.8,5.8,5.8,5.8,5.8,7.21,7.21,7.84,7.84,6.27,6.27,6.27,6.27,6.27,6.27,7.53,8.15,8.15,7.53,5.96,5.96,5.96,5.96
N_12_13,N_11_15,1.1215291550782696,1.84,1.84,1.84,1.84,1.84,1.84,3.05,3.05,3.59,3.59,2.24,2.24,2.24,2.24,2.24,2.24,3.32,3.86,3.86,3.32,1.97,1.97,1.97,1.97
N_12_13,N_13_14,8.178481359119335,4.54,4.54,4.54,4.54,4.54,4.54,5.64,5.64,6.13,6.13,4.91,4.91,4.91,4.91,4.91,4.91,5.89,6.38,6.38,5.89,4.66,4.66,4.66,4.66
N_12_13,N_12_11,4.785665682532057,4.88,4.88,4.88,4.88,4.88,4.88,7.47,7.47,8.61,8.61,5.74,5.74,5.74,5.74,5.74,5.74,8.04,9.19,9.19,8.04,5.17,5.17,5.17,5.17
N_12_13,N_14_12,10.427915488887429,5.79,5.79,5.79,5.79,5.79,5.79,7.2,7.2,7.82,7.82,6.26,6.26,6.26,6.26,6.26,6.26,7.51,8.13,8.13,7.51,5.94,5.94,5.94,5.94
N_12_14,N_10_15,6.56926270408105,6.7,6.7,6.7,6.7,6.7,6.7,10.25,10.25,11.82,11.82,7.88,7.88,7.88,7.88,7.88,7.88,11.04,12.61,12.61,11.04,7.09,7.09,7.09,7.09
N_12_14,N_14_15,12.678469026464864,7.04,7.04,7.04,7.04,7.04,7.04,8.75,8.75,9.51,9.51,7.61,7.61,7.61,7.61,7.61,7.61,9.13,9.89,9.89,9.13,7.23,7.23,7.23,7.23
N_12_14,N_11_14,3.34339172298722,3.41,3.41,3.41,3.41,3.41,3.41,5.22,5.22,6.02,6.02,4.01,4.01,4.01,4.01,4.01,4.01,5.62,6.42,6.42,5.62,3.61,3.61,3.61,3.61
N_12_15,N_10_15,6.639407549017322,6.77,6.77,6.77,6.77,6.77,6.77,10.36,10.36,11.95,11.95,7.97,7.97,7.97,7.97,7.97,7.97,11.15,12.75,12.75,11.15,7.17,7.17,7.17,7.17
N_12_15,N_13_14,9.818223320057376,5.45,5.45,5.45,5.45,5.45,5.45,6.77,6.77,7.36,7.36,5.89,5.89,5.89,5.89,5.89,5.89,7.07,7.66,7.66,7.07,5.6,5.6,5.6,5.6
N_12_15,N_11_13,0.7292858593715585,1.2,1.2,1.2,1.2,1.2,1.2,1.98,1.98,2.33,2.33,1.46,1.46,1.46,1.46,1.46,1.46,2.16,2.51,2.51,2.16,1.28,1.28,1.28,1.28
N_12_16,N_12_15,2.2079713727239128,3.62,3.62,3.62,3.62,3.62,3.62,6.01,6.01,7.07,7.07,4.42,4.42,4.42,4.42,4.42,4.42,6.54,7.6,7.6,6.54,3.89,3.89,3.89,3.89
N_12_16,N_13_17,6.602260810164585,6.73,6.73,6.73,6.73,6.73,6.73,10.3,10.3,11.88,11.88,7.92,7.92,7.92,7.92,7.92,7.92,11.09,12.68,12.68,11.09,7.13,7.13,7.13,7.13
N_12_16,N_12_14,8.055319599060766,4.47,4.47,4.47,4.47,4.47,4.47,5.56,5.56,6.04,6.04,4.83,4.83,4.83,4.83,4.83,4.83,5.8,6.28,6.28,5.8,4.59,4.59,4.59,4.59
N_12_17,N_13_15,4.251044642175865,4.34,4.34,4.34,4.34,4.34,4.34,6.63,6.63,7.65,7.65,5.1,5.1,5.1,5.1,5.1,5.1,7.14,8.16,8.16,7.14,4.59,4.59,4.59,4.59
N_12_17,N_11_16,6.26560539892346,6.39,6.39,6.39,6.39,6.39,6.39,9.77,9.77,11.28,11.28,7.52,7.52,7.52,7.52,7.52,7.52,10.53,12.03,12.03,10.53,6.77,6.77,6.77,6.77
N_12_18,N_14_17,0.6249335091311123,1.02,1.02,1.02,1.02,1.02,1.02,1.7,1.7,2.0,2.0,1.25,1.25,1.25,1.25,1.25,1.25,1.85,2.15,2.15,1.85,1.1,1.1,1.1,1.1
N_12_18,N_13_20,6.063766395989483,6.19,6.19,6.19,6.19,6.19,6.19,9.46,9.46,10.91,10.91,7.28,7.28,7.28,7.28,7.28,7.28,10.19,11.64,11.64,10.19,6.55,6.55,6.55,6.55
N_12_18,N_12_17,0.5912212759888822,0.97,0.97,0.97,0.97,0.97,0.97,1.61,1.61,1.89,1.89,1.18,1.18,1.18,1.18,1.18,1.18,1.75,2.03,2.03,1.75,1.04,1.04,1.04,1.04
N_12_18,N_13_18,0.8185627867947407,1.34,1.34,1.34,1.34,1.34,1.34,2.23,2.23,2.62,2.62,1.64,1.64,1.64,1.64,1.64,1.64,2.42,2.82,2.82,2.42,1.44,1.44,1.44,1.44
N_12_19,N_12_18,14.456706887791245,8.02,8.02,8.02,8.02,8.02,8.02,9.98,9.98,10.84,10.84,8.67,8.67,8.67,8.67,8.67,8.67,10.41,11.28,11.28,10.41,8.24,8.24,8.24,8.24
N_12_19,N_14_19,5.298040927201722,5.4,5.4,5.4,5.4,5.4,5.4,8.26,8.26,9.54,9.54,6.36,6.36,6.36,6.36,6.36,6.36,8.9,10.17,10.17,8.9,5.72,5.72,5.72,5.72
N_12_2,N_11_1,6.791852771652321,6.93,6.93,6.93,6.93,6.93,6.93,10.6,10.6,12.23,12.23,8.15,8.15,8.15,8.15,8.15,8.15,11.41,13.04,13.04,11.41,7.34,7.34,7.34,7.34
N_12_2,N_12_0,4.55269728341881,4.64,4.64,4.64,4.64,4.64,4.64,7.1,7.1,8.19,8.19,5.46,5.46,5.46,5.46,5.46,5.46,7.65,8.74,8.74,7.65,4.92,4.92,4.92,4.92
N_12_2,N_14_2,4.777700598791651,4.87,4.87,4.87,4.87,4.87,4.87,7.45,7.45,8.6,8.6,5.73,5.73,5.73,5.73,5.73,5.73,8.03,9.17,9.17,8.03,5.16,5.16,5.16,5.16
N_12_2,N_11_4,4.41704037989734,4.51,4.51,4.51,4.51,4.51,4.51,6.89,6.89,7.95,7.95,5.3,5.3,5.3,5.3,5.3,5.3,7.42,8.48,8.48,7.42,4.77,4.77,4.77,4.77
N_12_2,N_14_1,14.514766938843366,8.06,8.06,8.06,8.06,8.06,8.06,10.02,10.02,10.89,10.89,8.71,8.71,8.71,8.71,8.71,8.71,10.45,11.32,11.32,10.45,8.27,8.27,8.27,8.27
N_12_2,N_13_3,4.815578014557994,4.91,4.91,4.91,4.91,4.91,4.91,7.51,7.51,8.67,8.67,5.78,5.78,5.78,5.78,5.78,5.78,8.09,9.25,9.25,8.09,5.2,5.2,5.2,5.2
N_12_20,N_12_21,8.773868266071704,4.87,4.87,4.87,4.87,4.87,4.87,6.05,6.05,6.58,6.58,5.26,5.26,5.26,5.26,5.26,5.26,6.32,6.84,6.84,6.32,5.0,5.0,5.0,5.0
N_12_20,N_12_22,1.5569267211661204,2.55,2.55,2.55,2.55,2.55,2.55,4.23,4.23,4.98,4.98,3.11,3.11,3.11,3.11,3.11,3.11,4.61,5.36,5.36,4.61,2.74,2.74,2.74,2.74
N_12_20,N_13_22,0.8664688147697541,1.42,1.42,1.42,1.42,1.42,1.42,2.36,2.36,2.77,2.77,1.73,1.73,1.73,1.73,1.73,1.73,2.56,2.98,2.98,2.56,1.52,1.52,1.52,1.52
N_12_20,N_11_19,10.481515114556194,5.82,5.82,5.82,5.82,5.82,5.82,7.23,7.23,7.86,7.86,6.29,6.29,6.29,6.29,6.29,6.29,7.55,8.18,8.18,7.55,5.97,5.97,5.97,5.97
N_12_21,N_12_20,8.773868266071704,4.87,4.87,4.87,4.87,4.87,4.87,6.05,6.05,6.58,6.58,5.26,5.26,5.26,5.26,5.26,5.26,6.32,6.84,6.84,6.32,5.0,5.0,5.0,5.0
N_12_21,N_11_21,0.8917831249292676,1.46,1.46,1.46,1.46,1.46,1.46,2.43,2.43,2.85,2.85,1.78,1.78,1.78,1.78,1.78,1.78,2.64,3.07,3.07,2.64,1.57,1.57,1.57,1.57
N_12_22,N_10_22,0.8098860486790822,1.33,1.33,1.33,1.33,1.33,1.33,2.2,2.2,2.59,2.59,1.62,1.62,1.62,1.62,1.62,1.62,2.4,2.79,2.79,2.4,1.43,1.43,1.43,1.43
N_12_22,N_12_20,1.5569267211661204,2.55,2.55,2.55,2.55,2.55,2.55,4.23,4.23,4.98,4.98,3.11,3.11,3.11,3.11,3.11,3.11,4.61,5.36,5.36,4.61,2.74,2.74,2.74,2.74
N_12_22,N_11_24,13.720238318064727,7.61,7.61,7.61,7.61,7.61,7.61,9.47,9.47,10.29,10.29,8.23,8.23,8.23,8.23,8.23,8.23,9.88,10.7,10.7,9.88,7.82,7.82,7.82,7.82
N_12_22,N_13_23,9.843011595930928,5.46,5.46,5.46,5.46,5.46,5.46,6.79,6.79,7.38,7.38,5.91,5.91,5.91,5.91,5.91,5.91,7.09,7.68,7.68,7.09,5.61,5.61,5.61,5.61
N_12_22,N_11_20,12.466816276986297,6.92,6.92,6.92,6.92,6.92,6.92,8.6,8.6,9.35,9.35,7.48,7.48,7.48,7.48,7.48,7.48,8.98,9.72,9.72,8.98,7.11,7.11,7.11,7.11
N_12_23,N_10_24,0.7880973483402913,1.29,1.29,1.29,1.29,1.29,1.29,2.14,2.14,2.52,2.52,1.58,1.58,1.58,1.58,1.58,1.58,2.33,2.71,2.71,2.33,1.39,1.39,1.39,1.39
N_12_23,N_12_22,5.198657607192734,5.3,5.3,5.3,5.3,5.3,5.3,8.11,8.11,9.36,9.36,6.24,6.24,6.24,6.24,6.24,6.24,8.73,9.98,9.98,8.73,5.61,5.61,5.61,5.61
N_12_23,N_12_21,2.453602214356393,4.02,4.02,4.02,4.02,4.02,4.02,6.67,6.67,7.85,7.85,4.91,4.91,4.91,4.91,4.91,4.91,7.26,8.44,8.44,7.26,4.32,4.32,4.32,4.32
N_12_23,N_13_24,8.234188193058092,4.57,4.57,4.57,4.57,4.57,4.57,5.68,5.68,6.18,6.18,4.94,4.94,4.94,4.94,4.94,4.94,5.93,6.42,6.42,5.93,4.69,4.69,4.69,4.69
N_12_23,N_13_23,6.140666521398324,6.26,6.26,6.26,6.26,6.26,6.26,9.58,9.58,11.05,11.05,7.37,7.37,7.37,7.37,7.37,7.37,10.32,11.79,11.79,10.32,6.63,6.63,6.63,6.63
N_12_24,N_14_25,4.79320960381385,4.89,4.89,4.89,4.89,4.89,4.89,7.48,7.48,8.63,8.63,5.75,5.75,5.75,5.75,5.75,5.75,8.05,9.2,9.2,8.05,5.18,5.18,5.18,5.18
N_12_24,N_12_26,0.6888843313925248,1.13,1.13,1.13,1.13,1.13,1.13,1.87,1.87,2.2,2.2,1.38,1.38,1.38,1.38,1.38,1.38,2.04,2.37,2.37,2.04,1.21,1.21,1.21,1.21
N_12_25,N_10_24,12.840432889396787,7.13,7.13,7.13,7.13,7.13,7.13,8.86,8.86,9.63,9.63,7.7,7.7,7.7,7.7,7.7,7.7,9.25,10.02,10.02,9.25,7.32,7.32,7.32,7.32
N_12_25,N_11_25,2.153144963581748,3.53,3.53,3.53,3.53,3.53,3.53,5.86,5.86,6.89,6.89,4.31,4.31,4.31,4.31,4.31,4.31,6.37,7.41,7.41,6.37,3.79,3.79,3.79,3.79
N_12_25,N_11_27,3.6923069013619156,3.77,3.77,3.77,3.77,3.77,3.77,5.76,5.76,6.65,6.65,4.43,4.43,4.43,4.43,4.43,4.43,6.2,7.09,7.09,6.2,3.99,3.99,3.99,3.99
N_12_25,N_11_24,0.753106918790817,1.24,1.24,1.24,1.24,1.24,1.24,2.05,2.05,2.41,2.41,1.51,1.51,1.51,1.51,1.51,1.51,2.23,2.59,2.59,2.23,1.33,1.33,1.33,1.33
N_12_26,N_11_25,12.99876164114235,7.21,7.21,7.21,7.21,7.21,7.21,8.97,8.97,9.75,9.75,7.8,7.8,7.8,7.8,7.8,7.8,9.36,10.14,10.14,9.36,7.41,7.41,7.41,7.41
N_12_26,N_12_24,0.6888843313925248,1.13,1.13,1.13,1.13,1.13,1.13,1.87,1.87,2.2,2.2,1.38,1.38,1.38,1.38,1.38,1.38,2.04,2.37,2.37,2.04,1.21,1.21,1.21,1.21
N_12_26,N_13_24,5.145477395047745,5.25,5.25,5.25,5.25,5.25,5.25,8.03,8.03,9.26,9.26,6.17,6.17,6.17,6.17,6.17,6.17,8.64,9.88,9.88,8.64,5.56,5.56,5.56,5.56
N_12_26,N_11_26,10.616828838861046,5.89,5.89,5.89,5.89,5.89,5.89,7.33,7.33,7.96,7.96,6.37,6.37,6.37,6.37,6.37,6.37,7.64,8.28,8.28,7.64,6.05,6.05,6.05,6.05
N_12_27,N_11_25,10.386049833766101,5.76,5.76,5.76,5.76,5.76,5.76,7.17,7.17,7.79,7.79,6.23,6.23,6.23,6.23,6.23,6.23,7.48,8.1,8.1,7.48,5.92,5.92,5.92,5.92
N_12_27,N_13_28,6.584192923876111,6.72,6.72,6.72,6.72,6.72,6.72,10.27,10.27,11.85,11.85,7.9,7.9,7.9,7.9,7.9,7.9,11.06,12.64,12.64,11.06,7.11,7.11,7.11,7.11
N_12_27,N_14_28,12.513868047083461,6.95,6.95,6.95,6.95,6.95,6.95,8.63,8.63,9.39,9.39,7.51,7.51,7.51,7.51,7.51,7.51,9.01,9.76,9.76,9.01,7.13,7.13,7.13,7.13
N_12_28,N_11_27,4.678232905873639,4.77,4.77,4.77,4.77,4.77,4.77,7.3,7.3,8.42,8.42,5.61,5.61,5.61,5.61,5.61,5.61,7.86,8.98,8.98,7.86,5.05,5.05,5.05,5.05
N_12_28,N_10_29,1.4332864906730145,2.35,2.35,2.35,2.35,2.35,2.35,3.9,3.9,4.59,4.59,2.87,2.87,2.87,2.87,2.87,2.87,4.24,4.93,4.93,4.24,2.52,2.52,2.52,2.52
N_12_28,N_13_27,2.1403038255276554,3.51,3.51,3.51,3.51,3.51,3.51,5.82,5.82,6.85,6.85,4.28,4.28,4.28,4.28,4.28,4.28,6.34,7.36,7.36,6.34,3.77,3.77,3.77,3.77
N_12_29,N_11_30,6.119102712094383,6.24,6.24,6.24,6.24,6.24,6.24,9.55,9.55,11.01,11.01,7.34,7.34,7.34,7.34,7.34,7.34,10.28,11.75,11.75,10.28,6.61,6.61,6.61,6.61
N_12_29,N_11_27,1.8714925318737017,3.07,3.07,3.07,3.07,3.07,3.07,5.09,5.09,5.99,5.99,3.74,3.74,3.74,3.74,3.74,3.74,5.54,6.44,6.44,5.54,3.29,3.29,3.29,3.29
N_12_29,N_11_28,3.214503820424949,3.28,3.28,3.28,3.28,3.28,3.28,5.01,5.01,5.79,5.79,3.86,3.86,3.86,3.86,3.86,3.86,5.4,6.17,6.17,5.4,3.47,3.47,3.47,3.47
N_12_29,N_10_29,8.879566545361774,4.93,4.93,4.93,4.93,4.93,4.93,6.13,6.13,6.66,6.66,5.33,5.33,5.33,5.33,5.33,5.33,6.39,6.93,6.93,6.39,5.06,5.06,5.06,5.06
N_12_3,N_11_1,2.2977566535956178,3.77,3.77,3.77,3.77,3.77,3.77,6.25,6.25,7.35,7.35,4.6,4.6,4.6,4.6,4.6,4.6,6.8,7.9,7.9,6.8,4.04,4.04,4.04,4.04
N_12_3,N_13_5,6.601000846028773,6.73,6.73,6.73,6.73,6.73,6.73,10.3,10.3,11.88,11.88,7.92,7.92,7.92,7.92,7.92,7.92,11.09,12.67,12.67,11.09,7.13,7.13,7.13,7.13
N_12_3,N_10_3,0.7075146240059678,1.16,1.16,1.16,1.16,1.16,1.16,1.92,1.92,2.26,2.26,1.42,1.42,1.42,1.42,1.42,1.42,2.09,2.43,2.43,2.09,1.25,1.25,1.25,1.25
N_12_3,N_11_3,3.793887339389564,3.87,3.87,3.87,3.87,3.87,3.87,5.92,5.92,6.83,6.83,4.55,4.55,4.55,4.55,4.55,4.55,6.37,7.28,7.28,6.37,4.1,4.1,4.1,4.1
N_12_30,N_10_29,6.870681583058213,7.01,7.01,7.01,7.01,7.01,7.01,10.72,10.72,12.37,12.37,8.24,8.24,8.24,8.24,8.24,8.24,11.54,13.19,13.19,11.54,7.42,7.42,7.42,7.42
N_12_30,N_11_28,6.9079531811777315,7.05,7.05,7.05,7.05,7.05,7.05,10.78,10.78,12.43,12.43,8.29,8.29,8.29,8.29,8.29,8.29,11.61,13.26,13.26,11.61,7.46,7.46,7.46,7.46
N_12_30,N_11_30,5.113867694593932,5.22,5.22,5.22,5.22,5.22,5.22,7.98,7.98,9.2,9.2,6.14,6.14,6.14,6.14,6.14,6.14,8.59,9.82,9.82,8.59,5.52,5.52,5.52,5.52
N_12_31,N_10_31,4.3630161269365715,4.45,4.45,4.45,4.45,4.45,4.45,6.81,6.81,7.85,7.85,5.24,5.24,5.24,5.24,5.24,5.24,7.33,8.38,8.38,7.33,4.71,4.71,4.71,4.71
N_12_31,N_11_32,2.4933463036527828,4.09,4.09,4.09,4.09,4.09,4.09,6.78,6.78,7.98,7.98,4.99,4.99,4.99,4.99,4.99,4.99,7.38,8.58,8.58,7.38,4.39,4.39,4.39,4.39
N_12_31,N_12_32,12.506513822209282,6.94,6.94,6.94,6.94,6.94,6.94,8.63,8.63,9.38,9.38,7.5,7.5,7.5,7.5,7.5,7.5,9.0,9.76,9.76,9.0,7.13,7.13,7.13,7.13
N_12_31,N_13_33,3.334935703263674,3.4,3.4,3.4,3.4,3.4,3.4,5.2,5.2,6.0,6.0,4.0,4.0,4.0,4.0,4.0,4.0,5.6,6.4,6.4,5.6,3.6,3.6,3.6,3.6
N_12_31,N_12_33,8.414140293130442,4.67,4.67,4.67,4.67,4.67,4.67,5.81,5.81,6.31,6.31,5.05,5.05,5.05,5.05,5.05,5.05,6.06,6.56,6.56,6.06,4.8,4.8,4.8,4.8
N_12_32,N_12_31,6.373932552479134,6.5,6.5,6.5,6.5,6.5,6.5,9.94,9.94,11.47,11.47,7.65,7.65,7.65,7.65,7.65,7.65,10.71,12.24,12.24,10.71,6.88,6.88,6.88,6.88
N_12_32,N_10_33,5.406648105004871,5.51,5.51,5.51,5.51,5.51,5.51,8.43,8.43,9.73,9.73,6.49,6.49,6.49,6.49,6.49,6.49,9.08,10.38,10.38,9.08,5.84,5.84,5.84,5.84
N_12_32,N_11_33,6.761263999889034,6.9,6.9,6.9,6.9,6.9,6.9,10.55,10.55,12.17,12.17,8.11,8.11,8.11,8.11,8.11,8.11,11.36,12.98,12.98,11.36,7.3,7.3,7.3,7.3
N_12_33,N_10_32,10.3038928293915,5.72,5.72,5.72,5.72,5.72,5.72,7.11,7.11,7.73,7.73,6.18,6.18,6.18,6.18,6.18,6.18,7.42,8.04,8.04,7.42,5.87,5.87,5.87,5.87
N_12_33,N_12_31,8.414140293130442,4.67,4.67,4.67,4.67,4.67,4.67,5.81,5.81,6.31,6.31,5.05,5.05,5.05,5.05,5.05,5.05,6.06,6.56,6.56,6.06,4.8,4.8,4.8,4.8
N_12_33,N_13_33,5.309300896168669,5.42,5.42,5.42,5.42,5.42,5.42,8.28,8.28,9.56,9.56,6.37,6.37,6.37,6.37,6.37,6.37,8.92,10.19,10.19,8.92,5.73,5.73,5.73,5.73
N_12_34,N_11_33,1.7648268757175243,2.89,2.89,2.89,2.89,2.89,2.89,4.8,4.8,5.65,5.65,3.53,3.53,3.53,3.53,3.53,3.53,5.22,6.07,6.07,5.22,3.11,3.11,3.11,3.11
N_12_34,N_11_34,3.5602881658917815,3.63,3.63,3.63,3.63,3.63,3.63,5.55,5.55,6.41,6.41,4.27,4.27,4.27,4.27,4.27,4.27,5.98,6.84,6.84,5.98,3.85,3.85,3.85,3.85
N_12_35,N_10_36,9.116051918921517,5.06,5.06,5.06,5.06,5.06,5.06,6.29,6.29,6.84,6.84,5.47,5.47,5.47,5.47,5.47,5.47,6.56,7.11,7.11,6.56,5.2,5.2,5.2,5.2
N_12_35,N_13_33,14.46262491671646,8.03,8.03,8.03,8.03,8.03,8.03,9.98,9.98,10.85,10.85,8.68,8.68,8.68,8.68,8.68,8.68,10.41,11.28,11.28,10.41,8.24,8.24,8.24,8.24
N_12_36,N_10_35,1.8208899201734392,2.99,2.99,2.99,2.99,2.99,2.99,4.95,4.95,5.83,5.83,3.64,3.64,3.64,3.64,3.64,3.64,5.39,6.26,6.26,5.39,3.2,3.2,3.2,3.2
N_12_36,N_11_35,3.0340941881654198,3.09,3.09,3.09,3.09,3.09,3.09,4.73,4.73,5.46,5.46,3.64,3.64,3.64,3.64,3.64,3.64,5.1,5.83,5.83,5.1,3.28,3.28,3.28,3.28
N_12_36,N_12_35,3.2498086568139937,3.31,3.31,3.31,3.31,3.31,3.31,5.07,5.07,5.85,5.85,3.9,3.9,3.9,3.9,3.9,3.9,5.46,6.24,6.24,5.46,3.51,3.51,3.51,3.51
N_12_36,N_13_38,2.188812243554842,3.59,3.59,3.59,3.59,3.59,3.59,5.95,5.95,7.0,7.0,4.38,4.38,4.38,4.38,4.38,4.38,6.48,7.53,7.53,6.48,3.85,3.85,3.85,3.85
N_12_37,N_11_39,5.43915111348379,5.55,5.55,5.55,5.55,5.55,5.55,8.49,8.49,9.79,9.79,6.53,6.53,6.53,6.53,6.53,6.53,9.14,10.44,10.44,9.14,5.87,5.87,5.87,5.87
N_12_37,N_11_38,12.130007913189228,6.73,6.73,6.73,6.73,6.73,6.73,8.37,8.37,9.1,9.1,7.28,7.28,7.28,7.28,7.28,7.28,8.73,9.46,9.46,8.73,6.91,6.91,6.91,6.91
N_12_38,N_11_37,5.339205717032566,5.45,5.45,5.45,5.45,5.45,5.45,8.33,8.33,9.61,9.61,6.41,6.41,6.41,6.41,6.41,6.41,8.97,10.25,10.25,8.97,5.77,5.77,5.77,5.77
N_12_38,N_10_38,3.570204193148005,3.64,3.64,3.64,3.64,3.64,3.64,5.57,5.57,6.43,6.43,4.28,4.28,4.28,4.28,4.28,4.28,6.0,6.85,6.85,6.0,3.86,3.86,3.86,3.86
N_12_39,N_10_38,5.287838118747981,5.39,5.39,5.39,5.39,5.39,5.39,8.25,8.25,9.52,9.52,6.35,6.35,6.35,6.35,6.35,6.35,8.88,10.15,10.15,8.88,5.71,5.71,5.71,5.71
N_12_39,N_11_37,5.157883452488192,5.26,5.26,5.26,5.26,5.26,5.26,8.05,8.05,9.28,9.28,6.19,6.19,6.19,6.19,6.19,6.19,8.67,9.9,9.9,8.67,5.57,5.57,5.57,5.57
N_12_39,N_12_38,9.588514091683981,5.32,5.32,5.32,5.32,5.32,5.32,6.62,6.62,7.19,7.19,5.75,5.75,5.75,5.75,5.75,5.75,6.9,7.48,7.48,6.9,5.47,5.47,5.47,5.47
N_12_39,N_14_39,11.033867113996115,6.12,6.12,6.12,6.12,6.12,6.12,7.61,7.61,8.28,8.28,6.62,6.62,6.62,6.62,6.62,6.62,7.94,8.61,8.61,7.94,6.29,6.29,6.29,6.29
N_12_4,N_11_4,5.284855991050961,5.39,5.39,5.39,5.39,5.39,5.39,8.24,8.24,9.51,9.51,6.34,6.34,6.34,6.34,6.34,6.34,8.88,10.15,10.15,8.88,5.71,5.71,5.71,5.71
N_12_4,N_13_5,5.368712761791285,5.48,5.48,5.48,5.48,5.48,5.48,8.38,8.38,9.66,9.66,6.44,6.44,6.44,6.44,6.44,6.44,9.02,10.31,10.31,9.02,5.8,5.8,5.8,5.8
N_12_4,N_10_4,1.7198515326389214,2.82,2.82,2.82,2.82,2.82,2.82,4.68,4.68,5.5,5.5,3.44,3.44,3.44,3.44,3.44,3.44,5.09,5.92,5.92,5.09,3.03,3.03,3.03,3.03
N_12_4,N_13_3,0.9301757363583127,1.53,1.53,1.53,1.53,1.53,1.53,2.53,2.53,2.98,2.98,1.86,1.86,1.86,1.86,1.86,1.86,2.75,3.2,3.2,2.75,1.64,1.64,1.64,1.64
N_12_5,N_12_4,3.1036370187698514,3.17,3.17,3.17,3.17,3.17,3.17,4.84,4.84,5.59,5.59,3.72,3.72,3.72,3.72,3.72,3.72,5.21,5.96,5.96,5.21,3.35,3.35,3.35,3.35
N_12_5,N_10_5,6.405296876644219,6.53,6.53,6.53,6.53,6.53,6.53,9.99,9.99,11.53,11.53,7.69,7.69,7.69,7.69,7.69,7.69,10.76,12.3,12.3,10.76,6.92,6.92,6.92,6.92
N_12_6,N_13_4,13.857753818294288,7.69,7.69,7.69,7.69,7.69,7.69,9.56,9.56,10.39,10.39,8.31,8.31,8.31,8.31,8.31,8.31,9.98,10.81,10.81,9.98,7.9,7.9,7.9,7.9
N_12_6,N_10_5,8.154797859838242,4.53,4.53,4.53,4.53,4.53,4.53,5.63,5.63,6.12,6.12,4.89,4.89,4.89,4.89,4.89,4.89,5.87,6.36,6.36,5.87,4.65,4.65,4.65,4.65
N_12_6,N_10_7,3.11975148506675,3.18,3.18,3.18,3.18,3.18,3.18,4.87,4.87,5.62,5.62,3.74,3.74,3.74,3.74,3.74,3.74,5.24,5.99,5.99,5.24,3.37,3.37,3.37,3.37
N_12_6,N_11_8,5.847255370649098,5.96,5.96,5.96,5.96,5.96,5.96,9.12,9.12,10.53,10.53,7.02,7.02,7.02,7.02,7.02,7.02,9.82,11.23,11.23,9.82,6.32,6.32,6.32,6.32
N_12_7,N_11_9,5.514148674412011,5.62,5.62,5.62,5.62,5.62,5.62,8.6,8.6,9.93,9.93,6.62,6.62,6.62,6.62,6.62,6.62,9.26,10.59,10.59,9.26,5.96,5.96,5.96,5.96
N_12_7,N_12_6,6.37958104159674,6.51,6.51,6.51,6.51,6.51,6.51,9.95,9.95,11.48,11.48,7.66,7.66,7.66,7.66,7.66,7.66,10.72,12.25,12.25,10.72,6.89,6.89,6.89,6.89
N_12_8,N_14_7,3.6916083763113896,3.77,3.77,3.77,3.77,3.77,3.77,5.76,5.76,6.64,6.64,4.43,4.43,4.43,4.43,4.43,4.43,6.2,7.09,7.09,6.2,3.99,3.99,3.99,3.99
N_12_8,N_13_9,6.840880302389073,6.98,6.98,6.98,6.98,6.98,6.98,10.67,10.67,12.31,12.31,8.21,8.21,8.21,8.21,8.21,8.21,11.49,13.13,13.13,11.49,7.39,7.39,7.39,7.39
N_12_8,N_13_7,1.9639465386584765,3.22,3.22,3.22,3.22,3.22,3.22,5.34,5.34,6.28,6.28,3.93,3.93,3.93,3.93,3.93,3.93,5.81,6.76,6.76,5.81,3.46,3.46,3.46,3.46
N_12_9,N_11_10,0.981084931229758,1.61,1.61,1.61,1.61,1.61,1.61,2.67,2.67,3.14,3.14,1.96,1.96,1.96,1.96,1.96,1.96,2.9,3.37,3.37,2.9,1.73,1.73,1.73,1.73
N_12_9,N_11_8,13.381139341989282,7.43,7.43,7.43,7.43,7.43,7.43,9.23,9.23,10.04,10.04,8.03,8.03,8.03,8.03,8.03,8.03,9.63,10.44,10.44,9.63,7.63,7.63,7.63,7.63
N_13_0,N_11_0,5.257536385672127,5.36,5.36,5.36,5.36,5.36,5.36,8.2,8.2,9.46,9.46,6.31,6.31,6.31,6.31,6.31,6.31,8.83,10.09,10.09,8.83,5.68,5.68,5.68,5.68
N_13_0,N_14_1,1.0475700231023595,1.72,1.72,1.72,1.72,1.72,1.72,2.85,2.85,3.35,3.35,2.1,2.1,2.1,2.1,2.1,2.1,3.1,3.6,3.6,3.1,1.84,1.84,1.84,1.84
N_13_0,N_12_2,11.538200592718972,6.4,6.4,6.4,6.4,6.4,6.4,7.96,7.96,8.65,8.65,6.92,6.92,6.92,6.92,6.92,6.92,8.31,9.0,9.0,8.31,6.58,6.58,6.58,6.58
N_13_0,N_12_0,6.241366836807691,6.37,6.37,6.37,6.37,6.37,6.37,9.74,9.74,11.23,11.23,7.49,7.49,7.49,7.49,7.49,7.49,10.49,11.98,11.98,10.49,6.74,6.74,6.74,6.74
N_13_0,N_13_1,4.63428243252585,4.73,4.73,4.73,4.73,4.73,4.73,7.23,7.23,8.34,8.34,5.56,5.56,5.56,5.56,5.56,5.56,7.79,8.9,8.9,7.79,5.01,5.01,5.01,5.01
N_13_1,N_12_1,11.742427353911742,6.52,6.52,6.52,6.52,6.52,6.52,8.1,8.1,8.81,8.81,7.05,7.05,7.05,7.05,7.05,7.05,8.45,9.16,9.16,8.45,6.69,6.69,6.69,6.69
N_13_1,N_12_2,14.802823666135248,8.22,8.22,8.22,8.22,8.22,8.22,10.21,10.21,11.1,11.1,8.88,8.88,8.88,8.88,8.88,8.88,10.66,11.55,11.55,10.66,8.44,8.44,8.44,8.44
N_13_10,N_11_11,0.5102434795376791,0.84,0.84,0.84,0.84,0.84,0.84,1.39,1.39,1.63,1.63,1.02,1.02,1.02,1.02,1.02,1.02,1.51,1.76,1.76,1.51,0.9,0.9,0.9,0.9
N_13_10,N_12_12,6.085039796930577,6.21,6.21,6.21,6.21,6.21,6.21,9.49,9.49,10.95,10.95,7.3,7.3,7.3,7.3,7.3,7.3,10.22,11.68,11.68,10.22,6.57,6.57,6.57,6.57
N_13_11,N_12_12,11.2091901724874,6.22,6.22,6.22,6.22,6.22,6.22,7.73,7.73,8.41,8.41,6.73,6.73,6.73,6.73,6.73,6.73,8.07,8.74,8.74,8.07,6.39,6.39,6.39,6.39
N_13_11,N_14_9,14.267854740023367,7.92,7.92,7.92,7.92,7.92,7.92,9.84,9.84,10.7,10.7,8.56,8.56,8.56,8.56,8.56,8.56,10.27,11.13,11.13,10.27,8.13,8.13,8.13,8.13
N_13_11,N_13_9,1.2034844402806901,1.97,1.97,1.97,1.97,1.97,1.97,3.27,3.27,3.85,3.85,2.41,2.41,2.41,2.41,2.41,2.41,3.56,4.14,4.14,3.56,2.12,2.12,2.12,2.12
N_13_11,N_13_12,12.546516253329099,6.96,6.96,6.96,6.96,6.96,6.96,8.66,8.66,9.41,9.41,7.53,7.53,7.53,7.53,7.53,7.53,9.03,9.79,9.79,9.03,7.15,7.15,7.15,7.15
N_13_11,N_12_10,13.185206137348043,7.32,7.32,7.32,7.32,7.32,7.32,9.1,9.1,9.89,9.89,7.91,7.91,7.91,7.91,7.91,7.91,9.49,10.28,10.28,9.49,7.52,7.52,7.52,7.52
N_13_12,N_13_11,12.546516253329099,6.96,6.96,6.96,6.96,6.96,6.96,8.66,8.66,9.41,9.41,7.53,7.53,7.53,7.53,7.53,7.53,9.03,9.79,9.79,9.03,7.15,7.15,7.15,7.15
N_13_12,N_15_13,4.578661309148485,4.67,4.67,4.67,4.67,4.67,4.67,7.14,7.14,8.24,8.24,5.49,5.49,5.49,5.49,5.49,5.49,7.69,8.79,8.79,7.69,4.94,4.94,4.94,4.94
N_13_12,N_15_11,4.4305695616490866,4.52,4.52,4.52,4.52,4.52,4.52,6.91,6.91,7.98,7.98,5.32,5.32,5.32,5.32,5.32,5.32,7.44,8.51,8.51,7.44,4.79,4.79,4.79,4.79
N_13_13,N_12_15,8.52302876544744,4.73,4.73,4.73,4.73,4.73,4.73,5.88,5.88,6.39,6.39,5.11,5.11,5.11,5.11,5.11,5.11,6.14,6.65,6.65,6.14,4.86,4.86,4.86,4.86
N_13_13,N_11_13,1.3535478608725364,2.22,2.22,2.22,2.22,2.22,2.22,3.68,3.68,4.33,4.33,2.71,2.71,2.71,2.71,2.71,2.71,4.01,4.66,4.66,4.01,2.38,2.38,2.38,2.38
N_13_14,N_12_15,9.818223320057376,5.45,5.45,5.45,5.45,5.45,5.45,6.77,6.77,7.36,7.36,5.89,5.89,5.89,5.89,5.89,5.89,7.07,7.66,7.66,7.07,5.6,5.6,5.6,5.6
N_13_14,N_13_12,6.058654337392378,6.18,6.18,6.18,6.18,6.18,6.18,9.45,9.45,10.91,10.91,7.27,7.27,7.27,7.27,7.27,7.27,10.18,11.63,11.63,10.18,6.54,6.54,6.54,6.54
N_13_15,N_12_17,4.251044642175865,4.34,4.34,4.34,4.34,4.34,4.34,6.63,6.63,7.65,7.65,5.1,5.1,5.1,5.1,5.1,5.1,7.14,8.16,8.16,7.14,4.59,4.59,4.59,4.59
N_13_15,N_12_14,8.516422499160603,4.73,4.73,4.73,4.73,4.73,4.73,5.88,5.88,6.39,6.39,5.11,5.11,5.11,5.11,5.11,5.11,6.13,6.64,6.64,6.13,4.85,4.85,4.85,4.85
N_13_15,N_12_13,5.821901551481418,5.94,5.94,5.94,5.94,5.94,5.94,9.08,9.08,10.48,10.48,6.99,6.99,6.99,6.99,6.99,6.99,9.78,11.18,11.18,9.78,6.29,6.29,6.29,6.29
N_13_15,N_15_14,4.386622412535532,4.47,4.47,4.47,4.47,4.47,4.47,6.84,6.84,7.9,7.9,5.26,5.26,5.26,5.26,5.26,5.26,7.37,8.42,8.42,7.37,4.74,4.74,4.74,4.74
N_13_15,N_15_15,6.89120411156976,7.03,7.03,7.03,7.03,7.03,7.03,10.75,10.75,12.4,12.4,8.27,8.27,8.27,8.27,8.27,8.27,11.58,13.23,13.23,11.58,7.44,7.44,7.44,7.44
N_13_15,N_13_13,1.2465251155719472,2.04,2.04,2.04,2.04,2.04,2.04,3.39,3.39,3.99,3.99,2.49,2.49,2.49,2.49,2.49,2.49,3.69,4.29,4.29,3.69,2.19,2.19,2.19,2.19
N_13_16,N_11_16,3.1848028987440786,3.25,3.25,3.25,3.25,3.25,3.25,4.97,4.97,5.73,5.73,3.82,3.82,3.82,3.82,3.82,3.82,5.35,6.11,6.11,5.35,3.44,3.44,3.44,3.44
N_13_16,N_13_17,8.496812608822772,4.72,4.72,4.72,4.72,4.72,4.72,5.86,5.86,6.37,6.37,5.1,5.1,5.1,5.1,5.1,5.1,6.12,6.63,6.63,6.12,4.84,4.84,4.84,4.84
N_13_16,N_12_18,4.474831156834954,4.56,4.56,4.56,4.56,4.56,4.56,6.98,6.98,8.05,8.05,5.37,5.37,5.37,5.37,5.37,5.37,7.52,8.59,8.59,7.52,4.83,4.83,4.83,4.83
N_13_16,N_15_17,2.174854627817675,3.57,3.57,3.57,3.57,3.57,3.57,5.92,5.92,6.96,6.96,4.35,4.35,4.35,4.35,4.35,4.35,6.44,7.48,7.48,6.44,3.83,3.83,3.83,3.83
N_13_17,N_13_16,8.496812608822772,4.72,4.72,4.72,4.72,4.72,4.72,5.86,5.86,6.37,6.37,5.1,5.1,5.1,5.1,5.1,5.1,6.12,6.63,6.63,6.12,4.84,4.84,4.84,4.84
N_13_17,N_14_17,6.815947953193767,6.95,6.95,6.95,6.95,6.95,6.95,10.63,10.63,12.27,12.27,8.18,8.18,8.18,8.18,8.18,8.18,11.45,13.09,13.09,11.45,7.36,7.36,7.36,7.36
N_13_18,N_11_17,5.0525378332234325,5.15,5.15,5.15,5.15,5.15,5.15,7.88,7.88,9.09,9.09,6.06,6.06,6.06,6.06,6.06,6.06,8.49,9.7,9.7,8.49,5.46,5.46,5.46,5.46
N_13_18,N_12_18,0.8185627867947407,1.34,1.34,1.34,1.34,1.34,1.34,2.23,2.23,2.62,2.62,1.64,1.64,1.64,1.64,1.64,1.64,2.42,2.82,2.82,2.42,1.44,1.44,1.44,1.44
N_13_19,N_12_19,6.351289117743936,6.48,6.48,6.48,6.48,6.48,6.48,9.91,9.91,11.43,11.43,7.62,7.62,7.62,7.62,7.62,7.62,10.67,12.19,12.19,10.67,6.86,6.86,6.86,6.86
N_13_19,N_13_17,2.4579246979432554,4.03,4.03,4.03,4.03,4.03,4.03,6.69,6.69,7.87,7.87,4.92,4.92,4.92,4.92,4.92,4.92,7.28,8.46,8.46,7.28,4.33,4.33,4.33,4.33
N_13_2,N_12_0,1.385707532860293,2.27,2.27,2.27,2.27,2.27,2.27,3.77,3.77,4.43,4.43,2.77,2.77,2.77,2.77,2.77,2.77,4.1,4.77,4.77,4.1,2.44,2.44,2.44,2.44
N_13_2,N_11_3,1.2568581288412628,2.06,2.06,2.06,2.06,2.06,2.06,3.42,3.42,4.02,4.02,2.51,2.51,2.51,2.51,2.51,2.51,3.72,4.32,4.32,3.72,2.21,2.21,2.21,2.21
N_13_20,N_13_19,9.621044843686,5.34,5.34,5.34,5.34,5.34,5.34,6.64,6.64,7.22,7.22,5.77,5.77,5.77,5.77,5.77,5.77,6.93,7.5,7.5,6.93,5.48,5.48,5.48,5.48
N_13_20,N_11_19,3.2830646000121453,3.35,3.35,3.35,3.35,3.35,3.35,5.12,5.12,5.91,5.91,3.94,3.94,3.94,3.94,3.94,3.94,5.52,6.3,6.3,5.52,3.55,3.55,3.55,3.55
N_13_20,N_12_20,4.335480313456788,4.42,4.42,4.42,4.42,4.42,4.42,6.76,6.76,7.8,7.8,5.2,5.2,5.2,5.2,5.2,5.2,7.28,8.32,8.32,7.28,4.68,4.68,4.68,4.68
N_13_20,N_11_20,4.405545377766828,4.49,4.49,4.49,4.49,4.49,4.49,6.87,6.87,7.93,7.93,5.29,5.29,5.29,5.29,5.29,5.29,7.4,8.46,8.46,7.4,4.76,4.76,4.76,4.76
N_13_21,N_12_22,6.463513846370249,6.59,6.59,6.59,6.59,6.59,6.59,10.08,10.08,11.63,11.63,7.76,7.76,7.76,7.76,7.76,7.76,10.86,12.41,12.41,10.86,6.98,6.98,6.98,6.98
N_13_21,N_14_19,1.6218099263950925,2.66,2.66,2.66,2.66,2.66,2.66,4.41,4.41,5.19,5.19,3.24,3.24,3.24,3.24,3.24,3.24,4.8,5.58,5.58,4.8,2.85,2.85,2.85,2.85
N_13_21,N_13_22,6.673839332778565,6.81,6.81,6.81,6.81,6.81,6.81,10.41,10.41,12.01,12.01,8.01,8.01,8.01,8.01,8.01,8.01,11.21,12.81,12.81,11.21,7.21,7.21,7.21,7.21
N_13_21,N_14_23,4.219056758846795,4.3,4.3,4.3,4.3,4.3,4.3,6.58,6.58,7.59,7.59,5.06,5.06,5.06,5.06,5.06,5.06,7.09,8.1,8.1,7.09,4.56,4.56,4.56,4.56
N_13_21,N_13_20,3.862982494753077,3.94,3.94,3.94,3.94,3.94,3.94,6.03,6.03,6.95,6.95,4.64,4.64,4.64,4.64,4.64,4.64,6.49,7.42,7.42,6.49,4.17,4.17,4.17,4.17
N_13_22,N_12_20,0.8664688147697541,1.42,1.42,1.42,1.42,1.42,1.42,2.36,2.36,2.77,2.77,1.73,1.73,1.73,1.73,1.73,1.73,2.56,2.98,2.98,2.56,1.52,1.52,1.52,1.52
N_13_22,N_13_20,1.3150824357694033,2.16,2.16,2.16,2.16,2.16,2.16,3.58,3.58,4.21,4.21,2.63,2.63,2.63,2.63,2.63,2.63,3.89,4.52,4.52,3.89,2.31,2.31,2.31,2.31
N_13_22,N_11_23,3.498779409803661,3.57,3.57,3.57,3.57,3.57,3.57,5.46,5.46,6.3,6.3,4.2,4.2,4.2,4.2,4.2,4.2,5.88,6.72,6.72,5.88,3.78,3.78,3.78,3.78
N_13_22,N_13_24,4.803645907053259,4.9,4.9,4.9,4.9,4.9,4.9,7.49,7.49,8.65,8.65,5.76,5.76,5.76,5.76,5.76,5.76,8.07,9.22,9.22,8.07,5.19,5.19,5.19,5.19
N_13_23,N_11_24,13.140427080806601,7.29,7.29,7.29,7.29,7.29,7.29,9.07,9.07,9.86,9.86,7.88,7.88,7.88,7.88,7.88,7.88,9.46,10.25,10.25,9.46,7.49,7.49,7.49,7.49
N_13_23,N_12_22,9.843011595930928,5.46,5.46,5.46,5.46,5.46,5.46,6.79,6.79,7.38,7.38,5.91,5.91,5.91,5.91,5.91,5.91,7.09,7.68,7.68,7.09,5.61,5.61,5.61,5.61
N_13_23,N_12_23,6.140666521398324,6.26,6.26,6.26,6.26,6.26,6.26,9.58,9.58,11.05,11.05,7.37,7.37,7.37,7.37,7.37,7.37,10.32,11.79,11.79,10.32,6.63,6.63,6.63,6.63
N_13_23,N_12_24,13.31147026470936,7.39,7.39,7.39,7.39,7.39,7.39,9.18,9.18,9.98,9.98,7.99,7.99,7.99,7.99,7.99,7.99,9.58,10.38,10.38,9.58,7.59,7.59,7.59,7.59
N_13_23,N_12_21,6.9909875833185176,7.13,7.13,7.13,7.13,7.13,7.13,10.91,10.91,12.58,12.58,8.39,8.39,8.39,8.39,8.39,8.39,11.74,13.42,13.42,11.74,7.55,7.55,7.55,7.55
N_13_23,N_13_24,6.9143326974045145,7.05,7.05,7.05,7.05,7.05,7.05,10.79,10.79,12.45,12.45,8.3,8.3,8.3,8.3,8.3,8.3,11.62,13.28,13.28,11.62,7.47,7.47,7.47,7.47
N_13_23,N_12_25,4.599113520966037,4.69,4.69,4.69,4.69,4.69,4.69,7.17,7.17,8.28,8.28,5.52,5.52,5.52,5.52,5.52,5.52,7.73,8.83,8.83,7.73,4.97,4.97,4.97,4.97
N_13_24,N_12_23,8.234188193058092,4.57,4.57,4.57,4.57,4.57,4.57,5.68,5.68,6.18,6.18,4.94,4.94,4.94,4.94,4.94,4.94,5.93,6.42,6.42,5.93,4.69,4.69,4.69,4.69
N_13_24,N_12_26,5.145477395047745,5.25,5.25,5.25,5.25,5.25,5.25,8.03,8.03,9.26,9.26,6.17,6.17,6.17,6.17,6.17,6.17,8.64,9.88,9.88,8.64,5.56,5.56,5.56,5.56
N_13_24,N_13_22,4.803645907053259,4.9,4.9,4.9,4.9,4.9,4.9,7.49,7.49,8.65,8.65,5.76,5.76,5.76,5.76,5.76,5.76,8.07,9.22,9.22,8.07,5.19,5.19,5.19,5.19
N_13_24,N_13_23,6.9143326974045145,7.05,7.05,7.05,7.05,7.05,7.05,10.79,10.79,12.45,12.45,8.3,8.3,8.3,8.3,8.3,8.3,11.62,13.28,13.28,11.62,7.47,7.47,7.47,7.47
N_13_25,N_12_27,5.573185519582999,5.68,5.68,5.68,5.68,5.68,5.68,8.69,8.69,10.03,10.03,6.69,6.69,6.69,6.69,6.69,6.69,9.36,10.7,10.7,9.36,6.02,6.02,6.02,6.02
N_13_25,N_14_23,2.4360548507409563,4.0,4.0,4.0,4.0,4.0,4.0,6.63,6.63,7.8,7.8,4.87,4.87,4.87,4.87,4.87,4.87,7.21,8.38,8.38,7.21,4.29,4.29,4.29,4.29
N_13_26,N_11_27,4.71919998527537,4.81,4.81,4.81,4.81,4.81,4.81,7.36,7.36,8.49,8.49,5.66,5.66,5.66,5.66,5.66,5.66,7.93,9.06,9.06,7.93,5.1,5.1,5.1,5.1
N_13_26,N_14_24,3.6771625919622912,3.75,3.75,3.75,3.75,3.75,3.75,5.74,5.74,6.62,6.62,4.41,4.41,4.41,4.41,4.41,4.41,6.18,7.06,7.06,6.18,3.97,3.97,3.97,3.97
N_13_26,N_13_25,1.314998428125193,2.16,2.16,2.16,2.16,2.16,2.16,3.58,3.58,4.21,4.21,2.63,2.63,2.63,2.63,2.63,2.63,3.89,4.52,4.52,3.89,2.31,2.31,2.31,2.31
N_13_26,N_15_25,4.717146734765171,4.81,4.81,4.81,4.81,4.81,4.81,7.36,7.36,8.49,8.49,5.66,5.66,5.66,5.66,5.66,5.66,7.92,9.06,9.06,7.92,5.09,5.09,5.09,5.09
N_13_27,N_14_26,5.708715102926057,5.82,5.82,5.82,5.82,5.82,5.82,8.91,8.91,10.28,10.28,6.85,6.85,6.85,6.85,6.85,6.85,9.59,10.96,10.96,9.59,6.17,6.17,6.17,6.17
N_13_27,N_13_26,1.1994417151847356,1.97,1.97,1.97,1.97,1.97,1.97,3.26,3.26,3.84,3.84,2.4,2.4,2.4,2.4,2.4,2.4,3.55,4.13,4.13,3.55,2.11,2.11,2.11,2.11
N_13_27,N_11_28,12.869001582060257,7.14,7.14,7.14,7.14,7.14,7.14,8.88,8.88,9.65,9.65,7.72,7.72,7.72,7.72,7.72,7.72,9.27,10.04,10.04,9.27,7.34,7.34,7.34,7.34
N_13_28,N_12_27,6.584192923876111,6.72,6.72,6.72,6.72,6.72,6.72,10.27,10.27,11.85,11.85,7.9,7.9,7.9,7.9,7.9,7.9,11.06,12.64,12.64,11.06,7.11,7.11,7.11,7.11
N_13_28,N_14_26,5.678951191508212,5.79,5.79,5.79,5.79,5.79,5.79,8.86,8.86,10.22,10.22,6.81,6.81,6.81,6.81,6.81,6.81,9.54,10.9,10.9,9.54,6.13,6.13,6.13,6.13
N_13_28,N_14_30,4.503655094597909,4.59,4.59,4.59,4.59,4.59,4.59,7.03,7.03,8.11,8.11,5.4,5.4,5.4,5.4,5.4,5.4,7.57,8.65,8.65,7.57,4.86,4.86,4.86,4.86
N_13_29,N_14_31,6.49058842287795,6.62,6.62,6.62,6.62,6.62,6.62,10.13,10.13,11.68,11.68,7.79,7.79,7.79,7.79,7.79,7.79,10.9,12.46,12.46,10.9,7.01,7.01,7.01,7.01
N_13_29,N_11_29,1.032774415308698,1.69,1.69,1.69,1.69,1.69,1.69,2.81,2.81,3.3,3.3,2.07,2.07,2.07,2.07,2.07,2.07,3.06,3.55,3.55,3.06,1.82,1.82,1.82,1.82
N_13_3,N_12_4,0.9301757363583127,1.53,1.53,1.53,1.53,1.53,1.53,2.53,2.53,2.98,2.98,1.86,1.86,1.86,1.86,1.86,1.86,2.75,3.2,3.2,2.75,1.64,1.64,1.64,1.64
N_13_3,N_15_2,1.4212969622531897,2.33,2.33,2.33,2.33,2.33,2.33,3.87,3.87,4.55,4.55,2.84,2.84,2.84,2.84,2.84,2.84,4.21,4.89,4.89,4.21,2.5,2.5,2.5,2.5
N_13_30,N_12_32,6.142548107463947,6.27,6.27,6.27,6.27,6.27,6.27,9.58,9.58,11.06,11.06,7.37,7.37,7.37,7.37,7.37,7.37,10.32,11.79,11.79,10.32,6.63,6.63,6.63,6.63
N_13_30,N_14_32,0.6693491592008738,1.1,1.1,1.1,1.1,1.1,1.1,1.82,1.82,2.14,2.14,1.34,1.34,1.34,1.34,1.34,1.34,1.98,2.3,2.3,1.98,1.18,1.18,1.18,1.18
N_13_30,N_12_28,12.985959617076997,7.21,7.21,7.21,7.21,7.21,7.21,8.96,8.96,9.74,9.74,7.79,7.79,7.79,7.79,7.79,7.79,9.35,10.13,10.13,9.35,7.4,7.4,7.4,7.4
N_13_31,N_12_30,8.793335406661331,4.88,4.88,4.88,4.88,4.88,4.88,6.07,6.07,6.6,6.6,5.28,5.28,5.28,5.28,5.28,5.28,6.33,6.86,6.86,6.33,5.01,5.01,5.01,5.01
N_13_31,N_13_33,5.7656314884986415,5.88,5.88,5.88,5.88,5.88,5.88,8.99,8.99,10.38,10.38,6.92,6.92,6.92,6.92,6.92,6.92,9.69,11.07,11.07,9.69,6.23,6.23,6.23,6.23
N_13_31,N_11_31,12.629674564147685,7.01,7.01,7.01,7.01,7.01,7.01,8.71,8.71,9.47,9.47,7.58,7.58,7.58,7.58,7.58,7.58,9.09,9.85,9.85,9.09,7.2,7.2,7.2,7.2
N_13_32,N_12_30,12.669721592253122,7.03,7.03,7.03,7.03,7.03,7.03,8.74,8.74,9.5,9.5,7.6,7.6,7.6,7.6,7.6,7.6,9.12,9.88,9.88,9.12,7.22,7.22,7.22,7.22
N_13_32,N_12_34,4.275341967389249,4.36,4.36,4.36,4.36,4.36,4.36,6.67,6.67,7.7,7.7,5.13,5.13,5.13,5.13,5.13,5.13,7.18,8.21,8.21,7.18,4.62,4.62,4.62,4.62
N_13_33,N_12_31,3.334935703263674,3.4,3.4,3.4,3.4,3.4,3.4,5.2,5.2,6.0,6.0,4.0,4.0,4.0,4.0,4.0,4.0,5.6,6.4,6.4,5.6,3.6,3.6,3.6,3.6
N_13_33,N_12_33,5.309300896168669,5.42,5.42,5.42,5.42,5.42,5.42,8.28,8.28,9.56,9.56,6.37,6.37,6.37,6.37,6.37,6.37,8.92,10.19,10.19,8.92,5.73,5.73,5.73,5.73
N_13_34,N_11_35,3.205158226670142,3.27,3.27,3.27,3.27,3.27,3.27,5.0,5.0,5.77,5.77,3.85,3.85,3.85,3.85,3.85,3.85,5.38,6.15,6.15,5.38,3.46,3.46,3.46,3.46
N_13_34,N_14_35,1.4789077574255276,2.43,2.43,2.43,2.43,2.43,2.43,4.02,4.02,4.73,4.73,2.96,2.96,2.96,2.96,2.96,2.96,4.38,5.09,5.09,4.38,2.6,2.6,2.6,2.6
N_13_35,N_13_34,14.68185112910225,8.15,8.15,8.15,8.15,8.15,8.15,10.13,10.13,11.01,11.01,8.81,8.81,8.81,8.81,8.81,8.81,10.57,11.45,11.45,10.57,8.37,8.37,8.37,8.37
N_13_35,N_13_37,1.4190764302989702,2.33,2.33,2.33,2.33,2.33,2.33,3.86,3.86,4.54,4.54,2.84,2.84,2.84,2.84,2.84,2.84,4.2,4.88,4.88,4.2,2.5,2.5,2.5,2.5
N_13_36,N_11_37,4.99305015316586,5.09,5.09,5.09,5.09,5.09,5.09,7.79,7.79,8.99,8.99,5.99,5.99,5.99,5.99,5.99,5.99,8.39,9.59,9.59,8.39,5.39,5.39,5.39,5.39
N_13_36,N_12_36,2.1596692354048734,3.54,3.54,3.54,3.54,3.54,3.54,5.87,5.87,6.91,6.91,4.32,4.32,4.32,4.32,4.32,4.32,6.39,7.43,7.43,6.39,3.8,3.8,3.8,3.8
N_13_36,N_14_34,11.502062494385386,6.38,6.38,6.38,6.38,6.38,6.38,7.94,7.94,8.63,8.63,6.9,6.9,6.9,6.9,6.9,6.9,8.28,8.97,8.97,8.28,6.56,6.56,6.56,6.56
N_13_36,N_12_38,2.231643643023114,3.66,3.66,3.66,3.66,3.66,3.66,6.07,6.07,7.14,7.14,4.46,4.46,4.46,4.46,4.46,4.46,6.61,7.68,7.68,6.61,3.93,3.93,3.93,3.93
N_13_37,N_13_35,1.4190764302989702,2.33,2.33,2.33,2.33,2.33,2.33,3.86,3.86,4.54,4.54,2.84,2.84,2.84,2.84,2.84,2.84,4.2,4.88,4.88,4.2,2.5,2.5,2.5,2.5
N_13_37,N_11_38,1.4159408646333955,2.32,2.32,2.32,2.32,2.32,2.32,3.85,3.85,4.53,4.53,2.83,2.83,2.83,2.83,2.83,2.83,4.19,4.87,4.87,4.19,2.49,2.49,2.49,2.49
N_13_38,N_12_36,2.188812243554842,3.59,3.59,3.59,3.59,3.59,3.59,5.95,5.95,7.0,7.0,4.38,4.38,4.38,4.38,4.38,4.38,6.48,7.53,7.53,6.48,3.85,3.85,3.85,3.85
N_13_38,N_13_36,11.285189702945937,6.26,6.26,6.26,6.26,6.26,6.26,7.79,7.79,8.46,8.46,6.77,6.77,6.77,6.77,6.77,6.77,8.13,8.8,8.8,8.13,6.43,6.43,6.43,6.43
N_13_39,N_11_39,6.045144007198834,6.17,6.17,6.17,6.17,6.17,6.17,9.43,9.43,10.88,10.88,7.25,7.25,7.25,7.25,7.25,7.25,10.16,11.61,11.61,10.16,6.53,6.53,6.53,6.53
N_13_39,N_11_38,5.788678750535505,5.9,5.9,5.9,5.9,5.9,5.9,9.03,9.03,10.42,10.42,6.95,6.95,6.95,6.95,6.95,6.95,9.72,11.11,11.11,9.72,6.25,6.25,6.25,6.25
N_13_39,N_14_37,6.214474808182283,6.34,6.34,6.34,6.34,6.34,6.34,9.69,9.69,11.19,11.19,7.46,7.46,7.46,7.46,7.46,7.46,10.44,11.93,11.93,10.44,6.71,6.71,6.71,6.71
N_13_39,N_15_39,6.301770057582965,6.43,6.43,6.43,6.43,6.43,6.43,9.83,9.83,11.34,11.34,7.56,7.56,7.56,7.56,7.56,7.56,10.59,12.1,12.1,10.59,6.81,6.81,6.81,6.81
N_13_39,N_12_37,4.589064805077747,4.68,4.68,4.68,4.68,4.68,4.68,7.16,7.16,8.26,8.26,5.51,5.51,5.51,5.51,5.51,5.51,7.71,8.81,8.81,7.71,4.96,4.96,4.96,4.96
N_13_4,N_11_3,6.801152833461444,6.94,6.94,6.94,6.94,6.94,6.94,10.61,10.61,12.24,12.24,8.16,8.16,8.16,8.16,8.16,8.16,11.43,13.06,13.06,11.43,7.35,7.35,7.35,7.35
N_13_4,N_12_6,13.857753818294288,7.69,7.69,7.69,7.69,7.69,7.69,9.56,9.56,10.39,10.39,8.31,8.31,8.31,8.31,8.31,8.31,9.98,10.81,10.81,9.98,7.9,7.9,7.9,7.9
N_13_4,N_15_3,5.826457667073219,5.94,5.94,5.94,5.94,5.94,5.94,9.09,9.09,10.49,10.49,6.99,6.99,6.99,6.99,6.99,6.99,9.79,11.19,11.19,9.79,6.29,6.29,6.29,6.29
N_13_4,N_12_5,3.7367986981130055,3.81,3.81,3.81,3.81,3.81,3.81,5.83,5.83,6.73,6.73,4.48,4.48,4.48,4.48,4.48,4.48,6.28,7.17,7.17,6.28,4.04,4.04,4.04,4.04
N_13_5,N_12_3,6.601000846028773,6.73,6.73,6.73,6.73,6.73,6.73,10.3,10.3,11.88,11.88,7.92,7.92,7.92,7.92,7.92,7.92,11.09,12.67,12.67,11.09,7.13,7.13,7.13,7.13
N_13_5,N_12_4,5.368712761791285,5.48,5.48,5.48,5.48,5.48,5.48,8.38,8.38,9.66,9.66,6.44,6.44,6.44,6.44,6.44,6.44,9.02,10.31,10.31,9.02,5.8,5.8,5.8,5.8
N_13_5,N_14_5,5.174177432578354,5.28,5.28,5.28,5.28,5.28,5.28,8.07,8.07,9.31,9.31,6.21,6.21,6.21,6.21,6.21,6.21,8.69,9.93,9.93,8.69,5.59,5.59,5.59,5.59
N_13_6,N_13_5,5.640350666742213,5.75,5.75,5.75,5.75,5.75,5.75,8.8,8.8,10.15,10.15,6.77,6.77,6.77,6.77,6.77,6.77,9.48,10.83,10.83,9.48,6.09,6.09,6.09,6.09
N_13_6,N_11_6,6.8597899497334955,7.0,7.0,7.0,7.0,7.0,7.0,10.7,10.7,12.35,12.35,8.23,8.23,8.23,8.23,8.23,8.23,11.52,13.17,13.17,11.52,7.41,7.41,7.41,7.41
N_13_7,N_12_8,1.9639465386584765,3.22,3.22,3.22,3.22,3.22,3.22,5.34,5.34,6.28,6.28,3.93,3.93,3.93,3.93,3.93,3.93,5.81,6.76,6.76,5.81,3.46,3.46,3.46,3.46
N_13_7,N_12_7,1.4918475365938808,2.45,2.45,2.45,2.45,2.45,2.45,4.06,4.06,4.77,4.77,2.98,2.98,2.98,2.98,2.98,2.98,4.42,5.13,5.13,4.42,2.63,2.63,2.63,2.63
N_13_7,N_14_8,3.929268664830805,4.01,4.01,4.01,4.01,4.01,4.01,6.13,6.13,7.07,7.07,4.72,4.72,4.72,4.72,4.72,4.72,6.6,7.54,7.54,6.6,4.24,4.24,4.24,4.24
N_13_8,N_13_9,11.432243961981085,6.34,6.34,6.34,6.34,6.34,6.34,7.89,7.89,8.57,8.57,6.86,6.86,6.86,6.86,6.86,6.86,8.23,8.92,8.92,8.23,6.52,6.52,6.52,6.52
N_13_8,N_11_8,5.533864176588643,5.64,5.64,5.64,5.64,5.64,5.64,8.63,8.63,9.96,9.96,6.64,6.64,6.64,6.64,6.64,6.64,9.3,10.63,10.63,9.3,5.98,5.98,5.98,5.98
N_13_8,N_15_8,1.921528734598777,3.15,3.15,3.15,3.15,3.15,3.15,5.23,5.23,6.15,6.15,3.84,3.84,3.84,3.84,3.84,3.84,5.69,6.61,6.61,5.69,3.38,3.38,3.38,3.38
N_13_9,N_13_11,1.2034844402806901,1.97,1.97,1.97,1.97,1.97,1.97,3.27,3.27,3.85,3.85,2.41,2.41,2.41,2.41,2.41,2.41,3.56,4.14,4.14,3.56,2.12,2.12,2.12,2.12
N_13_9,N_13_8,11.432243961981085,6.34,6.34,6.34,6.34,6.34,6.34,7.89,7.89,8.57,8.57,6.86,6.86,6.86,6.86,6.86,6.86,8.23,8.92,8.92,8.23,6.52,6.52,6.52,6.52
N_14_0,N_13_1,6.839916988356693,6.98,6.98,6.98,6.98,6.98,6.98,10.67,10.67,12.31,12.31,8.21,8.21,8.21,8.21,8.21,8.21,11.49,13.13,13.13,11.49,7.39,7.39,7.39,7.39
N_14_0,N_13_0,6.127480671069776,6.25,6.25,6.25,6.25,6.25,6.25,9.56,9.56,11.03,11.03,7.35,7.35,7.35,7.35,7.35,7.35,10.29,11.76,11.76,10.29,6.62,6.62,6.62,6.62
N_14_1,N_12_2,14.514766938843366,8.06,8.06,8.06,8.06,8.06,8.06,10.02,10.02,10.89,10.89,8.71,8.71,8.71,8.71,8.71,8.71,10.45,11.32,11.32,10.45,8.27,8.27,8.27,8.27
N_14_1,N_13_0,1.0475700231023595,1.72,1.72,1.72,1.72,1.72,1.72,2.85,2.85,3.35,3.35,2.1,2.1,2.1,2.1,2.1,2.1,3.1,3.6,3.6,3.1,1.84,1.84,1.84,1.84
N_14_10,N_16_9,5.390765646996474,5.5,5.5,5.5,5.5,5.5,5.5,8.41,8.41,9.7,9.7,6.47,6.47,6.47,6.47,6.47,6.47,9.06,10.35,10.35,9.06,5.82,5.82,5.82,5.82
N_14_10,N_15_11,13.307210172138628,7.39,7.39,7.39,7.39,7.39,7.39,9.18,9.18,9.98,9.98,7.98,7.98,7.98,7.98,7.98,7.98,9.58,10.38,10.38,9.58,7.59,7.59,7.59,7.59
N_14_10,N_13_12,10.851796120719833,6.02,6.02,6.02,6.02,6.02,6.02,7.49,7.49,8.14,8.14,6.51,6.51,6.51,6.51,6.51,6.51,7.81,8.46,8.46,7.81,6.19,6.19,6.19,6.19
N_14_11,N_15_9,6.980958499644123,7.12,7.12,7.12,7.12,7.12,7.12,10.89,10.89,12.57,12.57,8.38,8.38,8.38,8.38,8.38,8.38,11.73,13.4,13.4,11.73,7.54,7.54,7.54,7.54
N_14_11,N_16_12,8.185626835627538,4.54,4.54,4.54,4.54,4.54,4.54,5.65,5.65,6.14,6.14,4.91,4.91,4.91,4.91,4.91,4.91,5.89,6.38,6.38,5.89,4.67,4.67,4.67,4.67
N_14_12,N_12_12,6.174834144045819,6.3,6.3,6.3,6.3,6.3,6.3,9.63,9.63,11.11,11.11,7.41,7.41,7.41,7.41,7.41,7.41,10.37,11.86,11.86,10.37,6.67,6.67,6.67,6.67
N_14_12,N_12_13,10.427915488887429,5.79,5.79,5.79,5.79,5.79,5.79,7.2,7.2,7.82,7.82,6.26,6.26,6.26,6.26,6.26,6.26,7.51,8.13,8.13,7.51,5.94,5.94,5.94,5.94
N_14_12,N_14_14,6.567885725535232,6.7,6.7,6.7,6.7,6.7,6.7,10.25,10.25,11.82,11.82,7.88,7.88,7.88,7.88,7.88,7.88,11.03,12.61,12.61,11.03,7.09,7.09,7.09,7.09
N_14_13,N_16_12,1.6395889993773052,2.69,2.69,2.69,2.69,2.69,2.69,4.46,4.46,5.25,5.25,3.28,3.28,3.28,3.28,3.28,3.28,4.85,5.64,5.64,4.85,2.89,2.89,2.89,2.89
N_14_13,N_16_14,5.520383317504229,5.63,5.63,5.63,5.63,5.63,5.63,8.61,8.61,9.94,9.94,6.62,6.62,6.62,6.62,6.62,6.62,9.27,10.6,10.6,9.27,5.96,5.96,5.96,5.96
N_14_13,N_15_14,11.488361217391146,6.38,6.38,6.38,6.38,6.38,6.38,7.93,7.93,8.62,8.62,6.89,6.89,6.89,6.89,6.89,6.89,8.27,8.96,8.96,8.27,6.55,6.55,6.55,6.55
N_14_14,N_12_13,11.74475317463797,6.52,6.52,6.52,6.52,6.52,6.52,8.1,8.1,8.81,8.81,7.05,7.05,7.05,7.05,7.05,7.05,8.46,9.16,9.16,8.46,6.69,6.69,6.69,6.69
N_14_14,N_14_12,6.567885725535232,6.7,6.7,6.7,6.7,6.7,6.7,10.25,10.25,11.82,11.82,7.88,7.88,7.88,7.88,7.88,7.88,11.03,12.61,12.61,11.03,7.09,7.09,7.09,7.09
N_14_14,N_13_12,4.635713613142805,4.73,4.73,4.73,4.73,4.73,4.73,7.23,7.23,8.34,8.34,5.56,5.56,5.56,5.56,5.56,5.56,7.79,8.9,8.9,7.79,5.01,5.01,5.01,5.01
N_14_15,N_16_14,10.613343560643678,5.89,5.89,5.89,5.89,5.89,5.89,7.32,7.32,7.96,7.96,6.37,6.37,6.37,6.37,6.37,6.37,7.64,8.28,8.28,7.64,6.05,6.05,6.05,6.05
N_14_15,N_15_14,2.4229459256578423,3.97,3.97,3.97,3.97,3.97,3.97,6.59,6.59,7.75,7.75,4.85,4.85,4.85,4.85,4.85,4.85,7.17,8.33,8.33,7.17,4.26,4.26,4.26,4.26
N_14_15,N_15_13,0.6400499212451298,1.05,1.05,1.05,1.05,1.05,1.05,1.74,1.74,2.05,2.05,1.28,1.28,1.28,1.28,1.28,1.28,1.89,2.2,2.2,1.89,1.13,1.13,1.13,1.13
N_14_15,N_13_14,6.665749603587555,6.8,6.8,6.8,6.8,6.8,6.8,10.4,10.4,12.0,12.0,8.0,8.0,8.0,8.0,8.0,8.0,11.2,12.8,12.8,11.2,7.2,7.2,7.2,7.2
N_14_16,N_13_16,5.554923222169456,5.67,5.67,5.67,5.67,5.67,5.67,8.67,8.67,10.0,10.0,6.67,6.67,6.67,6.67,6.67,6.67,9.33,10.67,10.67,9.33,6.0,6.0,6.0,6.0
N_14_16,N_15_17,4.683978461267674,4.78,4.78,4.78,4.78,4.78,4.78,7.31,7.31,8.43,8.43,5.62,5.62,5.62,5.62,5.62,5.62,7.87,8.99,8.99,7.87,5.06,5.06,5.06,5.06
N_14_17,N_12_18,0.6249335091311123,1.02,1.02,1.02,1.02,1.02,1.02,1.7,1.7,2.0,2.0,1.25,1.25,1.25,1.25,1.25,1.25,1.85,2.15,2.15,1.85,1.1,1.1,1.1,1.1
N_14_17,N_13_17,6.815947953193767,6.95,6.95,6.95,6.95,6.95,6.95,10.63,10.63,12.27,12.27,8.18,8.18,8.18,8.18,8.18,8.18,11.45,13.09,13.09,11.45,7.36,7.36,7.36,7.36
N_14_17,N_14_19,3.7769429159384176,3.85,3.85,3.85,3.85,3.85,3.85,5.89,5.89,6.8,6.8,4.53,4.53,4.53,4.53,4.53,4.53,6.35,7.25,7.25,6.35,4.08,4.08,4.08,4.08
N_14_17,N_15_17,4.151164249609197,4.23,4.23,4.23,4.23,4.23,4.23,6.48,6.48,7.47,7.47,4.98,4.98,4.98,4.98,4.98,4.98,6.97,7.97,7.97,6.97,4.48,4.48,4.48,4.48
N_14_18,N_13_20,5.805911616446522,5.92,5.92,5.92,5.92,5.92,5.92,9.06,9.06,10.45,10.45,6.97,6.97,6.97,6.97,6.97,6.97,9.75,11.15,11.15,9.75,6.27,6.27,6.27,6.27
N_14_18,N_16_19,11.6298374227753,6.45,6.45,6.45,6.45,6.45,6.45,8.02,8.02,8.72,8.72,6.98,6.98,6.98,6.98,6.98,6.98,8.37,9.07,9.07,8.37,6.63,6.63,6.63,6.63
N_14_18,N_14_19,1.1602457192318465,1.9,1.9,1.9,1.9,1.9,1.9,3.16,3.16,3.71,3.71,2.32,2.32,2.32,2.32,2.32,2.32,3.43,3.99,3.99,3.43,2.04,2.04,2.04,2.04
N_14_18,N_13_18,1.1844402849561173,1.94,1.94,1.94,1.94,1.94,1.94,3.22,3.22,3.79,3.79,2.37,2.37,2.37,2.37,2.37,2.37,3.51,4.07,4.07,3.51,2.08,2.08,2.08,2.08
N_14_19,N_12_19,5.298040927201722,5.4,5.4,5.4,5.4,5.4,5.4,8.26,8.26,9.54,9.54,6.36,6.36,6.36,6.36,6.36,6.36,8.9,10.17,10.17,8.9,5.72,5.72,5.72,5.72
N_14_19,N_14_17,3.7769429159384176,3.85,3.85,3.85,3.85,3.85,3.85,5.89,5.89,6.8,6.8,4.53,4.53,4.53,4.53,4.53,4.53,6.35,7.25,7.25,6.35,4.08,4.08,4.08,4.08
N_14_2,N_12_2,4.777700598791651,4.87,4.87,4.87,4.87,4.87,4.87,7.45,7.45,8.6,8.6,5.73,5.73,5.73,5.73,5.73,5.73,8.03,9.17,9.17,8.03,5.16,5.16,5.16,5.16
N_14_2,N_13_1,5.2360697922789265,5.34,5.34,5.34,5.34,5.34,5.34,8.17,8.17,9.42,9.42,6.28,6.28,6.28,6.28,6.28,6.28,8.8,10.05,10.05,8.8,5.65,5.65,5.65,5.65
N_14_2,N_14_0,11.417108032630923,6.34,6.34,6.34,6.34,6.34,6.34,7.88,7.88,8.56,8.56,6.85,6.85,6.85,6.85,6.85,6.85,8.22,8.91,8.91,8.22,6.51,6.51,6.51,6.51
N_14_2,N_15_3,12.76165986625472,7.08,7.08,7.08,7.08,7.08,7.08,8.81,8.81,9.57,9.57,7.66,7.66,7.66,7.66,7.66,7.66,9.19,9.95,9.95,9.19,7.27,7.27,7.27,7.27
N_14_20,N_14_21,3.6176304261980623,3.69,3.69,3.69,3.69,3.69,3.69,5.64,5.64,6.51,6.51,4.34,4.34,4.34,4.34,4.34,4.34,6.08,6.95,6.95,6.08,3.91,3.91,3.91,3.91
N_14_20,N_16_19,0.5342282013561268,0.88,0.88,0.88,0.88,0.88,0.88,1.45,1.45,1.71,1.71,1.07,1.07,1.07,1.07,1.07,1.07,1.58,1.84,1.84,1.58,0.94,0.94,0.94,0.94
N_14_21,N_14_20,3.6176304261980623,3.69,3.69,3.69,3.69,3.69,3.69,5.64,5.64,6.51,6.51,4.34,4.34,4.34,4.34,4.34,4.34,6.08,6.95,6.95,6.08,3.91,3.91,3.91,3.91
N_14_21,N_12_22,0.7913604720282221,1.3,1.3,1.3,1.3,1.3,1.3,2.15,2.15,2.53,2.53,1.58,1.58,1.58,1.58,1.58,1.58,2.34,2.72,2.72,2.34,1.39,1.39,1.39,1.39
N_14_22,N_13_24,5.902211355646794,6.02,6.02,6.02,6.02,6.02,6.02,9.21,9.21,10.62,10.62,7.08,7.08,7.08,7.08,7.08,7.08,9.92,11.33,11.33,9.92,6.37,6.37,6.37,6.37
N_14_22,N_16_23,5.949207987729352,6.07,6.07,6.07,6.07,6.07,6.07,9.28,9.28,10.71,10.71,7.14,7.14,7.14,7.14,7.14,7.14,9.99,11.42,11.42,9.99,6.43,6.43,6.43,6.43
N_14_23,N_13_21,4.219056758846795,4.3,4.3,4.3,4.3,4.3,4.3,6.58,6.58,7.59,7.59,5.06,5.06,5.06,5.06,5.06,5.06,7.09,8.1,8.1,7.09,4.56,4.56,4.56,4.56
N_14_23,N_12_23,14.06733295874367,7.81,7.81,7.81,7.81,7.81,7.81,9.71,9.71,10.55,10.55,8.44,8.44,8.44,8.44,8.44,8.44,10.13,10.97,10.97,10.13,8.02,8.02,8.02,8.02
N_14_23,N_12_22,6.236412885997572,6.36,6.36,6.36,6.36,6.36,6.36,9.73,9.73,11.23,11.23,7.48,7.48,7.48,7.48,7.48,7.48,10.48,11.97,11.97,10.48,6.74,6.74,6.74,6.74
N_14_23,N_13_23,4.844860159507759,4.94,4.94,4.94,4.94,4.94,4.94,7.56,7.56,8.72,8.72,5.81,5.81,5.81,5.81,5.81,5.81,8.14,9.3,9.3,8.14,5.23,5.23,5.23,5.23
N_14_23,N_15_21,4.785231401102333,4.88,4.88,4.88,4.88,4.88,4.88,7.46,7.46,8.61,8.61,5.74,5.74,5.74,5.74,5.74,5.74,8.04,9.19,9.19,8.04,5.17,5.17,5.17,5.17
N_14_24,N_13_26,3.6771625919622912,3.75,3.75,3.75,3.75,3.75,3.75,5.74,5.74,6.62,6.62,4.41,4.41,4.41,4.41,4.41,4.41,6.18,7.06,7.06,6.18,3.97,3.97,3.97,3.97
N_14_24,N_14_22,8.99064269327825,4.99,4.99,4.99,4.99,4.99,4.99,6.2,6.2,6.74,6.74,5.39,5.39,5.39,5.39,5.39,5.39,6.47,7.01,7.01,6.47,5.12,5.12,5.12,5.12
N_14_25,N_12_26,3.207028497235428,3.27,3.27,3.27,3.27,3.27,3.27,5.0,5.0,5.77,5.77,3.85,3.85,3.85,3.85,3.85,3.85,5.39,6.16,6.16,5.39,3.46,3.46,3.46,3.46
N_14_25,N_14_24,13.033294249410645,7.23,7.23,7.23,7.23,7.23,7.23,8.99,8.99,9.77,9.77,7.82,7.82,7.82,7.82,7.82,7.82,9.38,10.17,10.17,9.38,7.43,7.43,7.43,7.43
N_14_25,N_13_23,0.5696294312578662,0.93,0.93,0.93,0.93,0.93,0.93,1.55,1.55,1.82,1.82,1.14,1.14,1.14,1.14,1.14,1.14,1.69,1.96,1.96,1.69,1.0,1.0,1.0,1.0
N_14_26,N_13_27,5.708715102926057,5.82,5.82,5.82,5.82,5.82,5.82,8.91,8.91,10.28,10.28,6.85,6.85,6.85,6.85,6.85,6.85,9.59,10.96,10.96,9.59,6.17,6.17,6.17,6.17
N_14_26,N_15_24,2.3675847379565864,3.88,3.88,3.88,3.88,3.88,3.88,6.44,6.44,7.58,7.58,4.74,4.74,4.74,4.74,4.74,4.74,7.01,8.14,8.14,7.01,4.17,4.17,4.17,4.17
N_14_26,N_14_25,6.368060276553542,6.5,6.5,6.5,6.5,6.5,6.5,9.93,9.93,11.46,11.46,7.64,7.64,7.64,7.64,7.64,7.64,10.7,12.23,12.23,10.7,6.88,6.88,6.88,6.88
N_14_26,N_16_25,2.2648796280820735,3.71,3.71,3.71,3.71,3.71,3.71,6.16,6.16,7.25,7.25,4.53,4.53,4.53,4.53,4.53,4.53,6.7,7.79,7.79,6.7,3.99,3.99,3.99,3.99
N_14_26,N_14_28,12.511946418599265,6.94,6.94,6.94,6.94,6.94,6.94,8.63,8.63,9.38,9.38,7.51,7.51,7.51,7.51,7.51,7.51,9.01,9.76,9.76,9.01,7.13,7.13,7.13,7.13
N_14_26,N_13_28,6.016434764189894,6.14,6.14,6.14,6.14,6.14,6.14,9.39,9.39,10.83,10.83,7.22,7.22,7.22,7.22,7.22,7.22,10.11,11.55,11.55,10.11,6.5,6.5,6.5,6.5
N_14_26,N_15_26,5.285377427452386,5.39,5.39,5.39,5.39,5.39,5.39,8.25,8.25,9.51,9.51,6.34,6.34,6.34,6.34,6.34,6.34,8.88,10.15,10.15,8.88,5.71,5.71,5.71,5.71
N_14_27,N_13_26,8.121228567521042,4.51,4.51,4.51,4.51,4.51,4.51,5.6,5.6,6.09,6.09,4.87,4.87,4.87,4.87,4.87,4.87,5.85,6.33,6.33,5.85,4.63,4.63,4.63,4.63
N_14_27,N_13_29,1.1080398990377403,1.82,1.82,1.82,1.82,1.82,1.82,3.01,3.01,3.55,3.55,2.22,2.22,2.22,2.22,2.22,2.22,3.28,3.81,3.81,3.28,1.95,1.95,1.95,1.95
N_14_27,N_14_25,1.2074723923584452,1.98,1.98,1.98,1.98,1.98,1.98,3.28,3.28,3.86,3.86,2.41,2.41,2.41,2.41,2.41,2.41,3.57,4.15,4.15,3.57,2.13,2.13,2.13,2.13
N_14_27,N_16_27,3.6576896027741372,3.73,3.73,3.73,3.73,3.73,3.73,5.71,5.71,6.58,6.58,4.39,4.39,4.39,4.39,4.39,4.39,6.14,7.02,7.02,6.14,3.95,3.95,3.95,3.95
N_14_28,N_12_27,12.513868047083461,6.95,6.95,6.95,6.95,6.95,6.95,8.63,8.63,9.39,9.39,7.51,7.51,7.51,7.51,7.51,7.51,9.01,9.76,9.76,9.01,7.13,7.13,7.13,7.13
N_14_28,N_14_26,12.511946418599265,6.94,6.94,6.94,6.94,6.94,6.94,8.63,8.63,9.38,9.38,7.51,7.51,7.51,7.51,7.51,7.51,9.01,9.76,9.76,9.01,7.13,7.13,7.13,7.13
N_14_28,N_16_28,10.682047117084963,5.93,5.93,5.93,5.93,5.93,5.93,7.37,7.37,8.01,8.01,6.41,6.41,6.41,6.41,6.41,6.41,7.69,8.33,8.33,7.69,6.09,6.09,6.09,6.09
N_14_29,N_16_30,6.9508956576426435,7.09,7.09,7.09,7.09,7.09,7.09,10.84,10.84,12.51,12.51,8.34,8.34,8.34,8.34,8.34,8.34,11.68,13.35,13.35,11.68,7.51,7.51,7.51,7.51
N_14_29,N_13_30,4.018466704481367,4.1,4.1,4.1,4.1,4.1,4.1,6.27,6.27,7.23,7.23,4.82,4.82,4.82,4.82,4.82,4.82,6.75,7.72,7.72,6.75,4.34,4.34,4.34,4.34
N_14_29,N_14_30,5.812581542520126,5.93,5.93,5.93,5.93,5.93,5.93,9.07,9.07,10.46,10.46,6.98,6.98,6.98,6.98,6.98,6.98,9.77,11.16,11.16,9.77,6.28,6.28,6.28,6.28
N_14_29,N_15_29,6.752505532008171,6.89,6.89,6.89,6.89,6.89,6.89,10.53,10.53,12.15,12.15,8.1,8.1,8.1,8.1,8.1,8.1,11.34,12.96,12.96,11.34,7.29,7.29,7.29,7.29
N_14_3,N_12_2,8.127066804697977,4.51,4.51,4.51,4.51,4.51,4.51,5.61,5.61,6.1,6.1,4.88,4.88,4.88,4.88,4.88,4.88,5.85,6.34,6.34,5.85,4.63,4.63,4.63,4.63
N_14_3,N_15_2,9.95555057362012,5.53,5.53,5.53,5.53,5.53,5.53,6.87,6.87,7.47,7.47,5.97,5.97,5.97,5.97,5.97,5.97,7.17,7.77,7.77,7.17,5.67,5.67,5.67,5.67
N_14_30,N_13_28,4.503655094597909,4.59,4.59,4.59,4.59,4.59,4.59,7.03,7.03,8.11,8.11,5.4,5.4,5.4,5.4,5.4,5.4,7.57,8.65,8.65,7.57,4.86,4.86,4.86,4.86
N_14_30,N_14_29,5.812581542520126,5.93,5.93,5.93,5.93,5.93,5.93,9.07,9.07,10.46,10.46,6.98,6.98,6.98,6.98,6.98,6.98,9.77,11.16,11.16,9.77,6.28,6.28,6.28,6.28
N_14_30,N_13_29,10.43517430572554,5.79,5.79,5.79,5.79,5.79,5.79,7.2,7.2,7.83,7.83,6.26,6.26,6.26,6.26,6.26,6.26,7.51,8.14,8.14,7.51,5.95,5.95,5.95,5.95
N_14_31,N_13_30,0.5876283077990623,0.96,0.96,0.96,0.96,0.96,0.96,1.6,1.6,1.88,1.88,1.18,1.18,1.18,1.18,1.18,1.18,1.74,2.02,2.02,1.74,1.03,1.03,1.03,1.03
N_14_31,N_16_30,8.632886470886811,4.79,4.79,4.79,4.79,4.79,4.79,5.96,5.96,6.47,6.47,5.18,5.18,5.18,5.18,5.18,5.18,6.22,6.73,6.73,6.22,4.92,4.92,4.92,4.92
N_14_31,N_12_30,1.433126832843221,2.35,2.35,2.35,2.35,2.35,2.35,3.9,3.9,4.59,4.59,2.87,2.87,2.87,2.87,2.87,2.87,4.24,4.93,4.93,4.24,2.52,2.52,2.52,2.52
N_14_31,N_15_31,9.887360438915323,5.49,5.49,5.49,5.49,5.49,5.49,6.82,6.82,7.42,7.42,5.93,5.93,5.93,5.93,5.93,5.93,7.12,7.71,7.71,7.12,5.64,5.64,5.64,5.64
N_14_31,N_15_33,5.888401921743739,6.01,6.01,6.01,6.01,6.01,6.01,9.19,9.19,10.6,10.6,7.07,7.07,7.07,7.07,7.07,7.07,9.89,11.31,11.31,9.89,6.36,6.36,6.36,6.36
N_14_31,N_14_29,6.761478051993922,6.9,6.9,6.9,6.9,6.9,6.9,10.55,10.55,12.17,12.17,8.11,8.11,8.11,8.11,8.11,8.11,11.36,12.98,12.98,11.36,7.3,7.3,7.3,7.3
N_14_32,N_12_33,6.648309436967688,6.78,6.78,6.78,6.78,6.78,6.78,10.37,10.37,11.97,11.97,7.98,7.98,7.98,7.98,7.98,7.98,11.17,12.76,12.76,11.17,7.18,7.18,7.18,7.18
N_14_32,N_16_32,9.35145797914122,5.19,5.19,5.19,5.19,5.19,5.19,6.45,6.45,7.01,7.01,5.61,5.61,5.61,5.61,5.61,5.61,6.73,7.29,7.29,6.73,5.33,5.33,5.33,5.33
N_14_32,N_12_32,5.657870244221145,5.77,5.77,5.77,5.77,5.77,5.77,8.83,8.83,10.18,10.18,6.79,6.79,6.79,6.79,6.79,6.79,9.51,10.86,10.86,9.51,6.11,6.11,6.11,6.11
N_14_33,N_13_34,5.600670022995587,5.71,5.71,5.71,5.71,5.71,5.71,8.74,8.74,10.08,10.08,6.72,6.72,6.72,6.72,6.72,6.72,9.41,10.75,10.75,9.41,6.05,6.05,6.05,6.05
N_14_33,N_15_31,6.912971373310638,7.05,7.05,7.05,7.05,7.05,7.05,10.78,10.78,12.44,12.44,8.3,8.3,8.3,8.3,8.3,8.3,11.61,13.27,13.27,11.61,7.47,7.47,7.47,7.47
N_14_34,N_13_36,11.502062494385386,6.38,6.38,6.38,6.38,6.38,6.38,7.94,7.94,8.63,8.63,6.9,6.9,6.9,6.9,6.9,6.9,8.28,8.97,8.97,8.28,6.56,6.56,6.56,6.56
N_14_34,N_14_36,2.2599411799756726,3.71,3.71,3.71,3.71,3.71,3.71,6.15,6.15,7.23,7.23,4.52,4.52,4.52,4.52,4.52,4.52,6.69,7.77,7.77,6.69,3.98,3.98,3.98,3.98
N_14_34,N_13_32,13.390576384444035,7.43,7.43,7.43,7.43,7.43,7.43,9.24,9.24,10.04,10.04,8.03,8.03,8.03,8.03,8.03,8.03,9.64,10.44,10.44,9.64,7.63,7.63,7.63,7.63
N_14_34,N_16_35,1.9419403939613407,3.18,3.18,3.18,3.18,3.18,3.18,5.28,5.28,6.21,6.21,3.88,3.88,3.88,3.88,3.88,3.88,5.75,6.68,6.68,5.75,3.42,3.42,3.42,3.42
N_14_34,N_12_34,9.619545472427134,5.34,5.34,5.34,5.34,5.34,5.34,6.64,6.64,7.21,7.21,5.77,5.77,5.77,5.77,5.77,5.77,6.93,7.5,7.5,6.93,5.48,5.48,5.48,5.48
N_14_34,N_13_35,5.860689419479515,5.98,5.98,5.98,5.98,5.98,5.98,9.14,9.14,10.55,10.55,7.03,7.03,7.03,7.03,7.03,7.03,9.85,11.25,11.25,9.85,6.33,6.33,6.33,6.33
N_14_34,N_14_33,5.657950439780311,5.77,5.77,5.77,5.77,5.77,5.77,8.83,8.83,10.18,10.18,6.79,6.79,6.79,6.79,6.79,6.79,9.51,10.86,10.86,9.51,6.11,6.11,6.11,6.11
N_14_35,N_13_34,1.4789077574255276,2.43,2.43,2.43,2.43,2.43,2.43,4.02,4.02,4.73,4.73,2.96,2.96,2.96,2.96,2.96,2.96,4.38,5.09,5.09,4.38,2.6,2.6,2.6,2.6
N_14_35,N_16_36,4.7783089048606495,4.87,4.87,4.87,4.87,4.87,4.87,7.45,7.45,8.6,8.6,5.73,5.73,5.73,5.73,5.73,5.73,8.03,9.17,9.17,8.03,5.16,5.16,5.16,5.16
N_14_36,N_16_35,9.906675430870095,5.5,5.5,5.5,5.5,5.5,5.5,6.84,6.84,7.43,7.43,5.94,5.94,5.94,5.94,5.94,5.94,7.13,7.73,7.73,7.13,5.65,5.65,5.65,5.65
N_14_36,N_13_35,14.331759507596754,7.95,7.95,7.95,7.95,7.95,7.95,9.89,9.89,10.75,10.75,8.6,8.6,8.6,8.6,8.6,8.6,10.32,11.18,11.18,10.32,8.17,8.17,8.17,8.17
N_14_37,N_13_39,6.214474808182283,6.34,6.34,6.34,6.34,6.34,6.34,9.69,9.69,11.19,11.19,7.46,7.46,7.46,7.46,7.46,7.46,10.44,11.93,11.93,10.44,6.71,6.71,6.71,6.71
N_14_37,N_15_37,3.9061695821499995,3.98,3.98,3.98,3.98,3.98,3.98,6.09,6.09,7.03,7.03,4.69,4.69,4.69,4.69,4.69,4.69,6.56,7.5,7.5,6.56,4.22,4.22,4.22,4.22
N_14_37,N_14_36,2.2824659135388097,3.74,3.74,3.74,3.74,3.74,3.74,6.21,6.21,7.3,7.3,4.56,4.56,4.56,4.56,4.56,4.56,6.76,7.85,7.85,6.76,4.02,4.02,4.02,4.02
N_14_37,N_13_36,9.46860939151463,5.26,5.26,5.26,5.26,5.26,5.26,6.53,6.53,7.1,7.1,5.68,5.68,5.68,5.68,5.68,5.68,6.82,7.39,7.39,6.82,5.4,5.4,5.4,5.4
N_14_38,N_16_37,1.2088530176801202,1.98,1.98,1.98,1.98,1.98,1.98,3.29,3.29,3.87,3.87,2.42,2.42,2.42,2.42,2.42,2.42,3.58,4.16,4.16,3.58,2.13,2.13,2.13,2.13
N_14_38,N_16_38,2.2962114066921977,3.77,3.77,3.77,3.77,3.77,3.77,6.25,6.25,7.35,7.35,4.59,4.59,4.59,4.59,4.59,4.59,6.8,7.9,7.9,6.8,4.04,4.04,4.04,4.04
N_14_38,N_13_36,6.669875848519299,6.8,6.8,6.8,6.8,6.8,6.8,10.41,10.41,12.01,12.01,8.0,8.0,8.0,8.0,8.0,8.0,11.21,12.81,12.81,11.21,7.2,7.2,7.2,7.2
N_14_38,N_13_38,6.4925960222322345,6.62,6.62,6.62,6.62,6.62,6.62,10.13,10.13,11.69,11.69,7.79,7.79,7.79,7.79,7.79,7.79,10.91,12.47,12.47,10.91,7.01,7.01,7.01,7.01
N_14_38,N_15_37,4.953154324376048,5.05,5.05,5.05,5.05,5.05,5.05,7.73,7.73,8.92,8.92,5.94,5.94,5.94,5.94,5.94,5.94,8.32,9.51,9.51,8.32,5.35,5.35,5.35,5.35
N_14_39,N_12_39,11.033867113996115,6.12,6.12,6.12,6.12,6.12,6.12,7.61,7.61,8.28,8.28,6.62,6.62,6.62,6.62,6.62,6.62,7.94,8.61,8.61,7.94,6.29,6.29,6.29,6.29
N_14_39,N_14_38,8.132621053214837,4.51,4.51,4.51,4.51,4.51,4.51,5.61,5.61,6.1,6.1,4.88,4.88,4.88,4.88,4.88,4.88,5.86,6.34,6.34,5.86,4.64,4.64,4.64,4.64
N_14_39,N_15_39,1.1199443012268402,1.84,1.84,1.84,1.84,1.84,1.84,3.05,3.05,3.58,3.58,2.24,2.24,2.24,2.24,2.24,2.24,3.32,3.85,3.85,3.32,1.97,1.97,1.97,1.97
N_14_4,N_12_5,1.3451449238611708,2.21,2.21,2.21,2.21,2.21,2.21,3.66,3.66,4.3,4.3,2.69,2.69,2.69,2.69,2.69,2.69,3.98,4.63,4.63,3.98,2.37,2.37,2.37,2.37
N_14_4,N_15_6,11.96863736047109,6.64,6.64,6.64,6.64,6.64,6.64,8.26,8.26,8.98,8.98,7.18,7.18,7.18,7.18,7.18,7.18,8.62,9.34,9.34,8.62,6.82,6.82,6.82,6.82
N_14_4,N_13_2,10.718855455509102,5.95,5.95,5.95,5.95,5.95,5.95,7.4,7.4,8.04,8.04,6.43,6.43,6.43,6.43,6.43,6.43,7.72,8.36,8.36,7.72,6.11,6.11,6.11,6.11
N_14_4,N_16_3,3.8399050027345387,3.92,3.92,3.92,3.92,3.92,3.92,5.99,5.99,6.91,6.91,4.61,4.61,4.61,4.61,4.61,4.61,6.45,7.37,7.37,6.45,4.15,4.15,4.15,4.15
N_14_5,N_13_5,5.174177432578354,5.28,5.28,5.28,5.28,5.28,5.28,8.07,8.07,9.31,9.31,6.21,6.21,6.21,6.21,6.21,6.21,8.69,9.93,9.93,8.69,5.59,5.59,5.59,5.59
N_14_5,N_15_4,6.074510339512379,6.2,6.2,6.2,6.2,6.2,6.2,9.48,9.48,10.93,10.93,7.29,7.29,7.29,7.29,7.29,7.29,10.21,11.66,11.66,10.21,6.56,6.56,6.56,6.56
N_14_5,N_15_6,3.975294356666461,4.05,4.05,4.05,4.05,4.05,4.05,6.2,6.2,7.16,7.16,4.77,4.77,4.77,4.77,4.77,4.77,6.68,7.63,7.63,6.68,4.29,4.29,4.29,4.29
N_14_5,N_13_6,10.545742053139975,5.85,5.85,5.85,5.85,5.85,5.85,7.28,7.28,7.91,7.91,6.33,6.33,6.33,6.33,6.33,6.33,7.59,8.23,8.23,7.59,6.01,6.01,6.01,6.01
N_14_5,N_12_6,3.3602500177078096,3.43,3.43,3.43,3.43,3.43,3.43,5.24,5.24,6.05,6.05,4.03,4.03,4.03,4.03,4.03,4.03,5.65,6.45,6.45,5.65,3.63,3.63,3.63,3.63
N_14_6,N_13_6,0.9727627532321788,1.6,1.6,1.6,1.6,1.6,1.6,2.65,2.65,3.11,3.11,1.95,1.95,1.95,1.95,1.95,1.95,2.88,3.35,3.35,2.88,1.71,1.71,1.71,1.71
N_14_6,N_14_5,4.492269944404605,4.58,4.58,4.58,4.58,4.58,4.58,7.01,7.01,8.09,8.09,5.39,5.39,5.39,5.39,5.39,5.39,7.55,8.63,8.63,7.55,4.85,4.85,4.85,4.85
N_14_6,N_14_8,13.904341392175567,7.72,7.72,7.72,7.72,7.72,7.72,9.59,9.59,10.43,10.43,8.34,8.34,8.34,8.34,8.34,8.34,10.01,10.85,10.85,10.01,7.93,7.93,7.93,7.93
N_14_7,N_15_6,13.865085510157023,7.7,7.7,7.7,7.7,7.7,7.7,9.57,9.57,10.4,10.4,8.32,8.32,8.32,8.32,8.32,8.32,9.98,10.81,10.81,9.98,7.9,7.9,7.9,7.9
N_14_7,N_13_6,10.138534412587838,5.63,5.63,5.63,5.63,5.63,5.63,7.0,7.0,7.6,7.6,6.08,6.08,6.08,6.08,6.08,6.08,7.3,7.91,7.91,7.3,5.78,5.78,5.78,5.78
N_14_7,N_16_6,14.3701825952357,7.98,7.98,7.98,7.98,7.98,7.98,9.92,9.92,10.78,10.78,8.62,8.62,8.62,8.62,8.62,8.62,10.35,11.21,11.21,10.35,8.19,8.19,8.19,8.19
N_14_7,N_12_6,0.7901340047237277,1.3,1.3,1.3,1.3,1.3,1.3,2.15,2.15,2.53,2.53,1.58,1.58,1.58,1.58,1.58,1.58,2.34,2.72,2.72,2.34,1.39,1.39,1.39,1.39
N_14_8,N_13_7,3.929268664830805,4.01,4.01,4.01,4.01,4.01,4.01,6.13,6.13,7.07,7.07,4.72,4.72,4.72,4.72,4.72,4.72,6.6,7.54,7.54,6.6,4.24,4.24,4.24,4.24
N_14_8,N_14_6,13.904341392175567,7.72,7.72,7.72,7.72,7.72,7.72,9.59,9.59,10.43,10.43,8.34,8.34,8.34,8.34,8.34,8.34,10.01,10.85,10.85,10.01,7.93,7.93,7.93,7.93
N_14_8,N_13_9,5.883260908139803,6.0,6.0,6.0,6.0,6.0,6.0,9.18,9.18,10.59,10.59,7.06,7.06,7.06,7.06,7.06,7.06,9.88,11.3,11.3,9.88,6.35,6.35,6.35,6.35
N_14_8,N_16_9,9.044375908923563,5.02,5.02,5.02,5.02,5.02,5.02,6.24,6.24,6.78,6.78,5.43,5.43,5.43,5.43,5.43,5.43,6.51,7.05,7.05,6.51,5.16,5.16,5.16,5.16
N_14_9,N_14_8,3.842400841914603,3.92,3.92,3.92,3.92,3.92,3.92,5.99,5.99,6.92,6.92,4.61,4.61,4.61,4.61,4.61,4.61,6.46,7.38,7.38,6.46,4.15,4.15,4.15,4.15
N_14_9,N_15_11,6.319581333624043,6.45,6.45,6.45,6.45,6.45,6.45,9.86,9.86,11.38,11.38,7.58,7.58,7.58,7.58,7.58,7.58,10.62,12.13,12.13,10.62,6.83,6.83,6.83,6.83
N_14_9,N_15_7,0.7230766689864265,1.19,1.19,1.19,1.19,1.19,1.19,1.97,1.97,2.31,2.31,1.45,1.45,1.45,1.45,1.45,1.45,2.14,2.49,2.49,2.14,1.27,1.27,1.27,1.27
N_15_0,N_15_1,6.188538299289948,6.31,6.31,6.31,6.31,6.31,6.31,9.65,9.65,11.14,11.14,7.43,7.43,7.43,7.43,7.43,7.43,10.4,11.88,11.88,10.4,6.68,6.68,6.68,6.68
N_15_0,N_16_0,11.419557810034128,6.34,6.34,6.34,6.34,6.34,6.34,7.88,7.88,8.56,8.56,6.85,6.85,6.85,6.85,6.85,6.85,8.22,8.91,8.91,8.22,6.51,6.51,6.51,6.51
N_15_0,N_17_1,8.344169732259921,4.63,4.63,4.63,4.63,4.63,4.63,5.76,5.76,6.26,6.26,5.01,5.01,5.01,5.01,5.01,5.01,6.01,6.51,6.51,6.01,4.76,4.76,4.76,4.76
N_15_0,N_13_1,4.440367678168741,4.53,4.53,4.53,4.53,4.53,4.53,6.93,6.93,7.99,7.99,5.33,5.33,5.33,5.33,5.33,5.33,7.46,8.53,8.53,7.46,4.8,4.8,4.8,4.8
N_15_0,N_14_2,2.1822434166340465,3.58,3.58,3.58,3.58,3.58,3.58,5.94,5.94,6.98,6.98,4.36,4.36,4.36,4.36,4.36,4.36,6.46,7.51,7.51,6.46,3.84,3.84,3.84,3.84
N_15_0,N_16_1,5.7334886246678884,5.85,5.85,5.85,5.85,5.85,5.85,8.94,8.94,10.32,10.32,6.88,6.88,6.88,6.88,6.88,6.88,9.63,11.01,11.01,9.63,6.19,6.19,6.19,6.19
N_15_1,N_14_0,6.903197736087668,7.04,7.04,7.04,7.04,7.04,7.04,10.77,10.77,12.43,12.43,8.28,8.28,8.28,8.28,8.28,8.28,11.6,13.25,13.25,11.6,7.46,7.46,7.46,7.46
N_15_1,N_16_2,4.4972754221837885,4.59,4.59,4.59,4.59,4.59,4.59,7.02,7.02,8.1,8.1,5.4,5.4,5.4,5.4,5.4,5.4,7.56,8.63,8.63,7.56,4.86,4.86,4.86,4.86
N_15_1,N_17_2,1.04885884807894,1.72,1.72,1.72,1.72,1.72,1.72,2.85,2.85,3.36,3.36,2.1,2.1,2.1,2.1,2.1,2.1,3.1,3.61,3.61,3.1,1.85,1.85,1.85,1.85
N_15_1,N_17_1,3.139355018795851,3.2,3.2,3.2,3.2,3.2,3.2,4.9,4.9,5.65,5.65,3.77,3.77,3.77,3.77,3.77,3.77,5.27,6.03,6.03,5.27,3.39,3.39,3.39,3.39
N_15_10,N_13_10,1.7643911762208961,2.89,2.89,2.89,2.89,2.89,2.89,4.8,4.8,5.65,5.65,3.53,3.53,3.53,3.53,3.53,3.53,5.22,6.07,6.07,5.22,3.11,3.11,3.11,3.11
N_15_10,N_14_12,14.355697982292575,7.97,7.97,7.97,7.97,7.97,7.97,9.91,9.91,10.77,10.77,8.61,8.61,8.61,8.61,8.61,8.61,10.34,11.2,11.2,10.34,8.18,8.18,8.18,8.18
N_15_10,N_16_9,5.108756944434621,5.21,5.21,5.21,5.21,5.21,5.21,7.97,7.97,9.2,9.2,6.13,6.13,6.13,6.13,6.13,6.13,8.58,9.81,9.81,8.58,5.52,5.52,5.52,5.52
N_15_11,N_14_10,13.307210172138628,7.39,7.39,7.39,7.39,7.39,7.39,9.18,9.18,9.98,9.98,7.98,7.98,7.98,7.98,7.98,7.98,9.58,10.38,10.38,9.58,7.59,7.59,7.59,7.59
N_15_11,N_14_9,6.319581333624043,6.45,6.45,6.45,6.45,6.45,6.45,9.86,9.86,11.38,11.38,7.58,7.58,7.58,7.58,7.58,7.58,10.62,12.13,12.13,10.62,6.83,6.83,6.83,6.83
N_15_11,N_16_12,9.2666093535187,5.14,5.14,5.14,5.14,5.14,5.14,6.39,6.39,6.95,6.95,5.56,5.56,5.56,5.56,5.56,5.56,6.67,7.23,7.23,6.67,5.28,5.28,5.28,5.28
N_15_12,N_13_13,10.093518171275713,5.6,5.6,5.6,5.6,5.6,5.6,6.96,6.96,7.57,7.57,6.06,6.06,6.06,6.06,6.06,6.06,7.27,7.87,7.87,7.27,5.75,5.75,5.75,5.75
N_15_12,N_17_13,3.4103188530408266,3.48,3.48,3.48,3.48,3.48,3.48,5.32,5.32,6.14,6.14,4.09,4.09,4.09,4.09,4.09,4.09,5.73,6.55,6.55,5.73,3.68,3.68,3.68,3.68
N_15_12,N_14_12,12.350585789406194,6.85,6.85,6.85,6.85,6.85,6.85,8.52,8.52,9.26,9.26,7.41,7.41,7.41,7.41,7.41,7.41,8.89,9.63,9.63,8.89,7.04,7.04,7.04,7.04
N_15_13,N_14_11,6.441239544559169,6.57,6.57,6.57,6.57,6.57,6.57,10.05,10.05,11.59,11.59,7.73,7.73,7.73,7.73,7.73,7.73,10.82,12.37,12.37,10.82,6.96,6.96,6.96,6.96
N_15_13,N_16_12,5.48342560980773,5.59,5.59,5.59,5.59,5.59,5.59,8.55,8.55,9.87,9.87,6.58,6.58,6.58,6.58,6.58,6.58,9.21,10.53,10.53,9.21,5.92,5.92,5.92,5.92
N_15_13,N_15_14,13.27889527886067,7.37,7.37,7.37,7.37,7.37,7.37,9.16,9.16,9.96,9.96,7.97,7.97,7.97,7.97,7.97,7.97,9.56,10.36,10.36,9.56,7.57,7.57,7.57,7.57
N_15_13,N_14_15,1.1481412909880553,1.88,1.88,1.88,1.88,1.88,1.88,3.12,3.12,3.67,3.67,2.3,2.3,2.3,2.3,2.3,2.3,3.4,3.95,3.95,3.4,2.02,2.02,2.02,2.02
N_15_14,N_13_15,4.386622412535532,4.47,4.47,4.47,4.47,4.47,4.47,6.84,6.84,7.9,7.9,5.26,5.26,5.26,5.26,5.26,5.26,7.37,8.42,8.42,7.37,4.74,4.74,4.74,4.74
N_15_14,N_15_13,13.27889527886067,7.37,7.37,7.37,7.37,7.37,7.37,9.16,9.16,9.96,9.96,7.97,7.97,7.97,7.97,7.97,7.97,9.56,10.36,10.36,9.56,7.57,7.57,7.57,7.57
N_15_14,N_17_14,3.9759629012369877,4.06,4.06,4.06,4.06,4.06,4.06,6.2,6.2,7.16,7.16,4.77,4.77,4.77,4.77,4.77,4.77,6.68,7.63,7.63,6.68,4.29,4.29,4.29,4.29
N_15_14,N_16_13,4.725478971646898,4.82,4.82,4.82,4.82,4.82,4.82,7.37,7.37,8.51,8.51,5.67,5.67,5.67,5.67,5.67,5.67,7.94,9.07,9.07,7.94,5.1,5.1,5.1,5.1
N_15_15,N_13_15,6.89120411156976,7.03,7.03,7.03,7.03,7.03,7.03,10.75,10.75,12.4,12.4,8.27,8.27,8.27,8.27,8.27,8.27,11.58,13.23,13.23,11.58,7.44,7.44,7.44,7.44
N_15_15,N_17_14,0.744432205664455,1.22,1.22,1.22,1.22,1.22,1.22,2.02,2.02,2.38,2.38,1.49,1.49,1.49,1.49,1.49,1.49,2.2,2.56,2.56,2.2,1.31,1.31,1.31,1.31
N_15_15,N_17_16,14.349874787364778,7.96,7.96,7.96,7.96,7.96,7.96,9.9,9.9,10.76,10.76,8.61,8.61,8.61,8.61,8.61,8.61,10.33,11.19,11.19,10.33,8.18,8.18,8.18,8.18
N_15_16,N_16_16,3.1071879676792187,3.17,3.17,3.17,3.17,3.17,3.17,4.85,4.85,5.59,5.59,3.73,3.73,3.73,3.73,3.73,3.73,5.22,5.97,5.97,5.22,3.36,3.36,3.36,3.36
N_15_16,N_13_17,4.053072203364331,4.13,4.13,4.13,4.13,4.13,4.13,6.32,6.32,7.3,7.3,4.86,4.86,4.86,4.86,4.86,4.86,6.81,7.78,7.78,6.81,4.38,4.38,4.38,4.38
N_15_16,N_14_14,12.851415451205593,7.13,7.13,7.13,7.13,7.13,7.13,8.87,8.87,9.64,9.64,7.71,7.71,7.71,7.71,7.71,7.71,9.25,10.02,10.02,9.25,7.33,7.33,7.33,7.33
N_15_16,N_15_14,6.664262037486106,6.8,6.8,6.8,6.8,6.8,6.8,10.4,10.4,12.0,12.0,8.0,8.0,8.0,8.0,8.0,8.0,11.2,12.8,12.8,11.2,7.2,7.2,7.2,7.2
N_15_17,N_14_16,4.683978461267674,4.78,4.78,4.78,4.78,4.78,4.78,7.31,7.31,8.43,8.43,5.62,5.62,5.62,5.62,5.62,5.62,7.87,8.99,8.99,7.87,5.06,5.06,5.06,5.06
N_15_17,N_14_17,4.151164249609197,4.23,4.23,4.23,4.23,4.23,4.23,6.48,6.48,7.47,7.47,4.98,4.98,4.98,4.98,4.98,4.98,6.97,7.97,7.97,6.97,4.48,4.48,4.48,4.48
N_15_17,N_16_15,4.451544747862533,4.54,4.54,4.54,4.54,4.54,4.54,6.94,6.94,8.01,8.01,5.34,5.34,5.34,5.34,5.34,5.34,7.48,8.55,8.55,7.48,4.81,4.81,4.81,4.81
N_15_17,N_14_15,3.779528766361723,3.86,3.86,3.86,3.86,3.86,3.86,5.9,5.9,6.8,6.8,4.54,4.54,4.54,4.54,4.54,4.54,6.35,7.26,7.26,6.35,4.08,4.08,4.08,4.08
N_15_18,N_17_17,4.0048414686807785,4.08,4.08,4.08,4.08,4.08,4.08,6.25,6.25,7.21,7.21,4.81,4.81,4.81,4.81,4.81,4.81,6.73,7.69,7.69,6.73,4.33,4.33,4.33,4.33
N_15_18,N_17_18,8.341608393533892,4.63,4.63,4.63,4.63,4.63,4.63,5.76,5.76,6.26,6.26,5.0,5.0,5.0,5.0,5.0,5.0,6.01,6.51,6.51,6.01,4.75,4.75,4.75,4.75
N_15_18,N_14_19,0.7161384953124563,1.17,1.17,1.17,1.17,1.17,1.17,1.95,1.95,2.29,2.29,1.43,1.43,1.43,1.43,1.43,1.43,2.12,2.46,2.46,2.12,1.26,1.26,1.26,1.26
N_15_19,N_15_18,4.4495697327403265,4.54,4.54,4.54,4.54,4.54,4.54,6.94,6.94,8.01,8.01,5.34,5.34,5.34,5.34,5.34,5.34,7.48,8.54,8.54,7.48,4.81,4.81,4.81,4.81
N_15_19,N_14_17,1.0800394393588724,1.77,1.77,1.77,1.77,1.77,1.77,2.94,2.94,3.46,3.46,2.16,2.16,2.16,2.16,2.16,2.16,3.2,3.72,3.72,3.2,1.9,1.9,1.9,1.9
N_15_19,N_14_19,12.993151231189593,7.21,7.21,7.21,7.21,7.21,7.21,8.97,8.97,9.74,9.74,7.8,7.8,7.8,7.8,7.8,7.8,9.36,10.13,10.13,9.36,7.41,7.41,7.41,7.41
N_15_19,N_13_19,11.950904131182742,6.63,6.63,6.63,6.63,6.63,6.63,8.25,8.25,8.96,8.96,7.17,7.17,7.17,7.17,7.17,7.17,8.6,9.32,9.32,8.6,6.81,6.81,6.81,6.81
N_15_2,N_13_3,1.4212969622531897,2.33,2.33,2.33,2.33,2.33,2.33,3.87,3.87,4.55,4.55,2.84,2.84,2.84,2.84,2.84,2.84,4.21,4.89,4.89,4.21,2.5,2.5,2.5,2.5
N_15_2,N_16_3,5.955871641072976,6.07,6.07,6.07,6.07,6.07,6.07,9.29,9.29,10.72,10.72,7.15,7.15,7.15,7.15,7.15,7.15,10.01,11.44,11.44,10.01,6.43,6.43,6.43,6.43
N_15_2,N_15_0,6.073497340526484,6.19,6.19,6.19,6.19,6.19,6.19,9.47,9.47,10.93,10.93,7.29,7.29,7.29,7.29,7.29,7.29,10.2,11.66,11.66,10.2,6.56,6.56,6.56,6.56
N_15_20,N_14_18,4.3215974286775864,4.41,4.41,4.41,4.41,4.41,4.41,6.74,6.74,7.78,7.78,5.19,5.19,5.19,5.19,5.19,5.19,7.26,8.3,8.3,7.26,4.67,4.67,4.67,4.67
N_15_20,N_16_21,3.597688184304071,3.67,3.67,3.67,3.67,3.67,3.67,5.61,5.61,6.48,6.48,4.32,4.32,4.32,4.32,4.32,4.32,6.04,6.91,6.91,6.04,3.89,3.89,3.89,3.89
N_15_20,N_16_19,6.343010425000994,6.47,6.47,6.47,6.47,6.47,6.47,9.9,9.9,11.42,11.42,7.61,7.61,7.61,7.61,7.61,7.61,10.66,12.18,12.18,10.66,6.85,6.85,6.85,6.85
N_15_20,N_13_20,0.964008119949161,1.58,1.58,1.58,1.58,1.58,1.58,2.62,2.62,3.08,3.08,1.93,1.93,1.93,1.93,1.93,1.93,2.85,3.32,3.32,2.85,1.7,1.7,1.7,1.7
N_15_21,N_14_23,4.785231401102333,4.88,4.88,4.88,4.88,4.88,4.88,7.46,7.46,8.61,8.61,5.74,5.74,5.74,5.74,5.74,5.74,8.04,9.19,9.19,8.04,5.17,5.17,5.17,5.17
N_15_21,N_14_20,3.0113690417879653,3.07,3.07,3.07,3.07,3.07,3.07,4.7,4.7,5.42,5.42,3.61,3.61,3.61,3.61,3.61,3.61,5.06,5.78,5.78,5.06,3.25,3.25,3.25,3.25
N_15_21,N_13_20,10.49965997468031,5.83,5.83,5.83,5.83,5.83,5.83,7.24,7.24,7.87,7.87,6.3,6.3,6.3,6.3,6.3,6.3,7.56,8.19,8.19,7.56,5.98,5.98,5.98,5.98
N_15_21,N_14_19,1.2236050014479167,2.01,2.01,2.01,2.01,2.01,2.01,3.33,3.33,3.92,3.92,2.45,2.45,2.45,2.45,2.45,2.45,3.62,4.21,4.21,3.62,2.15,2.15,2.15,2.15
N_15_22,N_16_21,8.356199529516692,4.64,4.64,4.64,4.64,4.64,4.64,5.77,5.77,6.27,6.27,5.01,5.01,5.01,5.01,5.01,5.01,6.02,6.52,6.52,6.02,4.76,4.76,4.76,4.76
N_15_22,N_17_21,13.41761811397427,7.45,7.45,7.45,7.45,7.45,7.45,9.26,9.26,10.06,10.06,8.05,8.05,8.05,8.05,8.05,8.05,9.66,10.47,10.47,9.66,7.65,7.65,7.65,7.65
N_15_23,N_13_24,0.9712737738972994,1.59,1.59,1.59,1.59,1.59,1.59,2.64,2.64,3.11,3.11,1.94,1.94,1.94,1.94,1.94,1.94,2.87,3.34,3.34,2.87,1.71,1.71,1.71,1.71
N_15_23,N_16_25,2.2972225270630524,3.77,3.77,3.77,3.77,3.77,3.77,6.25,6.25,7.35,7.35,4.59,4.59,4.59,4.59,4.59,4.59,6.8,7.9,7.9,6.8,4.04,4.04,4.04,4.04
N_15_24,N_14_26,2.3675847379565864,3.88,3.88,3.88,3.88,3.88,3.88,6.44,6.44,7.58,7.58,4.74,4.74,4.74,4.74,4.74,4.74,7.01,8.14,8.14,7.01,4.17,4.17,4.17,4.17
N_15_24,N_14_22,6.57135543068494,6.7,6.7,6.7,6.7,6.7,6.7,10.25,10.25,11.83,11.83,7.89,7.89,7.89,7.89,7.89,7.89,11.04,12.62,12.62,11.04,7.1,7.1,7.1,7.1
N_15_24,N_16_25,5.879931409622005,6.0,6.0,6.0,6.0,6.0,6.0,9.17,9.17,10.58,10.58,7.06,7.06,7.06,7.06,7.06,7.06,9.88,11.29,11.29,9.88,6.35,6.35,6.35,6.35
N_15_24,N_15_25,8.060363135340944,4.47,4.47,4.47,4.47,4.47,4.47,5.56,5.56,6.05,6.05,4.84,4.84,4.84,4.84,4.84,4.84,5.8,6.29,6.29,5.8,4.59,4.59,4.59,4.59
N_15_25,N_13_26,4.717146734765171,4.81,4.81,4.81,4.81,4.81,4.81,7.36,7.36,8.49,8.49,5.66,5.66,5.66,5.66,5.66,5.66,7.92,9.06,9.06,7.92,5.09,5.09,5.09,5.09
N_15_25,N_16_25,9.401826528443559,5.22,5.22,5.22,5.22,5.22,5.22,6.49,6.49,7.05,7.05,5.64,5.64,5.64,5.64,5.64,5.64,6.77,7.33,7.33,6.77,5.36,5.36,5.36,5.36
N_15_25,N_16_27,0.633785493402309,1.04,1.04,1.04,1.04,1.04,1.04,1.72,1.72,2.03,2.03,1.27,1.27,1.27,1.27,1.27,1.27,1.88,2.18,2.18,1.88,1.12,1.12,1.12,1.12
N_15_25,N_16_26,14.634418227292521,8.12,8.12,8.12,8.12,8.12,8.12,10.1,10.1,10.98,10.98,8.78,8.78,8.78,8.78,8.78,8.78,10.54,11.41,11.41,10.54,8.34,8.34,8.34,8.34
N_15_26,N_14_26,5.285377427452386,5.39,5.39,5.39,5.39,5.39,5.39,8.25,8.25,9.51,9.51,6.34,6.34,6.34,6.34,6.34,6.34,8.88,10.15,10.15,8.88,5.71,5.71,5.71,5.71
N_15_26,N_13_26,12.990063798730601,7.21,7.21,7.21,7.21,7.21,7.21,8.96,8.96,9.74,9.74,7.79,7.79,7.79,7.79,7.79,7.79,9.35,10.13,10.13,9.35,7.4,7.4,7.4,7.4
N_15_26,N_17_25,10.742494252150738,5.96,5.96,5.96,5.96,5.96,5.96,7.41,7.41,8.06,8.06,6.45,6.45,6.45,6.45,6.45,6.45,7.73,8.38,8.38,7.73,6.12,6.12,6.12,6.12
N_15_26,N_13_25,6.241400663065342,6.37,6.37,6.37,6.37,6.37,6.37,9.74,9.74,11.23,11.23,7.49,7.49,7.49,7.49,7.49,7.49,10.49,11.98,11.98,10.49,6.74,6.74,6.74,6.74
N_15_27,N_15_29,14.025417287542917,7.78,7.78,7.78,7.78,7.78,7.78,9.68,9.68,10.52,10.52,8.42,8.42,8.42,8.42,8.42,8.42,10.1,10.94,10.94,10.1,7.99,7.99,7.99,7.99
N_15_27,N_15_25,1.6563535090318453,2.72,2.72,2.72,2.72,2.72,2.72,4.51,4.51,5.3,5.3,3.31,3.31,3.31,3.31,3.31,3.31,4.9,5.7,5.7,4.9,2.92,2.92,2.92,2.92
N_15_27,N_13_28,1.6787739908702028,2.75,2.75,2.75,2.75,2.75,2.75,4.57,4.57,5.37,5.37,3.36,3.36,3.36,3.36,3.36,3.36,4.97,5.77,5.77,4.97,2.95,2.95,2.95,2.95
N_15_27,N_16_25,1.6221739312184071,2.66,2.66,2.66,2.66,2.66,2.66,4.41,4.41,5.19,5.19,3.24,3.24,3.24,3.24,3.24,3.24,4.8,5.58,5.58,4.8,2.86,2.86,2.86,2.86
N_15_28,N_16_26,12.848695664166707,7.13,7.13,7.13,7.13,7.13,7.13,8.87,8.87,9.64,9.64,7.71,7.71,7.71,7.71,7.71,7.71,9.25,10.02,10.02,9.25,7.32,7.32,7.32,7.32
N_15_28,N_13_27,13.007086106265106,7.22,7.22,7.22,7.22,7.22,7.22,8.97,8.97,9.76,9.76,7.8,7.8,7.8,7.8,7.8,7.8,9.37,10.15,10.15,9.37,7.41,7.41,7.41,7.41
N_15_29,N_14_29,6.752505532008171,6.89,6.89,6.89,6.89,6.89,6.89,10.53,10.53,12.15,12.15,8.1,8.1,8.1,8.1,8.1,8.1,11.34,12.96,12.96,11.34,7.29,7.29,7.29,7.29
N_15_29,N_15_27,14.025417287542917,7.78,7.78,7.78,7.78,7.78,7.78,9.68,9.68,10.52,10.52,8.42,8.42,8.42,8.42,8.42,8.42,10.1,10.94,10.94,10.1,7.99,7.99,7.99,7.99
N_15_29,N_15_28,14.55023238860462,8.08,8.08,8.08,8.08,8.08,8.08,10.04,10.04,10.91,10.91,8.73,8.73,8.73,8.73,8.73,8.73,10.48,11.35,11.35,10.48,8.29,8.29,8.29,8.29
N_15_29,N_16_29,11.84672149520437,6.57,6.57,6.57,6.57,6.57,6.57,8.17,8.17,8.89,8.89,7.11,7.11,7.11,7.11,7.11,7.11,8.53,9.24,9.24,8.53,6.75,6.75,6.75,6.75
N_15_3,N_13_4,5.826457667073219,5.94,5.94,5.94,5.94,5.94,5.94,9.09,9.09,10.49,10.49,6.99,6.99,6.99,6.99,6.99,6.99,9.79,11.19,11.19,9.79,6.29,6.29,6.29,6.29
N_15_3,N_14_2,12.76165986625472,7.08,7.08,7.08,7.08,7.08,7.08,8.81,8.81,9.57,9.57,7.66,7.66,7.66,7.66,7.66,7.66,9.19,9.95,9.95,9.19,7.27,7.27,7.27,7.27
N_15_3,N_16_3,11.98385319330121,6.65,6.65,6.65,6.65,6.65,6.65,8.27,8.27,8.99,8.99,7.19,7.19,7.19,7.19,7.19,7.19,8.63,9.35,9.35,8.63,6.83,6.83,6.83,6.83
N_15_3,N_15_2,5.391635253132142,5.5,5.5,5.5,5.5,5.5,5.5,8.41,8.41,9.7,9.7,6.47,6.47,6.47,6.47,6.47,6.47,9.06,10.35,10.35,9.06,5.82,5.82,5.82,5.82
N_15_30,N_14_30,3.600597430359626,3.67,3.67,3.67,3.67,3.67,3.67,5.62,5.62,6.48,6.48,4.32,4.32,4.32,4.32,4.32,4.32,6.05,6.91,6.91,6.05,3.89,3.89,3.89,3.89
N_15_30,N_15_28,3.348032062605969,3.41,3.41,3.41,3.41,3.41,3.41,5.22,5.22,6.03,6.03,4.02,4.02,4.02,4.02,4.02,4.02,5.62,6.43,6.43,5.62,3.62,3.62,3.62,3.62
N_15_31,N_14_31,9.887360438915323,5.49,5.49,5.49,5.49,5.49,5.49,6.82,6.82,7.42,7.42,5.93,5.93,5.93,5.93,5.93,5.93,7.12,7.71,7.71,7.12,5.64,5.64,5.64,5.64
N_15_31,N_14_33,11.77508015472565,6.54,6.54,6.54,6.54,6.54,6.54,8.12,8.12,8.83,8.83,7.07,7.07,7.07,7.07,7.07,7.07,8.48,9.18,9.18,8.48,6.71,6.71,6.71,6.71
N_15_31,N_13_32,6.894314869569895,7.03,7.03,7.03,7.03,7.03,7.03,10.76,10.76,12.41,12.41,8.27,8.27,8.27,8.27,8.27,8.27,11.58,13.24,13.24,11.58,7.45,7.45,7.45,7.45
N_15_31,N_16_32,12.595084264210902,6.99,6.99,6.99,6.99,6.99,6.99,8.69,8.69,9.45,9.45,7.56,7.56,7.56,7.56,7.56,7.56,9.07,9.82,9.82,9.07,7.18,7.18,7.18,7.18
N_15_31,N_15_33,9.116277828543831,5.06,5.06,5.06,5.06,5.06,5.06,6.29,6.29,6.84,6.84,5.47,5.47,5.47,5.47,5.47,5.47,6.56,7.11,7.11,6.56,5.2,5.2,5.2,5.2
N_15_31,N_17_31,4.435611228894174,4.52,4.52,4.52,4.52,4.52,4.52,6.92,6.92,7.98,7.98,5.32,5.32,5.32,5.32,5.32,5.32,7.45,8.52,8.52,7.45,4.79,4.79,4.79,4.79
N_15_32,N_13_33,6.03665136777744,6.16,6.16,6.16,6.16,6.16,6.16,9.42,9.42,10.87,10.87,7.24,7.24,7.24,7.24,7.24,7.24,10.14,11.59,11.59,10.14,6.52,6.52,6.52,6.52
N_15_32,N_14_32,11.926409862069542,6.62,6.62,6.62,6.62,6.62,6.62,8.23,8.23,8.94,8.94,7.16,7.16,7.16,7.16,7.16,7.16,8.59,9.3,9.3,8.59,6.8,6.8,6.8,6.8
N_15_33,N_14_31,5.888401921743739,6.01,6.01,6.01,6.01,6.01,6.01,9.19,9.19,10.6,10.6,7.07,7.07,7.07,7.07,7.07,7.07,9.89,11.31,11.31,9.89,6.36,6.36,6.36,6.36
N_15_33,N_17_33,8.509665452951037,4.72,4.72,4.72,4.72,4.72,4.72,5.87,5.87,6.38,6.38,5.11,5.11,5.11,5.11,5.11,5.11,6.13,6.64,6.64,6.13,4.85,4.85,4.85,4.85
N_15_33,N_16_31,1.9721443395657934,3.23,3.23,3.23,3.23,3.23,3.23,5.36,5.36,6.31,6.31,3.94,3.94,3.94,3.94,3.94,3.94,5.84,6.78,6.78,5.84,3.47,3.47,3.47,3.47
N_15_33,N_16_32,6.498929632727023,6.63,6.63,6.63,6.63,6.63,6.63,10.14,10.14,11.7,11.7,7.8,7.8,7.8,7.8,7.8,7.8,10.92,12.48,12.48,10.92,7.02,7.02,7.02,7.02
N_15_34,N_16_36,4.126153100822961,4.21,4.21,4.21,4.21,4.21,4.21,6.44,6.44,7.43,7.43,4.95,4.95,4.95,4.95,4.95,4.95,6.93,7.92,7.92,6.93,4.46,4.46,4.46,4.46
N_15_34,N_15_33,13.488917720681231,7.49,7.49,7.49,7.49,7.49,7.49,9.31,9.31,10.12,10.12,8.09,8.09,8.09,8.09,8.09,8.09,9.71,10.52,10.52,9.71,7.69,7.69,7.69,7.69
N_15_34,N_14_35,5.095975392840839,5.2,5.2,5.2,5.2,5.2,5.2,7.95,7.95,9.17,9.17,6.12,6.12,6.12,6.12,6.12,6.12,8.56,9.78,9.78,8.56,5.5,5.5,5.5,5.5
N_15_34,N_14_36,3.1276394239420013,3.19,3.19,3.19,3.19,3.19,3.19,4.88,4.88,5.63,5.63,3.75,3.75,3.75,3.75,3.75,3.75,5.25,6.01,6.01,5.25,3.38,3.38,3.38,3.38
N_15_35,N_15_33,3.1162896208668274,3.18,3.18,3.18,3.18,3.18,3.18,4.86,4.86,5.61,5.61,3.74,3.74,3.74,3.74,3.74,3.74,5.24,5.98,5.98,5.24,3.37,3.37,3.37,3.37
N_15_35,N_17_35,2.3756608029950286,3.9,3.9,3.9,3.9,3.9,3.9,6.46,6.46,7.6,7.6,4.75,4.75,4.75,4.75,4.75,4.75,7.03,8.17,8.17,7.03,4.18,4.18,4.18,4.18
N_15_36,N_13_35,4.803850730483656,4.9,4.9,4.9,4.9,4.9,4.9,7.49,7.49,8.65,8.65,5.76,5.76,5.76,5.76,5.76,5.76,8.07,9.22,9.22,8.07,5.19,5.19,5.19,5.19
N_15_36,N_13_37,4.931510505584542,5.03,5.03,5.03,5.03,5.03,5.03,7.69,7.69,8.88,8.88,5.92,5.92,5.92,5.92,5.92,5.92,8.28,9.47,9.47,8.28,5.33,5.33,5.33,5.33
N_15_36,N_17_37,6.817568855135343,6.95,6.95,6.95,6.95,6.95,6.95,10.64,10.64,12.27,12.27,8.18,8.18,8.18,8.18,8.18,8.18,11.45,13.09,13.09,11.45,7.36,7.36,7.36,7.36
N_15_36,N_15_38,9.637814814150026,5.35,5.35,5.35,5.35,5.35,5.35,6.65,6.65,7.23,7.23,5.78,5.78,5.78,5.78,5.78,5.78,6.94,7.52,7.52,6.94,5.49,5.49,5.49,5.49
N_15_37,N_14_37,3.9061695821499995,3.98,3.98,3.98,3.98,3.98,3.98,6.09,6.09,7.03,7.03,4.69,4.69,4.69,4.69,4.69,4.69,6.56,7.5,7.5,6.56,4.22,4.22,4.22,4.22
N_15_37,N_14_38,4.953154324376048,5.05,5.05,5.05,5.05,5.05,5.05,7.73,7.73,8.92,8.92,5.94,5.94,5.94,5.94,5.94,5.94,8.32,9.51,9.51,8.32,5.35,5.35,5.35,5.35
N_15_38,N_15_36,9.637814814150026,5.35,5.35,5.35,5.35,5.35,5.35,6.65,6.65,7.23,7.23,5.78,5.78,5.78,5.78,5.78,5.78,6.94,7.52,7.52,6.94,5.49,5.49,5.49,5.49
N_15_38,N_14_37,3.694840836454294,3.77,3.77,3.77,3.77,3.77,3.77,5.76,5.76,6.65,6.65,4.43,4.43,4.43,4.43,4.43,4.43,6.21,7.09,7.09,6.21,3.99,3.99,3.99,3.99
N_15_39,N_13_39,6.301770057582965,6.43,6.43,6.43,6.43,6.43,6.43,9.83,9.83,11.34,11.34,7.56,7.56,7.56,7.56,7.56,7.56,10.59,12.1,12.1,10.59,6.81,6.81,6.81,6.81
N_15_39,N_14_39,1.1199443012268402,1.84,1.84,1.84,1.84,1.84,1.84,3.05,3.05,3.58,3.58,2.24,2.24,2.24,2.24,2.24,2.24,3.32,3.85,3.85,3.32,1.97,1.97,1.97,1.97
N_15_4,N_14_5,6.074510339512379,6.2,6.2,6.2,6.2,6.2,6.2,9.48,9.48,10.93,10.93,7.29,7.29,7.29,7.29,7.29,7.29,10.21,11.66,11.66,10.21,6.56,6.56,6.56,6.56
N_15_4,N_15_5,1.530804546464735,2.51,2.51,2.51,2.51,2.51,2.51,4.16,4.16,4.9,4.9,3.06,3.06,3.06,3.06,3.06,3.06,4.53,5.27,5.27,4.53,2.69,2.69,2.69,2.69
N_15_4,N_16_5,5.871749325855205,5.99,5.99,5.99,5.99,5.99,5.99,9.16,9.16,10.57,10.57,7.05,7.05,7.05,7.05,7.05,7.05,9.86,11.27,11.27,9.86,6.34,6.34,6.34,6.34
N_15_4,N_16_4,6.811360577540252,6.95,6.95,6.95,6.95,6.95,6.95,10.63,10.63,12.26,12.26,8.17,8.17,8.17,8.17,8.17,8.17,11.44,13.08,13.08,11.44,7.36,7.36,7.36,7.36
N_15_5,N_15_4,1.530804546464735,2.51,2.51,2.51,2.51,2.51,2.51,4.16,4.16,4.9,4.9,3.06,3.06,3.06,3.06,3.06,3.06,4.53,5.27,5.27,4.53,2.69,2.69,2.69,2.69
N_15_5,N_16_4,1.8863926602913097,3.09,3.09,3.09,3.09,3.09,3.09,5.13,5.13,6.04,6.04,3.77,3.77,3.77,3.77,3.77,3.77,5.58,6.49,6.49,5.58,3.32,3.32,3.32,3.32
N_15_5,N_17_5,10.263614433537894,5.7,5.7,5.7,5.7,5.7,5.7,7.08,7.08,7.7,7.7,6.16,6.16,6.16,6.16,6.16,6.16,7.39,8.01,8.01,7.39,5.85,5.85,5.85,5.85
N_15_5,N_14_5,5.541748599583042,5.65,5.65,5.65,5.65,5.65,5.65,8.65,8.65,9.98,9.98,6.65,6.65,6.65,6.65,6.65,6.65,9.31,10.64,10.64,9.31,5.99,5.99,5.99,5.99
N_15_6,N_14_4,11.96863736047109,6.64,6.64,6.64,6.64,6.64,6.64,8.26,8.26,8.98,8.98,7.18,7.18,7.18,7.18,7.18,7.18,8.62,9.34,9.34,8.62,6.82,6.82,6.82,6.82
N_15_6,N_14_5,3.975294356666461,4.05,4.05,4.05,4.05,4.05,4.05,6.2,6.2,7.16,7.16,4.77,4.77,4.77,4.77,4.77,4.77,6.68,7.63,7.63,6.68,4.29,4.29,4.29,4.29
N_15_6,N_16_7,6.236417357257444,6.36,6.36,6.36,6.36,6.36,6.36,9.73,9.73,11.23,11.23,7.48,7.48,7.48,7.48,7.48,7.48,10.48,11.97,11.97,10.48,6.74,6.74,6.74,6.74
N_15_6,N_16_5,12.06940796948575,6.7,6.7,6.7,6.7,6.7,6.7,8.33,8.33,9.05,9.05,7.24,7.24,7.24,7.24,7.24,7.24,8.69,9.41,9.41,8.69,6.88,6.88,6.88,6.88
N_15_7,N_17_6,5.127809920727193,5.23,5.23,5.23,5.23,5.23,5.23,8.0,8.0,9.23,9.23,6.15,6.15,6.15,6.15,6.15,6.15,8.61,9.85,9.85,8.61,5.54,5.54,5.54,5.54
N_15_7,N_15_6,1.6022077618166237,2.63,2.63,2.63,2.63,2.63,2.63,4.36,4.36,5.13,5.13,3.2,3.2,3.2,3.2,3.2,3.2,4.74,5.51,5.51,4.74,2.82,2.82,2.82,2.82
N_15_8,N_13_8,1.921528734598777,3.15,3.15,3.15,3.15,3.15,3.15,5.23,5.23,6.15,6.15,3.84,3.84,3.84,3.84,3.84,3.84,5.69,6.61,6.61,5.69,3.38,3.38,3.38,3.38
N_15_8,N_13_7,3.3589692361223924,3.43,3.43,3.43,3.43,3.43,3.43,5.24,5.24,6.05,6.05,4.03,4.03,4.03,4.03,4.03,4.03,5.64,6.45,6.45,5.64,3.63,3.63,3.63,3.63
N_15_8,N_17_7,4.4250164862241075,4.51,4.51,4.51,4.51,4.51,4.51,6.9,6.9,7.97,7.97,5.31,5.31,5.31,5.31,5.31,5.31,7.43,8.5,8.5,7.43,4.78,4.78,4.78,4.78
N_15_9,N_15_7,11.124653782768167,6.17,6.17,6.17,6.17,6.17,6.17,7.68,7.68,8.34,8.34,6.67,6.67,6.67,6.67,6.67,6.67,8.01,8.68,8.68,8.01,6.34,6.34,6.34,6.34
N_15_9,N_16_7,3.865992593369401,3.94,3.94,3.94,3.94,3.94,3.94,6.03,6.03,6.96,6.96,4.64,4.64,4.64,4.64,4.64,4.64,6.49,7.42,7.42,6.49,4.18,4.18,4.18,4.18
N_15_9,N_14_9,3.1095078262212565,3.17,3.17,3.17,3.17,3.17,3.17,4.85,4.85,5.6,5.6,3.73,3.73,3.73,3.73,3.73,3.73,5.22,5.97,5.97,5.22,3.36,3.36,3.36,3.36
N_15_9,N_17_10,1.2752516553471644,2.09,2.09,2.09,2.09,2.09,2.09,3.47,3.47,4.08,4.08,2.55,2.55,2.55,2.55,2.55,2.55,3.77,4.39,4.39,3.77,2.24,2.24,2.24,2.24
N_15_9,N_14_7,12.096455563642596,6.71,6.71,6.71,6.71,6.71,6.71,8.35,8.35,9.07,9.07,7.26,7.26,7.26,7.26,7.26,7.26,8.71,9.44,9.44,8.71,6.89,6.89,6.89,6.89
N_15_9,N_13_10,2.1349832679193965,3.5,3.5,3.5,3.5,3.5,3.5,5.81,5.81,6.83,6.83,4.27,4.27,4.27,4.27,4.27,4.27,6.32,7.34,7.34,6.32,3.76,3.76,3.76,3.76
N_16_0,N_15_0,9.292854092865264,5.16,5.16,5.16,5.16,5.16,5.16,6.41,6.41,6.97,6.97,5.58,5.58,5.58,5.58,5.58,5.58,6.69,7.25,7.25,6.69,5.3,5.3,5.3,5.3
N_16_0,N_14_1,0.6952433054211147,1.14,1.14,1.14,1.14,1.14,1.14,1.89,1.89,2.22,2.22,1.39,1.39,1.39,1.39,1.39,1.39,2.06,2.39,2.39,2.06,1.22,1.22,1.22,1.22
N_16_0,N_18_1,9.09369220090512,5.05,5.05,5.05,5.05,5.05,5.05,6.27,6.27,6.82,6.82,5.46,5.46,5.46,5.46,5.46,5.46,6.55,7.09,7.09,6.55,5.18,5.18,5.18,5.18
N_16_0,N_15_2,4.187600950126971,4.27,4.27,4.27,4.27,4.27,4.27,6.53,6.53,7.54,7.54,5.03,5.03,5.03,5.03,5.03,5.03,7.04,8.04,8.04,7.04,4.52,4.52,4.52,4.52
N_16_0,N_15_1,1.9921272828784244,3.27,3.27,3.27,3.27,3.27,3.27,5.42,5.42,6.37,6.37,3.98,3.98,3.98,3.98,3.98,3.98,5.9,6.85,6.85,5.9,3.51,3.51,3.51,3.51
N_16_0,N_16_1,6.34402494671956,6.47,6.47,6.47,6.47,6.47,6.47,9.9,9.9,11.42,11.42,7.61,7.61,7.61,7.61,7.61,7.61,10.66,12.18,12.18,10.66,6.85,6.85,6.85,6.85
N_16_1,N_15_0,5.7334886246678884,5.85,5.85,5.85,5.85,5.85,5.85,8.94,8.94,10.32,10.32,6.88,6.88,6.88,6.88,6.88,6.88,9.63,11.01,11.01,9.63,6.19,6.19,6.19,6.19
N_16_1,N_17_1,5.446144329284765,5.56,5.56,5.56,5.56,5.56,5.56,8.5,8.5,9.8,9.8,6.54,6.54,6.54,6.54,6.54,6.54,9.15,10.46,10.46,9.15,5.88,5.88,5.88,5.88
N_16_1,N_14_0,12.049108981252436,6.69,6.69,6.69,6.69,6.69,6.69,8.31,8.31,9.04,9.04,7.23,7.23,7.23,7.23,7.23,7.23,8.68,9.4,9.4,8.68,6.87,6.87,6.87,6.87
N_16_10,N_16_9,5.828606576385729,5.95,5.95,5.95,5.95,5.95,5.95,9.09,9.09,10.49,10.49,6.99,6.99,6.99,6.99,6.99,6.99,9.79,11.19,11.19,9.79,6.29,6.29,6.29,6.29
N_16_10,N_14_11,11.738668494386312,6.51,6.51,6.51,6.51,6.51,6.51,8.1,8.1,8.8,8.8,7.04,7.04,7.04,7.04,7.04,7.04,8.45,9.16,9.16,8.45,6.69,6.69,6.69,6.69
N_16_10,N_15_11,3.2871019278776687,3.35,3.35,3.35,3.35,3.35,3.35,5.13,5.13,5.92,5.92,3.94,3.94,3.94,3.94,3.94,3.94,5.52,6.31,6.31,5.52,3.55,3.55,3.55,3.55
N_16_11,N_15_13,4.007097838146661,4.09,4.09,4.09,4.09,4.09,4.09,6.25,6.25,7.21,7.21,4.81,4.81,4.81,4.81,4.81,4.81,6.73,7.69,7.69,6.73,4.33,4.33,4.33,4.33
N_16_11,N_16_13,1.9920338785139167,3.27,3.27,3.27,3.27,3.27,3.27,5.42,5.42,6.37,6.37,3.98,3.98,3.98,3.98,3.98,3.98,5.9,6.85,6.85,5.9,3.51,3.51,3.51,3.51
N_16_11,N_16_10,6.994016686116107,7.13,7.13,7.13,7.13,7.13,7.13,10.91,10.91,12.59,12.59,8.39,8.39,8.39,8.39,8.39,8.39,11.75,13.43,13.43,11.75,7.55,7.55,7.55,7.55
N_16_12,N_14_11,8.185626835627538,4.54,4.54,4.54,4.54,4.54,4.54,5.65,5.65,6.14,6.14,4.91,4.91,4.91,4.91,4.91,4.91,5.89,6.38,6.38,5.89,4.67,4.67,4.67,4.67
N_16_12,N_14_13,1.6395889993773052,2.69,2.69,2.69,2.69,2.69,2.69,4.46,4.46,5.25,5.25,3.28,3.28,3.28,3.28,3.28,3.28,4.85,5.64,5.64,4.85,2.89,2.89,2.89,2.89
N_16_13,N_15_14,4.725478971646898,4.82,4.82,4.82,4.82,4.82,4.82,7.37,7.37,8.51,8.51,5.67,5.67,5.67,5.67,5.67,5.67,7.94,9.07,9.07,7.94,5.1,5.1,5.1,5.1
N_16_13,N_16_11,1.9920338785139167,3.27,3.27,3.27,3.27,3.27,3.27,5.42,5.42,6.37,6.37,3.98,3.98,3.98,3.98,3.98,3.98,5.9,6.85,6.85,5.9,3.51,3.51,3.51,3.51
N_16_13,N_14_12,12.896683096657402,7.16,7.16,7.16,7.16,7.16,7.16,8.9,8.9,9.67,9.67,7.74,7.74,7.74,7.74,7.74,7.74,9.29,10.06,10.06,9.29,7.35,7.35,7.35,7.35
N_16_14,N_14_13,5.520383317504229,5.63,5.63,5.63,5.63,5.63,5.63,8.61,8.61,9.94,9.94,6.62,6.62,6.62,6.62,6.62,6.62,9.27,10.6,10.6,9.27,5.96,5.96,5.96,5.96
N_16_14,N_14_15,10.613343560643678,5.89,5.89,5.89,5.89,5.89,5.89,7.32,7.32,7.96,7.96,6.37,6.37,6.37,6.37,6.37,6.37,7.64,8.28,8.28,7.64,6.05,6.05,6.05,6.05
N_16_14,N_16_15,3.8105454726924757,3.89,3.89,3.89,3.89,3.89,3.89,5.94,5.94,6.86,6.86,4.57,4.57,4.57,4.57,4.57,4.57,6.4,7.32,7.32,6.4,4.12,4.12,4.12,4.12
N_16_15,N_15_17,4.451544747862533,4.54,4.54,4.54,4.54,4.54,4.54,6.94,6.94,8.01,8.01,5.34,5.34,5.34,5.34,5.34,5.34,7.48,8.55,8.55,7.48,4.81,4.81,4.81,4.81
N_16_15,N_16_14,3.8105454726924757,3.89,3.89,3.89,3.89,3.89,3.89,5.94,5.94,6.86,6.86,4.57,4.57,4.57,4.57,4.57,4.57,6.4,7.32,7.32,6.4,4.12,4.12,4.12,4.12
N_16_15,N_17_15,4.11620997654153,4.2,4.2,4.2,4.2,4.2,4.2,6.42,6.42,7.41,7.41,4.94,4.94,4.94,4.94,4.94,4.94,6.92,7.9,7.9,6.92,4.45,4.45,4.45,4.45
N_16_16,N_15_16,3.1071879676792187,3.17,3.17,3.17,3.17,3.17,3.17,4.85,4.85,5.59,5.59,3.73,3.73,3.73,3.73,3.73,3.73,5.22,5.97,5.97,5.22,3.36,3.36,3.36,3.36
N_16_16,N_14_15,14.801528500632967,8.21,8.21,8.21,8.21,8.21,8.21,10.21,10.21,11.1,11.1,8.88,8.88,8.88,8.88,8.88,8.88,10.66,11.55,11.55,10.66,8.44,8.44,8.44,8.44
N_16_16,N_18_16,4.92102354542585,5.02,5.02,5.02,5.02,5.02,5.02,7.68,7.68,8.86,8.86,5.91,5.91,5.91,5.91,5.91,5.91,8.27,9.45,9.45,8.27,5.31,5.31,5.31,5.31
N_16_16,N_18_15,6.5992047185344065,6.73,6.73,6.73,6.73,6.73,6.73,10.29,10.29,11.88,11.88,7.92,7.92,7.92,7.92,7.92,7.92,11.09,12.67,12.67,11.09,7.13,7.13,7.13,7.13
N_16_16,N_18_17,10.094879427201429,5.6,5.6,5.6,5.6,5.6,5.6,6.97,6.97,7.57,7.57,6.06,6.06,6.06,6.06,6.06,6.06,7.27,7.87,7.87,7.27,5.75,5.75,5.75,5.75
N_16_17,N_17_17,5.4841609492619785,5.59,5.59,5.59,5.59,5.59,5.59,8.56,8.56,9.87,9.87,6.58,6.58,6.58,6.58,6.58,6.58,9.21,10.53,10.53,9.21,5.92,5.92,5.92,5.92
N_16_17,N_15_17,9.386193873938042,5.21,5.21,5.21,5.21,5.21,5.21,6.48,6.48,7.04,7.04,5.63,5.63,5.63,5.63,5.63,5.63,6.76,7.32,7.32,6.76,5.35,5.35,5.35,5.35
N_16_17,N_17_19,1.1695999164598194,1.92,1.92,1.92,1.92,1.92,1.92,3.18,3.18,3.74,3.74,2.34,2.34,2.34,2.34,2.34,2.34,3.46,4.02,4.02,3.46,2.06,2.06,2.06,2.06
N_16_18,N_15_20,5.589807550043256,5.7,5.7,5.7,5.7,5.7,5.7,8.72,8.72,10.06,10.06,6.71,6.71,6.71,6.71,6.71,6.71,9.39,10.73,10.73,9.39,6.04,6.04,6.04,6.04
N_16_18,N_14_17,3.2187316328817923,3.28,3.28,3.28,3.28,3.28,3.28,5.02,5.02,5.79,5.79,3.86,3.86,3.86,3.86,3.86,3.86,5.41,6.18,6.18,5.41,3.48,3.48,3.48,3.48
N_16_18,N_17_20,5.250289358427688,5.36,5.36,5.36,5.36,5.36,5.36,8.19,8.19,9.45,9.45,6.3,6.3,6.3,6.3,6.3,6.3,8.82,10.08,10.08,8.82,5.67,5.67,5.67,5.67
N_16_19,N_15_20,6.343010425000994,6.47,6.47,6.47,6.47,6.47,6.47,9.9,9.9,11.42,11.42,7.61,7.61,7.61,7.61,7.61,7.61,10.66,12.18,12.18,10.66,6.85,6.85,6.85,6.85
N_16_19,N_15_18,8.539782786924551,4.74,4.74,4.74,4.74,4.74,4.74,5.89,5.89,6.4,6.4,5.12,5.12,5.12,5.12,5.12,5.12,6.15,6.66,6.66,6.15,4.87,4.87,4.87,4.87
N_16_2,N_15_1,4.4972754221837885,4.59,4.59,4.59,4.59,4.59,4.59,7.02,7.02,8.1,8.1,5.4,5.4,5.4,5.4,5.4,5.4,7.56,8.63,8.63,7.56,4.86,4.86,4.86,4.86
N_16_2,N_15_0,12.193310332958985,6.77,6.77,6.77,6.77,6.77,6.77,8.41,8.41,9.14,9.14,7.32,7.32,7.32,7.32,7.32,7.32,8.78,9.51,9.51,8.78,6.95,6.95,6.95,6.95
N_16_20,N_15_20,5.010949607676301,5.11,5.11,5.11,5.11,5.11,5.11,7.82,7.82,9.02,9.02,6.01,6.01,6.01,6.01,6.01,6.01,8.42,9.62,9.62,8.42,5.41,5.41,5.41,5.41
N_16_20,N_16_18,13.31477781542855,7.39,7.39,7.39,7.39,7.39,7.39,9.19,9.19,9.99,9.99,7.99,7.99,7.99,7.99,7.99,7.99,9.59,10.39,10.39,9.59,7.59,7.59,7.59,7.59
N_16_20,N_17_22,12.2738495186769,6.81,6.81,6.81,6.81,6.81,6.81,8.47,8.47,9.21,9.21,7.36,7.36,7.36,7.36,7.36,7.36,8.84,9.57,9.57,8.84,7.0,7.0,7.0,7.0
N_16_21,N_15_20,3.597688184304071,3.67,3.67,3.67,3.67,3.67,3.67,5.61,5.61,6.48,6.48,4.32,4.32,4.32,4.32,4.32,4.32,6.04,6.91,6.91,6.04,3.89,3.89,3.89,3.89
N_16_21,N_15_22,8.356199529516692,4.64,4.64,4.64,4.64,4.64,4.64,5.77,5.77,6.27,6.27,5.01,5.01,5.01,5.01,5.01,5.01,6.02,6.52,6.52,6.02,4.76,4.76,4.76,4.76
N_16_21,N_17_23,9.133914217421818,5.07,5.07,5.07,5.07,5.07,5.07,6.3,6.3,6.85,6.85,5.48,5.48,5.48,5.48,5.48,5.48,6.58,7.12,7.12,6.58,5.21,5.21,5.21,5.21
N_16_22,N_16_23,6.4464906566417275,6.58,6.58,6.58,6.58,6.58,6.58,10.06,10.06,11.6,11.6,7.74,7.74,7.74,7.74,7.74,7.74,10.83,12.38,12.38,10.83,6.96,6.96,6.96,6.96
N_16_22,N_18_23,5.910830200395097,6.03,6.03,6.03,6.03,6.03,6.03,9.22,9.22,10.64,10.64,7.09,7.09,7.09,7.09,7.09,7.09,9.93,11.35,11.35,9.93,6.38,6.38,6.38,6.38
N_16_22,N_16_20,4.291612609890325,4.38,4.38,4.38,4.38,4.38,4.38,6.69,6.69,7.72,7.72,5.15,5.15,5.15,5.15,5.15,5.15,7.21,8.24,8.24,7.21,4.63,4.63,4.63,4.63
N_16_23,N_14_22,5.949207987729352,6.07,6.07,6.07,6.07,6.07,6.07,9.28,9.28,10.71,10.71,7.14,7.14,7.14,7.14,7.14,7.14,9.99,11.42,11.42,9.99,6.43,6.43,6.43,6.43
N_16_23,N_18_23,9.695448894115607,5.38,5.38,5.38,5.38,5.38,5.38,6.69,6.69,7.27,7.27,5.82,5.82,5.82,5.82,5.82,5.82,6.98,7.56,7.56,6.98,5.53,5.53,5.53,5.53
N_16_23,N_18_24,10.104560456868548,5.61,5.61,5.61,5.61,5.61,5.61,6.97,6.97,7.58,7.58,6.06,6.06,6.06,6.06,6.06,6.06,7.28,7.88,7.88,7.28,5.76,5.76,5.76,5.76
N_16_24,N_15_23,2.3664700861504278,3.88,3.88,3.88,3.88,3.88,3.88,6.44,6.44,7.57,7.57,4.73,4.73,4.73,4.73,4.73,4.73,7.0,8.14,8.14,7.0,4.16,4.16,4.16,4.16
N_16_24,N_18_25,0.5265729937472396,0.86,0.86,0.86,0.86,0.86,0.86,1.43,1.43,1.69,1.69,1.05,1.05,1.05,1.05,1.05,1.05,1.56,1.81,1.81,1.56,0.93,0.93,0.93,0.93
N_16_25,N_15_24,5.879931409622005,6.0,6.0,6.0,6.0,6.0,6.0,9.17,9.17,10.58,10.58,7.06,7.06,7.06,7.06,7.06,7.06,9.88,11.29,11.29,9.88,6.35,6.35,6.35,6.35
N_16_25,N_15_25,9.401826528443559,5.22,5.22,5.22,5.22,5.22,5.22,6.49,6.49,7.05,7.05,5.64,5.64,5.64,5.64,5.64,5.64,6.77,7.33,7.33,6.77,5.36,5.36,5.36,5.36
N_16_25,N_15_27,1.6221739312184071,2.66,2.66,2.66,2.66,2.66,2.66,4.41,4.41,5.19,5.19,3.24,3.24,3.24,3.24,3.24,3.24,4.8,5.58,5.58,4.8,2.86,2.86,2.86,2.86
N_16_26,N_15_28,12.848695664166707,7.13,7.13,7.13,7.13,7.13,7.13,8.87,8.87,9.64,9.64,7.71,7.71,7.71,7.71,7.71,7.71,9.25,10.02,10.02,9.25,7.32,7.32,7.32,7.32
N_16_26,N_15_26,1.433074979096029,2.35,2.35,2.35,2.35,2.35,2.35,3.9,3.9,4.59,4.59,2.87,2.87,2.87,2.87,2.87,2.87,4.24,4.93,4.93,4.24,2.52,2.52,2.52,2.52
N_16_26,N_15_25,5.149402581333916,5.25,5.25,5.25,5.25,5.25,5.25,8.03,8.03,9.27,9.27,6.18,6.18,6.18,6.18,6.18,6.18,8.65,9.89,9.89,8.65,5.56,5.56,5.56,5.56
N_16_26,N_18_26,6.182628134862156,6.31,6.31,6.31,6.31,6.31,6.31,9.64,9.64,11.13,11.13,7.42,7.42,7.42,7.42,7.42,7.42,10.39,11.87,11.87,10.39,6.68,6.68,6.68,6.68
N_16_27,N_15_25,0.633785493402309,1.04,1.04,1.04,1.04,1.04,1.04,1.72,1.72,2.03,2.03,1.27,1.27,1.27,1.27,1.27,1.27,1.88,2.18,2.18,1.88,1.12,1.12,1.12,1.12
N_16_27,N_18_26,2.1606454491204508,3.54,3.54,3.54,3.54,3.54,3.54,5.88,5.88,6.91,6.91,4.32,4.32,4.32,4.32,4.32,4.32,6.4,7.43,7.43,6.4,3.8,3.8,3.8,3.8
N_16_27,N_14_26,1.1744692527492726,1.93,1.93,1.93,1.93,1.93,1.93,3.19,3.19,3.76,3.76,2.35,2.35,2.35,2.35,2.35,2.35,3.48,4.04,4.04,3.48,2.07,2.07,2.07,2.07
N_16_28,N_17_30,1.9441996835454012,3.19,3.19,3.19,3.19,3.19,3.19,5.29,5.29,6.22,6.22,3.89,3.89,3.89,3.89,3.89,3.89,5.75,6.69,6.69,5.75,3.42,3.42,3.42,3.42
N_16_28,N_16_30,0.9666910190980176,1.59,1.59,1.59,1.59,1.59,1.59,2.63,2.63,3.09,3.09,1.93,1.93,1.93,1.93,1.93,1.93,2.86,3.33,3.33,2.86,1.7,1.7,1.7,1.7
N_16_28,N_15_27,6.568297322053133,6.7,6.7,6.7,6.7,6.7,6.7,10.25,10.25,11.82,11.82,7.88,7.88,7.88,7.88,7.88,7.88,11.03,12.61,12.61,11.03,7.09,7.09,7.09,7.09
N_16_28,N_18_28,1.3314756226760218,2.18,2.18,2.18,2.18,2.18,2.18,3.62,3.62,4.26,4.26,2.66,2.66,2.66,2.66,2.66,2.66,3.94,4.58,4.58,3.94,2.34,2.34,2.34,2.34
N_16_28,N_16_26,6.957125366327556,7.1,7.1,7.1,7.1,7.1,7.1,10.85,10.85,12.52,12.52,8.35,8.35,8.35,8.35,8.35,8.35,11.69,13.36,13.36,11.69,7.51,7.51,7.51,7.51
N_16_29,N_15_29,11.84672149520437,6.57,6.57,6.57,6.57,6.57,6.57,8.17,8.17,8.89,8.89,7.11,7.11,7.11,7.11,7.11,7.11,8.53,9.24,9.24,8.53,6.75,6.75,6.75,6.75
N_16_29,N_16_30,6.3745271241675905,6.5,6.5,6.5,6.5,6.5,6.5,9.94,9.94,11.47,11.47,7.65,7.65,7.65,7.65,7.65,7.65,10.71,12.24,12.24,10.71,6.88,6.88,6.88,6.88
N_16_29,N_14_28,1.8427192932733127,3.02,3.02,3.02,3.02,3.02,3.02,5.01,5.01,5.9,5.9,3.69,3.69,3.69,3.69,3.69,3.69,5.45,6.34,6.34,5.45,3.24,3.24,3.24,3.24
N_16_3,N_14_4,3.8399050027345387,3.92,3.92,3.92,3.92,3.92,3.92,5.99,5.99,6.91,6.91,4.61,4.61,4.61,4.61,4.61,4.61,6.45,7.37,7.37,6.45,4.15,4.15,4.15,4.15
N_16_3,N_15_2,5.955871641072976,6.07,6.07,6.07,6.07,6.07,6.07,9.29,9.29,10.72,10.72,7.15,7.15,7.15,7.15,7.15,7.15,10.01,11.44,11.44,10.01,6.43,6.43,6.43,6.43
N_16_30,N_14_29,6.9508956576426435,7.09,7.09,7.09,7.09,7.09,7.09,10.84,10.84,12.51,12.51,8.34,8.34,8.34,8.34,8.34,8.34,11.68,13.35,13.35,11.68,7.51,7.51,7.51,7.51
N_16_30,N_14_31,8.632886470886811,4.79,4.79,4.79,4.79,4.79,4.79,5.96,5.96,6.47,6.47,5.18,5.18,5.18,5.18,5.18,5.18,6.22,6.73,6.73,6.22,4.92,4.92,4.92,4.92
N_16_30,N_16_28,0.9666910190980176,1.59,1.59,1.59,1.59,1.59,1.59,2.63,2.63,3.09,3.09,1.93,1.93,1.93,1.93,1.93,1.93,2.86,3.33,3.33,2.86,1.7,1.7,1.7,1.7
N_16_30,N_15_32,5.384963104883136,5.49,5.49,5.49,5.49,5.49,5.49,8.4,8.4,9.69,9.69,6.46,6.46,6.46,6.46,6.46,6.46,9.05,10.34,10.34,9.05,5.82,5.82,5.82,5.82
N_16_30,N_17_29,6.299823901071941,6.43,6.43,6.43,6.43,6.43,6.43,9.83,9.83,11.34,11.34,7.56,7.56,7.56,7.56,7.56,7.56,10.58,12.1,12.1,10.58,6.8,6.8,6.8,6.8
N_16_31,N_15_33,1.9721443395657934,3.23,3.23,3.23,3.23,3.23,3.23,5.36,5.36,6.31,6.31,3.94,3.94,3.94,3.94,3.94,3.94,5.84,6.78,6.78,5.84,3.47,3.47,3.47,3.47
N_16_31,N_15_30,6.632161789348265,6.76,6.76,6.76,6.76,6.76,6.76,10.35,10.35,11.94,11.94,7.96,7.96,7.96,7.96,7.96,7.96,11.14,12.73,12.73,11.14,7.16,7.16,7.16,7.16
N_16_31,N_14_32,6.519165354094426,6.65,6.65,6.65,6.65,6.65,6.65,10.17,10.17,11.73,11.73,7.82,7.82,7.82,7.82,7.82,7.82,10.95,12.52,12.52,10.95,7.04,7.04,7.04,7.04
N_16_32,N_14_32,9.35145797914122,5.19,5.19,5.19,5.19,5.19,5.19,6.45,6.45,7.01,7.01,5.61,5.61,5.61,5.61,5.61,5.61,6.73,7.29,7.29,6.73,5.33,5.33,5.33,5.33
N_16_32,N_15_31,12.595084264210902,6.99,6.99,6.99,6.99,6.99,6.99,8.69,8.69,9.45,9.45,7.56,7.56,7.56,7.56,7.56,7.56,9.07,9.82,9.82,9.07,7.18,7.18,7.18,7.18
N_16_33,N_17_32,2.280037192227751,3.74,3.74,3.74,3.74,3.74,3.74,6.2,6.2,7.3,7.3,4.56,4.56,4.56,4.56,4.56,4.56,6.75,7.84,7.84,6.75,4.01,4.01,4.01,4.01
N_16_33,N_15_33,11.905016058426348,6.61,6.61,6.61,6.61,6.61,6.61,8.21,8.21,8.93,8.93,7.14,7.14,7.14,7.14,7.14,7.14,8.57,9.29,9.29,8.57,6.79,6.79,6.79,6.79
N_16_33,N_18_32,3.2710173875377277,3.34,3.34,3.34,3.34,3.34,3.34,5.1,5.1,5.89,5.89,3.93,3.93,3.93,3.93,3.93,3.93,5.5,6.28,6.28,5.5,3.53,3.53,3.53,3.53
N_16_34,N_18_34,1.4547142837020481,2.39,2.39,2.39,2.39,2.39,2.39,3.96,3.96,4.66,4.66,2.91,2.91,2.91,2.91,2.91,2.91,4.31,5.0,5.0,4.31,2.56,2.56,2.56,2.56
N_16_34,N_18_33,4.912702788310168,5.01,5.01,5.01,5.01,5.01,5.01,7.66,7.66,8.84,8.84,5.9,5.9,5.9,5.9,5.9,5.9,8.25,9.43,9.43,8.25,5.31,5.31,5.31,5.31
N_16_34,N_16_33,3.3602882888908585,3.43,3.43,3.43,3.43,3.43,3.43,5.24,5.24,6.05,6.05,4.03,4.03,4.03,4.03,4.03,4.03,5.65,6.45,6.45,5.65,3.63,3.63,3.63,3.63
N_16_34,N_17_33,1.3480651085261925,2.21,2.21,2.21,2.21,2.21,2.21,3.67,3.67,4.31,4.31,2.7,2.7,2.7,2.7,2.7,2.7,3.99,4.64,4.64,3.99,2.37,2.37,2.37,2.37
N_16_34,N_15_36,11.514507449259803,6.39,6.39,6.39,6.39,6.39,6.39,7.95,7.95,8.64,8.64,6.91,6.91,6.91,6.91,6.91,6.91,8.29,8.98,8.98,8.29,6.56,6.56,6.56,6.56
N_16_34,N_16_36,4.048697620435227,4.13,4.13,4.13,4.13,4.13,4.13,6.32,6.32,7.29,7.29,4.86,4.86,4.86,4.86,4.86,4.86,6.8,7.77,7.77,6.8,4.37,4.37,4.37,4.37
N_16_35,N_14_36,9.906675430870095,5.5,5.5,5.5,5.5,5.5,5.5,6.84,6.84,7.43,7.43,5.94,5.94,5.94,5.94,5.94,5.94,7.13,7.73,7.73,7.13,5.65,5.65,5.65,5.65
N_16_35,N_15_34,6.731273324635049,6.87,6.87,6.87,6.87,6.87,6.87,10.5,10.5,12.12,12.12,8.08,8.08,8.08,8.08,8.08,8.08,11.31,12.92,12.92,11.31,7.27,7.27,7.27,7.27
N_16_35,N_18_36,13.516183724954086,7.5,7.5,7.5,7.5,7.5,7.5,9.33,9.33,10.14,10.14,8.11,8.11,8.11,8.11,8.11,8.11,9.73,10.54,10.54,9.73,7.7,7.7,7.7,7.7
N_16_35,N_15_35,5.402060198461717,5.51,5.51,5.51,5.51,5.51,5.51,8.43,8.43,9.72,9.72,6.48,6.48,6.48,6.48,6.48,6.48,9.08,10.37,10.37,9.08,5.83,5.83,5.83,5.83
N_16_35,N_16_37,2.395681522104751,3.93,3.93,3.93,3.93,3.93,3.93,6.52,6.52,7.67,7.67,4.79,4.79,4.79,4.79,4.79,4.79,7.09,8.24,8.24,7.09,4.22,4.22,4.22,4.22
N_16_35,N_17_37,13.137336396264772,7.29,7.29,7.29,7.29,7.29,7.29,9.06,9.06,9.85,9.85,7.88,7.88,7.88,7.88,7.88,7.88,9.46,10.25,10.25,9.46,7.49,7.49,7.49,7.49
N_16_36,N_14_35,4.7783089048606495,4.87,4.87,4.87,4.87,4.87,4.87,7.45,7.45,8.6,8.6,5.73,5.73,5.73,5.73,5.73,5.73,8.03,9.17,9.17,8.03,5.16,5.16,5.16,5.16
N_16_36,N_15_34,4.126153100822961,4.21,4.21,4.21,4.21,4.21,4.21,6.44,6.44,7.43,7.43,4.95,4.95,4.95,4.95,4.95,4.95,6.93,7.92,7.92,6.93,4.46,4.46,4.46,4.46
N_16_37,N_14_38,1.2088530176801202,1.98,1.98,1.98,1.98,1.98,1.98,3.29,3.29,3.87,3.87,2.42,2.42,2.42,2.42,2.42,2.42,3.58,4.16,4.16,3.58,2.13,2.13,2.13,2.13
N_16_37,N_16_35,2.395681522104751,3.93,3.93,3.93,3.93,3.93,3.93,6.52,6.52,7.67,7.67,4.79,4.79,4.79,4.79,4.79,4.79,7.09,8.24,8.24,7.09,4.22,4.22,4.22,4.22
N_16_37,N_15_35,6.94454984004417,7.08,7.08,7.08,7.08,7.08,7.08,10.83,10.83,12.5,12.5,8.33,8.33,8.33,8.33,8.33,8.33,11.67,13.33,13.33,11.67,7.5,7.5,7.5,7.5
N_16_37,N_15_37,0.7318746065249804,1.2,1.2,1.2,1.2,1.2,1.2,1.99,1.99,2.34,2.34,1.46,1.46,1.46,1.46,1.46,1.46,2.17,2.52,2.52,2.17,1.29,1.29,1.29,1.29
N_16_38,N_14_38,2.2962114066921977,3.77,3.77,3.77,3.77,3.77,3.77,6.25,6.25,7.35,7.35,4.59,4.59,4.59,4.59,4.59,4.59,6.8,7.9,7.9,6.8,4.04,4.04,4.04,4.04
N_16_38,N_15_38,3.498052918353324,3.57,3.57,3.57,3.57,3.57,3.57,5.46,5.46,6.3,6.3,4.2,4.2,4.2,4.2,4.2,4.2,5.88,6.72,6.72,5.88,3.78,3.78,3.78,3.78
N_16_38,N_15_37,4.5293464247683275,4.62,4.62,4.62,4.62,4.62,4.62,7.07,7.07,8.15,8.15,5.44,5.44,5.44,5.44,5.44,5.44,7.61,8.7,8.7,7.61,4.89,4.89,4.89,4.89
N_16_38,N_14_39,3.7938601189399135,3.87,3.87,3.87,3.87,3.87,3.87,5.92,5.92,6.83,6.83,4.55,4.55,4.55,4.55,4.55,4.55,6.37,7.28,7.28,6.37,4.1,4.1,4.1,4.1
N_16_38,N_17_38,2.1342485434238148,3.5,3.5,3.5,3.5,3.5,3.5,5.81,5.81,6.83,6.83,4.27,4.27,4.27,4.27,4.27,4.27,6.32,7.34,7.34,6.32,3.76,3.76,3.76,3.76
N_16_39,N_15_38,9.146745355899867,5.08,5.08,5.08,5.08,5.08,5.08,6.31,6.31,6.86,6.86,5.49,5.49,5.49,5.49,5.49,5.49,6.59,7.13,7.13,6.59,5.21,5.21,5.21,5.21
N_16_39,N_17_39,1.7947387692779164,2.94,2.94,2.94,2.94,2.94,2.94,4.88,4.88,5.74,5.74,3.59,3.59,3.59,3.59,3.59,3.59,5.31,6.17,6.17,5.31,3.16,3.16,3.16,3.16
N_16_39,N_14_39,10.901164446963907,6.05,6.05,6.05,6.05,6.05,6.05,7.52,7.52,8.18,8.18,6.54,6.54,6.54,6.54,6.54,6.54,7.85,8.5,8.5,7.85,6.21,6.21,6.21,6.21
N_16_39,N_18_38,14.151442290300938,7.85,7.85,7.85,7.85,7.85,7.85,9.76,9.76,10.61,10.61,8.49,8.49,8.49,8.49,8.49,8.49,10.19,11.04,11.04,10.19,8.07,8.07,8.07,8.07
N_16_4,N_15_4,6.811360577540252,6.95,6.95,6.95,6.95,6.95,6.95,10.63,10.63,12.26,12.26,8.17,8.17,8.17,8.17,8.17,8.17,11.44,13.08,13.08,11.44,7.36,7.36,7.36,7.36
N_16_4,N_15_5,1.8863926602913097,3.09,3.09,3.09,3.09,3.09,3.09,5.13,5.13,6.04,6.04,3.77,3.77,3.77,3.77,3.77,3.77,5.58,6.49,6.49,5.58,3.32,3.32,3.32,3.32
N_16_4,N_17_4,10.958186464386529,6.08,6.08,6.08,6.08,6.08,6.08,7.56,7.56,8.22,8.22,6.57,6.57,6.57,6.57,6.57,6.57,7.89,8.55,8.55,7.89,6.25,6.25,6.25,6.25
N_16_4,N_17_2,11.053462891847348,6.13,6.13,6.13,6.13,6.13,6.13,7.63,7.63,8.29,8.29,6.63,6.63,6.63,6.63,6.63,6.63,7.96,8.62,8.62,7.96,6.3,6.3,6.3,6.3
N_16_5,N_14_5,11.002183478017301,6.11,6.11,6.11,6.11,6.11,6.11,7.59,7.59,8.25,8.25,6.6,6.6,6.6,6.6,6.6,6.6,7.92,8.58,8.58,7.92,6.27,6.27,6.27,6.27
N_16_5,N_18_6,3.631209770106454,3.7,3.7,3.7,3.7,3.7,3.7,5.66,5.66,6.54,6.54,4.36,4.36,4.36,4.36,4.36,4.36,6.1,6.97,6.97,6.1,3.92,3.92,3.92,3.92
N_16_6,N_14_7,14.3701825952357,7.98,7.98,7.98,7.98,7.98,7.98,9.92,9.92,10.78,10.78,8.62,8.62,8.62,8.62,8.62,8.62,10.35,11.21,11.21,10.35,8.19,8.19,8.19,8.19
N_16_6,N_15_8,12.38534547592188,6.87,6.87,6.87,6.87,6.87,6.87,8.55,8.55,9.29,9.29,7.43,7.43,7.43,7.43,7.43,7.43,8.92,9.66,9.66,8.92,7.06,7.06,7.06,7.06
N_16_7,N_15_6,6.236417357257444,6.36,6.36,6.36,6.36,6.36,6.36,9.73,9.73,11.23,11.23,7.48,7.48,7.48,7.48,7.48,7.48,10.48,11.97,11.97,10.48,6.74,6.74,6.74,6.74
N_16_7,N_15_9,3.865992593369401,3.94,3.94,3.94,3.94,3.94,3.94,6.03,6.03,6.96,6.96,4.64,4.64,4.64,4.64,4.64,4.64,6.49,7.42,7.42,6.49,4.18,4.18,4.18,4.18
N_16_7,N_17_8,4.301930296102444,4.39,4.39,4.39,4.39,4.39,4.39,6.71,6.71,7.74,7.74,5.16,5.16,5.16,5.16,5.16,5.16,7.23,8.26,8.26,7.23,4.65,4.65,4.65,4.65
N_16_8,N_14_7,6.288361809690853,6.41,6.41,6.41,6.41,6.41,6.41,9.81,9.81,11.32,11.32,7.55,7.55,7.55,7.55,7.55,7.55,10.56,12.07,12.07,10.56,6.79,6.79,6.79,6.79
N_16_8,N_17_9,12.768965870898668,7.09,7.09,7.09,7.09,7.09,7.09,8.81,8.81,9.58,9.58,7.66,7.66,7.66,7.66,7.66,7.66,9.19,9.96,9.96,9.19,7.28,7.28,7.28,7.28
N_16_8,N_15_6,0.9338674819254507,1.53,1.53,1.53,1.53,1.53,1.53,2.54,2.54,2.99,2.99,1.87,1.87,1.87,1.87,1.87,1.87,2.76,3.21,3.21,2.76,1.64,1.64,1.64,1.64
N_16_8,N_17_8,2.1562094722613234,3.54,3.54,3.54,3.54,3.54,3.54,5.86,5.86,6.9,6.9,4.31,4.31,4.31,4.31,4.31,4.31,6.38,7.42,7.42,6.38,3.79,3.79,3.79,3.79
N_16_8,N_15_10,5.316956330599529,5.42,5.42,5.42,5.42,5.42,5.42,8.29,8.29,9.57,9.57,6.38,6.38,6.38,6.38,6.38,6.38,8.93,10.21,10.21,8.93,5.74,5.74,5.74,5.74
N_16_8,N_15_7,4.091569000283984,4.17,4.17,4.17,4.17,4.17,4.17,6.38,6.38,7.36,7.36,4.91,4.91,4.91,4.91,4.91,4.91,6.87,7.86,7.86,6.87,4.42,4.42,4.42,4.42
N_16_9,N_14_10,5.390765646996474,5.5,5.5,5.5,5.5,5.5,5.5,8.41,8.41,9.7,9.7,6.47,6.47,6.47,6.47,6.47,6.47,9.06,10.35,10.35,9.06,5.82,5.82,5.82,5.82
N_16_9,N_14_8,9.044375908923563,5.02,5.02,5.02,5.02,5.02,5.02,6.24,6.24,6.78,6.78,5.43,5.43,5.43,5.43,5.43,5.43,6.51,7.05,7.05,6.51,5.16,5.16,5.16,5.16
N_17_0,N_16_0,13.938105791850605,7.74,7.74,7.74,7.74,7.74,7.74,9.62,9.62,10.45,10.45,8.36,8.36,8.36,8.36,8.36,8.36,10.04,10.87,10.87,10.04,7.94,7.94,7.94,7.94
N_17_0,N_17_2,4.7521534173998665,4.85,4.85,4.85,4.85,4.85,4.85,7.41,7.41,8.55,8.55,5.7,5.7,5.7,5.7,5.7,5.7,7.98,9.12,9.12,7.98,5.13,5.13,5.13,5.13
N_17_1,N_15_0,8.344169732259921,4.63,4.63,4.63,4.63,4.63,4.63,5.76,5.76,6.26,6.26,5.01,5.01,5.01,5.01,5.01,5.01,6.01,6.51,6.51,6.01,4.76,4.76,4.76,4.76
N_17_1,N_16_1,5.446144329284765,5.56,5.56,5.56,5.56,5.56,5.56,8.5,8.5,9.8,9.8,6.54,6.54,6.54,6.54,6.54,6.54,9.15,10.46,10.46,9.15,5.88,5.88,5.88,5.88
N_17_10,N_15_9,1.2752516553471644,2.09,2.09,2.09,2.09,2.09,2.09,3.47,3.47,4.08,4.08,2.55,2.55,2.55,2.55,2.55,2.55,3.77,4.39,4.39,3.77,2.24,2.24,2.24,2.24
N_17_10,N_16_8,4.5867383323863855,4.68,4.68,4.68,4.68,4.68,4.68,7.16,7.16,8.26,8.26,5.5,5.5,5.5,5.5,5.5,5.5,7.71,8.81,8.81,7.71,4.95,4.95,4.95,4.95
N_17_10,N_18_8,1.0174623675676173,1.67,1.67,1.67,1.67,1.67,1.67,2.77,2.77,3.26,3.26,2.03,2.03,2.03,2.03,2.03,2.03,3.01,3.5,3.5,3.01,1.79,1.79,1.79,1.79
N_17_10,N_17_9,8.91016706802369,4.95,4.95,4.95,4.95,4.95,4.95,6.15,6.15,6.68,6.68,5.35,5.35,5.35,5.35,5.35,5.35,6.42,6.95,6.95,6.42,5.08,5.08,5.08,5.08
N_17_10,N_16_9,4.883293271091088,4.98,4.98,4.98,4.98,4.98,4.98,7.62,7.62,8.79,8.79,5.86,5.86,5.86,5.86,5.86,5.86,8.2,9.38,9.38,8.2,5.27,5.27,5.27,5.27
N_17_10,N_18_12,9.948702412632722,5.52,5.52,5.52,5.52,5.52,5.52,6.86,6.86,7.46,7.46,5.97,5.97,5.97,5.97,5.97,5.97,7.16,7.76,7.76,7.16,5.67,5.67,5.67,5.67
N_17_10,N_15_10,10.275257383638332,5.7,5.7,5.7,5.7,5.7,5.7,7.09,7.09,7.71,7.71,6.17,6.17,6.17,6.17,6.17,6.17,7.4,8.01,8.01,7.4,5.86,5.86,5.86,5.86
N_17_11,N_17_9,1.3923805159400917,2.28,2.28,2.28,2.28,2.28,2.28,3.79,3.79,4.46,4.46,2.78,2.78,2.78,2.78,2.78,2.78,4.12,4.79,4.79,4.12,2.45,2.45,2.45,2.45
N_17_11,N_15_10,12.975170218146346,7.2,7.2,7.2,7.2,7.2,7.2,8.95,8.95,9.73,9.73,7.79,7.79,7.79,7.79,7.79,7.79,9.34,10.12,10.12,9.34,7.4,7.4,7.4,7.4
N_17_11,N_17_10,0.6843271325892162,1.12,1.12,1.12,1.12,1.12,1.12,1.86,1.86,2.19,2.19,1.37,1.37,1.37,1.37,1.37,1.37,2.03,2.35,2.35,2.03,1.2,1.2,1.2,1.2
N_17_11,N_16_12,8.643454032473446,4.8,4.8,4.8,4.8,4.8,4.8,5.96,5.96,6.48,6.48,5.19,5.19,5.19,5.19,5.19,5.19,6.22,6.74,6.74,6.22,4.93,4.93,4.93,4.93
N_17_12,N_18_12,6.693332717911088,6.83,6.83,6.83,6.83,6.83,6.83,10.44,10.44,12.05,12.05,8.03,8.03,8.03,8.03,8.03,8.03,11.24,12.85,12.85,11.24,7.23,7.23,7.23,7.23
N_17_12,N_18_10,4.896172927077208,4.99,4.99,4.99,4.99,4.99,4.99,7.64,7.64,8.81,8.81,5.88,5.88,5.88,5.88,5.88,5.88,8.23,9.4,9.4,8.23,5.29,5.29,5.29,5.29
N_17_12,N_17_10,6.660325818445927,6.79,6.79,6.79,6.79,6.79,6.79,10.39,10.39,11.99,11.99,7.99,7.99,7.99,7.99,7.99,7.99,11.19,12.79,12.79,11.19,7.19,7.19,7.19,7.19
N_17_12,N_17_13,5.9949669180370755,6.11,6.11,6.11,6.11,6.11,6.11,9.35,9.35,10.79,10.79,7.19,7.19,7.19,7.19,7.19,7.19,10.07,11.51,11.51,10.07,6.47,6.47,6.47,6.47
N_17_12,N_16_10,4.033942179067517,4.11,4.11,4.11,4.11,4.11,4.11,6.29,6.29,7.26,7.26,4.84,4.84,4.84,4.84,4.84,4.84,6.78,7.75,7.75,6.78,4.36,4.36,4.36,4.36
N_17_12,N_19_11,5.144824299549706,5.25,5.25,5.25,5.25,5.25,5.25,8.03,8.03,9.26,9.26,6.17,6.17,6.17,6.17,6.17,6.17,8.64,9.88,9.88,8.64,5.56,5.56,5.56,5.56
N_17_13,N_17_12,5.9949669180370755,6.11,6.11,6.11,6.11,6.11,6.11,9.35,9.35,10.79,10.79,7.19,7.19,7.19,7.19,7.19,7.19,10.07,11.51,11.51,10.07,6.47,6.47,6.47,6.47
N_17_13,N_16_15,10.681307849953932,5.93,5.93,5.93,5.93,5.93,5.93,7.37,7.37,8.01,8.01,6.41,6.41,6.41,6.41,6.41,6.41,7.69,8.33,8.33,7.69,6.09,6.09,6.09,6.09
N_17_13,N_15_12,1.2630645406858558,2.07,2.07,2.07,2.07,2.07,2.07,3.44,3.44,4.04,4.04,2.53,2.53,2.53,2.53,2.53,2.53,3.74,4.34,4.34,3.74,2.22,2.22,2.22,2.22
N_17_13,N_17_14,8.000876764182356,4.44,4.44,4.44,4.44,4.44,4.44,5.52,5.52,6.0,6.0,4.8,4.8,4.8,4.8,4.8,4.8,5.76,6.24,6.24,5.76,4.56,4.56,4.56,4.56
N_17_14,N_15_14,3.9759629012369877,4.06,4.06,4.06,4.06,4.06,4.06,6.2,6.2,7.16,7.16,4.77,4.77,4.77,4.77,4.77,4.77,6.68,7.63,7.63,6.68,4.29,4.29,4.29,4.29
N_17_14,N_15_15,0.744432205664455,1.22,1.22,1.22,1.22,1.22,1.22,2.02,2.02,2.38,2.38,1.49,1.49,1.49,1.49,1.49,1.49,2.2,2.56,2.56,2.2,1.31,1.31,1.31,1.31
N_17_14,N_18_13,3.2797331007824364,3.35,3.35,3.35,3.35,3.35,3.35,5.12,5.12,5.9,5.9,3.94,3.94,3.94,3.94,3.94,3.94,5.51,6.3,6.3,5.51,3.54,3.54,3.54,3.54
N_17_14,N_16_15,3.776580357426259,3.85,3.85,3.85,3.85,3.85,3.85,5.89,5.89,6.8,6.8,4.53,4.53,4.53,4.53,4.53,4.53,6.34,7.25,7.25,6.34,4.08,4.08,4.08,4.08
N_17_14,N_18_14,4.025459125685368,4.11,4.11,4.11,4.11,4.11,4.11,6.28,6.28,7.25,7.25,4.83,4.83,4.83,4.83,4.83,4.83,6.76,7.73,7.73,6.76,4.35,4.35,4.35,4.35
N_17_15,N_16_15,4.11620997654153,4.2,4.2,4.2,4.2,4.2,4.2,6.42,6.42,7.41,7.41,4.94,4.94,4.94,4.94,4.94,4.94,6.92,7.9,7.9,6.92,4.45,4.45,4.45,4.45
N_17_15,N_18_13,3.3668953032313156,3.43,3.43,3.43,3.43,3.43,3.43,5.25,5.25,6.06,6.06,4.04,4.04,4.04,4.04,4.04,4.04,5.66,6.46,6.46,5.66,3.64,3.64,3.64,3.64
N_17_15,N_16_17,4.352799412325965,4.44,4.44,4.44,4.44,4.44,4.44,6.79,6.79,7.84,7.84,5.22,5.22,5.22,5.22,5.22,5.22,7.31,8.36,8.36,7.31,4.7,4.7,4.7,4.7
N_17_15,N_17_17,11.010478193340791,6.11,6.11,6.11,6.11,6.11,6.11,7.6,7.6,8.26,8.26,6.61,6.61,6.61,6.61,6.61,6.61,7.93,8.59,8.59,7.93,6.28,6.28,6.28,6.28
N_17_16,N_15_15,14.349874787364778,7.96,7.96,7.96,7.96,7.96,7.96,9.9,9.9,10.76,10.76,8.61,8.61,8.61,8.61,8.61,8.61,10.33,11.19,11.19,10.33,8.18,8.18,8.18,8.18
N_17_16,N_18_18,5.999136238661928,6.12,6.12,6.12,6.12,6.12,6.12,9.36,9.36,10.8,10.8,7.2,7.2,7.2,7.2,7.2,7.2,10.08,11.52,11.52,10.08,6.48,6.48,6.48,6.48
N_17_16,N_18_17,1.003869034889204,1.65,1.65,1.65,1.65,1.65,1.65,2.73,2.73,3.21,3.21,2.01,2.01,2.01,2.01,2.01,2.01,2.97,3.45,3.45,2.97,1.77,1.77,1.77,1.77
N_17_16,N_18_14,1.9207954395309192,3.15,3.15,3.15,3.15,3.15,3.15,5.22,5.22,6.15,6.15,3.84,3.84,3.84,3.84,3.84,3.84,5.69,6.61,6.61,5.69,3.38,3.38,3.38,3.38
N_17_17,N_17_15,11.010478193340791,6.11,6.11,6.11,6.11,6.11,6.11,7.6,7.6,8.26,8.26,6.61,6.61,6.61,6.61,6.61,6.61,7.93,8.59,8.59,7.93,6.28,6.28,6.28,6.28
N_17_17,N_19_18,4.42665233068467,4.52,4.52,4.52,4.52,4.52,4.52,6.91,6.91,7.97,7.97,5.31,5.31,5.31,5.31,5.31,5.31,7.44,8.5,8.5,7.44,4.78,4.78,4.78,4.78
N_17_18,N_15_17,10.502235788918881,5.83,5.83,5.83,5.83,5.83,5.83,7.25,7.25,7.88,7.88,6.3,6.3,6.3,6.3,6.3,6.3,7.56,8.19,8.19,7.56,5.99,5.99,5.99,5.99
N_17_18,N_18_17,5.280452032200138,5.39,5.39,5.39,5.39,5.39,5.39,8.24,8.24,9.5,9.5,6.34,6.34,6.34,6.34,6.34,6.34,8.87,10.14,10.14,8.87,5.7,5.7,5.7,5.7
N_17_18,N_17_20,8.91531914500664,4.95,4.95,4.95,4.95,4.95,4.95,6.15,6.15,6.69,6.69,5.35,5.35,5.35,5.35,5.35,5.35,6.42,6.95,6.95,6.42,5.08,5.08,5.08,5.08
N_17_19,N_15_18,3.9621597209061825,4.04,4.04,4.04,4.04,4.04,4.04,6.18,6.18,7.13,7.13,4.75,4.75,4.75,4.75,4.75,4.75,6.66,7.61,7.61,6.66,4.28,4.28,4.28,4.28
N_17_19,N_16_21,4.07815069612368,4.16,4.16,4.16,4.16,4.16,4.16,6.36,6.36,7.34,7.34,4.89,4.89,4.89,4.89,4.89,4.89,6.85,7.83,7.83,6.85,4.4,4.4,4.4,4.4
N_17_19,N_17_18,4.226435898865423,4.31,4.31,4.31,4.31,4.31,4.31,6.59,6.59,7.61,7.61,5.07,5.07,5.07,5.07,5.07,5.07,7.1,8.11,8.11,7.1,4.56,4.56,4.56,4.56
N_17_2,N_16_4,11.053462891847348,6.13,6.13,6.13,6.13,6.13,6.13,7.63,7.63,8.29,8.29,6.63,6.63,6.63,6.63,6.63,6.63,7.96,8.62,8.62,7.96,6.3,6.3,6.3,6.3
N_17_2,N_17_0,4.7521534173998665,4.85,4.85,4.85,4.85,4.85,4.85,7.41,7.41,8.55,8.55,5.7,5.7,5.7,5.7,5.7,5.7,7.98,9.12,9.12,7.98,5.13,5.13,5.13,5.13
N_17_2,N_18_3,4.481185832651446,4.57,4.57,4.57,4.57,4.57,4.57,6.99,6.99,8.07,8.07,5.38,5.38,5.38,5.38,5.38,5.38,7.53,8.6,8.6,7.53,4.84,4.84,4.84,4.84
N_17_20,N_19_20,14.380678266495092,7.98,7.98,7.98,7.98,7.98,7.98,9.92,9.92,10.79,10.79,8.63,8.63,8.63,8.63,8.63,8.63,10.35,11.22,11.22,10.35,8.2,8.2,8.2,8.2
N_17_20,N_15_19,5.284469145011718,5.39,5.39,5.39,5.39,5.39,5.39,8.24,8.24,9.51,9.51,6.34,6.34,6.34,6.34,6.34,6.34,8.88,10.15,10.15,8.88,5.71,5.71,5.71,5.71
N_17_20,N_15_21,3.7975952910714335,3.87,3.87,3.87,3.87,3.87,3.87,5.92,5.92,6.84,6.84,4.56,4.56,4.56,4.56,4.56,4.56,6.38,7.29,7.29,6.38,4.1,4.1,4.1,4.1
N_17_20,N_18_18,0.8980371852765523,1.47,1.47,1.47,1.47,1.47,1.47,2.44,2.44,2.87,2.87,1.8,1.8,1.8,1.8,1.8,1.8,2.66,3.09,3.09,2.66,1.58,1.58,1.58,1.58
N_17_21,N_15_22,13.41761811397427,7.45,7.45,7.45,7.45,7.45,7.45,9.26,9.26,10.06,10.06,8.05,8.05,8.05,8.05,8.05,8.05,9.66,10.47,10.47,9.66,7.65,7.65,7.65,7.65
N_17_21,N_16_20,3.502575083346796,3.57,3.57,3.57,3.57,3.57,3.57,5.46,5.46,6.3,6.3,4.2,4.2,4.2,4.2,4.2,4.2,5.88,6.72,6.72,5.88,3.78,3.78,3.78,3.78
N_17_22,N_16_20,12.2738495186769,6.81,6.81,6.81,6.81,6.81,6.81,8.47,8.47,9.21,9.21,7.36,7.36,7.36,7.36,7.36,7.36,8.84,9.57,9.57,8.84,7.0,7.0,7.0,7.0
N_17_22,N_16_22,6.8605386439891305,7.0,7.0,7.0,7.0,7.0,7.0,10.7,10.7,12.35,12.35,8.23,8.23,8.23,8.23,8.23,8.23,11.53,13.17,13.17,11.53,7.41,7.41,7.41,7.41
N_17_22,N_19_21,6.504053149384374,6.63,6.63,6.63,6.63,6.63,6.63,10.15,10.15,11.71,11.71,7.8,7.8,7.8,7.8,7.8,7.8,10.93,12.49,12.49,10.93,7.02,7.02,7.02,7.02
N_17_23,N_16_25,13.093434026691877,7.27,7.27,7.27,7.27,7.27,7.27,9.03,9.03,9.82,9.82,7.86,7.86,7.86,7.86,7.86,7.86,9.43,10.21,10.21,9.43,7.46,7.46,7.46,7.46
N_17_23,N_18_21,9.482757368435276,5.26,5.26,5.26,5.26,5.26,5.26,6.54,6.54,7.11,7.11,5.69,5.69,5.69,5.69,5.69,5.69,6.83,7.4,7.4,6.83,5.41,5.41,5.41,5.41
N_17_24,N_18_24,0.6437174371509296,1.06,1.06,1.06,1.06,1.06,1.06,1.75,1.75,2.06,2.06,1.29,1.29,1.29,1.29,1.29,1.29,1.91,2.21,2.21,1.91,1.13,1.13,1.13,1.13
N_17_24,N_16_24,4.184996986118271,4.27,4.27,4.27,4.27,4.27,4.27,6.53,6.53,7.53,7.53,5.02,5.02,5.02,5.02,5.02,5.02,7.03,8.04,8.04,7.03,4.52,4.52,4.52,4.52
N_17_24,N_15_25,4.08443459708298,4.17,4.17,4.17,4.17,4.17,4.17,6.37,6.37,7.35,7.35,4.9,4.9,4.9,4.9,4.9,4.9,6.86,7.84,7.84,6.86,4.41,4.41,4.41,4.41
N_17_24,N_17_26,10.95382368318374,6.08,6.08,6.08,6.08,6.08,6.08,7.56,7.56,8.22,8.22,6.57,6.57,6.57,6.57,6.57,6.57,7.89,8.54,8.54,7.89,6.24,6.24,6.24,6.24
N_17_25,N_15_26,10.742494252150738,5.96,5.96,5.96,5.96,5.96,5.96,7.41,7.41,8.06,8.06,6.45,6.45,6.45,6.45,6.45,6.45,7.73,8.38,8.38,7.73,6.12,6.12,6.12,6.12
N_17_25,N_17_24,12.610802876507982,7.0,7.0,7.0,7.0,7.0,7.0,8.7,8.7,9.46,9.46,7.57,7.57,7.57,7.57,7.57,7.57,9.08,9.84,9.84,9.08,7.19,7.19,7.19,7.19
N_17_25,N_18_27,2.142556567317178,3.51,3.51,3.51,3.51,3.51,3.51,5.83,5.83,6.86,6.86,4.29,4.29,4.29,4.29,4.29,4.29,6.34,7.37,7.37,6.34,3.77,3.77,3.77,3.77
N_17_25,N_19_26,5.362462410743289,5.47,5.47,5.47,5.47,5.47,5.47,8.37,8.37,9.65,9.65,6.43,6.43,6.43,6.43,6.43,6.43,9.01,10.3,10.3,9.01,5.79,5.79,5.79,5.79
N_17_26,N_17_24,10.95382368318374,6.08,6.08,6.08,6.08,6.08,6.08,7.56,7.56,8.22,8.22,6.57,6.57,6.57,6.57,6.57,6.57,7.89,8.54,8.54,7.89,6.24,6.24,6.24,6.24
N_17_26,N_15_25,9.371760736745554,5.2,5.2,5.2,5.2,5.2,5.2,6.47,6.47,7.03,7.03,5.62,5.62,5.62,5.62,5.62,5.62,6.75,7.31,7.31,6.75,5.34,5.34,5.34,5.34
N_17_26,N_18_25,5.39915638541323,5.51,5.51,5.51,5.51,5.51,5.51,8.42,8.42,9.72,9.72,6.48,6.48,6.48,6.48,6.48,6.48,9.07,10.37,10.37,9.07,5.83,5.83,5.83,5.83
N_17_26,N_16_27,0.6511317346902155,1.07,1.07,1.07,1.07,1.07,1.07,1.77,1.77,2.08,2.08,1.3,1.3,1.3,1.3,1.3,1.3,1.93,2.24,2.24,1.93,1.15,1.15,1.15,1.15
N_17_26,N_15_27,4.762419100067266,4.86,4.86,4.86,4.86,4.86,4.86,7.43,7.43,8.57,8.57,5.71,5.71,5.71,5.71,5.71,5.71,8.0,9.14,9.14,8.0,5.14,5.14,5.14,5.14
N_17_26,N_17_27,0.7573057531095762,1.24,1.24,1.24,1.24,1.24,1.24,2.06,2.06,2.42,2.42,1.51,1.51,1.51,1.51,1.51,1.51,2.24,2.61,2.61,2.24,1.33,1.33,1.33,1.33
N_17_26,N_18_27,0.9112607425668058,1.49,1.49,1.49,1.49,1.49,1.49,2.48,2.48,2.92,2.92,1.82,1.82,1.82,1.82,1.82,1.82,2.7,3.13,3.13,2.7,1.6,1.6,1.6,1.6
N_17_27,N_17_26,0.7573057531095762,1.24,1.24,1.24,1.24,1.24,1.24,2.06,2.06,2.42,2.42,1.51,1.51,1.51,1.51,1.51,1.51,2.24,2.61,2.61,2.24,1.33,1.33,1.33,1.33
N_17_27,N_18_28,1.1191929455912886,1.84,1.84,1.84,1.84,1.84,1.84,3.04,3.04,3.58,3.58,2.24,2.24,2.24,2.24,2.24,2.24,3.31,3.85,3.85,3.31,1.97,1.97,1.97,1.97
N_17_28,N_19_27,2.3297734457347037,3.82,3.82,3.82,3.82,3.82,3.82,6.34,6.34,7.46,7.46,4.66,4.66,4.66,4.66,4.66,4.66,6.9,8.01,8.01,6.9,4.1,4.1,4.1,4.1
N_17_28,N_16_26,3.9431759076371087,4.02,4.02,4.02,4.02,4.02,4.02,6.15,6.15,7.1,7.1,4.73,4.73,4.73,4.73,4.73,4.73,6.62,7.57,7.57,6.62,4.26,4.26,4.26,4.26
N_17_29,N_16_30,6.299823901071941,6.43,6.43,6.43,6.43,6.43,6.43,9.83,9.83,11.34,11.34,7.56,7.56,7.56,7.56,7.56,7.56,10.58,12.1,12.1,10.58,6.8,6.8,6.8,6.8
N_17_29,N_19_29,6.804651550103591,6.94,6.94,6.94,6.94,6.94,6.94,10.62,10.62,12.25,12.25,8.17,8.17,8.17,8.17,8.17,8.17,11.43,13.06,13.06,11.43,7.35,7.35,7.35,7.35
N_17_29,N_18_29,11.319067576209942,6.28,6.28,6.28,6.28,6.28,6.28,7.81,7.81,8.49,8.49,6.79,6.79,6.79,6.79,6.79,6.79,8.15,8.83,8.83,8.15,6.45,6.45,6.45,6.45
N_17_3,N_16_2,5.628993535219022,5.74,5.74,5.74,5.74,5.74,5.74,8.78,8.78,10.13,10.13,6.75,6.75,6.75,6.75,6.75,6.75,9.46,10.81,10.81,9.46,6.08,6.08,6.08,6.08
N_17_3,N_17_1,3.8895900272176784,3.97,3.97,3.97,3.97,3.97,3.97,6.07,6.07,7.0,7.0,4.67,4.67,4.67,4.67,4.67,4.67,6.53,7.47,7.47,6.53,4.2,4.2,4.2,4.2
N_17_3,N_15_2,5.930272635868704,6.05,6.05,6.05,6.05,6.05,6.05,9.25,9.25,10.67,10.67,7.12,7.12,7.12,7.12,7.12,7.12,9.96,11.39,11.39,9.96,6.4,6.4,6.4,6.4
N_17_30,N_16_28,1.9441996835454012,3.19,3.19,3.19,3.19,3.19,3.19,5.29,5.29,6.22,6.22,3.89,3.89,3.89,3.89,3.89,3.89,5.75,6.69,6.69,5.75,3.42,3.42,3.42,3.42
N_17_30,N_19_29,5.8145697989888045,5.93,5.93,5.93,5.93,5.93,5.93,9.07,9.07,10.47,10.47,6.98,6.98,6.98,6.98,6.98,6.98,9.77,11.16,11.16,9.77,6.28,6.28,6.28,6.28
N_17_30,N_16_31,10.534765955481696,5.85,5.85,5.85,5.85,5.85,5.85,7.27,7.27,7.9,7.9,6.32,6.32,6.32,6.32,6.32,6.32,7.59,8.22,8.22,7.59,6.0,6.0,6.0,6.0
N_17_30,N_17_28,8.36359865123216,4.64,4.64,4.64,4.64,4.64,4.64,5.77,5.77,6.27,6.27,5.02,5.02,5.02,5.02,5.02,5.02,6.02,6.52,6.52,6.02,4.77,4.77,4.77,4.77
N_17_31,N_15_31,4.435611228894174,4.52,4.52,4.52,4.52,4.52,4.52,6.92,6.92,7.98,7.98,5.32,5.32,5.32,5.32,5.32,5.32,7.45,8.52,8.52,7.45,4.79,4.79,4.79,4.79
N_17_31,N_15_30,4.190618393756576,4.27,4.27,4.27,4.27,4.27,4.27,6.54,6.54,7.54,7.54,5.03,5.03,5.03,5.03,5.03,5.03,7.04,8.05,8.05,7.04,4.53,4.53,4.53,4.53
N_17_31,N_16_31,3.700564058682343,3.77,3.77,3.77,3.77,3.77,3.77,5.77,5.77,6.66,6.66,4.44,4.44,4.44,4.44,4.44,4.44,6.22,7.11,7.11,6.22,4.0,4.0,4.0,4.0
N_17_32,N_16_33,2.280037192227751,3.74,3.74,3.74,3.74,3.74,3.74,6.2,6.2,7.3,7.3,4.56,4.56,4.56,4.56,4.56,4.56,6.75,7.84,7.84,6.75,4.01,4.01,4.01,4.01
N_17_32,N_18_34,6.323542927567756,6.45,6.45,6.45,6.45,6.45,6.45,9.86,9.86,11.38,11.38,7.59,7.59,7.59,7.59,7.59,7.59,10.62,12.14,12.14,10.62,6.83,6.83,6.83,6.83
N_17_33,N_15_33,8.509665452951037,4.72,4.72,4.72,4.72,4.72,4.72,5.87,5.87,6.38,6.38,5.11,5.11,5.11,5.11,5.11,5.11,6.13,6.64,6.64,6.13,4.85,4.85,4.85,4.85
N_17_33,N_16_34,1.3480651085261925,2.21,2.21,2.21,2.21,2.21,2.21,3.67,3.67,4.31,4.31,2.7,2.7,2.7,2.7,2.7,2.7,3.99,4.64,4.64,3.99,2.37,2.37,2.37,2.37
N_17_34,N_16_36,3.202030900698878,3.27,3.27,3.27,3.27,3.27,3.27,5.0,5.0,5.76,5.76,3.84,3.84,3.84,3.84,3.84,3.84,5.38,6.15,6.15,5.38,3.46,3.46,3.46,3.46
N_17_34,N_18_35,3.1544157251861904,3.22,3.22,3.22,3.22,3.22,3.22,4.92,4.92,5.68,5.68,3.79,3.79,3.79,3.79,3.79,3.79,5.3,6.06,6.06,5.3,3.41,3.41,3.41,3.41
N_17_34,N_16_34,2.3426021032811715,3.84,3.84,3.84,3.84,3.84,3.84,6.37,6.37,7.5,7.5,4.69,4.69,4.69,4.69,4.69,4.69,6.93,8.06,8.06,6.93,4.12,4.12,4.12,4.12
N_17_34,N_19_34,0.7753482964961427,1.27,1.27,1.27,1.27,1.27,1.27,2.11,2.11,2.48,2.48,1.55,1.55,1.55,1.55,1.55,1.55,2.3,2.67,2.67,2.3,1.36,1.36,1.36,1.36
N_17_35,N_15_35,2.3756608029950286,3.9,3.9,3.9,3.9,3.9,3.9,6.46,6.46,7.6,7.6,4.75,4.75,4.75,4.75,4.75,4.75,7.03,8.17,8.17,7.03,4.18,4.18,4.18,4.18
N_17_35,N_19_34,4.924086142445055,5.02,5.02,5.02,5.02,5.02,5.02,7.68,7.68,8.86,8.86,5.91,5.91,5.91,5.91,5.91,5.91,8.27,9.45,9.45,8.27,5.32,5.32,5.32,5.32
N_17_35,N_17_37,5.8062185196527505,5.92,5.92,5.92,5.92,5.92,5.92,9.06,9.06,10.45,10.45,6.97,6.97,6.97,6.97,6.97,6.97,9.75,11.15,11.15,9.75,6.27,6.27,6.27,6.27
N_17_35,N_16_33,12.599211578847571,6.99,6.99,6.99,6.99,6.99,6.99,8.69,8.69,9.45,9.45,7.56,7.56,7.56,7.56,7.56,7.56,9.07,9.83,9.83,9.07,7.18,7.18,7.18,7.18
N_17_36,N_16_36,12.041189121823184,6.68,6.68,6.68,6.68,6.68,6.68,8.31,8.31,9.03,9.03,7.22,7.22,7.22,7.22,7.22,7.22,8.67,9.39,9.39,8.67,6.86,6.86,6.86,6.86
N_17_36,N_19_37,6.98830339199334,7.13,7.13,7.13,7.13,7.13,7.13,10.9,10.9,12.58,12.58,8.39,8.39,8.39,8.39,8.39,8.39,11.74,13.42,13.42,11.74,7.55,7.55,7.55,7.55
N_17_36,N_15_36,5.62025169562284,5.73,5.73,5.73,5.73,5.73,5.73,8.77,8.77,10.12,10.12,6.74,6.74,6.74,6.74,6.74,6.74,9.44,10.79,10.79,9.44,6.07,6.07,6.07,6.07
N_17_36,N_18_36,9.518966665620047,5.28,5.28,5.28,5.28,5.28,5.28,6.57,6.57,7.14,7.14,5.71,5.71,5.71,5.71,5.71,5.71,6.85,7.42,7.42,6.85,5.43,5.43,5.43,5.43
N_17_37,N_15_36,6.817568855135343,6.95,6.95,6.95,6.95,6.95,6.95,10.64,10.64,12.27,12.27,8.18,8.18,8.18,8.18,8.18,8.18,11.45,13.09,13.09,11.45,7.36,7.36,7.36,7.36
N_17_37,N_16_35,13.137336396264772,7.29,7.29,7.29,7.29,7.29,7.29,9.06,9.06,9.85,9.85,7.88,7.88,7.88,7.88,7.88,7.88,9.46,10.25,10.25,9.46,7.49,7.49,7.49,7.49
N_17_37,N_17_35,5.8062185196527505,5.92,5.92,5.92,5.92,5.92,5.92,9.06,9.06,10.45,10.45,6.97,6.97,6.97,6.97,6.97,6.97,9.75,11.15,11.15,9.75,6.27,6.27,6.27,6.27
N_17_38,N_16_38,2.1342485434238148,3.5,3.5,3.5,3.5,3.5,3.5,5.81,5.81,6.83,6.83,4.27,4.27,4.27,4.27,4.27,4.27,6.32,7.34,7.34,6.32,3.76,3.76,3.76,3.76
N_17_38,N_18_36,1.6972012446037084,2.78,2.78,2.78,2.78,2.78,2.78,4.62,4.62,5.43,5.43,3.39,3.39,3.39,3.39,3.39,3.39,5.02,5.84,5.84,5.02,2.99,2.99,2.99,2.99
N_17_39,N_16_39,1.7947387692779164,2.94,2.94,2.94,2.94,2.94,2.94,4.88,4.88,5.74,5.74,3.59,3.59,3.59,3.59,3.59,3.59,5.31,6.17,6.17,5.31,3.16,3.16,3.16,3.16
N_17_39,N_18_37,9.733028377696812,5.4,5.4,5.4,5.4,5.4,5.4,6.72,6.72,7.3,7.3,5.84,5.84,5.84,5.84,5.84,5.84,7.01,7.59,7.59,7.01,5.55,5.55,5.55,5.55
N_17_39,N_19_38,4.517534540844919,4.61,4.61,4.61,4.61,4.61,4.61,7.05,7.05,8.13,8.13,5.42,5.42,5.42,5.42,5.42,5.42,7.59,8.67,8.67,7.59,4.88,4.88,4.88,4.88
N_17_39,N_15_39,9.060996354140581,5.03,5.03,5.03,5.03,5.03,5.03,6.25,6.25,6.8,6.8,5.44,5.44,5.44,5.44,5.44,5.44,6.52,7.07,7.07,6.52,5.16,5.16,5.16,5.16
N_17_39,N_18_39,13.432034042345158,7.45,7.45,7.45,7.45,7.45,7.45,9.27,9.27,10.07,10.07,8.06,8.06,8.06,8.06,8.06,8.06,9.67,10.48,10.48,9.67,7.66,7.66,7.66,7.66
N_17_39,N_17_38,5.777236920545539,5.89,5.89,5.89,5.89,5.89,5.89,9.01,9.01,10.4,10.4,6.93,6.93,6.93,6.93,6.93,6.93,9.71,11.09,11.09,9.71,6.24,6.24,6.24,6.24
N_17_4,N_16_4,10.958186464386529,6.08,6.08,6.08,6.08,6.08,6.08,7.56,7.56,8.22,8.22,6.57,6.57,6.57,6.57,6.57,6.57,7.89,8.55,8.55,7.89,6.25,6.25,6.25,6.25
N_17_4,N_15_5,2.1931037353784566,3.6,3.6,3.6,3.6,3.6,3.6,5.97,5.97,7.02,7.02,4.39,4.39,4.39,4.39,4.39,4.39,6.49,7.54,7.54,6.49,3.86,3.86,3.86,3.86
N_17_4,N_18_2,4.934415508121708,5.03,5.03,5.03,5.03,5.03,5.03,7.7,7.7,8.88,8.88,5.92,5.92,5.92,5.92,5.92,5.92,8.29,9.47,9.47,8.29,5.33,5.33,5.33,5.33
N_17_4,N_19_3,8.38082420170318,4.65,4.65,4.65,4.65,4.65,4.65,5.78,5.78,6.29,6.29,5.03,5.03,5.03,5.03,5.03,5.03,6.03,6.54,6.54,6.03,4.78,4.78,4.78,4.78
N_17_5,N_15_5,10.263614433537894,5.7,5.7,5.7,5.7,5.7,5.7,7.08,7.08,7.7,7.7,6.16,6.16,6.16,6.16,6.16,6.16,7.39,8.01,8.01,7.39,5.85,5.85,5.85,5.85
N_17_5,N_19_4,3.7849735279021144,3.86,3.86,3.86,3.86,3.86,3.86,5.9,5.9,6.81,6.81,4.54,4.54,4.54,4.54,4.54,4.54,6.36,7.27,7.27,6.36,4.09,4.09,4.09,4.09
N_17_5,N_16_4,5.59489102656087,5.71,5.71,5.71,5.71,5.71,5.71,8.73,8.73,10.07,10.07,6.71,6.71,6.71,6.71,6.71,6.71,9.4,10.74,10.74,9.4,6.04,6.04,6.04,6.04
N_17_5,N_19_5,5.338479605105098,5.45,5.45,5.45,5.45,5.45,5.45,8.33,8.33,9.61,9.61,6.41,6.41,6.41,6.41,6.41,6.41,8.97,10.25,10.25,8.97,5.77,5.77,5.77,5.77
N_17_5,N_19_6,6.503325706515055,6.63,6.63,6.63,6.63,6.63,6.63,10.15,10.15,11.71,11.71,7.8,7.8,7.8,7.8,7.8,7.8,10.93,12.49,12.49,10.93,7.02,7.02,7.02,7.02
N_17_5,N_18_6,1.5076326091733832,2.47,2.47,2.47,2.47,2.47,2.47,4.1,4.1,4.82,4.82,3.02,3.02,3.02,3.02,3.02,3.02,4.46,5.19,5.19,4.46,2.65,2.65,2.65,2.65
N_17_6,N_16_6,6.573740680526436,6.71,6.71,6.71,6.71,6.71,6.71,10.26,10.26,11.83,11.83,7.89,7.89,7.89,7.89,7.89,7.89,11.04,12.62,12.62,11.04,7.1,7.1,7.1,7.1
N_17_6,N_16_8,6.849157979965842,6.99,6.99,6.99,6.99,6.99,6.99,10.68,10.68,12.33,12.33,8.22,8.22,8.22,8.22,8.22,8.22,11.51,13.15,13.15,11.51,7.4,7.4,7.4,7.4
N_17_6,N_16_5,0.7051746014951434,1.16,1.16,1.16,1.16,1.16,1.16,1.92,1.92,2.26,2.26,1.41,1.41,1.41,1.41,1.41,1.41,2.09,2.43,2.43,2.09,1.24,1.24,1.24,1.24
N_17_6,N_18_6,1.4798822064450932,2.43,2.43,2.43,2.43,2.43,2.43,4.03,4.03,4.74,4.74,2.96,2.96,2.96,2.96,2.96,2.96,4.38,5.09,5.09,4.38,2.6,2.6,2.6,2.6
N_17_6,N_17_7,4.449649214473798,4.54,4.54,4.54,4.54,4.54,4.54,6.94,6.94,8.01,8.01,5.34,5.34,5.34,5.34,5.34,5.34,7.48,8.54,8.54,7.48,4.81,4.81,4.81,4.81
N_17_6,N_18_4,5.1591954065468695,5.26,5.26,5.26,5.26,5.26,5.26,8.05,8.05,9.29,9.29,6.19,6.19,6.19,6.19,6.19,6.19,8.67,9.91,9.91,8.67,5.57,5.57,5.57,5.57
N_17_7,N_15_8,4.4250164862241075,4.51,4.51,4.51,4.51,4.51,4.51,6.9,6.9,7.97,7.97,5.31,5.31,5.31,5.31,5.31,5.31,7.43,8.5,8.5,7.43,4.78,4.78,4.78,4.78
N_17_7,N_17_6,4.449649214473798,4.54,4.54,4.54,4.54,4.54,4.54,6.94,6.94,8.01,8.01,5.34,5.34,5.34,5.34,5.34,5.34,7.48,8.54,8.54,7.48,4.81,4.81,4.81,4.81
N_17_7,N_16_6,12.615553643376318,7.0,7.0,7.0,7.0,7.0,7.0,8.7,8.7,9.46,9.46,7.57,7.57,7.57,7.57,7.57,7.57,9.08,9.84,9.84,9.08,7.19,7.19,7.19,7.19
N_17_8,N_17_7,4.263650138650015,4.35,4.35,4.35,4.35,4.35,4.35,6.65,6.65,7.67,7.67,5.12,5.12,5.12,5.12,5.12,5.12,7.16,8.19,8.19,7.16,4.6,4.6,4.6,4.6
N_17_8,N_19_9,6.639052572599098,6.77,6.77,6.77,6.77,6.77,6.77,10.36,10.36,11.95,11.95,7.97,7.97,7.97,7.97,7.97,7.97,11.15,12.75,12.75,11.15,7.17,7.17,7.17,7.17
N_17_8,N_17_6,8.945975236568875,4.97,4.97,4.97,4.97,4.97,4.97,6.17,6.17,6.71,6.71,5.37,5.37,5.37,5.37,5.37,5.37,6.44,6.98,6.98,6.44,5.1,5.1,5.1,5.1
N_17_8,N_16_8,8.908393891189538,4.94,4.94,4.94,4.94,4.94,4.94,6.15,6.15,6.68,6.68,5.35,5.35,5.35,5.35,5.35,5.35,6.41,6.95,6.95,6.41,5.08,5.08,5.08,5.08
N_17_9,N_16_8,12.768965870898668,7.09,7.09,7.09,7.09,7.09,7.09,8.81,8.81,9.58,9.58,7.66,7.66,7.66,7.66,7.66,7.66,9.19,9.96,9.96,9.19,7.28,7.28,7.28,7.28
N_17_9,N_17_11,1.3923805159400917,2.28,2.28,2.28,2.28,2.28,2.28,3.79,3.79,4.46,4.46,2.78,2.78,2.78,2.78,2.78,2.78,4.12,4.79,4.79,4.12,2.45,2.45,2.45,2.45
N_17_9,N_16_10,8.241966460818709,4.57,4.57,4.57,4.57,4.57,4.57,5.69,5.69,6.18,6.18,4.95,4.95,4.95,4.95,4.95,4.95,5.93,6.43,6.43,5.93,4.7,4.7,4.7,4.7
N_18_0,N_16_1,11.560845139255916,6.42,6.42,6.42,6.42,6.42,6.42,7.98,7.98,8.67,8.67,6.94,6.94,6.94,6.94,6.94,6.94,8.32,9.02,9.02,8.32,6.59,6.59,6.59,6.59
N_18_0,N_20_0,6.213910448459261,6.34,6.34,6.34,6.34,6.34,6.34,9.69,9.69,11.19,11.19,7.46,7.46,7.46,7.46,7.46,7.46,10.44,11.93,11.93,10.44,6.71,6.71,6.71,6.71
N_18_0,N_17_2,6.856661816984709,6.99,6.99,6.99,6.99,6.99,6.99,10.7,10.7,12.34,12.34,8.23,8.23,8.23,8.23,8.23,8.23,11.52,13.16,13.16,11.52,7.41,7.41,7.41,7.41
N_18_0,N_18_2,14.89138998580939,8.26,8.26,8.26,8.26,8.26,8.26,10.28,10.28,11.17,11.17,8.93,8.93,8.93,8.93,8.93,8.93,10.72,11.62,11.62,10.72,8.49,8.49,8.49,8.49
N_18_0,N_16_0,2.4299566817064213,3.99,3.99,3.99,3.99,3.99,3.99,6.61,6.61,7.78,7.78,4.86,4.86,4.86,4.86,4.86,4.86,7.19,8.36,8.36,7.19,4.28,4.28,4.28,4.28
N_18_0,N_18_1,6.66325772894644,6.8,6.8,6.8,6.8,6.8,6.8,10.39,10.39,11.99,11.99,8.0,8.0,8.0,8.0,8.0,8.0,11.19,12.79,12.79,11.19,7.2,7.2,7.2,7.2
N_18_0,N_17_1,3.0634784524590297,3.12,3.12,3.12,3.12,3.12,3.12,4.78,4.78,5.51,5.51,3.68,3.68,3.68,3.68,3.68,3.68,5.15,5.88,5.88,5.15,3.31,3.31,3.31,3.31
N_18_1,N_18_2,9.320156770286777,5.17,5.17,5.17,5.17,5.17,5.17,6.43,6.43,6.99,6.99,5.59,5.59,5.59,5.59,5.59,5.59,6.71,7.27,7.27,6.71,5.31,5.31,5.31,5.31
N_18_1,N_19_1,3.2757603106514104,3.34,3.34,3.34,3.34,3.34,3.34,5.11,5.11,5.9,5.9,3.93,3.93,3.93,3.93,3.93,3.93,5.5,6.29,6.29,5.5,3.54,3.54,3.54,3.54
N_18_1,N_20_0,13.758049632591721,7.64,7.64,7.64,7.64,7.64,7.64,9.49,9.49,10.32,10.32,8.25,8.25,8.25,8.25,8.25,8.25,9.91,10.73,10.73,9.91,7.84,7.84,7.84,7.84
N_18_1,N_17_1,0.7257669147987942,1.19,1.19,1.19,1.19,1.19,1.19,1.97,1.97,2.32,2.32,1.45,1.45,1.45,1.45,1.45,1.45,2.15,2.5,2.5,2.15,1.28,1.28,1.28,1.28
N_18_10,N_20_10,1.3541560672421695,2.22,2.22,2.22,2.22,2.22,2.22,3.68,3.68,4.33,4.33,2.71,2.71,2.71,2.71,2.71,2.71,4.01,4.66,4.66,4.01,2.38,2.38,2.38,2.38
N_18_10,N_19_10,3.1685589430438115,3.23,3.23,3.23,3.23,3.23,3.23,4.94,4.94,5.7,5.7,3.8,3.8,3.8,3.8,3.8,3.8,5.32,6.08,6.08,5.32,3.42,3.42,3.42,3.42
N_18_11,N_17_13,5.09031323526643,5.19,5.19,5.19,5.19,5.19,5.19,7.94,7.94,9.16,9.16,6.11,6.11,6.11,6.11,6.11,6.11,8.55,9.77,9.77,8.55,5.5,5.5,5.5,5.5
N_18_11,N_16_10,6.215340295698977,6.34,6.34,6.34,6.34,6.34,6.34,9.7,9.7,11.19,11.19,7.46,7.46,7.46,7.46,7.46,7.46,10.44,11.93,11.93,10.44,6.71,6.71,6.71,6.71
N_18_12,N_17_10,9.948702412632722,5.52,5.52,5.52,5.52,5.52,5.52,6.86,6.86,7.46,7.46,5.97,5.97,5.97,5.97,5.97,5.97,7.16,7.76,7.76,7.16,5.67,5.67,5.67,5.67
N_18_12,N_17_12,6.693332717911088,6.83,6.83,6.83,6.83,6.83,6.83,10.44,10.44,12.05,12.05,8.03,8.03,8.03,8.03,8.03,8.03,11.24,12.85,12.85,11.24,7.23,7.23,7.23,7.23
N_18_12,N_19_12,6.464415735874565,6.59,6.59,6.59,6.59,6.59,6.59,10.08,10.08,11.64,11.64,7.76,7.76,7.76,7.76,7.76,7.76,10.86,12.41,12.41,10.86,6.98,6.98,6.98,6.98
N_18_12,N_18_13,4.986182279473345,5.09,5.09,5.09,5.09,5.09,5.09,7.78,7.78,8.98,8.98,5.98,5.98,5.98,5.98,5.98,5.98,8.38,9.57,9.57,8.38,5.39,5.39,5.39,5.39
N_18_13,N_17_14,3.2797331007824364,3.35,3.35,3.35,3.35,3.35,3.35,5.12,5.12,5.9,5.9,3.94,3.94,3.94,3.94,3.94,3.94,5.51,6.3,6.3,5.51,3.54,3.54,3.54,3.54
N_18_13,N_17_12,3.091838490107107,3.15,3.15,3.15,3.15,3.15,3.15,4.82,4.82,5.57,5.57,3.71,3.71,3.71,3.71,3.71,3.71,5.19,5.94,5.94,5.19,3.34,3.34,3.34,3.34
N_18_13,N_19_11,4.52315796283328,4.61,4.61,4.61,4.61,4.61,4.61,7.06,7.06,8.14,8.14,5.43,5.43,5.43,5.43,5.43,5.43,7.6,8.68,8.68,7.6,4.89,4.89,4.89,4.89
N_18_13,N_20_14,4.596002753017593,4.69,4.69,4.69,4.69,4.69,4.69,7.17,7.17,8.27,8.27,5.52,5.52,5.52,5.52,5.52,5.52,7.72,8.82,8.82,7.72,4.96,4.96,4.96,4.96
N_18_14,N_17_14,4.025459125685368,4.11,4.11,4.11,4.11,4.11,4.11,6.28,6.28,7.25,7.25,4.83,4.83,4.83,4.83,4.83,4.83,6.76,7.73,7.73,6.76,4.35,4.35,4.35,4.35
N_18_14,N_17_16,1.9207954395309192,3.15,3.15,3.15,3.15,3.15,3.15,5.22,5.22,6.15,6.15,3.84,3.84,3.84,3.84,3.84,3.84,5.69,6.61,6.61,5.69,3.38,3.38,3.38,3.38
N_18_14,N_19_15,0.7205911111809833,1.18,1.18,1.18,1.18,1.18,1.18,1.96,1.96,2.31,2.31,1.44,1.44,1.44,1.44,1.44,1.44,2.13,2.48,2.48,2.13,1.27,1.27,1.27,1.27
N_18_15,N_16_16,6.5992047185344065,6.73,6.73,6.73,6.73,6.73,6.73,10.29,10.29,11.88,11.88,7.92,7.92,7.92,7.92,7.92,7.92,11.09,12.67,12.67,11.09,7.13,7.13,7.13,7.13
N_18_15,N_20_16,14.462552456391297,8.03,8.03,8.03,8.03,8.03,8.03,9.98,9.98,10.85,10.85,8.68,8.68,8.68,8.68,8.68,8.68,10.41,11.28,11.28,10.41,8.24,8.24,8.24,8.24
N_18_15,N_19_14,4.147887441861197,4.23,4.23,4.23,4.23,4.23,4.23,6.47,6.47,7.47,7.47,4.98,4.98,4.98,4.98,4.98,4.98,6.97,7.96,7.96,6.97,4.48,4.48,4.48,4.48
N_18_16,N_16_16,4.92102354542585,5.02,5.02,5.02,5.02,5.02,5.02,7.68,7.68,8.86,8.86,5.91,5.91,5.91,5.91,5.91,5.91,8.27,9.45,9.45,8.27,5.31,5.31,5.31,5.31
N_18_16,N_19_14,8.086940298904855,4.49,4.49,4.49,4.49,4.49,4.49,5.58,5.58,6.07,6.07,4.85,4.85,4.85,4.85,4.85,4.85,5.82,6.31,6.31,5.82,4.61,4.61,4.61,4.61
N_18_16,N_20_17,0.665251245099689,1.09,1.09,1.09,1.09,1.09,1.09,1.81,1.81,2.13,2.13,1.33,1.33,1.33,1.33,1.33,1.33,1.97,2.29,2.29,1.97,1.17,1.17,1.17,1.17
N_18_16,N_20_15,1.8200986143164455,2.98,2.98,2.98,2.98,2.98,2.98,4.95,4.95,5.82,5.82,3.64,3.64,3.64,3.64,3.64,3.64,5.39,6.26,6.26,5.39,3.2,3.2,3.2,3.2
N_18_16,N_16_17,4.184124699931845,4.27,4.27,4.27,4.27,4.27,4.27,6.53,6.53,7.53,7.53,5.02,5.02,5.02,5.02,5.02,5.02,7.03,8.03,8.03,7.03,4.52,4.52,4.52,4.52
N_18_17,N_17_16,1.003869034889204,1.65,1.65,1.65,1.65,1.65,1.65,2.73,2.73,3.21,3.21,2.01,2.01,2.01,2.01,2.01,2.01,2.97,3.45,3.45,2.97,1.77,1.77,1.77,1.77
N_18_17,N_17_18,5.280452032200138,5.39,5.39,5.39,5.39,5.39,5.39,8.24,8.24,9.5,9.5,6.34,6.34,6.34,6.34,6.34,6.34,8.87,10.14,10.14,8.87,5.7,5.7,5.7,5.7
N_18_17,N_19_16,14.596213284360545,8.1,8.1,8.1,8.1,8.1,8.1,10.07,10.07,10.95,10.95,8.76,8.76,8.76,8.76,8.76,8.76,10.51,11.39,11.39,10.51,8.32,8.32,8.32,8.32
N_18_18,N_17_16,5.999136238661928,6.12,6.12,6.12,6.12,6.12,6.12,9.36,9.36,10.8,10.8,7.2,7.2,7.2,7.2,7.2,7.2,10.08,11.52,11.52,10.08,6.48,6.48,6.48,6.48
N_18_18,N_17_20,0.8980371852765523,1.47,1.47,1.47,1.47,1.47,1.47,2.44,2.44,2.87,2.87,1.8,1.8,1.8,1.8,1.8,1.8,2.66,3.09,3.09,2.66,1.58,1.58,1.58,1.58
N_18_19,N_19_20,5.018304915795152,5.12,5.12,5.12,5.12,5.12,5.12,7.83,7.83,9.03,9.03,6.02,6.02,6.02,6.02,6.02,6.02,8.43,9.64,9.64,8.43,5.42,5.42,5.42,5.42
N_18_19,N_17_18,10.550761098546559,5.86,5.86,5.86,5.86,5.86,5.86,7.28,7.28,7.91,7.91,6.33,6.33,6.33,6.33,6.33,6.33,7.6,8.23,8.23,7.6,6.01,6.01,6.01,6.01
N_18_19,N_18_20,5.1366186239204685,5.24,5.24,5.24,5.24,5.24,5.24,8.01,8.01,9.25,9.25,6.16,6.16,6.16,6.16,6.16,6.16,8.63,9.86,9.86,8.63,5.55,5.55,5.55,5.55
N_18_19,N_16_18,0.8074285035155226,1.32,1.32,1.32,1.32,1.32,1.32,2.2,2.2,2.58,2.58,1.61,1.61,1.61,1.61,1.61,1.61,2.39,2.78,2.78,2.39,1.42,1.42,1.42,1.42
N_18_19,N_18_18,4.325603270874476,4.41,4.41,4.41,4.41,4.41,4.41,6.75,6.75,7.79,7.79,5.19,5.19,5.19,5.19,5.19,5.19,7.27,8.31,8.31,7.27,4.67,4.67,4.67,4.67
N_18_19,N_17_20,11.091498567414936,6.16,6.16,6.16,6.16,6.16,6.16,7.65,7.65,8.32,8.32,6.65,6.65,6.65,6.65,6.65,6.65,7.99,8.65,8.65,7.99,6.32,6.32,6.32,6.32
N_18_19,N_16_19,3.8109262007376925,3.89,3.89,3.89,3.89,3.89,3.89,5.95,5.95,6.86,6.86,4.57,4.57,4.57,4.57,4.57,4.57,6.4,7.32,7.32,6.4,4.12,4.12,4.12,4.12
N_18_2,N_18_0,14.89138998580939,8.26,8.26,8.26,8.26,8.26,8.26,10.28,10.28,11.17,11.17,8.93,8.93,8.93,8.93,8.93,8.93,10.72,11.62,11.62,10.72,8.49,8.49,8.49,8.49
N_18_2,N_18_1,4.997115473474365,5.1,5.1,5.1,5.1,5.1,5.1,7.8,7.8,8.99,8.99,6.0,6.0,6.0,6.0,6.0,6.0,8.4,9.59,9.59,8.4,5.4,5.4,5.4,5.4
N_18_2,N_16_3,3.052315683234787,3.11,3.11,3.11,3.11,3.11,3.11,4.76,4.76,5.49,5.49,3.66,3.66,3.66,3.66,3.66,3.66,5.13,5.86,5.86,5.13,3.3,3.3,3.3,3.3
N_18_2,N_17_0,0.6011605675992204,0.99,0.99,0.99,0.99,0.99,0.99,1.64,1.64,1.92,1.92,1.2,1.2,1.2,1.2,1.2,1.2,1.78,2.07,2.07,1.78,1.06,1.06,1.06,1.06
N_18_20,N_18_19,5.1366186239204685,5.24,5.24,5.24,5.24,5.24,5.24,8.01,8.01,9.25,9.25,6.16,6.16,6.16,6.16,6.16,6.16,8.63,9.86,9.86,8.63,5.55,5.55,5.55,5.55
N_18_20,N_17_21,14.760085592444927,8.19,8.19,8.19,8.19,8.19,8.19,10.18,10.18,11.07,11.07,8.86,8.86,8.86,8.86,8.86,8.86,10.63,11.51,11.51,10.63,8.41,8.41,8.41,8.41
N_18_21,N_17_23,9.482757368435276,5.26,5.26,5.26,5.26,5.26,5.26,6.54,6.54,7.11,7.11,5.69,5.69,5.69,5.69,5.69,5.69,6.83,7.4,7.4,6.83,5.41,5.41,5.41,5.41
N_18_21,N_19_22,5.906494524513764,6.02,6.02,6.02,6.02,6.02,6.02,9.21,9.21,10.63,10.63,7.09,7.09,7.09,7.09,7.09,7.09,9.92,11.34,11.34,9.92,6.38,6.38,6.38,6.38
N_18_21,N_18_23,1.484757561510664,2.44,2.44,2.44,2.44,2.44,2.44,4.04,4.04,4.75,4.75,2.97,2.97,2.97,2.97,2.97,2.97,4.39,5.11,5.11,4.39,2.61,2.61,2.61,2.61
N_18_22,N_19_21,12.684744208540234,7.04,7.04,7.04,7.04,7.04,7.04,8.75,8.75,9.51,9.51,7.61,7.61,7.61,7.61,7.61,7.61,9.13,9.89,9.89,9.13,7.23,7.23,7.23,7.23
N_18_22,N_18_21,5.103408029415029,5.21,5.21,5.21,5.21,5.21,5.21,7.96,7.96,9.19,9.19,6.12,6.12,6.12,6.12,6.12,6.12,8.57,9.8,9.8,8.57,5.51,5.51,5.51,5.51
N_18_22,N_16_23,1.0575216295748409,1.73,1.73,1.73,1.73,1.73,1.73,2.88,2.88,3.38,3.38,2.12,2.12,2.12,2.12,2.12,2.12,3.13,3.64,3.64,3.13,1.86,1.86,1.86,1.86
N_18_22,N_17_23,8.467734615961232,4.7,4.7,4.7,4.7,4.7,4.7,5.84,5.84,6.35,6.35,5.08,5.08,5.08,5.08,5.08,5.08,6.1,6.6,6.6,6.1,4.83,4.83,4.83,4.83
N_18_22,N_17_21,6.856664785999584,6.99,6.99,6.99,6.99,6.99,6.99,10.7,10.7,12.34,12.34,8.23,8.23,8.23,8.23,8.23,8.23,11.52,13.16,13.16,11.52,7.41,7.41,7.41,7.41
N_18_22,N_18_23,4.128601981942888,4.21,4.21,4.21,4.21,4.21,4.21,6.44,6.44,7.43,7.43,4.95,4.95,4.95,4.95,4.95,4.95,6.94,7.93,7.93,6.94,4.46,4.46,4.46,4.46
N_18_23,N_16_22,5.910830200395097,6.03,6.03,6.03,6.03,6.03,6.03,9.22,9.22,10.64,10.64,7.09,7.09,7.09,7.09,7.09,7.09,9.93,11.35,11.35,9.93,6.38,6.38,6.38,6.38
N_18_23,N_16_23,9.695448894115607,5.38,5.38,5.38,5.38,5.38,5.38,6.69,6.69,7.27,7.27,5.82,5.82,5.82,5.82,5.82,5.82,6.98,7.56,7.56,6.98,5.53,5.53,5.53,5.53
N_18_24,N_16_23,10.104560456868548,5.61,5.61,5.61,5.61,5.61,5.61,6.97,6.97,7.58,7.58,6.06,6.06,6.06,6.06,6.06,6.06,7.28,7.88,7.88,7.28,5.76,5.76,5.76,5.76
N_18_24,N_17_24,0.6437174371509296,1.06,1.06,1.06,1.06,1.06,1.06,1.75,1.75,2.06,2.06,1.29,1.29,1.29,1.29,1.29,1.29,1.91,2.21,2.21,1.91,1.13,1.13,1.13,1.13
N_18_24,N_18_22,2.2273729387836245,3.65,3.65,3.65,3.65,3.65,3.65,6.06,6.06,7.13,7.13,4.45,4.45,4.45,4.45,4.45,4.45,6.59,7.66,7.66,6.59,3.92,3.92,3.92,3.92
N_18_24,N_16_25,4.2405813911031105,4.33,4.33,4.33,4.33,4.33,4.33,6.62,6.62,7.63,7.63,5.09,5.09,5.09,5.09,5.09,5.09,7.12,8.14,8.14,7.12,4.58,4.58,4.58,4.58
N_18_25,N_16_24,0.5265729937472396,0.86,0.86,0.86,0.86,0.86,0.86,1.43,1.43,1.69,1.69,1.05,1.05,1.05,1.05,1.05,1.05,1.56,1.81,1.81,1.56,0.93,0.93,0.93,0.93
N_18_25,N_17_26,5.39915638541323,5.51,5.51,5.51,5.51,5.51,5.51,8.42,8.42,9.72,9.72,6.48,6.48,6.48,6.48,6.48,6.48,9.07,10.37,10.37,9.07,5.83,5.83,5.83,5.83
N_18_25,N_17_24,8.669284843687961,4.81,4.81,4.81,4.81,4.81,4.81,5.98,5.98,6.5,6.5,5.2,5.2,5.2,5.2,5.2,5.2,6.24,6.76,6.76,6.24,4.94,4.94,4.94,4.94
N_18_25,N_16_25,9.426786080584137,5.23,5.23,5.23,5.23,5.23,5.23,6.5,6.5,7.07,7.07,5.66,5.66,5.66,5.66,5.66,5.66,6.79,7.35,7.35,6.79,5.37,5.37,5.37,5.37
N_18_26,N_16_27,2.1606454491204508,3.54,3.54,3.54,3.54,3.54,3.54,5.88,5.88,6.91,6.91,4.32,4.32,4.32,4.32,4.32,4.32,6.4,7.43,7.43,6.4,3.8,3.8,3.8,3.8
N_18_26,N_18_28,9.183615673767399,5.1,5.1,5.1,5.1,5.1,5.1,6.34,6.34,6.89,6.89,5.51,5.51,5.51,5.51,5.51,5.51,6.61,7.16,7.16,6.61,5.23,5.23,5.23,5.23
N_18_26,N_16_25,4.935552534427254,5.03,5.03,5.03,5.03,5.03,5.03,7.7,7.7,8.88,8.88,5.92,5.92,5.92,5.92,5.92,5.92,8.29,9.48,9.48,8.29,5.33,5.33,5.33,5.33
N_18_26,N_18_25,6.307089183923883,6.43,6.43,6.43,6.43,6.43,6.43,9.84,9.84,11.35,11.35,7.57,7.57,7.57,7.57,7.57,7.57,10.6,12.11,12.11,10.6,6.81,6.81,6.81,6.81
N_18_27,N_16_28,6.499503437191644,6.63,6.63,6.63,6.63,6.63,6.63,10.14,10.14,11.7,11.7,7.8,7.8,7.8,7.8,7.8,7.8,10.92,12.48,12.48,10.92,7.02,7.02,7.02,7.02
N_18_27,N_20_26,1.0910148131642157,1.79,1.79,1.79,1.79,1.79,1.79,2.97,2.97,3.49,3.49,2.18,2.18,2.18,2.18,2.18,2.18,3.23,3.75,3.75,3.23,1.92,1.92,1.92,1.92
N_18_27,N_17_25,9.27024410587883,5.14,5.14,5.14,5.14,5.14,5.14,6.4,6.4,6.95,6.95,5.56,5.56,5.56,5.56,5.56,5.56,6.67,7.23,7.23,6.67,5.28,5.28,5.28,5.28
N_18_28,N_16_28,1.3314756226760218,2.18,2.18,2.18,2.18,2.18,2.18,3.62,3.62,4.26,4.26,2.66,2.66,2.66,2.66,2.66,2.66,3.94,4.58,4.58,3.94,2.34,2.34,2.34,2.34
N_18_28,N_17_27,1.1191929455912886,1.84,1.84,1.84,1.84,1.84,1.84,3.04,3.04,3.58,3.58,2.24,2.24,2.24,2.24,2.24,2.24,3.31,3.85,3.85,3.31,1.97,1.97,1.97,1.97
N_18_28,N_18_26,9.183615673767399,5.1,5.1,5.1,5.1,5.1,5.1,6.34,6.34,6.89,6.89,5.51,5.51,5.51,5.51,5.51,5.51,6.61,7.16,7.16,6.61,5.23,5.23,5.23,5.23
N_18_29,N_17_29,11.319067576209942,6.28,6.28,6.28,6.28,6.28,6.28,7.81,7.81,8.49,8.49,6.79,6.79,6.79,6.79,6.79,6.79,8.15,8.83,8.83,8.15,6.45,6.45,6.45,6.45
N_18_29,N_16_28,11.563690200938257,6.42,6.42,6.42,6.42,6.42,6.42,7.98,7.98,8.67,8.67,6.94,6.94,6.94,6.94,6.94,6.94,8.33,9.02,9.02,8.33,6.59,6.59,6.59,6.59
N_18_3,N_17_2,4.481185832651446,4.57,4.57,4.57,4.57,4.57,4.57,6.99,6.99,8.07,8.07,5.38,5.38,5.38,5.38,5.38,5.38,7.53,8.6,8.6,7.53,4.84,4.84,4.84,4.84
N_18_3,N_18_5,3.020697522203434,3.08,3.08,3.08,3.08,3.08,3.08,4.71,4.71,5.44,5.44,3.62,3.62,3.62,3.62,3.62,3.62,5.07,5.8,5.8,5.07,3.26,3.26,3.26,3.26
N_18_30,N_16_31,3.9393391614750386,4.02,4.02,4.02,4.02,4.02,4.02,6.15,6.15,7.09,7.09,4.73,4.73,4.73,4.73,4.73,4.73,6.62,7.56,7.56,6.62,4.25,4.25,4.25,4.25
N_18_30,N_18_31,5.136176693654738,5.24,5.24,5.24,5.24,5.24,5.24,8.01,8.01,9.25,9.25,6.16,6.16,6.16,6.16,6.16,6.16,8.63,9.86,9.86,8.63,5.55,5.55,5.55,5.55
N_18_30,N_17_31,3.5336069798573333,3.6,3.6,3.6,3.6,3.6,3.6,5.51,5.51,6.36,6.36,4.24,4.24,4.24,4.24,4.24,4.24,5.94,6.78,6.78,5.94,3.82,3.82,3.82,3.82
N_18_31,N_18_30,11.179994653536884,6.2,6.2,6.2,6.2,6.2,6.2,7.71,7.71,8.38,8.38,6.71,6.71,6.71,6.71,6.71,6.71,8.05,8.72,8.72,8.05,6.37,6.37,6.37,6.37
N_18_31,N_16_30,1.8510675351280736,3.04,3.04,3.04,3.04,3.04,3.04,5.03,5.03,5.92,5.92,3.7,3.7,3.7,3.7,3.7,3.7,5.48,6.37,6.37,5.48,3.26,3.26,3.26,3.26
N_18_32,N_19_33,6.462391673534205,6.59,6.59,6.59,6.59,6.59,6.59,10.08,10.08,11.63,11.63,7.75,7.75,7.75,7.75,7.75,7.75,10.86,12.41,12.41,10.86,6.98,6.98,6.98,6.98
N_18_32,N_19_34,6.248433185843956,6.37,6.37,6.37,6.37,6.37,6.37,9.75,9.75,11.25,11.25,7.5,7.5,7.5,7.5,7.5,7.5,10.5,12.0,12.0,10.5,6.75,6.75,6.75,6.75
N_18_32,N_18_30,12.653819168944716,7.02,7.02,7.02,7.02,7.02,7.02,8.73,8.73,9.49,9.49,7.59,7.59,7.59,7.59,7.59,7.59,9.11,9.87,9.87,9.11,7.21,7.21,7.21,7.21
N_18_32,N_20_33,14.250894414046355,7.91,7.91,7.91,7.91,7.91,7.91,9.83,9.83,10.69,10.69,8.55,8.55,8.55,8.55,8.55,8.55,10.26,11.12,11.12,10.26,8.12,8.12,8.12,8.12
N_18_32,N_19_32,6.480967174817172,6.61,6.61,6.61,6.61,6.61,6.61,10.11,10.11,11.67,11.67,7.78,7.78,7.78,7.78,7.78,7.78,10.89,12.44,12.44,10.89,7.0,7.0,7.0,7.0
N_18_33,N_19_32,1.4110795484356513,2.31,2.31,2.31,2.31,2.31,2.31,3.84,3.84,4.52,4.52,2.82,2.82,2.82,2.82,2.82,2.82,4.18,4.85,4.85,4.18,2.48,2.48,2.48,2.48
N_18_33,N_19_34,4.717032031732295,4.81,4.81,4.81,4.81,4.81,4.81,7.36,7.36,8.49,8.49,5.66,5.66,5.66,5.66,5.66,5.66,7.92,9.06,9.06,7.92,5.09,5.09,5.09,5.09
N_18_33,N_17_32,5.7485284953761155,5.86,5.86,5.86,5.86,5.86,5.86,8.97,8.97,10.35,10.35,6.9,6.9,6.9,6.9,6.9,6.9,9.66,11.04,11.04,9.66,6.21,6.21,6.21,6.21
N_18_34,N_16_34,1.4547142837020481,2.39,2.39,2.39,2.39,2.39,2.39,3.96,3.96,4.66,4.66,2.91,2.91,2.91,2.91,2.91,2.91,4.31,5.0,5.0,4.31,2.56,2.56,2.56,2.56
N_18_34,N_17_32,6.323542927567756,6.45,6.45,6.45,6.45,6.45,6.45,9.86,9.86,11.38,11.38,7.59,7.59,7.59,7.59,7.59,7.59,10.62,12.14,12.14,10.62,6.83,6.83,6.83,6.83
N_18_34,N_16_35,12.111692326634271,6.72,6.72,6.72,6.72,6.72,6.72,8.36,8.36,9.08,9.08,7.27,7.27,7.27,7.27,7.27,7.27,8.72,9.45,9.45,8.72,6.9,6.9,6.9,6.9
N_18_34,N_17_35,4.646557944777943,4.74,4.74,4.74,4.74,4.74,4.74,7.25,7.25,8.36,8.36,5.58,5.58,5.58,5.58,5.58,5.58,7.81,8.92,8.92,7.81,5.02,5.02,5.02,5.02
N_18_34,N_16_33,10.64081090812073,5.91,5.91,5.91,5.91,5.91,5.91,7.34,7.34,7.98,7.98,6.38,6.38,6.38,6.38,6.38,6.38,7.66,8.3,8.3,7.66,6.07,6.07,6.07,6.07
N_18_34,N_17_33,4.218294043930014,4.3,4.3,4.3,4.3,4.3,4.3,6.58,6.58,7.59,7.59,5.06,5.06,5.06,5.06,5.06,5.06,7.09,8.1,8.1,7.09,4.56,4.56,4.56,4.56
N_18_34,N_20_33,13.382013612224917,7.43,7.43,7.43,7.43,7.43,7.43,9.23,9.23,10.04,10.04,8.03,8.03,8.03,8.03,8.03,8.03,9.64,10.44,10.44,9.64,7.63,7.63,7.63,7.63
N_18_35,N_20_34,5.475468338778157,5.58,5.58,5.58,5.58,5.58,5.58,8.54,8.54,9.86,9.86,6.57,6.57,6.57,6.57,6.57,6.57,9.2,10.51,10.51,9.2,5.91,5.91,5.91,5.91
N_18_35,N_16_34,4.1818328418396025,4.27,4.27,4.27,4.27,4.27,4.27,6.52,6.52,7.53,7.53,5.02,5.02,5.02,5.02,5.02,5.02,7.03,8.03,8.03,7.03,4.52,4.52,4.52,4.52
N_18_35,N_20_36,3.3997745941378996,3.47,3.47,3.47,3.47,3.47,3.47,5.3,5.3,6.12,6.12,4.08,4.08,4.08,4.08,4.08,4.08,5.71,6.53,6.53,5.71,3.67,3.67,3.67,3.67
N_18_35,N_17_33,3.471795353957452,3.54,3.54,3.54,3.54,3.54,3.54,5.42,5.42,6.25,6.25,4.17,4.17,4.17,4.17,4.17,4.17,5.83,6.67,6.67,5.83,3.75,3.75,3.75,3.75
N_18_35,N_17_36,12.71121733652563,7.05,7.05,7.05,7.05,7.05,7.05,8.77,8.77,9.53,9.53,7.63,7.63,7.63,7.63,7.63,7.63,9.15,9.91,9.91,9.15,7.25,7.25,7.25,7.25
N_18_35,N_18_36,3.473068403011919,3.54,3.54,3.54,3.54,3.54,3.54,5.42,5.42,6.25,6.25,4.17,4.17,4.17,4.17,4.17,4.17,5.83,6.67,6.67,5.83,3.75,3.75,3.75,3.75
N_18_36,N_16_35,13.516183724954086,7.5,7.5,7.5,7.5,7.5,7.5,9.33,9.33,10.14,10.14,8.11,8.11,8.11,8.11,8.11,8.11,9.73,10.54,10.54,9.73,7.7,7.7,7.7,7.7
N_18_36,N_17_36,9.518966665620047,5.28,5.28,5.28,5.28,5.28,5.28,6.57,6.57,7.14,7.14,5.71,5.71,5.71,5.71,5.71,5.71,6.85,7.42,7.42,6.85,5.43,5.43,5.43,5.43
N_18_37,N_19_37,8.461692525738473,4.7,4.7,4.7,4.7,4.7,4.7,5.84,5.84,6.35,6.35,5.08,5.08,5.08,5.08,5.08,5.08,6.09,6.6,6.6,6.09,4.82,4.82,4.82,4.82
N_18_37,N_17_36,5.402412532861511,5.51,5.51,5.51,5.51,5.51,5.51,8.43,8.43,9.72,9.72,6.48,6.48,6.48,6.48,6.48,6.48,9.08,10.37,10.37,9.08,5.83,5.83,5.83,5.83
N_18_37,N_20_38,3.2742780251973542,3.34,3.34,3.34,3.34,3.34,3.34,5.11,5.11,5.89,5.89,3.93,3.93,3.93,3.93,3.93,3.93,5.5,6.29,6.29,5.5,3.54,3.54,3.54,3.54
N_18_37,N_18_36,1.0430689238193889,1.71,1.71,1.71,1.71,1.71,1.71,2.84,2.84,3.34,3.34,2.09,2.09,2.09,2.09,2.09,2.09,3.09,3.59,3.59,3.09,1.84,1.84,1.84,1.84
N_18_38,N_16_39,14.151442290300938,7.85,7.85,7.85,7.85,7.85,7.85,9.76,9.76,10.61,10.61,8.49,8.49,8.49,8.49,8.49,8.49,10.19,11.04,11.04,10.19,8.07,8.07,8.07,8.07
N_18_38,N_18_39,0.5244089134495258,0.86,0.86,0.86,0.86,0.86,0.86,1.43,1.43,1.68,1.68,1.05,1.05,1.05,1.05,1.05,1.05,1.55,1.8,1.8,1.55,0.92,0.92,0.92,0.92
N_18_38,N_17_37,5.878646838209898,6.0,6.0,6.0,6.0,6.0,6.0,9.17,9.17,10.58,10.58,7.05,7.05,7.05,7.05,7.05,7.05,9.88,11.29,11.29,9.88,6.35,6.35,6.35,6.35
N_18_38,N_19_36,9.220271564494617,5.12,5.12,5.12,5.12,5.12,5.12,6.36,6.36,6.92,6.92,5.53,5.53,5.53,5.53,5.53,5.53,6.64,7.19,7.19,6.64,5.26,5.26,5.26,5.26
N_18_38,N_20_38,2.2184167820552183,3.64,3.64,3.64,3.64,3.64,3.64,6.03,6.03,7.1,7.1,4.44,4.44,4.44,4.44,4.44,4.44,6.57,7.63,7.63,6.57,3.9,3.9,3.9,3.9
N_18_38,N_19_38,2.290789618192962,3.76,3.76,3.76,3.76,3.76,3.76,6.23,6.23,7.33,7.33,4.58,4.58,4.58,4.58,4.58,4.58,6.78,7.88,7.88,6.78,4.03,4.03,4.03,4.03
N_18_39,N_17_39,13.432034042345158,7.45,7.45,7.45,7.45,7.45,7.45,9.27,9.27,10.07,10.07,8.06,8.06,8.06,8.06,8.06,8.06,9.67,10.48,10.48,9.67,7.66,7.66,7.66,7.66
N_18_39,N_16_38,11.861323497582172,6.58,6.58,6.58,6.58,6.58,6.58,8.18,8.18,8.9,8.9,7.12,7.12,7.12,7.12,7.12,7.12,8.54,9.25,9.25,8.54,6.76,6.76,6.76,6.76
N_18_4,N_17_5,0.9828723236036834,1.61,1.61,1.61,1.61,1.61,1.61,2.67,2.67,3.15,3.15,1.97,1.97,1.97,1.97,1.97,1.97,2.91,3.38,3.38,2.91,1.73,1.73,1.73,1.73
N_18_4,N_18_2,4.937704599152715,5.04,5.04,5.04,5.04,5.04,5.04,7.7,7.7,8.89,8.89,5.93,5.93,5.93,5.93,5.93,5.93,8.3,9.48,9.48,8.3,5.33,5.33,5.33,5.33
N_18_5,N_18_3,3.020697522203434,3.08,3.08,3.08,3.08,3.08,3.08,4.71,4.71,5.44,5.44,3.62,3.62,3.62,3.62,3.62,3.62,5.07,5.8,5.8,5.07,3.26,3.26,3.26,3.26
N_18_5,N_19_3,1.7078710278133915,2.8,2.8,2.8,2.8,2.8,2.8,4.65,4.65,5.47,5.47,3.42,3.42,3.42,3.42,3.42,3.42,5.06,5.88,5.88,5.06,3.01,3.01,3.01,3.01
N_18_5,N_19_4,1.3638506321172976,2.24,2.24,2.24,2.24,2.24,2.24,3.71,3.71,4.36,4.36,2.73,2.73,2.73,2.73,2.73,2.73,4.04,4.69,4.69,4.04,2.4,2.4,2.4,2.4
N_18_5,N_20_5,12.760209980931931,7.08,7.08,7.08,7.08,7.08,7.08,8.8,8.8,9.57,9.57,7.66,7.66,7.66,7.66,7.66,7.66,9.19,9.95,9.95,9.19,7.27,7.27,7.27,7.27
N_18_6,N_16_5,3.631209770106454,3.7,3.7,3.7,3.7,3.7,3.7,5.66,5.66,6.54,6.54,4.36,4.36,4.36,4.36,4.36,4.36,6.1,6.97,6.97,6.1,3.92,3.92,3.92,3.92
N_18_6,N_17_6,1.4798822064450932,2.43,2.43,2.43,2.43,2.43,2.43,4.03,4.03,4.74,4.74,2.96,2.96,2.96,2.96,2.96,2.96,4.38,5.09,5.09,4.38,2.6,2.6,2.6,2.6
N_18_6,N_19_7,9.462860073525517,5.25,5.25,5.25,5.25,5.25,5.25,6.53,6.53,7.1,7.1,5.68,5.68,5.68,5.68,5.68,5.68,6.81,7.38,7.38,6.81,5.39,5.39,5.39,5.39
N_18_7,N_20_7,5.091990954561315,5.19,5.19,5.19,5.19,5.19,5.19,7.94,7.94,9.17,9.17,6.11,6.11,6.11,6.11,6.11,6.11,8.55,9.78,9.78,8.55,5.5,5.5,5.5,5.5
N_18_7,N_16_8,6.505104012662643,6.64,6.64,6.64,6.64,6.64,6.64,10.15,10.15,11.71,11.71,7.81,7.81,7.81,7.81,7.81,7.81,10.93,12.49,12.49,10.93,7.03,7.03,7.03,7.03
N_18_8,N_17_10,1.0174623675676173,1.67,1.67,1.67,1.67,1.67,1.67,2.77,2.77,3.26,3.26,2.03,2.03,2.03,2.03,2.03,2.03,3.01,3.5,3.5,3.01,1.79,1.79,1.79,1.79
N_18_8,N_20_9,6.4522775190584785,6.58,6.58,6.58,6.58,6.58,6.58,10.07,10.07,11.61,11.61,7.74,7.74,7.74,7.74,7.74,7.74,10.84,12.39,12.39,10.84,6.97,6.97,6.97,6.97
N_18_8,N_17_7,4.102573656733028,4.18,4.18,4.18,4.18,4.18,4.18,6.4,6.4,7.38,7.38,4.92,4.92,4.92,4.92,4.92,4.92,6.89,7.88,7.88,6.89,4.43,4.43,4.43,4.43
N_18_9,N_17_7,1.8467673164574248,3.03,3.03,3.03,3.03,3.03,3.03,5.02,5.02,5.91,5.91,3.69,3.69,3.69,3.69,3.69,3.69,5.47,6.35,6.35,5.47,3.25,3.25,3.25,3.25
N_18_9,N_19_11,3.05368418089061,3.11,3.11,3.11,3.11,3.11,3.11,4.76,4.76,5.5,5.5,3.66,3.66,3.66,3.66,3.66,3.66,5.13,5.86,5.86,5.13,3.3,3.3,3.3,3.3
N_19_0,N_19_2,5.48329255034951,5.59,5.59,5.59,5.59,5.59,5.59,8.55,8.55,9.87,9.87,6.58,6.58,6.58,6.58,6.58,6.58,9.21,10.53,10.53,9.21,5.92,5.92,5.92,5.92
N_19_0,N_17_1,13.934437790763031,7.73,7.73,7.73,7.73,7.73,7.73,9.61,9.61,10.45,10.45,8.36,8.36,8.36,8.36,8.36,8.36,10.03,10.87,10.87,10.03,7.94,7.94,7.94,7.94
N_19_0,N_18_0,14.924405684629985,8.28,8.28,8.28,8.28,8.28,8.28,10.3,10.3,11.19,11.19,8.95,8.95,8.95,8.95,8.95,8.95,10.75,11.64,11.64,10.75,8.51,8.51,8.51,8.51
N_19_1,N_18_1,3.2757603106514104,3.34,3.34,3.34,3.34,3.34,3.34,5.11,5.11,5.9,5.9,3.93,3.93,3.93,3.93,3.93,3.93,5.5,6.29,6.29,5.5,3.54,3.54,3.54,3.54
N_19_1,N_19_2,5.198371735284647,5.3,5.3,5.3,5.3,5.3,5.3,8.11,8.11,9.36,9.36,6.24,6.24,6.24,6.24,6.24,6.24,8.73,9.98,9.98,8.73,5.61,5.61,5.61,5.61
N_19_1,N_20_0,3.4051269503852564,3.47,3.47,3.47,3.47,3.47,3.47,5.31,5.31,6.13,6.13,4.09,4.09,4.09,4.09,4.09,4.09,5.72,6.54,6.54,5.72,3.68,3.68,3.68,3.68
N_19_10,N_18_10,3.1685589430438115,3.23,3.23,3.23,3.23,3.23,3.23,4.94,4.94,5.7,5.7,3.8,3.8,3.8,3.8,3.8,3.8,5.32,6.08,6.08,5.32,3.42,3.42,3.42,3.42
N_19_10,N_19_9,10.5383783793427,5.85,5.85,5.85,5.85,5.85,5.85,7.27,7.27,7.9,7.9,6.32,6.32,6.32,6.32,6.32,6.32,7.59,8.22,8.22,7.59,6.01,6.01,6.01,6.01
N_19_11,N_17_12,5.144824299549706,5.25,5.25,5.25,5.25,5.25,5.25,8.03,8.03,9.26,9.26,6.17,6.17,6.17,6.17,6.17,6.17,8.64,9.88,9.88,8.64,5.56,5.56,5.56,5.56
N_19_11,N_18_9,3.05368418089061,3.11,3.11,3.11,3.11,3.11,3.11,4.76,4.76,5.5,5.5,3.66,3.66,3.66,3.66,3.66,3.66,5.13,5.86,5.86,5.13,3.3,3.3,3.3,3.3
N_19_11,N_18_11,5.695101233645725,5.81,5.81,5.81,5.81,5.81,5.81,8.88,8.88,10.25,10.25,6.83,6.83,6.83,6.83,6.83,6.83,9.57,10.93,10.93,9.57,6.15,6.15,6.15,6.15
N_19_11,N_20_12,5.552130826409259,5.66,5.66,5.66,5.66,5.66,5.66,8.66,8.66,9.99,9.99,6.66,6.66,6.66,6.66,6.66,6.66,9.33,10.66,10.66,9.33,6.0,6.0,6.0,6.0
N_19_11,N_19_10,4.4957240949974615,4.59,4.59,4.59,4.59,4.59,4.59,7.01,7.01,8.09,8.09,5.39,5.39,5.39,5.39,5.39,5.39,7.55,8.63,8.63,7.55,4.86,4.86,4.86,4.86
N_19_11,N_21_12,4.294997635318331,4.38,4.38,4.38,4.38,4.38,4.38,6.7,6.7,7.73,7.73,5.15,5.15,5.15,5.15,5.15,5.15,7.22,8.25,8.25,7.22,4.64,4.64,4.64,4.64
N_19_12,N_18_12,6.464415735874565,6.59,6.59,6.59,6.59,6.59,6.59,10.08,10.08,11.64,11.64,7.76,7.76,7.76,7.76,7.76,7.76,10.86,12.41,12.41,10.86,6.98,6.98,6.98,6.98
N_19_12,N_19_13,4.867236933292449,4.96,4.96,4.96,4.96,4.96,4.96,7.59,7.59,8.76,8.76,5.84,5.84,5.84,5.84,5.84,5.84,8.18,9.35,9.35,8.18,5.26,5.26,5.26,5.26
N_19_12,N_20_10,5.631963926368865,5.74,5.74,5.74,5.74,5.74,5.74,8.79,8.79,10.14,10.14,6.76,6.76,6.76,6.76,6.76,6.76,9.46,10.81,10.81,9.46,6.08,6.08,6.08,6.08
N_19_12,N_17_12,0.7688987118320305,1.26,1.26,1.26,1.26,1.26,1.26,2.09,2.09,2.46,2.46,1.54,1.54,1.54,1.54,1.54,1.54,2.28,2.65,2.65,2.28,1.35,1.35,1.35,1.35
N_19_13,N_19_12,4.867236933292449,4.96,4.96,4.96,4.96,4.96,4.96,7.59,7.59,8.76,8.76,5.84,5.84,5.84,5.84,5.84,5.84,8.18,9.35,9.35,8.18,5.26,5.26,5.26,5.26
N_19_13,N_18_11,8.012933323550234,4.45,4.45,4.45,4.45,4.45,4.45,5.53,5.53,6.01,6.01,4.81,4.81,4.81,4.81,4.81,4.81,5.77,6.25,6.25,5.77,4.57,4.57,4.57,4.57
N_19_13,N_21_13,13.21285328961885,7.33,7.33,7.33,7.33,7.33,7.33,9.12,9.12,9.91,9.91,7.93,7.93,7.93,7.93,7.93,7.93,9.51,10.31,10.31,9.51,7.53,7.53,7.53,7.53
N_19_13,N_21_12,3.8477830505332693,3.92,3.92,3.92,3.92,3.92,3.92,6.0,6.0,6.93,6.93,4.62,4.62,4.62,4.62,4.62,4.62,6.46,7.39,7.39,6.46,4.16,4.16,4.16,4.16
N_19_14,N_18_15,4.147887441861197,4.23,4.23,4.23,4.23,4.23,4.23,6.47,6.47,7.47,7.47,4.98,4.98,4.98,4.98,4.98,4.98,6.97,7.96,7.96,6.97,4.48,4.48,4.48,4.48
N_19_14,N_18_16,8.086940298904855,4.49,4.49,4.49,4.49,4.49,4.49,5.58,5.58,6.07,6.07,4.85,4.85,4.85,4.85,4.85,4.85,5.82,6.31,6.31,5.82,4.61,4.61,4.61,4.61
N_19_15,N_18_14,0.7205911111809833,1.18,1.18,1.18,1.18,1.18,1.18,1.96,1.96,2.31,2.31,1.44,1.44,1.44,1.44,1.44,1.44,2.13,2.48,2.48,2.13,1.27,1.27,1.27,1.27
N_19_15,N_18_15,14.019868916505985,7.78,7.78,7.78,7.78,7.78,7.78,9.67,9.67,10.51,10.51,8.41,8.41,8.41,8.41,8.41,8.41,10.09,10.94,10.94,10.09,7.99,7.99,7.99,7.99
N_19_16,N_18_17,14.596213284360545,8.1,8.1,8.1,8.1,8.1,8.1,10.07,10.07,10.95,10.95,8.76,8.76,8.76,8.76,8.76,8.76,10.51,11.39,11.39,10.51,8.32,8.32,8.32,8.32
N_19_16,N_20_14,5.76347798583228,5.88,5.88,5.88,5.88,5.88,5.88,8.99,8.99,10.37,10.37,6.92,6.92,6.92,6.92,6.92,6.92,9.68,11.07,11.07,9.68,6.22,6.22,6.22,6.22
N_19_17,N_19_16,1.7996241366772534,2.95,2.95,2.95,2.95,2.95,2.95,4.89,4.89,5.76,5.76,3.6,3.6,3.6,3.6,3.6,3.6,5.33,6.19,6.19,5.33,3.17,3.17,3.17,3.17
N_19_17,N_20_15,4.923642512270508,5.02,5.02,5.02,5.02,5.02,5.02,7.68,7.68,8.86,8.86,5.91,5.91,5.91,5.91,5.91,5.91,8.27,9.45,9.45,8.27,5.32,5.32,5.32,5.32
N_19_18,N_17_17,4.42665233068467,4.52,4.52,4.52,4.52,4.52,4.52,6.91,6.91,7.97,7.97,5.31,5.31,5.31,5.31,5.31,5.31,7.44,8.5,8.5,7.44,4.78,4.78,4.78,4.78
N_19_18,N_20_16,13.373626296671052,7.42,7.42,7.42,7.42,7.42,7.42,9.23,9.23,10.03,10.03,8.02,8.02,8.02,8.02,8.02,8.02,9.63,10.43,10.43,9.63,7.62,7.62,7.62,7.62
N_19_18,N_18_17,6.876663613508146,7.01,7.01,7.01,7.01,7.01,7.01,10.73,10.73,12.38,12.38,8.25,8.25,8.25,8.25,8.25,8.25,11.55,13.2,13.2,11.55,7.43,7.43,7.43,7.43
N_19_18,N_19_16,3.779476413871014,3.86,3.86,3.86,3.86,3.86,3.86,5.9,5.9,6.8,6.8,4.54,4.54,4.54,4.54,4.54,4.54,6.35,7.26,7.26,6.35,4.08,4.08,4.08,4.08
N_19_19,N_21_20,6.643212953852894,6.78,6.78,6.78,6.78,6.78,6.78,10.36,10.36,11.96,11.96,7.97,7.97,7.97,7.97,7.97,7.97,11.16,12.75,12.75,11.16,7.17,7.17,7.17,7.17
N_19_19,N_19_21,1.2134975963487296,1.99,1.99,1.99,1.99,1.99,1.99,3.3,3.3,3.88,3.88,2.43,2.43,2.43,2.43,2.43,2.43,3.59,4.17,4.17,3.59,2.14,2.14,2.14,2.14
N_19_2,N_19_0,5.48329255034951,5.59,5.59,5.59,5.59,5.59,5.59,8.55,8.55,9.87,9.87,6.58,6.58,6.58,6.58,6.58,6.58,9.21,10.53,10.53,9.21,5.92,5.92,5.92,5.92
N_19_2,N_19_1,5.198371735284647,5.3,5.3,5.3,5.3,5.3,5.3,8.11,8.11,9.36,9.36,6.24,6.24,6.24,6.24,6.24,6.24,8.73,9.98,9.98,8.73,5.61,5.61,5.61,5.61
N_19_20,N_17_20,14.380678266495092,7.98,7.98,7.98,7.98,7.98,7.98,9.92,9.92,10.79,10.79,8.63,8.63,8.63,8.63,8.63,8.63,10.35,11.22,11.22,10.35,8.2,8.2,8.2,8.2
N_19_20,N_18_19,5.018304915795152,5.12,5.12,5.12,5.12,5.12,5.12,7.83,7.83,9.03,9.03,6.02,6.02,6.02,6.02,6.02,6.02,8.43,9.64,9.64,8.43,5.42,5.42,5.42,5.42
N_19_21,N_19_19,1.2134975963487296,1.99,1.99,1.99,1.99,1.99,1.99,3.3,3.3,3.88,3.88,2.43,2.43,2.43,2.43,2.43,2.43,3.59,4.17,4.17,3.59,2.14,2.14,2.14,2.14
N_19_21,N_17_21,2.4780520285171654,4.06,4.06,4.06,4.06,4.06,4.06,6.74,6.74,7.93,7.93,4.96,4.96,4.96,4.96,4.96,4.96,7.34,8.52,8.52,7.34,4.36,4.36,4.36,4.36
N_19_21,N_18_20,1.4216422937828856,2.33,2.33,2.33,2.33,2.33,2.33,3.87,3.87,4.55,4.55,2.84,2.84,2.84,2.84,2.84,2.84,4.21,4.89,4.89,4.21,2.5,2.5,2.5,2.5
N_19_22,N_18_21,5.906494524513764,6.02,6.02,6.02,6.02,6.02,6.02,9.21,9.21,10.63,10.63,7.09,7.09,7.09,7.09,7.09,7.09,9.92,11.34,11.34,9.92,6.38,6.38,6.38,6.38
N_19_22,N_19_23,2.0706115130724383,3.4,3.4,3.4,3.4,3.4,3.4,5.63,5.63,6.63,6.63,4.14,4.14,4.14,4.14,4.14,4.14,6.13,7.12,7.12,6.13,3.64,3.64,3.64,3.64
N_19_23,N_19_22,2.0706115130724383,3.4,3.4,3.4,3.4,3.4,3.4,5.63,5.63,6.63,6.63,4.14,4.14,4.14,4.14,4.14,4.14,6.13,7.12,7.12,6.13,3.64,3.64,3.64,3.64
N_19_23,N_19_24,5.088518640396318,5.19,5.19,5.19,5.19,5.19,5.19,7.94,7.94,9.16,9.16,6.11,6.11,6.11,6.11,6.11,6.11,8.55,9.77,9.77,8.55,5.5,5.5,5.5,5.5
N_19_24,N_19_23,5.088518640396318,5.19,5.19,5.19,5.19,5.19,5.19,7.94,7.94,9.16,9.16,6.11,6.11,6.11,6.11,6.11,6.11,8.55,9.77,9.77,8.55,5.5,5.5,5.5,5.5
N_19_24,N_21_23,0.7584452207972836,1.24,1.24,1.24,1.24,1.24,1.24,2.06,2.06,2.43,2.43,1.52,1.52,1.52,1.52,1.52,1.52,2.24,2.61,2.61,2.24,1.33,1.33,1.33,1.33
N_19_25,N_17_25,0.5264513464915719,0.86,0.86,0.86,0.86,0.86,0.86,1.43,1.43,1.68,1.68,1.05,1.05,1.05,1.05,1.05,1.05,1.56,1.81,1.81,1.56,0.93,0.93,0.93,0.93
N_19_25,N_19_23,1.4635658315216709,2.4,2.4,2.4,2.4,2.4,2.4,3.98,3.98,4.68,4.68,2.93,2.93,2.93,2.93,2.93,2.93,4.33,5.03,5.03,4.33,2.58,2.58,2.58,2.58
N_19_25,N_18_27,0.8973727806504543,1.47,1.47,1.47,1.47,1.47,1.47,2.44,2.44,2.87,2.87,1.79,1.79,1.79,1.79,1.79,1.79,2.66,3.09,3.09,2.66,1.58,1.58,1.58,1.58
N_19_26,N_17_25,5.362462410743289,5.47,5.47,5.47,5.47,5.47,5.47,8.37,8.37,9.65,9.65,6.43,6.43,6.43,6.43,6.43,6.43,9.01,10.3,10.3,9.01,5.79,5.79,5.79,5.79
N_19_26,N_20_24,12.027986039885317,6.68,6.68,6.68,6.68,6.68,6.68,8.3,8.3,9.02,9.02,7.22,7.22,7.22,7.22,7.22,7.22,8.66,9.38,9.38,8.66,6.86,6.86,6.86,6.86
N_19_27,N_20_27,13.472369521329593,7.48,7.48,7.48,7.48,7.48,7.48,9.3,9.3,10.1,10.1,8.08,8.08,8.08,8.08,8.08,8.08,9.7,10.51,10.51,9.7,7.68,7.68,7.68,7.68
N_19_27,N_17_26,2.2755405475036357,3.73,3.73,3.73,3.73,3.73,3.73,6.19,6.19,7.28,7.28,4.55,4.55,4.55,4.55,4.55,4.55,6.74,7.83,7.83,6.74,4.0,4.0,4.0,4.0
N_19_28,N_17_29,8.67619999170327,4.82,4.82,4.82,4.82,4.82,4.82,5.99,5.99,6.51,6.51,5.21,5.21,5.21,5.21,5.21,5.21,6.25,6.77,6.77,6.25,4.95,4.95,4.95,4.95
N_19_28,N_21_28,3.8423874708261314,3.92,3.92,3.92,3.92,3.92,3.92,5.99,5.99,6.92,6.92,4.61,4.61,4.61,4.61,4.61,4.61,6.46,7.38,7.38,6.46,4.15,4.15,4.15,4.15
N_19_28,N_21_29,5.890119641886532,6.01,6.01,6.01,6.01,6.01,6.01,9.19,9.19,10.6,10.6,7.07,7.07,7.07,7.07,7.07,7.07,9.9,11.31,11.31,9.9,6.36,6.36,6.36,6.36
N_19_28,N_19_30,6.570486225451145,6.7,6.7,6.7,6.7,6.7,6.7,10.25,10.25,11.83,11.83,7.88,7.88,7.88,7.88,7.88,7.88,11.04,12.62,12.62,11.04,7.1,7.1,7.1,7.1
N_19_28,N_20_28,4.914414146818876,5.01,5.01,5.01,5.01,5.01,5.01,7.67,7.67,8.85,8.85,5.9,5.9,5.9,5.9,5.9,5.9,8.26,9.44,9.44,8.26,5.31,5.31,5.31,5.31
N_19_29,N_17_29,6.804651550103591,6.94,6.94,6.94,6.94,6.94,6.94,10.62,10.62,12.25,12.25,8.17,8.17,8.17,8.17,8.17,8.17,11.43,13.06,13.06,11.43,7.35,7.35,7.35,7.35
N_19_29,N_17_30,5.8145697989888045,5.93,5.93,5.93,5.93,5.93,5.93,9.07,9.07,10.47,10.47,6.98,6.98,6.98,6.98,6.98,6.98,9.77,11.16,11.16,9.77,6.28,6.28,6.28,6.28
N_19_29,N_20_31,10.458646089525534,5.8,5.8,5.8,5.8,5.8,5.8,7.22,7.22,7.84,7.84,6.28,6.28,6.28,6.28,6.28,6.28,7.53,8.16,8.16,7.53,5.96,5.96,5.96,5.96
N_19_29,N_18_30,8.756781827268819,4.86,4.86,4.86,4.86,4.86,4.86,6.04,6.04,6.57,6.57,5.25,5.25,5.25,5.25,5.25,5.25,6.3,6.83,6.83,6.3,4.99,4.99,4.99,4.99
N_19_3,N_18_5,1.7078710278133915,2.8,2.8,2.8,2.8,2.8,2.8,4.65,4.65,5.47,5.47,3.42,3.42,3.42,3.42,3.42,3.42,5.06,5.88,5.88,5.06,3.01,3.01,3.01,3.01
N_19_3,N_17_2,5.156849327785796,5.26,5.26,5.26,5.26,5.26,5.26,8.04,8.04,9.28,9.28,6.19,6.19,6.19,6.19,6.19,6.19,8.66,9.9,9.9,8.66,5.57,5.57,5.57,5.57
N_19_3,N_21_3,3.6919653908160224,3.77,3.77,3.77,3.77,3.77,3.77,5.76,5.76,6.65,6.65,4.43,4.43,4.43,4.43,4.43,4.43,6.2,7.09,7.09,6.2,3.99,3.99,3.99,3.99
N_19_3,N_18_2,10.736770112409879,5.96,5.96,5.96,5.96,5.96,5.96,7.41,7.41,8.05,8.05,6.44,6.44,6.44,6.44,6.44,6.44,7.73,8.37,8.37,7.73,6.12,6.12,6.12,6.12
N_19_30,N_19_28,6.570486225451145,6.7,6.7,6.7,6.7,6.7,6.7,10.25,10.25,11.83,11.83,7.88,7.88,7.88,7.88,7.88,7.88,11.04,12.62,12.62,11.04,7.1,7.1,7.1,7.1
N_19_30,N_17_29,13.367731940205786,7.42,7.42,7.42,7.42,7.42,7.42,9.22,9.22,10.03,10.03,8.02,8.02,8.02,8.02,8.02,8.02,9.62,10.43,10.43,9.62,7.62,7.62,7.62,7.62
N_19_30,N_20_30,13.116519487223908,7.28,7.28,7.28,7.28,7.28,7.28,9.05,9.05,9.84,9.84,7.87,7.87,7.87,7.87,7.87,7.87,9.44,10.23,10.23,9.44,7.48,7.48,7.48,7.48
N_19_30,N_17_31,3.9970812204666757,4.08,4.08,4.08,4.08,4.08,4.08,6.24,6.24,7.19,7.19,4.8,4.8,4.8,4.8,4.8,4.8,6.72,7.67,7.67,6.72,4.32,4.32,4.32,4.32
N_19_31,N_21_32,2.2233618889041993,3.65,3.65,3.65,3.65,3.65,3.65,6.05,6.05,7.11,7.11,4.45,4.45,4.45,4.45,4.45,4.45,6.58,7.65,7.65,6.58,3.91,3.91,3.91,3.91
N_19_31,N_20_30,9.975204385749471,5.54,5.54,5.54,5.54,5.54,5.54,6.88,6.88,7.48,7.48,5.99,5.99,5.99,5.99,5.99,5.99,7.18,7.78,7.78,7.18,5.69,5.69,5.69,5.69
N_19_31,N_21_31,5.494817225616128,5.6,5.6,5.6,5.6,5.6,5.6,8.57,8.57,9.89,9.89,6.59,6.59,6.59,6.59,6.59,6.59,9.23,10.55,10.55,9.23,5.93,5.93,5.93,5.93
N_19_31,N_20_32,6.092731461345897,6.21,6.21,6.21,6.21,6.21,6.21,9.5,9.5,10.97,10.97,7.31,7.31,7.31,7.31,7.31,7.31,10.24,11.7,11.7,10.24,6.58,6.58,6.58,6.58
N_19_32,N_18_32,6.480967174817172,6.61,6.61,6.61,6.61,6.61,6.61,10.11,10.11,11.67,11.67,7.78,7.78,7.78,7.78,7.78,7.78,10.89,12.44,12.44,10.89,7.0,7.0,7.0,7.0
N_19_32,N_20_33,4.789239355309094,4.89,4.89,4.89,4.89,4.89,4.89,7.47,7.47,8.62,8.62,5.75,5.75,5.75,5.75,5.75,5.75,8.05,9.2,9.2,8.05,5.17,5.17,5.17,5.17
N_19_33,N_18_32,6.462391673534205,6.59,6.59,6.59,6.59,6.59,6.59,10.08,10.08,11.63,11.63,7.75,7.75,7.75,7.75,7.75,7.75,10.86,12.41,12.41,10.86,6.98,6.98,6.98,6.98
N_19_33,N_20_32,6.712339018495102,6.85,6.85,6.85,6.85,6.85,6.85,10.47,10.47,12.08,12.08,8.05,8.05,8.05,8.05,8.05,8.05,11.28,12.89,12.89,11.28,7.25,7.25,7.25,7.25
N_19_33,N_20_31,14.256429251691213,7.91,7.91,7.91,7.91,7.91,7.91,9.84,9.84,10.69,10.69,8.55,8.55,8.55,8.55,8.55,8.55,10.26,11.12,11.12,10.26,8.13,8.13,8.13,8.13
N_19_34,N_17_34,0.7753482964961427,1.27,1.27,1.27,1.27,1.27,1.27,2.11,2.11,2.48,2.48,1.55,1.55,1.55,1.55,1.55,1.55,2.3,2.67,2.67,2.3,1.36,1.36,1.36,1.36
N_19_34,N_17_35,4.924086142445055,5.02,5.02,5.02,5.02,5.02,5.02,7.68,7.68,8.86,8.86,5.91,5.91,5.91,5.91,5.91,5.91,8.27,9.45,9.45,8.27,5.32,5.32,5.32,5.32
N_19_34,N_18_33,4.717032031732295,4.81,4.81,4.81,4.81,4.81,4.81,7.36,7.36,8.49,8.49,5.66,5.66,5.66,5.66,5.66,5.66,7.92,9.06,9.06,7.92,5.09,5.09,5.09,5.09
N_19_34,N_20_36,1.1668377284778206,1.91,1.91,1.91,1.91,1.91,1.91,3.17,3.17,3.73,3.73,2.33,2.33,2.33,2.33,2.33,2.33,3.45,4.01,4.01,3.45,2.05,2.05,2.05,2.05
N_19_34,N_18_32,4.415991415164786,4.5,4.5,4.5,4.5,4.5,4.5,6.89,6.89,7.95,7.95,5.3,5.3,5.3,5.3,5.3,5.3,7.42,8.48,8.48,7.42,4.77,4.77,4.77,4.77
N_19_35,N_20_33,13.949422269791988,7.74,7.74,7.74,7.74,7.74,7.74,9.63,9.63,10.46,10.46,8.37,8.37,8.37,8.37,8.37,8.37,10.04,10.88,10.88,10.04,7.95,7.95,7.95,7.95
N_19_35,N_20_35,4.1509595002602655,4.23,4.23,4.23,4.23,4.23,4.23,6.48,6.48,7.47,7.47,4.98,4.98,4.98,4.98,4.98,4.98,6.97,7.97,7.97,6.97,4.48,4.48,4.48,4.48
N_19_35,N_17_36,11.98394681172074,6.65,6.65,6.65,6.65,6.65,6.65,8.27,8.27,8.99,8.99,7.19,7.19,7.19,7.19,7.19,7.19,8.63,9.35,9.35,8.63,6.83,6.83,6.83,6.83
N_19_36,N_18_38,9.220271564494617,5.12,5.12,5.12,5.12,5.12,5.12,6.36,6.36,6.92,6.92,5.53,5.53,5.53,5.53,5.53,5.53,6.64,7.19,7.19,6.64,5.26,5.26,5.26,5.26
N_19_36,N_18_35,1.9571524379955705,3.21,3.21,3.21,3.21,3.21,3.21,5.32,5.32,6.26,6.26,3.91,3.91,3.91,3.91,3.91,3.91,5.79,6.73,6.73,5.79,3.44,3.44,3.44,3.44
N_19_36,N_19_38,3.2520248580384643,3.32,3.32,3.32,3.32,3.32,3.32,5.07,5.07,5.85,5.85,3.9,3.9,3.9,3.9,3.9,3.9,5.46,6.24,6.24,5.46,3.51,3.51,3.51,3.51
N_19_36,N_20_36,1.0835598546398209,1.78,1.78,1.78,1.78,1.78,1.78,2.95,2.95,3.47,3.47,2.17,2.17,2.17,2.17,2.17,2.17,3.21,3.73,3.73,3.21,1.91,1.91,1.91,1.91
N_19_37,N_17_36,6.98830339199334,7.13,7.13,7.13,7.13,7.13,7.13,10.9,10.9,12.58,12.58,8.39,8.39,8.39,8.39,8.39,8.39,11.74,13.42,13.42,11.74,7.55,7.55,7.55,7.55
N_19_37,N_18_37,8.461692525738473,4.7,4.7,4.7,4.7,4.7,4.7,5.84,5.84,6.35,6.35,5.08,5.08,5.08,5.08,5.08,5.08,6.09,6.6,6.6,6.09,4.82,4.82,4.82,4.82
N_19_38,N_17_39,4.517534540844919,4.61,4.61,4.61,4.61,4.61,4.61,7.05,7.05,8.13,8.13,5.42,5.42,5.42,5.42,5.42,5.42,7.59,8.67,8.67,7.59,4.88,4.88,4.88,4.88
N_19_38,N_18_38,2.290789618192962,3.76,3.76,3.76,3.76,3.76,3.76,6.23,6.23,7.33,7.33,4.58,4.58,4.58,4.58,4.58,4.58,6.78,7.88,7.88,6.78,4.03,4.03,4.03,4.03
N_19_39,N_18_38,3.8304844006120935,3.91,3.91,3.91,3.91,3.91,3.91,5.98,5.98,6.89,6.89,4.6,4.6,4.6,4.6,4.6,4.6,6.44,7.35,7.35,6.44,4.14,4.14,4.14,4.14
N_19_39,N_17_38,11.705812091162194,6.5,6.5,6.5,6.5,6.5,6.5,8.08,8.08,8.78,8.78,7.02,7.02,7.02,7.02,7.02,7.02,8.43,9.13,9.13,8.43,6.67,6.67,6.67,6.67
N_19_39,N_18_37,6.9942525409041,7.13,7.13,7.13,7.13,7.13,7.13,10.91,10.91,12.59,12.59,8.39,8.39,8.39,8.39,8.39,8.39,11.75,13.43,13.43,11.75,7.55,7.55,7.55,7.55
N_19_39,N_20_39,6.096849722603739,6.22,6.22,6.22,6.22,6.22,6.22,9.51,9.51,10.97,10.97,7.32,7.32,7.32,7.32,7.32,7.32,10.24,11.71,11.71,10.24,6.58,6.58,6.58,6.58
N_19_4,N_17_5,3.7849735279021144,3.86,3.86,3.86,3.86,3.86,3.86,5.9,5.9,6.81,6.81,4.54,4.54,4.54,4.54,4.54,4.54,6.36,7.27,7.27,6.36,4.09,4.09,4.09,4.09
N_19_4,N_18_5,1.3638506321172976,2.24,2.24,2.24,2.24,2.24,2.24,3.71,3.71,4.36,4.36,2.73,2.73,2.73,2.73,2.73,2.73,4.04,4.69,4.69,4.04,2.4,2.4,2.4,2.4
N_19_4,N_21_4,1.452547668831396,2.38,2.38,2.38,2.38,2.38,2.38,3.95,3.95,4.65,4.65,2.91,2.91,2.91,2.91,2.91,2.91,4.3,5.0,5.0,4.3,2.56,2.56,2.56,2.56
N_19_4,N_18_4,4.978592376514794,5.08,5.08,5.08,5.08,5.08,5.08,7.77,7.77,8.96,8.96,5.97,5.97,5.97,5.97,5.97,5.97,8.36,9.56,9.56,8.36,5.38,5.38,5.38,5.38
N_19_5,N_17_5,5.338479605105098,5.45,5.45,5.45,5.45,5.45,5.45,8.33,8.33,9.61,9.61,6.41,6.41,6.41,6.41,6.41,6.41,8.97,10.25,10.25,8.97,5.77,5.77,5.77,5.77
N_19_5,N_18_4,9.93352909761829,5.51,5.51,5.51,5.51,5.51,5.51,6.85,6.85,7.45,7.45,5.96,5.96,5.96,5.96,5.96,5.96,7.15,7.75,7.75,7.15,5.66,5.66,5.66,5.66
N_19_5,N_19_3,4.957426433348839,5.06,5.06,5.06,5.06,5.06,5.06,7.73,7.73,8.92,8.92,5.95,5.95,5.95,5.95,5.95,5.95,8.33,9.52,9.52,8.33,5.35,5.35,5.35,5.35
N_19_6,N_17_5,6.503325706515055,6.63,6.63,6.63,6.63,6.63,6.63,10.15,10.15,11.71,11.71,7.8,7.8,7.8,7.8,7.8,7.8,10.93,12.49,12.49,10.93,7.02,7.02,7.02,7.02
N_19_6,N_20_5,0.910874643916469,1.49,1.49,1.49,1.49,1.49,1.49,2.48,2.48,2.91,2.91,1.82,1.82,1.82,1.82,1.82,1.82,2.7,3.13,3.13,2.7,1.6,1.6,1.6,1.6
N_19_6,N_18_5,14.263512454909284,7.92,7.92,7.92,7.92,7.92,7.92,9.84,9.84,10.7,10.7,8.56,8.56,8.56,8.56,8.56,8.56,10.27,11.13,11.13,10.27,8.13,8.13,8.13,8.13
N_19_7,N_18_6,9.462860073525517,5.25,5.25,5.25,5.25,5.25,5.25,6.53,6.53,7.1,7.1,5.68,5.68,5.68,5.68,5.68,5.68,6.81,7.38,7.38,6.81,5.39,5.39,5.39,5.39
N_19_7,N_17_7,2.251365796967007,3.69,3.69,3.69,3.69,3.69,3.69,6.12,6.12,7.2,7.2,4.5,4.5,4.5,4.5,4.5,4.5,6.66,7.74,7.74,6.66,3.96,3.96,3.96,3.96
N_19_7,N_19_9,5.645532337318169,5.76,5.76,5.76,5.76,5.76,5.76,8.81,8.81,10.16,10.16,6.77,6.77,6.77,6.77,6.77,6.77,9.48,10.84,10.84,9.48,6.1,6.1,6.1,6.1
N_19_7,N_19_8,4.442820320465945,4.53,4.53,4.53,4.53,4.53,4.53,6.93,6.93,8.0,8.0,5.33,5.33,5.33,5.33,5.33,5.33,7.46,8.53,8.53,7.46,4.8,4.8,4.8,4.8
N_19_8,N_19_7,4.442820320465945,4.53,4.53,4.53,4.53,4.53,4.53,6.93,6.93,8.0,8.0,5.33,5.33,5.33,5.33,5.33,5.33,7.46,8.53,8.53,7.46,4.8,4.8,4.8,4.8
N_19_8,N_20_6,5.213707329060183,5.32,5.32,5.32,5.32,5.32,5.32,8.13,8.13,9.38,9.38,6.26,6.26,6.26,6.26,6.26,6.26,8.76,10.01,10.01,8.76,5.63,5.63,5.63,5.63
N_19_8,N_18_7,6.51520422576088,6.65,6.65,6.65,6.65,6.65,6.65,10.16,10.16,11.73,11.73,7.82,7.82,7.82,7.82,7.82,7.82,10.95,12.51,12.51,10.95,7.04,7.04,7.04,7.04
N_19_9,N_17_8,6.639052572599098,6.77,6.77,6.77,6.77,6.77,6.77,10.36,10.36,11.95,11.95,7.97,7.97,7.97,7.97,7.97,7.97,11.15,12.75,12.75,11.15,7.17,7.17,7.17,7.17
N_19_9,N_19_10,10.5383783793427,5.85,5.85,5.85,5.85,5.85,5.85,7.27,7.27,7.9,7.9,6.32,6.32,6.32,6.32,6.32,6.32,7.59,8.22,8.22,7.59,6.01,6.01,6.01,6.01
N_19_9,N_20_11,12.24203217999733,6.79,6.79,6.79,6.79,6.79,6.79,8.45,8.45,9.18,9.18,7.35,7.35,7.35,7.35,7.35,7.35,8.81,9.55,9.55,8.81,6.98,6.98,6.98,6.98
N_19_9,N_17_10,1.922775370671528,3.15,3.15,3.15,3.15,3.15,3.15,5.23,5.23,6.15,6.15,3.85,3.85,3.85,3.85,3.85,3.85,5.69,6.61,6.61,5.69,3.38,3.38,3.38,3.38
N_1_0,N_0_0,4.358541561915107,4.45,4.45,4.45,4.45,4.45,4.45,6.8,6.8,7.85,7.85,5.23,5.23,5.23,5.23,5.23,5.23,7.32,8.37,8.37,7.32,4.71,4.71,4.71,4.71
N_1_0,N_3_0,14.300077379151636,7.94,7.94,7.94,7.94,7.94,7.94,9.87,9.87,10.73,10.73,8.58,8.58,8.58,8.58,8.58,8.58,10.3,11.15,11.15,10.3,8.15,8.15,8.15,8.15
N_1_0,N_3_1,3.501801082645282,3.57,3.57,3.57,3.57,3.57,3.57,5.46,5.46,6.3,6.3,4.2,4.2,4.2,4.2,4.2,4.2,5.88,6.72,6.72,5.88,3.78,3.78,3.78,3.78
N_1_0,N_0_2,3.8406645639443773,3.92,3.92,3.92,3.92,3.92,3.92,5.99,5.99,6.91,6.91,4.61,4.61,4.61,4.61,4.61,4.61,6.45,7.37,7.37,6.45,4.15,4.15,4.15,4.15
N_1_1,N_0_0,3.1488832366495254,3.21,3.21,3.21,3.21,3.21,3.21,4.91,4.91,5.67,5.67,3.78,3.78,3.78,3.78,3.78,3.78,5.29,6.05,6.05,5.29,3.4,3.4,3.4,3.4
N_1_1,N_0_2,5.34770244293953,5.45,5.45,5.45,5.45,5.45,5.45,8.34,8.34,9.63,9.63,6.42,6.42,6.42,6.42,6.42,6.42,8.98,10.27,10.27,8.98,5.78,5.78,5.78,5.78
N_1_1,N_0_3,12.018605594072444,6.67,6.67,6.67,6.67,6.67,6.67,8.29,8.29,9.01,9.01,7.21,7.21,7.21,7.21,7.21,7.21,8.65,9.37,9.37,8.65,6.85,6.85,6.85,6.85
N_1_1,N_2_3,1.4918237562882326,2.45,2.45,2.45,2.45,2.45,2.45,4.06,4.06,4.77,4.77,2.98,2.98,2.98,2.98,2.98,2.98,4.42,5.13,5.13,4.42,2.63,2.63,2.63,2.63
N_1_1,N_2_1,2.304907859729261,3.78,3.78,3.78,3.78,3.78,3.78,6.27,6.27,7.38,7.38,4.61,4.61,4.61,4.61,4.61,4.61,6.82,7.93,7.93,6.82,4.06,4.06,4.06,4.06
N_1_1,N_3_1,14.375035255442834,7.98,7.98,7.98,7.98,7.98,7.98,9.92,9.92,10.78,10.78,8.63,8.63,8.63,8.63,8.63,8.63,10.35,11.21,11.21,10.35,8.19,8.19,8.19,8.19
N_1_10,N_0_10,5.483646974741581,5.59,5.59,5.59,5.59,5.59,5.59,8.55,8.55,9.87,9.87,6.58,6.58,6.58,6.58,6.58,6.58,9.21,10.53,10.53,9.21,5.92,5.92,5.92,5.92
N_1_10,N_0_9,14.913034618560456,8.28,8.28,8.28,8.28,8.28,8.28,10.29,10.29,11.18,11.18,8.95,8.95,8.95,8.95,8.95,8.95,10.74,11.63,11.63,10.74,8.5,8.5,8.5,8.5
N_1_10,N_1_11,14.441299697397879,8.01,8.01,8.01,8.01,8.01,8.01,9.96,9.96,10.83,10.83,8.66,8.66,8.66,8.66,8.66,8.66,10.4,11.26,11.26,10.4,8.23,8.23,8.23,8.23
N_1_10,N_3_10,9.212986859094208,5.11,5.11,5.11,5.11,5.11,5.11,6.36,6.36,6.91,6.91,5.53,5.53,5.53,5.53,5.53,5.53,6.63,7.19,7.19,6.63,5.25,5.25,5.25,5.25
N_1_11,N_1_10,14.441299697397879,8.01,8.01,8.01,8.01,8.01,8.01,9.96,9.96,10.83,10.83,8.66,8.66,8.66,8.66,8.66,8.66,10.4,11.26,11.26,10.4,8.23,8.23,8.23,8.23
N_1_11,N_2_9,1.671685209155326,2.74,2.74,2.74,2.74,2.74,2.74,4.55,4.55,5.35,5.35,3.34,3.34,3.34,3.34,3.34,3.34,4.95,5.75,5.75,4.95,2.94,2.94,2.94,2.94
N_1_11,N_3_11,5.636552632332755,5.75,5.75,5.75,5.75,5.75,5.75,8.79,8.79,10.15,10.15,6.76,6.76,6.76,6.76,6.76,6.76,9.47,10.82,10.82,9.47,6.09,6.09,6.09,6.09
N_1_12,N_3_13,0.9794746087321844,1.61,1.61,1.61,1.61,1.61,1.61,2.66,2.66,3.13,3.13,1.96,1.96,1.96,1.96,1.96,1.96,2.9,3.37,3.37,2.9,1.72,1.72,1.72,1.72
N_1_12,N_2_11,2.1966506367524175,3.6,3.6,3.6,3.6,3.6,3.6,5.97,5.97,7.03,7.03,4.39,4.39,4.39,4.39,4.39,4.39,6.5,7.56,7.56,6.5,3.87,3.87,3.87,3.87
N_1_12,N_0_13,3.822798814402875,3.9,3.9,3.9,3.9,3.9,3.9,5.96,5.96,6.88,6.88,4.59,4.59,4.59,4.59,4.59,4.59,6.42,7.34,7.34,6.42,4.13,4.13,4.13,4.13
N_1_13,N_1_12,13.133351255066554,7.29,7.29,7.29,7.29,7.29,7.29,9.06,9.06,9.85,9.85,7.88,7.88,7.88,7.88,7.88,7.88,9.46,10.24,10.24,9.46,7.49,7.49,7.49,7.49
N_1_13,N_3_13,12.019750220746605,6.67,6.67,6.67,6.67,6.67,6.67,8.29,8.29,9.01,9.01,7.21,7.21,7.21,7.21,7.21,7.21,8.65,9.38,9.38,8.65,6.85,6.85,6.85,6.85
N_1_13,N_0_12,11.653803448130398,6.47,6.47,6.47,6.47,6.47,6.47,8.04,8.04,8.74,8.74,6.99,6.99,6.99,6.99,6.99,6.99,8.39,9.09,9.09,8.39,6.64,6.64,6.64,6.64
N_1_13,N_3_12,6.750703314148575,6.89,6.89,6.89,6.89,6.89,6.89,10.53,10.53,12.15,12.15,8.1,8.1,8.1,8.1,8.1,8.1,11.34,12.96,12.96,11.34,7.29,7.29,7.29,7.29
N_1_13,N_1_11,0.8661653260911486,1.42,1.42,1.42,1.42,1.42,1.42,2.36,2.36,2.77,2.77,1.73,1.73,1.73,1.73,1.73,1.73,2.56,2.98,2.98,2.56,1.52,1.52,1.52,1.52
N_1_13,N_1_15,4.818502718413825,4.91,4.91,4.91,4.91,4.91,4.91,7.52,7.52,8.67,8.67,5.78,5.78,5.78,5.78,5.78,5.78,8.1,9.25,9.25,8.1,5.2,5.2,5.2,5.2
N_1_13,N_0_15,4.14274992017983,4.23,4.23,4.23,4.23,4.23,4.23,6.46,6.46,7.46,7.46,4.97,4.97,4.97,4.97,4.97,4.97,6.96,7.95,7.95,6.96,4.47,4.47,4.47,4.47
N_1_14,N_0_13,3.562082687159234,3.63,3.63,3.63,3.63,3.63,3.63,5.56,5.56,6.41,6.41,4.27,4.27,4.27,4.27,4.27,4.27,5.98,6.84,6.84,5.98,3.85,3.85,3.85,3.85
N_1_14,N_0_16,2.395624354554174,3.93,3.93,3.93,3.93,3.93,3.93,6.52,6.52,7.67,7.67,4.79,4.79,4.79,4.79,4.79,4.79,7.09,8.24,8.24,7.09,4.22,4.22,4.22,4.22
N_1_14,N_2_14,12.857788851613176,7.14,7.14,7.14,7.14,7.14,7.14,8.87,8.87,9.64,9.64,7.71,7.71,7.71,7.71,7.71,7.71,9.26,10.03,10.03,9.26,7.33,7.33,7.33,7.33
N_1_14,N_1_13,4.680171445006534,4.77,4.77,4.77,4.77,4.77,4.77,7.3,7.3,8.42,8.42,5.62,5.62,5.62,5.62,5.62,5.62,7.86,8.99,8.99,7.86,5.05,5.05,5.05,5.05
N_1_15,N_0_14,14.235925124149299,7.9,7.9,7.9,7.9,7.9,7.9,9.82,9.82,10.68,10.68,8.54,8.54,8.54,8.54,8.54,8.54,10.25,11.1,11.1,10.25,8.11,8.11,8.11,8.11
N_1_15,N_3_14,10.85024424377455,6.02,6.02,6.02,6.02,6.02,6.02,7.49,7.49,8.14,8.14,6.51,6.51,6.51,6.51,6.51,6.51,7.81,8.46,8.46,7.81,6.18,6.18,6.18,6.18
N_1_15,N_0_13,1.683603557807895,2.76,2.76,2.76,2.76,2.76,2.76,4.58,4.58,5.39,5.39,3.37,3.37,3.37,3.37,3.37,3.37,4.98,5.79,5.79,4.98,2.96,2.96,2.96,2.96
N_1_15,N_1_17,4.798539342699204,4.89,4.89,4.89,4.89,4.89,4.89,7.49,7.49,8.64,8.64,5.76,5.76,5.76,5.76,5.76,5.76,8.06,9.21,9.21,8.06,5.18,5.18,5.18,5.18
N_1_16,N_0_15,3.429905816234769,3.5,3.5,3.5,3.5,3.5,3.5,5.35,5.35,6.17,6.17,4.12,4.12,4.12,4.12,4.12,4.12,5.76,6.59,6.59,5.76,3.7,3.7,3.7,3.7
N_1_16,N_2_16,10.66704491183552,5.92,5.92,5.92,5.92,5.92,5.92,7.36,7.36,8.0,8.0,6.4,6.4,6.4,6.4,6.4,6.4,7.68,8.32,8.32,7.68,6.08,6.08,6.08,6.08
N_1_17,N_0_19,8.989994254251437,4.99,4.99,4.99,4.99,4.99,4.99,6.2,6.2,6.74,6.74,5.39,5.39,5.39,5.39,5.39,5.39,6.47,7.01,7.01,6.47,5.12,5.12,5.12,5.12
N_1_17,N_1_15,4.798539342699204,4.89,4.89,4.89,4.89,4.89,4.89,7.49,7.49,8.64,8.64,5.76,5.76,5.76,5.76,5.76,5.76,8.06,9.21,9.21,8.06,5.18,5.18,5.18,5.18
N_1_17,N_2_18,4.011218721755606,4.09,4.09,4.09,4.09,4.09,4.09,6.26,6.26,7.22,7.22,4.81,4.81,4.81,4.81,4.81,4.81,6.74,7.7,7.7,6.74,4.33,4.33,4.33,4.33
N_1_17,N_2_15,4.231711269811962,4.32,4.32,4.32,4.32,4.32,4.32,6.6,6.6,7.62,7.62,5.08,5.08,5.08,5.08,5.08,5.08,7.11,8.12,8.12,7.11,4.57,4.57,4.57,4.57
N_1_17,N_0_18,11.249021031689017,6.24,6.24,6.24,6.24,6.24,6.24,7.76,7.76,8.44,8.44,6.75,6.75,6.75,6.75,6.75,6.75,8.1,8.77,8.77,8.1,6.41,6.41,6.41,6.41
N_1_18,N_2_19,11.14593717789741,6.19,6.19,6.19,6.19,6.19,6.19,7.69,7.69,8.36,8.36,6.69,6.69,6.69,6.69,6.69,6.69,8.03,8.69,8.69,8.03,6.35,6.35,6.35,6.35
N_1_18,N_3_17,0.8361331149897231,1.37,1.37,1.37,1.37,1.37,1.37,2.27,2.27,2.68,2.68,1.67,1.67,1.67,1.67,1.67,1.67,2.47,2.88,2.88,2.47,1.47,1.47,1.47,1.47
N_1_18,N_0_16,1.0123586141306622,1.66,1.66,1.66,1.66,1.66,1.66,2.75,2.75,3.24,3.24,2.02,2.02,2.02,2.02,2.02,2.02,3.0,3.48,3.48,3.0,1.78,1.78,1.78,1.78
N_1_19,N_0_18,4.087591361938303,4.17,4.17,4.17,4.17,4.17,4.17,6.38,6.38,7.36,7.36,4.91,4.91,4.91,4.91,4.91,4.91,6.87,7.85,7.85,6.87,4.41,4.41,4.41,4.41
N_1_19,N_0_20,14.523611478173867,8.06,8.06,8.06,8.06,8.06,8.06,10.02,10.02,10.89,10.89,8.71,8.71,8.71,8.71,8.71,8.71,10.46,11.33,11.33,10.46,8.28,8.28,8.28,8.28
N_1_19,N_1_17,13.91713738714407,7.72,7.72,7.72,7.72,7.72,7.72,9.6,9.6,10.44,10.44,8.35,8.35,8.35,8.35,8.35,8.35,10.02,10.86,10.86,10.02,7.93,7.93,7.93,7.93
N_1_19,N_2_21,6.451907797619009,6.58,6.58,6.58,6.58,6.58,6.58,10.06,10.06,11.61,11.61,7.74,7.74,7.74,7.74,7.74,7.74,10.84,12.39,12.39,10.84,6.97,6.97,6.97,6.97
N_1_2,N_0_0,5.2784514506936375,5.38,5.38,5.38,5.38,5.38,5.38,8.23,8.23,9.5,9.5,6.33,6.33,6.33,6.33,6.33,6.33,8.87,10.13,10.13,8.87,5.7,5.7,5.7,5.7
N_1_2,N_0_1,2.35263576925384,3.86,3.86,3.86,3.86,3.86,3.86,6.4,6.4,7.53,7.53,4.71,4.71,4.71,4.71,4.71,4.71,6.96,8.09,8.09,6.96,4.14,4.14,4.14,4.14
N_1_2,N_0_2,4.829486226649215,4.93,4.93,4.93,4.93,4.93,4.93,7.53,7.53,8.69,8.69,5.8,5.8,5.8,5.8,5.8,5.8,8.11,9.27,9.27,8.11,5.22,5.22,5.22,5.22
N_1_20,N_0_20,6.239364779759545,6.36,6.36,6.36,6.36,6.36,6.36,9.73,9.73,11.23,11.23,7.49,7.49,7.49,7.49,7.49,7.49,10.48,11.98,11.98,10.48,6.74,6.74,6.74,6.74
N_1_20,N_0_22,4.985186926650992,5.08,5.08,5.08,5.08,5.08,5.08,7.78,7.78,8.97,8.97,5.98,5.98,5.98,5.98,5.98,5.98,8.38,9.57,9.57,8.38,5.38,5.38,5.38,5.38
N_1_21,N_0_23,5.751563712997967,5.87,5.87,5.87,5.87,5.87,5.87,8.97,8.97,10.35,10.35,6.9,6.9,6.9,6.9,6.9,6.9,9.66,11.04,11.04,9.66,6.21,6.21,6.21,6.21
N_1_21,N_3_22,1.7986024472891966,2.95,2.95,2.95,2.95,2.95,2.95,4.89,4.89,5.76,5.76,3.6,3.6,3.6,3.6,3.6,3.6,5.32,6.19,6.19,5.32,3.17,3.17,3.17,3.17
N_1_21,N_2_21,8.683598017735427,4.82,4.82,4.82,4.82,4.82,4.82,5.99,5.99,6.51,6.51,5.21,5.21,5.21,5.21,5.21,5.21,6.25,6.77,6.77,6.25,4.95,4.95,4.95,4.95
N_1_21,N_1_19,5.418647619880611,5.53,5.53,5.53,5.53,5.53,5.53,8.45,8.45,9.75,9.75,6.5,6.5,6.5,6.5,6.5,6.5,9.1,10.4,10.4,9.1,5.85,5.85,5.85,5.85
N_1_22,N_0_23,6.622817252946579,6.76,6.76,6.76,6.76,6.76,6.76,10.33,10.33,11.92,11.92,7.95,7.95,7.95,7.95,7.95,7.95,11.13,12.72,12.72,11.13,7.15,7.15,7.15,7.15
N_1_22,N_1_20,11.709051381270113,6.5,6.5,6.5,6.5,6.5,6.5,8.08,8.08,8.78,8.78,7.03,7.03,7.03,7.03,7.03,7.03,8.43,9.13,9.13,8.43,6.67,6.67,6.67,6.67
N_1_23,N_0_21,12.335172812388446,6.85,6.85,6.85,6.85,6.85,6.85,8.51,8.51,9.25,9.25,7.4,7.4,7.4,7.4,7.4,7.4,8.88,9.62,9.62,8.88,7.03,7.03,7.03,7.03
N_1_23,N_0_23,4.671398784306893,4.76,4.76,4.76,4.76,4.76,4.76,7.29,7.29,8.41,8.41,5.61,5.61,5.61,5.61,5.61,5.61,7.85,8.97,8.97,7.85,5.05,5.05,5.05,5.05
N_1_23,N_1_24,5.009433759252126,5.11,5.11,5.11,5.11,5.11,5.11,7.81,7.81,9.02,9.02,6.01,6.01,6.01,6.01,6.01,6.01,8.42,9.62,9.62,8.42,5.41,5.41,5.41,5.41
N_1_23,N_1_25,6.170798963606202,6.29,6.29,6.29,6.29,6.29,6.29,9.63,9.63,11.11,11.11,7.4,7.4,7.4,7.4,7.4,7.4,10.37,11.85,11.85,10.37,6.66,6.66,6.66,6.66
N_1_23,N_0_24,1.6402727155222654,2.69,2.69,2.69,2.69,2.69,2.69,4.46,4.46,5.25,5.25,3.28,3.28,3.28,3.28,3.28,3.28,4.86,5.64,5.64,4.86,2.89,2.89,2.89,2.89
N_1_24,N_1_23,5.009433759252126,5.11,5.11,5.11,5.11,5.11,5.11,7.81,7.81,9.02,9.02,6.01,6.01,6.01,6.01,6.01,6.01,8.42,9.62,9.62,8.42,5.41,5.41,5.41,5.41
N_1_24,N_1_25,3.1407354666613108,3.2,3.2,3.2,3.2,3.2,3.2,4.9,4.9,5.65,5.65,3.77,3.77,3.77,3.77,3.77,3.77,5.28,6.03,6.03,5.28,3.39,3.39,3.39,3.39
N_1_25,N_0_26,3.9978761969036065,4.08,4.08,4.08,4.08,4.08,4.08,6.24,6.24,7.2,7.2,4.8,4.8,4.8,4.8,4.8,4.8,6.72,7.68,7.68,6.72,4.32,4.32,4.32,4.32
N_1_25,N_1_23,6.170798963606202,6.29,6.29,6.29,6.29,6.29,6.29,9.63,9.63,11.11,11.11,7.4,7.4,7.4,7.4,7.4,7.4,10.37,11.85,11.85,10.37,6.66,6.66,6.66,6.66
N_1_25,N_1_24,3.1407354666613108,3.2,3.2,3.2,3.2,3.2,3.2,4.9,4.9,5.65,5.65,3.77,3.77,3.77,3.77,3.77,3.77,5.28,6.03,6.03,5.28,3.39,3.39,3.39,3.39
N_1_25,N_0_23,5.965549134696655,6.08,6.08,6.08,6.08,6.08,6.08,9.31,9.31,10.74,10.74,7.16,7.16,7.16,7.16,7.16,7.16,10.02,11.45,11.45,10.02,6.44,6.44,6.44,6.44
N_1_26,N_0_24,6.28129350109572,6.41,6.41,6.41,6.41,6.41,6.41,9.8,9.8,11.31,11.31,7.54,7.54,7.54,7.54,7.54,7.54,10.55,12.06,12.06,10.55,6.78,6.78,6.78,6.78
N_1_26,N_0_27,4.914994426090602,5.01,5.01,5.01,5.01,5.01,5.01,7.67,7.67,8.85,8.85,5.9,5.9,5.9,5.9,5.9,5.9,8.26,9.44,9.44,8.26,5.31,5.31,5.31,5.31
N_1_27,N_0_25,10.10616448866913,5.61,5.61,5.61,5.61,5.61,5.61,6.97,6.97,7.58,7.58,6.06,6.06,6.06,6.06,6.06,6.06,7.28,7.88,7.88,7.28,5.76,5.76,5.76,5.76
N_1_27,N_0_27,5.328769392422222,5.44,5.44,5.44,5.44,5.44,5.44,8.31,8.31,9.59,9.59,6.39,6.39,6.39,6.39,6.39,6.39,8.95,10.23,10.23,8.95,5.76,5.76,5.76,5.76
N_1_28,N_0_28,2.0001354004335434,3.28,3.28,3.28,3.28,3.28,3.28,5.44,5.44,6.4,6.4,4.0,4.0,4.0,4.0,4.0,4.0,5.92,6.88,6.88,5.92,3.52,3.52,3.52,3.52
N_1_28,N_0_29,4.972424371896778,5.07,5.07,5.07,5.07,5.07,5.07,7.76,7.76,8.95,8.95,5.97,5.97,5.97,5.97,5.97,5.97,8.35,9.55,9.55,8.35,5.37,5.37,5.37,5.37
N_1_29,N_0_27,5.534384765597654,5.65,5.65,5.65,5.65,5.65,5.65,8.63,8.63,9.96,9.96,6.64,6.64,6.64,6.64,6.64,6.64,9.3,10.63,10.63,9.3,5.98,5.98,5.98,5.98
N_1_29,N_2_28,3.406088765342073,3.47,3.47,3.47,3.47,3.47,3.47,5.31,5.31,6.13,6.13,4.09,4.09,4.09,4.09,4.09,4.09,5.72,6.54,6.54,5.72,3.68,3.68,3.68,3.68
N_1_29,N_1_31,13.724728055984862,7.62,7.62,7.62,7.62,7.62,7.62,9.47,9.47,10.29,10.29,8.23,8.23,8.23,8.23,8.23,8.23,9.88,10.71,10.71,9.88,7.82,7.82,7.82,7.82
N_1_3,N_0_3,2.4840764347304187,4.07,4.07,4.07,4.07,4.07,4.07,6.76,6.76,7.95,7.95,4.97,4.97,4.97,4.97,4.97,4.97,7.35,8.55,8.55,7.35,4.37,4.37,4.37,4.37
N_1_3,N_0_5,6.771651319132012,6.91,6.91,6.91,6.91,6.91,6.91,10.56,10.56,12.19,12.19,8.13,8.13,8.13,8.13,8.13,8.13,11.38,13.0,13.0,11.38,7.31,7.31,7.31,7.31
N_1_3,N_0_4,6.539352909254498,6.67,6.67,6.67,6.67,6.67,6.67,10.2,10.2,11.77,11.77,7.85,7.85,7.85,7.85,7.85,7.85,10.99,12.56,12.56,10.99,7.06,7.06,7.06,7.06
N_1_3,N_2_4,8.547515590603766,4.74,4.74,4.74,4.74,4.74,4.74,5.9,5.9,6.41,6.41,5.13,5.13,5.13,5.13,5.13,5.13,6.15,6.67,6.67,6.15,4.87,4.87,4.87,4.87
N_1_3,N_2_2,5.1202679782780205,5.22,5.22,5.22,5.22,5.22,5.22,7.99,7.99,9.22,9.22,6.14,6.14,6.14,6.14,6.14,6.14,8.6,9.83,9.83,8.6,5.53,5.53,5.53,5.53
N_1_30,N_0_32,3.143359567001606,3.21,3.21,3.21,3.21,3.21,3.21,4.9,4.9,5.66,5.66,3.77,3.77,3.77,3.77,3.77,3.77,5.28,6.04,6.04,5.28,3.39,3.39,3.39,3.39
N_1_30,N_3_31,2.410459993590009,3.95,3.95,3.95,3.95,3.95,3.95,6.56,6.56,7.71,7.71,4.82,4.82,4.82,4.82,4.82,4.82,7.13,8.29,8.29,7.13,4.24,4.24,4.24,4.24
N_1_30,N_0_30,13.969633968274962,7.75,7.75,7.75,7.75,7.75,7.75,9.64,9.64,10.48,10.48,8.38,8.38,8.38,8.38,8.38,8.38,10.06,10.9,10.9,10.06,7.96,7.96,7.96,7.96
N_1_31,N_2_30,12.180853727692345,6.76,6.76,6.76,6.76,6.76,6.76,8.4,8.4,9.14,9.14,7.31,7.31,7.31,7.31,7.31,7.31,8.77,9.5,9.5,8.77,6.94,6.94,6.94,6.94
N_1_31,N_1_29,8.73800114494092,4.85,4.85,4.85,4.85,4.85,4.85,6.03,6.03,6.55,6.55,5.24,5.24,5.24,5.24,5.24,5.24,6.29,6.82,6.82,6.29,4.98,4.98,4.98,4.98
N_1_32,N_0_30,6.277999720315088,6.4,6.4,6.4,6.4,6.4,6.4,9.79,9.79,11.3,11.3,7.53,7.53,7.53,7.53,7.53,7.53,10.55,12.05,12.05,10.55,6.78,6.78,6.78,6.78
N_1_32,N_1_30,1.0117989688574174,1.66,1.66,1.66,1.66,1.66,1.66,2.75,2.75,3.24,3.24,2.02,2.02,2.02,2.02,2.02,2.02,2.99,3.48,3.48,2.99,1.78,1.78,1.78,1.78
N_1_33,N_0_34,4.010474388070704,4.09,4.09,4.09,4.09,4.09,4.09,6.26,6.26,7.22,7.22,4.81,4.81,4.81,4.81,4.81,4.81,6.74,7.7,7.7,6.74,4.33,4.33,4.33,4.33
N_1_33,N_0_31,5.418528283883871,5.53,5.53,5.53,5.53,5.53,5.53,8.45,8.45,9.75,9.75,6.5,6.5,6.5,6.5,6.5,6.5,9.1,10.4,10.4,9.1,5.85,5.85,5.85,5.85
N_1_34,N_0_32,6.88925858462427,7.03,7.03,7.03,7.03,7.03,7.03,10.75,10.75,12.4,12.4,8.27,8.27,8.27,8.27,8.27,8.27,11.57,13.23,13.23,11.57,7.44,7.44,7.44,7.44
N_1_34,N_0_36,4.589679251014043,4.68,4.68,4.68,4.68,4.68,4.68,7.16,7.16,8.26,8.26,5.51,5.51,5.51,5.51,5.51,5.51,7.71,8.81,8.81,7.71,4.96,4.96,4.96,4.96
N_1_34,N_2_36,1.1815058021394136,1.94,1.94,1.94,1.94,1.94,1.94,3.21,3.21,3.78,3.78,2.36,2.36,2.36,2.36,2.36,2.36,3.5,4.06,4.06,3.5,2.08,2.08,2.08,2.08
N_1_34,N_1_32,11.997018038956773,6.66,6.66,6.66,6.66,6.66,6.66,8.28,8.28,9.0,9.0,7.2,7.2,7.2,7.2,7.2,7.2,8.64,9.36,9.36,8.64,6.84,6.84,6.84,6.84
N_1_35,N_0_33,3.3156121545080963,3.38,3.38,3.38,3.38,3.38,3.38,5.17,5.17,5.97,5.97,3.98,3.98,3.98,3.98,3.98,3.98,5.57,6.37,6.37,5.57,3.58,3.58,3.58,3.58
N_1_35,N_0_37,9.713557429526771,5.39,5.39,5.39,5.39,5.39,5.39,6.7,6.7,7.29,7.29,5.83,5.83,5.83,5.83,5.83,5.83,6.99,7.58,7.58,6.99,5.54,5.54,5.54,5.54
N_1_35,N_2_33,4.815334099800273,4.91,4.91,4.91,4.91,4.91,4.91,7.51,7.51,8.67,8.67,5.78,5.78,5.78,5.78,5.78,5.78,8.09,9.25,9.25,8.09,5.2,5.2,5.2,5.2
N_1_36,N_0_36,4.910908623346405,5.01,5.01,5.01,5.01,5.01,5.01,7.66,7.66,8.84,8.84,5.89,5.89,5.89,5.89,5.89,5.89,8.25,9.43,9.43,8.25,5.3,5.3,5.3,5.3
N_1_36,N_0_37,10.934775908661322,6.07,6.07,6.07,6.07,6.07,6.07,7.54,7.54,8.2,8.2,6.56,6.56,6.56,6.56,6.56,6.56,7.87,8.53,8.53,7.87,6.23,6.23,6.23,6.23
N_1_36,N_3_36,4.5483922955866944,4.64,4.64,4.64,4.64,4.64,4.64,7.1,7.1,8.19,8.19,5.46,5.46,5.46,5.46,5.46,5.46,7.64,8.73,8.73,7.64,4.91,4.91,4.91,4.91
N_1_36,N_1_34,6.696251255844592,6.83,6.83,6.83,6.83,6.83,6.83,10.45,10.45,12.05,12.05,8.04,8.04,8.04,8.04,8.04,8.04,11.25,12.86,12.86,11.25,7.23,7.23,7.23,7.23
N_1_37,N_0_39,10.518837531426088,5.84,5.84,5.84,5.84,5.84,5.84,7.26,7.26,7.89,7.89,6.31,6.31,6.31,6.31,6.31,6.31,7.57,8.2,8.2,7.57,6.0,6.0,6.0,6.0
N_1_37,N_3_37,0.5119345083193989,0.84,0.84,0.84,0.84,0.84,0.84,1.39,1.39,1.64,1.64,1.02,1.02,1.02,1.02,1.02,1.02,1.52,1.76,1.76,1.52,0.9,0.9,0.9,0.9
N_1_37,N_2_36,1.5050657596414356,2.47,2.47,2.47,2.47,2.47,2.47,4.09,4.09,4.82,4.82,3.01,3.01,3.01,3.01,3.01,3.01,4.45,5.18,5.18,4.45,2.65,2.65,2.65,2.65
N_1_37,N_3_38,5.204810605896549,5.31,5.31,5.31,5.31,5.31,5.31,8.12,8.12,9.37,9.37,6.25,6.25,6.25,6.25,6.25,6.25,8.74,9.99,9.99,8.74,5.62,5.62,5.62,5.62
N_1_38,N_0_39,5.0901402952355985,5.19,5.19,5.19,5.19,5.19,5.19,7.94,7.94,9.16,9.16,6.11,6.11,6.11,6.11,6.11,6.11,8.55,9.77,9.77,8.55,5.5,5.5,5.5,5.5
N_1_38,N_2_39,1.5789622853231498,2.59,2.59,2.59,2.59,2.59,2.59,4.29,4.29,5.05,5.05,3.16,3.16,3.16,3.16,3.16,3.16,4.67,5.43,5.43,4.67,2.78,2.78,2.78,2.78
N_1_38,N_0_38,13.934197901590103,7.73,7.73,7.73,7.73,7.73,7.73,9.61,9.61,10.45,10.45,8.36,8.36,8.36,8.36,8.36,8.36,10.03,10.87,10.87,10.03,7.94,7.94,7.94,7.94
N_1_38,N_2_36,14.407157317251016,8.0,8.0,8.0,8.0,8.0,8.0,9.94,9.94,10.81,10.81,8.64,8.64,8.64,8.64,8.64,8.64,10.37,11.24,11.24,10.37,8.21,8.21,8.21,8.21
N_1_39,N_2_38,1.4524386257897945,2.38,2.38,2.38,2.38,2.38,2.38,3.95,3.95,4.65,4.65,2.9,2.9,2.9,2.9,2.9,2.9,4.3,5.0,5.0,4.3,2.56,2.56,2.56,2.56
N_1_39,N_2_39,1.1900190032051812,1.95,1.95,1.95,1.95,1.95,1.95,3.24,3.24,3.81,3.81,2.38,2.38,2.38,2.38,2.38,2.38,3.52,4.09,4.09,3.52,2.09,2.09,2.09,2.09
N_1_39,N_0_38,6.662447401342632,6.8,6.8,6.8,6.8,6.8,6.8,10.39,10.39,11.99,11.99,7.99,7.99,7.99,7.99,7.99,7.99,11.19,12.79,12.79,11.19,7.2,7.2,7.2,7.2
N_1_39,N_0_39,2.282315143331525,3.74,3.74,3.74,3.74,3.74,3.74,6.21,6.21,7.3,7.3,4.56,4.56,4.56,4.56,4.56,4.56,6.76,7.85,7.85,6.76,4.02,4.02,4.02,4.02
N_1_39,N_3_39,3.5201559714786597,3.59,3.59,3.59,3.59,3.59,3.59,5.49,5.49,6.34,6.34,4.22,4.22,4.22,4.22,4.22,4.22,5.91,6.76,6.76,5.91,3.8,3.8,3.8,3.8
N_1_4,N_3_5,11.677193618934682,6.48,6.48,6.48,6.48,6.48,6.48,8.06,8.06,8.76,8.76,7.01,7.01,7.01,7.01,7.01,7.01,8.41,9.11,9.11,8.41,6.66,6.66,6.66,6.66
N_1_4,N_1_6,0.9987928033160536,1.64,1.64,1.64,1.64,1.64,1.64,2.72,2.72,3.2,3.2,2.0,2.0,2.0,2.0,2.0,2.0,2.96,3.44,3.44,2.96,1.76,1.76,1.76,1.76
N_1_4,N_0_5,14.529088050286367,8.06,8.06,8.06,8.06,8.06,8.06,10.03,10.03,10.9,10.9,8.72,8.72,8.72,8.72,8.72,8.72,10.46,11.33,11.33,10.46,8.28,8.28,8.28,8.28
N_1_5,N_0_5,1.756837621882704,2.88,2.88,2.88,2.88,2.88,2.88,4.78,4.78,5.62,5.62,3.51,3.51,3.51,3.51,3.51,3.51,5.2,6.04,6.04,5.2,3.09,3.09,3.09,3.09
N_1_5,N_0_7,9.191727613186478,5.1,5.1,5.1,5.1,5.1,5.1,6.34,6.34,6.89,6.89,5.52,5.52,5.52,5.52,5.52,5.52,6.62,7.17,7.17,6.62,5.24,5.24,5.24,5.24
N_1_6,N_0_4,12.186702464938493,6.76,6.76,6.76,6.76,6.76,6.76,8.41,8.41,9.14,9.14,7.31,7.31,7.31,7.31,7.31,7.31,8.77,9.51,9.51,8.77,6.95,6.95,6.95,6.95
N_1_6,N_2_8,2.4995319720094784,4.1,4.1,4.1,4.1,4.1,4.1,6.8,6.8,8.0,8.0,5.0,5.0,5.0,5.0,5.0,5.0,7.4,8.6,8.6,7.4,4.4,4.4,4.4,4.4
N_1_6,N_2_4,6.422392127340494,6.55,6.55,6.55,6.55,6.55,6.55,10.02,10.02,11.56,11.56,7.71,7.71,7.71,7.71,7.71,7.71,10.79,12.33,12.33,10.79,6.94,6.94,6.94,6.94
N_1_7,N_0_5,8.53168302182194,4.74,4.74,4.74,4.74,4.74,4.74,5.89,5.89,6.4,6.4,5.12,5.12,5.12,5.12,5.12,5.12,6.14,6.65,6.65,6.14,4.86,4.86,4.86,4.86
N_1_7,N_2_9,9.547680047215433,5.3,5.3,5.3,5.3,5.3,5.3,6.59,6.59,7.16,7.16,5.73,5.73,5.73,5.73,5.73,5.73,6.87,7.45,7.45,6.87,5.44,5.44,5.44,5.44
N_1_8,N_2_9,5.18650835598686,5.29,5.29,5.29,5.29,5.29,5.29,8.09,8.09,9.34,9.34,6.22,6.22,6.22,6.22,6.22,6.22,8.71,9.96,9.96,8.71,5.6,5.6,5.6,5.6
N_1_8,N_0_6,0.8214619135833656,1.35,1.35,1.35,1.35,1.35,1.35,2.23,2.23,2.63,2.63,1.64,1.64,1.64,1.64,1.64,1.64,2.43,2.83,2.83,2.43,1.45,1.45,1.45,1.45
N_1_9,N_1_7,14.347388758077763,7.96,7.96,7.96,7.96,7.96,7.96,9.9,9.9,10.76,10.76,8.61,8.61,8.61,8.61,8.61,8.61,10.33,11.19,11.19,10.33,8.18,8.18,8.18,8.18
N_1_9,N_2_10,3.5178610072033507,3.59,3.59,3.59,3.59,3.59,3.59,5.49,5.49,6.33,6.33,4.22,4.22,4.22,4.22,4.22,4.22,5.91,6.75,6.75,5.91,3.8,3.8,3.8,3.8
N_1_9,N_1_10,1.3251348731922636,2.17,2.17,2.17,2.17,2.17,2.17,3.6,3.6,4.24,4.24,2.65,2.65,2.65,2.65,2.65,2.65,3.92,4.56,4.56,3.92,2.33,2.33,2.33,2.33
N_20_0,N_18_1,13.758049632591721,7.64,7.64,7.64,7.64,7.64,7.64,9.49,9.49,10.32,10.32,8.25,8.25,8.25,8.25,8.25,8.25,9.91,10.73,10.73,9.91,7.84,7.84,7.84,7.84
N_20_0,N_19_1,3.4051269503852564,3.47,3.47,3.47,3.47,3.47,3.47,5.31,5.31,6.13,6.13,4.09,4.09,4.09,4.09,4.09,4.09,5.72,6.54,6.54,5.72,3.68,3.68,3.68,3.68
N_20_0,N_19_2,6.473332531484954,6.6,6.6,6.6,6.6,6.6,6.6,10.1,10.1,11.65,11.65,7.77,7.77,7.77,7.77,7.77,7.77,10.88,12.43,12.43,10.88,6.99,6.99,6.99,6.99
N_20_1,N_19_2,3.24384488425861,3.31,3.31,3.31,3.31,3.31,3.31,5.06,5.06,5.84,5.84,3.89,3.89,3.89,3.89,3.89,3.89,5.45,6.23,6.23,5.45,3.5,3.5,3.5,3.5
N_20_1,N_18_1,5.737596535974387,5.85,5.85,5.85,5.85,5.85,5.85,8.95,8.95,10.33,10.33,6.89,6.89,6.89,6.89,6.89,6.89,9.64,11.02,11.02,9.64,6.2,6.2,6.2,6.2
N_20_1,N_20_2,10.097251682705377,5.6,5.6,5.6,5.6,5.6,5.6,6.97,6.97,7.57,7.57,6.06,6.06,6.06,6.06,6.06,6.06,7.27,7.88,7.88,7.27,5.76,5.76,5.76,5.76
N_20_1,N_21_1,8.194843258930906,4.55,4.55,4.55,4.55,4.55,4.55,5.65,5.65,6.15,6.15,4.92,4.92,4.92,4.92,4.92,4.92,5.9,6.39,6.39,5.9,4.67,4.67,4.67,4.67
N_20_1,N_22_0,3.5280088044006512,3.6,3.6,3.6,3.6,3.6,3.6,5.5,5.5,6.35,6.35,4.23,4.23,4.23,4.23,4.23,4.23,5.93,6.77,6.77,5.93,3.81,3.81,3.81,3.81
N_20_10,N_20_8,4.00337080651083,4.08,4.08,4.08,4.08,4.08,4.08,6.25,6.25,7.21,7.21,4.8,4.8,4.8,4.8,4.8,4.8,6.73,7.69,7.69,6.73,4.32,4.32,4.32,4.32
N_20_10,N_19_9,4.171977483855764,4.26,4.26,4.26,4.26,4.26,4.26,6.51,6.51,7.51,7.51,5.01,5.01,5.01,5.01,5.01,5.01,7.01,8.01,8.01,7.01,4.51,4.51,4.51,4.51
N_20_10,N_19_10,5.507805022195886,5.62,5.62,5.62,5.62,5.62,5.62,8.59,8.59,9.91,9.91,6.61,6.61,6.61,6.61,6.61,6.61,9.25,10.57,10.57,9.25,5.95,5.95,5.95,5.95
N_20_11,N_22_11,9.6329878176093,5.35,5.35,5.35,5.35,5.35,5.35,6.65,6.65,7.22,7.22,5.78,5.78,5.78,5.78,5.78,5.78,6.94,7.51,7.51,6.94,5.49,5.49,5.49,5.49
N_20_11,N_21_10,3.7857748221392273,3.86,3.86,3.86,3.86,3.86,3.86,5.91,5.91,6.81,6.81,4.54,4.54,4.54,4.54,4.54,4.54,6.36,7.27,7.27,6.36,4.09,4.09,4.09,4.09
N_20_12,N_19_11,5.552130826409259,5.66,5.66,5.66,5.66,5.66,5.66,8.66,8.66,9.99,9.99,6.66,6.66,6.66,6.66,6.66,6.66,9.33,10.66,10.66,9.33,6.0,6.0,6.0,6.0
N_20_12,N_20_14,5.011781556489105,5.11,5.11,5.11,5.11,5.11,5.11,7.82,7.82,9.02,9.02,6.01,6.01,6.01,6.01,6.01,6.01,8.42,9.62,9.62,8.42,5.41,5.41,5.41,5.41
N_20_13,N_18_13,6.147709650877648,6.27,6.27,6.27,6.27,6.27,6.27,9.59,9.59,11.07,11.07,7.38,7.38,7.38,7.38,7.38,7.38,10.33,11.8,11.8,10.33,6.64,6.64,6.64,6.64
N_20_13,N_18_14,3.876590458438907,3.95,3.95,3.95,3.95,3.95,3.95,6.05,6.05,6.98,6.98,4.65,4.65,4.65,4.65,4.65,4.65,6.51,7.44,7.44,6.51,4.19,4.19,4.19,4.19
N_20_14,N_18_13,4.596002753017593,4.69,4.69,4.69,4.69,4.69,4.69,7.17,7.17,8.27,8.27,5.52,5.52,5.52,5.52,5.52,5.52,7.72,8.82,8.82,7.72,4.96,4.96,4.96,4.96
N_20_14,N_19_16,5.76347798583228,5.88,5.88,5.88,5.88,5.88,5.88,8.99,8.99,10.37,10.37,6.92,6.92,6.92,6.92,6.92,6.92,9.68,11.07,11.07,9.68,6.22,6.22,6.22,6.22
N_20_14,N_20_12,5.011781556489105,5.11,5.11,5.11,5.11,5.11,5.11,7.82,7.82,9.02,9.02,6.01,6.01,6.01,6.01,6.01,6.01,8.42,9.62,9.62,8.42,5.41,5.41,5.41,5.41
N_20_14,N_21_13,11.574409827628516,6.42,6.42,6.42,6.42,6.42,6.42,7.99,7.99,8.68,8.68,6.94,6.94,6.94,6.94,6.94,6.94,8.33,9.03,9.03,8.33,6.6,6.6,6.6,6.6
N_20_15,N_18_16,1.8200986143164455,2.98,2.98,2.98,2.98,2.98,2.98,4.95,4.95,5.82,5.82,3.64,3.64,3.64,3.64,3.64,3.64,5.39,6.26,6.26,5.39,3.2,3.2,3.2,3.2
N_20_15,N_19_17,4.923642512270508,5.02,5.02,5.02,5.02,5.02,5.02,7.68,7.68,8.86,8.86,5.91,5.91,5.91,5.91,5.91,5.91,8.27,9.45,9.45,8.27,5.32,5.32,5.32,5.32
N_20_15,N_19_16,13.26933670082588,7.36,7.36,7.36,7.36,7.36,7.36,9.16,9.16,9.95,9.95,7.96,7.96,7.96,7.96,7.96,7.96,9.55,10.35,10.35,9.55,7.56,7.56,7.56,7.56
N_20_15,N_22_14,5.947899129416422,6.07,6.07,6.07,6.07,6.07,6.07,9.28,9.28,10.71,10.71,7.14,7.14,7.14,7.14,7.14,7.14,9.99,11.42,11.42,9.99,6.42,6.42,6.42,6.42
N_20_16,N_18_15,14.462552456391297,8.03,8.03,8.03,8.03,8.03,8.03,9.98,9.98,10.85,10.85,8.68,8.68,8.68,8.68,8.68,8.68,10.41,11.28,11.28,10.41,8.24,8.24,8.24,8.24
N_20_16,N_19_18,13.373626296671052,7.42,7.42,7.42,7.42,7.42,7.42,9.23,9.23,10.03,10.03,8.02,8.02,8.02,8.02,8.02,8.02,9.63,10.43,10.43,9.63,7.62,7.62,7.62,7.62
N_20_17,N_18_16,0.665251245099689,1.09,1.09,1.09,1.09,1.09,1.09,1.81,1.81,2.13,2.13,1.33,1.33,1.33,1.33,1.33,1.33,1.97,2.29,2.29,1.97,1.17,1.17,1.17,1.17
N_20_17,N_19_17,4.85960599343813,4.96,4.96,4.96,4.96,4.96,4.96,7.58,7.58,8.75,8.75,5.83,5.83,5.83,5.83,5.83,5.83,8.16,9.33,9.33,8.16,5.25,5.25,5.25,5.25
N_20_17,N_18_17,3.2979552957935265,3.36,3.36,3.36,3.36,3.36,3.36,5.14,5.14,5.94,5.94,3.96,3.96,3.96,3.96,3.96,3.96,5.54,6.33,6.33,5.54,3.56,3.56,3.56,3.56
N_20_17,N_19_15,4.802816945460081,4.9,4.9,4.9,4.9,4.9,4.9,7.49,7.49,8.65,8.65,5.76,5.76,5.76,5.76,5.76,5.76,8.07,9.22,9.22,8.07,5.19,5.19,5.19,5.19
N_20_17,N_22_17,3.3493174937202204,3.42,3.42,3.42,3.42,3.42,3.42,5.22,5.22,6.03,6.03,4.02,4.02,4.02,4.02,4.02,4.02,5.63,6.43,6.43,5.63,3.62,3.62,3.62,3.62
N_20_18,N_22_17,5.6850247684443875,5.8,5.8,5.8,5.8,5.8,5.8,8.87,8.87,10.23,10.23,6.82,6.82,6.82,6.82,6.82,6.82,9.55,10.92,10.92,9.55,6.14,6.14,6.14,6.14
N_20_18,N_20_17,0.6375892868431496,1.05,1.05,1.05,1.05,1.05,1.05,1.73,1.73,2.04,2.04,1.28,1.28,1.28,1.28,1.28,1.28,1.89,2.19,2.19,1.89,1.12,1.12,1.12,1.12
N_20_19,N_19_17,9.28093622437414,5.15,5.15,5.15,5.15,5.15,5.15,6.4,6.4,6.96,6.96,5.57,5.57,5.57,5.57,5.57,5.57,6.68,7.24,7.24,6.68,5.29,5.29,5.29,5.29
N_20_19,N_18_20,4.534547849157859,4.63,4.63,4.63,4.63,4.63,4.63,7.07,7.07,8.16,8.16,5.44,5.44,5.44,5.44,5.44,5.44,7.62,8.71,8.71,7.62,4.9,4.9,4.9,4.9
N_20_19,N_20_21,11.890507938377535,6.6,6.6,6.6,6.6,6.6,6.6,8.2,8.2,8.92,8.92,7.13,7.13,7.13,7.13,7.13,7.13,8.56,9.27,9.27,8.56,6.78,6.78,6.78,6.78
N_20_19,N_18_18,3.49536983315087,3.57,3.57,3.57,3.57,3.57,3.57,5.45,5.45,6.29,6.29,4.19,4.19,4.19,4.19,4.19,4.19,5.87,6.71,6.71,5.87,3.77,3.77,3.77,3.77
N_20_19,N_22_19,4.415933590137783,4.5,4.5,4.5,4.5,4.5,4.5,6.89,6.89,7.95,7.95,5.3,5.3,5.3,5.3,5.3,5.3,7.42,8.48,8.48,7.42,4.77,4.77,4.77,4.77
N_20_2,N_20_1,10.097251682705377,5.6,5.6,5.6,5.6,5.6,5.6,6.97,6.97,7.57,7.57,6.06,6.06,6.06,6.06,6.06,6.06,7.27,7.88,7.88,7.27,5.76,5.76,5.76,5.76
N_20_2,N_18_2,2.432261193327886,3.99,3.99,3.99,3.99,3.99,3.99,6.62,6.62,7.78,7.78,4.86,4.86,4.86,4.86,4.86,4.86,7.2,8.37,8.37,7.2,4.28,4.28,4.28,4.28
N_20_20,N_19_18,3.7573747921238674,3.83,3.83,3.83,3.83,3.83,3.83,5.86,5.86,6.76,6.76,4.51,4.51,4.51,4.51,4.51,4.51,6.31,7.21,7.21,6.31,4.06,4.06,4.06,4.06
N_20_20,N_19_22,4.745163903693163,4.84,4.84,4.84,4.84,4.84,4.84,7.4,7.4,8.54,8.54,5.69,5.69,5.69,5.69,5.69,5.69,7.97,9.11,9.11,7.97,5.12,5.12,5.12,5.12
N_20_20,N_18_19,10.552208189955389,5.86,5.86,5.86,5.86,5.86,5.86,7.28,7.28,7.91,7.91,6.33,6.33,6.33,6.33,6.33,6.33,7.6,8.23,8.23,7.6,6.01,6.01,6.01,6.01
N_20_20,N_21_20,3.22089755205681,3.29,3.29,3.29,3.29,3.29,3.29,5.02,5.02,5.8,5.8,3.87,3.87,3.87,3.87,3.87,3.87,5.41,6.18,6.18,5.41,3.48,3.48,3.48,3.48
N_20_21,N_19_21,3.565981948771297,3.64,3.64,3.64,3.64,3.64,3.64,5.56,5.56,6.42,6.42,4.28,4.28,4.28,4.28,4.28,4.28,5.99,6.85,6.85,5.99,3.85,3.85,3.85,3.85
N_20_21,N_21_23,2.3176315583021756,3.8,3.8,3.8,3.8,3.8,3.8,6.3,6.3,7.42,7.42,4.64,4.64,4.64,4.64,4.64,4.64,6.86,7.97,7.97,6.86,4.08,4.08,4.08,4.08
N_20_22,N_21_21,13.26803476338457,7.36,7.36,7.36,7.36,7.36,7.36,9.15,9.15,9.95,9.95,7.96,7.96,7.96,7.96,7.96,7.96,9.55,10.35,10.35,9.55,7.56,7.56,7.56,7.56
N_20_22,N_20_21,4.024395204037189,4.1,4.1,4.1,4.1,4.1,4.1,6.28,6.28,7.24,7.24,4.83,4.83,4.83,4.83,4.83,4.83,6.76,7.73,7.73,6.76,4.35,4.35,4.35,4.35
N_20_23,N_20_25,4.764879729486589,4.86,4.86,4.86,4.86,4.86,4.86,7.43,7.43,8.58,8.58,5.72,5.72,5.72,5.72,5.72,5.72,8.0,9.15,9.15,8.0,5.15,5.15,5.15,5.15
N_20_23,N_21_24,5.8292018203908675,5.95,5.95,5.95,5.95,5.95,5.95,9.09,9.09,10.49,10.49,7.0,7.0,7.0,7.0,7.0,7.0,9.79,11.19,11.19,9.79,6.3,6.3,6.3,6.3
N_20_23,N_20_22,1.0787768980244967,1.77,1.77,1.77,1.77,1.77,1.77,2.93,2.93,3.45,3.45,2.16,2.16,2.16,2.16,2.16,2.16,3.19,3.71,3.71,3.19,1.9,1.9,1.9,1.9
N_20_23,N_19_25,1.4447464902882732,2.37,2.37,2.37,2.37,2.37,2.37,3.93,3.93,4.62,4.62,2.89,2.89,2.89,2.89,2.89,2.89,4.28,4.97,4.97,4.28,2.54,2.54,2.54,2.54
N_20_24,N_19_23,10.887557598492075,6.04,6.04,6.04,6.04,6.04,6.04,7.51,7.51,8.17,8.17,6.53,6.53,6.53,6.53,6.53,6.53,7.84,8.49,8.49,7.84,6.21,6.21,6.21,6.21
N_20_24,N_22_25,11.42983711541208,6.34,6.34,6.34,6.34,6.34,6.34,7.89,7.89,8.57,8.57,6.86,6.86,6.86,6.86,6.86,6.86,8.23,8.92,8.92,8.23,6.52,6.52,6.52,6.52
N_20_24,N_20_25,4.346169334178113,4.43,4.43,4.43,4.43,4.43,4.43,6.78,6.78,7.82,7.82,5.22,5.22,5.22,5.22,5.22,5.22,7.3,8.34,8.34,7.3,4.69,4.69,4.69,4.69
N_20_24,N_19_22,4.645005420435687,4.74,4.74,4.74,4.74,4.74,4.74,7.25,7.25,8.36,8.36,5.57,5.57,5.57,5.57,5.57,5.57,7.8,8.92,8.92,7.8,5.02,5.02,5.02,5.02
N_20_24,N_22_23,9.44807537021012,5.24,5.24,5.24,5.24,5.24,5.24,6.52,6.52,7.09,7.09,5.67,5.67,5.67,5.67,5.67,5.67,6.8,7.37,7.37,6.8,5.39,5.39,5.39,5.39
N_20_24,N_20_23,13.123367216053243,7.28,7.28,7.28,7.28,7.28,7.28,9.06,9.06,9.84,9.84,7.87,7.87,7.87,7.87,7.87,7.87,9.45,10.24,10.24,9.45,7.48,7.48,7.48,7.48
N_20_24,N_18_25,5.179336290576819,5.28,5.28,5.28,5.28,5.28,5.28,8.08,8.08,9.32,9.32,6.22,6.22,6.22,6.22,6.22,6.22,8.7,9.94,9.94,8.7,5.59,5.59,5.59,5.59
N_20_25,N_20_23,4.764879729486589,4.86,4.86,4.86,4.86,4.86,4.86,7.43,7.43,8.58,8.58,5.72,5.72,5.72,5.72,5.72,5.72,8.0,9.15,9.15,8.0,5.15,5.15,5.15,5.15
N_20_25,N_21_24,4.468051623496517,4.56,4.56,4.56,4.56,4.56,4.56,6.97,6.97,8.04,8.04,5.36,5.36,5.36,5.36,5.36,5.36,7.51,8.58,8.58,7.51,4.83,4.83,4.83,4.83
N_20_25,N_19_25,5.21860817096902,5.32,5.32,5.32,5.32,5.32,5.32,8.14,8.14,9.39,9.39,6.26,6.26,6.26,6.26,6.26,6.26,8.77,10.02,10.02,8.77,5.64,5.64,5.64,5.64
N_20_25,N_22_25,1.8999405903522086,3.12,3.12,3.12,3.12,3.12,3.12,5.17,5.17,6.08,6.08,3.8,3.8,3.8,3.8,3.8,3.8,5.62,6.54,6.54,5.62,3.34,3.34,3.34,3.34
N_20_25,N_22_24,6.789800102606577,6.93,6.93,6.93,6.93,6.93,6.93,10.59,10.59,12.22,12.22,8.15,8.15,8.15,8.15,8.15,8.15,11.41,13.04,13.04,11.41,7.33,7.33,7.33,7.33
N_20_26,N_18_27,1.0910148131642157,1.79,1.79,1.79,1.79,1.79,1.79,2.97,2.97,3.49,3.49,2.18,2.18,2.18,2.18,2.18,2.18,3.23,3.75,3.75,3.23,1.92,1.92,1.92,1.92
N_20_26,N_19_27,4.35325616382269,4.44,4.44,4.44,4.44,4.44,4.44,6.79,6.79,7.84,7.84,5.22,5.22,5.22,5.22,5.22,5.22,7.31,8.36,8.36,7.31,4.7,4.7,4.7,4.7
N_20_26,N_20_25,3.5128919976423956,3.58,3.58,3.58,3.58,3.58,3.58,5.48,5.48,6.32,6.32,4.22,4.22,4.22,4.22,4.22,4.22,5.9,6.74,6.74,5.9,3.79,3.79,3.79,3.79
N_20_26,N_22_25,4.45709609350134,4.55,4.55,4.55,4.55,4.55,4.55,6.95,6.95,8.02,8.02,5.35,5.35,5.35,5.35,5.35,5.35,7.49,8.56,8.56,7.49,4.81,4.81,4.81,4.81
N_20_27,N_19_27,13.472369521329593,7.48,7.48,7.48,7.48,7.48,7.48,9.3,9.3,10.1,10.1,8.08,8.08,8.08,8.08,8.08,8.08,9.7,10.51,10.51,9.7,7.68,7.68,7.68,7.68
N_20_27,N_18_27,9.020415718726124,5.01,5.01,5.01,5.01,5.01,5.01,6.22,6.22,6.77,6.77,5.41,5.41,5.41,5.41,5.41,5.41,6.49,7.04,7.04,6.49,5.14,5.14,5.14,5.14
N_20_27,N_22_26,6.560553358087913,6.69,6.69,6.69,6.69,6.69,6.69,10.23,10.23,11.81,11.81,7.87,7.87,7.87,7.87,7.87,7.87,11.02,12.6,12.6,11.02,7.09,7.09,7.09,7.09
N_20_27,N_22_27,3.2953392470411753,3.36,3.36,3.36,3.36,3.36,3.36,5.14,5.14,5.93,5.93,3.95,3.95,3.95,3.95,3.95,3.95,5.54,6.33,6.33,5.54,3.56,3.56,3.56,3.56
N_20_28,N_19_28,4.914414146818876,5.01,5.01,5.01,5.01,5.01,5.01,7.67,7.67,8.85,8.85,5.9,5.9,5.9,5.9,5.9,5.9,8.26,9.44,9.44,8.26,5.31,5.31,5.31,5.31
N_20_28,N_20_27,3.721006525636442,3.8,3.8,3.8,3.8,3.8,3.8,5.8,5.8,6.7,6.7,4.47,4.47,4.47,4.47,4.47,4.47,6.25,7.14,7.14,6.25,4.02,4.02,4.02,4.02
N_20_28,N_21_29,10.25315667974149,5.69,5.69,5.69,5.69,5.69,5.69,7.07,7.07,7.69,7.69,6.15,6.15,6.15,6.15,6.15,6.15,7.38,8.0,8.0,7.38,5.84,5.84,5.84,5.84
N_20_29,N_20_30,10.953295692165817,6.08,6.08,6.08,6.08,6.08,6.08,7.56,7.56,8.21,8.21,6.57,6.57,6.57,6.57,6.57,6.57,7.89,8.54,8.54,7.89,6.24,6.24,6.24,6.24
N_20_29,N_21_28,1.1783220201097286,1.93,1.93,1.93,1.93,1.93,1.93,3.21,3.21,3.77,3.77,2.36,2.36,2.36,2.36,2.36,2.36,3.49,4.05,4.05,3.49,2.07,2.07,2.07,2.07
N_20_29,N_21_27,5.6112887716467394,5.72,5.72,5.72,5.72,5.72,5.72,8.75,8.75,10.1,10.1,6.73,6.73,6.73,6.73,6.73,6.73,9.43,10.77,10.77,9.43,6.06,6.06,6.06,6.06
N_20_29,N_21_30,3.0219076241101948,3.08,3.08,3.08,3.08,3.08,3.08,4.71,4.71,5.44,5.44,3.63,3.63,3.63,3.63,3.63,3.63,5.08,5.8,5.8,5.08,3.26,3.26,3.26,3.26
N_20_3,N_20_2,4.459103772688746,4.55,4.55,4.55,4.55,4.55,4.55,6.96,6.96,8.03,8.03,5.35,5.35,5.35,5.35,5.35,5.35,7.49,8.56,8.56,7.49,4.82,4.82,4.82,4.82
N_20_3,N_21_5,6.901640045952078,7.04,7.04,7.04,7.04,7.04,7.04,10.77,10.77,12.42,12.42,8.28,8.28,8.28,8.28,8.28,8.28,11.59,13.25,13.25,11.59,7.45,7.45,7.45,7.45
N_20_3,N_20_5,4.918716504604493,5.02,5.02,5.02,5.02,5.02,5.02,7.67,7.67,8.85,8.85,5.9,5.9,5.9,5.9,5.9,5.9,8.26,9.44,9.44,8.26,5.31,5.31,5.31,5.31
N_20_3,N_21_2,3.0018945601326035,3.06,3.06,3.06,3.06,3.06,3.06,4.68,4.68,5.4,5.4,3.6,3.6,3.6,3.6,3.6,3.6,5.04,5.76,5.76,5.04,3.24,3.24,3.24,3.24
N_20_3,N_18_2,11.201534487753836,6.22,6.22,6.22,6.22,6.22,6.22,7.73,7.73,8.4,8.4,6.72,6.72,6.72,6.72,6.72,6.72,8.07,8.74,8.74,8.07,6.38,6.38,6.38,6.38
N_20_3,N_22_4,1.567484892516697,2.57,2.57,2.57,2.57,2.57,2.57,4.26,4.26,5.02,5.02,3.13,3.13,3.13,3.13,3.13,3.13,4.64,5.39,5.39,4.64,2.76,2.76,2.76,2.76
N_20_3,N_22_3,3.0230385012550625,3.08,3.08,3.08,3.08,3.08,3.08,4.72,4.72,5.44,5.44,3.63,3.63,3.63,3.63,3.63,3.63,5.08,5.8,5.8,5.08,3.26,3.26,3.26,3.26
N_20_30,N_19_30,13.116519487223908,7.28,7.28,7.28,7.28,7.28,7.28,9.05,9.05,9.84,9.84,7.87,7.87,7.87,7.87,7.87,7.87,9.44,10.23,10.23,9.44,7.48,7.48,7.48,7.48
N_20_30,N_19_31,9.975204385749471,5.54,5.54,5.54,5.54,5.54,5.54,6.88,6.88,7.48,7.48,5.99,5.99,5.99,5.99,5.99,5.99,7.18,7.78,7.78,7.18,5.69,5.69,5.69,5.69
N_20_30,N_20_29,10.953295692165817,6.08,6.08,6.08,6.08,6.08,6.08,7.56,7.56,8.21,8.21,6.57,6.57,6.57,6.57,6.57,6.57,7.89,8.54,8.54,7.89,6.24,6.24,6.24,6.24
N_20_31,N_19_29,10.458646089525534,5.8,5.8,5.8,5.8,5.8,5.8,7.22,7.22,7.84,7.84,6.28,6.28,6.28,6.28,6.28,6.28,7.53,8.16,8.16,7.53,5.96,5.96,5.96,5.96
N_20_31,N_19_33,14.256429251691213,7.91,7.91,7.91,7.91,7.91,7.91,9.84,9.84,10.69,10.69,8.55,8.55,8.55,8.55,8.55,8.55,10.26,11.12,11.12,10.26,8.13,8.13,8.13,8.13
N_20_31,N_18_32,12.638273969509154,7.01,7.01,7.01,7.01,7.01,7.01,8.72,8.72,9.48,9.48,7.58,7.58,7.58,7.58,7.58,7.58,9.1,9.86,9.86,9.1,7.2,7.2,7.2,7.2
N_20_31,N_18_31,14.467899069869059,8.03,8.03,8.03,8.03,8.03,8.03,9.98,9.98,10.85,10.85,8.68,8.68,8.68,8.68,8.68,8.68,10.42,11.28,11.28,10.42,8.25,8.25,8.25,8.25
N_20_32,N_19_31,6.092731461345897,6.21,6.21,6.21,6.21,6.21,6.21,9.5,9.5,10.97,10.97,7.31,7.31,7.31,7.31,7.31,7.31,10.24,11.7,11.7,10.24,6.58,6.58,6.58,6.58
N_20_32,N_19_33,6.712339018495102,6.85,6.85,6.85,6.85,6.85,6.85,10.47,10.47,12.08,12.08,8.05,8.05,8.05,8.05,8.05,8.05,11.28,12.89,12.89,11.28,7.25,7.25,7.25,7.25
N_20_32,N_18_32,4.846751569942989,4.94,4.94,4.94,4.94,4.94,4.94,7.56,7.56,8.72,8.72,5.82,5.82,5.82,5.82,5.82,5.82,8.14,9.31,9.31,8.14,5.23,5.23,5.23,5.23
N_20_32,N_20_33,4.771985057610928,4.87,4.87,4.87,4.87,4.87,4.87,7.44,7.44,8.59,8.59,5.73,5.73,5.73,5.73,5.73,5.73,8.02,9.16,9.16,8.02,5.15,5.15,5.15,5.15
N_20_33,N_18_32,14.250894414046355,7.91,7.91,7.91,7.91,7.91,7.91,9.83,9.83,10.69,10.69,8.55,8.55,8.55,8.55,8.55,8.55,10.26,11.12,11.12,10.26,8.12,8.12,8.12,8.12
N_20_33,N_18_34,13.382013612224917,7.43,7.43,7.43,7.43,7.43,7.43,9.23,9.23,10.04,10.04,8.03,8.03,8.03,8.03,8.03,8.03,9.64,10.44,10.44,9.64,7.63,7.63,7.63,7.63
N_20_33,N_19_35,13.949422269791988,7.74,7.74,7.74,7.74,7.74,7.74,9.63,9.63,10.46,10.46,8.37,8.37,8.37,8.37,8.37,8.37,10.04,10.88,10.88,10.04,7.95,7.95,7.95,7.95
N_20_34,N_19_33,4.652980902809049,4.75,4.75,4.75,4.75,4.75,4.75,7.26,7.26,8.38,8.38,5.58,5.58,5.58,5.58,5.58,5.58,7.82,8.93,8.93,7.82,5.03,5.03,5.03,5.03
N_20_34,N_20_35,5.765147386400912,5.88,5.88,5.88,5.88,5.88,5.88,8.99,8.99,10.38,10.38,6.92,6.92,6.92,6.92,6.92,6.92,9.69,11.07,11.07,9.69,6.23,6.23,6.23,6.23
N_20_34,N_21_32,6.904105773938061,7.04,7.04,7.04,7.04,7.04,7.04,10.77,10.77,12.43,12.43,8.28,8.28,8.28,8.28,8.28,8.28,11.6,13.26,13.26,11.6,7.46,7.46,7.46,7.46
N_20_35,N_18_36,12.06030832487135,6.69,6.69,6.69,6.69,6.69,6.69,8.32,8.32,9.05,9.05,7.24,7.24,7.24,7.24,7.24,7.24,8.68,9.41,9.41,8.68,6.87,6.87,6.87,6.87
N_20_35,N_22_34,1.2278879181700995,2.01,2.01,2.01,2.01,2.01,2.01,3.34,3.34,3.93,3.93,2.46,2.46,2.46,2.46,2.46,2.46,3.63,4.22,4.22,3.63,2.16,2.16,2.16,2.16
N_20_35,N_20_34,3.3557497536496212,3.42,3.42,3.42,3.42,3.42,3.42,5.23,5.23,6.04,6.04,4.03,4.03,4.03,4.03,4.03,4.03,5.64,6.44,6.44,5.64,3.62,3.62,3.62,3.62
N_20_35,N_19_36,0.7696407108867769,1.26,1.26,1.26,1.26,1.26,1.26,2.09,2.09,2.46,2.46,1.54,1.54,1.54,1.54,1.54,1.54,2.28,2.65,2.65,2.28,1.35,1.35,1.35,1.35
N_20_35,N_21_36,5.362596999009612,5.47,5.47,5.47,5.47,5.47,5.47,8.37,8.37,9.65,9.65,6.44,6.44,6.44,6.44,6.44,6.44,9.01,10.3,10.3,9.01,5.79,5.79,5.79,5.79
N_20_36,N_18_35,3.3997745941378996,3.47,3.47,3.47,3.47,3.47,3.47,5.3,5.3,6.12,6.12,4.08,4.08,4.08,4.08,4.08,4.08,5.71,6.53,6.53,5.71,3.67,3.67,3.67,3.67
N_20_36,N_19_34,0.566095073114284,0.93,0.93,0.93,0.93,0.93,0.93,1.54,1.54,1.81,1.81,1.13,1.13,1.13,1.13,1.13,1.13,1.68,1.95,1.95,1.68,1.0,1.0,1.0,1.0
N_20_36,N_21_36,8.32654006256918,4.62,4.62,4.62,4.62,4.62,4.62,5.75,5.75,6.24,6.24,5.0,5.0,5.0,5.0,5.0,5.0,6.0,6.49,6.49,6.0,4.75,4.75,4.75,4.75
N_20_36,N_22_37,10.616550185661621,5.89,5.89,5.89,5.89,5.89,5.89,7.33,7.33,7.96,7.96,6.37,6.37,6.37,6.37,6.37,6.37,7.64,8.28,8.28,7.64,6.05,6.05,6.05,6.05
N_20_37,N_21_36,3.971064937366517,4.05,4.05,4.05,4.05,4.05,4.05,6.19,6.19,7.15,7.15,4.77,4.77,4.77,4.77,4.77,4.77,6.67,7.62,7.62,6.67,4.29,4.29,4.29,4.29
N_20_37,N_19_39,2.1883881609370874,3.59,3.59,3.59,3.59,3.59,3.59,5.95,5.95,7.0,7.0,4.38,4.38,4.38,4.38,4.38,4.38,6.48,7.53,7.53,6.48,3.85,3.85,3.85,3.85
N_20_37,N_20_39,13.398360165039783,7.44,7.44,7.44,7.44,7.44,7.44,9.24,9.24,10.05,10.05,8.04,8.04,8.04,8.04,8.04,8.04,9.65,10.45,10.45,9.65,7.64,7.64,7.64,7.64
N_20_38,N_18_37,3.2742780251973542,3.34,3.34,3.34,3.34,3.34,3.34,5.11,5.11,5.89,5.89,3.93,3.93,3.93,3.93,3.93,3.93,5.5,6.29,6.29,5.5,3.54,3.54,3.54,3.54
N_20_38,N_18_38,2.2184167820552183,3.64,3.64,3.64,3.64,3.64,3.64,6.03,6.03,7.1,7.1,4.44,4.44,4.44,4.44,4.44,4.44,6.57,7.63,7.63,6.57,3.9,3.9,3.9,3.9
N_20_38,N_19_39,4.325916168935919,4.41,4.41,4.41,4.41,4.41,4.41,6.75,6.75,7.79,7.79,5.19,5.19,5.19,5.19,5.19,5.19,7.27,8.31,8.31,7.27,4.67,4.67,4.67,4.67
N_20_38,N_21_36,5.496758820042443,5.61,5.61,5.61,5.61,5.61,5.61,8.57,8.57,9.89,9.89,6.6,6.6,6.6,6.6,6.6,6.6,9.23,10.55,10.55,9.23,5.94,5.94,5.94,5.94
N_20_38,N_22_38,3.266037367217036,3.33,3.33,3.33,3.33,3.33,3.33,5.1,5.1,5.88,5.88,3.92,3.92,3.92,3.92,3.92,3.92,5.49,6.27,6.27,5.49,3.53,3.53,3.53,3.53
N_20_38,N_20_39,14.369662202917617,7.98,7.98,7.98,7.98,7.98,7.98,9.92,9.92,10.78,10.78,8.62,8.62,8.62,8.62,8.62,8.62,10.35,11.21,11.21,10.35,8.19,8.19,8.19,8.19
N_20_39,N_19_39,6.096849722603739,6.22,6.22,6.22,6.22,6.22,6.22,9.51,9.51,10.97,10.97,7.32,7.32,7.32,7.32,7.32,7.32,10.24,11.71,11.71,10.24,6.58,6.58,6.58,6.58
N_20_39,N_20_37,13.398360165039783,7.44,7.44,7.44,7.44,7.44,7.44,9.24,9.24,10.05,10.05,8.04,8.04,8.04,8.04,8.04,8.04,9.65,10.45,10.45,9.65,7.64,7.64,7.64,7.64
N_20_39,N_20_38,14.369662202917617,7.98,7.98,7.98,7.98,7.98,7.98,9.92,9.92,10.78,10.78,8.62,8.62,8.62,8.62,8.62,8.62,10.35,11.21,11.21,10.35,8.19,8.19,8.19,8.19
N_20_39,N_18_38,11.249098806922664,6.24,6.24,6.24,6.24,6.24,6.24,7.76,7.76,8.44,8.44,6.75,6.75,6.75,6.75,6.75,6.75,8.1,8.77,8.77,8.1,6.41,6.41,6.41,6.41
N_20_39,N_21_37,12.183886996224654,6.76,6.76,6.76,6.76,6.76,6.76,8.41,8.41,9.14,9.14,7.31,7.31,7.31,7.31,7.31,7.31,8.77,9.5,9.5,8.77,6.94,6.94,6.94,6.94
N_20_39,N_22_38,5.204512418362114,5.31,5.31,5.31,5.31,5.31,5.31,8.12,8.12,9.37,9.37,6.25,6.25,6.25,6.25,6.25,6.25,8.74,9.99,9.99,8.74,5.62,5.62,5.62,5.62
N_20_39,N_18_39,4.795481637989699,4.89,4.89,4.89,4.89,4.89,4.89,7.48,7.48,8.63,8.63,5.75,5.75,5.75,5.75,5.75,5.75,8.06,9.21,9.21,8.06,5.18,5.18,5.18,5.18
N_20_4,N_21_2,13.075675258605262,7.26,7.26,7.26,7.26,7.26,7.26,9.02,9.02,9.81,9.81,7.85,7.85,7.85,7.85,7.85,7.85,9.41,10.2,10.2,9.41,7.45,7.45,7.45,7.45
N_20_4,N_19_3,3.4620491886693587,3.53,3.53,3.53,3.53,3.53,3.53,5.4,5.4,6.23,6.23,4.15,4.15,4.15,4.15,4.15,4.15,5.82,6.65,6.65,5.82,3.74,3.74,3.74,3.74
N_20_4,N_20_3,4.299863265493521,4.39,4.39,4.39,4.39,4.39,4.39,6.71,6.71,7.74,7.74,5.16,5.16,5.16,5.16,5.16,5.16,7.22,8.26,8.26,7.22,4.64,4.64,4.64,4.64
N_20_4,N_21_5,9.39298729490019,5.21,5.21,5.21,5.21,5.21,5.21,6.48,6.48,7.04,7.04,5.64,5.64,5.64,5.64,5.64,5.64,6.76,7.33,7.33,6.76,5.35,5.35,5.35,5.35
N_20_4,N_21_6,3.502415953212751,3.57,3.57,3.57,3.57,3.57,3.57,5.46,5.46,6.3,6.3,4.2,4.2,4.2,4.2,4.2,4.2,5.88,6.72,6.72,5.88,3.78,3.78,3.78,3.78
N_20_4,N_18_3,3.4498410825209436,3.52,3.52,3.52,3.52,3.52,3.52,5.38,5.38,6.21,6.21,4.14,4.14,4.14,4.14,4.14,4.14,5.8,6.62,6.62,5.8,3.73,3.73,3.73,3.73
N_20_5,N_18_5,12.760209980931931,7.08,7.08,7.08,7.08,7.08,7.08,8.8,8.8,9.57,9.57,7.66,7.66,7.66,7.66,7.66,7.66,9.19,9.95,9.95,9.19,7.27,7.27,7.27,7.27
N_20_5,N_20_3,4.918716504604493,5.02,5.02,5.02,5.02,5.02,5.02,7.67,7.67,8.85,8.85,5.9,5.9,5.9,5.9,5.9,5.9,8.26,9.44,9.44,8.26,5.31,5.31,5.31,5.31
N_20_5,N_19_5,3.550665450994586,3.62,3.62,3.62,3.62,3.62,3.62,5.54,5.54,6.39,6.39,4.26,4.26,4.26,4.26,4.26,4.26,5.97,6.82,6.82,5.97,3.83,3.83,3.83,3.83
N_20_5,N_20_6,9.249583296174325,5.13,5.13,5.13,5.13,5.13,5.13,6.38,6.38,6.94,6.94,5.55,5.55,5.55,5.55,5.55,5.55,6.66,7.21,7.21,6.66,5.27,5.27,5.27,5.27
N_20_6,N_19_8,5.213707329060183,5.32,5.32,5.32,5.32,5.32,5.32,8.13,8.13,9.38,9.38,6.26,6.26,6.26,6.26,6.26,6.26,8.76,10.01,10.01,8.76,5.63,5.63,5.63,5.63
N_20_6,N_22_7,6.638969319566659,6.77,6.77,6.77,6.77,6.77,6.77,10.36,10.36,11.95,11.95,7.97,7.97,7.97,7.97,7.97,7.97,11.15,12.75,12.75,11.15,7.17,7.17,7.17,7.17
N_20_6,N_20_5,1.1937391622430336,1.96,1.96,1.96,1.96,1.96,1.96,3.25,3.25,3.82,3.82,2.39,2.39,2.39,2.39,2.39,2.39,3.53,4.11,4.11,3.53,2.1,2.1,2.1,2.1
N_20_6,N_18_7,8.633946535480401,4.79,4.79,4.79,4.79,4.79,4.79,5.96,5.96,6.48,6.48,5.18,5.18,5.18,5.18,5.18,5.18,6.22,6.73,6.73,6.22,4.92,4.92,4.92,4.92
N_20_7,N_18_7,5.091990954561315,5.19,5.19,5.19,5.19,5.19,5.19,7.94,7.94,9.17,9.17,6.11,6.11,6.11,6.11,6.11,6.11,8.55,9.78,9.78,8.55,5.5,5.5,5.5,5.5
N_20_7,N_19_5,11.435387857935165,6.35,6.35,6.35,6.35,6.35,6.35,7.89,7.89,8.58,8.58,6.86,6.86,6.86,6.86,6.86,6.86,8.23,8.92,8.92,8.23,6.52,6.52,6.52,6.52
N_20_8,N_20_10,4.00337080651083,4.08,4.08,4.08,4.08,4.08,4.08,6.25,6.25,7.21,7.21,4.8,4.8,4.8,4.8,4.8,4.8,6.73,7.69,7.69,6.73,4.32,4.32,4.32,4.32
N_20_8,N_22_8,1.6705951294236392,2.74,2.74,2.74,2.74,2.74,2.74,4.54,4.54,5.35,5.35,3.34,3.34,3.34,3.34,3.34,3.34,4.94,5.75,5.75,4.94,2.94,2.94,2.94,2.94
N_20_9,N_18_8,6.4522775190584785,6.58,6.58,6.58,6.58,6.58,6.58,10.07,10.07,11.61,11.61,7.74,7.74,7.74,7.74,7.74,7.74,10.84,12.39,12.39,10.84,6.97,6.97,6.97,6.97
N_20_9,N_18_9,8.029012500151943,4.46,4.46,4.46,4.46,4.46,4.46,5.54,5.54,6.02,6.02,4.82,4.82,4.82,4.82,4.82,4.82,5.78,6.26,6.26,5.78,4.58,4.58,4.58,4.58
N_20_9,N_19_7,14.288764406423713,7.93,7.93,7.93,7.93,7.93,7.93,9.86,9.86,10.72,10.72,8.57,8.57,8.57,8.57,8.57,8.57,10.29,11.15,11.15,10.29,8.14,8.14,8.14,8.14
N_20_9,N_19_10,1.8237549094728533,2.99,2.99,2.99,2.99,2.99,2.99,4.96,4.96,5.84,5.84,3.65,3.65,3.65,3.65,3.65,3.65,5.4,6.27,6.27,5.4,3.21,3.21,3.21,3.21
N_21_0,N_22_0,6.294734481906081,6.42,6.42,6.42,6.42,6.42,6.42,9.82,9.82,11.33,11.33,7.55,7.55,7.55,7.55,7.55,7.55,10.58,12.09,12.09,10.58,6.8,6.8,6.8,6.8
N_21_0,N_20_1,5.187154584479564,5.29,5.29,5.29,5.29,5.29,5.29,8.09,8.09,9.34,9.34,6.22,6.22,6.22,6.22,6.22,6.22,8.71,9.96,9.96,8.71,5.6,5.6,5.6,5.6
N_21_0,N_22_1,1.4478672901904488,2.37,2.37,2.37,2.37,2.37,2.37,3.94,3.94,4.63,4.63,2.9,2.9,2.9,2.9,2.9,2.9,4.29,4.98,4.98,4.29,2.55,2.55,2.55,2.55
N_21_0,N_19_1,2.3528547229843113,3.86,3.86,3.86,3.86,3.86,3.86,6.4,6.4,7.53,7.53,4.71,4.71,4.71,4.71,4.71,4.71,6.96,8.09,8.09,6.96,4.14,4.14,4.14,4.14
N_21_0,N_22_2,13.145869935915648,7.3,7.3,7.3,7.3,7.3,7.3,9.07,9.07,9.86,9.86,7.89,7.89,7.89,7.89,7.89,7.89,9.47,10.25,10.25,9.47,7.49,7.49,7.49,7.49
N_21_1,N_20_1,8.194843258930906,4.55,4.55,4.55,4.55,4.55,4.55,5.65,5.65,6.15,6.15,4.92,4.92,4.92,4.92,4.92,4.92,5.9,6.39,6.39,5.9,4.67,4.67,4.67,4.67
N_21_1,N_23_1,10.360444398893517,5.75,5.75,5.75,5.75,5.75,5.75,7.15,7.15,7.77,7.77,6.22,6.22,6.22,6.22,6.22,6.22,7.46,8.08,8.08,7.46,5.91,5.91,5.91,5.91
N_21_10,N_20_11,3.7857748221392273,3.86,3.86,3.86,3.86,3.86,3.86,5.91,5.91,6.81,6.81,4.54,4.54,4.54,4.54,4.54,4.54,6.36,7.27,7.27,6.36,4.09,4.09,4.09,4.09
N_21_10,N_21_9,3.6701278899699386,3.74,3.74,3.74,3.74,3.74,3.74,5.73,5.73,6.61,6.61,4.4,4.4,4.4,4.4,4.4,4.4,6.17,7.05,7.05,6.17,3.96,3.96,3.96,3.96
N_21_10,N_22_12,1.6644374694183257,2.73,2.73,2.73,2.73,2.73,2.73,4.53,4.53,5.33,5.33,3.33,3.33,3.33,3.33,3.33,3.33,4.93,5.73,5.73,4.93,2.93,2.93,2.93,2.93
N_21_10,N_20_9,4.998384548680214,5.1,5.1,5.1,5.1,5.1,5.1,7.8,7.8,9.0,9.0,6.0,6.0,6.0,6.0,6.0,6.0,8.4,9.6,9.6,8.4,5.4,5.4,5.4,5.4
N_21_10,N_19_9,1.30968116522578,2.15,2.15,2.15,2.15,2.15,2.15,3.56,3.56,4.19,4.19,2.62,2.62,2.62,2.62,2.62,2.62,3.88,4.51,4.51,3.88,2.31,2.31,2.31,2.31
N_21_10,N_23_9,0.9092771103029218,1.49,1.49,1.49,1.49,1.49,1.49,2.47,2.47,2.91,2.91,1.82,1.82,1.82,1.82,1.82,1.82,2.69,3.13,3.13,2.69,1.6,1.6,1.6,1.6
N_21_11,N_23_12,12.48178583427657,6.93,6.93,6.93,6.93,6.93,6.93,8.61,8.61,9.36,9.36,7.49,7.49,7.49,7.49,7.49,7.49,8.99,9.74,9.74,8.99,7.11,7.11,7.11,7.11
N_21_11,N_20_11,4.314616565045228,4.4,4.4,4.4,4.4,4.4,4.4,6.73,6.73,7.77,7.77,5.18,5.18,5.18,5.18,5.18,5.18,7.25,8.28,8.28,7.25,4.66,4.66,4.66,4.66
N_21_11,N_21_10,6.1510421096957675,6.27,6.27,6.27,6.27,6.27,6.27,9.6,9.6,11.07,11.07,7.38,7.38,7.38,7.38,7.38,7.38,10.33,11.81,11.81,10.33,6.64,6.64,6.64,6.64
N_21_12,N_19_11,4.294997635318331,4.38,4.38,4.38,4.38,4.38,4.38,6.7,6.7,7.73,7.73,5.15,5.15,5.15,5.15,5.15,5.15,7.22,8.25,8.25,7.22,4.64,4.64,4.64,4.64
N_21_12,N_22_12,14.613365360654186,8.11,8.11,8.11,8.11,8.11,8.11,10.08,10.08,10.96,10.96,8.77,8.77,8.77,8.77,8.77,8.77,10.52,11.4,11.4,10.52,8.33,8.33,8.33,8.33
N_21_12,N_22_10,8.525946586056598,4.73,4.73,4.73,4.73,4.73,4.73,5.88,5.88,6.39,6.39,5.12,5.12,5.12,5.12,5.12,5.12,6.14,6.65,6.65,6.14,4.86,4.86,4.86,4.86
N_21_13,N_20_14,11.574409827628516,6.42,6.42,6.42,6.42,6.42,6.42,7.99,7.99,8.68,8.68,6.94,6.94,6.94,6.94,6.94,6.94,8.33,9.03,9.03,8.33,6.6,6.6,6.6,6.6
N_21_13,N_22_13,6.227379681523654,6.35,6.35,6.35,6.35,6.35,6.35,9.71,9.71,11.21,11.21,7.47,7.47,7.47,7.47,7.47,7.47,10.46,11.96,11.96,10.46,6.73,6.73,6.73,6.73
N_21_13,N_19_12,12.956792427670763,7.19,7.19,7.19,7.19,7.19,7.19,8.94,8.94,9.72,9.72,7.77,7.77,7.77,7.77,7.77,7.77,9.33,10.11,10.11,9.33,7.39,7.39,7.39,7.39
N_21_14,N_19_15,3.671432465663438,3.74,3.74,3.74,3.74,3.74,3.74,5.73,5.73,6.61,6.61,4.41,4.41,4.41,4.41,4.41,4.41,6.17,7.05,7.05,6.17,3.97,3.97,3.97,3.97
N_21_14,N_19_14,13.995420460452213,7.77,7.77,7.77,7.77,7.77,7.77,9.66,9.66,10.5,10.5,8.4,8.4,8.4,8.4,8.4,8.4,10.08,10.92,10.92,10.08,7.98,7.98,7.98,7.98
N_21_14,N_21_15,9.37400876278641,5.2,5.2,5.2,5.2,5.2,5.2,6.47,6.47,7.03,7.03,5.62,5.62,5.62,5.62,5.62,5.62,6.75,7.31,7.31,6.75,5.34,5.34,5.34,5.34
N_21_14,N_22_16,2.1359368634062,3.5,3.5,3.5,3.5,3.5,3.5,5.81,5.81,6.83,6.83,4.27,4.27,4.27,4.27,4.27,4.27,6.32,7.35,7.35,6.32,3.76,3.76,3.76,3.76
N_21_15,N_21_14,9.37400876278641,5.2,5.2,5.2,5.2,5.2,5.2,6.47,6.47,7.03,7.03,5.62,5.62,5.62,5.62,5.62,5.62,6.75,7.31,7.31,6.75,5.34,5.34,5.34,5.34
N_21_15,N_20_17,4.9901821087690905,5.09,5.09,5.09,5.09,5.09,5.09,7.78,7.78,8.98,8.98,5.99,5.99,5.99,5.99,5.99,5.99,8.38,9.58,9.58,8.38,5.39,5.39,5.39,5.39
N_21_15,N_23_15,8.965232487345883,4.98,4.98,4.98,4.98,4.98,4.98,6.19,6.19,6.72,6.72,5.38,5.38,5.38,5.38,5.38,5.38,6.45,6.99,6.99,6.45,5.11,5.11,5.11,5.11
N_21_16,N_19_15,9.175925374473328,5.09,5.09,5.09,5.09,5.09,5.09,6.33,6.33,6.88,6.88,5.51,5.51,5.51,5.51,5.51,5.51,6.61,7.16,7.16,6.61,5.23,5.23,5.23,5.23
N_21_16,N_19_17,6.353832340678636,6.48,6.48,6.48,6.48,6.48,6.48,9.91,9.91,11.44,11.44,7.62,7.62,7.62,7.62,7.62,7.62,10.67,12.2,12.2,10.67,6.86,6.86,6.86,6.86
N_21_17,N_20_17,3.425817569527543,3.49,3.49,3.49,3.49,3.49,3.49,5.34,5.34,6.17,6.17,4.11,4.11,4.11,4.11,4.11,4.11,5.76,6.58,6.58,5.76,3.7,3.7,3.7,3.7
N_21_17,N_21_19,14.86006163069856,8.25,8.25,8.25,8.25,8.25,8.25,10.25,10.25,11.15,11.15,8.92,8.92,8.92,8.92,8.92,8.92,10.7,11.59,11.59,10.7,8.47,8.47,8.47,8.47
N_21_17,N_21_18,14.353001487914057,7.97,7.97,7.97,7.97,7.97,7.97,9.9,9.9,10.76,10.76,8.61,8.61,8.61,8.61,8.61,8.61,10.33,11.2,11.2,10.33,8.18,8.18,8.18,8.18
N_21_18,N_21_17,14.353001487914057,7.97,7.97,7.97,7.97,7.97,7.97,9.9,9.9,10.76,10.76,8.61,8.61,8.61,8.61,8.61,8.61,10.33,11.2,11.2,10.33,8.18,8.18,8.18,8.18
N_21_18,N_22_20,1.7878750285090657,2.93,2.93,2.93,2.93,2.93,2.93,4.86,4.86,5.72,5.72,3.58,3.58,3.58,3.58,3.58,3.58,5.29,6.15,6.15,5.29,3.15,3.15,3.15,3.15
N_21_18,N_20_20,6.144337329411298,6.27,6.27,6.27,6.27,6.27,6.27,9.59,9.59,11.06,11.06,7.37,7.37,7.37,7.37,7.37,7.37,10.32,11.8,11.8,10.32,6.64,6.64,6.64,6.64
N_21_19,N_21_17,14.86006163069856,8.25,8.25,8.25,8.25,8.25,8.25,10.25,10.25,11.15,11.15,8.92,8.92,8.92,8.92,8.92,8.92,10.7,11.59,11.59,10.7,8.47,8.47,8.47,8.47
N_21_19,N_22_17,3.2104553913297127,3.27,3.27,3.27,3.27,3.27,3.27,5.01,5.01,5.78,5.78,3.85,3.85,3.85,3.85,3.85,3.85,5.39,6.16,6.16,5.39,3.47,3.47,3.47,3.47
N_21_19,N_20_17,1.3044769529823421,2.14,2.14,2.14,2.14,2.14,2.14,3.55,3.55,4.17,4.17,2.61,2.61,2.61,2.61,2.61,2.61,3.86,4.49,4.49,3.86,2.3,2.3,2.3,2.3
N_21_2,N_20_3,3.0018945601326035,3.06,3.06,3.06,3.06,3.06,3.06,4.68,4.68,5.4,5.4,3.6,3.6,3.6,3.6,3.6,3.6,5.04,5.76,5.76,5.04,3.24,3.24,3.24,3.24
N_21_2,N_20_0,6.494751279740896,6.62,6.62,6.62,6.62,6.62,6.62,10.13,10.13,11.69,11.69,7.79,7.79,7.79,7.79,7.79,7.79,10.91,12.47,12.47,10.91,7.01,7.01,7.01,7.01
N_21_20,N_19_19,6.643212953852894,6.78,6.78,6.78,6.78,6.78,6.78,10.36,10.36,11.96,11.96,7.97,7.97,7.97,7.97,7.97,7.97,11.16,12.75,12.75,11.16,7.17,7.17,7.17,7.17
N_21_20,N_20_20,3.22089755205681,3.29,3.29,3.29,3.29,3.29,3.29,5.02,5.02,5.8,5.8,3.87,3.87,3.87,3.87,3.87,3.87,5.41,6.18,6.18,5.41,3.48,3.48,3.48,3.48
N_21_21,N_20_22,13.26803476338457,7.36,7.36,7.36,7.36,7.36,7.36,9.15,9.15,9.95,9.95,7.96,7.96,7.96,7.96,7.96,7.96,9.55,10.35,10.35,9.55,7.56,7.56,7.56,7.56
N_21_21,N_19_21,4.303960815591471,4.39,4.39,4.39,4.39,4.39,4.39,6.71,6.71,7.75,7.75,5.16,5.16,5.16,5.16,5.16,5.16,7.23,8.26,8.26,7.23,4.65,4.65,4.65,4.65
N_21_21,N_21_23,6.785366165152545,6.92,6.92,6.92,6.92,6.92,6.92,10.59,10.59,12.21,12.21,8.14,8.14,8.14,8.14,8.14,8.14,11.4,13.03,13.03,11.4,7.33,7.33,7.33,7.33
N_21_21,N_20_23,6.95254208526626,7.09,7.09,7.09,7.09,7.09,7.09,10.85,10.85,12.51,12.51,8.34,8.34,8.34,8.34,8.34,8.34,11.68,13.35,13.35,11.68,7.51,7.51,7.51,7.51
N_21_22,N_22_21,2.307104100791401,3.78,3.78,3.78,3.78,3.78,3.78,6.28,6.28,7.38,7.38,4.61,4.61,4.61,4.61,4.61,4.61,6.83,7.94,7.94,6.83,4.06,4.06,4.06,4.06
N_21_22,N_20_23,5.972809270550233,6.09,6.09,6.09,6.09,6.09,6.09,9.32,9.32,10.75,10.75,7.17,7.17,7.17,7.17,7.17,7.17,10.03,11.47,11.47,10.03,6.45,6.45,6.45,6.45
N_21_22,N_19_23,6.438620820053776,6.57,6.57,6.57,6.57,6.57,6.57,10.04,10.04,11.59,11.59,7.73,7.73,7.73,7.73,7.73,7.73,10.82,12.36,12.36,10.82,6.95,6.95,6.95,6.95
N_21_23,N_19_24,0.7584452207972836,1.24,1.24,1.24,1.24,1.24,1.24,2.06,2.06,2.43,2.43,1.52,1.52,1.52,1.52,1.52,1.52,2.24,2.61,2.61,2.24,1.33,1.33,1.33,1.33
N_21_23,N_20_21,2.3176315583021756,3.8,3.8,3.8,3.8,3.8,3.8,6.3,6.3,7.42,7.42,4.64,4.64,4.64,4.64,4.64,4.64,6.86,7.97,7.97,6.86,4.08,4.08,4.08,4.08
N_21_23,N_21_21,6.785366165152545,6.92,6.92,6.92,6.92,6.92,6.92,10.59,10.59,12.21,12.21,8.14,8.14,8.14,8.14,8.14,8.14,11.4,13.03,13.03,11.4,7.33,7.33,7.33,7.33
N_21_24,N_23_23,1.2362163828867423,2.03,2.03,2.03,2.03,2.03,2.03,3.36,3.36,3.96,3.96,2.47,2.47,2.47,2.47,2.47,2.47,3.66,4.25,4.25,3.66,2.18,2.18,2.18,2.18
N_21_24,N_21_23,4.003715008457936,4.08,4.08,4.08,4.08,4.08,4.08,6.25,6.25,7.21,7.21,4.8,4.8,4.8,4.8,4.8,4.8,6.73,7.69,7.69,6.73,4.32,4.32,4.32,4.32
N_21_24,N_19_25,9.18789376957937,5.1,5.1,5.1,5.1,5.1,5.1,6.34,6.34,6.89,6.89,5.51,5.51,5.51,5.51,5.51,5.51,6.62,7.17,7.17,6.62,5.24,5.24,5.24,5.24
N_21_24,N_21_22,10.907282040690221,6.05,6.05,6.05,6.05,6.05,6.05,7.53,7.53,8.18,8.18,6.54,6.54,6.54,6.54,6.54,6.54,7.85,8.51,8.51,7.85,6.22,6.22,6.22,6.22
N_21_24,N_22_25,8.34425352991619,4.63,4.63,4.63,4.63,4.63,4.63,5.76,5.76,6.26,6.26,5.01,5.01,5.01,5.01,5.01,5.01,6.01,6.51,6.51,6.01,4.76,4.76,4.76,4.76
N_21_25,N_23_24,3.1914228035555365,3.26,3.26,3.26,3.26,3.26,3.26,4.98,4.98,5.74,5.74,3.83,3.83,3.83,3.83,3.83,3.83,5.36,6.13,6.13,5.36,3.45,3.45,3.45,3.45
N_21_25,N_20_26,14.856047129764345,8.25,8.25,8.25,8.25,8.25,8.25,10.25,10.25,11.14,11.14,8.91,8.91,8.91,8.91,8.91,8.91,10.7,11.59,11.59,10.7,8.47,8.47,8.47,8.47
N_21_25,N_20_23,12.867849234187512,7.14,7.14,7.14,7.14,7.14,7.14,8.88,8.88,9.65,9.65,7.72,7.72,7.72,7.72,7.72,7.72,9.26,10.04,10.04,9.26,7.33,7.33,7.33,7.33
N_21_25,N_22_23,0.7179472193338501,1.18,1.18,1.18,1.18,1.18,1.18,1.95,1.95,2.3,2.3,1.44,1.44,1.44,1.44,1.44,1.44,2.13,2.47,2.47,2.13,1.26,1.26,1.26,1.26
N_21_25,N_20_25,4.967412436119266,5.07,5.07,5.07,5.07,5.07,5.07,7.75,7.75,8.94,8.94,5.96,5.96,5.96,5.96,5.96,5.96,8.35,9.54,9.54,8.35,5.36,5.36,5.36,5.36
N_21_26,N_23_26,1.9022584239934772,3.12,3.12,3.12,3.12,3.12,3.12,5.17,5.17,6.09,6.09,3.8,3.8,3.8,3.8,3.8,3.8,5.63,6.54,6.54,5.63,3.35,3.35,3.35,3.35
N_21_26,N_21_24,6.175642750129622,6.3,6.3,6.3,6.3,6.3,6.3,9.63,9.63,11.12,11.12,7.41,7.41,7.41,7.41,7.41,7.41,10.38,11.86,11.86,10.38,6.67,6.67,6.67,6.67
N_21_27,N_20_29,5.6112887716467394,5.72,5.72,5.72,5.72,5.72,5.72,8.75,8.75,10.1,10.1,6.73,6.73,6.73,6.73,6.73,6.73,9.43,10.77,10.77,9.43,6.06,6.06,6.06,6.06
N_21_27,N_21_26,3.6767852431179926,3.75,3.75,3.75,3.75,3.75,3.75,5.74,5.74,6.62,6.62,4.41,4.41,4.41,4.41,4.41,4.41,6.18,7.06,7.06,6.18,3.97,3.97,3.97,3.97
N_21_27,N_23_27,14.580430691324219,8.09,8.09,8.09,8.09,8.09,8.09,10.06,10.06,10.94,10.94,8.75,8.75,8.75,8.75,8.75,8.75,10.5,11.37,11.37,10.5,8.31,8.31,8.31,8.31
N_21_28,N_20_29,1.1783220201097286,1.93,1.93,1.93,1.93,1.93,1.93,3.21,3.21,3.77,3.77,2.36,2.36,2.36,2.36,2.36,2.36,3.49,4.05,4.05,3.49,2.07,2.07,2.07,2.07
N_21_28,N_23_27,2.01639428580775,3.31,3.31,3.31,3.31,3.31,3.31,5.48,5.48,6.45,6.45,4.03,4.03,4.03,4.03,4.03,4.03,5.97,6.94,6.94,5.97,3.55,3.55,3.55,3.55
N_21_29,N_20_28,10.25315667974149,5.69,5.69,5.69,5.69,5.69,5.69,7.07,7.07,7.69,7.69,6.15,6.15,6.15,6.15,6.15,6.15,7.38,8.0,8.0,7.38,5.84,5.84,5.84,5.84
N_21_29,N_19_29,8.702285774195149,4.83,4.83,4.83,4.83,4.83,4.83,6.0,6.0,6.53,6.53,5.22,5.22,5.22,5.22,5.22,5.22,6.27,6.79,6.79,6.27,4.96,4.96,4.96,4.96
N_21_29,N_22_30,12.338288018659021,6.85,6.85,6.85,6.85,6.85,6.85,8.51,8.51,9.25,9.25,7.4,7.4,7.4,7.4,7.4,7.4,8.88,9.62,9.62,8.88,7.03,7.03,7.03,7.03
N_21_29,N_20_31,4.51922017547103,4.61,4.61,4.61,4.61,4.61,4.61,7.05,7.05,8.13,8.13,5.42,5.42,5.42,5.42,5.42,5.42,7.59,8.68,8.68,7.59,4.88,4.88,4.88,4.88
N_21_3,N_19_3,3.6919653908160224,3.77,3.77,3.77,3.77,3.77,3.77,5.76,5.76,6.65,6.65,4.43,4.43,4.43,4.43,4.43,4.43,6.2,7.09,7.09,6.2,3.99,3.99,3.99,3.99
N_21_3,N_21_5,3.9391082181683297,4.02,4.02,4.02,4.02,4.02,4.02,6.15,6.15,7.09,7.09,4.73,4.73,4.73,4.73,4.73,4.73,6.62,7.56,7.56,6.62,4.25,4.25,4.25,4.25
N_21_30,N_20_29,3.0219076241101948,3.08,3.08,3.08,3.08,3.08,3.08,4.71,4.71,5.44,5.44,3.63,3.63,3.63,3.63,3.63,3.63,5.08,5.8,5.8,5.08,3.26,3.26,3.26,3.26
N_21_30,N_20_28,6.1912546465905365,6.32,6.32,6.32,6.32,6.32,6.32,9.66,9.66,11.14,11.14,7.43,7.43,7.43,7.43,7.43,7.43,10.4,11.89,11.89,10.4,6.69,6.69,6.69,6.69
N_21_30,N_23_31,12.641930518952051,7.02,7.02,7.02,7.02,7.02,7.02,8.72,8.72,9.48,9.48,7.59,7.59,7.59,7.59,7.59,7.59,9.1,9.86,9.86,9.1,7.21,7.21,7.21,7.21
N_21_30,N_22_31,10.2869658194967,5.71,5.71,5.71,5.71,5.71,5.71,7.1,7.1,7.72,7.72,6.17,6.17,6.17,6.17,6.17,6.17,7.41,8.02,8.02,7.41,5.86,5.86,5.86,5.86
N_21_31,N_19_31,5.494817225616128,5.6,5.6,5.6,5.6,5.6,5.6,8.57,8.57,9.89,9.89,6.59,6.59,6.59,6.59,6.59,6.59,9.23,10.55,10.55,9.23,5.93,5.93,5.93,5.93
N_21_31,N_20_30,12.412565271501308,6.89,6.89,6.89,6.89,6.89,6.89,8.56,8.56,9.31,9.31,7.45,7.45,7.45,7.45,7.45,7.45,8.94,9.68,9.68,8.94,7.08,7.08,7.08,7.08
N_21_32,N_19_31,2.2233618889041993,3.65,3.65,3.65,3.65,3.65,3.65,6.05,6.05,7.11,7.11,4.45,4.45,4.45,4.45,4.45,4.45,6.58,7.65,7.65,6.58,3.91,3.91,3.91,3.91
N_21_32,N_20_34,6.904105773938061,7.04,7.04,7.04,7.04,7.04,7.04,10.77,10.77,12.43,12.43,8.28,8.28,8.28,8.28,8.28,8.28,11.6,13.26,13.26,11.6,7.46,7.46,7.46,7.46
N_21_32,N_21_30,5.830306181197994,5.95,5.95,5.95,5.95,5.95,5.95,9.1,9.1,10.49,10.49,7.0,7.0,7.0,7.0,7.0,7.0,9.79,11.19,11.19,9.79,6.3,6.3,6.3,6.3
N_21_33,N_22_32,4.654933322917765,4.75,4.75,4.75,4.75,4.75,4.75,7.26,7.26,8.38,8.38,5.59,5.59,5.59,5.59,5.59,5.59,7.82,8.94,8.94,7.82,5.03,5.03,5.03,5.03
N_21_33,N_22_33,3.3119163862657865,3.38,3.38,3.38,3.38,3.38,3.38,5.17,5.17,5.96,5.96,3.97,3.97,3.97,3.97,3.97,3.97,5.56,6.36,6.36,5.56,3.58,3.58,3.58,3.58
N_21_33,N_20_35,3.293871621797379,3.36,3.36,3.36,3.36,3.36,3.36,5.14,5.14,5.93,5.93,3.95,3.95,3.95,3.95,3.95,3.95,5.53,6.32,6.32,5.53,3.56,3.56,3.56,3.56
N_21_34,N_21_35,5.41258340849509,5.52,5.52,5.52,5.52,5.52,5.52,8.44,8.44,9.74,9.74,6.5,6.5,6.5,6.5,6.5,6.5,9.09,10.39,10.39,9.09,5.85,5.85,5.85,5.85
N_21_34,N_19_34,2.2100331499204504,3.62,3.62,3.62,3.62,3.62,3.62,6.01,6.01,7.07,7.07,4.42,4.42,4.42,4.42,4.42,4.42,6.54,7.6,7.6,6.54,3.89,3.89,3.89,3.89
N_21_34,N_22_34,4.73607972691368,4.83,4.83,4.83,4.83,4.83,4.83,7.39,7.39,8.52,8.52,5.68,5.68,5.68,5.68,5.68,5.68,7.96,9.09,9.09,7.96,5.11,5.11,5.11,5.11
N_21_35,N_20_34,3.666805074065756,3.74,3.74,3.74,3.74,3.74,3.74,5.72,5.72,6.6,6.6,4.4,4.4,4.4,4.4,4.4,4.4,6.16,7.04,7.04,6.16,3.96,3.96,3.96,3.96
N_21_35,N_20_33,1.7316948835858612,2.84,2.84,2.84,2.84,2.84,2.84,4.71,4.71,5.54,5.54,3.46,3.46,3.46,3.46,3.46,3.46,5.13,5.96,5.96,5.13,3.05,3.05,3.05,3.05
N_21_35,N_19_35,1.437928952661666,2.36,2.36,2.36,2.36,2.36,2.36,3.91,3.91,4.6,4.6,2.88,2.88,2.88,2.88,2.88,2.88,4.26,4.95,4.95,4.26,2.53,2.53,2.53,2.53
N_21_35,N_22_33,10.018564937528506,5.56,5.56,5.56,5.56,5.56,5.56,6.91,6.91,7.51,7.51,6.01,6.01,6.01,6.01,6.01,6.01,7.21,7.81,7.81,7.21,5.71,5.71,5.71,5.71
N_21_36,N_20_35,5.362596999009612,5.47,5.47,5.47,5.47,5.47,5.47,8.37,8.37,9.65,9.65,6.44,6.44,6.44,6.44,6.44,6.44,9.01,10.3,10.3,9.01,5.79,5.79,5.79,5.79
N_21_36,N_20_36,8.32654006256918,4.62,4.62,4.62,4.62,4.62,4.62,5.75,5.75,6.24,6.24,5.0,5.0,5.0,5.0,5.0,5.0,6.0,6.49,6.49,6.0,4.75,4.75,4.75,4.75
N_21_36,N_20_37,3.971064937366517,4.05,4.05,4.05,4.05,4.05,4.05,6.19,6.19,7.15,7.15,4.77,4.77,4.77,4.77,4.77,4.77,6.67,7.62,7.62,6.67,4.29,4.29,4.29,4.29
N_21_37,N_20_39,12.183886996224654,6.76,6.76,6.76,6.76,6.76,6.76,8.41,8.41,9.14,9.14,7.31,7.31,7.31,7.31,7.31,7.31,8.77,9.5,9.5,8.77,6.94,6.94,6.94,6.94
N_21_37,N_20_38,4.4384007503248935,4.53,4.53,4.53,4.53,4.53,4.53,6.92,6.92,7.99,7.99,5.33,5.33,5.33,5.33,5.33,5.33,7.46,8.52,8.52,7.46,4.79,4.79,4.79,4.79
N_21_37,N_22_36,3.604930602187988,3.68,3.68,3.68,3.68,3.68,3.68,5.62,5.62,6.49,6.49,4.33,4.33,4.33,4.33,4.33,4.33,6.06,6.92,6.92,6.06,3.89,3.89,3.89,3.89
N_21_38,N_22_37,8.15371336878238,4.53,4.53,4.53,4.53,4.53,4.53,5.63,5.63,6.12,6.12,4.89,4.89,4.89,4.89,4.89,4.89,5.87,6.36,6.36,5.87,4.65,4.65,4.65,4.65
N_21_38,N_21_36,0.6187546406801916,1.01,1.01,1.01,1.01,1.01,1.01,1.68,1.68,1.98,1.98,1.24,1.24,1.24,1.24,1.24,1.24,1.83,2.13,2.13,1.83,1.09,1.09,1.09,1.09
N_21_39,N_19_38,8.697689558179942,4.83,4.83,4.83,4.83,4.83,4.83,6.0,6.0,6.52,6.52,5.22,5.22,5.22,5.22,5.22,5.22,6.26,6.78,6.78,6.26,4.96,4.96,4.96,4.96
N_21_39,N_23_38,2.4075389483230945,3.95,3.95,3.95,3.95,3.95,3.95,6.55,6.55,7.7,7.7,4.82,4.82,4.82,4.82,4.82,4.82,7.13,8.28,8.28,7.13,4.24,4.24,4.24,4.24
N_21_39,N_22_39,1.742820353684259,2.86,2.86,2.86,2.86,2.86,2.86,4.74,4.74,5.58,5.58,3.49,3.49,3.49,3.49,3.49,3.49,5.16,6.0,6.0,5.16,3.07,3.07,3.07,3.07
N_21_4,N_20_3,6.751906456523518,6.89,6.89,6.89,6.89,6.89,6.89,10.53,10.53,12.15,12.15,8.1,8.1,8.1,8.1,8.1,8.1,11.34,12.96,12.96,11.34,7.29,7.29,7.29,7.29
N_21_4,N_22_4,1.6568825683095039,2.72,2.72,2.72,2.72,2.72,2.72,4.51,4.51,5.3,5.3,3.31,3.31,3.31,3.31,3.31,3.31,4.9,5.7,5.7,4.9,2.92,2.92,2.92,2.92
N_21_4,N_20_5,0.9488564926334524,1.56,1.56,1.56,1.56,1.56,1.56,2.58,2.58,3.04,3.04,1.9,1.9,1.9,1.9,1.9,1.9,2.81,3.26,3.26,2.81,1.67,1.67,1.67,1.67
N_21_5,N_20_3,6.901640045952078,7.04,7.04,7.04,7.04,7.04,7.04,10.77,10.77,12.42,12.42,8.28,8.28,8.28,8.28,8.28,8.28,11.59,13.25,13.25,11.59,7.45,7.45,7.45,7.45
N_21_5,N_22_7,8.57149608571549,4.76,4.76,4.76,4.76,4.76,4.76,5.91,5.91,6.43,6.43,5.14,5.14,5.14,5.14,5.14,5.14,6.17,6.69,6.69,6.17,4.89,4.89,4.89,4.89
N_21_5,N_22_3,6.756586478815214,6.89,6.89,6.89,6.89,6.89,6.89,10.54,10.54,12.16,12.16,8.11,8.11,8.11,8.11,8.11,8.11,11.35,12.97,12.97,11.35,7.3,7.3,7.3,7.3
N_21_5,N_20_7,9.815162242823927,5.45,5.45,5.45,5.45,5.45,5.45,6.77,6.77,7.36,7.36,5.89,5.89,5.89,5.89,5.89,5.89,7.07,7.66,7.66,7.07,5.59,5.59,5.59,5.59
N_21_6,N_20_4,3.502415953212751,3.57,3.57,3.57,3.57,3.57,3.57,5.46,5.46,6.3,6.3,4.2,4.2,4.2,4.2,4.2,4.2,5.88,6.72,6.72,5.88,3.78,3.78,3.78,3.78
N_21_6,N_22_6,3.434521652896543,3.5,3.5,3.5,3.5,3.5,3.5,5.36,5.36,6.18,6.18,4.12,4.12,4.12,4.12,4.12,4.12,5.77,6.59,6.59,5.77,3.71,3.71,3.71,3.71
N_21_7,N_23_6,2.077392513269408,3.41,3.41,3.41,3.41,3.41,3.41,5.65,5.65,6.65,6.65,4.15,4.15,4.15,4.15,4.15,4.15,6.15,7.15,7.15,6.15,3.66,3.66,3.66,3.66
N_21_7,N_22_8,8.008198667933717,4.44,4.44,4.44,4.44,4.44,4.44,5.53,5.53,6.01,6.01,4.8,4.8,4.8,4.8,4.8,4.8,5.77,6.25,6.25,5.77,4.56,4.56,4.56,4.56
N_21_8,N_19_9,13.230419004950434,7.34,7.34,7.34,7.34,7.34,7.34,9.13,9.13,9.92,9.92,7.94,7.94,7.94,7.94,7.94,7.94,9.53,10.32,10.32,9.53,7.54,7.54,7.54,7.54
N_21_8,N_21_7,13.368011553213679,7.42,7.42,7.42,7.42,7.42,7.42,9.22,9.22,10.03,10.03,8.02,8.02,8.02,8.02,8.02,8.02,9.62,10.43,10.43,9.62,7.62,7.62,7.62,7.62
N_21_8,N_20_8,5.276770609882062,5.38,5.38,5.38,5.38,5.38,5.38,8.23,8.23,9.5,9.5,6.33,6.33,6.33,6.33,6.33,6.33,8.86,10.13,10.13,8.86,5.7,5.7,5.7,5.7
N_21_9,N_21_10,3.6701278899699386,3.74,3.74,3.74,3.74,3.74,3.74,5.73,5.73,6.61,6.61,4.4,4.4,4.4,4.4,4.4,4.4,6.17,7.05,7.05,6.17,3.96,3.96,3.96,3.96
N_21_9,N_22_11,5.121776097657151,5.22,5.22,5.22,5.22,5.22,5.22,7.99,7.99,9.22,9.22,6.15,6.15,6.15,6.15,6.15,6.15,8.6,9.83,9.83,8.6,5.53,5.53,5.53,5.53
N_21_9,N_19_10,6.638049802203297,6.77,6.77,6.77,6.77,6.77,6.77,10.36,10.36,11.95,11.95,7.97,7.97,7.97,7.97,7.97,7.97,11.15,12.75,12.75,11.15,7.17,7.17,7.17,7.17
N_22_0,N_20_1,3.5280088044006512,3.6,3.6,3.6,3.6,3.6,3.6,5.5,5.5,6.35,6.35,4.23,4.23,4.23,4.23,4.23,4.23,5.93,6.77,6.77,5.93,3.81,3.81,3.81,3.81
N_22_0,N_21_0,6.294734481906081,6.42,6.42,6.42,6.42,6.42,6.42,9.82,9.82,11.33,11.33,7.55,7.55,7.55,7.55,7.55,7.55,10.58,12.09,12.09,10.58,6.8,6.8,6.8,6.8
N_22_0,N_21_1,6.636359974858429,6.77,6.77,6.77,6.77,6.77,6.77,10.35,10.35,11.95,11.95,7.96,7.96,7.96,7.96,7.96,7.96,11.15,12.74,12.74,11.15,7.17,7.17,7.17,7.17
N_22_1,N_21_0,1.4478672901904488,2.37,2.37,2.37,2.37,2.37,2.37,3.94,3.94,4.63,4.63,2.9,2.9,2.9,2.9,2.9,2.9,4.29,4.98,4.98,4.29,2.55,2.55,2.55,2.55
N_22_1,N_23_3,10.786665624517479,5.99,5.99,5.99,5.99,5.99,5.99,7.44,7.44,8.09,8.09,6.47,6.47,6.47,6.47,6.47,6.47,7.77,8.41,8.41,7.77,6.15,6.15,6.15,6.15
N_22_1,N_24_1,5.750102859131664,5.87,5.87,5.87,5.87,5.87,5.87,8.97,8.97,10.35,10.35,6.9,6.9,6.9,6.9,6.9,6.9,9.66,11.04,11.04,9.66,6.21,6.21,6.21,6.21
N_22_10,N_21_12,8.525946586056598,4.73,4.73,4.73,4.73,4.73,4.73,5.88,5.88,6.39,6.39,5.12,5.12,5.12,5.12,5.12,5.12,6.14,6.65,6.65,6.14,4.86,4.86,4.86,4.86
N_22_10,N_21_10,5.57316957140608,5.68,5.68,5.68,5.68,5.68,5.68,8.69,8.69,10.03,10.03,6.69,6.69,6.69,6.69,6.69,6.69,9.36,10.7,10.7,9.36,6.02,6.02,6.02,6.02
N_22_10,N_23_10,3.1996561057945323,3.26,3.26,3.26,3.26,3.26,3.26,4.99,4.99,5.76,5.76,3.84,3.84,3.84,3.84,3.84,3.84,5.38,6.14,6.14,5.38,3.46,3.46,3.46,3.46
N_22_10,N_21_8,14.724664034704766,8.17,8.17,8.17,8.17,8.17,8.17,10.16,10.16,11.04,11.04,8.83,8.83,8.83,8.83,8.83,8.83,10.6,11.49,11.49,10.6,8.39,8.39,8.39,8.39
N_22_10,N_24_10,3.2902976162687203,3.36,3.36,3.36,3.36,3.36,3.36,5.13,5.13,5.92,5.92,3.95,3.95,3.95,3.95,3.95,3.95,5.53,6.32,6.32,5.53,3.55,3.55,3.55,3.55
N_22_11,N_21_9,5.121776097657151,5.22,5.22,5.22,5.22,5.22,5.22,7.99,7.99,9.22,9.22,6.15,6.15,6.15,6.15,6.15,6.15,8.6,9.83,9.83,8.6,5.53,5.53,5.53,5.53
N_22_11,N_24_11,12.74068363081548,7.07,7.07,7.07,7.07,7.07,7.07,8.79,8.79,9.56,9.56,7.64,7.64,7.64,7.64,7.64,7.64,9.17,9.94,9.94,9.17,7.26,7.26,7.26,7.26
N_22_12,N_22_14,6.136369390446523,6.26,6.26,6.26,6.26,6.26,6.26,9.57,9.57,11.05,11.05,7.36,7.36,7.36,7.36,7.36,7.36,10.31,11.78,11.78,10.31,6.63,6.63,6.63,6.63
N_22_12,N_21_11,0.546078999104062,0.9,0.9,0.9,0.9,0.9,0.9,1.49,1.49,1.75,1.75,1.09,1.09,1.09,1.09,1.09,1.09,1.62,1.88,1.88,1.62,0.96,0.96,0.96,0.96
N_22_12,N_22_11,2.465416499953246,4.04,4.04,4.04,4.04,4.04,4.04,6.71,6.71,7.89,7.89,4.93,4.93,4.93,4.93,4.93,4.93,7.3,8.48,8.48,7.3,4.34,4.34,4.34,4.34
N_22_12,N_21_10,11.213749200419368,6.22,6.22,6.22,6.22,6.22,6.22,7.74,7.74,8.41,8.41,6.73,6.73,6.73,6.73,6.73,6.73,8.07,8.75,8.75,8.07,6.39,6.39,6.39,6.39
N_22_13,N_21_13,6.227379681523654,6.35,6.35,6.35,6.35,6.35,6.35,9.71,9.71,11.21,11.21,7.47,7.47,7.47,7.47,7.47,7.47,10.46,11.96,11.96,10.46,6.73,6.73,6.73,6.73
N_22_13,N_22_15,3.3035887961012977,3.37,3.37,3.37,3.37,3.37,3.37,5.15,5.15,5.95,5.95,3.96,3.96,3.96,3.96,3.96,3.96,5.55,6.34,6.34,5.55,3.57,3.57,3.57,3.57
N_22_13,N_20_13,11.846281902597575,6.57,6.57,6.57,6.57,6.57,6.57,8.17,8.17,8.88,8.88,7.11,7.11,7.11,7.11,7.11,7.11,8.53,9.24,9.24,8.53,6.75,6.75,6.75,6.75
N_22_13,N_21_15,6.708513913385817,6.84,6.84,6.84,6.84,6.84,6.84,10.47,10.47,12.08,12.08,8.05,8.05,8.05,8.05,8.05,8.05,11.27,12.88,12.88,11.27,7.25,7.25,7.25,7.25
N_22_14,N_20_15,5.947899129416422,6.07,6.07,6.07,6.07,6.07,6.07,9.28,9.28,10.71,10.71,7.14,7.14,7.14,7.14,7.14,7.14,9.99,11.42,11.42,9.99,6.42,6.42,6.42,6.42
N_22_14,N_22_15,8.449553867609911,4.69,4.69,4.69,4.69,4.69,4.69,5.83,5.83,6.34,6.34,5.07,5.07,5.07,5.07,5.07,5.07,6.08,6.59,6.59,6.08,4.82,4.82,4.82,4.82
N_22_14,N_24_15,6.019142246201984,6.14,6.14,6.14,6.14,6.14,6.14,9.39,9.39,10.83,10.83,7.22,7.22,7.22,7.22,7.22,7.22,10.11,11.56,11.56,10.11,6.5,6.5,6.5,6.5
N_22_14,N_22_13,6.260086453247187,6.39,6.39,6.39,6.39,6.39,6.39,9.77,9.77,11.27,11.27,7.51,7.51,7.51,7.51,7.51,7.51,10.52,12.02,12.02,10.52,6.76,6.76,6.76,6.76
N_22_15,N_22_13,3.3035887961012977,3.37,3.37,3.37,3.37,3.37,3.37,5.15,5.15,5.95,5.95,3.96,3.96,3.96,3.96,3.96,3.96,5.55,6.34,6.34,5.55,3.57,3.57,3.57,3.57
N_22_15,N_23_13,13.022282737961827,7.23,7.23,7.23,7.23,7.23,7.23,8.99,8.99,9.77,9.77,7.81,7.81,7.81,7.81,7.81,7.81,9.38,10.16,10.16,9.38,7.42,7.42,7.42,7.42
N_22_15,N_22_14,2.340067429524409,3.84,3.84,3.84,3.84,3.84,3.84,6.36,6.36,7.49,7.49,4.68,4.68,4.68,4.68,4.68,4.68,6.93,8.05,8.05,6.93,4.12,4.12,4.12,4.12
N_22_15,N_24_14,13.406987211789634,7.44,7.44,7.44,7.44,7.44,7.44,9.25,9.25,10.06,10.06,8.04,8.04,8.04,8.04,8.04,8.04,9.65,10.46,10.46,9.65,7.64,7.64,7.64,7.64
N_22_15,N_21_15,13.33760126085803,7.4,7.4,7.4,7.4,7.4,7.4,9.2,9.2,10.0,10.0,8.0,8.0,8.0,8.0,8.0,8.0,9.6,10.4,10.4,9.6,7.6,7.6,7.6,7.6
N_22_15,N_21_16,13.144897198650376,7.3,7.3,7.3,7.3,7.3,7.3,9.07,9.07,9.86,9.86,7.89,7.89,7.89,7.89,7.89,7.89,9.46,10.25,10.25,9.46,7.49,7.49,7.49,7.49
N_22_15,N_23_17,6.497155472738928,6.63,6.63,6.63,6.63,6.63,6.63,10.14,10.14,11.69,11.69,7.8,7.8,7.8,7.8,7.8,7.8,10.92,12.47,12.47,10.92,7.02,7.02,7.02,7.02
N_22_16,N_21_14,2.1359368634062,3.5,3.5,3.5,3.5,3.5,3.5,5.81,5.81,6.83,6.83,4.27,4.27,4.27,4.27,4.27,4.27,6.32,7.35,7.35,6.32,3.76,3.76,3.76,3.76
N_22_16,N_20_16,6.6954673988212505,6.83,6.83,6.83,6.83,6.83,6.83,10.44,10.44,12.05,12.05,8.03,8.03,8.03,8.03,8.03,8.03,11.25,12.86,12.86,11.25,7.23,7.23,7.23,7.23
N_22_16,N_21_18,6.857302582839051,6.99,6.99,6.99,6.99,6.99,6.99,10.7,10.7,12.34,12.34,8.23,8.23,8.23,8.23,8.23,8.23,11.52,13.17,13.17,11.52,7.41,7.41,7.41,7.41
N_22_17,N_20_17,3.3493174937202204,3.42,3.42,3.42,3.42,3.42,3.42,5.22,5.22,6.03,6.03,4.02,4.02,4.02,4.02,4.02,4.02,5.63,6.43,6.43,5.63,3.62,3.62,3.62,3.62
N_22_17,N_20_18,5.6850247684443875,5.8,5.8,5.8,5.8,5.8,5.8,8.87,8.87,10.23,10.23,6.82,6.82,6.82,6.82,6.82,6.82,9.55,10.92,10.92,9.55,6.14,6.14,6.14,6.14
N_22_17,N_21_19,3.2104553913297127,3.27,3.27,3.27,3.27,3.27,3.27,5.01,5.01,5.78,5.78,3.85,3.85,3.85,3.85,3.85,3.85,5.39,6.16,6.16,5.39,3.47,3.47,3.47,3.47
N_22_18,N_22_19,1.3806485109997009,2.26,2.26,2.26,2.26,2.26,2.26,3.76,3.76,4.42,4.42,2.76,2.76,2.76,2.76,2.76,2.76,4.09,4.75,4.75,4.09,2.43,2.43,2.43,2.43
N_22_18,N_20_18,1.698518147002196,2.79,2.79,2.79,2.79,2.79,2.79,4.62,4.62,5.44,5.44,3.4,3.4,3.4,3.4,3.4,3.4,5.03,5.84,5.84,5.03,2.99,2.99,2.99,2.99
N_22_18,N_21_17,9.585804512620486,5.32,5.32,5.32,5.32,5.32,5.32,6.61,6.61,7.19,7.19,5.75,5.75,5.75,5.75,5.75,5.75,6.9,7.48,7.48,6.9,5.46,5.46,5.46,5.46
N_22_18,N_21_18,13.164799025914192,7.31,7.31,7.31,7.31,7.31,7.31,9.08,9.08,9.87,9.87,7.9,7.9,7.9,7.9,7.9,7.9,9.48,10.27,10.27,9.48,7.5,7.5,7.5,7.5
N_22_19,N_20_19,4.415933590137783,4.5,4.5,4.5,4.5,4.5,4.5,6.89,6.89,7.95,7.95,5.3,5.3,5.3,5.3,5.3,5.3,7.42,8.48,8.48,7.42,4.77,4.77,4.77,4.77
N_22_19,N_21_18,8.976347764284967,4.98,4.98,4.98,4.98,4.98,4.98,6.19,6.19,6.73,6.73,5.39,5.39,5.39,5.39,5.39,5.39,6.46,7.0,7.0,6.46,5.12,5.12,5.12,5.12
N_22_19,N_22_17,9.262933424417398,5.14,5.14,5.14,5.14,5.14,5.14,6.39,6.39,6.95,6.95,5.56,5.56,5.56,5.56,5.56,5.56,6.67,7.23,7.23,6.67,5.28,5.28,5.28,5.28
N_22_2,N_21_0,13.145869935915648,7.3,7.3,7.3,7.3,7.3,7.3,9.07,9.07,9.86,9.86,7.89,7.89,7.89,7.89,7.89,7.89,9.47,10.25,10.25,9.47,7.49,7.49,7.49,7.49
N_22_2,N_23_0,5.1781401452163,5.28,5.28,5.28,5.28,5.28,5.28,8.08,8.08,9.32,9.32,6.21,6.21,6.21,6.21,6.21,6.21,8.7,9.94,9.94,8.7,5.59,5.59,5.59,5.59
N_22_20,N_21_22,11.523524582815261,6.4,6.4,6.4,6.4,6.4,6.4,7.95,7.95,8.64,8.64,6.91,6.91,6.91,6.91,6.91,6.91,8.3,8.99,8.99,8.3,6.57,6.57,6.57,6.57
N_22_20,N_23_21,3.004514187739231,3.06,3.06,3.06,3.06,3.06,3.06,4.69,4.69,5.41,5.41,3.61,3.61,3.61,3.61,3.61,3.61,5.05,5.77,5.77,5.05,3.24,3.24,3.24,3.24
N_22_20,N_23_19,12.087437345018555,6.71,6.71,6.71,6.71,6.71,6.71,8.34,8.34,9.07,9.07,7.25,7.25,7.25,7.25,7.25,7.25,8.7,9.43,9.43,8.7,6.89,6.89,6.89,6.89
N_22_21,N_21_22,2.307104100791401,3.78,3.78,3.78,3.78,3.78,3.78,6.28,6.28,7.38,7.38,4.61,4.61,4.61,4.61,4.61,4.61,6.83,7.94,7.94,6.83,4.06,4.06,4.06,4.06
N_22_21,N_23_21,8.629041999077517,4.79,4.79,4.79,4.79,4.79,4.79,5.95,5.95,6.47,6.47,5.18,5.18,5.18,5.18,5.18,5.18,6.21,6.73,6.73,6.21,4.92,4.92,4.92,4.92
N_22_21,N_21_20,6.4411657723254745,6.57,6.57,6.57,6.57,6.57,6.57,10.05,10.05,11.59,11.59,7.73,7.73,7.73,7.73,7.73,7.73,10.82,12.37,12.37,10.82,6.96,6.96,6.96,6.96
N_22_22,N_22_20,4.300585385893633,4.39,4.39,4.39,4.39,4.39,4.39,6.71,6.71,7.74,7.74,5.16,5.16,5.16,5.16,5.16,5.16,7.22,8.26,8.26,7.22,4.64,4.64,4.64,4.64
N_22_22,N_22_23,5.3998691657963676,5.51,5.51,5.51,5.51,5.51,5.51,8.42,8.42,9.72,9.72,6.48,6.48,6.48,6.48,6.48,6.48,9.07,10.37,10.37,9.07,5.83,5.83,5.83,5.83
N_22_22,N_24_22,1.1193346687320638,1.84,1.84,1.84,1.84,1.84,1.84,3.04,3.04,3.58,3.58,2.24,2.24,2.24,2.24,2.24,2.24,3.31,3.85,3.85,3.31,1.97,1.97,1.97,1.97
N_22_23,N_21_25,0.7179472193338501,1.18,1.18,1.18,1.18,1.18,1.18,1.95,1.95,2.3,2.3,1.44,1.44,1.44,1.44,1.44,1.44,2.13,2.47,2.47,2.13,1.26,1.26,1.26,1.26
N_22_23,N_23_24,4.594200525360965,4.69,4.69,4.69,4.69,4.69,4.69,7.17,7.17,8.27,8.27,5.51,5.51,5.51,5.51,5.51,5.51,7.72,8.82,8.82,7.72,4.96,4.96,4.96,4.96
N_22_24,N_20_25,6.789800102606577,6.93,6.93,6.93,6.93,6.93,6.93,10.59,10.59,12.22,12.22,8.15,8.15,8.15,8.15,8.15,8.15,11.41,13.04,13.04,11.41,7.33,7.33,7.33,7.33
N_22_24,N_22_25,10.175589501569604,5.65,5.65,5.65,5.65,5.65,5.65,7.02,7.02,7.63,7.63,6.11,6.11,6.11,6.11,6.11,6.11,7.33,7.94,7.94,7.33,5.8,5.8,5.8,5.8
N_22_24,N_21_24,3.0666478018483168,3.13,3.13,3.13,3.13,3.13,3.13,4.78,4.78,5.52,5.52,3.68,3.68,3.68,3.68,3.68,3.68,5.15,5.89,5.89,5.15,3.31,3.31,3.31,3.31
N_22_24,N_24_23,2.332985515211298,3.83,3.83,3.83,3.83,3.83,3.83,6.35,6.35,7.47,7.47,4.67,4.67,4.67,4.67,4.67,4.67,6.91,8.03,8.03,6.91,4.11,4.11,4.11,4.11
N_22_25,N_20_24,11.42983711541208,6.34,6.34,6.34,6.34,6.34,6.34,7.89,7.89,8.57,8.57,6.86,6.86,6.86,6.86,6.86,6.86,8.23,8.92,8.92,8.23,6.52,6.52,6.52,6.52
N_22_25,N_20_25,1.8999405903522086,3.12,3.12,3.12,3.12,3.12,3.12,5.17,5.17,6.08,6.08,3.8,3.8,3.8,3.8,3.8,3.8,5.62,6.54,6.54,5.62,3.34,3.34,3.34,3.34
N_22_25,N_20_26,4.45709609350134,4.55,4.55,4.55,4.55,4.55,4.55,6.95,6.95,8.02,8.02,5.35,5.35,5.35,5.35,5.35,5.35,7.49,8.56,8.56,7.49,4.81,4.81,4.81,4.81
N_22_25,N_21_24,8.34425352991619,4.63,4.63,4.63,4.63,4.63,4.63,5.76,5.76,6.26,6.26,5.01,5.01,5.01,5.01,5.01,5.01,6.01,6.51,6.51,6.01,4.76,4.76,4.76,4.76
N_22_26,N_20_27,6.560553358087913,6.69,6.69,6.69,6.69,6.69,6.69,10.23,10.23,11.81,11.81,7.87,7.87,7.87,7.87,7.87,7.87,11.02,12.6,12.6,11.02,7.09,7.09,7.09,7.09
N_22_26,N_21_25,5.555926661579582,5.67,5.67,5.67,5.67,5.67,5.67,8.67,8.67,10.0,10.0,6.67,6.67,6.67,6.67,6.67,6.67,9.33,10.67,10.67,9.33,6.0,6.0,6.0,6.0
N_22_26,N_22_27,12.433967728899344,6.9,6.9,6.9,6.9,6.9,6.9,8.58,8.58,9.33,9.33,7.46,7.46,7.46,7.46,7.46,7.46,8.95,9.7,9.7,8.95,7.09,7.09,7.09,7.09
N_22_26,N_22_24,4.184361597481419,4.27,4.27,4.27,4.27,4.27,4.27,6.53,6.53,7.53,7.53,5.02,5.02,5.02,5.02,5.02,5.02,7.03,8.03,8.03,7.03,4.52,4.52,4.52,4.52
N_22_27,N_22_26,12.433967728899344,6.9,6.9,6.9,6.9,6.9,6.9,8.58,8.58,9.33,9.33,7.46,7.46,7.46,7.46,7.46,7.46,8.95,9.7,9.7,8.95,7.09,7.09,7.09,7.09
N_22_27,N_20_28,4.29106077238775,4.38,4.38,4.38,4.38,4.38,4.38,6.69,6.69,7.72,7.72,5.15,5.15,5.15,5.15,5.15,5.15,7.21,8.24,8.24,7.21,4.63,4.63,4.63,4.63
N_22_27,N_23_27,1.8274110501847816,3.0,3.0,3.0,3.0,3.0,3.0,4.97,4.97,5.85,5.85,3.65,3.65,3.65,3.65,3.65,3.65,5.41,6.29,6.29,5.41,3.22,3.22,3.22,3.22
N_22_27,N_24_26,10.353719241098057,5.75,5.75,5.75,5.75,5.75,5.75,7.14,7.14,7.77,7.77,6.21,6.21,6.21,6.21,6.21,6.21,7.45,8.08,8.08,7.45,5.9,5.9,5.9,5.9
N_22_27,N_23_29,3.587148433308229,3.66,3.66,3.66,3.66,3.66,3.66,5.6,5.6,6.46,6.46,4.3,4.3,4.3,4.3,4.3,4.3,6.03,6.89,6.89,6.03,3.87,3.87,3.87,3.87
N_22_28,N_23_26,10.327611497989414,5.73,5.73,5.73,5.73,5.73,5.73,7.13,7.13,7.75,7.75,6.2,6.2,6.2,6.2,6.2,6.2,7.44,8.06,8.06,7.44,5.89,5.89,5.89,5.89
N_22_28,N_20_27,5.026241610212129,5.13,5.13,5.13,5.13,5.13,5.13,7.84,7.84,9.05,9.05,6.03,6.03,6.03,6.03,6.03,6.03,8.44,9.65,9.65,8.44,5.43,5.43,5.43,5.43
N_22_28,N_20_29,3.103642510379602,3.17,3.17,3.17,3.17,3.17,3.17,4.84,4.84,5.59,5.59,3.72,3.72,3.72,3.72,3.72,3.72,5.21,5.96,5.96,5.21,3.35,3.35,3.35,3.35
N_22_29,N_21_27,4.256127411519142,4.34,4.34,4.34,4.34,4.34,4.34,6.64,6.64,7.66,7.66,5.11,5.11,5.11,5.11,5.11,5.11,7.15,8.17,8.17,7.15,4.6,4.6,4.6,4.6
N_22_29,N_22_27,1.833417360693421,3.01,3.01,3.01,3.01,3.01,3.01,4.99,4.99,5.87,5.87,3.67,3.67,3.67,3.67,3.67,3.67,5.43,6.31,6.31,5.43,3.23,3.23,3.23,3.23
N_22_29,N_23_29,8.535746789782104,4.74,4.74,4.74,4.74,4.74,4.74,5.89,5.89,6.4,6.4,5.12,5.12,5.12,5.12,5.12,5.12,6.15,6.66,6.66,6.15,4.87,4.87,4.87,4.87
N_22_29,N_22_31,5.050636204092426,5.15,5.15,5.15,5.15,5.15,5.15,7.88,7.88,9.09,9.09,6.06,6.06,6.06,6.06,6.06,6.06,8.49,9.7,9.7,8.49,5.45,5.45,5.45,5.45
N_22_3,N_21_5,6.756586478815214,6.89,6.89,6.89,6.89,6.89,6.89,10.54,10.54,12.16,12.16,8.11,8.11,8.11,8.11,8.11,8.11,11.35,12.97,12.97,11.35,7.3,7.3,7.3,7.3
N_22_3,N_22_5,6.503140671836457,6.63,6.63,6.63,6.63,6.63,6.63,10.14,10.14,11.71,11.71,7.8,7.8,7.8,7.8,7.8,7.8,10.93,12.49,12.49,10.93,7.02,7.02,7.02,7.02
N_22_3,N_20_2,9.963356569517103,5.53,5.53,5.53,5.53,5.53,5.53,6.87,6.87,7.47,7.47,5.98,5.98,5.98,5.98,5.98,5.98,7.17,7.77,7.77,7.17,5.68,5.68,5.68,5.68
N_22_30,N_21_29,9.56565494693903,5.31,5.31,5.31,5.31,5.31,5.31,6.6,6.6,7.17,7.17,5.74,5.74,5.74,5.74,5.74,5.74,6.89,7.46,7.46,6.89,5.45,5.45,5.45,5.45
N_22_30,N_22_28,12.798435349309152,7.1,7.1,7.1,7.1,7.1,7.1,8.83,8.83,9.6,9.6,7.68,7.68,7.68,7.68,7.68,7.68,9.21,9.98,9.98,9.21,7.3,7.3,7.3,7.3
N_22_30,N_24_29,6.752507376684516,6.89,6.89,6.89,6.89,6.89,6.89,10.53,10.53,12.15,12.15,8.1,8.1,8.1,8.1,8.1,8.1,11.34,12.96,12.96,11.34,7.29,7.29,7.29,7.29
N_22_30,N_24_31,0.9439167874008207,1.55,1.55,1.55,1.55,1.55,1.55,2.57,2.57,3.02,3.02,1.89,1.89,1.89,1.89,1.89,1.89,2.79,3.25,3.25,2.79,1.66,1.66,1.66,1.66
N_22_31,N_22_29,5.050636204092426,5.15,5.15,5.15,5.15,5.15,5.15,7.88,7.88,9.09,9.09,6.06,6.06,6.06,6.06,6.06,6.06,8.49,9.7,9.7,8.49,5.45,5.45,5.45,5.45
N_22_31,N_20_31,5.819889835476211,5.94,5.94,5.94,5.94,5.94,5.94,9.08,9.08,10.48,10.48,6.98,6.98,6.98,6.98,6.98,6.98,9.78,11.17,11.17,9.78,6.29,6.29,6.29,6.29
N_22_31,N_20_30,1.728047938937412,2.83,2.83,2.83,2.83,2.83,2.83,4.7,4.7,5.53,5.53,3.46,3.46,3.46,3.46,3.46,3.46,5.12,5.94,5.94,5.12,3.04,3.04,3.04,3.04
N_22_32,N_21_33,4.654933322917765,4.75,4.75,4.75,4.75,4.75,4.75,7.26,7.26,8.38,8.38,5.59,5.59,5.59,5.59,5.59,5.59,7.82,8.94,8.94,7.82,5.03,5.03,5.03,5.03
N_22_32,N_22_30,4.663279147755274,4.76,4.76,4.76,4.76,4.76,4.76,7.27,7.27,8.39,8.39,5.6,5.6,5.6,5.6,5.6,5.6,7.83,8.95,8.95,7.83,5.04,5.04,5.04,5.04
N_22_32,N_22_33,3.8714367161808174,3.95,3.95,3.95,3.95,3.95,3.95,6.04,6.04,6.97,6.97,4.65,4.65,4.65,4.65,4.65,4.65,6.5,7.43,7.43,6.5,4.18,4.18,4.18,4.18
N_22_32,N_21_30,1.172078923812732,1.92,1.92,1.92,1.92,1.92,1.92,3.19,3.19,3.75,3.75,2.34,2.34,2.34,2.34,2.34,2.34,3.47,4.03,4.03,3.47,2.06,2.06,2.06,2.06
N_22_33,N_21_33,3.3119163862657865,3.38,3.38,3.38,3.38,3.38,3.38,5.17,5.17,5.96,5.96,3.97,3.97,3.97,3.97,3.97,3.97,5.56,6.36,6.36,5.56,3.58,3.58,3.58,3.58
N_22_33,N_21_35,10.018564937528506,5.56,5.56,5.56,5.56,5.56,5.56,6.91,6.91,7.51,7.51,6.01,6.01,6.01,6.01,6.01,6.01,7.21,7.81,7.81,7.21,5.71,5.71,5.71,5.71
N_22_33,N_22_32,3.8714367161808174,3.95,3.95,3.95,3.95,3.95,3.95,6.04,6.04,6.97,6.97,4.65,4.65,4.65,4.65,4.65,4.65,6.5,7.43,7.43,6.5,4.18,4.18,4.18,4.18
N_22_34,N_20_35,1.2278879181700995,2.01,2.01,2.01,2.01,2.01,2.01,3.34,3.34,3.93,3.93,2.46,2.46,2.46,2.46,2.46,2.46,3.63,4.22,4.22,3.63,2.16,2.16,2.16,2.16
N_22_34,N_21_34,4.73607972691368,4.83,4.83,4.83,4.83,4.83,4.83,7.39,7.39,8.52,8.52,5.68,5.68,5.68,5.68,5.68,5.68,7.96,9.09,9.09,7.96,5.11,5.11,5.11,5.11
N_22_34,N_21_32,9.820375554988201,5.45,5.45,5.45,5.45,5.45,5.45,6.78,6.78,7.37,7.37,5.89,5.89,5.89,5.89,5.89,5.89,7.07,7.66,7.66,7.07,5.6,5.6,5.6,5.6
N_22_35,N_22_33,13.239233495743305,7.35,7.35,7.35,7.35,7.35,7.35,9.14,9.14,9.93,9.93,7.94,7.94,7.94,7.94,7.94,7.94,9.53,10.33,10.33,9.53,7.55,7.55,7.55,7.55
N_22_35,N_23_35,13.201628552123825,7.33,7.33,7.33,7.33,7.33,7.33,9.11,9.11,9.9,9.9,7.92,7.92,7.92,7.92,7.92,7.92,9.51,10.3,10.3,9.51,7.52,7.52,7.52,7.52
N_22_35,N_20_36,2.1116370505427353,3.46,3.46,3.46,3.46,3.46,3.46,5.74,5.74,6.76,6.76,4.22,4.22,4.22,4.22,4.22,4.22,6.25,7.26,7.26,6.25,3.72,3.72,3.72,3.72
N_22_35,N_20_34,5.0919680467922355,5.19,5.19,5.19,5.19,5.19,5.19,7.94,7.94,9.17,9.17,6.11,6.11,6.11,6.11,6.11,6.11,8.55,9.78,9.78,8.55,5.5,5.5,5.5,5.5
N_22_35,N_21_37,4.391105462363221,4.48,4.48,4.48,4.48,4.48,4.48,6.85,6.85,7.9,7.9,5.27,5.27,5.27,5.27,5.27,5.27,7.38,8.43,8.43,7.38,4.74,4.74,4.74,4.74
N_22_35,N_24_36,8.059632700823395,4.47,4.47,4.47,4.47,4.47,4.47,5.56,5.56,6.04,6.04,4.84,4.84,4.84,4.84,4.84,4.84,5.8,6.29,6.29,5.8,4.59,4.59,4.59,4.59
N_22_35,N_21_33,4.064111897961254,4.15,4.15,4.15,4.15,4.15,4.15,6.34,6.34,7.32,7.32,4.88,4.88,4.88,4.88,4.88,4.88,6.83,7.8,7.8,6.83,4.39,4.39,4.39,4.39
N_22_36,N_21_37,3.604930602187988,3.68,3.68,3.68,3.68,3.68,3.68,5.62,5.62,6.49,6.49,4.33,4.33,4.33,4.33,4.33,4.33,6.06,6.92,6.92,6.06,3.89,3.89,3.89,3.89
N_22_36,N_22_35,6.81259073180024,6.95,6.95,6.95,6.95,6.95,6.95,10.63,10.63,12.26,12.26,8.18,8.18,8.18,8.18,8.18,8.18,11.45,13.08,13.08,11.45,7.36,7.36,7.36,7.36
N_22_37,N_21_38,8.15371336878238,4.53,4.53,4.53,4.53,4.53,4.53,5.63,5.63,6.12,6.12,4.89,4.89,4.89,4.89,4.89,4.89,5.87,6.36,6.36,5.87,4.65,4.65,4.65,4.65
N_22_37,N_23_35,9.754770880343083,5.41,5.41,5.41,5.41,5.41,5.41,6.73,6.73,7.32,7.32,5.85,5.85,5.85,5.85,5.85,5.85,7.02,7.61,7.61,7.02,5.56,5.56,5.56,5.56
N_22_37,N_20_37,3.372844611498779,3.44,3.44,3.44,3.44,3.44,3.44,5.26,5.26,6.07,6.07,4.05,4.05,4.05,4.05,4.05,4.05,5.67,6.48,6.48,5.67,3.64,3.64,3.64,3.64
N_22_37,N_21_36,4.783000639422989,4.88,4.88,4.88,4.88,4.88,4.88,7.46,7.46,8.61,8.61,5.74,5.74,5.74,5.74,5.74,5.74,8.04,9.18,9.18,8.04,5.17,5.17,5.17,5.17
N_22_38,N_21_38,11.276415223096828,6.26,6.26,6.26,6.26,6.26,6.26,7.78,7.78,8.46,8.46,6.77,6.77,6.77,6.77,6.77,6.77,8.12,8.8,8.8,8.12,6.43,6.43,6.43,6.43
N_22_38,N_24_39,3.7105058693912443,3.78,3.78,3.78,3.78,3.78,3.78,5.79,5.79,6.68,6.68,4.45,4.45,4.45,4.45,4.45,4.45,6.23,7.12,7.12,6.23,4.01,4.01,4.01,4.01
N_22_39,N_21_39,1.742820353684259,2.86,2.86,2.86,2.86,2.86,2.86,4.74,4.74,5.58,5.58,3.49,3.49,3.49,3.49,3.49,3.49,5.16,6.0,6.0,5.16,3.07,3.07,3.07,3.07
N_22_39,N_24_38,12.097848254409701,6.71,6.71,6.71,6.71,6.71,6.71,8.35,8.35,9.07,9.07,7.26,7.26,7.26,7.26,7.26,7.26,8.71,9.44,9.44,8.71,6.9,6.9,6.9,6.9
N_22_4,N_21_4,1.6568825683095039,2.72,2.72,2.72,2.72,2.72,2.72,4.51,4.51,5.3,5.3,3.31,3.31,3.31,3.31,3.31,3.31,4.9,5.7,5.7,4.9,2.92,2.92,2.92,2.92
N_22_4,N_22_6,11.63062082618853,6.45,6.45,6.45,6.45,6.45,6.45,8.03,8.03,8.72,8.72,6.98,6.98,6.98,6.98,6.98,6.98,8.37,9.07,9.07,8.37,6.63,6.63,6.63,6.63
N_22_4,N_22_3,2.196770682089886,3.6,3.6,3.6,3.6,3.6,3.6,5.98,5.98,7.03,7.03,4.39,4.39,4.39,4.39,4.39,4.39,6.5,7.56,7.56,6.5,3.87,3.87,3.87,3.87
N_22_5,N_22_3,6.503140671836457,6.63,6.63,6.63,6.63,6.63,6.63,10.14,10.14,11.71,11.71,7.8,7.8,7.8,7.8,7.8,7.8,10.93,12.49,12.49,10.93,7.02,7.02,7.02,7.02
N_22_5,N_23_7,8.656779814074218,4.8,4.8,4.8,4.8,4.8,4.8,5.97,5.97,6.49,6.49,5.19,5.19,5.19,5.19,5.19,5.19,6.23,6.75,6.75,6.23,4.93,4.93,4.93,4.93
N_22_6,N_21_6,3.434521652896543,3.5,3.5,3.5,3.5,3.5,3.5,5.36,5.36,6.18,6.18,4.12,4.12,4.12,4.12,4.12,4.12,5.77,6.59,6.59,5.77,3.71,3.71,3.71,3.71
N_22_6,N_22_4,11.63062082618853,6.45,6.45,6.45,6.45,6.45,6.45,8.03,8.03,8.72,8.72,6.98,6.98,6.98,6.98,6.98,6.98,8.37,9.07,9.07,8.37,6.63,6.63,6.63,6.63
N_22_6,N_23_5,1.0080239924570937,1.65,1.65,1.65,1.65,1.65,1.65,2.74,2.74,3.23,3.23,2.02,2.02,2.02,2.02,2.02,2.02,2.98,3.47,3.47,2.98,1.77,1.77,1.77,1.77
N_22_6,N_23_6,4.207420133043404,4.29,4.29,4.29,4.29,4.29,4.29,6.56,6.56,7.57,7.57,5.05,5.05,5.05,5.05,5.05,5.05,7.07,8.08,8.08,7.07,4.54,4.54,4.54,4.54
N_22_6,N_22_7,11.343570886176593,6.3,6.3,6.3,6.3,6.3,6.3,7.83,7.83,8.51,8.51,6.81,6.81,6.81,6.81,6.81,6.81,8.17,8.85,8.85,8.17,6.47,6.47,6.47,6.47
N_22_6,N_20_7,10.837621054650551,6.01,6.01,6.01,6.01,6.01,6.01,7.48,7.48,8.13,8.13,6.5,6.5,6.5,6.5,6.5,6.5,7.8,8.45,8.45,7.8,6.18,6.18,6.18,6.18
N_22_7,N_20_6,6.638969319566659,6.77,6.77,6.77,6.77,6.77,6.77,10.36,10.36,11.95,11.95,7.97,7.97,7.97,7.97,7.97,7.97,11.15,12.75,12.75,11.15,7.17,7.17,7.17,7.17
N_22_7,N_22_6,11.343570886176593,6.3,6.3,6.3,6.3,6.3,6.3,7.83,7.83,8.51,8.51,6.81,6.81,6.81,6.81,6.81,6.81,8.17,8.85,8.85,8.17,6.47,6.47,6.47,6.47
N_22_7,N_23_9,6.887934188336409,7.03,7.03,7.03,7.03,7.03,7.03,10.75,10.75,12.4,12.4,8.27,8.27,8.27,8.27,8.27,8.27,11.57,13.22,13.22,11.57,7.44,7.44,7.44,7.44
N_22_7,N_24_6,6.696621407898738,6.83,6.83,6.83,6.83,6.83,6.83,10.45,10.45,12.05,12.05,8.04,8.04,8.04,8.04,8.04,8.04,11.25,12.86,12.86,11.25,7.23,7.23,7.23,7.23
N_22_7,N_23_5,5.76014934508895,5.88,5.88,5.88,5.88,5.88,5.88,8.99,8.99,10.37,10.37,6.91,6.91,6.91,6.91,6.91,6.91,9.68,11.06,11.06,9.68,6.22,6.22,6.22,6.22
N_22_7,N_21_9,11.810579606805634,6.55,6.55,6.55,6.55,6.55,6.55,8.15,8.15,8.86,8.86,7.09,7.09,7.09,7.09,7.09,7.09,8.5,9.21,9.21,8.5,6.73,6.73,6.73,6.73
N_22_8,N_20_8,1.6705951294236392,2.74,2.74,2.74,2.74,2.74,2.74,4.54,4.54,5.35,5.35,3.34,3.34,3.34,3.34,3.34,3.34,4.94,5.75,5.75,4.94,2.94,2.94,2.94,2.94
N_22_8,N_21_7,8.008198667933717,4.44,4.44,4.44,4.44,4.44,4.44,5.53,5.53,6.01,6.01,4.8,4.8,4.8,4.8,4.8,4.8,5.77,6.25,6.25,5.77,4.56,4.56,4.56,4.56
N_22_8,N_21_6,1.5379598914059969,2.52,2.52,2.52,2.52,2.52,2.52,4.18,4.18,4.92,4.92,3.08,3.08,3.08,3.08,3.08,3.08,4.55,5.29,5.29,4.55,2.71,2.71,2.71,2.71
N_22_8,N_22_7,6.742692323969063,6.88,6.88,6.88,6.88,6.88,6.88,10.52,10.52,12.14,12.14,8.09,8.09,8.09,8.09,8.09,8.09,11.33,12.95,12.95,11.33,7.28,7.28,7.28,7.28
N_22_9,N_20_10,4.631766112598392,4.72,4.72,4.72,4.72,4.72,4.72,7.23,7.23,8.34,8.34,5.56,5.56,5.56,5.56,5.56,5.56,7.78,8.89,8.89,7.78,5.0,5.0,5.0,5.0
N_22_9,N_23_11,5.814027658695315,5.93,5.93,5.93,5.93,5.93,5.93,9.07,9.07,10.47,10.47,6.98,6.98,6.98,6.98,6.98,6.98,9.77,11.16,11.16,9.77,6.28,6.28,6.28,6.28
N_22_9,N_22_7,1.2333375568101344,2.02,2.02,2.02,2.02,2.02,2.02,3.35,3.35,3.95,3.95,2.47,2.47,2.47,2.47,2.47,2.47,3.65,4.24,4.24,3.65,2.17,2.17,2.17,2.17
N_22_9,N_24_8,6.205496672266334,6.33,6.33,6.33,6.33,6.33,6.33,9.68,9.68,11.17,11.17,7.45,7.45,7.45,7.45,7.45,7.45,10.43,11.91,11.91,10.43,6.7,6.7,6.7,6.7
N_23_0,N_22_2,5.1781401452163,5.28,5.28,5.28,5.28,5.28,5.28,8.08,8.08,9.32,9.32,6.21,6.21,6.21,6.21,6.21,6.21,8.7,9.94,9.94,8.7,5.59,5.59,5.59,5.59
N_23_0,N_24_2,6.319266181114488,6.45,6.45,6.45,6.45,6.45,6.45,9.86,9.86,11.37,11.37,7.58,7.58,7.58,7.58,7.58,7.58,10.62,12.13,12.13,10.62,6.82,6.82,6.82,6.82
N_23_0,N_22_0,6.670517956242048,6.8,6.8,6.8,6.8,6.8,6.8,10.41,10.41,12.01,12.01,8.0,8.0,8.0,8.0,8.0,8.0,11.21,12.81,12.81,11.21,7.2,7.2,7.2,7.2
N_23_1,N_22_3,1.6582119315388255,2.72,2.72,2.72,2.72,2.72,2.72,4.51,4.51,5.31,5.31,3.32,3.32,3.32,3.32,3.32,3.32,4.91,5.7,5.7,4.91,2.92,2.92,2.92,2.92
N_23_1,N_21_2,2.261470617549612,3.71,3.71,3.71,3.71,3.71,3.71,6.15,6.15,7.24,7.24,4.52,4.52,4.52,4.52,4.52,4.52,6.69,7.78,7.78,6.69,3.98,3.98,3.98,3.98
N_23_10,N_22_10,3.1996561057945323,3.26,3.26,3.26,3.26,3.26,3.26,4.99,4.99,5.76,5.76,3.84,3.84,3.84,3.84,3.84,3.84,5.38,6.14,6.14,5.38,3.46,3.46,3.46,3.46
N_23_10,N_24_9,6.7218895227613515,6.86,6.86,6.86,6.86,6.86,6.86,10.49,10.49,12.1,12.1,8.07,8.07,8.07,8.07,8.07,8.07,11.29,12.91,12.91,11.29,7.26,7.26,7.26,7.26
N_23_10,N_22_9,5.051634579725709,5.15,5.15,5.15,5.15,5.15,5.15,7.88,7.88,9.09,9.09,6.06,6.06,6.06,6.06,6.06,6.06,8.49,9.7,9.7,8.49,5.46,5.46,5.46,5.46
N_23_10,N_21_10,10.836804733199784,6.01,6.01,6.01,6.01,6.01,6.01,7.48,7.48,8.13,8.13,6.5,6.5,6.5,6.5,6.5,6.5,7.8,8.45,8.45,7.8,6.18,6.18,6.18,6.18
N_23_11,N_22_9,5.814027658695315,5.93,5.93,5.93,5.93,5.93,5.93,9.07,9.07,10.47,10.47,6.98,6.98,6.98,6.98,6.98,6.98,9.77,11.16,11.16,9.77,6.28,6.28,6.28,6.28
N_23_11,N_21_10,3.7565735311983315,3.83,3.83,3.83,3.83,3.83,3.83,5.86,5.86,6.76,6.76,4.51,4.51,4.51,4.51,4.51,4.51,6.31,7.21,7.21,6.31,4.06,4.06,4.06,4.06
N_23_11,N_21_12,2.1568093606852314,3.54,3.54,3.54,3.54,3.54,3.54,5.87,5.87,6.9,6.9,4.31,4.31,4.31,4.31,4.31,4.31,6.38,7.42,7.42,6.38,3.8,3.8,3.8,3.8
N_23_11,N_23_13,3.550835886339036,3.62,3.62,3.62,3.62,3.62,3.62,5.54,5.54,6.39,6.39,4.26,4.26,4.26,4.26,4.26,4.26,5.97,6.82,6.82,5.97,3.83,3.83,3.83,3.83
N_23_12,N_21_11,12.48178583427657,6.93,6.93,6.93,6.93,6.93,6.93,8.61,8.61,9.36,9.36,7.49,7.49,7.49,7.49,7.49,7.49,8.99,9.74,9.74,8.99,7.11,7.11,7.11,7.11
N_23_12,N_22_11,5.944249713144586,6.06,6.06,6.06,6.06,6.06,6.06,9.27,9.27,10.7,10.7,7.13,7.13,7.13,7.13,7.13,7.13,9.99,11.41,11.41,9.99,6.42,6.42,6.42,6.42
N_23_12,N_22_10,3.11135572147783,3.17,3.17,3.17,3.17,3.17,3.17,4.85,4.85,5.6,5.6,3.73,3.73,3.73,3.73,3.73,3.73,5.23,5.97,5.97,5.23,3.36,3.36,3.36,3.36
N_23_12,N_24_14,4.988026859094175,5.09,5.09,5.09,5.09,5.09,5.09,7.78,7.78,8.98,8.98,5.99,5.99,5.99,5.99,5.99,5.99,8.38,9.58,9.58,8.38,5.39,5.39,5.39,5.39
N_23_12,N_23_14,2.307234649744667,3.78,3.78,3.78,3.78,3.78,3.78,6.28,6.28,7.38,7.38,4.61,4.61,4.61,4.61,4.61,4.61,6.83,7.94,7.94,6.83,4.06,4.06,4.06,4.06
N_23_12,N_24_13,6.380845203204228,6.51,6.51,6.51,6.51,6.51,6.51,9.95,9.95,11.49,11.49,7.66,7.66,7.66,7.66,7.66,7.66,10.72,12.25,12.25,10.72,6.89,6.89,6.89,6.89
N_23_13,N_22_15,13.022282737961827,7.23,7.23,7.23,7.23,7.23,7.23,8.99,8.99,9.77,9.77,7.81,7.81,7.81,7.81,7.81,7.81,9.38,10.16,10.16,9.38,7.42,7.42,7.42,7.42
N_23_13,N_23_11,3.550835886339036,3.62,3.62,3.62,3.62,3.62,3.62,5.54,5.54,6.39,6.39,4.26,4.26,4.26,4.26,4.26,4.26,5.97,6.82,6.82,5.97,3.83,3.83,3.83,3.83
N_23_13,N_21_12,12.725840591929266,7.06,7.06,7.06,7.06,7.06,7.06,8.78,8.78,9.54,9.54,7.64,7.64,7.64,7.64,7.64,7.64,9.16,9.93,9.93,9.16,7.25,7.25,7.25,7.25
N_23_14,N_21_13,5.893512836518381,6.01,6.01,6.01,6.01,6.01,6.01,9.19,9.19,10.61,10.61,7.07,7.07,7.07,7.07,7.07,7.07,9.9,11.32,11.32,9.9,6.36,6.36,6.36,6.36
N_23_14,N_24_16,2.32176290822711,3.81,3.81,3.81,3.81,3.81,3.81,6.32,6.32,7.43,7.43,4.64,4.64,4.64,4.64,4.64,4.64,6.87,7.99,7.99,6.87,4.09,4.09,4.09,4.09
N_23_14,N_21_14,6.562305548309253,6.69,6.69,6.69,6.69,6.69,6.69,10.24,10.24,11.81,11.81,7.87,7.87,7.87,7.87,7.87,7.87,11.02,12.6,12.6,11.02,7.09,7.09,7.09,7.09
N_23_15,N_21_15,8.965232487345883,4.98,4.98,4.98,4.98,4.98,4.98,6.19,6.19,6.72,6.72,5.38,5.38,5.38,5.38,5.38,5.38,6.45,6.99,6.99,6.45,5.11,5.11,5.11,5.11
N_23_15,N_23_17,1.783647345766963,2.93,2.93,2.93,2.93,2.93,2.93,4.85,4.85,5.71,5.71,3.57,3.57,3.57,3.57,3.57,3.57,5.28,6.14,6.14,5.28,3.14,3.14,3.14,3.14
N_23_15,N_24_13,5.801405683651842,5.92,5.92,5.92,5.92,5.92,5.92,9.05,9.05,10.44,10.44,6.96,6.96,6.96,6.96,6.96,6.96,9.75,11.14,11.14,9.75,6.27,6.27,6.27,6.27
N_23_15,N_22_14,12.868594427734255,7.14,7.14,7.14,7.14,7.14,7.14,8.88,8.88,9.65,9.65,7.72,7.72,7.72,7.72,7.72,7.72,9.27,10.04,10.04,9.27,7.34,7.34,7.34,7.34
N_23_16,N_22_16,1.8163979873919147,2.98,2.98,2.98,2.98,2.98,2.98,4.94,4.94,5.81,5.81,3.63,3.63,3.63,3.63,3.63,3.63,5.38,6.25,6.25,5.38,3.2,3.2,3.2,3.2
N_23_16,N_23_18,8.327687641398139,4.62,4.62,4.62,4.62,4.62,4.62,5.75,5.75,6.25,6.25,5.0,5.0,5.0,5.0,5.0,5.0,6.0,6.5,6.5,6.0,4.75,4.75,4.75,4.75
N_23_16,N_23_14,5.386374740121207,5.49,5.49,5.49,5.49,5.49,5.49,8.4,8.4,9.7,9.7,6.46,6.46,6.46,6.46,6.46,6.46,9.05,10.34,10.34,9.05,5.82,5.82,5.82,5.82
N_23_16,N_21_16,12.836304471118078,7.12,7.12,7.12,7.12,7.12,7.12,8.86,8.86,9.63,9.63,7.7,7.7,7.7,7.7,7.7,7.7,9.24,10.01,10.01,9.24,7.32,7.32,7.32,7.32
N_23_16,N_24_16,5.839857759941081,5.96,5.96,5.96,5.96,5.96,5.96,9.11,9.11,10.51,10.51,7.01,7.01,7.01,7.01,7.01,7.01,9.81,11.21,11.21,9.81,6.31,6.31,6.31,6.31
N_23_16,N_24_18,12.812884805775681,7.11,7.11,7.11,7.11,7.11,7.11,8.84,8.84,9.61,9.61,7.69,7.69,7.69,7.69,7.69,7.69,9.23,9.99,9.99,9.23,7.3,7.3,7.3,7.3
N_23_16,N_22_17,14.321049722142922,7.95,7.95,7.95,7.95,7.95,7.95,9.88,9.88,10.74,10.74,8.59,8.59,8.59,8.59,8.59,8.59,10.31,11.17,11.17,10.31,8.16,8.16,8.16,8.16
N_23_17,N_23_15,1.783647345766963,2.93,2.93,2.93,2.93,2.93,2.93,4.85,4.85,5.71,5.71,3.57,3.57,3.57,3.57,3.57,3.57,5.28,6.14,6.14,5.28,3.14,3.14,3.14,3.14
N_23_17,N_23_18,3.095613574772644,3.16,3.16,3.16,3.16,3.16,3.16,4.83,4.83,5.57,5.57,3.71,3.71,3.71,3.71,3.71,3.71,5.2,5.94,5.94,5.2,3.34,3.34,3.34,3.34
N_23_17,N_22_16,5.399561622566804,5.51,5.51,5.51,5.51,5.51,5.51,8.42,8.42,9.72,9.72,6.48,6.48,6.48,6.48,6.48,6.48,9.07,10.37,10.37,9.07,5.83,5.83,5.83,5.83
N_23_18,N_23_16,8.327687641398139,4.62,4.62,4.62,4.62,4.62,4.62,5.75,5.75,6.25,6.25,5.0,5.0,5.0,5.0,5.0,5.0,6.0,6.5,6.5,6.0,4.75,4.75,4.75,4.75
N_23_18,N_23_17,3.095613574772644,3.16,3.16,3.16,3.16,3.16,3.16,4.83,4.83,5.57,5.57,3.71,3.71,3.71,3.71,3.71,3.71,5.2,5.94,5.94,5.2,3.34,3.34,3.34,3.34
N_23_18,N_22_16,3.6288761745889873,3.7,3.7,3.7,3.7,3.7,3.7,5.66,5.66,6.53,6.53,4.35,4.35,4.35,4.35,4.35,4.35,6.1,6.97,6.97,6.1,3.92,3.92,3.92,3.92
N_23_18,N_22_17,11.528628989399389,6.4,6.4,6.4,6.4,6.4,6.4,7.95,7.95,8.65,8.65,6.92,6.92,6.92,6.92,6.92,6.92,8.3,8.99,8.99,8.3,6.57,6.57,6.57,6.57
N_23_19,N_22_20,12.087437345018555,6.71,6.71,6.71,6.71,6.71,6.71,8.34,8.34,9.07,9.07,7.25,7.25,7.25,7.25,7.25,7.25,8.7,9.43,9.43,8.7,6.89,6.89,6.89,6.89
N_23_19,N_24_20,3.9804091608561345,4.06,4.06,4.06,4.06,4.06,4.06,6.21,6.21,7.16,7.16,4.78,4.78,4.78,4.78,4.78,4.78,6.69,7.64,7.64,6.69,4.3,4.3,4.3,4.3
N_23_2,N_22_3,6.053481947255932,6.17,6.17,6.17,6.17,6.17,6.17,9.44,9.44,10.9,10.9,7.26,7.26,7.26,7.26,7.26,7.26,10.17,11.62,11.62,10.17,6.54,6.54,6.54,6.54
N_23_2,N_23_4,8.014019954470507,4.45,4.45,4.45,4.45,4.45,4.45,5.53,5.53,6.01,6.01,4.81,4.81,4.81,4.81,4.81,4.81,5.77,6.25,6.25,5.77,4.57,4.57,4.57,4.57
N_23_2,N_23_3,10.831534738768811,6.01,6.01,6.01,6.01,6.01,6.01,7.47,7.47,8.12,8.12,6.5,6.5,6.5,6.5,6.5,6.5,7.8,8.45,8.45,7.8,6.17,6.17,6.17,6.17
N_23_2,N_23_0,3.4955594037411277,3.57,3.57,3.57,3.57,3.57,3.57,5.45,5.45,6.29,6.29,4.19,4.19,4.19,4.19,4.19,4.19,5.87,6.71,6.71,5.87,3.78,3.78,3.78,3.78
N_23_20,N_24_18,12.91096942695781,7.17,7.17,7.17,7.17,7.17,7.17,8.91,8.91,9.68,9.68,7.75,7.75,7.75,7.75,7.75,7.75,9.3,10.07,10.07,9.3,7.36,7.36,7.36,7.36
N_23_20,N_24_20,11.441138722080943,6.35,6.35,6.35,6.35,6.35,6.35,7.89,7.89,8.58,8.58,6.86,6.86,6.86,6.86,6.86,6.86,8.24,8.92,8.92,8.24,6.52,6.52,6.52,6.52
N_23_20,N_23_19,8.633936992320553,4.79,4.79,4.79,4.79,4.79,4.79,5.96,5.96,6.48,6.48,5.18,5.18,5.18,5.18,5.18,5.18,6.22,6.73,6.73,6.22,4.92,4.92,4.92,4.92
N_23_21,N_22_21,8.629041999077517,4.79,4.79,4.79,4.79,4.79,4.79,5.95,5.95,6.47,6.47,5.18,5.18,5.18,5.18,5.18,5.18,6.21,6.73,6.73,6.21,4.92,4.92,4.92,4.92
N_23_21,N_22_20,4.487873046914909,4.58,4.58,4.58,4.58,4.58,4.58,7.0,7.0,8.08,8.08,5.39,5.39,5.39,5.39,5.39,5.39,7.54,8.62,8.62,7.54,4.85,4.85,4.85,4.85
N_23_21,N_21_22,11.4175998590203,6.34,6.34,6.34,6.34,6.34,6.34,7.88,7.88,8.56,8.56,6.85,6.85,6.85,6.85,6.85,6.85,8.22,8.91,8.91,8.22,6.51,6.51,6.51,6.51
N_23_22,N_23_23,4.377554130834009,4.47,4.47,4.47,4.47,4.47,4.47,6.83,6.83,7.88,7.88,5.25,5.25,5.25,5.25,5.25,5.25,7.35,8.4,8.4,7.35,4.73,4.73,4.73,4.73
N_23_22,N_22_24,10.87797075744479,6.04,6.04,6.04,6.04,6.04,6.04,7.51,7.51,8.16,8.16,6.53,6.53,6.53,6.53,6.53,6.53,7.83,8.48,8.48,7.83,6.2,6.2,6.2,6.2
N_23_22,N_22_22,14.326660142877348,7.95,7.95,7.95,7.95,7.95,7.95,9.89,9.89,10.74,10.74,8.6,8.6,8.6,8.6,8.6,8.6,10.32,11.17,11.17,10.32,8.17,8.17,8.17,8.17
N_23_22,N_21_23,10.0038673746423,5.55,5.55,5.55,5.55,5.55,5.55,6.9,6.9,7.5,7.5,6.0,6.0,6.0,6.0,6.0,6.0,7.2,7.8,7.8,7.2,5.7,5.7,5.7,5.7
N_23_23,N_21_23,0.6438522362352701,1.06,1.06,1.06,1.06,1.06,1.06,1.75,1.75,2.06,2.06,1.29,1.29,1.29,1.29,1.29,1.29,1.91,2.21,2.21,1.91,1.13,1.13,1.13,1.13
N_23_23,N_24_25,6.615110063653336,6.75,6.75,6.75,6.75,6.75,6.75,10.32,10.32,11.91,11.91,7.94,7.94,7.94,7.94,7.94,7.94,11.11,12.7,12.7,11.11,7.14,7.14,7.14,7.14
N_23_23,N_22_21,5.877740587565048,6.0,6.0,6.0,6.0,6.0,6.0,9.17,9.17,10.58,10.58,7.05,7.05,7.05,7.05,7.05,7.05,9.87,11.29,11.29,9.87,6.35,6.35,6.35,6.35
N_23_23,N_24_21,3.4403130710377168,3.51,3.51,3.51,3.51,3.51,3.51,5.37,5.37,6.19,6.19,4.13,4.13,4.13,4.13,4.13,4.13,5.78,6.61,6.61,5.78,3.72,3.72,3.72,3.72
N_23_24,N_21_25,3.1914228035555365,3.26,3.26,3.26,3.26,3.26,3.26,4.98,4.98,5.74,5.74,3.83,3.83,3.83,3.83,3.83,3.83,5.36,6.13,6.13,5.36,3.45,3.45,3.45,3.45
N_23_24,N_22_23,4.594200525360965,4.69,4.69,4.69,4.69,4.69,4.69,7.17,7.17,8.27,8.27,5.51,5.51,5.51,5.51,5.51,5.51,7.72,8.82,8.82,7.72,4.96,4.96,4.96,4.96
N_23_24,N_21_24,0.5367887201196424,0.88,0.88,0.88,0.88,0.88,0.88,1.46,1.46,1.72,1.72,1.07,1.07,1.07,1.07,1.07,1.07,1.59,1.85,1.85,1.59,0.94,0.94,0.94,0.94
N_23_24,N_24_24,0.6902562135470067,1.13,1.13,1.13,1.13,1.13,1.13,1.88,1.88,2.21,2.21,1.38,1.38,1.38,1.38,1.38,1.38,2.04,2.37,2.37,2.04,1.21,1.21,1.21,1.21
N_23_25,N_23_24,9.274003437789341,5.15,5.15,5.15,5.15,5.15,5.15,6.4,6.4,6.96,6.96,5.56,5.56,5.56,5.56,5.56,5.56,6.68,7.23,7.23,6.68,5.29,5.29,5.29,5.29
N_23_25,N_21_26,5.227334224688936,5.33,5.33,5.33,5.33,5.33,5.33,8.15,8.15,9.41,9.41,6.27,6.27,6.27,6.27,6.27,6.27,8.78,10.04,10.04,8.78,5.65,5.65,5.65,5.65
N_23_26,N_21_26,1.9022584239934772,3.12,3.12,3.12,3.12,3.12,3.12,5.17,5.17,6.09,6.09,3.8,3.8,3.8,3.8,3.8,3.8,5.63,6.54,6.54,5.63,3.35,3.35,3.35,3.35
N_23_26,N_22_26,4.777733350654106,4.87,4.87,4.87,4.87,4.87,4.87,7.45,7.45,8.6,8.6,5.73,5.73,5.73,5.73,5.73,5.73,8.03,9.17,9.17,8.03,5.16,5.16,5.16,5.16
N_23_26,N_24_25,4.091312452146944,4.17,4.17,4.17,4.17,4.17,4.17,6.38,6.38,7.36,7.36,4.91,4.91,4.91,4.91,4.91,4.91,6.87,7.86,7.86,6.87,4.42,4.42,4.42,4.42
N_23_26,N_23_25,2.1001124629397,3.44,3.44,3.44,3.44,3.44,3.44,5.71,5.71,6.72,6.72,4.2,4.2,4.2,4.2,4.2,4.2,6.22,7.22,7.22,6.22,3.7,3.7,3.7,3.7
N_23_27,N_21_27,14.580430691324219,8.09,8.09,8.09,8.09,8.09,8.09,10.06,10.06,10.94,10.94,8.75,8.75,8.75,8.75,8.75,8.75,10.5,11.37,11.37,10.5,8.31,8.31,8.31,8.31
N_23_27,N_22_27,1.8274110501847816,3.0,3.0,3.0,3.0,3.0,3.0,4.97,4.97,5.85,5.85,3.65,3.65,3.65,3.65,3.65,3.65,5.41,6.29,6.29,5.41,3.22,3.22,3.22,3.22
N_23_27,N_23_28,4.2263077700690985,4.31,4.31,4.31,4.31,4.31,4.31,6.59,6.59,7.61,7.61,5.07,5.07,5.07,5.07,5.07,5.07,7.1,8.11,8.11,7.1,4.56,4.56,4.56,4.56
N_23_27,N_24_29,6.8584283603312635,7.0,7.0,7.0,7.0,7.0,7.0,10.7,10.7,12.35,12.35,8.23,8.23,8.23,8.23,8.23,8.23,11.52,13.17,13.17,11.52,7.41,7.41,7.41,7.41
N_23_28,N_23_27,4.2263077700690985,4.31,4.31,4.31,4.31,4.31,4.31,6.59,6.59,7.61,7.61,5.07,5.07,5.07,5.07,5.07,5.07,7.1,8.11,8.11,7.1,4.56,4.56,4.56,4.56
N_23_28,N_23_29,6.27439936957262,6.4,6.4,6.4,6.4,6.4,6.4,9.79,9.79,11.29,11.29,7.53,7.53,7.53,7.53,7.53,7.53,10.54,12.05,12.05,10.54,6.78,6.78,6.78,6.78
N_23_28,N_24_26,1.7550061201026192,2.88,2.88,2.88,2.88,2.88,2.88,4.77,4.77,5.62,5.62,3.51,3.51,3.51,3.51,3.51,3.51,5.19,6.04,6.04,5.19,3.09,3.09,3.09,3.09
N_23_28,N_23_26,1.9752297953274105,3.24,3.24,3.24,3.24,3.24,3.24,5.37,5.37,6.32,6.32,3.95,3.95,3.95,3.95,3.95,3.95,5.85,6.79,6.79,5.85,3.48,3.48,3.48,3.48
N_23_28,N_24_29,6.280630044290323,6.41,6.41,6.41,6.41,6.41,6.41,9.8,9.8,11.31,11.31,7.54,7.54,7.54,7.54,7.54,7.54,10.55,12.06,12.06,10.55,6.78,6.78,6.78,6.78
N_23_29,N_22_27,3.587148433308229,3.66,3.66,3.66,3.66,3.66,3.66,5.6,5.6,6.46,6.46,4.3,4.3,4.3,4.3,4.3,4.3,6.03,6.89,6.89,6.03,3.87,3.87,3.87,3.87
N_23_29,N_22_29,8.535746789782104,4.74,4.74,4.74,4.74,4.74,4.74,5.89,5.89,6.4,6.4,5.12,5.12,5.12,5.12,5.12,5.12,6.15,6.66,6.66,6.15,4.87,4.87,4.87,4.87
N_23_29,N_23_28,6.27439936957262,6.4,6.4,6.4,6.4,6.4,6.4,9.79,9.79,11.29,11.29,7.53,7.53,7.53,7.53,7.53,7.53,10.54,12.05,12.05,10.54,6.78,6.78,6.78,6.78
N_23_29,N_23_31,0.7237150107404671,1.19,1.19,1.19,1.19,1.19,1.19,1.97,1.97,2.32,2.32,1.45,1.45,1.45,1.45,1.45,1.45,2.14,2.49,2.49,2.14,1.27,1.27,1.27,1.27
N_23_29,N_22_31,6.836709362005093,6.97,6.97,6.97,6.97,6.97,6.97,10.67,10.67,12.31,12.31,8.2,8.2,8.2,8.2,8.2,8.2,11.49,13.13,13.13,11.49,7.38,7.38,7.38,7.38
N_23_29,N_22_28,1.6893428614734645,2.77,2.77,2.77,2.77,2.77,2.77,4.6,4.6,5.41,5.41,3.38,3.38,3.38,3.38,3.38,3.38,5.0,5.81,5.81,5.0,2.97,2.97,2.97,2.97
N_23_29,N_24_30,11.813015196019004,6.56,6.56,6.56,6.56,6.56,6.56,8.15,8.15,8.86,8.86,7.09,7.09,7.09,7.09,7.09,7.09,8.51,9.21,9.21,8.51,6.73,6.73,6.73,6.73
N_23_3,N_22_1,10.786665624517479,5.99,5.99,5.99,5.99,5.99,5.99,7.44,7.44,8.09,8.09,6.47,6.47,6.47,6.47,6.47,6.47,7.77,8.41,8.41,7.77,6.15,6.15,6.15,6.15
N_23_3,N_23_2,10.831534738768811,6.01,6.01,6.01,6.01,6.01,6.01,7.47,7.47,8.12,8.12,6.5,6.5,6.5,6.5,6.5,6.5,7.8,8.45,8.45,7.8,6.17,6.17,6.17,6.17
N_23_3,N_23_1,4.249551321310117,4.33,4.33,4.33,4.33,4.33,4.33,6.63,6.63,7.65,7.65,5.1,5.1,5.1,5.1,5.1,5.1,7.14,8.16,8.16,7.14,4.59,4.59,4.59,4.59
N_23_30,N_23_32,10.10540771114242,5.61,5.61,5.61,5.61,5.61,5.61,6.97,6.97,7.58,7.58,6.06,6.06,6.06,6.06,6.06,6.06,7.28,7.88,7.88,7.28,5.76,5.76,5.76,5.76
N_23_30,N_24_31,5.787783928401545,5.9,5.9,5.9,5.9,5.9,5.9,9.03,9.03,10.42,10.42,6.95,6.95,6.95,6.95,6.95,6.95,9.72,11.11,11.11,9.72,6.25,6.25,6.25,6.25
N_23_30,N_22_29,11.264350723772791,6.25,6.25,6.25,6.25,6.25,6.25,7.77,7.77,8.45,8.45,6.76,6.76,6.76,6.76,6.76,6.76,8.11,8.79,8.79,8.11,6.42,6.42,6.42,6.42
N_23_30,N_22_32,5.93047676984151,6.05,6.05,6.05,6.05,6.05,6.05,9.25,9.25,10.67,10.67,7.12,7.12,7.12,7.12,7.12,7.12,9.96,11.39,11.39,9.96,6.4,6.4,6.4,6.4
N_23_31,N_21_30,12.641930518952051,7.02,7.02,7.02,7.02,7.02,7.02,8.72,8.72,9.48,9.48,7.59,7.59,7.59,7.59,7.59,7.59,9.1,9.86,9.86,9.1,7.21,7.21,7.21,7.21
N_23_31,N_23_29,0.7237150107404671,1.19,1.19,1.19,1.19,1.19,1.19,1.97,1.97,2.32,2.32,1.45,1.45,1.45,1.45,1.45,1.45,2.14,2.49,2.49,2.14,1.27,1.27,1.27,1.27
N_23_32,N_23_31,3.2805934964162207,3.35,3.35,3.35,3.35,3.35,3.35,5.12,5.12,5.91,5.91,3.94,3.94,3.94,3.94,3.94,3.94,5.51,6.3,6.3,5.51,3.54,3.54,3.54,3.54
N_23_32,N_22_30,1.4782078004986476,2.42,2.42,2.42,2.42,2.42,2.42,4.02,4.02,4.73,4.73,2.96,2.96,2.96,2.96,2.96,2.96,4.38,5.09,5.09,4.38,2.6,2.6,2.6,2.6
N_23_33,N_24_31,1.4774608225863985,2.42,2.42,2.42,2.42,2.42,2.42,4.02,4.02,4.73,4.73,2.95,2.95,2.95,2.95,2.95,2.95,4.37,5.08,5.08,4.37,2.6,2.6,2.6,2.6
N_23_33,N_24_32,5.578670067265556,5.69,5.69,5.69,5.69,5.69,5.69,8.7,8.7,10.04,10.04,6.69,6.69,6.69,6.69,6.69,6.69,9.37,10.71,10.71,9.37,6.02,6.02,6.02,6.02
N_23_33,N_23_35,14.730001423724701,8.18,8.18,8.18,8.18,8.18,8.18,10.16,10.16,11.05,11.05,8.84,8.84,8.84,8.84,8.84,8.84,10.61,11.49,11.49,10.61,8.4,8.4,8.4,8.4
N_23_34,N_24_34,6.238034290560364,6.36,6.36,6.36,6.36,6.36,6.36,9.73,9.73,11.23,11.23,7.49,7.49,7.49,7.49,7.49,7.49,10.48,11.98,11.98,10.48,6.74,6.74,6.74,6.74
N_23_34,N_22_34,3.0874509161780197,3.15,3.15,3.15,3.15,3.15,3.15,4.82,4.82,5.56,5.56,3.7,3.7,3.7,3.7,3.7,3.7,5.19,5.93,5.93,5.19,3.33,3.33,3.33,3.33
N_23_34,N_22_33,14.847615618538068,8.24,8.24,8.24,8.24,8.24,8.24,10.24,10.24,11.14,11.14,8.91,8.91,8.91,8.91,8.91,8.91,10.69,11.58,11.58,10.69,8.46,8.46,8.46,8.46
N_23_34,N_23_32,6.000935071267152,6.12,6.12,6.12,6.12,6.12,6.12,9.36,9.36,10.8,10.8,7.2,7.2,7.2,7.2,7.2,7.2,10.08,11.52,11.52,10.08,6.48,6.48,6.48,6.48
N_23_35,N_22_35,13.201628552123825,7.33,7.33,7.33,7.33,7.33,7.33,9.11,9.11,9.9,9.9,7.92,7.92,7.92,7.92,7.92,7.92,9.51,10.3,10.3,9.51,7.52,7.52,7.52,7.52
N_23_35,N_22_37,9.754770880343083,5.41,5.41,5.41,5.41,5.41,5.41,6.73,6.73,7.32,7.32,5.85,5.85,5.85,5.85,5.85,5.85,7.02,7.61,7.61,7.02,5.56,5.56,5.56,5.56
N_23_35,N_23_33,14.730001423724701,8.18,8.18,8.18,8.18,8.18,8.18,10.16,10.16,11.05,11.05,8.84,8.84,8.84,8.84,8.84,8.84,10.61,11.49,11.49,10.61,8.4,8.4,8.4,8.4
N_23_36,N_23_34,2.060302661161205,3.38,3.38,3.38,3.38,3.38,3.38,5.6,5.6,6.59,6.59,4.12,4.12,4.12,4.12,4.12,4.12,6.1,7.09,7.09,6.1,3.63,3.63,3.63,3.63
N_23_36,N_21_35,10.134893018453035,5.62,5.62,5.62,5.62,5.62,5.62,6.99,6.99,7.6,7.6,6.08,6.08,6.08,6.08,6.08,6.08,7.3,7.91,7.91,7.3,5.78,5.78,5.78,5.78
N_23_36,N_24_35,5.197117910380369,5.3,5.3,5.3,5.3,5.3,5.3,8.11,8.11,9.35,9.35,6.24,6.24,6.24,6.24,6.24,6.24,8.73,9.98,9.98,8.73,5.61,5.61,5.61,5.61
N_23_37,N_22_37,2.3184853552928044,3.8,3.8,3.8,3.8,3.8,3.8,6.31,6.31,7.42,7.42,4.64,4.64,4.64,4.64,4.64,4.64,6.86,7.98,7.98,6.86,4.08,4.08,4.08,4.08
N_23_37,N_24_38,6.597628151372005,6.73,6.73,6.73,6.73,6.73,6.73,10.29,10.29,11.88,11.88,7.92,7.92,7.92,7.92,7.92,7.92,11.08,12.67,12.67,11.08,7.13,7.13,7.13,7.13
N_23_38,N_21_37,6.022811487946086,6.14,6.14,6.14,6.14,6.14,6.14,9.4,9.4,10.84,10.84,7.23,7.23,7.23,7.23,7.23,7.23,10.12,11.56,11.56,10.12,6.5,6.5,6.5,6.5
N_23_38,N_22_36,11.712875510291308,6.5,6.5,6.5,6.5,6.5,6.5,8.08,8.08,8.78,8.78,7.03,7.03,7.03,7.03,7.03,7.03,8.43,9.14,9.14,8.43,6.68,6.68,6.68,6.68
N_23_38,N_24_37,5.959206870238527,6.08,6.08,6.08,6.08,6.08,6.08,9.3,9.3,10.73,10.73,7.15,7.15,7.15,7.15,7.15,7.15,10.01,11.44,11.44,10.01,6.44,6.44,6.44,6.44
N_23_38,N_22_38,1.202488208329779,1.97,1.97,1.97,1.97,1.97,1.97,3.27,3.27,3.85,3.85,2.4,2.4,2.4,2.4,2.4,2.4,3.56,4.14,4.14,3.56,2.12,2.12,2.12,2.12
N_23_39,N_24_38,6.010730265249183,6.13,6.13,6.13,6.13,6.13,6.13,9.38,9.38,10.82,10.82,7.21,7.21,7.21,7.21,7.21,7.21,10.1,11.54,11.54,10.1,6.49,6.49,6.49,6.49
N_23_39,N_21_38,2.3310532156186325,3.82,3.82,3.82,3.82,3.82,3.82,6.34,6.34,7.46,7.46,4.66,4.66,4.66,4.66,4.66,4.66,6.9,8.02,8.02,6.9,4.1,4.1,4.1,4.1
N_23_4,N_23_2,8.014019954470507,4.45,4.45,4.45,4.45,4.45,4.45,5.53,5.53,6.01,6.01,4.81,4.81,4.81,4.81,4.81,4.81,5.77,6.25,6.25,5.77,4.57,4.57,4.57,4.57
N_23_4,N_24_6,13.820167232629583,7.67,7.67,7.67,7.67,7.67,7.67,9.54,9.54,10.37,10.37,8.29,8.29,8.29,8.29,8.29,8.29,9.95,10.78,10.78,9.95,7.88,7.88,7.88,7.88
N_23_5,N_24_4,0.8677741386605451,1.42,1.42,1.42,1.42,1.42,1.42,2.36,2.36,2.78,2.78,1.74,1.74,1.74,1.74,1.74,1.74,2.57,2.99,2.99,2.57,1.53,1.53,1.53,1.53
N_23_5,N_21_6,6.493335680017561,6.62,6.62,6.62,6.62,6.62,6.62,10.13,10.13,11.69,11.69,7.79,7.79,7.79,7.79,7.79,7.79,10.91,12.47,12.47,10.91,7.01,7.01,7.01,7.01
N_23_5,N_22_5,3.492155486756143,3.56,3.56,3.56,3.56,3.56,3.56,5.45,5.45,6.29,6.29,4.19,4.19,4.19,4.19,4.19,4.19,5.87,6.7,6.7,5.87,3.77,3.77,3.77,3.77
N_23_5,N_22_3,2.434448000919245,3.99,3.99,3.99,3.99,3.99,3.99,6.62,6.62,7.79,7.79,4.87,4.87,4.87,4.87,4.87,4.87,7.21,8.37,8.37,7.21,4.28,4.28,4.28,4.28
N_23_6,N_21_7,2.077392513269408,3.41,3.41,3.41,3.41,3.41,3.41,5.65,5.65,6.65,6.65,4.15,4.15,4.15,4.15,4.15,4.15,6.15,7.15,7.15,6.15,3.66,3.66,3.66,3.66
N_23_6,N_23_7,6.665012855090504,6.8,6.8,6.8,6.8,6.8,6.8,10.4,10.4,12.0,12.0,8.0,8.0,8.0,8.0,8.0,8.0,11.2,12.8,12.8,11.2,7.2,7.2,7.2,7.2
N_23_7,N_22_5,8.656779814074218,4.8,4.8,4.8,4.8,4.8,4.8,5.97,5.97,6.49,6.49,5.19,5.19,5.19,5.19,5.19,5.19,6.23,6.75,6.75,6.23,4.93,4.93,4.93,4.93
N_23_7,N_23_6,6.665012855090504,6.8,6.8,6.8,6.8,6.8,6.8,10.4,10.4,12.0,12.0,8.0,8.0,8.0,8.0,8.0,8.0,11.2,12.8,12.8,11.2,7.2,7.2,7.2,7.2
N_23_7,N_21_6,4.065632891621279,4.15,4.15,4.15,4.15,4.15,4.15,6.34,6.34,7.32,7.32,4.88,4.88,4.88,4.88,4.88,4.88,6.83,7.81,7.81,6.83,4.39,4.39,4.39,4.39
N_23_8,N_22_8,3.8216727613728207,3.9,3.9,3.9,3.9,3.9,3.9,5.96,5.96,6.88,6.88,4.59,4.59,4.59,4.59,4.59,4.59,6.42,7.34,7.34,6.42,4.13,4.13,4.13,4.13
N_23_8,N_23_6,4.120122594293486,4.2,4.2,4.2,4.2,4.2,4.2,6.43,6.43,7.42,7.42,4.94,4.94,4.94,4.94,4.94,4.94,6.92,7.91,7.91,6.92,4.45,4.45,4.45,4.45
N_23_8,N_24_6,12.210641936772575,6.78,6.78,6.78,6.78,6.78,6.78,8.43,8.43,9.16,9.16,7.33,7.33,7.33,7.33,7.33,7.33,8.79,9.52,9.52,8.79,6.96,6.96,6.96,6.96
N_23_9,N_22_7,6.887934188336409,7.03,7.03,7.03,7.03,7.03,7.03,10.75,10.75,12.4,12.4,8.27,8.27,8.27,8.27,8.27,8.27,11.57,13.22,13.22,11.57,7.44,7.44,7.44,7.44
N_23_9,N_21_10,4.975547587236758,5.08,5.08,5.08,5.08,5.08,5.08,7.76,7.76,8.96,8.96,5.97,5.97,5.97,5.97,5.97,5.97,8.36,9.55,9.55,8.36,5.37,5.37,5.37,5.37
N_24_0,N_23_2,14.712948701099616,8.17,8.17,8.17,8.17,8.17,8.17,10.15,10.15,11.03,11.03,8.83,8.83,8.83,8.83,8.83,8.83,10.59,11.48,11.48,10.59,8.39,8.39,8.39,8.39
N_24_0,N_24_2,1.4644042460749156,2.4,2.4,2.4,2.4,2.4,2.4,3.98,3.98,4.69,4.69,2.93,2.93,2.93,2.93,2.93,2.93,4.33,5.04,5.04,4.33,2.58,2.58,2.58,2.58
N_24_0,N_22_0,8.608976622309719,4.78,4.78,4.78,4.78,4.78,4.78,5.94,5.94,6.46,6.46,5.17,5.17,5.17,5.17,5.17,5.17,6.2,6.72,6.72,6.2,4.91,4.91,4.91,4.91
N_24_0,N_23_0,0.5492180857734781,0.9,0.9,0.9,0.9,0.9,0.9,1.49,1.49,1.76,1.76,1.1,1.1,1.1,1.1,1.1,1.1,1.63,1.89,1.89,1.63,0.97,0.97,0.97,0.97
N_24_1,N_22_1,1.991488130641026,3.27,3.27,3.27,3.27,3.27,3.27,5.42,5.42,6.37,6.37,3.98,3.98,3.98,3.98,3.98,3.98,5.89,6.85,6.85,5.89,3.51,3.51,3.51,3.51
N_24_1,N_23_3,13.385668689029528,7.43,7.43,7.43,7.43,7.43,7.43,9.24,9.24,10.04,10.04,8.03,8.03,8.03,8.03,8.03,8.03,9.64,10.44,10.44,9.64,7.63,7.63,7.63,7.63
N_24_1,N_24_3,1.1193038531209016,1.84,1.84,1.84,1.84,1.84,1.84,3.04,3.04,3.58,3.58,2.24,2.24,2.24,2.24,2.24,2.24,3.31,3.85,3.85,3.31,1.97,1.97,1.97,1.97
N_24_10,N_23_9,3.803165621421561,3.88,3.88,3.88,3.88,3.88,3.88,5.93,5.93,6.85,6.85,4.56,4.56,4.56,4.56,4.56,4.56,6.39,7.3,7.3,6.39,4.11,4.11,4.11,4.11
N_24_10,N_24_11,6.765122444633006,6.9,6.9,6.9,6.9,6.9,6.9,10.55,10.55,12.18,12.18,8.12,8.12,8.12,8.12,8.12,8.12,11.37,12.99,12.99,11.37,7.31,7.31,7.31,7.31
N_24_10,N_22_11,11.911377235497655,6.61,6.61,6.61,6.61,6.61,6.61,8.22,8.22,8.93,8.93,7.15,7.15,7.15,7.15,7.15,7.15,8.58,9.29,9.29,8.58,6.79,6.79,6.79,6.79
N_24_10,N_22_10,4.648147049019938,4.74,4.74,4.74,4.74,4.74,4.74,7.25,7.25,8.37,8.37,5.58,5.58,5.58,5.58,5.58,5.58,7.81,8.92,8.92,7.81,5.02,5.02,5.02,5.02
N_24_11,N_22_11,12.74068363081548,7.07,7.07,7.07,7.07,7.07,7.07,8.79,8.79,9.56,9.56,7.64,7.64,7.64,7.64,7.64,7.64,9.17,9.94,9.94,9.17,7.26,7.26,7.26,7.26
N_24_11,N_24_10,6.765122444633006,6.9,6.9,6.9,6.9,6.9,6.9,10.55,10.55,12.18,12.18,8.12,8.12,8.12,8.12,8.12,8.12,11.37,12.99,12.99,11.37,7.31,7.31,7.31,7.31
N_24_11,N_23_13,3.2422053466374368,3.31,3.31,3.31,3.31,3.31,3.31,5.06,5.06,5.84,5.84,3.89,3.89,3.89,3.89,3.89,3.89,5.45,6.23,6.23,5.45,3.5,3.5,3.5,3.5
N_24_11,N_22_10,6.785278305180091,6.92,6.92,6.92,6.92,6.92,6.92,10.59,10.59,12.21,12.21,8.14,8.14,8.14,8.14,8.14,8.14,11.4,13.03,13.03,11.4,7.33,7.33,7.33,7.33
N_24_11,N_23_9,1.7338917388040447,2.84,2.84,2.84,2.84,2.84,2.84,4.72,4.72,5.55,5.55,3.47,3.47,3.47,3.47,3.47,3.47,5.13,5.96,5.96,5.13,3.05,3.05,3.05,3.05
N_24_12,N_24_11,14.599885469318126,8.1,8.1,8.1,8.1,8.1,8.1,10.07,10.07,10.95,10.95,8.76,8.76,8.76,8.76,8.76,8.76,10.51,11.39,11.39,10.51,8.32,8.32,8.32,8.32
N_24_12,N_22_13,12.967955438874718,7.2,7.2,7.2,7.2,7.2,7.2,8.95,8.95,9.73,9.73,7.78,7.78,7.78,7.78,7.78,7.78,9.34,10.12,10.12,9.34,7.39,7.39,7.39,7.39
N_24_13,N_23_12,6.380845203204228,6.51,6.51,6.51,6.51,6.51,6.51,9.95,9.95,11.49,11.49,7.66,7.66,7.66,7.66,7.66,7.66,10.72,12.25,12.25,10.72,6.89,6.89,6.89,6.89
N_24_13,N_23_15,5.801405683651842,5.92,5.92,5.92,5.92,5.92,5.92,9.05,9.05,10.44,10.44,6.96,6.96,6.96,6.96,6.96,6.96,9.75,11.14,11.14,9.75,6.27,6.27,6.27,6.27
N_24_14,N_23_12,4.988026859094175,5.09,5.09,5.09,5.09,5.09,5.09,7.78,7.78,8.98,8.98,5.99,5.99,5.99,5.99,5.99,5.99,8.38,9.58,9.58,8.38,5.39,5.39,5.39,5.39
N_24_14,N_23_16,6.978753314712969,7.12,7.12,7.12,7.12,7.12,7.12,10.89,10.89,12.56,12.56,8.37,8.37,8.37,8.37,8.37,8.37,11.72,13.4,13.4,11.72,7.54,7.54,7.54,7.54
N_24_14,N_22_15,2.47186610438613,4.05,4.05,4.05,4.05,4.05,4.05,6.72,6.72,7.91,7.91,4.94,4.94,4.94,4.94,4.94,4.94,7.32,8.5,8.5,7.32,4.35,4.35,4.35,4.35
N_24_15,N_22_14,6.019142246201984,6.14,6.14,6.14,6.14,6.14,6.14,9.39,9.39,10.83,10.83,7.22,7.22,7.22,7.22,7.22,7.22,10.11,11.56,11.56,10.11,6.5,6.5,6.5,6.5
N_24_15,N_24_14,4.939242243897319,5.04,5.04,5.04,5.04,5.04,5.04,7.71,7.71,8.89,8.89,5.93,5.93,5.93,5.93,5.93,5.93,8.3,9.48,9.48,8.3,5.33,5.33,5.33,5.33
N_24_15,N_24_16,0.5472336680573013,0.9,0.9,0.9,0.9,0.9,0.9,1.49,1.49,1.75,1.75,1.09,1.09,1.09,1.09,1.09,1.09,1.62,1.88,1.88,1.62,0.96,0.96,0.96,0.96
N_24_15,N_23_17,4.243017636071235,4.33,4.33,4.33,4.33,4.33,4.33,6.62,6.62,7.64,7.64,5.09,5.09,5.09,5.09,5.09,5.09,7.13,8.15,8.15,7.13,4.58,4.58,4.58,4.58
N_24_15,N_22_16,6.530337048284752,6.66,6.66,6.66,6.66,6.66,6.66,10.19,10.19,11.75,11.75,7.84,7.84,7.84,7.84,7.84,7.84,10.97,12.54,12.54,10.97,7.05,7.05,7.05,7.05
N_24_16,N_23_16,5.839857759941081,5.96,5.96,5.96,5.96,5.96,5.96,9.11,9.11,10.51,10.51,7.01,7.01,7.01,7.01,7.01,7.01,9.81,11.21,11.21,9.81,6.31,6.31,6.31,6.31
N_24_16,N_23_15,3.880079375468122,3.96,3.96,3.96,3.96,3.96,3.96,6.05,6.05,6.98,6.98,4.66,4.66,4.66,4.66,4.66,4.66,6.52,7.45,7.45,6.52,4.19,4.19,4.19,4.19
N_24_16,N_22_16,13.34210911552946,7.4,7.4,7.4,7.4,7.4,7.4,9.21,9.21,10.01,10.01,8.01,8.01,8.01,8.01,8.01,8.01,9.61,10.41,10.41,9.61,7.61,7.61,7.61,7.61
N_24_16,N_22_17,14.11519066090087,7.83,7.83,7.83,7.83,7.83,7.83,9.74,9.74,10.59,10.59,8.47,8.47,8.47,8.47,8.47,8.47,10.16,11.01,11.01,10.16,8.05,8.05,8.05,8.05
N_24_17,N_24_16,4.221606093151675,4.31,4.31,4.31,4.31,4.31,4.31,6.59,6.59,7.6,7.6,5.07,5.07,5.07,5.07,5.07,5.07,7.09,8.11,8.11,7.09,4.56,4.56,4.56,4.56
N_24_17,N_22_18,11.490964799673504,6.38,6.38,6.38,6.38,6.38,6.38,7.93,7.93,8.62,8.62,6.89,6.89,6.89,6.89,6.89,6.89,8.27,8.96,8.96,8.27,6.55,6.55,6.55,6.55
N_24_17,N_23_16,3.4042330865715447,3.47,3.47,3.47,3.47,3.47,3.47,5.31,5.31,6.13,6.13,4.09,4.09,4.09,4.09,4.09,4.09,5.72,6.54,6.54,5.72,3.68,3.68,3.68,3.68
N_24_17,N_23_15,5.167802549357557,5.27,5.27,5.27,5.27,5.27,5.27,8.06,8.06,9.3,9.3,6.2,6.2,6.2,6.2,6.2,6.2,8.68,9.92,9.92,8.68,5.58,5.58,5.58,5.58
N_24_18,N_23_16,12.812884805775681,7.11,7.11,7.11,7.11,7.11,7.11,8.84,8.84,9.61,9.61,7.69,7.69,7.69,7.69,7.69,7.69,9.23,9.99,9.99,9.23,7.3,7.3,7.3,7.3
N_24_18,N_23_20,12.91096942695781,7.17,7.17,7.17,7.17,7.17,7.17,8.91,8.91,9.68,9.68,7.75,7.75,7.75,7.75,7.75,7.75,9.3,10.07,10.07,9.3,7.36,7.36,7.36,7.36
N_24_18,N_22_18,4.226641536603529,4.31,4.31,4.31,4.31,4.31,4.31,6.59,6.59,7.61,7.61,5.07,5.07,5.07,5.07,5.07,5.07,7.1,8.12,8.12,7.1,4.56,4.56,4.56,4.56
N_24_18,N_24_19,14.950194071585344,8.3,8.3,8.3,8.3,8.3,8.3,10.32,10.32,11.21,11.21,8.97,8.97,8.97,8.97,8.97,8.97,10.76,11.66,11.66,10.76,8.52,8.52,8.52,8.52
N_24_19,N_24_18,14.950194071585344,8.3,8.3,8.3,8.3,8.3,8.3,10.32,10.32,11.21,11.21,8.97,8.97,8.97,8.97,8.97,8.97,10.76,11.66,11.66,10.76,8.52,8.52,8.52,8.52
N_24_19,N_22_19,3.2925444518280718,3.36,3.36,3.36,3.36,3.36,3.36,5.14,5.14,5.93,5.93,3.95,3.95,3.95,3.95,3.95,3.95,5.53,6.32,6.32,5.53,3.56,3.56,3.56,3.56
N_24_19,N_22_18,9.882231507229296,5.48,5.48,5.48,5.48,5.48,5.48,6.82,6.82,7.41,7.41,5.93,5.93,5.93,5.93,5.93,5.93,7.12,7.71,7.71,7.12,5.63,5.63,5.63,5.63
N_24_19,N_23_19,6.050672582004669,6.17,6.17,6.17,6.17,6.17,6.17,9.44,9.44,10.89,10.89,7.26,7.26,7.26,7.26,7.26,7.26,10.17,11.62,11.62,10.17,6.53,6.53,6.53,6.53
N_24_2,N_23_0,6.319266181114488,6.45,6.45,6.45,6.45,6.45,6.45,9.86,9.86,11.37,11.37,7.58,7.58,7.58,7.58,7.58,7.58,10.62,12.13,12.13,10.62,6.82,6.82,6.82,6.82
N_24_2,N_23_1,4.994800706163147,5.09,5.09,5.09,5.09,5.09,5.09,7.79,7.79,8.99,8.99,5.99,5.99,5.99,5.99,5.99,5.99,8.39,9.59,9.59,8.39,5.39,5.39,5.39,5.39
N_24_20,N_23_20,11.441138722080943,6.35,6.35,6.35,6.35,6.35,6.35,7.89,7.89,8.58,8.58,6.86,6.86,6.86,6.86,6.86,6.86,8.24,8.92,8.92,8.24,6.52,6.52,6.52,6.52
N_24_20,N_24_22,4.317836840932678,4.4,4.4,4.4,4.4,4.4,4.4,6.74,6.74,7.77,7.77,5.18,5.18,5.18,5.18,5.18,5.18,7.25,8.29,8.29,7.25,4.66,4.66,4.66,4.66
N_24_20,N_24_18,3.3197106924894215,3.39,3.39,3.39,3.39,3.39,3.39,5.18,5.18,5.98,5.98,3.98,3.98,3.98,3.98,3.98,3.98,5.58,6.37,6.37,5.58,3.59,3.59,3.59,3.59
N_24_20,N_24_21,9.632206994791675,5.35,5.35,5.35,5.35,5.35,5.35,6.65,6.65,7.22,7.22,5.78,5.78,5.78,5.78,5.78,5.78,6.94,7.51,7.51,6.94,5.49,5.49,5.49,5.49
N_24_21,N_23_23,3.4403130710377168,3.51,3.51,3.51,3.51,3.51,3.51,5.37,5.37,6.19,6.19,4.13,4.13,4.13,4.13,4.13,4.13,5.78,6.61,6.61,5.78,3.72,3.72,3.72,3.72
N_24_21,N_24_22,3.506560450215968,3.58,3.58,3.58,3.58,3.58,3.58,5.47,5.47,6.31,6.31,4.21,4.21,4.21,4.21,4.21,4.21,5.89,6.73,6.73,5.89,3.79,3.79,3.79,3.79
N_24_21,N_23_20,3.9043052936243887,3.98,3.98,3.98,3.98,3.98,3.98,6.09,6.09,7.03,7.03,4.69,4.69,4.69,4.69,4.69,4.69,6.56,7.5,7.5,6.56,4.22,4.22,4.22,4.22
N_24_21,N_23_19,3.4094019202696004,3.48,3.48,3.48,3.48,3.48,3.48,5.32,5.32,6.14,6.14,4.09,4.09,4.09,4.09,4.09,4.09,5.73,6.55,6.55,5.73,3.68,3.68,3.68,3.68
N_24_22,N_24_20,4.317836840932678,4.4,4.4,4.4,4.4,4.4,4.4,6.74,6.74,7.77,7.77,5.18,5.18,5.18,5.18,5.18,5.18,7.25,8.29,8.29,7.25,4.66,4.66,4.66,4.66
N_24_22,N_24_21,3.506560450215968,3.58,3.58,3.58,3.58,3.58,3.58,5.47,5.47,6.31,6.31,4.21,4.21,4.21,4.21,4.21,4.21,5.89,6.73,6.73,5.89,3.79,3.79,3.79,3.79
N_24_22,N_24_24,5.117607368315456,5.22,5.22,5.22,5.22,5.22,5.22,7.98,7.98,9.21,9.21,6.14,6.14,6.14,6.14,6.14,6.14,8.6,9.83,9.83,8.6,5.53,5.53,5.53,5.53
N_24_22,N_23_22,3.62073273535018,3.69,3.69,3.69,3.69,3.69,3.69,5.65,5.65,6.52,6.52,4.34,4.34,4.34,4.34,4.34,4.34,6.08,6.95,6.95,6.08,3.91,3.91,3.91,3.91
N_24_22,N_22_23,5.869576036524723,5.99,5.99,5.99,5.99,5.99,5.99,9.16,9.16,10.57,10.57,7.04,7.04,7.04,7.04,7.04,7.04,9.86,11.27,11.27,9.86,6.34,6.34,6.34,6.34
N_24_23,N_24_21,3.5490300601892346,3.62,3.62,3.62,3.62,3.62,3.62,5.54,5.54,6.39,6.39,4.26,4.26,4.26,4.26,4.26,4.26,5.96,6.81,6.81,5.96,3.83,3.83,3.83,3.83
N_24_23,N_22_24,6.934926621018494,7.07,7.07,7.07,7.07,7.07,7.07,10.82,10.82,12.48,12.48,8.32,8.32,8.32,8.32,8.32,8.32,11.65,13.32,13.32,11.65,7.49,7.49,7.49,7.49
N_24_24,N_23_24,0.6902562135470067,1.13,1.13,1.13,1.13,1.13,1.13,1.88,1.88,2.21,2.21,1.38,1.38,1.38,1.38,1.38,1.38,2.04,2.37,2.37,2.04,1.21,1.21,1.21,1.21
N_24_24,N_24_26,0.5957638169657542,0.98,0.98,0.98,0.98,0.98,0.98,1.62,1.62,1.91,1.91,1.19,1.19,1.19,1.19,1.19,1.19,1.76,2.05,2.05,1.76,1.05,1.05,1.05,1.05
N_24_24,N_23_22,5.222928142571069,5.33,5.33,5.33,5.33,5.33,5.33,8.15,8.15,9.4,9.4,6.27,6.27,6.27,6.27,6.27,6.27,8.77,10.03,10.03,8.77,5.64,5.64,5.64,5.64
N_24_25,N_23_23,6.615110063653336,6.75,6.75,6.75,6.75,6.75,6.75,10.32,10.32,11.91,11.91,7.94,7.94,7.94,7.94,7.94,7.94,11.11,12.7,12.7,11.11,7.14,7.14,7.14,7.14
N_24_25,N_23_26,4.091312452146944,4.17,4.17,4.17,4.17,4.17,4.17,6.38,6.38,7.36,7.36,4.91,4.91,4.91,4.91,4.91,4.91,6.87,7.86,7.86,6.87,4.42,4.42,4.42,4.42
N_24_25,N_22_24,6.070336051911651,6.19,6.19,6.19,6.19,6.19,6.19,9.47,9.47,10.93,10.93,7.28,7.28,7.28,7.28,7.28,7.28,10.2,11.66,11.66,10.2,6.56,6.56,6.56,6.56
N_24_25,N_24_23,10.619376437430153,5.89,5.89,5.89,5.89,5.89,5.89,7.33,7.33,7.96,7.96,6.37,6.37,6.37,6.37,6.37,6.37,7.65,8.28,8.28,7.65,6.05,6.05,6.05,6.05
N_24_26,N_23_28,1.7550061201026192,2.88,2.88,2.88,2.88,2.88,2.88,4.77,4.77,5.62,5.62,3.51,3.51,3.51,3.51,3.51,3.51,5.19,6.04,6.04,5.19,3.09,3.09,3.09,3.09
N_24_26,N_24_24,0.5957638169657542,0.98,0.98,0.98,0.98,0.98,0.98,1.62,1.62,1.91,1.91,1.19,1.19,1.19,1.19,1.19,1.19,1.76,2.05,2.05,1.76,1.05,1.05,1.05,1.05
N_24_26,N_23_25,0.7053477376535326,1.16,1.16,1.16,1.16,1.16,1.16,1.92,1.92,2.26,2.26,1.41,1.41,1.41,1.41,1.41,1.41,2.09,2.43,2.43,2.09,1.24,1.24,1.24,1.24
N_24_27,N_23_26,11.186931225563871,6.21,6.21,6.21,6.21,6.21,6.21,7.72,7.72,8.39,8.39,6.71,6.71,6.71,6.71,6.71,6.71,8.05,8.73,8.73,8.05,6.38,6.38,6.38,6.38
N_24_27,N_23_27,2.1833244221370425,3.58,3.58,3.58,3.58,3.58,3.58,5.94,5.94,6.99,6.99,4.37,4.37,4.37,4.37,4.37,4.37,6.46,7.51,7.51,6.46,3.84,3.84,3.84,3.84
N_24_27,N_23_29,3.419598795149705,3.49,3.49,3.49,3.49,3.49,3.49,5.33,5.33,6.16,6.16,4.1,4.1,4.1,4.1,4.1,4.1,5.74,6.57,6.57,5.74,3.69,3.69,3.69,3.69
N_24_27,N_24_29,11.844157090991503,6.57,6.57,6.57,6.57,6.57,6.57,8.17,8.17,8.88,8.88,7.11,7.11,7.11,7.11,7.11,7.11,8.53,9.24,9.24,8.53,6.75,6.75,6.75,6.75
N_24_28,N_23_30,9.51322223235039,5.28,5.28,5.28,5.28,5.28,5.28,6.56,6.56,7.13,7.13,5.71,5.71,5.71,5.71,5.71,5.71,6.85,7.42,7.42,6.85,5.42,5.42,5.42,5.42
N_24_28,N_24_29,6.2698054085606785,6.4,6.4,6.4,6.4,6.4,6.4,9.78,9.78,11.29,11.29,7.52,7.52,7.52,7.52,7.52,7.52,10.53,12.04,12.04,10.53,6.77,6.77,6.77,6.77
N_24_28,N_23_29,6.785885586937418,6.92,6.92,6.92,6.92,6.92,6.92,10.59,10.59,12.21,12.21,8.14,8.14,8.14,8.14,8.14,8.14,11.4,13.03,13.03,11.4,7.33,7.33,7.33,7.33
N_24_29,N_22_30,6.752507376684516,6.89,6.89,6.89,6.89,6.89,6.89,10.53,10.53,12.15,12.15,8.1,8.1,8.1,8.1,8.1,8.1,11.34,12.96,12.96,11.34,7.29,7.29,7.29,7.29
N_24_29,N_23_27,6.8584283603312635,7.0,7.0,7.0,7.0,7.0,7.0,10.7,10.7,12.35,12.35,8.23,8.23,8.23,8.23,8.23,8.23,11.52,13.17,13.17,11.52,7.41,7.41,7.41,7.41
N_24_3,N_24_1,1.1193038531209016,1.84,1.84,1.84,1.84,1.84,1.84,3.04,3.04,3.58,3.58,2.24,2.24,2.24,2.24,2.24,2.24,3.31,3.85,3.85,3.31,1.97,1.97,1.97,1.97
N_24_3,N_23_4,11.409752502141595,6.33,6.33,6.33,6.33,6.33,6.33,7.87,7.87,8.56,8.56,6.85,6.85,6.85,6.85,6.85,6.85,8.22,8.9,8.9,8.22,6.5,6.5,6.5,6.5
N_24_3,N_22_2,1.4742209087329357,2.42,2.42,2.42,2.42,2.42,2.42,4.01,4.01,4.72,4.72,2.95,2.95,2.95,2.95,2.95,2.95,4.36,5.07,5.07,4.36,2.59,2.59,2.59,2.59
N_24_3,N_23_3,6.733818065719811,6.87,6.87,6.87,6.87,6.87,6.87,10.5,10.5,12.12,12.12,8.08,8.08,8.08,8.08,8.08,8.08,11.31,12.93,12.93,11.31,7.27,7.27,7.27,7.27
N_24_30,N_23_32,3.5002563017410906,3.57,3.57,3.57,3.57,3.57,3.57,5.46,5.46,6.3,6.3,4.2,4.2,4.2,4.2,4.2,4.2,5.88,6.72,6.72,5.88,3.78,3.78,3.78,3.78
N_24_30,N_24_29,5.506044759809594,5.62,5.62,5.62,5.62,5.62,5.62,8.59,8.59,9.91,9.91,6.61,6.61,6.61,6.61,6.61,6.61,9.25,10.57,10.57,9.25,5.95,5.95,5.95,5.95
N_24_30,N_23_28,4.900632755936458,5.0,5.0,5.0,5.0,5.0,5.0,7.64,7.64,8.82,8.82,5.88,5.88,5.88,5.88,5.88,5.88,8.23,9.41,9.41,8.23,5.29,5.29,5.29,5.29
N_24_31,N_22_30,0.9439167874008207,1.55,1.55,1.55,1.55,1.55,1.55,2.57,2.57,3.02,3.02,1.89,1.89,1.89,1.89,1.89,1.89,2.79,3.25,3.25,2.79,1.66,1.66,1.66,1.66
N_24_31,N_23_30,5.787783928401545,5.9,5.9,5.9,5.9,5.9,5.9,9.03,9.03,10.42,10.42,6.95,6.95,6.95,6.95,6.95,6.95,9.72,11.11,11.11,9.72,6.25,6.25,6.25,6.25
N_24_31,N_23_33,1.4774608225863985,2.42,2.42,2.42,2.42,2.42,2.42,4.02,4.02,4.73,4.73,2.95,2.95,2.95,2.95,2.95,2.95,4.37,5.08,5.08,4.37,2.6,2.6,2.6,2.6
N_24_31,N_22_31,6.597564361072003,6.73,6.73,6.73,6.73,6.73,6.73,10.29,10.29,11.88,11.88,7.92,7.92,7.92,7.92,7.92,7.92,11.08,12.67,12.67,11.08,7.13,7.13,7.13,7.13
N_24_31,N_24_32,4.353090412384,4.44,4.44,4.44,4.44,4.44,4.44,6.79,6.79,7.84,7.84,5.22,5.22,5.22,5.22,5.22,5.22,7.31,8.36,8.36,7.31,4.7,4.7,4.7,4.7
N_24_31,N_23_31,0.6473931840373399,1.06,1.06,1.06,1.06,1.06,1.06,1.76,1.76,2.07,2.07,1.29,1.29,1.29,1.29,1.29,1.29,1.92,2.23,2.23,1.92,1.14,1.14,1.14,1.14
N_24_31,N_24_33,0.6803453467455001,1.12,1.12,1.12,1.12,1.12,1.12,1.85,1.85,2.18,2.18,1.36,1.36,1.36,1.36,1.36,1.36,2.01,2.34,2.34,2.01,1.2,1.2,1.2,1.2
N_24_32,N_23_33,5.578670067265556,5.69,5.69,5.69,5.69,5.69,5.69,8.7,8.7,10.04,10.04,6.69,6.69,6.69,6.69,6.69,6.69,9.37,10.71,10.71,9.37,6.02,6.02,6.02,6.02
N_24_32,N_24_31,4.353090412384,4.44,4.44,4.44,4.44,4.44,4.44,6.79,6.79,7.84,7.84,5.22,5.22,5.22,5.22,5.22,5.22,7.31,8.36,8.36,7.31,4.7,4.7,4.7,4.7
N_24_32,N_22_32,1.5645022505233344,2.57,2.57,2.57,2.57,2.57,2.57,4.26,4.26,5.01,5.01,3.13,3.13,3.13,3.13,3.13,3.13,4.63,5.38,5.38,4.63,2.75,2.75,2.75,2.75
N_24_32,N_24_30,1.9478197449066024,3.19,3.19,3.19,3.19,3.19,3.19,5.3,5.3,6.23,6.23,3.9,3.9,3.9,3.9,3.9,3.9,5.77,6.7,6.7,5.77,3.43,3.43,3.43,3.43
N_24_32,N_23_34,3.394582353971044,3.46,3.46,3.46,3.46,3.46,3.46,5.3,5.3,6.11,6.11,4.07,4.07,4.07,4.07,4.07,4.07,5.7,6.52,6.52,5.7,3.67,3.67,3.67,3.67
N_24_32,N_23_32,13.931414128031566,7.73,7.73,7.73,7.73,7.73,7.73,9.61,9.61,10.45,10.45,8.36,8.36,8.36,8.36,8.36,8.36,10.03,10.87,10.87,10.03,7.94,7.94,7.94,7.94
N_24_32,N_23_30,14.972746695640858,8.31,8.31,8.31,8.31,8.31,8.31,10.33,10.33,11.23,11.23,8.98,8.98,8.98,8.98,8.98,8.98,10.78,11.68,11.68,10.78,8.53,8.53,8.53,8.53
N_24_33,N_24_31,0.6803453467455001,1.12,1.12,1.12,1.12,1.12,1.12,1.85,1.85,2.18,2.18,1.36,1.36,1.36,1.36,1.36,1.36,2.01,2.34,2.34,2.01,1.2,1.2,1.2,1.2
N_24_33,N_23_32,2.483708907907163,4.07,4.07,4.07,4.07,4.07,4.07,6.76,6.76,7.95,7.95,4.97,4.97,4.97,4.97,4.97,4.97,7.35,8.54,8.54,7.35,4.37,4.37,4.37,4.37
N_24_34,N_23_34,6.238034290560364,6.36,6.36,6.36,6.36,6.36,6.36,9.73,9.73,11.23,11.23,7.49,7.49,7.49,7.49,7.49,7.49,10.48,11.98,11.98,10.48,6.74,6.74,6.74,6.74
N_24_34,N_22_34,14.205238427231862,7.88,7.88,7.88,7.88,7.88,7.88,9.8,9.8,10.65,10.65,8.52,8.52,8.52,8.52,8.52,8.52,10.23,11.08,11.08,10.23,8.1,8.1,8.1,8.1
N_24_35,N_23_37,1.4963783791068732,2.45,2.45,2.45,2.45,2.45,2.45,4.07,4.07,4.79,4.79,2.99,2.99,2.99,2.99,2.99,2.99,4.43,5.15,5.15,4.43,2.63,2.63,2.63,2.63
N_24_35,N_24_33,2.177105872973672,3.57,3.57,3.57,3.57,3.57,3.57,5.92,5.92,6.97,6.97,4.35,4.35,4.35,4.35,4.35,4.35,6.44,7.49,7.49,6.44,3.83,3.83,3.83,3.83
N_24_36,N_22_35,8.059632700823395,4.47,4.47,4.47,4.47,4.47,4.47,5.56,5.56,6.04,6.04,4.84,4.84,4.84,4.84,4.84,4.84,5.8,6.29,6.29,5.8,4.59,4.59,4.59,4.59
N_24_36,N_24_38,6.857483954550828,6.99,6.99,6.99,6.99,6.99,6.99,10.7,10.7,12.34,12.34,8.23,8.23,8.23,8.23,8.23,8.23,11.52,13.17,13.17,11.52,7.41,7.41,7.41,7.41
N_24_36,N_23_35,3.9106167050795864,3.99,3.99,3.99,3.99,3.99,3.99,6.1,6.1,7.04,7.04,4.69,4.69,4.69,4.69,4.69,4.69,6.57,7.51,7.51,6.57,4.22,4.22,4.22,4.22
N_24_37,N_23_38,5.959206870238527,6.08,6.08,6.08,6.08,6.08,6.08,9.3,9.3,10.73,10.73,7.15,7.15,7.15,7.15,7.15,7.15,10.01,11.44,11.44,10.01,6.44,6.44,6.44,6.44
N_24_37,N_23_36,8.568741805900084,4.76,4.76,4.76,4.76,4.76,4.76,5.91,5.91,6.43,6.43,5.14,5.14,5.14,5.14,5.14,5.14,6.17,6.68,6.68,6.17,4.88,4.88,4.88,4.88
N_24_37,N_22_37,5.958914571805866,6.08,6.08,6.08,6.08,6.08,6.08,9.3,9.3,10.73,10.73,7.15,7.15,7.15,7.15,7.15,7.15,10.01,11.44,11.44,10.01,6.44,6.44,6.44,6.44
N_24_37,N_23_35,4.525078792832434,4.62,4.62,4.62,4.62,4.62,4.62,7.06,7.06,8.15,8.15,5.43,5.43,5.43,5.43,5.43,5.43,7.6,8.69,8.69,7.6,4.89,4.89,4.89,4.89
N_24_37,N_24_35,3.8325336671481907,3.91,3.91,3.91,3.91,3.91,3.91,5.98,5.98,6.9,6.9,4.6,4.6,4.6,4.6,4.6,4.6,6.44,7.36,7.36,6.44,4.14,4.14,4.14,4.14
N_24_37,N_24_36,6.13311306638597,6.26,6.26,6.26,6.26,6.26,6.26,9.57,9.57,11.04,11.04,7.36,7.36,7.36,7.36,7.36,7.36,10.3,11.78,11.78,10.3,6.62,6.62,6.62,6.62
N_24_38,N_22_39,12.097848254409701,6.71,6.71,6.71,6.71,6.71,6.71,8.35,8.35,9.07,9.07,7.26,7.26,7.26,7.26,7.26,7.26,8.71,9.44,9.44,8.71,6.9,6.9,6.9,6.9
N_24_38,N_23_37,6.597628151372005,6.73,6.73,6.73,6.73,6.73,6.73,10.29,10.29,11.88,11.88,7.92,7.92,7.92,7.92,7.92,7.92,11.08,12.67,12.67,11.08,7.13,7.13,7.13,7.13
N_24_38,N_23_39,6.010730265249183,6.13,6.13,6.13,6.13,6.13,6.13,9.38,9.38,10.82,10.82,7.21,7.21,7.21,7.21,7.21,7.21,10.1,11.54,11.54,10.1,6.49,6.49,6.49,6.49
N_24_39,N_22_38,3.7105058693912443,3.78,3.78,3.78,3.78,3.78,3.78,5.79,5.79,6.68,6.68,4.45,4.45,4.45,4.45,4.45,4.45,6.23,7.12,7.12,6.23,4.01,4.01,4.01,4.01
N_24_39,N_23_38,6.578643680371369,6.71,6.71,6.71,6.71,6.71,6.71,10.26,10.26,11.84,11.84,7.89,7.89,7.89,7.89,7.89,7.89,11.05,12.63,12.63,11.05,7.1,7.1,7.1,7.1
N_24_39,N_24_38,5.806123852833304,5.92,5.92,5.92,5.92,5.92,5.92,9.06,9.06,10.45,10.45,6.97,6.97,6.97,6.97,6.97,6.97,9.75,11.15,11.15,9.75,6.27,6.27,6.27,6.27
N_24_4,N_23_5,0.8677741386605451,1.42,1.42,1.42,1.42,1.42,1.42,2.36,2.36,2.78,2.78,1.74,1.74,1.74,1.74,1.74,1.74,2.57,2.99,2.99,2.57,1.53,1.53,1.53,1.53
N_24_4,N_24_6,4.5274816357432375,4.62,4.62,4.62,4.62,4.62,4.62,7.06,7.06,8.15,8.15,5.43,5.43,5.43,5.43,5.43,5.43,7.61,8.69,8.69,7.61,4.89,4.89,4.89,4.89
N_24_4,N_22_3,5.821846697728368,5.94,5.94,5.94,5.94,5.94,5.94,9.08,9.08,10.48,10.48,6.99,6.99,6.99,6.99,6.99,6.99,9.78,11.18,11.18,9.78,6.29,6.29,6.29,6.29
N_24_5,N_22_6,6.524097292868626,6.65,6.65,6.65,6.65,6.65,6.65,10.18,10.18,11.74,11.74,7.83,7.83,7.83,7.83,7.83,7.83,10.96,12.53,12.53,10.96,7.05,7.05,7.05,7.05
N_24_5,N_23_3,12.466983374457959,6.92,6.92,6.92,6.92,6.92,6.92,8.6,8.6,9.35,9.35,7.48,7.48,7.48,7.48,7.48,7.48,8.98,9.72,9.72,8.98,7.11,7.11,7.11,7.11
N_24_6,N_22_7,6.696621407898738,6.83,6.83,6.83,6.83,6.83,6.83,10.45,10.45,12.05,12.05,8.04,8.04,8.04,8.04,8.04,8.04,11.25,12.86,12.86,11.25,7.23,7.23,7.23,7.23
N_24_6,N_24_4,4.5274816357432375,4.62,4.62,4.62,4.62,4.62,4.62,7.06,7.06,8.15,8.15,5.43,5.43,5.43,5.43,5.43,5.43,7.61,8.69,8.69,7.61,4.89,4.89,4.89,4.89
N_24_6,N_22_6,4.915052806913504,5.01,5.01,5.01,5.01,5.01,5.01,7.67,7.67,8.85,8.85,5.9,5.9,5.9,5.9,5.9,5.9,8.26,9.44,9.44,8.26,5.31,5.31,5.31,5.31
N_24_7,N_23_8,4.2479364529803885,4.33,4.33,4.33,4.33,4.33,4.33,6.63,6.63,7.65,7.65,5.1,5.1,5.1,5.1,5.1,5.1,7.14,8.16,8.16,7.14,4.59,4.59,4.59,4.59
N_24_7,N_24_5,3.258080270559435,3.32,3.32,3.32,3.32,3.32,3.32,5.08,5.08,5.86,5.86,3.91,3.91,3.91,3.91,3.91,3.91,5.47,6.26,6.26,5.47,3.52,3.52,3.52,3.52
N_24_8,N_22_9,6.205496672266334,6.33,6.33,6.33,6.33,6.33,6.33,9.68,9.68,11.17,11.17,7.45,7.45,7.45,7.45,7.45,7.45,10.43,11.91,11.91,10.43,6.7,6.7,6.7,6.7
N_24_8,N_24_7,4.146571639799884,4.23,4.23,4.23,4.23,4.23,4.23,6.47,6.47,7.46,7.46,4.98,4.98,4.98,4.98,4.98,4.98,6.97,7.96,7.96,6.97,4.48,4.48,4.48,4.48
N_24_8,N_24_9,5.435814558048248,5.54,5.54,5.54,5.54,5.54,5.54,8.48,8.48,9.78,9.78,6.52,6.52,6.52,6.52,6.52,6.52,9.13,10.44,10.44,9.13,5.87,5.87,5.87,5.87
N_24_8,N_23_9,14.422186904170951,8.0,8.0,8.0,8.0,8.0,8.0,9.95,9.95,10.82,10.82,8.65,8.65,8.65,8.65,8.65,8.65,10.38,11.25,11.25,10.38,8.22,8.22,8.22,8.22
N_24_9,N_23_10,6.7218895227613515,6.86,6.86,6.86,6.86,6.86,6.86,10.49,10.49,12.1,12.1,8.07,8.07,8.07,8.07,8.07,8.07,11.29,12.91,12.91,11.29,7.26,7.26,7.26,7.26
N_24_9,N_24_8,5.435814558048248,5.54,5.54,5.54,5.54,5.54,5.54,8.48,8.48,9.78,9.78,6.52,6.52,6.52,6.52,6.52,6.52,9.13,10.44,10.44,9.13,5.87,5.87,5.87,5.87
N_24_9,N_23_9,13.287527575450598,7.37,7.37,7.37,7.37,7.37,7.37,9.17,9.17,9.97,9.97,7.97,7.97,7.97,7.97,7.97,7.97,9.57,10.36,10.36,9.57,7.57,7.57,7.57,7.57
N_2_0,N_0_0,12.651744906381824,7.02,7.02,7.02,7.02,7.02,7.02,8.73,8.73,9.49,9.49,7.59,7.59,7.59,7.59,7.59,7.59,9.11,9.87,9.87,9.11,7.21,7.21,7.21,7.21
N_2_0,N_2_1,3.3134195637885027,3.38,3.38,3.38,3.38,3.38,3.38,5.17,5.17,5.96,5.96,3.98,3.98,3.98,3.98,3.98,3.98,5.57,6.36,6.36,5.57,3.58,3.58,3.58,3.58
N_2_0,N_4_0,5.15415237423999,5.26,5.26,5.26,5.26,5.26,5.26,8.04,8.04,9.28,9.28,6.18,6.18,6.18,6.18,6.18,6.18,8.66,9.9,9.9,8.66,5.57,5.57,5.57,5.57
N_2_0,N_2_2,12.535149852844393,6.96,6.96,6.96,6.96,6.96,6.96,8.65,8.65,9.4,9.4,7.52,7.52,7.52,7.52,7.52,7.52,9.03,9.78,9.78,9.03,7.15,7.15,7.15,7.15
N_2_1,N_0_0,3.5926152672147786,3.66,3.66,3.66,3.66,3.66,3.66,5.6,5.6,6.47,6.47,4.31,4.31,4.31,4.31,4.31,4.31,6.04,6.9,6.9,6.04,3.88,3.88,3.88,3.88
N_2_1,N_0_2,5.33355862481216,5.44,5.44,5.44,5.44,5.44,5.44,8.32,8.32,9.6,9.6,6.4,6.4,6.4,6.4,6.4,6.4,8.96,10.24,10.24,8.96,5.76,5.76,5.76,5.76
N_2_1,N_1_1,2.304907859729261,3.78,3.78,3.78,3.78,3.78,3.78,6.27,6.27,7.38,7.38,4.61,4.61,4.61,4.61,4.61,4.61,6.82,7.93,7.93,6.82,4.06,4.06,4.06,4.06
N_2_1,N_2_0,3.3134195637885027,3.38,3.38,3.38,3.38,3.38,3.38,5.17,5.17,5.96,5.96,3.98,3.98,3.98,3.98,3.98,3.98,5.57,6.36,6.36,5.57,3.58,3.58,3.58,3.58
N_2_10,N_1_9,3.5178610072033507,3.59,3.59,3.59,3.59,3.59,3.59,5.49,5.49,6.33,6.33,4.22,4.22,4.22,4.22,4.22,4.22,5.91,6.75,6.75,5.91,3.8,3.8,3.8,3.8
N_2_10,N_3_8,9.550952286851121,5.3,5.3,5.3,5.3,5.3,5.3,6.59,6.59,7.16,7.16,5.73,5.73,5.73,5.73,5.73,5.73,6.88,7.45,7.45,6.88,5.44,5.44,5.44,5.44
N_2_10,N_4_9,12.504862652279325,6.94,6.94,6.94,6.94,6.94,6.94,8.63,8.63,9.38,9.38,7.5,7.5,7.5,7.5,7.5,7.5,9.0,9.75,9.75,9.0,7.13,7.13,7.13,7.13
N_2_10,N_3_12,1.0318739789251175,1.69,1.69,1.69,1.69,1.69,1.69,2.81,2.81,3.3,3.3,2.06,2.06,2.06,2.06,2.06,2.06,3.05,3.55,3.55,3.05,1.82,1.82,1.82,1.82
N_2_11,N_3_11,9.183488120497325,5.1,5.1,5.1,5.1,5.1,5.1,6.34,6.34,6.89,6.89,5.51,5.51,5.51,5.51,5.51,5.51,6.61,7.16,7.16,6.61,5.23,5.23,5.23,5.23
N_2_11,N_3_13,8.378363294472177,4.65,4.65,4.65,4.65,4.65,4.65,5.78,5.78,6.28,6.28,5.03,5.03,5.03,5.03,5.03,5.03,6.03,6.54,6.54,6.03,4.78,4.78,4.78,4.78
N_2_11,N_4_12,3.6133285756261184,3.69,3.69,3.69,3.69,3.69,3.69,5.64,5.64,6.5,6.5,4.34,4.34,4.34,4.34,4.34,4.34,6.07,6.94,6.94,6.07,3.9,3.9,3.9,3.9
N_2_11,N_2_12,6.839158223080654,6.98,6.98,6.98,6.98,6.98,6.98,10.67,10.67,12.31,12.31,8.21,8.21,8.21,8.21,8.21,8.21,11.49,13.13,13.13,11.49,7.39,7.39,7.39,7.39
N_2_12,N_1_13,6.871752471741898,7.01,7.01,7.01,7.01,7.01,7.01,10.72,10.72,12.37,12.37,8.25,8.25,8.25,8.25,8.25,8.25,11.54,13.19,13.19,11.54,7.42,7.42,7.42,7.42
N_2_12,N_3_12,3.805244929353649,3.88,3.88,3.88,3.88,3.88,3.88,5.94,5.94,6.85,6.85,4.57,4.57,4.57,4.57,4.57,4.57,6.39,7.31,7.31,6.39,4.11,4.11,4.11,4.11
N_2_12,N_2_13,5.735378996622909,5.85,5.85,5.85,5.85,5.85,5.85,8.95,8.95,10.32,10.32,6.88,6.88,6.88,6.88,6.88,6.88,9.64,11.01,11.01,9.64,6.19,6.19,6.19,6.19
N_2_12,N_1_10,14.950568734870242,8.3,8.3,8.3,8.3,8.3,8.3,10.32,10.32,11.21,11.21,8.97,8.97,8.97,8.97,8.97,8.97,10.76,11.66,11.66,10.76,8.52,8.52,8.52,8.52
N_2_12,N_3_10,12.487310978127798,6.93,6.93,6.93,6.93,6.93,6.93,8.62,8.62,9.37,9.37,7.49,7.49,7.49,7.49,7.49,7.49,8.99,9.74,9.74,8.99,7.12,7.12,7.12,7.12
N_2_13,N_0_12,5.387445163966767,5.5,5.5,5.5,5.5,5.5,5.5,8.4,8.4,9.7,9.7,6.46,6.46,6.46,6.46,6.46,6.46,9.05,10.34,10.34,9.05,5.82,5.82,5.82,5.82
N_2_13,N_4_13,2.3622203411222698,3.87,3.87,3.87,3.87,3.87,3.87,6.43,6.43,7.56,7.56,4.72,4.72,4.72,4.72,4.72,4.72,6.99,8.13,8.13,6.99,4.16,4.16,4.16,4.16
N_2_13,N_4_12,9.430933181443358,5.23,5.23,5.23,5.23,5.23,5.23,6.51,6.51,7.07,7.07,5.66,5.66,5.66,5.66,5.66,5.66,6.79,7.36,7.36,6.79,5.38,5.38,5.38,5.38
N_2_14,N_3_16,2.2898432980873746,3.76,3.76,3.76,3.76,3.76,3.76,6.23,6.23,7.33,7.33,4.58,4.58,4.58,4.58,4.58,4.58,6.78,7.88,7.88,6.78,4.03,4.03,4.03,4.03
N_2_14,N_3_13,8.497663604857742,4.72,4.72,4.72,4.72,4.72,4.72,5.86,5.86,6.37,6.37,5.1,5.1,5.1,5.1,5.1,5.1,6.12,6.63,6.63,6.12,4.84,4.84,4.84,4.84
N_2_14,N_2_16,4.0386744437978415,4.12,4.12,4.12,4.12,4.12,4.12,6.3,6.3,7.27,7.27,4.85,4.85,4.85,4.85,4.85,4.85,6.78,7.75,7.75,6.78,4.36,4.36,4.36,4.36
N_2_15,N_1_17,4.231711269811962,4.32,4.32,4.32,4.32,4.32,4.32,6.6,6.6,7.62,7.62,5.08,5.08,5.08,5.08,5.08,5.08,7.11,8.12,8.12,7.11,4.57,4.57,4.57,4.57
N_2_15,N_0_16,0.5284731437901324,0.87,0.87,0.87,0.87,0.87,0.87,1.44,1.44,1.69,1.69,1.06,1.06,1.06,1.06,1.06,1.06,1.56,1.82,1.82,1.56,0.93,0.93,0.93,0.93
N_2_15,N_1_15,1.1759194453348532,1.93,1.93,1.93,1.93,1.93,1.93,3.2,3.2,3.76,3.76,2.35,2.35,2.35,2.35,2.35,2.35,3.48,4.05,4.05,3.48,2.07,2.07,2.07,2.07
N_2_15,N_4_15,0.9878891969121715,1.62,1.62,1.62,1.62,1.62,1.62,2.69,2.69,3.16,3.16,1.98,1.98,1.98,1.98,1.98,1.98,2.92,3.4,3.4,2.92,1.74,1.74,1.74,1.74
N_2_16,N_0_15,10.384771364424903,5.76,5.76,5.76,5.76,5.76,5.76,7.17,7.17,7.79,7.79,6.23,6.23,6.23,6.23,6.23,6.23,7.48,8.1,8.1,7.48,5.92,5.92,5.92,5.92
N_2_16,N_0_17,6.345171131352879,6.47,6.47,6.47,6.47,6.47,6.47,9.9,9.9,11.42,11.42,7.61,7.61,7.61,7.61,7.61,7.61,10.66,12.18,12.18,10.66,6.85,6.85,6.85,6.85
N_2_16,N_1_16,10.66704491183552,5.92,5.92,5.92,5.92,5.92,5.92,7.36,7.36,8.0,8.0,6.4,6.4,6.4,6.4,6.4,6.4,7.68,8.32,8.32,7.68,6.08,6.08,6.08,6.08
N_2_16,N_2_14,4.0386744437978415,4.12,4.12,4.12,4.12,4.12,4.12,6.3,6.3,7.27,7.27,4.85,4.85,4.85,4.85,4.85,4.85,6.78,7.75,7.75,6.78,4.36,4.36,4.36,4.36
N_2_17,N_0_17,3.7287591924776784,3.8,3.8,3.8,3.8,3.8,3.8,5.82,5.82,6.71,6.71,4.47,4.47,4.47,4.47,4.47,4.47,6.26,7.16,7.16,6.26,4.03,4.03,4.03,4.03
N_2_17,N_0_18,3.6582922744978217,3.73,3.73,3.73,3.73,3.73,3.73,5.71,5.71,6.58,6.58,4.39,4.39,4.39,4.39,4.39,4.39,6.15,7.02,7.02,6.15,3.95,3.95,3.95,3.95
N_2_18,N_1_17,4.011218721755606,4.09,4.09,4.09,4.09,4.09,4.09,6.26,6.26,7.22,7.22,4.81,4.81,4.81,4.81,4.81,4.81,6.74,7.7,7.7,6.74,4.33,4.33,4.33,4.33
N_2_18,N_3_18,11.946345649657268,6.63,6.63,6.63,6.63,6.63,6.63,8.24,8.24,8.96,8.96,7.17,7.17,7.17,7.17,7.17,7.17,8.6,9.32,9.32,8.6,6.81,6.81,6.81,6.81
N_2_19,N_0_18,11.696948219026535,6.49,6.49,6.49,6.49,6.49,6.49,8.07,8.07,8.77,8.77,7.02,7.02,7.02,7.02,7.02,7.02,8.42,9.12,9.12,8.42,6.67,6.67,6.67,6.67
N_2_19,N_0_19,3.8530947757128375,3.93,3.93,3.93,3.93,3.93,3.93,6.01,6.01,6.94,6.94,4.62,4.62,4.62,4.62,4.62,4.62,6.47,7.4,7.4,6.47,4.16,4.16,4.16,4.16
N_2_2,N_0_1,13.574148743450085,7.53,7.53,7.53,7.53,7.53,7.53,9.37,9.37,10.18,10.18,8.14,8.14,8.14,8.14,8.14,8.14,9.77,10.59,10.59,9.77,7.74,7.74,7.74,7.74
N_2_2,N_0_3,1.3941171553503149,2.29,2.29,2.29,2.29,2.29,2.29,3.79,3.79,4.46,4.46,2.79,2.79,2.79,2.79,2.79,2.79,4.13,4.8,4.8,4.13,2.45,2.45,2.45,2.45
N_2_20,N_0_19,12.457807947566302,6.91,6.91,6.91,6.91,6.91,6.91,8.6,8.6,9.34,9.34,7.47,7.47,7.47,7.47,7.47,7.47,8.97,9.72,9.72,8.97,7.1,7.1,7.1,7.1
N_2_20,N_2_22,12.371150660969072,6.87,6.87,6.87,6.87,6.87,6.87,8.54,8.54,9.28,9.28,7.42,7.42,7.42,7.42,7.42,7.42,8.91,9.65,9.65,8.91,7.05,7.05,7.05,7.05
N_2_20,N_1_18,6.905730947968154,7.04,7.04,7.04,7.04,7.04,7.04,10.77,10.77,12.43,12.43,8.29,8.29,8.29,8.29,8.29,8.29,11.6,13.26,13.26,11.6,7.46,7.46,7.46,7.46
N_2_20,N_4_20,8.72074744540504,4.84,4.84,4.84,4.84,4.84,4.84,6.02,6.02,6.54,6.54,5.23,5.23,5.23,5.23,5.23,5.23,6.28,6.8,6.8,6.28,4.97,4.97,4.97,4.97
N_2_21,N_0_21,3.9316835297531596,4.01,4.01,4.01,4.01,4.01,4.01,6.13,6.13,7.08,7.08,4.72,4.72,4.72,4.72,4.72,4.72,6.61,7.55,7.55,6.61,4.25,4.25,4.25,4.25
N_2_21,N_1_19,6.451907797619009,6.58,6.58,6.58,6.58,6.58,6.58,10.06,10.06,11.61,11.61,7.74,7.74,7.74,7.74,7.74,7.74,10.84,12.39,12.39,10.84,6.97,6.97,6.97,6.97
N_2_21,N_0_22,6.950669637076999,7.09,7.09,7.09,7.09,7.09,7.09,10.84,10.84,12.51,12.51,8.34,8.34,8.34,8.34,8.34,8.34,11.68,13.35,13.35,11.68,7.51,7.51,7.51,7.51
N_2_22,N_4_22,12.094663750729762,6.71,6.71,6.71,6.71,6.71,6.71,8.35,8.35,9.07,9.07,7.26,7.26,7.26,7.26,7.26,7.26,8.71,9.43,9.43,8.71,6.89,6.89,6.89,6.89
N_2_22,N_1_24,0.8915409367283176,1.46,1.46,1.46,1.46,1.46,1.46,2.42,2.42,2.85,2.85,1.78,1.78,1.78,1.78,1.78,1.78,2.64,3.07,3.07,2.64,1.57,1.57,1.57,1.57
N_2_22,N_1_21,6.882326018138912,7.02,7.02,7.02,7.02,7.02,7.02,10.74,10.74,12.39,12.39,8.26,8.26,8.26,8.26,8.26,8.26,11.56,13.21,13.21,11.56,7.43,7.43,7.43,7.43
N_2_22,N_1_22,13.634996682595247,7.57,7.57,7.57,7.57,7.57,7.57,9.41,9.41,10.23,10.23,8.18,8.18,8.18,8.18,8.18,8.18,9.82,10.64,10.64,9.82,7.77,7.77,7.77,7.77
N_2_22,N_1_23,1.4553137290260956,2.39,2.39,2.39,2.39,2.39,2.39,3.96,3.96,4.66,4.66,2.91,2.91,2.91,2.91,2.91,2.91,4.31,5.01,5.01,4.31,2.56,2.56,2.56,2.56
N_2_22,N_3_21,2.0802966624161576,3.41,3.41,3.41,3.41,3.41,3.41,5.66,5.66,6.66,6.66,4.16,4.16,4.16,4.16,4.16,4.16,6.16,7.16,7.16,6.16,3.66,3.66,3.66,3.66
N_2_23,N_0_24,3.2705026839478784,3.34,3.34,3.34,3.34,3.34,3.34,5.1,5.1,5.89,5.89,3.92,3.92,3.92,3.92,3.92,3.92,5.49,6.28,6.28,5.49,3.53,3.53,3.53,3.53
N_2_23,N_3_25,4.653087912034448,4.75,4.75,4.75,4.75,4.75,4.75,7.26,7.26,8.38,8.38,5.58,5.58,5.58,5.58,5.58,5.58,7.82,8.93,8.93,7.82,5.03,5.03,5.03,5.03
N_2_23,N_1_24,1.490274144891119,2.44,2.44,2.44,2.44,2.44,2.44,4.05,4.05,4.77,4.77,2.98,2.98,2.98,2.98,2.98,2.98,4.41,5.13,5.13,4.41,2.62,2.62,2.62,2.62
N_2_23,N_1_21,2.2466540910642596,3.68,3.68,3.68,3.68,3.68,3.68,6.11,6.11,7.19,7.19,4.49,4.49,4.49,4.49,4.49,4.49,6.65,7.73,7.73,6.65,3.95,3.95,3.95,3.95
N_2_24,N_0_25,0.8199167198972972,1.34,1.34,1.34,1.34,1.34,1.34,2.23,2.23,2.62,2.62,1.64,1.64,1.64,1.64,1.64,1.64,2.43,2.82,2.82,2.43,1.44,1.44,1.44,1.44
N_2_24,N_0_23,13.80466318048991,7.66,7.66,7.66,7.66,7.66,7.66,9.53,9.53,10.35,10.35,8.28,8.28,8.28,8.28,8.28,8.28,9.94,10.77,10.77,9.94,7.87,7.87,7.87,7.87
N_2_24,N_4_23,1.3660327747249714,2.24,2.24,2.24,2.24,2.24,2.24,3.72,3.72,4.37,4.37,2.73,2.73,2.73,2.73,2.73,2.73,4.04,4.7,4.7,4.04,2.4,2.4,2.4,2.4
N_2_24,N_3_22,3.3971098819022587,3.47,3.47,3.47,3.47,3.47,3.47,5.3,5.3,6.11,6.11,4.08,4.08,4.08,4.08,4.08,4.08,5.71,6.52,6.52,5.71,3.67,3.67,3.67,3.67
N_2_24,N_0_24,3.7736630165225487,3.85,3.85,3.85,3.85,3.85,3.85,5.89,5.89,6.79,6.79,4.53,4.53,4.53,4.53,4.53,4.53,6.34,7.25,7.25,6.34,4.08,4.08,4.08,4.08
N_2_24,N_2_26,8.968306660341549,4.98,4.98,4.98,4.98,4.98,4.98,6.19,6.19,6.73,6.73,5.38,5.38,5.38,5.38,5.38,5.38,6.46,7.0,7.0,6.46,5.11,5.11,5.11,5.11
N_2_25,N_0_26,5.210485955593188,5.31,5.31,5.31,5.31,5.31,5.31,8.13,8.13,9.38,9.38,6.25,6.25,6.25,6.25,6.25,6.25,8.75,10.0,10.0,8.75,5.63,5.63,5.63,5.63
N_2_25,N_3_26,6.625157697075629,6.76,6.76,6.76,6.76,6.76,6.76,10.34,10.34,11.93,11.93,7.95,7.95,7.95,7.95,7.95,7.95,11.13,12.72,12.72,11.13,7.16,7.16,7.16,7.16
N_2_25,N_1_24,0.5463375159945201,0.9,0.9,0.9,0.9,0.9,0.9,1.49,1.49,1.75,1.75,1.09,1.09,1.09,1.09,1.09,1.09,1.62,1.88,1.88,1.62,0.96,0.96,0.96,0.96
N_2_26,N_0_27,2.243641318126403,3.68,3.68,3.68,3.68,3.68,3.68,6.1,6.1,7.18,7.18,4.49,4.49,4.49,4.49,4.49,4.49,6.64,7.72,7.72,6.64,3.95,3.95,3.95,3.95
N_2_26,N_2_24,8.968306660341549,4.98,4.98,4.98,4.98,4.98,4.98,6.19,6.19,6.73,6.73,5.38,5.38,5.38,5.38,5.38,5.38,6.46,7.0,7.0,6.46,5.11,5.11,5.11,5.11
N_2_26,N_4_27,6.40709040741865,6.54,6.54,6.54,6.54,6.54,6.54,10.0,10.0,11.53,11.53,7.69,7.69,7.69,7.69,7.69,7.69,10.76,12.3,12.3,10.76,6.92,6.92,6.92,6.92
N_2_26,N_1_28,2.4949855482048324,4.09,4.09,4.09,4.09,4.09,4.09,6.79,6.79,7.98,7.98,4.99,4.99,4.99,4.99,4.99,4.99,7.39,8.58,8.58,7.39,4.39,4.39,4.39,4.39
N_2_26,N_3_25,5.3696693408404315,5.48,5.48,5.48,5.48,5.48,5.48,8.38,8.38,9.67,9.67,6.44,6.44,6.44,6.44,6.44,6.44,9.02,10.31,10.31,9.02,5.8,5.8,5.8,5.8
N_2_27,N_0_26,3.535132199418357,3.61,3.61,3.61,3.61,3.61,3.61,5.51,5.51,6.36,6.36,4.24,4.24,4.24,4.24,4.24,4.24,5.94,6.79,6.79,5.94,3.82,3.82,3.82,3.82
N_2_27,N_0_27,6.071332736971496,6.19,6.19,6.19,6.19,6.19,6.19,9.47,9.47,10.93,10.93,7.29,7.29,7.29,7.29,7.29,7.29,10.2,11.66,11.66,10.2,6.56,6.56,6.56,6.56
N_2_27,N_3_25,4.7837526605503875,4.88,4.88,4.88,4.88,4.88,4.88,7.46,7.46,8.61,8.61,5.74,5.74,5.74,5.74,5.74,5.74,8.04,9.18,9.18,8.04,5.17,5.17,5.17,5.17
N_2_27,N_2_29,5.501803372336566,5.61,5.61,5.61,5.61,5.61,5.61,8.58,8.58,9.9,9.9,6.6,6.6,6.6,6.6,6.6,6.6,9.24,10.56,10.56,9.24,5.94,5.94,5.94,5.94
N_2_28,N_1_29,3.406088765342073,3.47,3.47,3.47,3.47,3.47,3.47,5.31,5.31,6.13,6.13,4.09,4.09,4.09,4.09,4.09,4.09,5.72,6.54,6.54,5.72,3.68,3.68,3.68,3.68
N_2_28,N_2_26,4.0517576715602495,4.13,4.13,4.13,4.13,4.13,4.13,6.32,6.32,7.29,7.29,4.86,4.86,4.86,4.86,4.86,4.86,6.81,7.78,7.78,6.81,4.38,4.38,4.38,4.38
N_2_28,N_2_30,6.230484287140017,6.36,6.36,6.36,6.36,6.36,6.36,9.72,9.72,11.21,11.21,7.48,7.48,7.48,7.48,7.48,7.48,10.47,11.96,11.96,10.47,6.73,6.73,6.73,6.73
N_2_28,N_1_28,8.297283818042754,4.6,4.6,4.6,4.6,4.6,4.6,5.73,5.73,6.22,6.22,4.98,4.98,4.98,4.98,4.98,4.98,5.97,6.47,6.47,5.97,4.73,4.73,4.73,4.73
N_2_28,N_3_29,6.334494758382128,6.46,6.46,6.46,6.46,6.46,6.46,9.88,9.88,11.4,11.4,7.6,7.6,7.6,7.6,7.6,7.6,10.64,12.16,12.16,10.64,6.84,6.84,6.84,6.84
N_2_28,N_2_29,3.950114283281173,4.03,4.03,4.03,4.03,4.03,4.03,6.16,6.16,7.11,7.11,4.74,4.74,4.74,4.74,4.74,4.74,6.64,7.58,7.58,6.64,4.27,4.27,4.27,4.27
N_2_29,N_2_27,5.501803372336566,5.61,5.61,5.61,5.61,5.61,5.61,8.58,8.58,9.9,9.9,6.6,6.6,6.6,6.6,6.6,6.6,9.24,10.56,10.56,9.24,5.94,5.94,5.94,5.94
N_2_29,N_2_28,3.950114283281173,4.03,4.03,4.03,4.03,4.03,4.03,6.16,6.16,7.11,7.11,4.74,4.74,4.74,4.74,4.74,4.74,6.64,7.58,7.58,6.64,4.27,4.27,4.27,4.27
N_2_29,N_1_29,1.823897402535056,2.99,2.99,2.99,2.99,2.99,2.99,4.96,4.96,5.84,5.84,3.65,3.65,3.65,3.65,3.65,3.65,5.4,6.27,6.27,5.4,3.21,3.21,3.21,3.21
N_2_3,N_1_1,1.4918237562882326,2.45,2.45,2.45,2.45,2.45,2.45,4.06,4.06,4.77,4.77,2.98,2.98,2.98,2.98,2.98,2.98,4.42,5.13,5.13,4.42,2.63,2.63,2.63,2.63
N_2_3,N_0_3,3.932054031755281,4.01,4.01,4.01,4.01,4.01,4.01,6.13,6.13,7.08,7.08,4.72,4.72,4.72,4.72,4.72,4.72,6.61,7.55,7.55,6.61,4.25,4.25,4.25,4.25
N_2_3,N_1_4,4.303763149282751,4.39,4.39,4.39,4.39,4.39,4.39,6.71,6.71,7.75,7.75,5.16,5.16,5.16,5.16,5.16,5.16,7.23,8.26,8.26,7.23,4.65,4.65,4.65,4.65
N_2_30,N_0_31,1.831738874527772,3.0,3.0,3.0,3.0,3.0,3.0,4.98,4.98,5.86,5.86,3.66,3.66,3.66,3.66,3.66,3.66,5.42,6.3,6.3,5.42,3.22,3.22,3.22,3.22
N_2_30,N_1_31,12.180853727692345,6.76,6.76,6.76,6.76,6.76,6.76,8.4,8.4,9.14,9.14,7.31,7.31,7.31,7.31,7.31,7.31,8.77,9.5,9.5,8.77,6.94,6.94,6.94,6.94
N_2_30,N_2_28,6.230484287140017,6.36,6.36,6.36,6.36,6.36,6.36,9.72,9.72,11.21,11.21,7.48,7.48,7.48,7.48,7.48,7.48,10.47,11.96,11.96,10.47,6.73,6.73,6.73,6.73
N_2_31,N_2_32,1.724318014888157,2.83,2.83,2.83,2.83,2.83,2.83,4.69,4.69,5.52,5.52,3.45,3.45,3.45,3.45,3.45,3.45,5.1,5.93,5.93,5.1,3.03,3.03,3.03,3.03
N_2_31,N_3_30,5.110878001779411,5.21,5.21,5.21,5.21,5.21,5.21,7.97,7.97,9.2,9.2,6.13,6.13,6.13,6.13,6.13,6.13,8.59,9.81,9.81,8.59,5.52,5.52,5.52,5.52
N_2_31,N_2_33,5.404951174887358,5.51,5.51,5.51,5.51,5.51,5.51,8.43,8.43,9.73,9.73,6.49,6.49,6.49,6.49,6.49,6.49,9.08,10.38,10.38,9.08,5.84,5.84,5.84,5.84
N_2_31,N_0_31,11.746098016753438,6.52,6.52,6.52,6.52,6.52,6.52,8.1,8.1,8.81,8.81,7.05,7.05,7.05,7.05,7.05,7.05,8.46,9.16,9.16,8.46,6.7,6.7,6.7,6.7
N_2_32,N_2_34,6.4832367524947365,6.61,6.61,6.61,6.61,6.61,6.61,10.11,10.11,11.67,11.67,7.78,7.78,7.78,7.78,7.78,7.78,10.89,12.45,12.45,10.89,7.0,7.0,7.0,7.0
N_2_32,N_2_33,1.7955779567452237,2.94,2.94,2.94,2.94,2.94,2.94,4.88,4.88,5.75,5.75,3.59,3.59,3.59,3.59,3.59,3.59,5.31,6.18,6.18,5.31,3.16,3.16,3.16,3.16
N_2_33,N_0_34,4.320371043400609,4.41,4.41,4.41,4.41,4.41,4.41,6.74,6.74,7.78,7.78,5.18,5.18,5.18,5.18,5.18,5.18,7.26,8.3,8.3,7.26,4.67,4.67,4.67,4.67
N_2_33,N_1_35,4.815334099800273,4.91,4.91,4.91,4.91,4.91,4.91,7.51,7.51,8.67,8.67,5.78,5.78,5.78,5.78,5.78,5.78,8.09,9.25,9.25,8.09,5.2,5.2,5.2,5.2
N_2_34,N_0_33,5.511895263666753,5.62,5.62,5.62,5.62,5.62,5.62,8.6,8.6,9.92,9.92,6.61,6.61,6.61,6.61,6.61,6.61,9.26,10.58,10.58,9.26,5.95,5.95,5.95,5.95
N_2_34,N_3_35,14.580557875899444,8.09,8.09,8.09,8.09,8.09,8.09,10.06,10.06,10.94,10.94,8.75,8.75,8.75,8.75,8.75,8.75,10.5,11.37,11.37,10.5,8.31,8.31,8.31,8.31
N_2_35,N_0_36,6.542608822632722,6.67,6.67,6.67,6.67,6.67,6.67,10.21,10.21,11.78,11.78,7.85,7.85,7.85,7.85,7.85,7.85,10.99,12.56,12.56,10.99,7.07,7.07,7.07,7.07
N_2_35,N_2_36,9.29432859689745,5.16,5.16,5.16,5.16,5.16,5.16,6.41,6.41,6.97,6.97,5.58,5.58,5.58,5.58,5.58,5.58,6.69,7.25,7.25,6.69,5.3,5.3,5.3,5.3
N_2_35,N_3_34,3.599864619897136,3.67,3.67,3.67,3.67,3.67,3.67,5.62,5.62,6.48,6.48,4.32,4.32,4.32,4.32,4.32,4.32,6.05,6.91,6.91,6.05,3.89,3.89,3.89,3.89
N_2_36,N_1_34,1.1815058021394136,1.94,1.94,1.94,1.94,1.94,1.94,3.21,3.21,3.78,3.78,2.36,2.36,2.36,2.36,2.36,2.36,3.5,4.06,4.06,3.5,2.08,2.08,2.08,2.08
N_2_36,N_1_37,1.5050657596414356,2.47,2.47,2.47,2.47,2.47,2.47,4.09,4.09,4.82,4.82,3.01,3.01,3.01,3.01,3.01,3.01,4.45,5.18,5.18,4.45,2.65,2.65,2.65,2.65
N_2_36,N_1_38,14.407157317251016,8.0,8.0,8.0,8.0,8.0,8.0,9.94,9.94,10.81,10.81,8.64,8.64,8.64,8.64,8.64,8.64,10.37,11.24,11.24,10.37,8.21,8.21,8.21,8.21
N_2_36,N_2_35,9.29432859689745,5.16,5.16,5.16,5.16,5.16,5.16,6.41,6.41,6.97,6.97,5.58,5.58,5.58,5.58,5.58,5.58,6.69,7.25,7.25,6.69,5.3,5.3,5.3,5.3
N_2_37,N_0_36,1.7316034773066131,2.84,2.84,2.84,2.84,2.84,2.84,4.71,4.71,5.54,5.54,3.46,3.46,3.46,3.46,3.46,3.46,5.13,5.96,5.96,5.13,3.05,3.05,3.05,3.05
N_2_37,N_0_38,12.807211595016376,7.11,7.11,7.11,7.11,7.11,7.11,8.84,8.84,9.61,9.61,7.68,7.68,7.68,7.68,7.68,7.68,9.22,9.99,9.99,9.22,7.3,7.3,7.3,7.3
N_2_37,N_3_37,4.378864770584715,4.47,4.47,4.47,4.47,4.47,4.47,6.83,6.83,7.88,7.88,5.25,5.25,5.25,5.25,5.25,5.25,7.36,8.41,8.41,7.36,4.73,4.73,4.73,4.73
N_2_37,N_1_39,0.5220366629922031,0.86,0.86,0.86,0.86,0.86,0.86,1.42,1.42,1.67,1.67,1.04,1.04,1.04,1.04,1.04,1.04,1.55,1.8,1.8,1.55,0.92,0.92,0.92,0.92
N_2_38,N_1_39,1.4524386257897945,2.38,2.38,2.38,2.38,2.38,2.38,3.95,3.95,4.65,4.65,2.9,2.9,2.9,2.9,2.9,2.9,4.3,5.0,5.0,4.3,2.56,2.56,2.56,2.56
N_2_38,N_0_38,1.3487989529344049,2.21,2.21,2.21,2.21,2.21,2.21,3.67,3.67,4.32,4.32,2.7,2.7,2.7,2.7,2.7,2.7,3.99,4.64,4.64,3.99,2.37,2.37,2.37,2.37
N_2_38,N_3_37,12.222737076291988,6.78,6.78,6.78,6.78,6.78,6.78,8.43,8.43,9.17,9.17,7.33,7.33,7.33,7.33,7.33,7.33,8.8,9.53,9.53,8.8,6.97,6.97,6.97,6.97
N_2_38,N_2_39,5.377089253598712,5.48,5.48,5.48,5.48,5.48,5.48,8.39,8.39,9.68,9.68,6.45,6.45,6.45,6.45,6.45,6.45,9.03,10.32,10.32,9.03,5.81,5.81,5.81,5.81
N_2_39,N_2_38,5.377089253598712,5.48,5.48,5.48,5.48,5.48,5.48,8.39,8.39,9.68,9.68,6.45,6.45,6.45,6.45,6.45,6.45,9.03,10.32,10.32,9.03,5.81,5.81,5.81,5.81
N_2_39,N_4_39,1.513573802928842,2.48,2.48,2.48,2.48,2.48,2.48,4.12,4.12,4.84,4.84,3.03,3.03,3.03,3.03,3.03,3.03,4.48,5.21,5.21,4.48,2.66,2.66,2.66,2.66
N_2_39,N_1_39,5.953650562883725,6.07,6.07,6.07,6.07,6.07,6.07,9.29,9.29,10.72,10.72,7.14,7.14,7.14,7.14,7.14,7.14,10.0,11.43,11.43,10.0,6.43,6.43,6.43,6.43
N_2_4,N_0_3,2.1810316054379593,3.58,3.58,3.58,3.58,3.58,3.58,5.93,5.93,6.98,6.98,4.36,4.36,4.36,4.36,4.36,4.36,6.46,7.5,7.5,6.46,3.84,3.84,3.84,3.84
N_2_4,N_0_4,4.660608552245089,4.75,4.75,4.75,4.75,4.75,4.75,7.27,7.27,8.39,8.39,5.59,5.59,5.59,5.59,5.59,5.59,7.83,8.95,8.95,7.83,5.03,5.03,5.03,5.03
N_2_4,N_1_3,8.547515590603766,4.74,4.74,4.74,4.74,4.74,4.74,5.9,5.9,6.41,6.41,5.13,5.13,5.13,5.13,5.13,5.13,6.15,6.67,6.67,6.15,4.87,4.87,4.87,4.87
N_2_5,N_0_6,12.623762864983277,7.01,7.01,7.01,7.01,7.01,7.01,8.71,8.71,9.47,9.47,7.57,7.57,7.57,7.57,7.57,7.57,9.09,9.85,9.85,9.09,7.2,7.2,7.2,7.2
N_2_5,N_2_6,1.8812689880178075,3.09,3.09,3.09,3.09,3.09,3.09,5.12,5.12,6.02,6.02,3.76,3.76,3.76,3.76,3.76,3.76,5.57,6.47,6.47,5.57,3.31,3.31,3.31,3.31
N_2_6,N_2_5,1.8812689880178075,3.09,3.09,3.09,3.09,3.09,3.09,5.12,5.12,6.02,6.02,3.76,3.76,3.76,3.76,3.76,3.76,5.57,6.47,6.47,5.57,3.31,3.31,3.31,3.31
N_2_6,N_1_4,1.7593411444534863,2.89,2.89,2.89,2.89,2.89,2.89,4.79,4.79,5.63,5.63,3.52,3.52,3.52,3.52,3.52,3.52,5.21,6.05,6.05,5.21,3.1,3.1,3.1,3.1
N_2_6,N_0_6,5.030863851514065,5.13,5.13,5.13,5.13,5.13,5.13,7.85,7.85,9.06,9.06,6.04,6.04,6.04,6.04,6.04,6.04,8.45,9.66,9.66,8.45,5.43,5.43,5.43,5.43
N_2_6,N_2_4,6.919254584699795,7.06,7.06,7.06,7.06,7.06,7.06,10.79,10.79,12.45,12.45,8.3,8.3,8.3,8.3,8.3,8.3,11.62,13.28,13.28,11.62,7.47,7.47,7.47,7.47
N_2_7,N_0_6,1.4769905096480886,2.42,2.42,2.42,2.42,2.42,2.42,4.02,4.02,4.73,4.73,2.95,2.95,2.95,2.95,2.95,2.95,4.37,5.08,5.08,4.37,2.6,2.6,2.6,2.6
N_2_7,N_0_8,14.84093296591891,8.24,8.24,8.24,8.24,8.24,8.24,10.24,10.24,11.13,11.13,8.9,8.9,8.9,8.9,8.9,8.9,10.69,11.58,11.58,10.69,8.46,8.46,8.46,8.46
N_2_8,N_0_7,11.311637437072447,6.28,6.28,6.28,6.28,6.28,6.28,7.81,7.81,8.48,8.48,6.79,6.79,6.79,6.79,6.79,6.79,8.14,8.82,8.82,8.14,6.45,6.45,6.45,6.45
N_2_8,N_1_6,4.673244434113198,4.77,4.77,4.77,4.77,4.77,4.77,7.29,7.29,8.41,8.41,5.61,5.61,5.61,5.61,5.61,5.61,7.85,8.97,8.97,7.85,5.05,5.05,5.05,5.05
N_2_8,N_1_7,4.012323636252801,4.09,4.09,4.09,4.09,4.09,4.09,6.26,6.26,7.22,7.22,4.81,4.81,4.81,4.81,4.81,4.81,6.74,7.7,7.7,6.74,4.33,4.33,4.33,4.33
N_2_9,N_1_11,1.671685209155326,2.74,2.74,2.74,2.74,2.74,2.74,4.55,4.55,5.35,5.35,3.34,3.34,3.34,3.34,3.34,3.34,4.95,5.75,5.75,4.95,2.94,2.94,2.94,2.94
N_2_9,N_4_8,11.559566883228158,6.42,6.42,6.42,6.42,6.42,6.42,7.98,7.98,8.67,8.67,6.94,6.94,6.94,6.94,6.94,6.94,8.32,9.02,9.02,8.32,6.59,6.59,6.59,6.59
N_3_0,N_1_0,14.300077379151636,7.94,7.94,7.94,7.94,7.94,7.94,9.87,9.87,10.73,10.73,8.58,8.58,8.58,8.58,8.58,8.58,10.3,11.15,11.15,10.3,8.15,8.15,8.15,8.15
N_3_0,N_2_0,12.574623217272286,6.98,6.98,6.98,6.98,6.98,6.98,8.68,8.68,9.43,9.43,7.54,7.54,7.54,7.54,7.54,7.54,9.05,9.81,9.81,9.05,7.17,7.17,7.17,7.17
N_3_0,N_3_1,10.330509380148603,5.73,5.73,5.73,5.73,5.73,5.73,7.13,7.13,7.75,7.75,6.2,6.2,6.2,6.2,6.2,6.2,7.44,8.06,8.06,7.44,5.89,5.89,5.89,5.89
N_3_0,N_2_2,6.687403183170467,6.82,6.82,6.82,6.82,6.82,6.82,10.43,10.43,12.04,12.04,8.02,8.02,8.02,8.02,8.02,8.02,11.23,12.84,12.84,11.23,7.22,7.22,7.22,7.22
N_3_0,N_1_1,5.2865496991681145,5.39,5.39,5.39,5.39,5.39,5.39,8.25,8.25,9.52,9.52,6.34,6.34,6.34,6.34,6.34,6.34,8.88,10.15,10.15,8.88,5.71,5.71,5.71,5.71
N_3_0,N_2_1,6.790149102975211,6.93,6.93,6.93,6.93,6.93,6.93,10.59,10.59,12.22,12.22,8.15,8.15,8.15,8.15,8.15,8.15,11.41,13.04,13.04,11.41,7.33,7.33,7.33,7.33
N_3_1,N_1_0,3.501801082645282,3.57,3.57,3.57,3.57,3.57,3.57,5.46,5.46,6.3,6.3,4.2,4.2,4.2,4.2,4.2,4.2,5.88,6.72,6.72,5.88,3.78,3.78,3.78,3.78
N_3_1,N_1_1,14.375035255442834,7.98,7.98,7.98,7.98,7.98,7.98,9.92,9.92,10.78,10.78,8.63,8.63,8.63,8.63,8.63,8.63,10.35,11.21,11.21,10.35,8.19,8.19,8.19,8.19
N_3_10,N_1_10,9.212986859094208,5.11,5.11,5.11,5.11,5.11,5.11,6.36,6.36,6.91,6.91,5.53,5.53,5.53,5.53,5.53,5.53,6.63,7.19,7.19,6.63,5.25,5.25,5.25,5.25
N_3_10,N_2_12,12.487310978127798,6.93,6.93,6.93,6.93,6.93,6.93,8.62,8.62,9.37,9.37,7.49,7.49,7.49,7.49,7.49,7.49,8.99,9.74,9.74,8.99,7.12,7.12,7.12,7.12
N_3_10,N_5_9,5.229280003439049,5.33,5.33,5.33,5.33,5.33,5.33,8.16,8.16,9.41,9.41,6.28,6.28,6.28,6.28,6.28,6.28,8.79,10.04,10.04,8.79,5.65,5.65,5.65,5.65
N_3_11,N_1_11,5.636552632332755,5.75,5.75,5.75,5.75,5.75,5.75,8.79,8.79,10.15,10.15,6.76,6.76,6.76,6.76,6.76,6.76,9.47,10.82,10.82,9.47,6.09,6.09,6.09,6.09
N_3_11,N_2_9,6.463304366106664,6.59,6.59,6.59,6.59,6.59,6.59,10.08,10.08,11.63,11.63,7.76,7.76,7.76,7.76,7.76,7.76,10.86,12.41,12.41,10.86,6.98,6.98,6.98,6.98
N_3_11,N_5_11,3.2436344181479906,3.31,3.31,3.31,3.31,3.31,3.31,5.06,5.06,5.84,5.84,3.89,3.89,3.89,3.89,3.89,3.89,5.45,6.23,6.23,5.45,3.5,3.5,3.5,3.5
N_3_12,N_1_13,6.750703314148575,6.89,6.89,6.89,6.89,6.89,6.89,10.53,10.53,12.15,12.15,8.1,8.1,8.1,8.1,8.1,8.1,11.34,12.96,12.96,11.34,7.29,7.29,7.29,7.29
N_3_12,N_3_13,1.729683905127398,2.84,2.84,2.84,2.84,2.84,2.84,4.7,4.7,5.53,5.53,3.46,3.46,3.46,3.46,3.46,3.46,5.12,5.95,5.95,5.12,3.04,3.04,3.04,3.04
N_3_13,N_1_13,12.019750220746605,6.67,6.67,6.67,6.67,6.67,6.67,8.29,8.29,9.01,9.01,7.21,7.21,7.21,7.21,7.21,7.21,8.65,9.38,9.38,8.65,6.85,6.85,6.85,6.85
N_3_13,N_2_11,8.378363294472177,4.65,4.65,4.65,4.65,4.65,4.65,5.78,5.78,6.28,6.28,5.03,5.03,5.03,5.03,5.03,5.03,6.03,6.54,6.54,6.03,4.78,4.78,4.78,4.78
N_3_13,N_3_12,1.729683905127398,2.84,2.84,2.84,2.84,2.84,2.84,4.7,4.7,5.53,5.53,3.46,3.46,3.46,3.46,3.46,3.46,5.12,5.95,5.95,5.12,3.04,3.04,3.04,3.04
N_3_14,N_1_15,10.85024424377455,6.02,6.02,6.02,6.02,6.02,6.02,7.49,7.49,8.14,8.14,6.51,6.51,6.51,6.51,6.51,6.51,7.81,8.46,8.46,7.81,6.18,6.18,6.18,6.18
N_3_14,N_2_16,4.085663736972348,4.17,4.17,4.17,4.17,4.17,4.17,6.37,6.37,7.35,7.35,4.9,4.9,4.9,4.9,4.9,4.9,6.86,7.84,7.84,6.86,4.41,4.41,4.41,4.41
N_3_14,N_3_15,2.0156649809447327,3.31,3.31,3.31,3.31,3.31,3.31,5.48,5.48,6.45,6.45,4.03,4.03,4.03,4.03,4.03,4.03,5.97,6.93,6.93,5.97,3.55,3.55,3.55,3.55
N_3_14,N_2_13,6.75675566929936,6.89,6.89,6.89,6.89,6.89,6.89,10.54,10.54,12.16,12.16,8.11,8.11,8.11,8.11,8.11,8.11,11.35,12.97,12.97,11.35,7.3,7.3,7.3,7.3
N_3_14,N_5_13,12.518911825251015,6.95,6.95,6.95,6.95,6.95,6.95,8.64,8.64,9.39,9.39,7.51,7.51,7.51,7.51,7.51,7.51,9.01,9.76,9.76,9.01,7.14,7.14,7.14,7.14
N_3_14,N_4_13,0.7537528709333006,1.24,1.24,1.24,1.24,1.24,1.24,2.05,2.05,2.41,2.41,1.51,1.51,1.51,1.51,1.51,1.51,2.23,2.59,2.59,2.23,1.33,1.33,1.33,1.33
N_3_14,N_3_12,4.935397602976917,5.03,5.03,5.03,5.03,5.03,5.03,7.7,7.7,8.88,8.88,5.92,5.92,5.92,5.92,5.92,5.92,8.29,9.48,9.48,8.29,5.33,5.33,5.33,5.33
N_3_15,N_3_14,2.0156649809447327,3.31,3.31,3.31,3.31,3.31,3.31,5.48,5.48,6.45,6.45,4.03,4.03,4.03,4.03,4.03,4.03,5.97,6.93,6.93,5.97,3.55,3.55,3.55,3.55
N_3_15,N_2_13,1.0807730857528153,1.77,1.77,1.77,1.77,1.77,1.77,2.94,2.94,3.46,3.46,2.16,2.16,2.16,2.16,2.16,2.16,3.2,3.72,3.72,3.2,1.9,1.9,1.9,1.9
N_3_15,N_3_13,4.616384807229407,4.71,4.71,4.71,4.71,4.71,4.71,7.2,7.2,8.31,8.31,5.54,5.54,5.54,5.54,5.54,5.54,7.76,8.86,8.86,7.76,4.99,4.99,4.99,4.99
N_3_15,N_1_15,5.117003732734878,5.22,5.22,5.22,5.22,5.22,5.22,7.98,7.98,9.21,9.21,6.14,6.14,6.14,6.14,6.14,6.14,8.6,9.82,9.82,8.6,5.53,5.53,5.53,5.53
N_3_15,N_2_15,5.051892775632685,5.15,5.15,5.15,5.15,5.15,5.15,7.88,7.88,9.09,9.09,6.06,6.06,6.06,6.06,6.06,6.06,8.49,9.7,9.7,8.49,5.46,5.46,5.46,5.46
N_3_15,N_3_17,3.077370892276068,3.14,3.14,3.14,3.14,3.14,3.14,4.8,4.8,5.54,5.54,3.69,3.69,3.69,3.69,3.69,3.69,5.17,5.91,5.91,5.17,3.32,3.32,3.32,3.32
N_3_15,N_5_14,3.1941686902994717,3.26,3.26,3.26,3.26,3.26,3.26,4.98,4.98,5.75,5.75,3.83,3.83,3.83,3.83,3.83,3.83,5.37,6.13,6.13,5.37,3.45,3.45,3.45,3.45
N_3_16,N_4_18,1.4706169178096602,2.41,2.41,2.41,2.41,2.41,2.41,4.0,4.0,4.71,4.71,2.94,2.94,2.94,2.94,2.94,2.94,4.35,5.06,5.06,4.35,2.59,2.59,2.59,2.59
N_3_16,N_5_15,0.9608752608565085,1.58,1.58,1.58,1.58,1.58,1.58,2.61,2.61,3.07,3.07,1.92,1.92,1.92,1.92,1.92,1.92,2.84,3.31,3.31,2.84,1.69,1.69,1.69,1.69
N_3_16,N_5_17,6.203034160569731,6.33,6.33,6.33,6.33,6.33,6.33,9.68,9.68,11.17,11.17,7.44,7.44,7.44,7.44,7.44,7.44,10.42,11.91,11.91,10.42,6.7,6.7,6.7,6.7
N_3_16,N_3_18,6.231245981545406,6.36,6.36,6.36,6.36,6.36,6.36,9.72,9.72,11.22,11.22,7.48,7.48,7.48,7.48,7.48,7.48,10.47,11.96,11.96,10.47,6.73,6.73,6.73,6.73
N_3_16,N_4_15,5.108521898302852,5.21,5.21,5.21,5.21,5.21,5.21,7.97,7.97,9.2,9.2,6.13,6.13,6.13,6.13,6.13,6.13,8.58,9.81,9.81,8.58,5.52,5.52,5.52,5.52
N_3_17,N_1_18,0.8361331149897231,1.37,1.37,1.37,1.37,1.37,1.37,2.27,2.27,2.68,2.68,1.67,1.67,1.67,1.67,1.67,1.67,2.47,2.88,2.88,2.47,1.47,1.47,1.47,1.47
N_3_17,N_3_15,3.077370892276068,3.14,3.14,3.14,3.14,3.14,3.14,4.8,4.8,5.54,5.54,3.69,3.69,3.69,3.69,3.69,3.69,5.17,5.91,5.91,5.17,3.32,3.32,3.32,3.32
N_3_17,N_4_15,5.031270030044471,5.13,5.13,5.13,5.13,5.13,5.13,7.85,7.85,9.06,9.06,6.04,6.04,6.04,6.04,6.04,6.04,8.45,9.66,9.66,8.45,5.43,5.43,5.43,5.43
N_3_18,N_2_18,11.946345649657268,6.63,6.63,6.63,6.63,6.63,6.63,8.24,8.24,8.96,8.96,7.17,7.17,7.17,7.17,7.17,7.17,8.6,9.32,9.32,8.6,6.81,6.81,6.81,6.81
N_3_18,N_3_16,6.231245981545406,6.36,6.36,6.36,6.36,6.36,6.36,9.72,9.72,11.22,11.22,7.48,7.48,7.48,7.48,7.48,7.48,10.47,11.96,11.96,10.47,6.73,6.73,6.73,6.73
N_3_19,N_3_18,4.876511061807525,4.97,4.97,4.97,4.97,4.97,4.97,7.61,7.61,8.78,8.78,5.85,5.85,5.85,5.85,5.85,5.85,8.19,9.36,9.36,8.19,5.27,5.27,5.27,5.27
N_3_19,N_5_19,11.30364951738289,6.27,6.27,6.27,6.27,6.27,6.27,7.8,7.8,8.48,8.48,6.78,6.78,6.78,6.78,6.78,6.78,8.14,8.82,8.82,8.14,6.44,6.44,6.44,6.44
N_3_19,N_2_21,3.954317304288484,4.03,4.03,4.03,4.03,4.03,4.03,6.17,6.17,7.12,7.12,4.75,4.75,4.75,4.75,4.75,4.75,6.64,7.59,7.59,6.64,4.27,4.27,4.27,4.27
N_3_19,N_2_18,10.450492427239123,5.8,5.8,5.8,5.8,5.8,5.8,7.21,7.21,7.84,7.84,6.27,6.27,6.27,6.27,6.27,6.27,7.52,8.15,8.15,7.52,5.96,5.96,5.96,5.96
N_3_19,N_4_17,3.2353434621219925,3.3,3.3,3.3,3.3,3.3,3.3,5.05,5.05,5.82,5.82,3.88,3.88,3.88,3.88,3.88,3.88,5.44,6.21,6.21,5.44,3.49,3.49,3.49,3.49
N_3_19,N_1_20,1.9797360239626443,3.25,3.25,3.25,3.25,3.25,3.25,5.38,5.38,6.34,6.34,3.96,3.96,3.96,3.96,3.96,3.96,5.86,6.81,6.81,5.86,3.48,3.48,3.48,3.48
N_3_19,N_2_17,3.063993049307192,3.13,3.13,3.13,3.13,3.13,3.13,4.78,4.78,5.52,5.52,3.68,3.68,3.68,3.68,3.68,3.68,5.15,5.88,5.88,5.15,3.31,3.31,3.31,3.31
N_3_2,N_4_4,3.0316342428078187,3.09,3.09,3.09,3.09,3.09,3.09,4.73,4.73,5.46,5.46,3.64,3.64,3.64,3.64,3.64,3.64,5.09,5.82,5.82,5.09,3.27,3.27,3.27,3.27
N_3_2,N_2_2,3.1492539101130026,3.21,3.21,3.21,3.21,3.21,3.21,4.91,4.91,5.67,5.67,3.78,3.78,3.78,3.78,3.78,3.78,5.29,6.05,6.05,5.29,3.4,3.4,3.4,3.4
N_3_2,N_2_4,5.851743054251359,5.97,5.97,5.97,5.97,5.97,5.97,9.13,9.13,10.53,10.53,7.02,7.02,7.02,7.02,7.02,7.02,9.83,11.24,11.24,9.83,6.32,6.32,6.32,6.32
N_3_20,N_4_19,2.0365469002534695,3.34,3.34,3.34,3.34,3.34,3.34,5.54,5.54,6.52,6.52,4.07,4.07,4.07,4.07,4.07,4.07,6.03,7.01,7.01,6.03,3.58,3.58,3.58,3.58
N_3_20,N_3_18,12.950798213003665,7.19,7.19,7.19,7.19,7.19,7.19,8.94,8.94,9.71,9.71,7.77,7.77,7.77,7.77,7.77,7.77,9.32,10.1,10.1,9.32,7.38,7.38,7.38,7.38
N_3_20,N_5_20,11.613426320145837,6.45,6.45,6.45,6.45,6.45,6.45,8.01,8.01,8.71,8.71,6.97,6.97,6.97,6.97,6.97,6.97,8.36,9.06,9.06,8.36,6.62,6.62,6.62,6.62
N_3_21,N_2_22,2.0802966624161576,3.41,3.41,3.41,3.41,3.41,3.41,5.66,5.66,6.66,6.66,4.16,4.16,4.16,4.16,4.16,4.16,6.16,7.16,7.16,6.16,3.66,3.66,3.66,3.66
N_3_21,N_4_21,4.529393479445693,4.62,4.62,4.62,4.62,4.62,4.62,7.07,7.07,8.15,8.15,5.44,5.44,5.44,5.44,5.44,5.44,7.61,8.7,8.7,7.61,4.89,4.89,4.89,4.89
N_3_21,N_4_22,6.0207172812360135,6.14,6.14,6.14,6.14,6.14,6.14,9.39,9.39,10.84,10.84,7.22,7.22,7.22,7.22,7.22,7.22,10.11,11.56,11.56,10.11,6.5,6.5,6.5,6.5
N_3_21,N_2_23,6.422613484645222,6.55,6.55,6.55,6.55,6.55,6.55,10.02,10.02,11.56,11.56,7.71,7.71,7.71,7.71,7.71,7.71,10.79,12.33,12.33,10.79,6.94,6.94,6.94,6.94
N_3_21,N_3_22,0.9710953526884616,1.59,1.59,1.59,1.59,1.59,1.59,2.64,2.64,3.11,3.11,1.94,1.94,1.94,1.94,1.94,1.94,2.87,3.34,3.34,2.87,1.71,1.71,1.71,1.71
N_3_21,N_1_22,9.160065779546635,5.08,5.08,5.08,5.08,5.08,5.08,6.32,6.32,6.87,6.87,5.5,5.5,5.5,5.5,5.5,5.5,6.6,7.14,7.14,6.6,5.22,5.22,5.22,5.22
N_3_21,N_5_21,6.811869730583446,6.95,6.95,6.95,6.95,6.95,6.95,10.63,10.63,12.26,12.26,8.17,8.17,8.17,8.17,8.17,8.17,11.44,13.08,13.08,11.44,7.36,7.36,7.36,7.36
N_3_22,N_2_24,3.3971098819022587,3.47,3.47,3.47,3.47,3.47,3.47,5.3,5.3,6.11,6.11,4.08,4.08,4.08,4.08,4.08,4.08,5.71,6.52,6.52,5.71,3.67,3.67,3.67,3.67
N_3_22,N_3_21,0.9710953526884616,1.59,1.59,1.59,1.59,1.59,1.59,2.64,2.64,3.11,3.11,1.94,1.94,1.94,1.94,1.94,1.94,2.87,3.34,3.34,2.87,1.71,1.71,1.71,1.71
N_3_22,N_3_20,8.23425843437087,4.57,4.57,4.57,4.57,4.57,4.57,5.68,5.68,6.18,6.18,4.94,4.94,4.94,4.94,4.94,4.94,5.93,6.42,6.42,5.93,4.69,4.69,4.69,4.69
N_3_22,N_3_24,2.449070613341418,4.02,4.02,4.02,4.02,4.02,4.02,6.66,6.66,7.84,7.84,4.9,4.9,4.9,4.9,4.9,4.9,7.25,8.42,8.42,7.25,4.31,4.31,4.31,4.31
N_3_22,N_2_21,5.558497228057014,5.67,5.67,5.67,5.67,5.67,5.67,8.67,8.67,10.01,10.01,6.67,6.67,6.67,6.67,6.67,6.67,9.34,10.67,10.67,9.34,6.0,6.0,6.0,6.0
N_3_22,N_4_20,6.25698899908061,6.38,6.38,6.38,6.38,6.38,6.38,9.76,9.76,11.26,11.26,7.51,7.51,7.51,7.51,7.51,7.51,10.51,12.01,12.01,10.51,6.76,6.76,6.76,6.76
N_3_23,N_4_24,1.7493041041700588,2.87,2.87,2.87,2.87,2.87,2.87,4.76,4.76,5.6,5.6,3.5,3.5,3.5,3.5,3.5,3.5,5.18,6.02,6.02,5.18,3.08,3.08,3.08,3.08
N_3_23,N_1_22,14.703118314648506,8.16,8.16,8.16,8.16,8.16,8.16,10.15,10.15,11.03,11.03,8.82,8.82,8.82,8.82,8.82,8.82,10.59,11.47,11.47,10.59,8.38,8.38,8.38,8.38
N_3_24,N_3_22,2.449070613341418,4.02,4.02,4.02,4.02,4.02,4.02,6.66,6.66,7.84,7.84,4.9,4.9,4.9,4.9,4.9,4.9,7.25,8.42,8.42,7.25,4.31,4.31,4.31,4.31
N_3_24,N_2_23,4.398080323746781,4.49,4.49,4.49,4.49,4.49,4.49,6.86,6.86,7.92,7.92,5.28,5.28,5.28,5.28,5.28,5.28,7.39,8.44,8.44,7.39,4.75,4.75,4.75,4.75
N_3_24,N_2_26,6.110956584619215,6.23,6.23,6.23,6.23,6.23,6.23,9.53,9.53,11.0,11.0,7.33,7.33,7.33,7.33,7.33,7.33,10.27,11.73,11.73,10.27,6.6,6.6,6.6,6.6
N_3_24,N_3_26,2.2654518351021298,3.72,3.72,3.72,3.72,3.72,3.72,6.16,6.16,7.25,7.25,4.53,4.53,4.53,4.53,4.53,4.53,6.71,7.79,7.79,6.71,3.99,3.99,3.99,3.99
N_3_24,N_1_24,2.1132197810827824,3.47,3.47,3.47,3.47,3.47,3.47,5.75,5.75,6.76,6.76,4.23,4.23,4.23,4.23,4.23,4.23,6.26,7.27,7.27,6.26,3.72,3.72,3.72,3.72
N_3_24,N_2_22,14.99046356771004,8.32,8.32,8.32,8.32,8.32,8.32,10.34,10.34,11.24,11.24,8.99,8.99,8.99,8.99,8.99,8.99,10.79,11.69,11.69,10.79,8.54,8.54,8.54,8.54
N_3_25,N_2_23,4.653087912034448,4.75,4.75,4.75,4.75,4.75,4.75,7.26,7.26,8.38,8.38,5.58,5.58,5.58,5.58,5.58,5.58,7.82,8.93,8.93,7.82,5.03,5.03,5.03,5.03
N_3_25,N_2_26,5.3696693408404315,5.48,5.48,5.48,5.48,5.48,5.48,8.38,8.38,9.67,9.67,6.44,6.44,6.44,6.44,6.44,6.44,9.02,10.31,10.31,9.02,5.8,5.8,5.8,5.8
N_3_25,N_2_27,4.7837526605503875,4.88,4.88,4.88,4.88,4.88,4.88,7.46,7.46,8.61,8.61,5.74,5.74,5.74,5.74,5.74,5.74,8.04,9.18,9.18,8.04,5.17,5.17,5.17,5.17
N_3_25,N_2_24,11.469433574866581,6.37,6.37,6.37,6.37,6.37,6.37,7.91,7.91,8.6,8.6,6.88,6.88,6.88,6.88,6.88,6.88,8.26,8.95,8.95,8.26,6.54,6.54,6.54,6.54
N_3_26,N_2_25,6.625157697075629,6.76,6.76,6.76,6.76,6.76,6.76,10.34,10.34,11.93,11.93,7.95,7.95,7.95,7.95,7.95,7.95,11.13,12.72,12.72,11.13,7.16,7.16,7.16,7.16
N_3_26,N_3_24,2.2654518351021298,3.72,3.72,3.72,3.72,3.72,3.72,6.16,6.16,7.25,7.25,4.53,4.53,4.53,4.53,4.53,4.53,6.71,7.79,7.79,6.71,3.99,3.99,3.99,3.99
N_3_26,N_1_26,4.719272178373513,4.81,4.81,4.81,4.81,4.81,4.81,7.36,7.36,8.49,8.49,5.66,5.66,5.66,5.66,5.66,5.66,7.93,9.06,9.06,7.93,5.1,5.1,5.1,5.1
N_3_26,N_3_25,1.2267819680605696,2.01,2.01,2.01,2.01,2.01,2.01,3.34,3.34,3.93,3.93,2.45,2.45,2.45,2.45,2.45,2.45,3.63,4.22,4.22,3.63,2.16,2.16,2.16,2.16
N_3_26,N_4_27,1.267089714506342,2.08,2.08,2.08,2.08,2.08,2.08,3.45,3.45,4.05,4.05,2.53,2.53,2.53,2.53,2.53,2.53,3.75,4.36,4.36,3.75,2.23,2.23,2.23,2.23
N_3_26,N_3_28,4.173447588371673,4.26,4.26,4.26,4.26,4.26,4.26,6.51,6.51,7.51,7.51,5.01,5.01,5.01,5.01,5.01,5.01,7.01,8.01,8.01,7.01,4.51,4.51,4.51,4.51
N_3_27,N_4_29,3.1155907647269006,3.18,3.18,3.18,3.18,3.18,3.18,4.86,4.86,5.61,5.61,3.74,3.74,3.74,3.74,3.74,3.74,5.23,5.98,5.98,5.23,3.36,3.36,3.36,3.36
N_3_27,N_1_28,4.237662605520848,4.32,4.32,4.32,4.32,4.32,4.32,6.61,6.61,7.63,7.63,5.09,5.09,5.09,5.09,5.09,5.09,7.12,8.14,8.14,7.12,4.58,4.58,4.58,4.58
N_3_27,N_3_26,3.853207035372823,3.93,3.93,3.93,3.93,3.93,3.93,6.01,6.01,6.94,6.94,4.62,4.62,4.62,4.62,4.62,4.62,6.47,7.4,7.4,6.47,4.16,4.16,4.16,4.16
N_3_27,N_5_27,12.395826506562962,6.88,6.88,6.88,6.88,6.88,6.88,8.55,8.55,9.3,9.3,7.44,7.44,7.44,7.44,7.44,7.44,8.92,9.67,9.67,8.92,7.07,7.07,7.07,7.07
N_3_27,N_2_29,8.445079725351897,4.69,4.69,4.69,4.69,4.69,4.69,5.83,5.83,6.33,6.33,5.07,5.07,5.07,5.07,5.07,5.07,6.08,6.59,6.59,6.08,4.81,4.81,4.81,4.81
N_3_28,N_3_26,4.173447588371673,4.26,4.26,4.26,4.26,4.26,4.26,6.51,6.51,7.51,7.51,5.01,5.01,5.01,5.01,5.01,5.01,7.01,8.01,8.01,7.01,4.51,4.51,4.51,4.51
N_3_28,N_2_27,1.5581281379457574,2.56,2.56,2.56,2.56,2.56,2.56,4.24,4.24,4.99,4.99,3.12,3.12,3.12,3.12,3.12,3.12,4.61,5.36,5.36,4.61,2.74,2.74,2.74,2.74
N_3_28,N_1_27,0.7851090804230014,1.29,1.29,1.29,1.29,1.29,1.29,2.14,2.14,2.51,2.51,1.57,1.57,1.57,1.57,1.57,1.57,2.32,2.7,2.7,2.32,1.38,1.38,1.38,1.38
N_3_28,N_3_30,5.61623751428179,5.73,5.73,5.73,5.73,5.73,5.73,8.76,8.76,10.11,10.11,6.74,6.74,6.74,6.74,6.74,6.74,9.44,10.78,10.78,9.44,6.07,6.07,6.07,6.07
N_3_28,N_4_29,6.621262802356455,6.75,6.75,6.75,6.75,6.75,6.75,10.33,10.33,11.92,11.92,7.95,7.95,7.95,7.95,7.95,7.95,11.12,12.71,12.71,11.12,7.15,7.15,7.15,7.15
N_3_28,N_2_29,12.704129728572756,7.05,7.05,7.05,7.05,7.05,7.05,8.77,8.77,9.53,9.53,7.62,7.62,7.62,7.62,7.62,7.62,9.15,9.91,9.91,9.15,7.24,7.24,7.24,7.24
N_3_28,N_2_30,6.027299438561959,6.15,6.15,6.15,6.15,6.15,6.15,9.4,9.4,10.85,10.85,7.23,7.23,7.23,7.23,7.23,7.23,10.13,11.57,11.57,10.13,6.51,6.51,6.51,6.51
N_3_29,N_2_28,6.334494758382128,6.46,6.46,6.46,6.46,6.46,6.46,9.88,9.88,11.4,11.4,7.6,7.6,7.6,7.6,7.6,7.6,10.64,12.16,12.16,10.64,6.84,6.84,6.84,6.84
N_3_29,N_4_29,3.810770410730546,3.89,3.89,3.89,3.89,3.89,3.89,5.94,5.94,6.86,6.86,4.57,4.57,4.57,4.57,4.57,4.57,6.4,7.32,7.32,6.4,4.12,4.12,4.12,4.12
N_3_29,N_5_28,1.0423523890948085,1.71,1.71,1.71,1.71,1.71,1.71,2.84,2.84,3.34,3.34,2.08,2.08,2.08,2.08,2.08,2.08,3.09,3.59,3.59,3.09,1.83,1.83,1.83,1.83
N_3_3,N_3_2,2.156282394409449,3.54,3.54,3.54,3.54,3.54,3.54,5.87,5.87,6.9,6.9,4.31,4.31,4.31,4.31,4.31,4.31,6.38,7.42,7.42,6.38,3.8,3.8,3.8,3.8
N_3_3,N_4_1,12.60193765224813,6.99,6.99,6.99,6.99,6.99,6.99,8.7,8.7,9.45,9.45,7.56,7.56,7.56,7.56,7.56,7.56,9.07,9.83,9.83,9.07,7.18,7.18,7.18,7.18
N_3_30,N_2_31,5.110878001779411,5.21,5.21,5.21,5.21,5.21,5.21,7.97,7.97,9.2,9.2,6.13,6.13,6.13,6.13,6.13,6.13,8.59,9.81,9.81,8.59,5.52,5.52,5.52,5.52
N_3_30,N_5_31,3.2529240812157645,3.32,3.32,3.32,3.32,3.32,3.32,5.07,5.07,5.86,5.86,3.9,3.9,3.9,3.9,3.9,3.9,5.46,6.25,6.25,5.46,3.51,3.51,3.51,3.51
N_3_31,N_1_30,2.410459993590009,3.95,3.95,3.95,3.95,3.95,3.95,6.56,6.56,7.71,7.71,4.82,4.82,4.82,4.82,4.82,4.82,7.13,8.29,8.29,7.13,4.24,4.24,4.24,4.24
N_3_31,N_5_32,12.497868975843524,6.94,6.94,6.94,6.94,6.94,6.94,8.62,8.62,9.37,9.37,7.5,7.5,7.5,7.5,7.5,7.5,9.0,9.75,9.75,9.0,7.12,7.12,7.12,7.12
N_3_31,N_3_32,4.9330571827544505,5.03,5.03,5.03,5.03,5.03,5.03,7.7,7.7,8.88,8.88,5.92,5.92,5.92,5.92,5.92,5.92,8.29,9.47,9.47,8.29,5.33,5.33,5.33,5.33
N_3_32,N_3_31,4.9330571827544505,5.03,5.03,5.03,5.03,5.03,5.03,7.7,7.7,8.88,8.88,5.92,5.92,5.92,5.92,5.92,5.92,8.29,9.47,9.47,8.29,5.33,5.33,5.33,5.33
N_3_32,N_5_33,5.843513967684492,5.96,5.96,5.96,5.96,5.96,5.96,9.12,9.12,10.52,10.52,7.01,7.01,7.01,7.01,7.01,7.01,9.82,11.22,11.22,9.82,6.31,6.31,6.31,6.31
N_3_32,N_2_32,8.085943734542672,4.49,4.49,4.49,4.49,4.49,4.49,5.58,5.58,6.06,6.06,4.85,4.85,4.85,4.85,4.85,4.85,5.82,6.31,6.31,5.82,4.61,4.61,4.61,4.61
N_3_33,N_4_34,5.387471739060828,5.5,5.5,5.5,5.5,5.5,5.5,8.4,8.4,9.7,9.7,6.46,6.46,6.46,6.46,6.46,6.46,9.05,10.34,10.34,9.05,5.82,5.82,5.82,5.82
N_3_33,N_3_35,5.103118950470735,5.21,5.21,5.21,5.21,5.21,5.21,7.96,7.96,9.19,9.19,6.12,6.12,6.12,6.12,6.12,6.12,8.57,9.8,9.8,8.57,5.51,5.51,5.51,5.51
N_3_34,N_2_35,3.599864619897136,3.67,3.67,3.67,3.67,3.67,3.67,5.62,5.62,6.48,6.48,4.32,4.32,4.32,4.32,4.32,4.32,6.05,6.91,6.91,6.05,3.89,3.89,3.89,3.89
N_3_34,N_1_35,0.7130808442815431,1.17,1.17,1.17,1.17,1.17,1.17,1.94,1.94,2.28,2.28,1.43,1.43,1.43,1.43,1.43,1.43,2.11,2.45,2.45,2.11,1.26,1.26,1.26,1.26
N_3_35,N_2_34,14.580557875899444,8.09,8.09,8.09,8.09,8.09,8.09,10.06,10.06,10.94,10.94,8.75,8.75,8.75,8.75,8.75,8.75,10.5,11.37,11.37,10.5,8.31,8.31,8.31,8.31
N_3_35,N_3_33,5.103118950470735,5.21,5.21,5.21,5.21,5.21,5.21,7.96,7.96,9.19,9.19,6.12,6.12,6.12,6.12,6.12,6.12,8.57,9.8,9.8,8.57,5.51,5.51,5.51,5.51
N_3_35,N_3_36,6.175622119103936,6.3,6.3,6.3,6.3,6.3,6.3,9.63,9.63,11.12,11.12,7.41,7.41,7.41,7.41,7.41,7.41,10.38,11.86,11.86,10.38,6.67,6.67,6.67,6.67
N_3_35,N_5_35,3.006318733241569,3.07,3.07,3.07,3.07,3.07,3.07,4.69,4.69,5.41,5.41,3.61,3.61,3.61,3.61,3.61,3.61,5.05,5.77,5.77,5.05,3.25,3.25,3.25,3.25
N_3_35,N_4_34,4.569720302230282,4.66,4.66,4.66,4.66,4.66,4.66,7.13,7.13,8.23,8.23,5.48,5.48,5.48,5.48,5.48,5.48,7.68,8.77,8.77,7.68,4.94,4.94,4.94,4.94
N_3_35,N_1_34,5.205670562220975,5.31,5.31,5.31,5.31,5.31,5.31,8.12,8.12,9.37,9.37,6.25,6.25,6.25,6.25,6.25,6.25,8.75,9.99,9.99,8.75,5.62,5.62,5.62,5.62
N_3_36,N_1_36,4.5483922955866944,4.64,4.64,4.64,4.64,4.64,4.64,7.1,7.1,8.19,8.19,5.46,5.46,5.46,5.46,5.46,5.46,7.64,8.73,8.73,7.64,4.91,4.91,4.91,4.91
N_3_36,N_4_37,13.582160989635232,7.54,7.54,7.54,7.54,7.54,7.54,9.37,9.37,10.19,10.19,8.15,8.15,8.15,8.15,8.15,8.15,9.78,10.59,10.59,9.78,7.74,7.74,7.74,7.74
N_3_37,N_1_37,0.5119345083193989,0.84,0.84,0.84,0.84,0.84,0.84,1.39,1.39,1.64,1.64,1.02,1.02,1.02,1.02,1.02,1.02,1.52,1.76,1.76,1.52,0.9,0.9,0.9,0.9
N_3_37,N_2_37,4.378864770584715,4.47,4.47,4.47,4.47,4.47,4.47,6.83,6.83,7.88,7.88,5.25,5.25,5.25,5.25,5.25,5.25,7.36,8.41,8.41,7.36,4.73,4.73,4.73,4.73
N_3_38,N_3_39,3.1120848060185824,3.17,3.17,3.17,3.17,3.17,3.17,4.85,4.85,5.6,5.6,3.73,3.73,3.73,3.73,3.73,3.73,5.23,5.98,5.98,5.23,3.36,3.36,3.36,3.36
N_3_38,N_2_38,1.0971758787208747,1.8,1.8,1.8,1.8,1.8,1.8,2.98,2.98,3.51,3.51,2.19,2.19,2.19,2.19,2.19,2.19,3.25,3.77,3.77,3.25,1.93,1.93,1.93,1.93
N_3_38,N_2_37,6.850815789512943,6.99,6.99,6.99,6.99,6.99,6.99,10.69,10.69,12.33,12.33,8.22,8.22,8.22,8.22,8.22,8.22,11.51,13.15,13.15,11.51,7.4,7.4,7.4,7.4
N_3_38,N_5_38,1.2833495868724998,2.1,2.1,2.1,2.1,2.1,2.1,3.49,3.49,4.11,4.11,2.57,2.57,2.57,2.57,2.57,2.57,3.8,4.41,4.41,3.8,2.26,2.26,2.26,2.26
N_3_39,N_1_39,3.5201559714786597,3.59,3.59,3.59,3.59,3.59,3.59,5.49,5.49,6.34,6.34,4.22,4.22,4.22,4.22,4.22,4.22,5.91,6.76,6.76,5.91,3.8,3.8,3.8,3.8
N_3_39,N_3_38,3.1120848060185824,3.17,3.17,3.17,3.17,3.17,3.17,4.85,4.85,5.6,5.6,3.73,3.73,3.73,3.73,3.73,3.73,5.23,5.98,5.98,5.23,3.36,3.36,3.36,3.36
N_3_39,N_5_38,5.877211083728234,5.99,5.99,5.99,5.99,5.99,5.99,9.17,9.17,10.58,10.58,7.05,7.05,7.05,7.05,7.05,7.05,9.87,11.28,11.28,9.87,6.35,6.35,6.35,6.35
N_3_39,N_1_38,6.170958722679197,6.29,6.29,6.29,6.29,6.29,6.29,9.63,9.63,11.11,11.11,7.41,7.41,7.41,7.41,7.41,7.41,10.37,11.85,11.85,10.37,6.66,6.66,6.66,6.66
N_3_4,N_2_4,1.9036187405598253,3.12,3.12,3.12,3.12,3.12,3.12,5.18,5.18,6.09,6.09,3.81,3.81,3.81,3.81,3.81,3.81,5.63,6.55,6.55,5.63,3.35,3.35,3.35,3.35
N_3_4,N_4_3,3.614079112969125,3.69,3.69,3.69,3.69,3.69,3.69,5.64,5.64,6.51,6.51,4.34,4.34,4.34,4.34,4.34,4.34,6.07,6.94,6.94,6.07,3.9,3.9,3.9,3.9
N_3_4,N_4_6,3.91825602686285,4.0,4.0,4.0,4.0,4.0,4.0,6.11,6.11,7.05,7.05,4.7,4.7,4.7,4.7,4.7,4.7,6.58,7.52,7.52,6.58,4.23,4.23,4.23,4.23
N_3_4,N_2_2,9.23051969774425,5.12,5.12,5.12,5.12,5.12,5.12,6.37,6.37,6.92,6.92,5.54,5.54,5.54,5.54,5.54,5.54,6.65,7.2,7.2,6.65,5.26,5.26,5.26,5.26
N_3_5,N_1_4,11.677193618934682,6.48,6.48,6.48,6.48,6.48,6.48,8.06,8.06,8.76,8.76,7.01,7.01,7.01,7.01,7.01,7.01,8.41,9.11,9.11,8.41,6.66,6.66,6.66,6.66
N_3_5,N_2_5,5.032326114834417,5.13,5.13,5.13,5.13,5.13,5.13,7.85,7.85,9.06,9.06,6.04,6.04,6.04,6.04,6.04,6.04,8.45,9.66,9.66,8.45,5.43,5.43,5.43,5.43
N_3_5,N_3_7,3.7359494877480004,3.81,3.81,3.81,3.81,3.81,3.81,5.83,5.83,6.72,6.72,4.48,4.48,4.48,4.48,4.48,4.48,6.28,7.17,7.17,6.28,4.03,4.03,4.03,4.03
N_3_6,N_4_5,3.4101324108744144,3.48,3.48,3.48,3.48,3.48,3.48,5.32,5.32,6.14,6.14,4.09,4.09,4.09,4.09,4.09,4.09,5.73,6.55,6.55,5.73,3.68,3.68,3.68,3.68
N_3_6,N_2_8,6.957814080157815,7.1,7.1,7.1,7.1,7.1,7.1,10.85,10.85,12.52,12.52,8.35,8.35,8.35,8.35,8.35,8.35,11.69,13.36,13.36,11.69,7.51,7.51,7.51,7.51
N_3_6,N_1_6,4.6788369319242396,4.77,4.77,4.77,4.77,4.77,4.77,7.3,7.3,8.42,8.42,5.61,5.61,5.61,5.61,5.61,5.61,7.86,8.98,8.98,7.86,5.05,5.05,5.05,5.05
N_3_7,N_3_5,3.7359494877480004,3.81,3.81,3.81,3.81,3.81,3.81,5.83,5.83,6.72,6.72,4.48,4.48,4.48,4.48,4.48,4.48,6.28,7.17,7.17,6.28,4.03,4.03,4.03,4.03
N_3_7,N_4_5,5.926093268614274,6.04,6.04,6.04,6.04,6.04,6.04,9.24,9.24,10.67,10.67,7.11,7.11,7.11,7.11,7.11,7.11,9.96,11.38,11.38,9.96,6.4,6.4,6.4,6.4
N_3_8,N_5_7,9.818941365314238,5.45,5.45,5.45,5.45,5.45,5.45,6.78,6.78,7.36,7.36,5.89,5.89,5.89,5.89,5.89,5.89,7.07,7.66,7.66,7.07,5.6,5.6,5.6,5.6
N_3_8,N_2_8,8.816782443338543,4.89,4.89,4.89,4.89,4.89,4.89,6.08,6.08,6.61,6.61,5.29,5.29,5.29,5.29,5.29,5.29,6.35,6.88,6.88,6.35,5.03,5.03,5.03,5.03
N_3_8,N_2_10,0.5929773947314787,0.97,0.97,0.97,0.97,0.97,0.97,1.61,1.61,1.9,1.9,1.19,1.19,1.19,1.19,1.19,1.19,1.76,2.04,2.04,1.76,1.04,1.04,1.04,1.04
N_3_8,N_4_6,6.176978266775511,6.3,6.3,6.3,6.3,6.3,6.3,9.64,9.64,11.12,11.12,7.41,7.41,7.41,7.41,7.41,7.41,10.38,11.86,11.86,10.38,6.67,6.67,6.67,6.67
N_3_9,N_1_8,13.912845585806686,7.72,7.72,7.72,7.72,7.72,7.72,9.6,9.6,10.43,10.43,8.35,8.35,8.35,8.35,8.35,8.35,10.02,10.85,10.85,10.02,7.93,7.93,7.93,7.93
N_3_9,N_4_9,10.157577886601597,5.64,5.64,5.64,5.64,5.64,5.64,7.01,7.01,7.62,7.62,6.09,6.09,6.09,6.09,6.09,6.09,7.31,7.92,7.92,7.31,5.79,5.79,5.79,5.79
N_4_0,N_2_0,5.15415237423999,5.26,5.26,5.26,5.26,5.26,5.26,8.04,8.04,9.28,9.28,6.18,6.18,6.18,6.18,6.18,6.18,8.66,9.9,9.9,8.66,5.57,5.57,5.57,5.57
N_4_0,N_4_1,4.868539931033547,4.97,4.97,4.97,4.97,4.97,4.97,7.59,7.59,8.76,8.76,5.84,5.84,5.84,5.84,5.84,5.84,8.18,9.35,9.35,8.18,5.26,5.26,5.26,5.26
N_4_1,N_3_3,12.60193765224813,6.99,6.99,6.99,6.99,6.99,6.99,8.7,8.7,9.45,9.45,7.56,7.56,7.56,7.56,7.56,7.56,9.07,9.83,9.83,9.07,7.18,7.18,7.18,7.18
N_4_1,N_6_1,1.1028191277181352,1.81,1.81,1.81,1.81,1.81,1.81,3.0,3.0,3.53,3.53,2.21,2.21,2.21,2.21,2.21,2.21,3.26,3.79,3.79,3.26,1.94,1.94,1.94,1.94
N_4_1,N_3_1,6.759034184500712,6.89,6.89,6.89,6.89,6.89,6.89,10.54,10.54,12.17,12.17,8.11,8.11,8.11,8.11,8.11,8.11,11.36,12.98,12.98,11.36,7.3,7.3,7.3,7.3
N_4_10,N_6_9,4.343946040321951,4.43,4.43,4.43,4.43,4.43,4.43,6.78,6.78,7.82,7.82,5.21,5.21,5.21,5.21,5.21,5.21,7.3,8.34,8.34,7.3,4.69,4.69,4.69,4.69
N_4_10,N_3_10,8.291268006684234,4.6,4.6,4.6,4.6,4.6,4.6,5.72,5.72,6.22,6.22,4.97,4.97,4.97,4.97,4.97,4.97,5.97,6.47,6.47,5.97,4.73,4.73,4.73,4.73
N_4_11,N_6_11,0.5240406476902513,0.86,0.86,0.86,0.86,0.86,0.86,1.43,1.43,1.68,1.68,1.05,1.05,1.05,1.05,1.05,1.05,1.55,1.8,1.8,1.55,0.92,0.92,0.92,0.92
N_4_11,N_4_13,13.385218823066426,7.43,7.43,7.43,7.43,7.43,7.43,9.24,9.24,10.04,10.04,8.03,8.03,8.03,8.03,8.03,8.03,9.64,10.44,10.44,9.64,7.63,7.63,7.63,7.63
N_4_11,N_6_12,4.015313255937549,4.1,4.1,4.1,4.1,4.1,4.1,6.26,6.26,7.23,7.23,4.82,4.82,4.82,4.82,4.82,4.82,6.75,7.71,7.71,6.75,4.34,4.34,4.34,4.34
N_4_11,N_3_12,8.093412218752155,4.49,4.49,4.49,4.49,4.49,4.49,5.58,5.58,6.07,6.07,4.86,4.86,4.86,4.86,4.86,4.86,5.83,6.31,6.31,5.83,4.61,4.61,4.61,4.61
N_4_11,N_2_12,3.2095760427742137,3.27,3.27,3.27,3.27,3.27,3.27,5.01,5.01,5.78,5.78,3.85,3.85,3.85,3.85,3.85,3.85,5.39,6.16,6.16,5.39,3.47,3.47,3.47,3.47
N_4_11,N_4_12,11.87202763031565,6.59,6.59,6.59,6.59,6.59,6.59,8.19,8.19,8.9,8.9,7.12,7.12,7.12,7.12,7.12,7.12,8.55,9.26,9.26,8.55,6.77,6.77,6.77,6.77
N_4_11,N_4_10,1.2090168711150442,1.98,1.98,1.98,1.98,1.98,1.98,3.29,3.29,3.87,3.87,2.42,2.42,2.42,2.42,2.42,2.42,3.58,4.16,4.16,3.58,2.13,2.13,2.13,2.13
N_4_12,N_2_11,3.6133285756261184,3.69,3.69,3.69,3.69,3.69,3.69,5.64,5.64,6.5,6.5,4.34,4.34,4.34,4.34,4.34,4.34,6.07,6.94,6.94,6.07,3.9,3.9,3.9,3.9
N_4_12,N_2_13,9.430933181443358,5.23,5.23,5.23,5.23,5.23,5.23,6.51,6.51,7.07,7.07,5.66,5.66,5.66,5.66,5.66,5.66,6.79,7.36,7.36,6.79,5.38,5.38,5.38,5.38
N_4_13,N_3_14,0.7537528709333006,1.24,1.24,1.24,1.24,1.24,1.24,2.05,2.05,2.41,2.41,1.51,1.51,1.51,1.51,1.51,1.51,2.23,2.59,2.59,2.23,1.33,1.33,1.33,1.33
N_4_13,N_4_11,13.385218823066426,7.43,7.43,7.43,7.43,7.43,7.43,9.24,9.24,10.04,10.04,8.03,8.03,8.03,8.03,8.03,8.03,9.64,10.44,10.44,9.64,7.63,7.63,7.63,7.63
N_4_14,N_3_14,14.37900728720889,7.98,7.98,7.98,7.98,7.98,7.98,9.92,9.92,10.78,10.78,8.63,8.63,8.63,8.63,8.63,8.63,10.35,11.22,11.22,10.35,8.2,8.2,8.2,8.2
N_4_14,N_3_12,11.585318826582897,6.43,6.43,6.43,6.43,6.43,6.43,7.99,7.99,8.69,8.69,6.95,6.95,6.95,6.95,6.95,6.95,8.34,9.04,9.04,8.34,6.6,6.6,6.6,6.6
N_4_14,N_2_13,3.5010753395778864,3.57,3.57,3.57,3.57,3.57,3.57,5.46,5.46,6.3,6.3,4.2,4.2,4.2,4.2,4.2,4.2,5.88,6.72,6.72,5.88,3.78,3.78,3.78,3.78
N_4_15,N_3_16,5.108521898302852,5.21,5.21,5.21,5.21,5.21,5.21,7.97,7.97,9.2,9.2,6.13,6.13,6.13,6.13,6.13,6.13,8.58,9.81,9.81,8.58,5.52,5.52,5.52,5.52
N_4_15,N_3_17,5.031270030044471,5.13,5.13,5.13,5.13,5.13,5.13,7.85,7.85,9.06,9.06,6.04,6.04,6.04,6.04,6.04,6.04,8.45,9.66,9.66,8.45,5.43,5.43,5.43,5.43
N_4_15,N_4_16,13.771211883437466,7.64,7.64,7.64,7.64,7.64,7.64,9.5,9.5,10.33,10.33,8.26,8.26,8.26,8.26,8.26,8.26,9.92,10.74,10.74,9.92,7.85,7.85,7.85,7.85
N_4_15,N_6_16,4.212188060018004,4.3,4.3,4.3,4.3,4.3,4.3,6.57,6.57,7.58,7.58,5.05,5.05,5.05,5.05,5.05,5.05,7.08,8.09,8.09,7.08,4.55,4.55,4.55,4.55
N_4_15,N_5_14,4.050211582426306,4.13,4.13,4.13,4.13,4.13,4.13,6.32,6.32,7.29,7.29,4.86,4.86,4.86,4.86,4.86,4.86,6.8,7.78,7.78,6.8,4.37,4.37,4.37,4.37
N_4_16,N_4_15,13.771211883437466,7.64,7.64,7.64,7.64,7.64,7.64,9.5,9.5,10.33,10.33,8.26,8.26,8.26,8.26,8.26,8.26,9.92,10.74,10.74,9.92,7.85,7.85,7.85,7.85
N_4_16,N_4_14,14.073476786911403,7.81,7.81,7.81,7.81,7.81,7.81,9.71,9.71,10.56,10.56,8.44,8.44,8.44,8.44,8.44,8.44,10.13,10.98,10.98,10.13,8.02,8.02,8.02,8.02
N_4_16,N_3_15,4.9880825807022156,5.09,5.09,5.09,5.09,5.09,5.09,7.78,7.78,8.98,8.98,5.99,5.99,5.99,5.99,5.99,5.99,8.38,9.58,9.58,8.38,5.39,5.39,5.39,5.39
N_4_16,N_4_17,3.4442340929760618,3.51,3.51,3.51,3.51,3.51,3.51,5.37,5.37,6.2,6.2,4.13,4.13,4.13,4.13,4.13,4.13,5.79,6.61,6.61,5.79,3.72,3.72,3.72,3.72
N_4_17,N_3_19,3.2353434621219925,3.3,3.3,3.3,3.3,3.3,3.3,5.05,5.05,5.82,5.82,3.88,3.88,3.88,3.88,3.88,3.88,5.44,6.21,6.21,5.44,3.49,3.49,3.49,3.49
N_4_17,N_4_16,3.4442340929760618,3.51,3.51,3.51,3.51,3.51,3.51,5.37,5.37,6.2,6.2,4.13,4.13,4.13,4.13,4.13,4.13,5.79,6.61,6.61,5.79,3.72,3.72,3.72,3.72
N_4_17,N_5_19,11.587974326126286,6.43,6.43,6.43,6.43,6.43,6.43,8.0,8.0,8.69,8.69,6.95,6.95,6.95,6.95,6.95,6.95,8.34,9.04,9.04,8.34,6.61,6.61,6.61,6.61
N_4_17,N_2_17,8.248274386742324,4.58,4.58,4.58,4.58,4.58,4.58,5.69,5.69,6.19,6.19,4.95,4.95,4.95,4.95,4.95,4.95,5.94,6.43,6.43,5.94,4.7,4.7,4.7,4.7
N_4_17,N_3_17,13.815023964737556,7.67,7.67,7.67,7.67,7.67,7.67,9.53,9.53,10.36,10.36,8.29,8.29,8.29,8.29,8.29,8.29,9.95,10.78,10.78,9.95,7.87,7.87,7.87,7.87
N_4_17,N_6_17,2.246853480281655,3.68,3.68,3.68,3.68,3.68,3.68,6.11,6.11,7.19,7.19,4.49,4.49,4.49,4.49,4.49,4.49,6.65,7.73,7.73,6.65,3.95,3.95,3.95,3.95
N_4_17,N_5_17,0.6642322789688908,1.09,1.09,1.09,1.09,1.09,1.09,1.81,1.81,2.13,2.13,1.33,1.33,1.33,1.33,1.33,1.33,1.97,2.28,2.28,1.97,1.17,1.17,1.17,1.17
N_4_18,N_3_16,1.4706169178096602,2.41,2.41,2.41,2.41,2.41,2.41,4.0,4.0,4.71,4.71,2.94,2.94,2.94,2.94,2.94,2.94,4.35,5.06,5.06,4.35,2.59,2.59,2.59,2.59
N_4_18,N_4_19,8.604298842886699,4.78,4.78,4.78,4.78,4.78,4.78,5.94,5.94,6.45,6.45,5.16,5.16,5.16,5.16,5.16,5.16,6.2,6.71,6.71,6.2,4.9,4.9,4.9,4.9
N_4_18,N_5_16,5.876896792290635,5.99,5.99,5.99,5.99,5.99,5.99,9.17,9.17,10.58,10.58,7.05,7.05,7.05,7.05,7.05,7.05,9.87,11.28,11.28,9.87,6.35,6.35,6.35,6.35
N_4_18,N_5_17,13.35370026945651,7.41,7.41,7.41,7.41,7.41,7.41,9.21,9.21,10.02,10.02,8.01,8.01,8.01,8.01,8.01,8.01,9.61,10.42,10.42,9.61,7.61,7.61,7.61,7.61
N_4_19,N_3_20,2.0365469002534695,3.34,3.34,3.34,3.34,3.34,3.34,5.54,5.54,6.52,6.52,4.07,4.07,4.07,4.07,4.07,4.07,6.03,7.01,7.01,6.03,3.58,3.58,3.58,3.58
N_4_19,N_2_18,5.151462042292229,5.25,5.25,5.25,5.25,5.25,5.25,8.04,8.04,9.27,9.27,6.18,6.18,6.18,6.18,6.18,6.18,8.65,9.89,9.89,8.65,5.56,5.56,5.56,5.56
N_4_19,N_4_18,4.37611740958207,4.46,4.46,4.46,4.46,4.46,4.46,6.83,6.83,7.88,7.88,5.25,5.25,5.25,5.25,5.25,5.25,7.35,8.4,8.4,7.35,4.73,4.73,4.73,4.73
N_4_2,N_6_3,3.3688999707619542,3.44,3.44,3.44,3.44,3.44,3.44,5.26,5.26,6.06,6.06,4.04,4.04,4.04,4.04,4.04,4.04,5.66,6.47,6.47,5.66,3.64,3.64,3.64,3.64
N_4_2,N_4_4,3.3656718755216675,3.43,3.43,3.43,3.43,3.43,3.43,5.25,5.25,6.06,6.06,4.04,4.04,4.04,4.04,4.04,4.04,5.65,6.46,6.46,5.65,3.63,3.63,3.63,3.63
N_4_2,N_3_2,1.5600378833088506,2.56,2.56,2.56,2.56,2.56,2.56,4.24,4.24,4.99,4.99,3.12,3.12,3.12,3.12,3.12,3.12,4.62,5.37,5.37,4.62,2.75,2.75,2.75,2.75
N_4_2,N_4_1,5.274539488682827,5.38,5.38,5.38,5.38,5.38,5.38,8.23,8.23,9.49,9.49,6.33,6.33,6.33,6.33,6.33,6.33,8.86,10.13,10.13,8.86,5.7,5.7,5.7,5.7
N_4_20,N_3_22,6.25698899908061,6.38,6.38,6.38,6.38,6.38,6.38,9.76,9.76,11.26,11.26,7.51,7.51,7.51,7.51,7.51,7.51,10.51,12.01,12.01,10.51,6.76,6.76,6.76,6.76
N_4_20,N_4_21,0.6000686887904547,0.98,0.98,0.98,0.98,0.98,0.98,1.63,1.63,1.92,1.92,1.2,1.2,1.2,1.2,1.2,1.2,1.78,2.06,2.06,1.78,1.06,1.06,1.06,1.06
N_4_20,N_6_21,8.007724005907038,4.44,4.44,4.44,4.44,4.44,4.44,5.53,5.53,6.01,6.01,4.8,4.8,4.8,4.8,4.8,4.8,5.77,6.25,6.25,5.77,4.56,4.56,4.56,4.56
N_4_20,N_4_19,14.475805256408126,8.03,8.03,8.03,8.03,8.03,8.03,9.99,9.99,10.86,10.86,8.69,8.69,8.69,8.69,8.69,8.69,10.42,11.29,11.29,10.42,8.25,8.25,8.25,8.25
N_4_21,N_3_21,4.529393479445693,4.62,4.62,4.62,4.62,4.62,4.62,7.07,7.07,8.15,8.15,5.44,5.44,5.44,5.44,5.44,5.44,7.61,8.7,8.7,7.61,4.89,4.89,4.89,4.89
N_4_21,N_4_20,0.6000686887904547,0.98,0.98,0.98,0.98,0.98,0.98,1.63,1.63,1.92,1.92,1.2,1.2,1.2,1.2,1.2,1.2,1.78,2.06,2.06,1.78,1.06,1.06,1.06,1.06
N_4_21,N_3_23,3.1680874170427296,3.23,3.23,3.23,3.23,3.23,3.23,4.94,4.94,5.7,5.7,3.8,3.8,3.8,3.8,3.8,3.8,5.32,6.08,6.08,5.32,3.42,3.42,3.42,3.42
N_4_21,N_4_23,14.94698065743623,8.3,8.3,8.3,8.3,8.3,8.3,10.31,10.31,11.21,11.21,8.97,8.97,8.97,8.97,8.97,8.97,10.76,11.66,11.66,10.76,8.52,8.52,8.52,8.52
N_4_22,N_2_22,12.094663750729762,6.71,6.71,6.71,6.71,6.71,6.71,8.35,8.35,9.07,9.07,7.26,7.26,7.26,7.26,7.26,7.26,8.71,9.43,9.43,8.71,6.89,6.89,6.89,6.89
N_4_22,N_3_21,6.0207172812360135,6.14,6.14,6.14,6.14,6.14,6.14,9.39,9.39,10.84,10.84,7.22,7.22,7.22,7.22,7.22,7.22,10.11,11.56,11.56,10.11,6.5,6.5,6.5,6.5
N_4_22,N_3_24,8.125109794627125,4.51,4.51,4.51,4.51,4.51,4.51,5.61,5.61,6.09,6.09,4.88,4.88,4.88,4.88,4.88,4.88,5.85,6.34,6.34,5.85,4.63,4.63,4.63,4.63
N_4_23,N_2_24,1.3660327747249714,2.24,2.24,2.24,2.24,2.24,2.24,3.72,3.72,4.37,4.37,2.73,2.73,2.73,2.73,2.73,2.73,4.04,4.7,4.7,4.04,2.4,2.4,2.4,2.4
N_4_23,N_4_21,14.94698065743623,8.3,8.3,8.3,8.3,8.3,8.3,10.31,10.31,11.21,11.21,8.97,8.97,8.97,8.97,8.97,8.97,10.76,11.66,11.66,10.76,8.52,8.52,8.52,8.52
N_4_23,N_4_25,1.1577838861632774,1.9,1.9,1.9,1.9,1.9,1.9,3.15,3.15,3.7,3.7,2.32,2.32,2.32,2.32,2.32,2.32,3.43,3.98,3.98,3.43,2.04,2.04,2.04,2.04
N_4_23,N_3_25,10.11769737936367,5.62,5.62,5.62,5.62,5.62,5.62,6.98,6.98,7.59,7.59,6.07,6.07,6.07,6.07,6.07,6.07,7.28,7.89,7.89,7.28,5.77,5.77,5.77,5.77
N_4_24,N_4_25,5.474169952569765,5.58,5.58,5.58,5.58,5.58,5.58,8.54,8.54,9.85,9.85,6.57,6.57,6.57,6.57,6.57,6.57,9.2,10.51,10.51,9.2,5.91,5.91,5.91,5.91
N_4_24,N_2_24,4.657947168874152,4.75,4.75,4.75,4.75,4.75,4.75,7.27,7.27,8.38,8.38,5.59,5.59,5.59,5.59,5.59,5.59,7.83,8.94,8.94,7.83,5.03,5.03,5.03,5.03
N_4_24,N_5_24,5.220665977044144,5.33,5.33,5.33,5.33,5.33,5.33,8.14,8.14,9.4,9.4,6.26,6.26,6.26,6.26,6.26,6.26,8.77,10.02,10.02,8.77,5.64,5.64,5.64,5.64
N_4_25,N_4_23,1.1577838861632774,1.9,1.9,1.9,1.9,1.9,1.9,3.15,3.15,3.7,3.7,2.32,2.32,2.32,2.32,2.32,2.32,3.43,3.98,3.98,3.43,2.04,2.04,2.04,2.04
N_4_25,N_4_24,5.474169952569765,5.58,5.58,5.58,5.58,5.58,5.58,8.54,8.54,9.85,9.85,6.57,6.57,6.57,6.57,6.57,6.57,9.2,10.51,10.51,9.2,5.91,5.91,5.91,5.91
N_4_26,N_2_26,12.09481864516233,6.71,6.71,6.71,6.71,6.71,6.71,8.35,8.35,9.07,9.07,7.26,7.26,7.26,7.26,7.26,7.26,8.71,9.43,9.43,8.71,6.89,6.89,6.89,6.89
N_4_26,N_3_26,14.463331274823952,8.03,8.03,8.03,8.03,8.03,8.03,9.98,9.98,10.85,10.85,8.68,8.68,8.68,8.68,8.68,8.68,10.41,11.28,11.28,10.41,8.24,8.24,8.24,8.24
N_4_26,N_5_28,3.3227518748112983,3.39,3.39,3.39,3.39,3.39,3.39,5.18,5.18,5.98,5.98,3.99,3.99,3.99,3.99,3.99,3.99,5.58,6.38,6.38,5.58,3.59,3.59,3.59,3.59
N_4_27,N_2_26,6.40709040741865,6.54,6.54,6.54,6.54,6.54,6.54,10.0,10.0,11.53,11.53,7.69,7.69,7.69,7.69,7.69,7.69,10.76,12.3,12.3,10.76,6.92,6.92,6.92,6.92
N_4_27,N_5_27,4.161163793777701,4.24,4.24,4.24,4.24,4.24,4.24,6.49,6.49,7.49,7.49,4.99,4.99,4.99,4.99,4.99,4.99,6.99,7.99,7.99,6.99,4.49,4.49,4.49,4.49
N_4_27,N_6_26,0.8379825404006804,1.37,1.37,1.37,1.37,1.37,1.37,2.28,2.28,2.68,2.68,1.68,1.68,1.68,1.68,1.68,1.68,2.48,2.88,2.88,2.48,1.47,1.47,1.47,1.47
N_4_28,N_4_27,5.479428972500688,5.59,5.59,5.59,5.59,5.59,5.59,8.55,8.55,9.86,9.86,6.58,6.58,6.58,6.58,6.58,6.58,9.21,10.52,10.52,9.21,5.92,5.92,5.92,5.92
N_4_28,N_3_26,4.020754844106141,4.1,4.1,4.1,4.1,4.1,4.1,6.27,6.27,7.24,7.24,4.82,4.82,4.82,4.82,4.82,4.82,6.75,7.72,7.72,6.75,4.34,4.34,4.34,4.34
N_4_28,N_5_26,4.334980851091522,4.42,4.42,4.42,4.42,4.42,4.42,6.76,6.76,7.8,7.8,5.2,5.2,5.2,5.2,5.2,5.2,7.28,8.32,8.32,7.28,4.68,4.68,4.68,4.68
N_4_28,N_5_30,14.85211965788707,8.24,8.24,8.24,8.24,8.24,8.24,10.25,10.25,11.14,11.14,8.91,8.91,8.91,8.91,8.91,8.91,10.69,11.58,11.58,10.69,8.47,8.47,8.47,8.47
N_4_28,N_4_29,3.7563318847131453,3.83,3.83,3.83,3.83,3.83,3.83,5.86,5.86,6.76,6.76,4.51,4.51,4.51,4.51,4.51,4.51,6.31,7.21,7.21,6.31,4.06,4.06,4.06,4.06
N_4_29,N_3_27,3.1155907647269006,3.18,3.18,3.18,3.18,3.18,3.18,4.86,4.86,5.61,5.61,3.74,3.74,3.74,3.74,3.74,3.74,5.23,5.98,5.98,5.23,3.36,3.36,3.36,3.36
N_4_29,N_3_28,6.621262802356455,6.75,6.75,6.75,6.75,6.75,6.75,10.33,10.33,11.92,11.92,7.95,7.95,7.95,7.95,7.95,7.95,11.12,12.71,12.71,11.12,7.15,7.15,7.15,7.15
N_4_29,N_3_29,3.810770410730546,3.89,3.89,3.89,3.89,3.89,3.89,5.94,5.94,6.86,6.86,4.57,4.57,4.57,4.57,4.57,4.57,6.4,7.32,7.32,6.4,4.12,4.12,4.12,4.12
N_4_3,N_3_4,3.614079112969125,3.69,3.69,3.69,3.69,3.69,3.69,5.64,5.64,6.51,6.51,4.34,4.34,4.34,4.34,4.34,4.34,6.07,6.94,6.94,6.07,3.9,3.9,3.9,3.9
N_4_3,N_4_1,6.520905591012758,6.65,6.65,6.65,6.65,6.65,6.65,10.17,10.17,11.74,11.74,7.83,7.83,7.83,7.83,7.83,7.83,10.96,12.52,12.52,10.96,7.04,7.04,7.04,7.04
N_4_3,N_5_5,5.015323922856108,5.12,5.12,5.12,5.12,5.12,5.12,7.82,7.82,9.03,9.03,6.02,6.02,6.02,6.02,6.02,6.02,8.43,9.63,9.63,8.43,5.42,5.42,5.42,5.42
N_4_3,N_5_1,13.693395569212257,7.6,7.6,7.6,7.6,7.6,7.6,9.45,9.45,10.27,10.27,8.22,8.22,8.22,8.22,8.22,8.22,9.86,10.68,10.68,9.86,7.81,7.81,7.81,7.81
N_4_30,N_6_30,0.7522815252534383,1.23,1.23,1.23,1.23,1.23,1.23,2.05,2.05,2.41,2.41,1.5,1.5,1.5,1.5,1.5,1.5,2.23,2.59,2.59,2.23,1.32,1.32,1.32,1.32
N_4_30,N_3_30,3.746817377417057,3.82,3.82,3.82,3.82,3.82,3.82,5.85,5.85,6.74,6.74,4.5,4.5,4.5,4.5,4.5,4.5,6.29,7.19,7.19,6.29,4.05,4.05,4.05,4.05
N_4_30,N_6_31,5.147317569140073,5.25,5.25,5.25,5.25,5.25,5.25,8.03,8.03,9.27,9.27,6.18,6.18,6.18,6.18,6.18,6.18,8.65,9.88,9.88,8.65,5.56,5.56,5.56,5.56
N_4_31,N_6_32,6.596593823893519,6.73,6.73,6.73,6.73,6.73,6.73,10.29,10.29,11.87,11.87,7.92,7.92,7.92,7.92,7.92,7.92,11.08,12.67,12.67,11.08,7.12,7.12,7.12,7.12
N_4_31,N_4_29,5.295227466966331,5.4,5.4,5.4,5.4,5.4,5.4,8.26,8.26,9.53,9.53,6.35,6.35,6.35,6.35,6.35,6.35,8.9,10.17,10.17,8.9,5.72,5.72,5.72,5.72
N_4_31,N_3_33,8.37459262568446,4.65,4.65,4.65,4.65,4.65,4.65,5.78,5.78,6.28,6.28,5.02,5.02,5.02,5.02,5.02,5.02,6.03,6.53,6.53,6.03,4.77,4.77,4.77,4.77
N_4_32,N_5_32,3.752093726829561,3.83,3.83,3.83,3.83,3.83,3.83,5.85,5.85,6.75,6.75,4.5,4.5,4.5,4.5,4.5,4.5,6.3,7.2,7.2,6.3,4.05,4.05,4.05,4.05
N_4_32,N_5_30,1.7756144275804773,2.91,2.91,2.91,2.91,2.91,2.91,4.83,4.83,5.68,5.68,3.55,3.55,3.55,3.55,3.55,3.55,5.26,6.11,6.11,5.26,3.13,3.13,3.13,3.13
N_4_32,N_4_30,5.799847760289218,5.92,5.92,5.92,5.92,5.92,5.92,9.05,9.05,10.44,10.44,6.96,6.96,6.96,6.96,6.96,6.96,9.74,11.14,11.14,9.74,6.26,6.26,6.26,6.26
N_4_32,N_3_34,6.665634100073506,6.8,6.8,6.8,6.8,6.8,6.8,10.4,10.4,12.0,12.0,8.0,8.0,8.0,8.0,8.0,8.0,11.2,12.8,12.8,11.2,7.2,7.2,7.2,7.2
N_4_33,N_4_32,2.3698429885923247,3.89,3.89,3.89,3.89,3.89,3.89,6.45,6.45,7.58,7.58,4.74,4.74,4.74,4.74,4.74,4.74,7.01,8.15,8.15,7.01,4.17,4.17,4.17,4.17
N_4_33,N_3_32,4.134944540788956,4.22,4.22,4.22,4.22,4.22,4.22,6.45,6.45,7.44,7.44,4.96,4.96,4.96,4.96,4.96,4.96,6.95,7.94,7.94,6.95,4.47,4.47,4.47,4.47
N_4_34,N_3_35,4.569720302230282,4.66,4.66,4.66,4.66,4.66,4.66,7.13,7.13,8.23,8.23,5.48,5.48,5.48,5.48,5.48,5.48,7.68,8.77,8.77,7.68,4.94,4.94,4.94,4.94
N_4_34,N_6_34,5.098630411988793,5.2,5.2,5.2,5.2,5.2,5.2,7.95,7.95,9.18,9.18,6.12,6.12,6.12,6.12,6.12,6.12,8.57,9.79,9.79,8.57,5.51,5.51,5.51,5.51
N_4_34,N_5_32,10.711831427802807,5.95,5.95,5.95,5.95,5.95,5.95,7.39,7.39,8.03,8.03,6.43,6.43,6.43,6.43,6.43,6.43,7.71,8.36,8.36,7.71,6.11,6.11,6.11,6.11
N_4_34,N_5_33,0.9000745917069672,1.48,1.48,1.48,1.48,1.48,1.48,2.45,2.45,2.88,2.88,1.8,1.8,1.8,1.8,1.8,1.8,2.66,3.1,3.1,2.66,1.58,1.58,1.58,1.58
N_4_35,N_5_36,6.008332249769397,6.13,6.13,6.13,6.13,6.13,6.13,9.37,9.37,10.81,10.81,7.21,7.21,7.21,7.21,7.21,7.21,10.09,11.54,11.54,10.09,6.49,6.49,6.49,6.49
N_4_35,N_4_36,8.692746808901422,4.82,4.82,4.82,4.82,4.82,4.82,6.0,6.0,6.52,6.52,5.22,5.22,5.22,5.22,5.22,5.22,6.26,6.78,6.78,6.26,4.95,4.95,4.95,4.95
N_4_35,N_3_34,4.751722845118138,4.85,4.85,4.85,4.85,4.85,4.85,7.41,7.41,8.55,8.55,5.7,5.7,5.7,5.7,5.7,5.7,7.98,9.12,9.12,7.98,5.13,5.13,5.13,5.13
N_4_35,N_3_36,9.56861414296247,5.31,5.31,5.31,5.31,5.31,5.31,6.6,6.6,7.18,7.18,5.74,5.74,5.74,5.74,5.74,5.74,6.89,7.46,7.46,6.89,5.45,5.45,5.45,5.45
N_4_36,N_4_35,8.692746808901422,4.82,4.82,4.82,4.82,4.82,4.82,6.0,6.0,6.52,6.52,5.22,5.22,5.22,5.22,5.22,5.22,6.26,6.78,6.78,6.26,4.95,4.95,4.95,4.95
N_4_36,N_3_37,2.4654087334877257,4.04,4.04,4.04,4.04,4.04,4.04,6.71,6.71,7.89,7.89,4.93,4.93,4.93,4.93,4.93,4.93,7.3,8.48,8.48,7.3,4.34,4.34,4.34,4.34
N_4_37,N_3_36,13.582160989635232,7.54,7.54,7.54,7.54,7.54,7.54,9.37,9.37,10.19,10.19,8.15,8.15,8.15,8.15,8.15,8.15,9.78,10.59,10.59,9.78,7.74,7.74,7.74,7.74
N_4_37,N_4_39,10.497282260478702,5.83,5.83,5.83,5.83,5.83,5.83,7.24,7.24,7.87,7.87,6.3,6.3,6.3,6.3,6.3,6.3,7.56,8.19,8.19,7.56,5.98,5.98,5.98,5.98
N_4_38,N_2_37,3.291134484062633,3.36,3.36,3.36,3.36,3.36,3.36,5.13,5.13,5.92,5.92,3.95,3.95,3.95,3.95,3.95,3.95,5.53,6.32,6.32,5.53,3.55,3.55,3.55,3.55
N_4_38,N_3_36,10.811003399156055,6.0,6.0,6.0,6.0,6.0,6.0,7.46,7.46,8.11,8.11,6.49,6.49,6.49,6.49,6.49,6.49,7.78,8.43,8.43,7.78,6.16,6.16,6.16,6.16
N_4_39,N_4_38,3.2279433473453976,3.29,3.29,3.29,3.29,3.29,3.29,5.04,5.04,5.81,5.81,3.87,3.87,3.87,3.87,3.87,3.87,5.42,6.2,6.2,5.42,3.49,3.49,3.49,3.49
N_4_39,N_3_37,4.434909718025369,4.52,4.52,4.52,4.52,4.52,4.52,6.92,6.92,7.98,7.98,5.32,5.32,5.32,5.32,5.32,5.32,7.45,8.52,8.52,7.45,4.79,4.79,4.79,4.79
N_4_39,N_2_38,4.374718695941273,4.46,4.46,4.46,4.46,4.46,4.46,6.82,6.82,7.87,7.87,5.25,5.25,5.25,5.25,5.25,5.25,7.35,8.4,8.4,7.35,4.72,4.72,4.72,4.72
N_4_4,N_3_2,3.0316342428078187,3.09,3.09,3.09,3.09,3.09,3.09,4.73,4.73,5.46,5.46,3.64,3.64,3.64,3.64,3.64,3.64,5.09,5.82,5.82,5.09,3.27,3.27,3.27,3.27
N_4_4,N_4_2,3.3656718755216675,3.43,3.43,3.43,3.43,3.43,3.43,5.25,5.25,6.06,6.06,4.04,4.04,4.04,4.04,4.04,4.04,5.65,6.46,6.46,5.65,3.63,3.63,3.63,3.63
N_4_4,N_5_5,9.837579636618678,5.46,5.46,5.46,5.46,5.46,5.46,6.79,6.79,7.38,7.38,5.9,5.9,5.9,5.9,5.9,5.9,7.08,7.67,7.67,7.08,5.61,5.61,5.61,5.61
N_4_4,N_3_6,0.8348068609264196,1.37,1.37,1.37,1.37,1.37,1.37,2.27,2.27,2.67,2.67,1.67,1.67,1.67,1.67,1.67,1.67,2.47,2.87,2.87,2.47,1.47,1.47,1.47,1.47
N_4_4,N_4_3,10.30996931644885,5.72,5.72,5.72,5.72,5.72,5.72,7.11,7.11,7.73,7.73,6.19,6.19,6.19,6.19,6.19,6.19,7.42,8.04,8.04,7.42,5.88,5.88,5.88,5.88
N_4_4,N_3_3,6.921615100493547,7.06,7.06,7.06,7.06,7.06,7.06,10.8,10.8,12.46,12.46,8.31,8.31,8.31,8.31,8.31,8.31,11.63,13.29,13.29,11.63,7.48,7.48,7.48,7.48
N_4_4,N_5_4,12.586202336538433,6.99,6.99,6.99,6.99,6.99,6.99,8.68,8.68,9.44,9.44,7.55,7.55,7.55,7.55,7.55,7.55,9.06,9.82,9.82,9.06,7.17,7.17,7.17,7.17
N_4_5,N_3_6,3.4101324108744144,3.48,3.48,3.48,3.48,3.48,3.48,5.32,5.32,6.14,6.14,4.09,4.09,4.09,4.09,4.09,4.09,5.73,6.55,6.55,5.73,3.68,3.68,3.68,3.68
N_4_5,N_3_7,5.926093268614274,6.04,6.04,6.04,6.04,6.04,6.04,9.24,9.24,10.67,10.67,7.11,7.11,7.11,7.11,7.11,7.11,9.96,11.38,11.38,9.96,6.4,6.4,6.4,6.4
N_4_6,N_3_4,3.91825602686285,4.0,4.0,4.0,4.0,4.0,4.0,6.11,6.11,7.05,7.05,4.7,4.7,4.7,4.7,4.7,4.7,6.58,7.52,7.52,6.58,4.23,4.23,4.23,4.23
N_4_6,N_3_8,6.176978266775511,6.3,6.3,6.3,6.3,6.3,6.3,9.64,9.64,11.12,11.12,7.41,7.41,7.41,7.41,7.41,7.41,10.38,11.86,11.86,10.38,6.67,6.67,6.67,6.67
N_4_6,N_5_4,0.8153365147062153,1.34,1.34,1.34,1.34,1.34,1.34,2.22,2.22,2.61,2.61,1.63,1.63,1.63,1.63,1.63,1.63,2.41,2.8,2.8,2.41,1.43,1.43,1.43,1.43
N_4_6,N_5_8,6.185471134273415,6.31,6.31,6.31,6.31,6.31,6.31,9.65,9.65,11.13,11.13,7.42,7.42,7.42,7.42,7.42,7.42,10.39,11.88,11.88,10.39,6.68,6.68,6.68,6.68
N_4_6,N_4_7,1.4764789480977714,2.42,2.42,2.42,2.42,2.42,2.42,4.02,4.02,4.72,4.72,2.95,2.95,2.95,2.95,2.95,2.95,4.37,5.08,5.08,4.37,2.6,2.6,2.6,2.6
N_4_6,N_5_5,8.470967111023743,4.7,4.7,4.7,4.7,4.7,4.7,5.84,5.84,6.35,6.35,5.08,5.08,5.08,5.08,5.08,5.08,6.1,6.61,6.61,6.1,4.83,4.83,4.83,4.83
N_4_6,N_6_5,5.592580648375225,5.7,5.7,5.7,5.7,5.7,5.7,8.72,8.72,10.07,10.07,6.71,6.71,6.71,6.71,6.71,6.71,9.4,10.74,10.74,9.4,6.04,6.04,6.04,6.04
N_4_7,N_4_6,1.4764789480977714,2.42,2.42,2.42,2.42,2.42,2.42,4.02,4.02,4.72,4.72,2.95,2.95,2.95,2.95,2.95,2.95,4.37,5.08,5.08,4.37,2.6,2.6,2.6,2.6
N_4_7,N_6_8,5.224951300046667,5.33,5.33,5.33,5.33,5.33,5.33,8.15,8.15,9.4,9.4,6.27,6.27,6.27,6.27,6.27,6.27,8.78,10.03,10.03,8.78,5.64,5.64,5.64,5.64
N_4_7,N_2_7,4.366291685569862,4.45,4.45,4.45,4.45,4.45,4.45,6.81,6.81,7.86,7.86,5.24,5.24,5.24,5.24,5.24,5.24,7.34,8.38,8.38,7.34,4.72,4.72,4.72,4.72
N_4_8,N_2_9,11.559566883228158,6.42,6.42,6.42,6.42,6.42,6.42,7.98,7.98,8.67,8.67,6.94,6.94,6.94,6.94,6.94,6.94,8.32,9.02,9.02,8.32,6.59,6.59,6.59,6.59
N_4_8,N_4_7,1.7367538289215723,2.85,2.85,2.85,2.85,2.85,2.85,4.72,4.72,5.56,5.56,3.47,3.47,3.47,3.47,3.47,3.47,5.14,5.97,5.97,5.14,3.06,3.06,3.06,3.06
N_4_9,N_2_10,12.504862652279325,6.94,6.94,6.94,6.94,6.94,6.94,8.63,8.63,9.38,9.38,7.5,7.5,7.5,7.5,7.5,7.5,9.0,9.75,9.75,9.0,7.13,7.13,7.13,7.13
N_4_9,N_3_9,10.157577886601597,5.64,5.64,5.64,5.64,5.64,5.64,7.01,7.01,7.62,7.62,6.09,6.09,6.09,6.09,6.09,6.09,7.31,7.92,7.92,7.31,5.79,5.79,5.79,5.79
N_4_9,N_2_8,1.0817402967066527,1.77,1.77,1.77,1.77,1.77,1.77,2.94,2.94,3.46,3.46,2.16,2.16,2.16,2.16,2.16,2.16,3.2,3.72,3.72,3.2,1.9,1.9,1.9,1.9
N_4_9,N_5_10,4.547878501282749,4.64,4.64,4.64,4.64,4.64,4.64,7.09,7.09,8.19,8.19,5.46,5.46,5.46,5.46,5.46,5.46,7.64,8.73,8.73,7.64,4.91,4.91,4.91,4.91
N_5_0,N_6_1,14.208294710088193,7.89,7.89,7.89,7.89,7.89,7.89,9.8,9.8,10.66,10.66,8.52,8.52,8.52,8.52,8.52,8.52,10.23,11.08,11.08,10.23,8.1,8.1,8.1,8.1
N_5_0,N_4_0,3.5176575586898426,3.59,3.59,3.59,3.59,3.59,3.59,5.49,5.49,6.33,6.33,4.22,4.22,4.22,4.22,4.22,4.22,5.91,6.75,6.75,5.91,3.8,3.8,3.8,3.8
N_5_0,N_5_2,9.29852841735142,5.16,5.16,5.16,5.16,5.16,5.16,6.42,6.42,6.97,6.97,5.58,5.58,5.58,5.58,5.58,5.58,6.69,7.25,7.25,6.69,5.3,5.3,5.3,5.3
N_5_0,N_6_0,1.3348468043269837,2.19,2.19,2.19,2.19,2.19,2.19,3.63,3.63,4.27,4.27,2.67,2.67,2.67,2.67,2.67,2.67,3.95,4.59,4.59,3.95,2.35,2.35,2.35,2.35
N_5_1,N_4_3,13.693395569212257,7.6,7.6,7.6,7.6,7.6,7.6,9.45,9.45,10.27,10.27,8.22,8.22,8.22,8.22,8.22,8.22,9.86,10.68,10.68,9.86,7.81,7.81,7.81,7.81
N_5_1,N_5_0,3.8926990416656686,3.97,3.97,3.97,3.97,3.97,3.97,6.07,6.07,7.01,7.01,4.67,4.67,4.67,4.67,4.67,4.67,6.54,7.47,7.47,6.54,4.2,4.2,4.2,4.2
N_5_1,N_7_0,6.621227405160681,6.75,6.75,6.75,6.75,6.75,6.75,10.33,10.33,11.92,11.92,7.95,7.95,7.95,7.95,7.95,7.95,11.12,12.71,12.71,11.12,7.15,7.15,7.15,7.15
N_5_1,N_6_3,3.864555708567599,3.94,3.94,3.94,3.94,3.94,3.94,6.03,6.03,6.96,6.96,4.64,4.64,4.64,4.64,4.64,4.64,6.49,7.42,7.42,6.49,4.17,4.17,4.17,4.17
N_5_1,N_4_1,12.277848907726874,6.81,6.81,6.81,6.81,6.81,6.81,8.47,8.47,9.21,9.21,7.37,7.37,7.37,7.37,7.37,7.37,8.84,9.58,9.58,8.84,7.0,7.0,7.0,7.0
N_5_1,N_7_2,3.079383500737558,3.14,3.14,3.14,3.14,3.14,3.14,4.8,4.8,5.54,5.54,3.7,3.7,3.7,3.7,3.7,3.7,5.17,5.91,5.91,5.17,3.33,3.33,3.33,3.33
N_5_1,N_4_2,4.838939381325982,4.94,4.94,4.94,4.94,4.94,4.94,7.55,7.55,8.71,8.71,5.81,5.81,5.81,5.81,5.81,5.81,8.13,9.29,9.29,8.13,5.23,5.23,5.23,5.23
N_5_10,N_4_9,4.547878501282749,4.64,4.64,4.64,4.64,4.64,4.64,7.09,7.09,8.19,8.19,5.46,5.46,5.46,5.46,5.46,5.46,7.64,8.73,8.73,7.64,4.91,4.91,4.91,4.91
N_5_10,N_6_9,6.262868927087815,6.39,6.39,6.39,6.39,6.39,6.39,9.77,9.77,11.27,11.27,7.52,7.52,7.52,7.52,7.52,7.52,10.52,12.02,12.02,10.52,6.76,6.76,6.76,6.76
N_5_10,N_6_11,1.3493498290019947,2.21,2.21,2.21,2.21,2.21,2.21,3.67,3.67,4.32,4.32,2.7,2.7,2.7,2.7,2.7,2.7,3.99,4.64,4.64,3.99,2.37,2.37,2.37,2.37
N_5_10,N_6_12,4.079413567165238,4.16,4.16,4.16,4.16,4.16,4.16,6.36,6.36,7.34,7.34,4.9,4.9,4.9,4.9,4.9,4.9,6.85,7.83,7.83,6.85,4.41,4.41,4.41,4.41
N_5_11,N_3_11,3.2436344181479906,3.31,3.31,3.31,3.31,3.31,3.31,5.06,5.06,5.84,5.84,3.89,3.89,3.89,3.89,3.89,3.89,5.45,6.23,6.23,5.45,3.5,3.5,3.5,3.5
N_5_11,N_5_12,6.9818760677129355,7.12,7.12,7.12,7.12,7.12,7.12,10.89,10.89,12.57,12.57,8.38,8.38,8.38,8.38,8.38,8.38,11.73,13.41,13.41,11.73,7.54,7.54,7.54,7.54
N_5_12,N_6_10,3.29450739650241,3.36,3.36,3.36,3.36,3.36,3.36,5.14,5.14,5.93,5.93,3.95,3.95,3.95,3.95,3.95,3.95,5.53,6.33,6.33,5.53,3.56,3.56,3.56,3.56
N_5_12,N_6_14,9.834123277707345,5.46,5.46,5.46,5.46,5.46,5.46,6.79,6.79,7.38,7.38,5.9,5.9,5.9,5.9,5.9,5.9,7.08,7.67,7.67,7.08,5.61,5.61,5.61,5.61
N_5_12,N_6_11,9.473918171709256,5.26,5.26,5.26,5.26,5.26,5.26,6.54,6.54,7.11,7.11,5.68,5.68,5.68,5.68,5.68,5.68,6.82,7.39,7.39,6.82,5.4,5.4,5.4,5.4
N_5_13,N_4_12,4.094989967103588,4.18,4.18,4.18,4.18,4.18,4.18,6.39,6.39,7.37,7.37,4.91,4.91,4.91,4.91,4.91,4.91,6.88,7.86,7.86,6.88,4.42,4.42,4.42,4.42
N_5_13,N_4_11,3.136888840406757,3.2,3.2,3.2,3.2,3.2,3.2,4.89,4.89,5.65,5.65,3.76,3.76,3.76,3.76,3.76,3.76,5.27,6.02,6.02,5.27,3.39,3.39,3.39,3.39
N_5_13,N_5_15,1.1187618755738764,1.83,1.83,1.83,1.83,1.83,1.83,3.04,3.04,3.58,3.58,2.24,2.24,2.24,2.24,2.24,2.24,3.31,3.85,3.85,3.31,1.97,1.97,1.97,1.97
N_5_13,N_5_11,4.909062501162543,5.01,5.01,5.01,5.01,5.01,5.01,7.66,7.66,8.84,8.84,5.89,5.89,5.89,5.89,5.89,5.89,8.25,9.43,9.43,8.25,5.3,5.3,5.3,5.3
N_5_14,N_3_15,3.1941686902994717,3.26,3.26,3.26,3.26,3.26,3.26,4.98,4.98,5.75,5.75,3.83,3.83,3.83,3.83,3.83,3.83,5.37,6.13,6.13,5.37,3.45,3.45,3.45,3.45
N_5_14,N_5_15,1.8536083595141462,3.04,3.04,3.04,3.04,3.04,3.04,5.04,5.04,5.93,5.93,3.71,3.71,3.71,3.71,3.71,3.71,5.49,6.38,6.38,5.49,3.26,3.26,3.26,3.26
N_5_15,N_5_14,1.8536083595141462,3.04,3.04,3.04,3.04,3.04,3.04,5.04,5.04,5.93,5.93,3.71,3.71,3.71,3.71,3.71,3.71,5.49,6.38,6.38,5.49,3.26,3.26,3.26,3.26
N_5_15,N_4_17,5.579217625116987,5.69,5.69,5.69,5.69,5.69,5.69,8.7,8.7,10.04,10.04,6.7,6.7,6.7,6.7,6.7,6.7,9.37,10.71,10.71,9.37,6.03,6.03,6.03,6.03
N_5_16,N_4_18,5.876896792290635,5.99,5.99,5.99,5.99,5.99,5.99,9.17,9.17,10.58,10.58,7.05,7.05,7.05,7.05,7.05,7.05,9.87,11.28,11.28,9.87,6.35,6.35,6.35,6.35
N_5_16,N_7_15,11.897962355145284,6.6,6.6,6.6,6.6,6.6,6.6,8.21,8.21,8.92,8.92,7.14,7.14,7.14,7.14,7.14,7.14,8.57,9.28,9.28,8.57,6.78,6.78,6.78,6.78
N_5_16,N_7_16,1.3802416665632296,2.26,2.26,2.26,2.26,2.26,2.26,3.75,3.75,4.42,4.42,2.76,2.76,2.76,2.76,2.76,2.76,4.09,4.75,4.75,4.09,2.43,2.43,2.43,2.43
N_5_17,N_4_17,0.6642322789688908,1.09,1.09,1.09,1.09,1.09,1.09,1.81,1.81,2.13,2.13,1.33,1.33,1.33,1.33,1.33,1.33,1.97,2.28,2.28,1.97,1.17,1.17,1.17,1.17
N_5_17,N_4_18,13.35370026945651,7.41,7.41,7.41,7.41,7.41,7.41,9.21,9.21,10.02,10.02,8.01,8.01,8.01,8.01,8.01,8.01,9.61,10.42,10.42,9.61,7.61,7.61,7.61,7.61
N_5_17,N_4_19,6.43020292053691,6.56,6.56,6.56,6.56,6.56,6.56,10.03,10.03,11.57,11.57,7.72,7.72,7.72,7.72,7.72,7.72,10.8,12.35,12.35,10.8,6.94,6.94,6.94,6.94
N_5_17,N_6_17,5.518821178825198,5.63,5.63,5.63,5.63,5.63,5.63,8.61,8.61,9.93,9.93,6.62,6.62,6.62,6.62,6.62,6.62,9.27,10.6,10.6,9.27,5.96,5.96,5.96,5.96
N_5_17,N_4_15,10.523596969185558,5.84,5.84,5.84,5.84,5.84,5.84,7.26,7.26,7.89,7.89,6.31,6.31,6.31,6.31,6.31,6.31,7.58,8.21,8.21,7.58,6.0,6.0,6.0,6.0
N_5_17,N_7_16,6.613061861934812,6.75,6.75,6.75,6.75,6.75,6.75,10.32,10.32,11.9,11.9,7.94,7.94,7.94,7.94,7.94,7.94,11.11,12.7,12.7,11.11,7.14,7.14,7.14,7.14
N_5_17,N_3_17,3.051242665398738,3.11,3.11,3.11,3.11,3.11,3.11,4.76,4.76,5.49,5.49,3.66,3.66,3.66,3.66,3.66,3.66,5.13,5.86,5.86,5.13,3.3,3.3,3.3,3.3
N_5_18,N_6_16,5.155559868152675,5.26,5.26,5.26,5.26,5.26,5.26,8.04,8.04,9.28,9.28,6.19,6.19,6.19,6.19,6.19,6.19,8.66,9.9,9.9,8.66,5.57,5.57,5.57,5.57
N_5_18,N_5_17,3.31452875787694,3.38,3.38,3.38,3.38,3.38,3.38,5.17,5.17,5.97,5.97,3.98,3.98,3.98,3.98,3.98,3.98,5.57,6.36,6.36,5.57,3.58,3.58,3.58,3.58
N_5_18,N_4_17,4.460275595784575,4.55,4.55,4.55,4.55,4.55,4.55,6.96,6.96,8.03,8.03,5.35,5.35,5.35,5.35,5.35,5.35,7.49,8.56,8.56,7.49,4.82,4.82,4.82,4.82
N_5_18,N_7_19,10.11087838433505,5.61,5.61,5.61,5.61,5.61,5.61,6.98,6.98,7.58,7.58,6.07,6.07,6.07,6.07,6.07,6.07,7.28,7.89,7.89,7.28,5.76,5.76,5.76,5.76
N_5_19,N_3_19,11.30364951738289,6.27,6.27,6.27,6.27,6.27,6.27,7.8,7.8,8.48,8.48,6.78,6.78,6.78,6.78,6.78,6.78,8.14,8.82,8.82,8.14,6.44,6.44,6.44,6.44
N_5_19,N_4_17,11.587974326126286,6.43,6.43,6.43,6.43,6.43,6.43,8.0,8.0,8.69,8.69,6.95,6.95,6.95,6.95,6.95,6.95,8.34,9.04,9.04,8.34,6.61,6.61,6.61,6.61
N_5_2,N_7_3,10.47196577612688,5.81,5.81,5.81,5.81,5.81,5.81,7.23,7.23,7.85,7.85,6.28,6.28,6.28,6.28,6.28,6.28,7.54,8.17,8.17,7.54,5.97,5.97,5.97,5.97
N_5_2,N_5_3,1.0972947911222564,1.8,1.8,1.8,1.8,1.8,1.8,2.98,2.98,3.51,3.51,2.19,2.19,2.19,2.19,2.19,2.19,3.25,3.77,3.77,3.25,1.93,1.93,1.93,1.93
N_5_2,N_6_1,11.685075619926295,6.49,6.49,6.49,6.49,6.49,6.49,8.06,8.06,8.76,8.76,7.01,7.01,7.01,7.01,7.01,7.01,8.41,9.11,9.11,8.41,6.66,6.66,6.66,6.66
N_5_2,N_3_3,3.6573597013809924,3.73,3.73,3.73,3.73,3.73,3.73,5.71,5.71,6.58,6.58,4.39,4.39,4.39,4.39,4.39,4.39,6.14,7.02,7.02,6.14,3.95,3.95,3.95,3.95
N_5_20,N_3_20,11.613426320145837,6.45,6.45,6.45,6.45,6.45,6.45,8.01,8.01,8.71,8.71,6.97,6.97,6.97,6.97,6.97,6.97,8.36,9.06,9.06,8.36,6.62,6.62,6.62,6.62
N_5_20,N_5_21,4.093110972727322,4.17,4.17,4.17,4.17,4.17,4.17,6.39,6.39,7.37,7.37,4.91,4.91,4.91,4.91,4.91,4.91,6.88,7.86,7.86,6.88,4.42,4.42,4.42,4.42
N_5_20,N_6_20,5.553577831165647,5.66,5.66,5.66,5.66,5.66,5.66,8.66,8.66,10.0,10.0,6.66,6.66,6.66,6.66,6.66,6.66,9.33,10.66,10.66,9.33,6.0,6.0,6.0,6.0
N_5_21,N_3_21,6.811869730583446,6.95,6.95,6.95,6.95,6.95,6.95,10.63,10.63,12.26,12.26,8.17,8.17,8.17,8.17,8.17,8.17,11.44,13.08,13.08,11.44,7.36,7.36,7.36,7.36
N_5_21,N_6_21,6.9008686741603835,7.04,7.04,7.04,7.04,7.04,7.04,10.77,10.77,12.42,12.42,8.28,8.28,8.28,8.28,8.28,8.28,11.59,13.25,13.25,11.59,7.45,7.45,7.45,7.45
N_5_21,N_4_19,0.8141749771995952,1.34,1.34,1.34,1.34,1.34,1.34,2.21,2.21,2.61,2.61,1.63,1.63,1.63,1.63,1.63,1.63,2.41,2.8,2.8,2.41,1.43,1.43,1.43,1.43
N_5_22,N_6_24,6.684238454994507,6.82,6.82,6.82,6.82,6.82,6.82,10.43,10.43,12.03,12.03,8.02,8.02,8.02,8.02,8.02,8.02,11.23,12.83,12.83,11.23,7.22,7.22,7.22,7.22
N_5_22,N_5_24,3.3265965587439714,3.39,3.39,3.39,3.39,3.39,3.39,5.19,5.19,5.99,5.99,3.99,3.99,3.99,3.99,3.99,3.99,5.59,6.39,6.39,5.59,3.59,3.59,3.59,3.59
N_5_22,N_4_21,5.777805554924164,5.89,5.89,5.89,5.89,5.89,5.89,9.01,9.01,10.4,10.4,6.93,6.93,6.93,6.93,6.93,6.93,9.71,11.09,11.09,9.71,6.24,6.24,6.24,6.24
N_5_23,N_5_21,2.4897481149596343,4.08,4.08,4.08,4.08,4.08,4.08,6.77,6.77,7.97,7.97,4.98,4.98,4.98,4.98,4.98,4.98,7.37,8.56,8.56,7.37,4.38,4.38,4.38,4.38
N_5_23,N_3_22,6.965640939516399,7.1,7.1,7.1,7.1,7.1,7.1,10.87,10.87,12.54,12.54,8.36,8.36,8.36,8.36,8.36,8.36,11.7,13.37,13.37,11.7,7.52,7.52,7.52,7.52
N_5_24,N_5_22,3.3265965587439714,3.39,3.39,3.39,3.39,3.39,3.39,5.19,5.19,5.99,5.99,3.99,3.99,3.99,3.99,3.99,3.99,5.59,6.39,6.39,5.59,3.59,3.59,3.59,3.59
N_5_24,N_5_25,5.605500853808961,5.72,5.72,5.72,5.72,5.72,5.72,8.74,8.74,10.09,10.09,6.73,6.73,6.73,6.73,6.73,6.73,9.42,10.76,10.76,9.42,6.05,6.05,6.05,6.05
N_5_24,N_6_23,1.3502987465085368,2.21,2.21,2.21,2.21,2.21,2.21,3.67,3.67,4.32,4.32,2.7,2.7,2.7,2.7,2.7,2.7,4.0,4.65,4.65,4.0,2.38,2.38,2.38,2.38
N_5_25,N_5_24,5.605500853808961,5.72,5.72,5.72,5.72,5.72,5.72,8.74,8.74,10.09,10.09,6.73,6.73,6.73,6.73,6.73,6.73,9.42,10.76,10.76,9.42,6.05,6.05,6.05,6.05
N_5_25,N_5_27,6.272912374808979,6.4,6.4,6.4,6.4,6.4,6.4,9.79,9.79,11.29,11.29,7.53,7.53,7.53,7.53,7.53,7.53,10.54,12.04,12.04,10.54,6.77,6.77,6.77,6.77
N_5_25,N_4_26,2.399677745039641,3.94,3.94,3.94,3.94,3.94,3.94,6.53,6.53,7.68,7.68,4.8,4.8,4.8,4.8,4.8,4.8,7.1,8.25,8.25,7.1,4.22,4.22,4.22,4.22
N_5_26,N_5_24,14.112578097687805,7.83,7.83,7.83,7.83,7.83,7.83,9.74,9.74,10.58,10.58,8.47,8.47,8.47,8.47,8.47,8.47,10.16,11.01,11.01,10.16,8.04,8.04,8.04,8.04
N_5_26,N_6_28,1.8821329820941162,3.09,3.09,3.09,3.09,3.09,3.09,5.12,5.12,6.02,6.02,3.76,3.76,3.76,3.76,3.76,3.76,5.57,6.47,6.47,5.57,3.31,3.31,3.31,3.31
N_5_27,N_4_27,4.161163793777701,4.24,4.24,4.24,4.24,4.24,4.24,6.49,6.49,7.49,7.49,4.99,4.99,4.99,4.99,4.99,4.99,6.99,7.99,7.99,6.99,4.49,4.49,4.49,4.49
N_5_27,N_5_25,6.272912374808979,6.4,6.4,6.4,6.4,6.4,6.4,9.79,9.79,11.29,11.29,7.53,7.53,7.53,7.53,7.53,7.53,10.54,12.04,12.04,10.54,6.77,6.77,6.77,6.77
N_5_27,N_7_28,5.817460586836323,5.93,5.93,5.93,5.93,5.93,5.93,9.08,9.08,10.47,10.47,6.98,6.98,6.98,6.98,6.98,6.98,9.77,11.17,11.17,9.77,6.28,6.28,6.28,6.28
N_5_28,N_3_29,1.0423523890948085,1.71,1.71,1.71,1.71,1.71,1.71,2.84,2.84,3.34,3.34,2.08,2.08,2.08,2.08,2.08,2.08,3.09,3.59,3.59,3.09,1.83,1.83,1.83,1.83
N_5_28,N_4_26,3.3227518748112983,3.39,3.39,3.39,3.39,3.39,3.39,5.18,5.18,5.98,5.98,3.99,3.99,3.99,3.99,3.99,3.99,5.58,6.38,6.38,5.58,3.59,3.59,3.59,3.59
N_5_28,N_6_27,14.576296279360147,8.09,8.09,8.09,8.09,8.09,8.09,10.06,10.06,10.93,10.93,8.75,8.75,8.75,8.75,8.75,8.75,10.49,11.37,11.37,10.49,8.31,8.31,8.31,8.31
N_5_28,N_7_28,5.091800438898709,5.19,5.19,5.19,5.19,5.19,5.19,7.94,7.94,9.17,9.17,6.11,6.11,6.11,6.11,6.11,6.11,8.55,9.78,9.78,8.55,5.5,5.5,5.5,5.5
N_5_29,N_5_27,5.279966333582109,5.39,5.39,5.39,5.39,5.39,5.39,8.24,8.24,9.5,9.5,6.34,6.34,6.34,6.34,6.34,6.34,8.87,10.14,10.14,8.87,5.7,5.7,5.7,5.7
N_5_29,N_3_30,4.765618209070162,4.86,4.86,4.86,4.86,4.86,4.86,7.43,7.43,8.58,8.58,5.72,5.72,5.72,5.72,5.72,5.72,8.01,9.15,9.15,8.01,5.15,5.15,5.15,5.15
N_5_3,N_5_2,1.0972947911222564,1.8,1.8,1.8,1.8,1.8,1.8,2.98,2.98,3.51,3.51,2.19,2.19,2.19,2.19,2.19,2.19,3.25,3.77,3.77,3.25,1.93,1.93,1.93,1.93
N_5_3,N_6_3,11.869205259906565,6.59,6.59,6.59,6.59,6.59,6.59,8.19,8.19,8.9,8.9,7.12,7.12,7.12,7.12,7.12,7.12,8.55,9.26,9.26,8.55,6.77,6.77,6.77,6.77
N_5_30,N_4_28,14.85211965788707,8.24,8.24,8.24,8.24,8.24,8.24,10.25,10.25,11.14,11.14,8.91,8.91,8.91,8.91,8.91,8.91,10.69,11.58,11.58,10.69,8.47,8.47,8.47,8.47
N_5_30,N_4_32,6.586102602546532,6.72,6.72,6.72,6.72,6.72,6.72,10.27,10.27,11.85,11.85,7.9,7.9,7.9,7.9,7.9,7.9,11.06,12.65,12.65,11.06,7.11,7.11,7.11,7.11
N_5_30,N_6_32,0.9395886534068669,1.54,1.54,1.54,1.54,1.54,1.54,2.56,2.56,3.01,3.01,1.88,1.88,1.88,1.88,1.88,1.88,2.78,3.23,3.23,2.78,1.65,1.65,1.65,1.65
N_5_31,N_5_33,6.267814493311331,6.39,6.39,6.39,6.39,6.39,6.39,9.78,9.78,11.28,11.28,7.52,7.52,7.52,7.52,7.52,7.52,10.53,12.03,12.03,10.53,6.77,6.77,6.77,6.77
N_5_31,N_6_29,4.955312949599318,5.05,5.05,5.05,5.05,5.05,5.05,7.73,7.73,8.92,8.92,5.95,5.95,5.95,5.95,5.95,5.95,8.32,9.51,9.51,8.32,5.35,5.35,5.35,5.35
N_5_31,N_5_32,13.541966213619485,7.52,7.52,7.52,7.52,7.52,7.52,9.34,9.34,10.16,10.16,8.13,8.13,8.13,8.13,8.13,8.13,9.75,10.56,10.56,9.75,7.72,7.72,7.72,7.72
N_5_31,N_6_32,3.02492258844177,3.09,3.09,3.09,3.09,3.09,3.09,4.72,4.72,5.44,5.44,3.63,3.63,3.63,3.63,3.63,3.63,5.08,5.81,5.81,5.08,3.27,3.27,3.27,3.27
N_5_32,N_3_31,12.497868975843524,6.94,6.94,6.94,6.94,6.94,6.94,8.62,8.62,9.37,9.37,7.5,7.5,7.5,7.5,7.5,7.5,9.0,9.75,9.75,9.0,7.12,7.12,7.12,7.12
N_5_32,N_4_32,3.752093726829561,3.83,3.83,3.83,3.83,3.83,3.83,5.85,5.85,6.75,6.75,4.5,4.5,4.5,4.5,4.5,4.5,6.3,7.2,7.2,6.3,4.05,4.05,4.05,4.05
N_5_33,N_3_32,5.843513967684492,5.96,5.96,5.96,5.96,5.96,5.96,9.12,9.12,10.52,10.52,7.01,7.01,7.01,7.01,7.01,7.01,9.82,11.22,11.22,9.82,6.31,6.31,6.31,6.31
N_5_33,N_4_34,0.9000745917069672,1.48,1.48,1.48,1.48,1.48,1.48,2.45,2.45,2.88,2.88,1.8,1.8,1.8,1.8,1.8,1.8,2.66,3.1,3.1,2.66,1.58,1.58,1.58,1.58
N_5_33,N_5_31,6.267814493311331,6.39,6.39,6.39,6.39,6.39,6.39,9.78,9.78,11.28,11.28,7.52,7.52,7.52,7.52,7.52,7.52,10.53,12.03,12.03,10.53,6.77,6.77,6.77,6.77
N_5_34,N_3_35,13.660521532314783,7.58,7.58,7.58,7.58,7.58,7.58,9.43,9.43,10.25,10.25,8.2,8.2,8.2,8.2,8.2,8.2,9.84,10.66,10.66,9.84,7.79,7.79,7.79,7.79
N_5_34,N_7_34,3.8892042253056758,3.97,3.97,3.97,3.97,3.97,3.97,6.07,6.07,7.0,7.0,4.67,4.67,4.67,4.67,4.67,4.67,6.53,7.47,7.47,6.53,4.2,4.2,4.2,4.2
N_5_35,N_3_35,3.006318733241569,3.07,3.07,3.07,3.07,3.07,3.07,4.69,4.69,5.41,5.41,3.61,3.61,3.61,3.61,3.61,3.61,5.05,5.77,5.77,5.05,3.25,3.25,3.25,3.25
N_5_35,N_4_33,4.526394351884434,4.62,4.62,4.62,4.62,4.62,4.62,7.06,7.06,8.15,8.15,5.43,5.43,5.43,5.43,5.43,5.43,7.6,8.69,8.69,7.6,4.89,4.89,4.89,4.89
N_5_35,N_4_36,0.9379605471346313,1.54,1.54,1.54,1.54,1.54,1.54,2.55,2.55,3.0,3.0,1.88,1.88,1.88,1.88,1.88,1.88,2.78,3.23,3.23,2.78,1.65,1.65,1.65,1.65
N_5_35,N_7_34,0.5621093315461401,0.92,0.92,0.92,0.92,0.92,0.92,1.53,1.53,1.8,1.8,1.12,1.12,1.12,1.12,1.12,1.12,1.66,1.93,1.93,1.66,0.99,0.99,0.99,0.99
N_5_35,N_6_35,6.532818703429774,6.66,6.66,6.66,6.66,6.66,6.66,10.19,10.19,11.76,11.76,7.84,7.84,7.84,7.84,7.84,7.84,10.98,12.54,12.54,10.98,7.06,7.06,7.06,7.06
N_5_36,N_5_37,12.015558305392457,6.67,6.67,6.67,6.67,6.67,6.67,8.29,8.29,9.01,9.01,7.21,7.21,7.21,7.21,7.21,7.21,8.65,9.37,9.37,8.65,6.85,6.85,6.85,6.85
N_5_36,N_3_35,3.40679623975144,3.47,3.47,3.47,3.47,3.47,3.47,5.31,5.31,6.13,6.13,4.09,4.09,4.09,4.09,4.09,4.09,5.72,6.54,6.54,5.72,3.68,3.68,3.68,3.68
N_5_36,N_7_35,3.0658026033044905,3.13,3.13,3.13,3.13,3.13,3.13,4.78,4.78,5.52,5.52,3.68,3.68,3.68,3.68,3.68,3.68,5.15,5.89,5.89,5.15,3.31,3.31,3.31,3.31
N_5_36,N_6_38,6.411866570577205,6.54,6.54,6.54,6.54,6.54,6.54,10.0,10.0,11.54,11.54,7.69,7.69,7.69,7.69,7.69,7.69,10.77,12.31,12.31,10.77,6.92,6.92,6.92,6.92
N_5_37,N_5_36,12.015558305392457,6.67,6.67,6.67,6.67,6.67,6.67,8.29,8.29,9.01,9.01,7.21,7.21,7.21,7.21,7.21,7.21,8.65,9.37,9.37,8.65,6.85,6.85,6.85,6.85
N_5_37,N_4_39,5.125586930823259,5.23,5.23,5.23,5.23,5.23,5.23,8.0,8.0,9.23,9.23,6.15,6.15,6.15,6.15,6.15,6.15,8.61,9.84,9.84,8.61,5.54,5.54,5.54,5.54
N_5_37,N_6_36,4.441067990477566,4.53,4.53,4.53,4.53,4.53,4.53,6.93,6.93,7.99,7.99,5.33,5.33,5.33,5.33,5.33,5.33,7.46,8.53,8.53,7.46,4.8,4.8,4.8,4.8
N_5_38,N_3_38,1.2833495868724998,2.1,2.1,2.1,2.1,2.1,2.1,3.49,3.49,4.11,4.11,2.57,2.57,2.57,2.57,2.57,2.57,3.8,4.41,4.41,3.8,2.26,2.26,2.26,2.26
N_5_38,N_3_39,5.877211083728234,5.99,5.99,5.99,5.99,5.99,5.99,9.17,9.17,10.58,10.58,7.05,7.05,7.05,7.05,7.05,7.05,9.87,11.28,11.28,9.87,6.35,6.35,6.35,6.35
N_5_38,N_6_36,1.7857973207673048,2.93,2.93,2.93,2.93,2.93,2.93,4.86,4.86,5.71,5.71,3.57,3.57,3.57,3.57,3.57,3.57,5.29,6.14,6.14,5.29,3.14,3.14,3.14,3.14
N_5_38,N_4_36,5.73182660920693,5.85,5.85,5.85,5.85,5.85,5.85,8.94,8.94,10.32,10.32,6.88,6.88,6.88,6.88,6.88,6.88,9.63,11.01,11.01,9.63,6.19,6.19,6.19,6.19
N_5_39,N_4_38,11.628327800641946,6.45,6.45,6.45,6.45,6.45,6.45,8.02,8.02,8.72,8.72,6.98,6.98,6.98,6.98,6.98,6.98,8.37,9.07,9.07,8.37,6.63,6.63,6.63,6.63
N_5_39,N_7_39,1.754904580296696,2.88,2.88,2.88,2.88,2.88,2.88,4.77,4.77,5.62,5.62,3.51,3.51,3.51,3.51,3.51,3.51,5.19,6.04,6.04,5.19,3.09,3.09,3.09,3.09
N_5_39,N_6_39,11.45833609790076,6.36,6.36,6.36,6.36,6.36,6.36,7.91,7.91,8.59,8.59,6.88,6.88,6.88,6.88,6.88,6.88,8.25,8.94,8.94,8.25,6.53,6.53,6.53,6.53
N_5_39,N_6_38,13.517868042475783,7.5,7.5,7.5,7.5,7.5,7.5,9.33,9.33,10.14,10.14,8.11,8.11,8.11,8.11,8.11,8.11,9.73,10.54,10.54,9.73,7.71,7.71,7.71,7.71
N_5_4,N_4_4,12.586202336538433,6.99,6.99,6.99,6.99,6.99,6.99,8.68,8.68,9.44,9.44,7.55,7.55,7.55,7.55,7.55,7.55,9.06,9.82,9.82,9.06,7.17,7.17,7.17,7.17
N_5_4,N_4_6,0.8153365147062153,1.34,1.34,1.34,1.34,1.34,1.34,2.22,2.22,2.61,2.61,1.63,1.63,1.63,1.63,1.63,1.63,2.41,2.8,2.8,2.41,1.43,1.43,1.43,1.43
N_5_4,N_6_4,13.188250230626057,7.32,7.32,7.32,7.32,7.32,7.32,9.1,9.1,9.89,9.89,7.91,7.91,7.91,7.91,7.91,7.91,9.5,10.29,10.29,9.5,7.52,7.52,7.52,7.52
N_5_4,N_6_3,4.703886122417184,4.8,4.8,4.8,4.8,4.8,4.8,7.34,7.34,8.47,8.47,5.64,5.64,5.64,5.64,5.64,5.64,7.9,9.03,9.03,7.9,5.08,5.08,5.08,5.08
N_5_4,N_4_3,5.281738022171069,5.39,5.39,5.39,5.39,5.39,5.39,8.24,8.24,9.51,9.51,6.34,6.34,6.34,6.34,6.34,6.34,8.87,10.14,10.14,8.87,5.7,5.7,5.7,5.7
N_5_4,N_5_6,9.015438556280781,5.0,5.0,5.0,5.0,5.0,5.0,6.22,6.22,6.76,6.76,5.41,5.41,5.41,5.41,5.41,5.41,6.49,7.03,7.03,6.49,5.14,5.14,5.14,5.14
N_5_5,N_4_6,8.470967111023743,4.7,4.7,4.7,4.7,4.7,4.7,5.84,5.84,6.35,6.35,5.08,5.08,5.08,5.08,5.08,5.08,6.1,6.61,6.61,6.1,4.83,4.83,4.83,4.83
N_5_5,N_5_7,13.37726811864829,7.42,7.42,7.42,7.42,7.42,7.42,9.23,9.23,10.03,10.03,8.03,8.03,8.03,8.03,8.03,8.03,9.63,10.43,10.43,9.63,7.63,7.63,7.63,7.63
N_5_5,N_5_4,1.9899685070093946,3.26,3.26,3.26,3.26,3.26,3.26,5.41,5.41,6.37,6.37,3.98,3.98,3.98,3.98,3.98,3.98,5.89,6.85,6.85,5.89,3.5,3.5,3.5,3.5
N_5_6,N_4_6,12.606094286181534,7.0,7.0,7.0,7.0,7.0,7.0,8.7,8.7,9.45,9.45,7.56,7.56,7.56,7.56,7.56,7.56,9.08,9.83,9.83,9.08,7.19,7.19,7.19,7.19
N_5_6,N_5_8,4.91529521657993,5.01,5.01,5.01,5.01,5.01,5.01,7.67,7.67,8.85,8.85,5.9,5.9,5.9,5.9,5.9,5.9,8.26,9.44,9.44,8.26,5.31,5.31,5.31,5.31
N_5_6,N_7_7,3.636239653131215,3.71,3.71,3.71,3.71,3.71,3.71,5.67,5.67,6.55,6.55,4.36,4.36,4.36,4.36,4.36,4.36,6.11,6.98,6.98,6.11,3.93,3.93,3.93,3.93
N_5_7,N_5_5,13.37726811864829,7.42,7.42,7.42,7.42,7.42,7.42,9.23,9.23,10.03,10.03,8.03,8.03,8.03,8.03,8.03,8.03,9.63,10.43,10.43,9.63,7.63,7.63,7.63,7.63
N_5_7,N_7_8,5.5334282002217225,5.64,5.64,5.64,5.64,5.64,5.64,8.63,8.63,9.96,9.96,6.64,6.64,6.64,6.64,6.64,6.64,9.3,10.62,10.62,9.3,5.98,5.98,5.98,5.98
N_5_8,N_4_6,6.185471134273415,6.31,6.31,6.31,6.31,6.31,6.31,9.65,9.65,11.13,11.13,7.42,7.42,7.42,7.42,7.42,7.42,10.39,11.88,11.88,10.39,6.68,6.68,6.68,6.68
N_5_8,N_4_7,3.6533361022476987,3.73,3.73,3.73,3.73,3.73,3.73,5.7,5.7,6.58,6.58,4.38,4.38,4.38,4.38,4.38,4.38,6.14,7.01,7.01,6.14,3.95,3.95,3.95,3.95
N_5_8,N_5_6,11.097954350866104,6.16,6.16,6.16,6.16,6.16,6.16,7.66,7.66,8.32,8.32,6.66,6.66,6.66,6.66,6.66,6.66,7.99,8.66,8.66,7.99,6.33,6.33,6.33,6.33
N_5_9,N_3_10,5.229280003439049,5.33,5.33,5.33,5.33,5.33,5.33,8.16,8.16,9.41,9.41,6.28,6.28,6.28,6.28,6.28,6.28,8.79,10.04,10.04,8.79,5.65,5.65,5.65,5.65
N_5_9,N_5_7,4.390283524645473,4.48,4.48,4.48,4.48,4.48,4.48,6.85,6.85,7.9,7.9,5.27,5.27,5.27,5.27,5.27,5.27,7.38,8.43,8.43,7.38,4.74,4.74,4.74,4.74
N_6_0,N_5_0,1.3348468043269837,2.19,2.19,2.19,2.19,2.19,2.19,3.63,3.63,4.27,4.27,2.67,2.67,2.67,2.67,2.67,2.67,3.95,4.59,4.59,3.95,2.35,2.35,2.35,2.35
N_6_0,N_6_1,6.125337743110071,6.25,6.25,6.25,6.25,6.25,6.25,9.56,9.56,11.03,11.03,7.35,7.35,7.35,7.35,7.35,7.35,10.29,11.76,11.76,10.29,6.62,6.62,6.62,6.62
N_6_0,N_8_0,5.704124642668418,5.82,5.82,5.82,5.82,5.82,5.82,8.9,8.9,10.27,10.27,6.84,6.84,6.84,6.84,6.84,6.84,9.58,10.95,10.95,9.58,6.16,6.16,6.16,6.16
N_6_1,N_4_1,1.1028191277181352,1.81,1.81,1.81,1.81,1.81,1.81,3.0,3.0,3.53,3.53,2.21,2.21,2.21,2.21,2.21,2.21,3.26,3.79,3.79,3.26,1.94,1.94,1.94,1.94
N_6_1,N_5_0,14.208294710088193,7.89,7.89,7.89,7.89,7.89,7.89,9.8,9.8,10.66,10.66,8.52,8.52,8.52,8.52,8.52,8.52,10.23,11.08,11.08,10.23,8.1,8.1,8.1,8.1
N_6_1,N_5_2,11.685075619926295,6.49,6.49,6.49,6.49,6.49,6.49,8.06,8.06,8.76,8.76,7.01,7.01,7.01,7.01,7.01,7.01,8.41,9.11,9.11,8.41,6.66,6.66,6.66,6.66
N_6_10,N_5_12,3.29450739650241,3.36,3.36,3.36,3.36,3.36,3.36,5.14,5.14,5.93,5.93,3.95,3.95,3.95,3.95,3.95,3.95,5.53,6.33,6.33,5.53,3.56,3.56,3.56,3.56
N_6_10,N_4_11,10.706908287492807,5.94,5.94,5.94,5.94,5.94,5.94,7.39,7.39,8.03,8.03,6.42,6.42,6.42,6.42,6.42,6.42,7.71,8.35,8.35,7.71,6.1,6.1,6.1,6.1
N_6_10,N_6_9,1.2993361179992708,2.13,2.13,2.13,2.13,2.13,2.13,3.53,3.53,4.16,4.16,2.6,2.6,2.6,2.6,2.6,2.6,3.85,4.47,4.47,3.85,2.29,2.29,2.29,2.29
N_6_10,N_6_11,14.87675415978487,8.26,8.26,8.26,8.26,8.26,8.26,10.26,10.26,11.16,11.16,8.93,8.93,8.93,8.93,8.93,8.93,10.71,11.6,11.6,10.71,8.48,8.48,8.48,8.48
N_6_11,N_4_11,0.5240406476902513,0.86,0.86,0.86,0.86,0.86,0.86,1.43,1.43,1.68,1.68,1.05,1.05,1.05,1.05,1.05,1.05,1.55,1.8,1.8,1.55,0.92,0.92,0.92,0.92
N_6_11,N_5_10,1.3493498290019947,2.21,2.21,2.21,2.21,2.21,2.21,3.67,3.67,4.32,4.32,2.7,2.7,2.7,2.7,2.7,2.7,3.99,4.64,4.64,3.99,2.37,2.37,2.37,2.37
N_6_11,N_5_12,9.473918171709256,5.26,5.26,5.26,5.26,5.26,5.26,6.54,6.54,7.11,7.11,5.68,5.68,5.68,5.68,5.68,5.68,6.82,7.39,7.39,6.82,5.4,5.4,5.4,5.4
N_6_11,N_6_10,14.87675415978487,8.26,8.26,8.26,8.26,8.26,8.26,10.26,10.26,11.16,11.16,8.93,8.93,8.93,8.93,8.93,8.93,10.71,11.6,11.6,10.71,8.48,8.48,8.48,8.48
N_6_12,N_4_11,4.015313255937549,4.1,4.1,4.1,4.1,4.1,4.1,6.26,6.26,7.23,7.23,4.82,4.82,4.82,4.82,4.82,4.82,6.75,7.71,7.71,6.75,4.34,4.34,4.34,4.34
N_6_12,N_5_10,4.079413567165238,4.16,4.16,4.16,4.16,4.16,4.16,6.36,6.36,7.34,7.34,4.9,4.9,4.9,4.9,4.9,4.9,6.85,7.83,7.83,6.85,4.41,4.41,4.41,4.41
N_6_12,N_7_13,12.263922592136542,6.81,6.81,6.81,6.81,6.81,6.81,8.46,8.46,9.2,9.2,7.36,7.36,7.36,7.36,7.36,7.36,8.83,9.57,9.57,8.83,6.99,6.99,6.99,6.99
N_6_12,N_5_13,10.927360314594761,6.06,6.06,6.06,6.06,6.06,6.06,7.54,7.54,8.2,8.2,6.56,6.56,6.56,6.56,6.56,6.56,7.87,8.52,8.52,7.87,6.23,6.23,6.23,6.23
N_6_13,N_6_11,3.217360989195278,3.28,3.28,3.28,3.28,3.28,3.28,5.02,5.02,5.79,5.79,3.86,3.86,3.86,3.86,3.86,3.86,5.41,6.18,6.18,5.41,3.47,3.47,3.47,3.47
N_6_13,N_5_15,5.265856755763423,5.37,5.37,5.37,5.37,5.37,5.37,8.21,8.21,9.48,9.48,6.32,6.32,6.32,6.32,6.32,6.32,8.85,10.11,10.11,8.85,5.69,5.69,5.69,5.69
N_6_13,N_5_14,3.377609229787965,3.45,3.45,3.45,3.45,3.45,3.45,5.27,5.27,6.08,6.08,4.05,4.05,4.05,4.05,4.05,4.05,5.67,6.49,6.49,5.67,3.65,3.65,3.65,3.65
N_6_13,N_6_15,8.489189363299895,4.71,4.71,4.71,4.71,4.71,4.71,5.86,5.86,6.37,6.37,5.09,5.09,5.09,5.09,5.09,5.09,6.11,6.62,6.62,6.11,4.84,4.84,4.84,4.84
N_6_14,N_7_14,5.503920593388417,5.61,5.61,5.61,5.61,5.61,5.61,8.59,8.59,9.91,9.91,6.6,6.6,6.6,6.6,6.6,6.6,9.25,10.57,10.57,9.25,5.94,5.94,5.94,5.94
N_6_14,N_5_12,10.20644614744073,5.66,5.66,5.66,5.66,5.66,5.66,7.04,7.04,7.65,7.65,6.12,6.12,6.12,6.12,6.12,6.12,7.35,7.96,7.96,7.35,5.82,5.82,5.82,5.82
N_6_14,N_5_14,6.2165965075139935,6.34,6.34,6.34,6.34,6.34,6.34,9.7,9.7,11.19,11.19,7.46,7.46,7.46,7.46,7.46,7.46,10.44,11.94,11.94,10.44,6.71,6.71,6.71,6.71
N_6_15,N_5_17,1.102003877209879,1.81,1.81,1.81,1.81,1.81,1.81,3.0,3.0,3.53,3.53,2.2,2.2,2.2,2.2,2.2,2.2,3.26,3.79,3.79,3.26,1.94,1.94,1.94,1.94
N_6_15,N_8_16,8.29848461255363,4.61,4.61,4.61,4.61,4.61,4.61,5.73,5.73,6.22,6.22,4.98,4.98,4.98,4.98,4.98,4.98,5.97,6.47,6.47,5.97,4.73,4.73,4.73,4.73
N_6_15,N_8_14,12.982155931660738,7.21,7.21,7.21,7.21,7.21,7.21,8.96,8.96,9.74,9.74,7.79,7.79,7.79,7.79,7.79,7.79,9.35,10.13,10.13,9.35,7.4,7.4,7.4,7.4
N_6_15,N_7_13,3.565446985198756,3.64,3.64,3.64,3.64,3.64,3.64,5.56,5.56,6.42,6.42,4.28,4.28,4.28,4.28,4.28,4.28,5.99,6.85,6.85,5.99,3.85,3.85,3.85,3.85
N_6_15,N_5_14,12.496987805397584,6.94,6.94,6.94,6.94,6.94,6.94,8.62,8.62,9.37,9.37,7.5,7.5,7.5,7.5,7.5,7.5,9.0,9.75,9.75,9.0,7.12,7.12,7.12,7.12
N_6_15,N_7_14,0.9359648893153629,1.53,1.53,1.53,1.53,1.53,1.53,2.55,2.55,3.0,3.0,1.87,1.87,1.87,1.87,1.87,1.87,2.77,3.22,3.22,2.77,1.65,1.65,1.65,1.65
N_6_15,N_6_13,1.0555974632537912,1.73,1.73,1.73,1.73,1.73,1.73,2.87,2.87,3.38,3.38,2.11,2.11,2.11,2.11,2.11,2.11,3.12,3.63,3.63,3.12,1.86,1.86,1.86,1.86
N_6_16,N_4_15,4.212188060018004,4.3,4.3,4.3,4.3,4.3,4.3,6.57,6.57,7.58,7.58,5.05,5.05,5.05,5.05,5.05,5.05,7.08,8.09,8.09,7.08,4.55,4.55,4.55,4.55
N_6_16,N_5_18,5.155559868152675,5.26,5.26,5.26,5.26,5.26,5.26,8.04,8.04,9.28,9.28,6.19,6.19,6.19,6.19,6.19,6.19,8.66,9.9,9.9,8.66,5.57,5.57,5.57,5.57
N_6_16,N_7_15,4.398104760949455,4.49,4.49,4.49,4.49,4.49,4.49,6.86,6.86,7.92,7.92,5.28,5.28,5.28,5.28,5.28,5.28,7.39,8.44,8.44,7.39,4.75,4.75,4.75,4.75
N_6_16,N_4_17,5.594074765129026,5.71,5.71,5.71,5.71,5.71,5.71,8.73,8.73,10.07,10.07,6.71,6.71,6.71,6.71,6.71,6.71,9.4,10.74,10.74,9.4,6.04,6.04,6.04,6.04
N_6_17,N_4_17,2.246853480281655,3.68,3.68,3.68,3.68,3.68,3.68,6.11,6.11,7.19,7.19,4.49,4.49,4.49,4.49,4.49,4.49,6.65,7.73,7.73,6.65,3.95,3.95,3.95,3.95
N_6_17,N_6_18,0.9347977995405949,1.53,1.53,1.53,1.53,1.53,1.53,2.54,2.54,2.99,2.99,1.87,1.87,1.87,1.87,1.87,1.87,2.77,3.22,3.22,2.77,1.65,1.65,1.65,1.65
N_6_17,N_7_18,9.32030157468606,5.17,5.17,5.17,5.17,5.17,5.17,6.43,6.43,6.99,6.99,5.59,5.59,5.59,5.59,5.59,5.59,6.71,7.27,7.27,6.71,5.31,5.31,5.31,5.31
N_6_17,N_5_16,3.465927637105723,3.54,3.54,3.54,3.54,3.54,3.54,5.41,5.41,6.24,6.24,4.16,4.16,4.16,4.16,4.16,4.16,5.82,6.65,6.65,5.82,3.74,3.74,3.74,3.74
N_6_18,N_6_17,0.9347977995405949,1.53,1.53,1.53,1.53,1.53,1.53,2.54,2.54,2.99,2.99,1.87,1.87,1.87,1.87,1.87,1.87,2.77,3.22,3.22,2.77,1.65,1.65,1.65,1.65
N_6_18,N_4_17,5.332621456280515,5.44,5.44,5.44,5.44,5.44,5.44,8.32,8.32,9.6,9.6,6.4,6.4,6.4,6.4,6.4,6.4,8.96,10.24,10.24,8.96,5.76,5.76,5.76,5.76
N_6_18,N_5_20,1.8424198077530223,3.02,3.02,3.02,3.02,3.02,3.02,5.01,5.01,5.9,5.9,3.68,3.68,3.68,3.68,3.68,3.68,5.45,6.34,6.34,5.45,3.24,3.24,3.24,3.24
N_6_19,N_6_18,3.0581524633125654,3.12,3.12,3.12,3.12,3.12,3.12,4.77,4.77,5.5,5.5,3.67,3.67,3.67,3.67,3.67,3.67,5.14,5.87,5.87,5.14,3.3,3.3,3.3,3.3
N_6_19,N_7_20,1.943595568846094,3.19,3.19,3.19,3.19,3.19,3.19,5.29,5.29,6.22,6.22,3.89,3.89,3.89,3.89,3.89,3.89,5.75,6.69,6.69,5.75,3.42,3.42,3.42,3.42
N_6_2,N_5_0,3.5061301504767886,3.58,3.58,3.58,3.58,3.58,3.58,5.47,5.47,6.31,6.31,4.21,4.21,4.21,4.21,4.21,4.21,5.89,6.73,6.73,5.89,3.79,3.79,3.79,3.79
N_6_2,N_4_2,10.599558865373083,5.88,5.88,5.88,5.88,5.88,5.88,7.31,7.31,7.95,7.95,6.36,6.36,6.36,6.36,6.36,6.36,7.63,8.27,8.27,7.63,6.04,6.04,6.04,6.04
N_6_2,N_7_0,3.143331830390558,3.21,3.21,3.21,3.21,3.21,3.21,4.9,4.9,5.66,5.66,3.77,3.77,3.77,3.77,3.77,3.77,5.28,6.04,6.04,5.28,3.39,3.39,3.39,3.39
N_6_20,N_4_20,4.63175313820092,4.72,4.72,4.72,4.72,4.72,4.72,7.23,7.23,8.34,8.34,5.56,5.56,5.56,5.56,5.56,5.56,7.78,8.89,8.89,7.78,5.0,5.0,5.0,5.0
N_6_20,N_6_22,13.827475662674416,7.67,7.67,7.67,7.67,7.67,7.67,9.54,9.54,10.37,10.37,8.3,8.3,8.3,8.3,8.3,8.3,9.96,10.79,10.79,9.96,7.88,7.88,7.88,7.88
N_6_20,N_6_21,1.146313575838235,1.88,1.88,1.88,1.88,1.88,1.88,3.12,3.12,3.67,3.67,2.29,2.29,2.29,2.29,2.29,2.29,3.39,3.94,3.94,3.39,2.02,2.02,2.02,2.02
N_6_21,N_5_21,6.9008686741603835,7.04,7.04,7.04,7.04,7.04,7.04,10.77,10.77,12.42,12.42,8.28,8.28,8.28,8.28,8.28,8.28,11.59,13.25,13.25,11.59,7.45,7.45,7.45,7.45
N_6_21,N_6_20,1.146313575838235,1.88,1.88,1.88,1.88,1.88,1.88,3.12,3.12,3.67,3.67,2.29,2.29,2.29,2.29,2.29,2.29,3.39,3.94,3.94,3.39,2.02,2.02,2.02,2.02
N_6_21,N_8_20,6.265439652062057,6.39,6.39,6.39,6.39,6.39,6.39,9.77,9.77,11.28,11.28,7.52,7.52,7.52,7.52,7.52,7.52,10.53,12.03,12.03,10.53,6.77,6.77,6.77,6.77
N_6_21,N_7_23,12.093053038066397,6.71,6.71,6.71,6.71,6.71,6.71,8.34,8.34,9.07,9.07,7.26,7.26,7.26,7.26,7.26,7.26,8.71,9.43,9.43,8.71,6.89,6.89,6.89,6.89
N_6_21,N_6_22,1.1039103781413333,1.81,1.81,1.81,1.81,1.81,1.81,3.0,3.0,3.53,3.53,2.21,2.21,2.21,2.21,2.21,2.21,3.27,3.8,3.8,3.27,1.94,1.94,1.94,1.94
N_6_21,N_5_23,3.9904075644162313,4.07,4.07,4.07,4.07,4.07,4.07,6.23,6.23,7.18,7.18,4.79,4.79,4.79,4.79,4.79,4.79,6.7,7.66,7.66,6.7,4.31,4.31,4.31,4.31
N_6_21,N_6_19,4.92481501348872,5.02,5.02,5.02,5.02,5.02,5.02,7.68,7.68,8.86,8.86,5.91,5.91,5.91,5.91,5.91,5.91,8.27,9.46,9.46,8.27,5.32,5.32,5.32,5.32
N_6_22,N_6_20,13.827475662674416,7.67,7.67,7.67,7.67,7.67,7.67,9.54,9.54,10.37,10.37,8.3,8.3,8.3,8.3,8.3,8.3,9.96,10.79,10.79,9.96,7.88,7.88,7.88,7.88
N_6_22,N_6_21,1.1039103781413333,1.81,1.81,1.81,1.81,1.81,1.81,3.0,3.0,3.53,3.53,2.21,2.21,2.21,2.21,2.21,2.21,3.27,3.8,3.8,3.27,1.94,1.94,1.94,1.94
N_6_22,N_4_22,13.057123037456568,7.25,7.25,7.25,7.25,7.25,7.25,9.01,9.01,9.79,9.79,7.83,7.83,7.83,7.83,7.83,7.83,9.4,10.18,10.18,9.4,7.44,7.44,7.44,7.44
N_6_22,N_7_22,4.763486959329407,4.86,4.86,4.86,4.86,4.86,4.86,7.43,7.43,8.57,8.57,5.72,5.72,5.72,5.72,5.72,5.72,8.0,9.15,9.15,8.0,5.14,5.14,5.14,5.14
N_6_23,N_5_24,1.3502987465085368,2.21,2.21,2.21,2.21,2.21,2.21,3.67,3.67,4.32,4.32,2.7,2.7,2.7,2.7,2.7,2.7,4.0,4.65,4.65,4.0,2.38,2.38,2.38,2.38
N_6_23,N_7_25,12.657956785696907,7.03,7.03,7.03,7.03,7.03,7.03,8.73,8.73,9.49,9.49,7.59,7.59,7.59,7.59,7.59,7.59,9.11,9.87,9.87,9.11,7.22,7.22,7.22,7.22
N_6_24,N_5_22,6.684238454994507,6.82,6.82,6.82,6.82,6.82,6.82,10.43,10.43,12.03,12.03,8.02,8.02,8.02,8.02,8.02,8.02,11.23,12.83,12.83,11.23,7.22,7.22,7.22,7.22
N_6_24,N_8_25,5.4792426783578065,5.59,5.59,5.59,5.59,5.59,5.59,8.55,8.55,9.86,9.86,6.58,6.58,6.58,6.58,6.58,6.58,9.21,10.52,10.52,9.21,5.92,5.92,5.92,5.92
N_6_24,N_5_26,2.141739767234416,3.51,3.51,3.51,3.51,3.51,3.51,5.83,5.83,6.85,6.85,4.28,4.28,4.28,4.28,4.28,4.28,6.34,7.37,7.37,6.34,3.77,3.77,3.77,3.77
N_6_25,N_7_23,6.278615382683489,6.4,6.4,6.4,6.4,6.4,6.4,9.79,9.79,11.3,11.3,7.53,7.53,7.53,7.53,7.53,7.53,10.55,12.05,12.05,10.55,6.78,6.78,6.78,6.78
N_6_25,N_8_26,8.63285817080434,4.79,4.79,4.79,4.79,4.79,4.79,5.96,5.96,6.47,6.47,5.18,5.18,5.18,5.18,5.18,5.18,6.22,6.73,6.73,6.22,4.92,4.92,4.92,4.92
N_6_25,N_5_27,5.969582214095624,6.09,6.09,6.09,6.09,6.09,6.09,9.31,9.31,10.75,10.75,7.16,7.16,7.16,7.16,7.16,7.16,10.03,11.46,11.46,10.03,6.45,6.45,6.45,6.45
N_6_25,N_8_25,5.639917998786245,5.75,5.75,5.75,5.75,5.75,5.75,8.8,8.8,10.15,10.15,6.77,6.77,6.77,6.77,6.77,6.77,9.48,10.83,10.83,9.48,6.09,6.09,6.09,6.09
N_6_25,N_4_26,8.295045503738566,4.6,4.6,4.6,4.6,4.6,4.6,5.72,5.72,6.22,6.22,4.98,4.98,4.98,4.98,4.98,4.98,5.97,6.47,6.47,5.97,4.73,4.73,4.73,4.73
N_6_26,N_4_27,0.8379825404006804,1.37,1.37,1.37,1.37,1.37,1.37,2.28,2.28,2.68,2.68,1.68,1.68,1.68,1.68,1.68,1.68,2.48,2.88,2.88,2.48,1.47,1.47,1.47,1.47
N_6_26,N_8_25,9.888406471898769,5.49,5.49,5.49,5.49,5.49,5.49,6.82,6.82,7.42,7.42,5.93,5.93,5.93,5.93,5.93,5.93,7.12,7.71,7.71,7.12,5.64,5.64,5.64,5.64
N_6_26,N_5_25,9.472426319300519,5.26,5.26,5.26,5.26,5.26,5.26,6.54,6.54,7.1,7.1,5.68,5.68,5.68,5.68,5.68,5.68,6.82,7.39,7.39,6.82,5.4,5.4,5.4,5.4
N_6_26,N_5_26,5.558142023336382,5.67,5.67,5.67,5.67,5.67,5.67,8.67,8.67,10.0,10.0,6.67,6.67,6.67,6.67,6.67,6.67,9.34,10.67,10.67,9.34,6.0,6.0,6.0,6.0
N_6_26,N_8_27,0.934125757214266,1.53,1.53,1.53,1.53,1.53,1.53,2.54,2.54,2.99,2.99,1.87,1.87,1.87,1.87,1.87,1.87,2.77,3.21,3.21,2.77,1.64,1.64,1.64,1.64
N_6_27,N_5_28,14.576296279360147,8.09,8.09,8.09,8.09,8.09,8.09,10.06,10.06,10.93,10.93,8.75,8.75,8.75,8.75,8.75,8.75,10.49,11.37,11.37,10.49,8.31,8.31,8.31,8.31
N_6_27,N_8_26,4.633067140516141,4.73,4.73,4.73,4.73,4.73,4.73,7.23,7.23,8.34,8.34,5.56,5.56,5.56,5.56,5.56,5.56,7.78,8.9,8.9,7.78,5.0,5.0,5.0,5.0
N_6_27,N_6_26,5.870556197512718,5.99,5.99,5.99,5.99,5.99,5.99,9.16,9.16,10.57,10.57,7.04,7.04,7.04,7.04,7.04,7.04,9.86,11.27,11.27,9.86,6.34,6.34,6.34,6.34
N_6_28,N_5_26,1.8821329820941162,3.09,3.09,3.09,3.09,3.09,3.09,5.12,5.12,6.02,6.02,3.76,3.76,3.76,3.76,3.76,3.76,5.57,6.47,6.47,5.57,3.31,3.31,3.31,3.31
N_6_28,N_5_30,12.428001926376137,6.9,6.9,6.9,6.9,6.9,6.9,8.58,8.58,9.32,9.32,7.46,7.46,7.46,7.46,7.46,7.46,8.95,9.69,9.69,8.95,7.08,7.08,7.08,7.08
N_6_28,N_7_26,5.924886615346846,6.04,6.04,6.04,6.04,6.04,6.04,9.24,9.24,10.66,10.66,7.11,7.11,7.11,7.11,7.11,7.11,9.95,11.38,11.38,9.95,6.4,6.4,6.4,6.4
N_6_28,N_8_29,6.477565912897464,6.61,6.61,6.61,6.61,6.61,6.61,10.11,10.11,11.66,11.66,7.77,7.77,7.77,7.77,7.77,7.77,10.88,12.44,12.44,10.88,7.0,7.0,7.0,7.0
N_6_29,N_4_28,0.7634234092299506,1.25,1.25,1.25,1.25,1.25,1.25,2.08,2.08,2.44,2.44,1.53,1.53,1.53,1.53,1.53,1.53,2.26,2.63,2.63,2.26,1.34,1.34,1.34,1.34
N_6_29,N_7_31,6.765383395092957,6.9,6.9,6.9,6.9,6.9,6.9,10.55,10.55,12.18,12.18,8.12,8.12,8.12,8.12,8.12,8.12,11.37,12.99,12.99,11.37,7.31,7.31,7.31,7.31
N_6_29,N_8_30,6.65883343403234,6.79,6.79,6.79,6.79,6.79,6.79,10.39,10.39,11.99,11.99,7.99,7.99,7.99,7.99,7.99,7.99,11.19,12.78,12.78,11.19,7.19,7.19,7.19,7.19
N_6_29,N_8_28,0.9951574530350153,1.63,1.63,1.63,1.63,1.63,1.63,2.71,2.71,3.18,3.18,1.99,1.99,1.99,1.99,1.99,1.99,2.95,3.42,3.42,2.95,1.75,1.75,1.75,1.75
N_6_3,N_4_2,3.3688999707619542,3.44,3.44,3.44,3.44,3.44,3.44,5.26,5.26,6.06,6.06,4.04,4.04,4.04,4.04,4.04,4.04,5.66,6.47,6.47,5.66,3.64,3.64,3.64,3.64
N_6_3,N_5_1,3.864555708567599,3.94,3.94,3.94,3.94,3.94,3.94,6.03,6.03,6.96,6.96,4.64,4.64,4.64,4.64,4.64,4.64,6.49,7.42,7.42,6.49,4.17,4.17,4.17,4.17
N_6_30,N_8_31,0.6223757120701925,1.02,1.02,1.02,1.02,1.02,1.02,1.69,1.69,1.99,1.99,1.24,1.24,1.24,1.24,1.24,1.24,1.84,2.14,2.14,1.84,1.1,1.1,1.1,1.1
N_6_30,N_5_31,6.071780440524394,6.19,6.19,6.19,6.19,6.19,6.19,9.47,9.47,10.93,10.93,7.29,7.29,7.29,7.29,7.29,7.29,10.2,11.66,11.66,10.2,6.56,6.56,6.56,6.56
N_6_30,N_8_30,0.6247402272246827,1.02,1.02,1.02,1.02,1.02,1.02,1.7,1.7,2.0,2.0,1.25,1.25,1.25,1.25,1.25,1.25,1.85,2.15,2.15,1.85,1.1,1.1,1.1,1.1
N_6_30,N_5_29,11.345240440721549,6.3,6.3,6.3,6.3,6.3,6.3,7.83,7.83,8.51,8.51,6.81,6.81,6.81,6.81,6.81,6.81,8.17,8.85,8.85,8.17,6.47,6.47,6.47,6.47
N_6_31,N_4_30,5.147317569140073,5.25,5.25,5.25,5.25,5.25,5.25,8.03,8.03,9.27,9.27,6.18,6.18,6.18,6.18,6.18,6.18,8.65,9.88,9.88,8.65,5.56,5.56,5.56,5.56
N_6_31,N_8_30,4.928809847887436,5.03,5.03,5.03,5.03,5.03,5.03,7.69,7.69,8.87,8.87,5.91,5.91,5.91,5.91,5.91,5.91,8.28,9.46,9.46,8.28,5.32,5.32,5.32,5.32
N_6_31,N_6_32,13.025575010784484,7.23,7.23,7.23,7.23,7.23,7.23,8.99,8.99,9.77,9.77,7.82,7.82,7.82,7.82,7.82,7.82,9.38,10.16,10.16,9.38,7.42,7.42,7.42,7.42
N_6_31,N_5_29,4.450962259701738,4.54,4.54,4.54,4.54,4.54,4.54,6.94,6.94,8.01,8.01,5.34,5.34,5.34,5.34,5.34,5.34,7.48,8.55,8.55,7.48,4.81,4.81,4.81,4.81
N_6_31,N_6_30,14.028366878387606,7.79,7.79,7.79,7.79,7.79,7.79,9.68,9.68,10.52,10.52,8.42,8.42,8.42,8.42,8.42,8.42,10.1,10.94,10.94,10.1,8.0,8.0,8.0,8.0
N_6_32,N_4_31,6.596593823893519,6.73,6.73,6.73,6.73,6.73,6.73,10.29,10.29,11.87,11.87,7.92,7.92,7.92,7.92,7.92,7.92,11.08,12.67,12.67,11.08,7.12,7.12,7.12,7.12
N_6_32,N_5_31,3.02492258844177,3.09,3.09,3.09,3.09,3.09,3.09,4.72,4.72,5.44,5.44,3.63,3.63,3.63,3.63,3.63,3.63,5.08,5.81,5.81,5.08,3.27,3.27,3.27,3.27
N_6_32,N_6_31,13.025575010784484,7.23,7.23,7.23,7.23,7.23,7.23,8.99,8.99,9.77,9.77,7.82,7.82,7.82,7.82,7.82,7.82,9.38,10.16,10.16,9.38,7.42,7.42,7.42,7.42
N_6_32,N_7_30,6.3503342483431755,6.48,6.48,6.48,6.48,6.48,6.48,9.91,9.91,11.43,11.43,7.62,7.62,7.62,7.62,7.62,7.62,10.67,12.19,12.19,10.67,6.86,6.86,6.86,6.86
N_6_33,N_6_32,6.4425177367411015,6.57,6.57,6.57,6.57,6.57,6.57,10.05,10.05,11.6,11.6,7.73,7.73,7.73,7.73,7.73,7.73,10.82,12.37,12.37,10.82,6.96,6.96,6.96,6.96
N_6_33,N_6_31,10.517049608497105,5.84,5.84,5.84,5.84,5.84,5.84,7.26,7.26,7.89,7.89,6.31,6.31,6.31,6.31,6.31,6.31,7.57,8.2,8.2,7.57,5.99,5.99,5.99,5.99
N_6_34,N_8_34,11.84412440465486,6.57,6.57,6.57,6.57,6.57,6.57,8.17,8.17,8.88,8.88,7.11,7.11,7.11,7.11,7.11,7.11,8.53,9.24,9.24,8.53,6.75,6.75,6.75,6.75
N_6_34,N_6_33,3.4407791787994624,3.51,3.51,3.51,3.51,3.51,3.51,5.37,5.37,6.19,6.19,4.13,4.13,4.13,4.13,4.13,4.13,5.78,6.61,6.61,5.78,3.72,3.72,3.72,3.72
N_6_34,N_4_33,12.93297993912969,7.18,7.18,7.18,7.18,7.18,7.18,8.92,8.92,9.7,9.7,7.76,7.76,7.76,7.76,7.76,7.76,9.31,10.09,10.09,9.31,7.37,7.37,7.37,7.37
N_6_34,N_7_35,4.881988809165714,4.98,4.98,4.98,4.98,4.98,4.98,7.62,7.62,8.79,8.79,5.86,5.86,5.86,5.86,5.86,5.86,8.2,9.37,9.37,8.2,5.27,5.27,5.27,5.27
N_6_35,N_7_34,3.787820435819489,3.86,3.86,3.86,3.86,3.86,3.86,5.91,5.91,6.82,6.82,4.55,4.55,4.55,4.55,4.55,4.55,6.36,7.27,7.27,6.36,4.09,4.09,4.09,4.09
N_6_35,N_5_37,4.741172063500101,4.84,4.84,4.84,4.84,4.84,4.84,7.4,7.4,8.53,8.53,5.69,5.69,5.69,5.69,5.69,5.69,7.97,9.1,9.1,7.97,5.12,5.12,5.12,5.12
N_6_35,N_6_33,1.5983513399553748,2.62,2.62,2.62,2.62,2.62,2.62,4.35,4.35,5.11,5.11,3.2,3.2,3.2,3.2,3.2,3.2,4.73,5.5,5.5,4.73,2.81,2.81,2.81,2.81
N_6_35,N_4_36,4.190503082596425,4.27,4.27,4.27,4.27,4.27,4.27,6.54,6.54,7.54,7.54,5.03,5.03,5.03,5.03,5.03,5.03,7.04,8.05,8.05,7.04,4.53,4.53,4.53,4.53
N_6_35,N_5_35,4.420261633584363,4.51,4.51,4.51,4.51,4.51,4.51,6.9,6.9,7.96,7.96,5.3,5.3,5.3,5.3,5.3,5.3,7.43,8.49,8.49,7.43,4.77,4.77,4.77,4.77
N_6_35,N_7_35,6.586004689804965,6.72,6.72,6.72,6.72,6.72,6.72,10.27,10.27,11.85,11.85,7.9,7.9,7.9,7.9,7.9,7.9,11.06,12.65,12.65,11.06,7.11,7.11,7.11,7.11
N_6_36,N_5_38,1.7857973207673048,2.93,2.93,2.93,2.93,2.93,2.93,4.86,4.86,5.71,5.71,3.57,3.57,3.57,3.57,3.57,3.57,5.29,6.14,6.14,5.29,3.14,3.14,3.14,3.14
N_6_36,N_8_36,1.2651878091534392,2.07,2.07,2.07,2.07,2.07,2.07,3.44,3.44,4.05,4.05,2.53,2.53,2.53,2.53,2.53,2.53,3.74,4.35,4.35,3.74,2.23,2.23,2.23,2.23
N_6_37,N_4_38,3.7184522258589037,3.79,3.79,3.79,3.79,3.79,3.79,5.8,5.8,6.69,6.69,4.46,4.46,4.46,4.46,4.46,4.46,6.25,7.14,7.14,6.25,4.02,4.02,4.02,4.02
N_6_37,N_7_38,3.6166773951436757,3.69,3.69,3.69,3.69,3.69,3.69,5.64,5.64,6.51,6.51,4.34,4.34,4.34,4.34,4.34,4.34,6.08,6.94,6.94,6.08,3.91,3.91,3.91,3.91
N_6_38,N_5_36,6.411866570577205,6.54,6.54,6.54,6.54,6.54,6.54,10.0,10.0,11.54,11.54,7.69,7.69,7.69,7.69,7.69,7.69,10.77,12.31,12.31,10.77,6.92,6.92,6.92,6.92
N_6_38,N_5_39,13.517868042475783,7.5,7.5,7.5,7.5,7.5,7.5,9.33,9.33,10.14,10.14,8.11,8.11,8.11,8.11,8.11,8.11,9.73,10.54,10.54,9.73,7.71,7.71,7.71,7.71
N_6_38,N_6_36,3.6411652082704147,3.71,3.71,3.71,3.71,3.71,3.71,5.68,5.68,6.55,6.55,4.37,4.37,4.37,4.37,4.37,4.37,6.12,6.99,6.99,6.12,3.93,3.93,3.93,3.93
N_6_38,N_4_39,10.679825551901393,5.93,5.93,5.93,5.93,5.93,5.93,7.37,7.37,8.01,8.01,6.41,6.41,6.41,6.41,6.41,6.41,7.69,8.33,8.33,7.69,6.09,6.09,6.09,6.09
N_6_39,N_5_39,11.45833609790076,6.36,6.36,6.36,6.36,6.36,6.36,7.91,7.91,8.59,8.59,6.88,6.88,6.88,6.88,6.88,6.88,8.25,8.94,8.94,8.25,6.53,6.53,6.53,6.53
N_6_39,N_8_38,4.758544817758931,4.85,4.85,4.85,4.85,4.85,4.85,7.42,7.42,8.57,8.57,5.71,5.71,5.71,5.71,5.71,5.71,7.99,9.14,9.14,7.99,5.14,5.14,5.14,5.14
N_6_39,N_6_37,10.434115326222141,5.79,5.79,5.79,5.79,5.79,5.79,7.2,7.2,7.83,7.83,6.26,6.26,6.26,6.26,6.26,6.26,7.51,8.14,8.14,7.51,5.95,5.95,5.95,5.95
N_6_4,N_4_4,1.1999814533355768,1.97,1.97,1.97,1.97,1.97,1.97,3.26,3.26,3.84,3.84,2.4,2.4,2.4,2.4,2.4,2.4,3.55,4.13,4.13,3.55,2.11,2.11,2.11,2.11
N_6_4,N_8_3,5.156201168668483,5.26,5.26,5.26,5.26,5.26,5.26,8.04,8.04,9.28,9.28,6.19,6.19,6.19,6.19,6.19,6.19,8.66,9.9,9.9,8.66,5.57,5.57,5.57,5.57
N_6_5,N_4_6,5.592580648375225,5.7,5.7,5.7,5.7,5.7,5.7,8.72,8.72,10.07,10.07,6.71,6.71,6.71,6.71,6.71,6.71,9.4,10.74,10.74,9.4,6.04,6.04,6.04,6.04
N_6_5,N_6_6,6.141768423207765,6.26,6.26,6.26,6.26,6.26,6.26,9.58,9.58,11.06,11.06,7.37,7.37,7.37,7.37,7.37,7.37,10.32,11.79,11.79,10.32,6.63,6.63,6.63,6.63
N_6_5,N_4_5,5.590457895365283,5.7,5.7,5.7,5.7,5.7,5.7,8.72,8.72,10.06,10.06,6.71,6.71,6.71,6.71,6.71,6.71,9.39,10.73,10.73,9.39,6.04,6.04,6.04,6.04
N_6_5,N_8_5,0.5785182720521638,0.95,0.95,0.95,0.95,0.95,0.95,1.57,1.57,1.85,1.85,1.16,1.16,1.16,1.16,1.16,1.16,1.71,1.99,1.99,1.71,1.02,1.02,1.02,1.02
N_6_6,N_6_5,6.141768423207765,6.26,6.26,6.26,6.26,6.26,6.26,9.58,9.58,11.06,11.06,7.37,7.37,7.37,7.37,7.37,7.37,10.32,11.79,11.79,10.32,6.63,6.63,6.63,6.63
N_6_6,N_5_5,4.705147722863707,4.8,4.8,4.8,4.8,4.8,4.8,7.34,7.34,8.47,8.47,5.65,5.65,5.65,5.65,5.65,5.65,7.9,9.03,9.03,7.9,5.08,5.08,5.08,5.08
N_6_7,N_4_8,3.979649929148653,4.06,4.06,4.06,4.06,4.06,4.06,6.21,6.21,7.16,7.16,4.78,4.78,4.78,4.78,4.78,4.78,6.69,7.64,7.64,6.69,4.3,4.3,4.3,4.3
N_6_7,N_8_8,4.841434831595255,4.94,4.94,4.94,4.94,4.94,4.94,7.55,7.55,8.71,8.71,5.81,5.81,5.81,5.81,5.81,5.81,8.13,9.3,9.3,8.13,5.23,5.23,5.23,5.23
N_6_7,N_6_8,5.134179780334522,5.24,5.24,5.24,5.24,5.24,5.24,8.01,8.01,9.24,9.24,6.16,6.16,6.16,6.16,6.16,6.16,8.63,9.86,9.86,8.63,5.54,5.54,5.54,5.54
N_6_7,N_6_9,6.973069803006847,7.11,7.11,7.11,7.11,7.11,7.11,10.88,10.88,12.55,12.55,8.37,8.37,8.37,8.37,8.37,8.37,11.71,13.39,13.39,11.71,7.53,7.53,7.53,7.53
N_6_8,N_4_7,5.224951300046667,5.33,5.33,5.33,5.33,5.33,5.33,8.15,8.15,9.4,9.4,6.27,6.27,6.27,6.27,6.27,6.27,8.78,10.03,10.03,8.78,5.64,5.64,5.64,5.64
N_6_8,N_6_6,3.1735551070812185,3.24,3.24,3.24,3.24,3.24,3.24,4.95,4.95,5.71,5.71,3.81,3.81,3.81,3.81,3.81,3.81,5.33,6.09,6.09,5.33,3.43,3.43,3.43,3.43
N_6_8,N_6_10,2.0717177909980737,3.4,3.4,3.4,3.4,3.4,3.4,5.64,5.64,6.63,6.63,4.14,4.14,4.14,4.14,4.14,4.14,6.13,7.13,7.13,6.13,3.65,3.65,3.65,3.65
N_6_8,N_5_6,14.537030367613525,8.07,8.07,8.07,8.07,8.07,8.07,10.03,10.03,10.9,10.9,8.72,8.72,8.72,8.72,8.72,8.72,10.47,11.34,11.34,10.47,8.29,8.29,8.29,8.29
N_6_8,N_7_9,5.766548922637252,5.88,5.88,5.88,5.88,5.88,5.88,9.0,9.0,10.38,10.38,6.92,6.92,6.92,6.92,6.92,6.92,9.69,11.07,11.07,9.69,6.23,6.23,6.23,6.23
N_6_8,N_5_8,9.166830712164593,5.09,5.09,5.09,5.09,5.09,5.09,6.33,6.33,6.88,6.88,5.5,5.5,5.5,5.5,5.5,5.5,6.6,7.15,7.15,6.6,5.23,5.23,5.23,5.23
N_6_8,N_7_6,4.626250600672421,4.72,4.72,4.72,4.72,4.72,4.72,7.22,7.22,8.33,8.33,5.55,5.55,5.55,5.55,5.55,5.55,7.77,8.88,8.88,7.77,5.0,5.0,5.0,5.0
N_6_9,N_6_7,6.973069803006847,7.11,7.11,7.11,7.11,7.11,7.11,10.88,10.88,12.55,12.55,8.37,8.37,8.37,8.37,8.37,8.37,11.71,13.39,13.39,11.71,7.53,7.53,7.53,7.53
N_6_9,N_7_11,14.528234476660227,8.06,8.06,8.06,8.06,8.06,8.06,10.02,10.02,10.9,10.9,8.72,8.72,8.72,8.72,8.72,8.72,10.46,11.33,11.33,10.46,8.28,8.28,8.28,8.28
N_6_9,N_7_9,5.908591787197292,6.03,6.03,6.03,6.03,6.03,6.03,9.22,9.22,10.64,10.64,7.09,7.09,7.09,7.09,7.09,7.09,9.93,11.34,11.34,9.93,6.38,6.38,6.38,6.38
N_7_0,N_5_1,6.621227405160681,6.75,6.75,6.75,6.75,6.75,6.75,10.33,10.33,11.92,11.92,7.95,7.95,7.95,7.95,7.95,7.95,11.12,12.71,12.71,11.12,7.15,7.15,7.15,7.15
N_7_0,N_6_2,3.143331830390558,3.21,3.21,3.21,3.21,3.21,3.21,4.9,4.9,5.66,5.66,3.77,3.77,3.77,3.77,3.77,3.77,5.28,6.04,6.04,5.28,3.39,3.39,3.39,3.39
N_7_1,N_8_0,3.3946650540865364,3.46,3.46,3.46,3.46,3.46,3.46,5.3,5.3,6.11,6.11,4.07,4.07,4.07,4.07,4.07,4.07,5.7,6.52,6.52,5.7,3.67,3.67,3.67,3.67
N_7_1,N_6_1,4.692357920074164,4.79,4.79,4.79,4.79,4.79,4.79,7.32,7.32,8.45,8.45,5.63,5.63,5.63,5.63,5.63,5.63,7.88,9.01,9.01,7.88,5.07,5.07,5.07,5.07
N_7_1,N_5_0,9.858942288818982,5.47,5.47,5.47,5.47,5.47,5.47,6.8,6.8,7.39,7.39,5.92,5.92,5.92,5.92,5.92,5.92,7.1,7.69,7.69,7.1,5.62,5.62,5.62,5.62
N_7_10,N_9_9,13.928952121669205,7.73,7.73,7.73,7.73,7.73,7.73,9.61,9.61,10.45,10.45,8.36,8.36,8.36,8.36,8.36,8.36,10.03,10.86,10.86,10.03,7.94,7.94,7.94,7.94
N_7_10,N_8_10,4.842246464259372,4.94,4.94,4.94,4.94,4.94,4.94,7.55,7.55,8.72,8.72,5.81,5.81,5.81,5.81,5.81,5.81,8.13,9.3,9.3,8.13,5.23,5.23,5.23,5.23
N_7_10,N_8_9,10.130622971151192,5.62,5.62,5.62,5.62,5.62,5.62,6.99,6.99,7.6,7.6,6.08,6.08,6.08,6.08,6.08,6.08,7.29,7.9,7.9,7.29,5.77,5.77,5.77,5.77
N_7_11,N_6_9,14.528234476660227,8.06,8.06,8.06,8.06,8.06,8.06,10.02,10.02,10.9,10.9,8.72,8.72,8.72,8.72,8.72,8.72,10.46,11.33,11.33,10.46,8.28,8.28,8.28,8.28
N_7_11,N_8_10,4.404184669568142,4.49,4.49,4.49,4.49,4.49,4.49,6.87,6.87,7.93,7.93,5.29,5.29,5.29,5.29,5.29,5.29,7.4,8.46,8.46,7.4,4.76,4.76,4.76,4.76
N_7_11,N_6_10,9.112759182554008,5.06,5.06,5.06,5.06,5.06,5.06,6.29,6.29,6.83,6.83,5.47,5.47,5.47,5.47,5.47,5.47,6.56,7.11,7.11,6.56,5.19,5.19,5.19,5.19
N_7_11,N_6_13,12.057750335000101,6.69,6.69,6.69,6.69,6.69,6.69,8.32,8.32,9.04,9.04,7.23,7.23,7.23,7.23,7.23,7.23,8.68,9.41,9.41,8.68,6.87,6.87,6.87,6.87
N_7_11,N_7_9,13.908730631742483,7.72,7.72,7.72,7.72,7.72,7.72,9.6,9.6,10.43,10.43,8.35,8.35,8.35,8.35,8.35,8.35,10.01,10.85,10.85,10.01,7.93,7.93,7.93,7.93
N_7_12,N_7_10,1.373001664416392,2.25,2.25,2.25,2.25,2.25,2.25,3.73,3.73,4.39,4.39,2.75,2.75,2.75,2.75,2.75,2.75,4.06,4.72,4.72,4.06,2.42,2.42,2.42,2.42
N_7_12,N_8_12,4.31226982413164,4.4,4.4,4.4,4.4,4.4,4.4,6.73,6.73,7.76,7.76,5.17,5.17,5.17,5.17,5.17,5.17,7.24,8.28,8.28,7.24,4.66,4.66,4.66,4.66
N_7_13,N_6_12,12.263922592136542,6.81,6.81,6.81,6.81,6.81,6.81,8.46,8.46,9.2,9.2,7.36,7.36,7.36,7.36,7.36,7.36,8.83,9.57,9.57,8.83,6.99,6.99,6.99,6.99
N_7_13,N_6_15,3.565446985198756,3.64,3.64,3.64,3.64,3.64,3.64,5.56,5.56,6.42,6.42,4.28,4.28,4.28,4.28,4.28,4.28,5.99,6.85,6.85,5.99,3.85,3.85,3.85,3.85
N_7_14,N_6_14,5.503920593388417,5.61,5.61,5.61,5.61,5.61,5.61,8.59,8.59,9.91,9.91,6.6,6.6,6.6,6.6,6.6,6.6,9.25,10.57,10.57,9.25,5.94,5.94,5.94,5.94
N_7_14,N_6_15,0.9359648893153629,1.53,1.53,1.53,1.53,1.53,1.53,2.55,2.55,3.0,3.0,1.87,1.87,1.87,1.87,1.87,1.87,2.77,3.22,3.22,2.77,1.65,1.65,1.65,1.65
N_7_14,N_8_14,2.4124836481636,3.96,3.96,3.96,3.96,3.96,3.96,6.56,6.56,7.72,7.72,4.82,4.82,4.82,4.82,4.82,4.82,7.14,8.3,8.3,7.14,4.25,4.25,4.25,4.25
N_7_14,N_5_15,9.166554604164139,5.09,5.09,5.09,5.09,5.09,5.09,6.32,6.32,6.87,6.87,5.5,5.5,5.5,5.5,5.5,5.5,6.6,7.15,7.15,6.6,5.22,5.22,5.22,5.22
N_7_15,N_5_16,11.897962355145284,6.6,6.6,6.6,6.6,6.6,6.6,8.21,8.21,8.92,8.92,7.14,7.14,7.14,7.14,7.14,7.14,8.57,9.28,9.28,8.57,6.78,6.78,6.78,6.78
N_7_15,N_6_16,4.398104760949455,4.49,4.49,4.49,4.49,4.49,4.49,6.86,6.86,7.92,7.92,5.28,5.28,5.28,5.28,5.28,5.28,7.39,8.44,8.44,7.39,4.75,4.75,4.75,4.75
N_7_15,N_8_15,4.429474270446333,4.52,4.52,4.52,4.52,4.52,4.52,6.91,6.91,7.97,7.97,5.32,5.32,5.32,5.32,5.32,5.32,7.44,8.5,8.5,7.44,4.78,4.78,4.78,4.78
N_7_16,N_5_17,6.613061861934812,6.75,6.75,6.75,6.75,6.75,6.75,10.32,10.32,11.9,11.9,7.94,7.94,7.94,7.94,7.94,7.94,11.11,12.7,12.7,11.11,7.14,7.14,7.14,7.14
N_7_16,N_8_14,0.9963184260265678,1.63,1.63,1.63,1.63,1.63,1.63,2.71,2.71,3.19,3.19,1.99,1.99,1.99,1.99,1.99,1.99,2.95,3.43,3.43,2.95,1.75,1.75,1.75,1.75
N_7_16,N_6_16,6.605162565428275,6.74,6.74,6.74,6.74,6.74,6.74,10.3,10.3,11.89,11.89,7.93,7.93,7.93,7.93,7.93,7.93,11.1,12.68,12.68,11.1,7.13,7.13,7.13,7.13
N_7_16,N_8_16,5.78691899775048,5.9,5.9,5.9,5.9,5.9,5.9,9.03,9.03,10.42,10.42,6.94,6.94,6.94,6.94,6.94,6.94,9.72,11.11,11.11,9.72,6.25,6.25,6.25,6.25
N_7_17,N_7_18,8.388359263878678,4.66,4.66,4.66,4.66,4.66,4.66,5.79,5.79,6.29,6.29,5.03,5.03,5.03,5.03,5.03,5.03,6.04,6.54,6.54,6.04,4.78,4.78,4.78,4.78
N_7_17,N_6_15,1.403427299786644,2.3,2.3,2.3,2.3,2.3,2.3,3.82,3.82,4.49,4.49,2.81,2.81,2.81,2.81,2.81,2.81,4.15,4.83,4.83,4.15,2.47,2.47,2.47,2.47
N_7_18,N_6_17,9.32030157468606,5.17,5.17,5.17,5.17,5.17,5.17,6.43,6.43,6.99,6.99,5.59,5.59,5.59,5.59,5.59,5.59,6.71,7.27,7.27,6.71,5.31,5.31,5.31,5.31
N_7_18,N_7_17,8.388359263878678,4.66,4.66,4.66,4.66,4.66,4.66,5.79,5.79,6.29,6.29,5.03,5.03,5.03,5.03,5.03,5.03,6.04,6.54,6.54,6.04,4.78,4.78,4.78,4.78
N_7_19,N_5_18,10.11087838433505,5.61,5.61,5.61,5.61,5.61,5.61,6.98,6.98,7.58,7.58,6.07,6.07,6.07,6.07,6.07,6.07,7.28,7.89,7.89,7.28,5.76,5.76,5.76,5.76
N_7_19,N_9_18,13.592895382829134,7.54,7.54,7.54,7.54,7.54,7.54,9.38,9.38,10.19,10.19,8.16,8.16,8.16,8.16,8.16,8.16,9.79,10.6,10.6,9.79,7.75,7.75,7.75,7.75
N_7_2,N_5_1,3.079383500737558,3.14,3.14,3.14,3.14,3.14,3.14,4.8,4.8,5.54,5.54,3.7,3.7,3.7,3.7,3.7,3.7,5.17,5.91,5.91,5.17,3.33,3.33,3.33,3.33
N_7_2,N_6_1,4.179662072592283,4.26,4.26,4.26,4.26,4.26,4.26,6.52,6.52,7.52,7.52,5.02,5.02,5.02,5.02,5.02,5.02,7.02,8.02,8.02,7.02,4.51,4.51,4.51,4.51
N_7_20,N_6_19,1.943595568846094,3.19,3.19,3.19,3.19,3.19,3.19,5.29,5.29,6.22,6.22,3.89,3.89,3.89,3.89,3.89,3.89,5.75,6.69,6.69,5.75,3.42,3.42,3.42,3.42
N_7_20,N_8_20,1.0626775942121551,1.74,1.74,1.74,1.74,1.74,1.74,2.89,2.89,3.4,3.4,2.13,2.13,2.13,2.13,2.13,2.13,3.15,3.66,3.66,3.15,1.87,1.87,1.87,1.87
N_7_20,N_7_18,3.8364777215075474,3.91,3.91,3.91,3.91,3.91,3.91,5.98,5.98,6.91,6.91,4.6,4.6,4.6,4.6,4.6,4.6,6.45,7.37,7.37,6.45,4.14,4.14,4.14,4.14
N_7_20,N_9_20,13.991496368215444,7.77,7.77,7.77,7.77,7.77,7.77,9.65,9.65,10.49,10.49,8.39,8.39,8.39,8.39,8.39,8.39,10.07,10.91,10.91,10.07,7.98,7.98,7.98,7.98
N_7_21,N_8_22,3.2936129086958665,3.36,3.36,3.36,3.36,3.36,3.36,5.14,5.14,5.93,5.93,3.95,3.95,3.95,3.95,3.95,3.95,5.53,6.32,6.32,5.53,3.56,3.56,3.56,3.56
N_7_21,N_6_23,9.710640775828987,5.39,5.39,5.39,5.39,5.39,5.39,6.7,6.7,7.28,7.28,5.83,5.83,5.83,5.83,5.83,5.83,6.99,7.57,7.57,6.99,5.54,5.54,5.54,5.54
N_7_21,N_6_19,4.4709038716488925,4.56,4.56,4.56,4.56,4.56,4.56,6.97,6.97,8.05,8.05,5.37,5.37,5.37,5.37,5.37,5.37,7.51,8.58,8.58,7.51,4.83,4.83,4.83,4.83
N_7_22,N_6_22,4.763486959329407,4.86,4.86,4.86,4.86,4.86,4.86,7.43,7.43,8.57,8.57,5.72,5.72,5.72,5.72,5.72,5.72,8.0,9.15,9.15,8.0,5.14,5.14,5.14,5.14
N_7_22,N_5_22,3.714844321682325,3.79,3.79,3.79,3.79,3.79,3.79,5.8,5.8,6.69,6.69,4.46,4.46,4.46,4.46,4.46,4.46,6.24,7.13,7.13,6.24,4.01,4.01,4.01,4.01
N_7_23,N_5_22,4.338714498829324,4.43,4.43,4.43,4.43,4.43,4.43,6.77,6.77,7.81,7.81,5.21,5.21,5.21,5.21,5.21,5.21,7.29,8.33,8.33,7.29,4.69,4.69,4.69,4.69
N_7_23,N_9_22,3.7751542856541396,3.85,3.85,3.85,3.85,3.85,3.85,5.89,5.89,6.8,6.8,4.53,4.53,4.53,4.53,4.53,4.53,6.34,7.25,7.25,6.34,4.08,4.08,4.08,4.08
N_7_24,N_9_24,3.044990039815986,3.11,3.11,3.11,3.11,3.11,3.11,4.75,4.75,5.48,5.48,3.65,3.65,3.65,3.65,3.65,3.65,5.12,5.85,5.85,5.12,3.29,3.29,3.29,3.29
N_7_24,N_7_25,1.773841623580247,2.91,2.91,2.91,2.91,2.91,2.91,4.82,4.82,5.68,5.68,3.55,3.55,3.55,3.55,3.55,3.55,5.25,6.1,6.1,5.25,3.12,3.12,3.12,3.12
N_7_25,N_6_23,12.657956785696907,7.03,7.03,7.03,7.03,7.03,7.03,8.73,8.73,9.49,9.49,7.59,7.59,7.59,7.59,7.59,7.59,9.11,9.87,9.87,9.11,7.22,7.22,7.22,7.22
N_7_25,N_7_24,9.203649110344948,5.11,5.11,5.11,5.11,5.11,5.11,6.35,6.35,6.9,6.9,5.52,5.52,5.52,5.52,5.52,5.52,6.63,7.18,7.18,6.63,5.25,5.25,5.25,5.25
N_7_25,N_9_26,6.24697711909422,6.37,6.37,6.37,6.37,6.37,6.37,9.75,9.75,11.24,11.24,7.5,7.5,7.5,7.5,7.5,7.5,10.49,11.99,11.99,10.49,6.75,6.75,6.75,6.75
N_7_26,N_6_28,5.924886615346846,6.04,6.04,6.04,6.04,6.04,6.04,9.24,9.24,10.66,10.66,7.11,7.11,7.11,7.11,7.11,7.11,9.95,11.38,11.38,9.95,6.4,6.4,6.4,6.4
N_7_26,N_9_25,1.90296799169584,3.12,3.12,3.12,3.12,3.12,3.12,5.18,5.18,6.09,6.09,3.81,3.81,3.81,3.81,3.81,3.81,5.63,6.55,6.55,5.63,3.35,3.35,3.35,3.35
N_7_26,N_7_27,4.830410302308067,4.93,4.93,4.93,4.93,4.93,4.93,7.54,7.54,8.69,8.69,5.8,5.8,5.8,5.8,5.8,5.8,8.12,9.27,9.27,8.12,5.22,5.22,5.22,5.22
N_7_27,N_7_26,4.830410302308067,4.93,4.93,4.93,4.93,4.93,4.93,7.54,7.54,8.69,8.69,5.8,5.8,5.8,5.8,5.8,5.8,8.12,9.27,9.27,8.12,5.22,5.22,5.22,5.22
N_7_27,N_9_27,6.285944535210467,6.41,6.41,6.41,6.41,6.41,6.41,9.81,9.81,11.31,11.31,7.54,7.54,7.54,7.54,7.54,7.54,10.56,12.07,12.07,10.56,6.79,6.79,6.79,6.79
N_7_27,N_6_28,12.269073224601257,6.81,6.81,6.81,6.81,6.81,6.81,8.47,8.47,9.2,9.2,7.36,7.36,7.36,7.36,7.36,7.36,8.83,9.57,9.57,8.83,6.99,6.99,6.99,6.99
N_7_27,N_6_25,0.7124374272301124,1.17,1.17,1.17,1.17,1.17,1.17,1.94,1.94,2.28,2.28,1.42,1.42,1.42,1.42,1.42,1.42,2.11,2.45,2.45,2.11,1.25,1.25,1.25,1.25
N_7_28,N_5_27,5.817460586836323,5.93,5.93,5.93,5.93,5.93,5.93,9.08,9.08,10.47,10.47,6.98,6.98,6.98,6.98,6.98,6.98,9.77,11.17,11.17,9.77,6.28,6.28,6.28,6.28
N_7_28,N_5_28,5.091800438898709,5.19,5.19,5.19,5.19,5.19,5.19,7.94,7.94,9.17,9.17,6.11,6.11,6.11,6.11,6.11,6.11,8.55,9.78,9.78,8.55,5.5,5.5,5.5,5.5
N_7_28,N_7_29,6.810542774889299,6.95,6.95,6.95,6.95,6.95,6.95,10.62,10.62,12.26,12.26,8.17,8.17,8.17,8.17,8.17,8.17,11.44,13.08,13.08,11.44,7.36,7.36,7.36,7.36
N_7_29,N_7_28,6.810542774889299,6.95,6.95,6.95,6.95,6.95,6.95,10.62,10.62,12.26,12.26,8.17,8.17,8.17,8.17,8.17,8.17,11.44,13.08,13.08,11.44,7.36,7.36,7.36,7.36
N_7_29,N_8_27,3.848103403307903,3.93,3.93,3.93,3.93,3.93,3.93,6.0,6.0,6.93,6.93,4.62,4.62,4.62,4.62,4.62,4.62,6.46,7.39,7.39,6.46,4.16,4.16,4.16,4.16
N_7_29,N_5_30,2.1460179005096496,3.52,3.52,3.52,3.52,3.52,3.52,5.84,5.84,6.87,6.87,4.29,4.29,4.29,4.29,4.29,4.29,6.35,7.38,7.38,6.35,3.78,3.78,3.78,3.78
N_7_3,N_5_2,10.47196577612688,5.81,5.81,5.81,5.81,5.81,5.81,7.23,7.23,7.85,7.85,6.28,6.28,6.28,6.28,6.28,6.28,7.54,8.17,8.17,7.54,5.97,5.97,5.97,5.97
N_7_3,N_5_4,4.175855295119916,4.26,4.26,4.26,4.26,4.26,4.26,6.51,6.51,7.52,7.52,5.01,5.01,5.01,5.01,5.01,5.01,7.02,8.02,8.02,7.02,4.51,4.51,4.51,4.51
N_7_3,N_8_2,4.236547830703011,4.32,4.32,4.32,4.32,4.32,4.32,6.61,6.61,7.63,7.63,5.08,5.08,5.08,5.08,5.08,5.08,7.12,8.13,8.13,7.12,4.58,4.58,4.58,4.58
N_7_3,N_9_4,9.159080310317266,5.08,5.08,5.08,5.08,5.08,5.08,6.32,6.32,6.87,6.87,5.5,5.5,5.5,5.5,5.5,5.5,6.59,7.14,7.14,6.59,5.22,5.22,5.22,5.22
N_7_30,N_8_31,6.162502958631382,6.29,6.29,6.29,6.29,6.29,6.29,9.61,9.61,11.09,11.09,7.4,7.4,7.4,7.4,7.4,7.4,10.35,11.83,11.83,10.35,6.66,6.66,6.66,6.66
N_7_30,N_7_32,0.5011608643265641,0.82,0.82,0.82,0.82,0.82,0.82,1.36,1.36,1.6,1.6,1.0,1.0,1.0,1.0,1.0,1.0,1.48,1.72,1.72,1.48,0.88,0.88,0.88,0.88
N_7_31,N_6_29,6.765383395092957,6.9,6.9,6.9,6.9,6.9,6.9,10.55,10.55,12.18,12.18,8.12,8.12,8.12,8.12,8.12,8.12,11.37,12.99,12.99,11.37,7.31,7.31,7.31,7.31
N_7_31,N_6_33,5.921516983043819,6.04,6.04,6.04,6.04,6.04,6.04,9.24,9.24,10.66,10.66,7.11,7.11,7.11,7.11,7.11,7.11,9.95,11.37,11.37,9.95,6.4,6.4,6.4,6.4
N_7_31,N_7_33,12.264958066348647,6.81,6.81,6.81,6.81,6.81,6.81,8.46,8.46,9.2,9.2,7.36,7.36,7.36,7.36,7.36,7.36,8.83,9.57,9.57,8.83,6.99,6.99,6.99,6.99
N_7_32,N_7_30,0.5011608643265641,0.82,0.82,0.82,0.82,0.82,0.82,1.36,1.36,1.6,1.6,1.0,1.0,1.0,1.0,1.0,1.0,1.48,1.72,1.72,1.48,0.88,0.88,0.88,0.88
N_7_32,N_5_32,6.147157028181354,6.27,6.27,6.27,6.27,6.27,6.27,9.59,9.59,11.06,11.06,7.38,7.38,7.38,7.38,7.38,7.38,10.33,11.8,11.8,10.33,6.64,6.64,6.64,6.64
N_7_32,N_8_30,5.649943543160178,5.76,5.76,5.76,5.76,5.76,5.76,8.81,8.81,10.17,10.17,6.78,6.78,6.78,6.78,6.78,6.78,9.49,10.85,10.85,9.49,6.1,6.1,6.1,6.1
N_7_33,N_7_31,12.264958066348647,6.81,6.81,6.81,6.81,6.81,6.81,8.46,8.46,9.2,9.2,7.36,7.36,7.36,7.36,7.36,7.36,8.83,9.57,9.57,8.83,6.99,6.99,6.99,6.99
N_7_33,N_5_34,3.7177763374402972,3.79,3.79,3.79,3.79,3.79,3.79,5.8,5.8,6.69,6.69,4.46,4.46,4.46,4.46,4.46,4.46,6.25,7.14,7.14,6.25,4.02,4.02,4.02,4.02
N_7_34,N_5_35,0.5621093315461401,0.92,0.92,0.92,0.92,0.92,0.92,1.53,1.53,1.8,1.8,1.12,1.12,1.12,1.12,1.12,1.12,1.66,1.93,1.93,1.66,0.99,0.99,0.99,0.99
N_7_34,N_6_35,3.787820435819489,3.86,3.86,3.86,3.86,3.86,3.86,5.91,5.91,6.82,6.82,4.55,4.55,4.55,4.55,4.55,4.55,6.36,7.27,7.27,6.36,4.09,4.09,4.09,4.09
N_7_34,N_7_33,0.6589910482231909,1.08,1.08,1.08,1.08,1.08,1.08,1.79,1.79,2.11,2.11,1.32,1.32,1.32,1.32,1.32,1.32,1.95,2.27,2.27,1.95,1.16,1.16,1.16,1.16
N_7_35,N_5_36,3.0658026033044905,3.13,3.13,3.13,3.13,3.13,3.13,4.78,4.78,5.52,5.52,3.68,3.68,3.68,3.68,3.68,3.68,5.15,5.89,5.89,5.15,3.31,3.31,3.31,3.31
N_7_35,N_6_34,4.881988809165714,4.98,4.98,4.98,4.98,4.98,4.98,7.62,7.62,8.79,8.79,5.86,5.86,5.86,5.86,5.86,5.86,8.2,9.37,9.37,8.2,5.27,5.27,5.27,5.27
N_7_35,N_9_36,4.210831144330857,4.3,4.3,4.3,4.3,4.3,4.3,6.57,6.57,7.58,7.58,5.05,5.05,5.05,5.05,5.05,5.05,7.07,8.08,8.08,7.07,4.55,4.55,4.55,4.55
N_7_35,N_7_33,3.572293631048204,3.64,3.64,3.64,3.64,3.64,3.64,5.57,5.57,6.43,6.43,4.29,4.29,4.29,4.29,4.29,4.29,6.0,6.86,6.86,6.0,3.86,3.86,3.86,3.86
N_7_35,N_8_36,5.791567765881338,5.91,5.91,5.91,5.91,5.91,5.91,9.03,9.03,10.42,10.42,6.95,6.95,6.95,6.95,6.95,6.95,9.73,11.12,11.12,9.73,6.25,6.25,6.25,6.25
N_7_35,N_8_35,14.535954339227661,8.07,8.07,8.07,8.07,8.07,8.07,10.03,10.03,10.9,10.9,8.72,8.72,8.72,8.72,8.72,8.72,10.47,11.34,11.34,10.47,8.29,8.29,8.29,8.29
N_7_36,N_8_34,6.340606290431401,6.47,6.47,6.47,6.47,6.47,6.47,9.89,9.89,11.41,11.41,7.61,7.61,7.61,7.61,7.61,7.61,10.65,12.17,12.17,10.65,6.85,6.85,6.85,6.85
N_7_36,N_8_36,1.7867703742135799,2.93,2.93,2.93,2.93,2.93,2.93,4.86,4.86,5.72,5.72,3.57,3.57,3.57,3.57,3.57,3.57,5.29,6.15,6.15,5.29,3.14,3.14,3.14,3.14
N_7_37,N_7_38,11.411847839253399,6.33,6.33,6.33,6.33,6.33,6.33,7.87,7.87,8.56,8.56,6.85,6.85,6.85,6.85,6.85,6.85,8.22,8.9,8.9,8.22,6.5,6.5,6.5,6.5
N_7_37,N_7_39,14.376850299615246,7.98,7.98,7.98,7.98,7.98,7.98,9.92,9.92,10.78,10.78,8.63,8.63,8.63,8.63,8.63,8.63,10.35,11.21,11.21,10.35,8.19,8.19,8.19,8.19
N_7_38,N_7_39,13.265136353330032,7.36,7.36,7.36,7.36,7.36,7.36,9.15,9.15,9.95,9.95,7.96,7.96,7.96,7.96,7.96,7.96,9.55,10.35,10.35,9.55,7.56,7.56,7.56,7.56
N_7_38,N_6_36,4.262169321735183,4.35,4.35,4.35,4.35,4.35,4.35,6.65,6.65,7.67,7.67,5.11,5.11,5.11,5.11,5.11,5.11,7.16,8.18,8.18,7.16,4.6,4.6,4.6,4.6
N_7_38,N_8_37,1.2421532169674292,2.04,2.04,2.04,2.04,2.04,2.04,3.38,3.38,3.97,3.97,2.48,2.48,2.48,2.48,2.48,2.48,3.68,4.27,4.27,3.68,2.19,2.19,2.19,2.19
N_7_39,N_5_39,1.754904580296696,2.88,2.88,2.88,2.88,2.88,2.88,4.77,4.77,5.62,5.62,3.51,3.51,3.51,3.51,3.51,3.51,5.19,6.04,6.04,5.19,3.09,3.09,3.09,3.09
N_7_39,N_7_37,14.376850299615246,7.98,7.98,7.98,7.98,7.98,7.98,9.92,9.92,10.78,10.78,8.63,8.63,8.63,8.63,8.63,8.63,10.35,11.21,11.21,10.35,8.19,8.19,8.19,8.19
N_7_39,N_7_38,13.265136353330032,7.36,7.36,7.36,7.36,7.36,7.36,9.15,9.15,9.95,9.95,7.96,7.96,7.96,7.96,7.96,7.96,9.55,10.35,10.35,9.55,7.56,7.56,7.56,7.56
N_7_39,N_6_38,13.439490248126354,7.46,7.46,7.46,7.46,7.46,7.46,9.27,9.27,10.08,10.08,8.06,8.06,8.06,8.06,8.06,8.06,9.68,10.48,10.48,9.68,7.66,7.66,7.66,7.66
N_7_4,N_6_2,3.586187900426232,3.66,3.66,3.66,3.66,3.66,3.66,5.59,5.59,6.46,6.46,4.3,4.3,4.3,4.3,4.3,4.3,6.02,6.89,6.89,6.02,3.87,3.87,3.87,3.87
N_7_4,N_6_6,1.6910671843135436,2.77,2.77,2.77,2.77,2.77,2.77,4.6,4.6,5.41,5.41,3.38,3.38,3.38,3.38,3.38,3.38,5.01,5.82,5.82,5.01,2.98,2.98,2.98,2.98
N_7_5,N_8_5,1.7937910662992287,2.94,2.94,2.94,2.94,2.94,2.94,4.88,4.88,5.74,5.74,3.59,3.59,3.59,3.59,3.59,3.59,5.31,6.17,6.17,5.31,3.16,3.16,3.16,3.16
N_7_5,N_6_5,3.997461405379867,4.08,4.08,4.08,4.08,4.08,4.08,6.24,6.24,7.2,7.2,4.8,4.8,4.8,4.8,4.8,4.8,6.72,7.68,7.68,6.72,4.32,4.32,4.32,4.32
N_7_5,N_5_4,1.0138086816364853,1.66,1.66,1.66,1.66,1.66,1.66,2.76,2.76,3.24,3.24,2.03,2.03,2.03,2.03,2.03,2.03,3.0,3.49,3.49,3.0,1.78,1.78,1.78,1.78
N_7_5,N_8_6,6.318835363486581,6.45,6.45,6.45,6.45,6.45,6.45,9.86,9.86,11.37,11.37,7.58,7.58,7.58,7.58,7.58,7.58,10.62,12.13,12.13,10.62,6.82,6.82,6.82,6.82
N_7_6,N_6_8,4.626250600672421,4.72,4.72,4.72,4.72,4.72,4.72,7.22,7.22,8.33,8.33,5.55,5.55,5.55,5.55,5.55,5.55,7.77,8.88,8.88,7.77,5.0,5.0,5.0,5.0
N_7_6,N_6_7,4.932796983451462,5.03,5.03,5.03,5.03,5.03,5.03,7.7,7.7,8.88,8.88,5.92,5.92,5.92,5.92,5.92,5.92,8.29,9.47,9.47,8.29,5.33,5.33,5.33,5.33
N_7_6,N_7_8,11.155094140035764,6.19,6.19,6.19,6.19,6.19,6.19,7.7,7.7,8.37,8.37,6.69,6.69,6.69,6.69,6.69,6.69,8.03,8.7,8.7,8.03,6.36,6.36,6.36,6.36
N_7_6,N_5_7,5.880120307617997,6.0,6.0,6.0,6.0,6.0,6.0,9.17,9.17,10.58,10.58,7.06,7.06,7.06,7.06,7.06,7.06,9.88,11.29,11.29,9.88,6.35,6.35,6.35,6.35
N_7_7,N_5_6,3.636239653131215,3.71,3.71,3.71,3.71,3.71,3.71,5.67,5.67,6.55,6.55,4.36,4.36,4.36,4.36,4.36,4.36,6.11,6.98,6.98,6.11,3.93,3.93,3.93,3.93
N_7_7,N_8_5,3.6817171150532424,3.76,3.76,3.76,3.76,3.76,3.76,5.74,5.74,6.63,6.63,4.42,4.42,4.42,4.42,4.42,4.42,6.19,7.07,7.07,6.19,3.98,3.98,3.98,3.98
N_7_8,N_5_7,5.5334282002217225,5.64,5.64,5.64,5.64,5.64,5.64,8.63,8.63,9.96,9.96,6.64,6.64,6.64,6.64,6.64,6.64,9.3,10.62,10.62,9.3,5.98,5.98,5.98,5.98
N_7_8,N_7_6,11.155094140035764,6.19,6.19,6.19,6.19,6.19,6.19,7.7,7.7,8.37,8.37,6.69,6.69,6.69,6.69,6.69,6.69,8.03,8.7,8.7,8.03,6.36,6.36,6.36,6.36
N_7_8,N_5_8,8.050558139851322,4.47,4.47,4.47,4.47,4.47,4.47,5.55,5.55,6.04,6.04,4.83,4.83,4.83,4.83,4.83,4.83,5.8,6.28,6.28,5.8,4.59,4.59,4.59,4.59
N_7_9,N_6_9,5.908591787197292,6.03,6.03,6.03,6.03,6.03,6.03,9.22,9.22,10.64,10.64,7.09,7.09,7.09,7.09,7.09,7.09,9.93,11.34,11.34,9.93,6.38,6.38,6.38,6.38
N_7_9,N_7_11,13.908730631742483,7.72,7.72,7.72,7.72,7.72,7.72,9.6,9.6,10.43,10.43,8.35,8.35,8.35,8.35,8.35,8.35,10.01,10.85,10.85,10.01,7.93,7.93,7.93,7.93
N_7_9,N_8_11,13.835362720083394,7.68,7.68,7.68,7.68,7.68,7.68,9.55,9.55,10.38,10.38,8.3,8.3,8.3,8.3,8.3,8.3,9.96,10.79,10.79,9.96,7.89,7.89,7.89,7.89
N_7_9,N_8_9,5.4041949567977134,5.51,5.51,5.51,5.51,5.51,5.51,8.43,8.43,9.73,9.73,6.49,6.49,6.49,6.49,6.49,6.49,9.08,10.38,10.38,9.08,5.84,5.84,5.84,5.84
N_8_0,N_6_0,5.704124642668418,5.82,5.82,5.82,5.82,5.82,5.82,8.9,8.9,10.27,10.27,6.84,6.84,6.84,6.84,6.84,6.84,9.58,10.95,10.95,9.58,6.16,6.16,6.16,6.16
N_8_0,N_7_1,3.3946650540865364,3.46,3.46,3.46,3.46,3.46,3.46,5.3,5.3,6.11,6.11,4.07,4.07,4.07,4.07,4.07,4.07,5.7,6.52,6.52,5.7,3.67,3.67,3.67,3.67
N_8_1,N_6_0,4.586110984326727,4.68,4.68,4.68,4.68,4.68,4.68,7.15,7.15,8.25,8.25,5.5,5.5,5.5,5.5,5.5,5.5,7.7,8.81,8.81,7.7,4.95,4.95,4.95,4.95
N_8_1,N_9_2,11.229558965500129,6.23,6.23,6.23,6.23,6.23,6.23,7.75,7.75,8.42,8.42,6.74,6.74,6.74,6.74,6.74,6.74,8.09,8.76,8.76,8.09,6.4,6.4,6.4,6.4
N_8_1,N_10_1,6.494668489420658,6.62,6.62,6.62,6.62,6.62,6.62,10.13,10.13,11.69,11.69,7.79,7.79,7.79,7.79,7.79,7.79,10.91,12.47,12.47,10.91,7.01,7.01,7.01,7.01
N_8_1,N_9_0,6.466919394661636,6.6,6.6,6.6,6.6,6.6,6.6,10.09,10.09,11.64,11.64,7.76,7.76,7.76,7.76,7.76,7.76,10.86,12.42,12.42,10.86,6.98,6.98,6.98,6.98
N_8_10,N_10_10,3.2376541677083273,3.3,3.3,3.3,3.3,3.3,3.3,5.05,5.05,5.83,5.83,3.89,3.89,3.89,3.89,3.89,3.89,5.44,6.22,6.22,5.44,3.5,3.5,3.5,3.5
N_8_10,N_7_10,4.842246464259372,4.94,4.94,4.94,4.94,4.94,4.94,7.55,7.55,8.72,8.72,5.81,5.81,5.81,5.81,5.81,5.81,8.13,9.3,9.3,8.13,5.23,5.23,5.23,5.23
N_8_10,N_7_11,4.404184669568142,4.49,4.49,4.49,4.49,4.49,4.49,6.87,6.87,7.93,7.93,5.29,5.29,5.29,5.29,5.29,5.29,7.4,8.46,8.46,7.4,4.76,4.76,4.76,4.76
N_8_11,N_7_9,13.835362720083394,7.68,7.68,7.68,7.68,7.68,7.68,9.55,9.55,10.38,10.38,8.3,8.3,8.3,8.3,8.3,8.3,9.96,10.79,10.79,9.96,7.89,7.89,7.89,7.89
N_8_11,N_7_13,9.508167323494568,5.28,5.28,5.28,5.28,5.28,5.28,6.56,6.56,7.13,7.13,5.7,5.7,5.7,5.7,5.7,5.7,6.85,7.42,7.42,6.85,5.42,5.42,5.42,5.42
N_8_11,N_6_12,6.229382821532965,6.35,6.35,6.35,6.35,6.35,6.35,9.72,9.72,11.21,11.21,7.48,7.48,7.48,7.48,7.48,7.48,10.47,11.96,11.96,10.47,6.73,6.73,6.73,6.73
N_8_11,N_9_10,6.457575259742986,6.59,6.59,6.59,6.59,6.59,6.59,10.07,10.07,11.62,11.62,7.75,7.75,7.75,7.75,7.75,7.75,10.85,12.4,12.4,10.85,6.97,6.97,6.97,6.97
N_8_12,N_7_12,4.31226982413164,4.4,4.4,4.4,4.4,4.4,4.4,6.73,6.73,7.76,7.76,5.17,5.17,5.17,5.17,5.17,5.17,7.24,8.28,8.28,7.24,4.66,4.66,4.66,4.66
N_8_12,N_7_13,3.0825810179512563,3.14,3.14,3.14,3.14,3.14,3.14,4.81,4.81,5.55,5.55,3.7,3.7,3.7,3.7,3.7,3.7,5.18,5.92,5.92,5.18,3.33,3.33,3.33,3.33
N_8_12,N_6_12,3.4902970643697633,3.56,3.56,3.56,3.56,3.56,3.56,5.44,5.44,6.28,6.28,4.19,4.19,4.19,4.19,4.19,4.19,5.86,6.7,6.7,5.86,3.77,3.77,3.77,3.77
N_8_13,N_7_11,5.877568056693349,6.0,6.0,6.0,6.0,6.0,6.0,9.17,9.17,10.58,10.58,7.05,7.05,7.05,7.05,7.05,7.05,9.87,11.28,11.28,9.87,6.35,6.35,6.35,6.35
N_8_13,N_9_12,3.5026560111583964,3.57,3.57,3.57,3.57,3.57,3.57,5.46,5.46,6.3,6.3,4.2,4.2,4.2,4.2,4.2,4.2,5.88,6.73,6.73,5.88,3.78,3.78,3.78,3.78
N_8_14,N_7_14,2.4124836481636,3.96,3.96,3.96,3.96,3.96,3.96,6.56,6.56,7.72,7.72,4.82,4.82,4.82,4.82,4.82,4.82,7.14,8.3,8.3,7.14,4.25,4.25,4.25,4.25
N_8_14,N_9_15,1.8486155100798514,3.03,3.03,3.03,3.03,3.03,3.03,5.03,5.03,5.92,5.92,3.7,3.7,3.7,3.7,3.7,3.7,5.47,6.36,6.36,5.47,3.25,3.25,3.25,3.25
N_8_15,N_7_15,9.911172650037447,5.5,5.5,5.5,5.5,5.5,5.5,6.84,6.84,7.43,7.43,5.95,5.95,5.95,5.95,5.95,5.95,7.14,7.73,7.73,7.14,5.65,5.65,5.65,5.65
N_8_15,N_8_14,1.7326807684492336,2.84,2.84,2.84,2.84,2.84,2.84,4.71,4.71,5.54,5.54,3.47,3.47,3.47,3.47,3.47,3.47,5.13,5.96,5.96,5.13,3.05,3.05,3.05,3.05
N_8_16,N_6_15,8.29848461255363,4.61,4.61,4.61,4.61,4.61,4.61,5.73,5.73,6.22,6.22,4.98,4.98,4.98,4.98,4.98,4.98,5.97,6.47,6.47,5.97,4.73,4.73,4.73,4.73
N_8_16,N_7_16,5.78691899775048,5.9,5.9,5.9,5.9,5.9,5.9,9.03,9.03,10.42,10.42,6.94,6.94,6.94,6.94,6.94,6.94,9.72,11.11,11.11,9.72,6.25,6.25,6.25,6.25
N_8_17,N_6_16,3.2438413683392144,3.31,3.31,3.31,3.31,3.31,3.31,5.06,5.06,5.84,5.84,3.89,3.89,3.89,3.89,3.89,3.89,5.45,6.23,6.23,5.45,3.5,3.5,3.5,3.5
N_8_17,N_10_18,0.6470993980373152,1.06,1.06,1.06,1.06,1.06,1.06,1.76,1.76,2.07,2.07,1.29,1.29,1.29,1.29,1.29,1.29,1.92,2.23,2.23,1.92,1.14,1.14,1.14,1.14
N_8_17,N_9_15,13.510359510542802,7.5,7.5,7.5,7.5,7.5,7.5,9.32,9.32,10.13,10.13,8.11,8.11,8.11,8.11,8.11,8.11,9.73,10.54,10.54,9.73,7.7,7.7,7.7,7.7
N_8_17,N_8_15,13.327361706674814,7.4,7.4,7.4,7.4,7.4,7.4,9.2,9.2,10.0,10.0,8.0,8.0,8.0,8.0,8.0,8.0,9.6,10.4,10.4,9.6,7.6,7.6,7.6,7.6
N_8_17,N_10_17,11.881320679684695,6.59,6.59,6.59,6.59,6.59,6.59,8.2,8.2,8.91,8.91,7.13,7.13,7.13,7.13,7.13,7.13,8.55,9.27,9.27,8.55,6.77,6.77,6.77,6.77
N_8_18,N_8_20,11.904159376014224,6.61,6.61,6.61,6.61,6.61,6.61,8.21,8.21,8.93,8.93,7.14,7.14,7.14,7.14,7.14,7.14,8.57,9.29,9.29,8.57,6.79,6.79,6.79,6.79
N_8_18,N_7_16,5.87671159975379,5.99,5.99,5.99,5.99,5.99,5.99,9.17,9.17,10.58,10.58,7.05,7.05,7.05,7.05,7.05,7.05,9.87,11.28,11.28,9.87,6.35,6.35,6.35,6.35
N_8_18,N_6_18,12.623816693153536,7.01,7.01,7.01,7.01,7.01,7.01,8.71,8.71,9.47,9.47,7.57,7.57,7.57,7.57,7.57,7.57,9.09,9.85,9.85,9.09,7.2,7.2,7.2,7.2
N_8_18,N_8_19,3.458519829457348,3.53,3.53,3.53,3.53,3.53,3.53,5.4,5.4,6.23,6.23,4.15,4.15,4.15,4.15,4.15,4.15,5.81,6.64,6.64,5.81,3.74,3.74,3.74,3.74
N_8_19,N_10_18,3.8208624566185323,3.9,3.9,3.9,3.9,3.9,3.9,5.96,5.96,6.88,6.88,4.59,4.59,4.59,4.59,4.59,4.59,6.42,7.34,7.34,6.42,4.13,4.13,4.13,4.13
N_8_19,N_8_18,3.458519829457348,3.53,3.53,3.53,3.53,3.53,3.53,5.4,5.4,6.23,6.23,4.15,4.15,4.15,4.15,4.15,4.15,5.81,6.64,6.64,5.81,3.74,3.74,3.74,3.74
N_8_19,N_10_19,5.758414254697271,5.87,5.87,5.87,5.87,5.87,5.87,8.98,8.98,10.37,10.37,6.91,6.91,6.91,6.91,6.91,6.91,9.67,11.06,11.06,9.67,6.22,6.22,6.22,6.22
N_8_19,N_7_21,9.198722705272415,5.11,5.11,5.11,5.11,5.11,5.11,6.35,6.35,6.9,6.9,5.52,5.52,5.52,5.52,5.52,5.52,6.62,7.18,7.18,6.62,5.24,5.24,5.24,5.24
N_8_2,N_9_1,11.237103638940404,6.24,6.24,6.24,6.24,6.24,6.24,7.75,7.75,8.43,8.43,6.74,6.74,6.74,6.74,6.74,6.74,8.09,8.76,8.76,8.09,6.41,6.41,6.41,6.41
N_8_2,N_7_4,2.401243308045375,3.94,3.94,3.94,3.94,3.94,3.94,6.53,6.53,7.68,7.68,4.8,4.8,4.8,4.8,4.8,4.8,7.11,8.26,8.26,7.11,4.23,4.23,4.23,4.23
N_8_2,N_6_3,6.673837517193888,6.81,6.81,6.81,6.81,6.81,6.81,10.41,10.41,12.01,12.01,8.01,8.01,8.01,8.01,8.01,8.01,11.21,12.81,12.81,11.21,7.21,7.21,7.21,7.21
N_8_20,N_10_20,1.6599094763280096,2.72,2.72,2.72,2.72,2.72,2.72,4.51,4.51,5.31,5.31,3.32,3.32,3.32,3.32,3.32,3.32,4.91,5.71,5.71,4.91,2.92,2.92,2.92,2.92
N_8_20,N_6_21,6.265439652062057,6.39,6.39,6.39,6.39,6.39,6.39,9.77,9.77,11.28,11.28,7.52,7.52,7.52,7.52,7.52,7.52,10.53,12.03,12.03,10.53,6.77,6.77,6.77,6.77
N_8_21,N_10_20,5.265628164925936,5.37,5.37,5.37,5.37,5.37,5.37,8.21,8.21,9.48,9.48,6.32,6.32,6.32,6.32,6.32,6.32,8.85,10.11,10.11,8.85,5.69,5.69,5.69,5.69
N_8_21,N_9_20,6.009735155680955,6.13,6.13,6.13,6.13,6.13,6.13,9.38,9.38,10.82,10.82,7.21,7.21,7.21,7.21,7.21,7.21,10.1,11.54,11.54,10.1,6.49,6.49,6.49,6.49
N_8_21,N_6_20,5.894436437515077,6.01,6.01,6.01,6.01,6.01,6.01,9.2,9.2,10.61,10.61,7.07,7.07,7.07,7.07,7.07,7.07,9.9,11.32,11.32,9.9,6.37,6.37,6.37,6.37
N_8_21,N_8_22,3.0278404111253936,3.09,3.09,3.09,3.09,3.09,3.09,4.72,4.72,5.45,5.45,3.63,3.63,3.63,3.63,3.63,3.63,5.09,5.81,5.81,5.09,3.27,3.27,3.27,3.27
N_8_22,N_7_21,3.2936129086958665,3.36,3.36,3.36,3.36,3.36,3.36,5.14,5.14,5.93,5.93,3.95,3.95,3.95,3.95,3.95,3.95,5.53,6.32,6.32,5.53,3.56,3.56,3.56,3.56
N_8_22,N_8_21,3.0278404111253936,3.09,3.09,3.09,3.09,3.09,3.09,4.72,4.72,5.45,5.45,3.63,3.63,3.63,3.63,3.63,3.63,5.09,5.81,5.81,5.09,3.27,3.27,3.27,3.27
N_8_22,N_8_24,5.093483163318284,5.2,5.2,5.2,5.2,5.2,5.2,7.95,7.95,9.17,9.17,6.11,6.11,6.11,6.11,6.11,6.11,8.56,9.78,9.78,8.56,5.5,5.5,5.5,5.5
N_8_23,N_7_22,14.198940064856995,7.88,7.88,7.88,7.88,7.88,7.88,9.8,9.8,10.65,10.65,8.52,8.52,8.52,8.52,8.52,8.52,10.22,11.08,11.08,10.22,8.09,8.09,8.09,8.09
N_8_23,N_6_22,5.035264568016354,5.14,5.14,5.14,5.14,5.14,5.14,7.86,7.86,9.06,9.06,6.04,6.04,6.04,6.04,6.04,6.04,8.46,9.67,9.67,8.46,5.44,5.44,5.44,5.44
N_8_23,N_7_25,5.301333290222338,5.41,5.41,5.41,5.41,5.41,5.41,8.27,8.27,9.54,9.54,6.36,6.36,6.36,6.36,6.36,6.36,8.91,10.18,10.18,8.91,5.73,5.73,5.73,5.73
N_8_23,N_9_21,6.820058142022086,6.96,6.96,6.96,6.96,6.96,6.96,10.64,10.64,12.28,12.28,8.18,8.18,8.18,8.18,8.18,8.18,11.46,13.09,13.09,11.46,7.37,7.37,7.37,7.37
N_8_23,N_8_25,9.77176894919518,5.42,5.42,5.42,5.42,5.42,5.42,6.74,6.74,7.33,7.33,5.86,5.86,5.86,5.86,5.86,5.86,7.04,7.62,7.62,7.04,5.57,5.57,5.57,5.57
N_8_23,N_9_25,1.1214390805369812,1.84,1.84,1.84,1.84,1.84,1.84,3.05,3.05,3.59,3.59,2.24,2.24,2.24,2.24,2.24,2.24,3.32,3.86,3.86,3.32,1.97,1.97,1.97,1.97
N_8_24,N_10_25,4.821565872856367,4.92,4.92,4.92,4.92,4.92,4.92,7.52,7.52,8.68,8.68,5.79,5.79,5.79,5.79,5.79,5.79,8.1,9.26,9.26,8.1,5.21,5.21,5.21,5.21
N_8_24,N_9_25,3.3415838428795293,3.41,3.41,3.41,3.41,3.41,3.41,5.21,5.21,6.01,6.01,4.01,4.01,4.01,4.01,4.01,4.01,5.61,6.42,6.42,5.61,3.61,3.61,3.61,3.61
N_8_25,N_10_26,10.845169026527781,6.02,6.02,6.02,6.02,6.02,6.02,7.48,7.48,8.13,8.13,6.51,6.51,6.51,6.51,6.51,6.51,7.81,8.46,8.46,7.81,6.18,6.18,6.18,6.18
N_8_25,N_6_25,5.639917998786245,5.75,5.75,5.75,5.75,5.75,5.75,8.8,8.8,10.15,10.15,6.77,6.77,6.77,6.77,6.77,6.77,9.48,10.83,10.83,9.48,6.09,6.09,6.09,6.09
N_8_25,N_7_27,5.396338810445682,5.5,5.5,5.5,5.5,5.5,5.5,8.42,8.42,9.71,9.71,6.48,6.48,6.48,6.48,6.48,6.48,9.07,10.36,10.36,9.07,5.83,5.83,5.83,5.83
N_8_26,N_10_25,9.279866098549224,5.15,5.15,5.15,5.15,5.15,5.15,6.4,6.4,6.96,6.96,5.57,5.57,5.57,5.57,5.57,5.57,6.68,7.24,7.24,6.68,5.29,5.29,5.29,5.29
N_8_26,N_6_25,8.63285817080434,4.79,4.79,4.79,4.79,4.79,4.79,5.96,5.96,6.47,6.47,5.18,5.18,5.18,5.18,5.18,5.18,6.22,6.73,6.73,6.22,4.92,4.92,4.92,4.92
N_8_26,N_6_27,4.633067140516141,4.73,4.73,4.73,4.73,4.73,4.73,7.23,7.23,8.34,8.34,5.56,5.56,5.56,5.56,5.56,5.56,7.78,8.9,8.9,7.78,5.0,5.0,5.0,5.0
N_8_26,N_9_26,5.396749877669334,5.5,5.5,5.5,5.5,5.5,5.5,8.42,8.42,9.71,9.71,6.48,6.48,6.48,6.48,6.48,6.48,9.07,10.36,10.36,9.07,5.83,5.83,5.83,5.83
N_8_26,N_7_25,3.2001371115713866,3.26,3.26,3.26,3.26,3.26,3.26,4.99,4.99,5.76,5.76,3.84,3.84,3.84,3.84,3.84,3.84,5.38,6.14,6.14,5.38,3.46,3.46,3.46,3.46
N_8_26,N_10_26,11.825080573333041,6.56,6.56,6.56,6.56,6.56,6.56,8.16,8.16,8.87,8.87,7.1,7.1,7.1,7.1,7.1,7.1,8.51,9.22,9.22,8.51,6.74,6.74,6.74,6.74
N_8_27,N_7_29,3.848103403307903,3.93,3.93,3.93,3.93,3.93,3.93,6.0,6.0,6.93,6.93,4.62,4.62,4.62,4.62,4.62,4.62,6.46,7.39,7.39,6.46,4.16,4.16,4.16,4.16
N_8_27,N_9_26,0.9740684228423986,1.6,1.6,1.6,1.6,1.6,1.6,2.65,2.65,3.12,3.12,1.95,1.95,1.95,1.95,1.95,1.95,2.88,3.35,3.35,2.88,1.71,1.71,1.71,1.71
N_8_27,N_6_26,1.2652573316388283,2.08,2.08,2.08,2.08,2.08,2.08,3.44,3.44,4.05,4.05,2.53,2.53,2.53,2.53,2.53,2.53,3.75,4.35,4.35,3.75,2.23,2.23,2.23,2.23
N_8_27,N_7_28,11.66176342630024,6.47,6.47,6.47,6.47,6.47,6.47,8.05,8.05,8.75,8.75,7.0,7.0,7.0,7.0,7.0,7.0,8.4,9.1,9.1,8.4,6.65,6.65,6.65,6.65
N_8_27,N_9_29,1.7660439473917247,2.9,2.9,2.9,2.9,2.9,2.9,4.8,4.8,5.65,5.65,3.53,3.53,3.53,3.53,3.53,3.53,5.23,6.08,6.08,5.23,3.11,3.11,3.11,3.11
N_8_27,N_6_28,3.3171285782384796,3.38,3.38,3.38,3.38,3.38,3.38,5.17,5.17,5.97,5.97,3.98,3.98,3.98,3.98,3.98,3.98,5.57,6.37,6.37,5.57,3.58,3.58,3.58,3.58
N_8_27,N_7_25,3.683156156578378,3.76,3.76,3.76,3.76,3.76,3.76,5.75,5.75,6.63,6.63,4.42,4.42,4.42,4.42,4.42,4.42,6.19,7.07,7.07,6.19,3.98,3.98,3.98,3.98
N_8_28,N_10_27,1.43637355236308,2.36,2.36,2.36,2.36,2.36,2.36,3.91,3.91,4.6,4.6,2.87,2.87,2.87,2.87,2.87,2.87,4.25,4.94,4.94,4.25,2.53,2.53,2.53,2.53
N_8_28,N_6_29,0.9951574530350153,1.63,1.63,1.63,1.63,1.63,1.63,2.71,2.71,3.18,3.18,1.99,1.99,1.99,1.99,1.99,1.99,2.95,3.42,3.42,2.95,1.75,1.75,1.75,1.75
N_8_28,N_10_29,6.093021120931173,6.21,6.21,6.21,6.21,6.21,6.21,9.51,9.51,10.97,10.97,7.31,7.31,7.31,7.31,7.31,7.31,10.24,11.7,11.7,10.24,6.58,6.58,6.58,6.58
N_8_28,N_9_27,4.078175513018127,4.16,4.16,4.16,4.16,4.16,4.16,6.36,6.36,7.34,7.34,4.89,4.89,4.89,4.89,4.89,4.89,6.85,7.83,7.83,6.85,4.4,4.4,4.4,4.4
N_8_29,N_10_28,12.174779923549693,6.76,6.76,6.76,6.76,6.76,6.76,8.4,8.4,9.13,9.13,7.3,7.3,7.3,7.3,7.3,7.3,8.77,9.5,9.5,8.77,6.94,6.94,6.94,6.94
N_8_29,N_6_28,6.477565912897464,6.61,6.61,6.61,6.61,6.61,6.61,10.11,10.11,11.66,11.66,7.77,7.77,7.77,7.77,7.77,7.77,10.88,12.44,12.44,10.88,7.0,7.0,7.0,7.0
N_8_3,N_10_4,2.1517372553919323,3.53,3.53,3.53,3.53,3.53,3.53,5.85,5.85,6.89,6.89,4.3,4.3,4.3,4.3,4.3,4.3,6.37,7.4,7.4,6.37,3.79,3.79,3.79,3.79
N_8_3,N_8_1,1.22569218333455,2.01,2.01,2.01,2.01,2.01,2.01,3.33,3.33,3.92,3.92,2.45,2.45,2.45,2.45,2.45,2.45,3.63,4.22,4.22,3.63,2.16,2.16,2.16,2.16
N_8_30,N_6_30,0.6247402272246827,1.02,1.02,1.02,1.02,1.02,1.02,1.7,1.7,2.0,2.0,1.25,1.25,1.25,1.25,1.25,1.25,1.85,2.15,2.15,1.85,1.1,1.1,1.1,1.1
N_8_30,N_6_31,4.928809847887436,5.03,5.03,5.03,5.03,5.03,5.03,7.69,7.69,8.87,8.87,5.91,5.91,5.91,5.91,5.91,5.91,8.28,9.46,9.46,8.28,5.32,5.32,5.32,5.32
N_8_30,N_8_28,13.275231294194318,7.37,7.37,7.37,7.37,7.37,7.37,9.16,9.16,9.96,9.96,7.97,7.97,7.97,7.97,7.97,7.97,9.56,10.35,10.35,9.56,7.57,7.57,7.57,7.57
N_8_31,N_6_30,0.6223757120701925,1.02,1.02,1.02,1.02,1.02,1.02,1.69,1.69,1.99,1.99,1.24,1.24,1.24,1.24,1.24,1.24,1.84,2.14,2.14,1.84,1.1,1.1,1.1,1.1
N_8_31,N_7_30,6.162502958631382,6.29,6.29,6.29,6.29,6.29,6.29,9.61,9.61,11.09,11.09,7.4,7.4,7.4,7.4,7.4,7.4,10.35,11.83,11.83,10.35,6.66,6.66,6.66,6.66
N_8_31,N_8_30,6.81984241327341,6.96,6.96,6.96,6.96,6.96,6.96,10.64,10.64,12.28,12.28,8.18,8.18,8.18,8.18,8.18,8.18,11.46,13.09,13.09,11.46,7.37,7.37,7.37,7.37
N_8_31,N_7_29,5.982879214874119,6.1,6.1,6.1,6.1,6.1,6.1,9.33,9.33,10.77,10.77,7.18,7.18,7.18,7.18,7.18,7.18,10.05,11.49,11.49,10.05,6.46,6.46,6.46,6.46
N_8_32,N_7_30,1.4444115795095271,2.37,2.37,2.37,2.37,2.37,2.37,3.93,3.93,4.62,4.62,2.89,2.89,2.89,2.89,2.89,2.89,4.28,4.97,4.97,4.28,2.54,2.54,2.54,2.54
N_8_32,N_10_33,5.783368684730382,5.9,5.9,5.9,5.9,5.9,5.9,9.02,9.02,10.41,10.41,6.94,6.94,6.94,6.94,6.94,6.94,9.72,11.1,11.1,9.72,6.25,6.25,6.25,6.25
N_8_33,N_9_32,4.506904824718298,4.6,4.6,4.6,4.6,4.6,4.6,7.03,7.03,8.11,8.11,5.41,5.41,5.41,5.41,5.41,5.41,7.57,8.65,8.65,7.57,4.87,4.87,4.87,4.87
N_8_33,N_8_31,6.550551919193254,6.68,6.68,6.68,6.68,6.68,6.68,10.22,10.22,11.79,11.79,7.86,7.86,7.86,7.86,7.86,7.86,11.0,12.58,12.58,11.0,7.07,7.07,7.07,7.07
N_8_33,N_10_33,6.419344240852977,6.55,6.55,6.55,6.55,6.55,6.55,10.01,10.01,11.55,11.55,7.7,7.7,7.7,7.7,7.7,7.7,10.78,12.33,12.33,10.78,6.93,6.93,6.93,6.93
N_8_34,N_6_34,11.84412440465486,6.57,6.57,6.57,6.57,6.57,6.57,8.17,8.17,8.88,8.88,7.11,7.11,7.11,7.11,7.11,7.11,8.53,9.24,9.24,8.53,6.75,6.75,6.75,6.75
N_8_34,N_7_36,6.340606290431401,6.47,6.47,6.47,6.47,6.47,6.47,9.89,9.89,11.41,11.41,7.61,7.61,7.61,7.61,7.61,7.61,10.65,12.17,12.17,10.65,6.85,6.85,6.85,6.85
N_8_34,N_10_33,1.8767873651558784,3.08,3.08,3.08,3.08,3.08,3.08,5.1,5.1,6.01,6.01,3.75,3.75,3.75,3.75,3.75,3.75,5.56,6.46,6.46,5.56,3.3,3.3,3.3,3.3
N_8_35,N_10_35,3.563245319935614,3.63,3.63,3.63,3.63,3.63,3.63,5.56,5.56,6.41,6.41,4.28,4.28,4.28,4.28,4.28,4.28,5.99,6.84,6.84,5.99,3.85,3.85,3.85,3.85
N_8_35,N_7_35,14.535954339227661,8.07,8.07,8.07,8.07,8.07,8.07,10.03,10.03,10.9,10.9,8.72,8.72,8.72,8.72,8.72,8.72,10.47,11.34,11.34,10.47,8.29,8.29,8.29,8.29
N_8_35,N_8_33,6.271118906844613,6.4,6.4,6.4,6.4,6.4,6.4,9.78,9.78,11.29,11.29,7.53,7.53,7.53,7.53,7.53,7.53,10.54,12.04,12.04,10.54,6.77,6.77,6.77,6.77
N_8_36,N_6_36,1.2651878091534392,2.07,2.07,2.07,2.07,2.07,2.07,3.44,3.44,4.05,4.05,2.53,2.53,2.53,2.53,2.53,2.53,3.74,4.35,4.35,3.74,2.23,2.23,2.23,2.23
N_8_36,N_7_35,5.791567765881338,5.91,5.91,5.91,5.91,5.91,5.91,9.03,9.03,10.42,10.42,6.95,6.95,6.95,6.95,6.95,6.95,9.73,11.12,11.12,9.73,6.25,6.25,6.25,6.25
N_8_36,N_7_36,1.7867703742135799,2.93,2.93,2.93,2.93,2.93,2.93,4.86,4.86,5.72,5.72,3.57,3.57,3.57,3.57,3.57,3.57,5.29,6.15,6.15,5.29,3.14,3.14,3.14,3.14
N_8_36,N_10_37,4.6639062491106404,4.76,4.76,4.76,4.76,4.76,4.76,7.28,7.28,8.4,8.4,5.6,5.6,5.6,5.6,5.6,5.6,7.84,8.95,8.95,7.84,5.04,5.04,5.04,5.04
N_8_36,N_8_35,3.4594447275611064,3.53,3.53,3.53,3.53,3.53,3.53,5.4,5.4,6.23,6.23,4.15,4.15,4.15,4.15,4.15,4.15,5.81,6.64,6.64,5.81,3.74,3.74,3.74,3.74
N_8_36,N_7_34,13.61865014940081,7.56,7.56,7.56,7.56,7.56,7.56,9.4,9.4,10.21,10.21,8.17,8.17,8.17,8.17,8.17,8.17,9.81,10.62,10.62,9.81,7.76,7.76,7.76,7.76
N_8_36,N_7_38,13.271429912050452,7.37,7.37,7.37,7.37,7.37,7.37,9.16,9.16,9.95,9.95,7.96,7.96,7.96,7.96,7.96,7.96,9.56,10.35,10.35,9.56,7.56,7.56,7.56,7.56
N_8_37,N_10_38,4.875729747288729,4.97,4.97,4.97,4.97,4.97,4.97,7.61,7.61,8.78,8.78,5.85,5.85,5.85,5.85,5.85,5.85,8.19,9.36,9.36,8.19,5.27,5.27,5.27,5.27
N_8_37,N_8_35,5.169483726364783,5.27,5.27,5.27,5.27,5.27,5.27,8.06,8.06,9.31,9.31,6.2,6.2,6.2,6.2,6.2,6.2,8.68,9.93,9.93,8.68,5.58,5.58,5.58,5.58
N_8_37,N_6_37,10.646794036038923,5.91,5.91,5.91,5.91,5.91,5.91,7.35,7.35,7.99,7.99,6.39,6.39,6.39,6.39,6.39,6.39,7.67,8.3,8.3,7.67,6.07,6.07,6.07,6.07
N_8_37,N_8_36,13.179439021901974,7.31,7.31,7.31,7.31,7.31,7.31,9.09,9.09,9.88,9.88,7.91,7.91,7.91,7.91,7.91,7.91,9.49,10.28,10.28,9.49,7.51,7.51,7.51,7.51
N_8_38,N_6_39,4.758544817758931,4.85,4.85,4.85,4.85,4.85,4.85,7.42,7.42,8.57,8.57,5.71,5.71,5.71,5.71,5.71,5.71,7.99,9.14,9.14,7.99,5.14,5.14,5.14,5.14
N_8_38,N_8_37,6.708023139435374,6.84,6.84,6.84,6.84,6.84,6.84,10.46,10.46,12.07,12.07,8.05,8.05,8.05,8.05,8.05,8.05,11.27,12.88,12.88,11.27,7.24,7.24,7.24,7.24
N_8_38,N_9_39,12.096024943306706,6.71,6.71,6.71,6.71,6.71,6.71,8.35,8.35,9.07,9.07,7.26,7.26,7.26,7.26,7.26,7.26,8.71,9.43,9.43,8.71,6.89,6.89,6.89,6.89
N_8_38,N_7_36,11.360160971154182,6.3,6.3,6.3,6.3,6.3,6.3,7.84,7.84,8.52,8.52,6.82,6.82,6.82,6.82,6.82,6.82,8.18,8.86,8.86,8.18,6.48,6.48,6.48,6.48
N_8_39,N_10_38,0.8886982021803067,1.46,1.46,1.46,1.46,1.46,1.46,2.42,2.42,2.84,2.84,1.78,1.78,1.78,1.78,1.78,1.78,2.63,3.06,3.06,2.63,1.56,1.56,1.56,1.56
N_8_39,N_7_38,10.008503277203278,5.55,5.55,5.55,5.55,5.55,5.55,6.91,6.91,7.51,7.51,6.01,6.01,6.01,6.01,6.01,6.01,7.21,7.81,7.81,7.21,5.7,5.7,5.7,5.7
N_8_39,N_8_38,0.9291916988830569,1.52,1.52,1.52,1.52,1.52,1.52,2.53,2.53,2.97,2.97,1.86,1.86,1.86,1.86,1.86,1.86,2.75,3.2,3.2,2.75,1.64,1.64,1.64,1.64
N_8_4,N_6_3,6.830325849094605,6.97,6.97,6.97,6.97,6.97,6.97,10.66,10.66,12.29,12.29,8.2,8.2,8.2,8.2,8.2,8.2,11.47,13.11,13.11,11.47,7.38,7.38,7.38,7.38
N_8_4,N_9_2,12.323957045594288,6.84,6.84,6.84,6.84,6.84,6.84,8.5,8.5,9.24,9.24,7.39,7.39,7.39,7.39,7.39,7.39,8.87,9.61,9.61,8.87,7.02,7.02,7.02,7.02
N_8_5,N_6_5,0.5785182720521638,0.95,0.95,0.95,0.95,0.95,0.95,1.57,1.57,1.85,1.85,1.16,1.16,1.16,1.16,1.16,1.16,1.71,1.99,1.99,1.71,1.02,1.02,1.02,1.02
N_8_5,N_7_5,1.7937910662992287,2.94,2.94,2.94,2.94,2.94,2.94,4.88,4.88,5.74,5.74,3.59,3.59,3.59,3.59,3.59,3.59,5.31,6.17,6.17,5.31,3.16,3.16,3.16,3.16
N_8_5,N_7_7,3.6817171150532424,3.76,3.76,3.76,3.76,3.76,3.76,5.74,5.74,6.63,6.63,4.42,4.42,4.42,4.42,4.42,4.42,6.19,7.07,7.07,6.19,3.98,3.98,3.98,3.98
N_8_6,N_7_5,6.318835363486581,6.45,6.45,6.45,6.45,6.45,6.45,9.86,9.86,11.37,11.37,7.58,7.58,7.58,7.58,7.58,7.58,10.62,12.13,12.13,10.62,6.82,6.82,6.82,6.82
N_8_6,N_7_8,6.717791141003241,6.85,6.85,6.85,6.85,6.85,6.85,10.48,10.48,12.09,12.09,8.06,8.06,8.06,8.06,8.06,8.06,11.29,12.9,12.9,11.29,7.26,7.26,7.26,7.26
N_8_6,N_6_6,6.867978652257591,7.01,7.01,7.01,7.01,7.01,7.01,10.71,10.71,12.36,12.36,8.24,8.24,8.24,8.24,8.24,8.24,11.54,13.19,13.19,11.54,7.42,7.42,7.42,7.42
N_8_7,N_9_6,1.9698355032216688,3.23,3.23,3.23,3.23,3.23,3.23,5.36,5.36,6.3,6.3,3.94,3.94,3.94,3.94,3.94,3.94,5.83,6.78,6.78,5.83,3.47,3.47,3.47,3.47
N_8_7,N_9_5,8.560889840544208,4.75,4.75,4.75,4.75,4.75,4.75,5.91,5.91,6.42,6.42,5.14,5.14,5.14,5.14,5.14,5.14,6.16,6.68,6.68,6.16,4.88,4.88,4.88,4.88
N_8_7,N_10_6,10.741976211057032,5.96,5.96,5.96,5.96,5.96,5.96,7.41,7.41,8.06,8.06,6.45,6.45,6.45,6.45,6.45,6.45,7.73,8.38,8.38,7.73,6.12,6.12,6.12,6.12
N_8_8,N_10_8,3.275339293019856,3.34,3.34,3.34,3.34,3.34,3.34,5.11,5.11,5.9,5.9,3.93,3.93,3.93,3.93,3.93,3.93,5.5,6.29,6.29,5.5,3.54,3.54,3.54,3.54
N_8_8,N_6_7,4.841434831595255,4.94,4.94,4.94,4.94,4.94,4.94,7.55,7.55,8.71,8.71,5.81,5.81,5.81,5.81,5.81,5.81,8.13,9.3,9.3,8.13,5.23,5.23,5.23,5.23
N_8_8,N_7_7,5.670459418619111,5.78,5.78,5.78,5.78,5.78,5.78,8.85,8.85,10.21,10.21,6.8,6.8,6.8,6.8,6.8,6.8,9.53,10.89,10.89,9.53,6.12,6.12,6.12,6.12
N_8_8,N_8_7,8.021710335449713,4.45,4.45,4.45,4.45,4.45,4.45,5.53,5.53,6.02,6.02,4.81,4.81,4.81,4.81,4.81,4.81,5.78,6.26,6.26,5.78,4.57,4.57,4.57,4.57
N_8_8,N_7_10,5.801034224353415,5.92,5.92,5.92,5.92,5.92,5.92,9.05,9.05,10.44,10.44,6.96,6.96,6.96,6.96,6.96,6.96,9.75,11.14,11.14,9.75,6.27,6.27,6.27,6.27
N_8_9,N_7_10,10.130622971151192,5.62,5.62,5.62,5.62,5.62,5.62,6.99,6.99,7.6,7.6,6.08,6.08,6.08,6.08,6.08,6.08,7.29,7.9,7.9,7.29,5.77,5.77,5.77,5.77
N_8_9,N_7_9,5.4041949567977134,5.51,5.51,5.51,5.51,5.51,5.51,8.43,8.43,9.73,9.73,6.49,6.49,6.49,6.49,6.49,6.49,9.08,10.38,10.38,9.08,5.84,5.84,5.84,5.84
N_9_0,N_10_0,4.625118228741839,4.72,4.72,4.72,4.72,4.72,4.72,7.22,7.22,8.33,8.33,5.55,5.55,5.55,5.55,5.55,5.55,7.77,8.88,8.88,7.77,5.0,5.0,5.0,5.0
N_9_0,N_8_0,6.653394497439345,6.79,6.79,6.79,6.79,6.79,6.79,10.38,10.38,11.98,11.98,7.98,7.98,7.98,7.98,7.98,7.98,11.18,12.77,12.77,11.18,7.19,7.19,7.19,7.19
N_9_0,N_10_2,14.675399452840207,8.14,8.14,8.14,8.14,8.14,8.14,10.13,10.13,11.01,11.01,8.81,8.81,8.81,8.81,8.81,8.81,10.57,11.45,11.45,10.57,8.36,8.36,8.36,8.36
N_9_0,N_7_1,2.0476406197104398,3.36,3.36,3.36,3.36,3.36,3.36,5.57,5.57,6.55,6.55,4.1,4.1,4.1,4.1,4.1,4.1,6.06,7.04,7.04,6.06,3.6,3.6,3.6,3.6
N_9_1,N_10_2,10.819886454194215,6.01,6.01,6.01,6.01,6.01,6.01,7.47,7.47,8.11,8.11,6.49,6.49,6.49,6.49,6.49,6.49,7.79,8.44,8.44,7.79,6.17,6.17,6.17,6.17
N_9_1,N_9_2,8.755479415200409,4.86,4.86,4.86,4.86,4.86,4.86,6.04,6.04,6.57,6.57,5.25,5.25,5.25,5.25,5.25,5.25,6.3,6.83,6.83,6.3,4.99,4.99,4.99,4.99
N_9_1,N_9_0,0.8205311575536116,1.35,1.35,1.35,1.35,1.35,1.35,2.23,2.23,2.63,2.63,1.64,1.64,1.64,1.64,1.64,1.64,2.43,2.82,2.82,2.43,1.44,1.44,1.44,1.44
N_9_1,N_11_2,3.409702342105019,3.48,3.48,3.48,3.48,3.48,3.48,5.32,5.32,6.14,6.14,4.09,4.09,4.09,4.09,4.09,4.09,5.73,6.55,6.55,5.73,3.68,3.68,3.68,3.68
N_9_10,N_10_11,1.2363880800920637,2.03,2.03,2.03,2.03,2.03,2.03,3.36,3.36,3.96,3.96,2.47,2.47,2.47,2.47,2.47,2.47,3.66,4.25,4.25,3.66,2.18,2.18,2.18,2.18
N_9_10,N_11_10,13.364655952618797,7.42,7.42,7.42,7.42,7.42,7.42,9.22,9.22,10.02,10.02,8.02,8.02,8.02,8.02,8.02,8.02,9.62,10.42,10.42,9.62,7.62,7.62,7.62,7.62
N_9_11,N_10_12,5.300671391666867,5.41,5.41,5.41,5.41,5.41,5.41,8.27,8.27,9.54,9.54,6.36,6.36,6.36,6.36,6.36,6.36,8.91,10.18,10.18,8.91,5.72,5.72,5.72,5.72
N_9_11,N_10_13,11.218565592718095,6.23,6.23,6.23,6.23,6.23,6.23,7.74,7.74,8.41,8.41,6.73,6.73,6.73,6.73,6.73,6.73,8.08,8.75,8.75,8.08,6.39,6.39,6.39,6.39
N_9_12,N_8_13,3.5026560111583964,3.57,3.57,3.57,3.57,3.57,3.57,5.46,5.46,6.3,6.3,4.2,4.2,4.2,4.2,4.2,4.2,5.88,6.73,6.73,5.88,3.78,3.78,3.78,3.78
N_9_12,N_10_14,5.960260626954446,6.08,6.08,6.08,6.08,6.08,6.08,9.3,9.3,10.73,10.73,7.15,7.15,7.15,7.15,7.15,7.15,10.01,11.44,11.44,10.01,6.44,6.44,6.44,6.44
N_9_12,N_8_11,3.5964149804057306,3.67,3.67,3.67,3.67,3.67,3.67,5.61,5.61,6.47,6.47,4.32,4.32,4.32,4.32,4.32,4.32,6.04,6.91,6.91,6.04,3.88,3.88,3.88,3.88
N_9_13,N_10_12,11.537522578995596,6.4,6.4,6.4,6.4,6.4,6.4,7.96,7.96,8.65,8.65,6.92,6.92,6.92,6.92,6.92,6.92,8.31,9.0,9.0,8.31,6.58,6.58,6.58,6.58
N_9_13,N_8_15,4.610206664834952,4.7,4.7,4.7,4.7,4.7,4.7,7.19,7.19,8.3,8.3,5.53,5.53,5.53,5.53,5.53,5.53,7.75,8.85,8.85,7.75,4.98,4.98,4.98,4.98
N_9_13,N_9_14,14.10365284702282,7.83,7.83,7.83,7.83,7.83,7.83,9.73,9.73,10.58,10.58,8.46,8.46,8.46,8.46,8.46,8.46,10.15,11.0,11.0,10.15,8.04,8.04,8.04,8.04
N_9_14,N_9_13,14.10365284702282,7.83,7.83,7.83,7.83,7.83,7.83,9.73,9.73,10.58,10.58,8.46,8.46,8.46,8.46,8.46,8.46,10.15,11.0,11.0,10.15,8.04,8.04,8.04,8.04
N_9_14,N_10_14,3.301767702754028,3.37,3.37,3.37,3.37,3.37,3.37,5.15,5.15,5.94,5.94,3.96,3.96,3.96,3.96,3.96,3.96,5.55,6.34,6.34,5.55,3.57,3.57,3.57,3.57
N_9_14,N_9_16,6.7376175069152335,6.87,6.87,6.87,6.87,6.87,6.87,10.51,10.51,12.13,12.13,8.09,8.09,8.09,8.09,8.09,8.09,11.32,12.94,12.94,11.32,7.28,7.28,7.28,7.28
N_9_15,N_10_15,6.248977390587428,6.37,6.37,6.37,6.37,6.37,6.37,9.75,9.75,11.25,11.25,7.5,7.5,7.5,7.5,7.5,7.5,10.5,12.0,12.0,10.5,6.75,6.75,6.75,6.75
N_9_15,N_8_14,1.8486155100798514,3.03,3.03,3.03,3.03,3.03,3.03,5.03,5.03,5.92,5.92,3.7,3.7,3.7,3.7,3.7,3.7,5.47,6.36,6.36,5.47,3.25,3.25,3.25,3.25
N_9_15,N_8_17,13.510359510542802,7.5,7.5,7.5,7.5,7.5,7.5,9.32,9.32,10.13,10.13,8.11,8.11,8.11,8.11,8.11,8.11,9.73,10.54,10.54,9.73,7.7,7.7,7.7,7.7
N_9_15,N_9_16,0.8504424428702733,1.39,1.39,1.39,1.39,1.39,1.39,2.31,2.31,2.72,2.72,1.7,1.7,1.7,1.7,1.7,1.7,2.52,2.93,2.93,2.52,1.5,1.5,1.5,1.5
N_9_15,N_9_13,5.925165200973531,6.04,6.04,6.04,6.04,6.04,6.04,9.24,9.24,10.67,10.67,7.11,7.11,7.11,7.11,7.11,7.11,9.95,11.38,11.38,9.95,6.4,6.4,6.4,6.4
N_9_15,N_8_13,6.44202009422435,6.57,6.57,6.57,6.57,6.57,6.57,10.05,10.05,11.6,11.6,7.73,7.73,7.73,7.73,7.73,7.73,10.82,12.37,12.37,10.82,6.96,6.96,6.96,6.96
N_9_16,N_10_18,4.012108107480284,4.09,4.09,4.09,4.09,4.09,4.09,6.26,6.26,7.22,7.22,4.81,4.81,4.81,4.81,4.81,4.81,6.74,7.7,7.7,6.74,4.33,4.33,4.33,4.33
N_9_16,N_9_14,6.7376175069152335,6.87,6.87,6.87,6.87,6.87,6.87,10.51,10.51,12.13,12.13,8.09,8.09,8.09,8.09,8.09,8.09,11.32,12.94,12.94,11.32,7.28,7.28,7.28,7.28
N_9_17,N_10_15,4.695868529835868,4.79,4.79,4.79,4.79,4.79,4.79,7.33,7.33,8.45,8.45,5.64,5.64,5.64,5.64,5.64,5.64,7.89,9.02,9.02,7.89,5.07,5.07,5.07,5.07
N_9_17,N_8_18,5.506304484828709,5.62,5.62,5.62,5.62,5.62,5.62,8.59,8.59,9.91,9.91,6.61,6.61,6.61,6.61,6.61,6.61,9.25,10.57,10.57,9.25,5.95,5.95,5.95,5.95
N_9_17,N_11_16,4.446814779931904,4.54,4.54,4.54,4.54,4.54,4.54,6.94,6.94,8.0,8.0,5.34,5.34,5.34,5.34,5.34,5.34,7.47,8.54,8.54,7.47,4.8,4.8,4.8,4.8
N_9_18,N_10_18,12.512980733064134,6.94,6.94,6.94,6.94,6.94,6.94,8.63,8.63,9.38,9.38,7.51,7.51,7.51,7.51,7.51,7.51,9.01,9.76,9.76,9.01,7.13,7.13,7.13,7.13
N_9_18,N_11_18,0.763108537261671,1.25,1.25,1.25,1.25,1.25,1.25,2.08,2.08,2.44,2.44,1.53,1.53,1.53,1.53,1.53,1.53,2.26,2.63,2.63,2.26,1.34,1.34,1.34,1.34
N_9_18,N_7_19,13.592895382829134,7.54,7.54,7.54,7.54,7.54,7.54,9.38,9.38,10.19,10.19,8.16,8.16,8.16,8.16,8.16,8.16,9.79,10.6,10.6,9.79,7.75,7.75,7.75,7.75
N_9_19,N_10_21,13.845132193331569,7.68,7.68,7.68,7.68,7.68,7.68,9.55,9.55,10.38,10.38,8.31,8.31,8.31,8.31,8.31,8.31,9.97,10.8,10.8,9.97,7.89,7.89,7.89,7.89
N_9_19,N_7_18,2.1706828450656968,3.56,3.56,3.56,3.56,3.56,3.56,5.9,5.9,6.95,6.95,4.34,4.34,4.34,4.34,4.34,4.34,6.43,7.47,7.47,6.43,3.82,3.82,3.82,3.82
N_9_19,N_8_18,9.496941966972626,5.27,5.27,5.27,5.27,5.27,5.27,6.55,6.55,7.12,7.12,5.7,5.7,5.7,5.7,5.7,5.7,6.84,7.41,7.41,6.84,5.41,5.41,5.41,5.41
N_9_19,N_8_17,10.610836201772543,5.89,5.89,5.89,5.89,5.89,5.89,7.32,7.32,7.96,7.96,6.37,6.37,6.37,6.37,6.37,6.37,7.64,8.28,8.28,7.64,6.05,6.05,6.05,6.05
N_9_19,N_11_20,5.452032454338017,5.56,5.56,5.56,5.56,5.56,5.56,8.51,8.51,9.81,9.81,6.54,6.54,6.54,6.54,6.54,6.54,9.16,10.47,10.47,9.16,5.89,5.89,5.89,5.89
N_9_19,N_9_21,14.774902125786168,8.2,8.2,8.2,8.2,8.2,8.2,10.19,10.19,11.08,11.08,8.86,8.86,8.86,8.86,8.86,8.86,10.64,11.52,11.52,10.64,8.42,8.42,8.42,8.42
N_9_19,N_9_18,4.330842691709751,4.42,4.42,4.42,4.42,4.42,4.42,6.76,6.76,7.8,7.8,5.2,5.2,5.2,5.2,5.2,5.2,7.28,8.32,8.32,7.28,4.68,4.68,4.68,4.68
N_9_2,N_8_1,11.229558965500129,6.23,6.23,6.23,6.23,6.23,6.23,7.75,7.75,8.42,8.42,6.74,6.74,6.74,6.74,6.74,6.74,8.09,8.76,8.76,8.09,6.4,6.4,6.4,6.4
N_9_2,N_9_1,8.755479415200409,4.86,4.86,4.86,4.86,4.86,4.86,6.04,6.04,6.57,6.57,5.25,5.25,5.25,5.25,5.25,5.25,6.3,6.83,6.83,6.3,4.99,4.99,4.99,4.99
N_9_2,N_9_4,6.876233863028183,7.01,7.01,7.01,7.01,7.01,7.01,10.73,10.73,12.38,12.38,8.25,8.25,8.25,8.25,8.25,8.25,11.55,13.2,13.2,11.55,7.43,7.43,7.43,7.43
N_9_2,N_10_0,2.087506880309055,3.42,3.42,3.42,3.42,3.42,3.42,5.68,5.68,6.68,6.68,4.18,4.18,4.18,4.18,4.18,4.18,6.18,7.18,7.18,6.18,3.67,3.67,3.67,3.67
N_9_20,N_9_22,3.9746001201006442,4.05,4.05,4.05,4.05,4.05,4.05,6.2,6.2,7.15,7.15,4.77,4.77,4.77,4.77,4.77,4.77,6.68,7.63,7.63,6.68,4.29,4.29,4.29,4.29
N_9_20,N_10_19,5.932443084571942,6.05,6.05,6.05,6.05,6.05,6.05,9.25,9.25,10.68,10.68,7.12,7.12,7.12,7.12,7.12,7.12,9.97,11.39,11.39,9.97,6.41,6.41,6.41,6.41
N_9_21,N_10_19,9.242333672902735,5.13,5.13,5.13,5.13,5.13,5.13,6.38,6.38,6.93,6.93,5.55,5.55,5.55,5.55,5.55,5.55,6.65,7.21,7.21,6.65,5.27,5.27,5.27,5.27
N_9_21,N_10_20,10.559508599166028,5.86,5.86,5.86,5.86,5.86,5.86,7.29,7.29,7.92,7.92,6.34,6.34,6.34,6.34,6.34,6.34,7.6,8.24,8.24,7.6,6.02,6.02,6.02,6.02
N_9_21,N_10_21,6.914238551706905,7.05,7.05,7.05,7.05,7.05,7.05,10.79,10.79,12.45,12.45,8.3,8.3,8.3,8.3,8.3,8.3,11.62,13.28,13.28,11.62,7.47,7.47,7.47,7.47
N_9_21,N_10_23,6.771187899455825,6.91,6.91,6.91,6.91,6.91,6.91,10.56,10.56,12.19,12.19,8.13,8.13,8.13,8.13,8.13,8.13,11.38,13.0,13.0,11.38,7.31,7.31,7.31,7.31
N_9_21,N_8_22,4.311707720223474,4.4,4.4,4.4,4.4,4.4,4.4,6.73,6.73,7.76,7.76,5.17,5.17,5.17,5.17,5.17,5.17,7.24,8.28,8.28,7.24,4.66,4.66,4.66,4.66
N_9_22,N_9_20,3.9746001201006442,4.05,4.05,4.05,4.05,4.05,4.05,6.2,6.2,7.15,7.15,4.77,4.77,4.77,4.77,4.77,4.77,6.68,7.63,7.63,6.68,4.29,4.29,4.29,4.29
N_9_22,N_11_22,1.5436896572673564,2.53,2.53,2.53,2.53,2.53,2.53,4.2,4.2,4.94,4.94,3.09,3.09,3.09,3.09,3.09,3.09,4.57,5.31,5.31,4.57,2.72,2.72,2.72,2.72
N_9_22,N_8_20,1.6910142904000436,2.77,2.77,2.77,2.77,2.77,2.77,4.6,4.6,5.41,5.41,3.38,3.38,3.38,3.38,3.38,3.38,5.01,5.82,5.82,5.01,2.98,2.98,2.98,2.98
N_9_22,N_10_22,10.598515913927724,5.88,5.88,5.88,5.88,5.88,5.88,7.31,7.31,7.95,7.95,6.36,6.36,6.36,6.36,6.36,6.36,7.63,8.27,8.27,7.63,6.04,6.04,6.04,6.04
N_9_23,N_8_23,0.7231998552788412,1.19,1.19,1.19,1.19,1.19,1.19,1.97,1.97,2.31,2.31,1.45,1.45,1.45,1.45,1.45,1.45,2.14,2.49,2.49,2.14,1.27,1.27,1.27,1.27
N_9_23,N_10_25,3.9404364001277634,4.02,4.02,4.02,4.02,4.02,4.02,6.15,6.15,7.09,7.09,4.73,4.73,4.73,4.73,4.73,4.73,6.62,7.57,7.57,6.62,4.26,4.26,4.26,4.26
N_9_23,N_10_23,13.656483199224619,7.58,7.58,7.58,7.58,7.58,7.58,9.42,9.42,10.24,10.24,8.19,8.19,8.19,8.19,8.19,8.19,9.83,10.65,10.65,9.83,7.78,7.78,7.78,7.78
N_9_23,N_10_21,3.265174932034258,3.33,3.33,3.33,3.33,3.33,3.33,5.09,5.09,5.88,5.88,3.92,3.92,3.92,3.92,3.92,3.92,5.49,6.27,6.27,5.49,3.53,3.53,3.53,3.53
N_9_23,N_11_23,6.903854658043677,7.04,7.04,7.04,7.04,7.04,7.04,10.77,10.77,12.43,12.43,8.28,8.28,8.28,8.28,8.28,8.28,11.6,13.26,13.26,11.6,7.46,7.46,7.46,7.46
N_9_23,N_9_22,3.7553376684806694,3.83,3.83,3.83,3.83,3.83,3.83,5.86,5.86,6.76,6.76,4.51,4.51,4.51,4.51,4.51,4.51,6.31,7.21,7.21,6.31,4.06,4.06,4.06,4.06
N_9_24,N_10_23,6.611952979092306,6.74,6.74,6.74,6.74,6.74,6.74,10.31,10.31,11.9,11.9,7.93,7.93,7.93,7.93,7.93,7.93,11.11,12.69,12.69,11.11,7.14,7.14,7.14,7.14
N_9_24,N_11_25,6.110349807031151,6.23,6.23,6.23,6.23,6.23,6.23,9.53,9.53,11.0,11.0,7.33,7.33,7.33,7.33,7.33,7.33,10.27,11.73,11.73,10.27,6.6,6.6,6.6,6.6
N_9_24,N_7_23,4.90745571255996,5.01,5.01,5.01,5.01,5.01,5.01,7.66,7.66,8.83,8.83,5.89,5.89,5.89,5.89,5.89,5.89,8.24,9.42,9.42,8.24,5.3,5.3,5.3,5.3
N_9_24,N_9_23,4.644253409201815,4.74,4.74,4.74,4.74,4.74,4.74,7.25,7.25,8.36,8.36,5.57,5.57,5.57,5.57,5.57,5.57,7.8,8.92,8.92,7.8,5.02,5.02,5.02,5.02
N_9_25,N_10_24,4.677437636956091,4.77,4.77,4.77,4.77,4.77,4.77,7.3,7.3,8.42,8.42,5.61,5.61,5.61,5.61,5.61,5.61,7.86,8.98,8.98,7.86,5.05,5.05,5.05,5.05
N_9_25,N_7_26,1.90296799169584,3.12,3.12,3.12,3.12,3.12,3.12,5.18,5.18,6.09,6.09,3.81,3.81,3.81,3.81,3.81,3.81,5.63,6.55,6.55,5.63,3.35,3.35,3.35,3.35
N_9_25,N_9_23,3.1007727306718733,3.16,3.16,3.16,3.16,3.16,3.16,4.84,4.84,5.58,5.58,3.72,3.72,3.72,3.72,3.72,3.72,5.21,5.95,5.95,5.21,3.35,3.35,3.35,3.35
N_9_25,N_8_24,8.3342049798255,4.63,4.63,4.63,4.63,4.63,4.63,5.75,5.75,6.25,6.25,5.0,5.0,5.0,5.0,5.0,5.0,6.0,6.5,6.5,6.0,4.75,4.75,4.75,4.75
N_9_26,N_7_25,6.24697711909422,6.37,6.37,6.37,6.37,6.37,6.37,9.75,9.75,11.24,11.24,7.5,7.5,7.5,7.5,7.5,7.5,10.49,11.99,11.99,10.49,6.75,6.75,6.75,6.75
N_9_26,N_8_27,0.9740684228423986,1.6,1.6,1.6,1.6,1.6,1.6,2.65,2.65,3.12,3.12,1.95,1.95,1.95,1.95,1.95,1.95,2.88,3.35,3.35,2.88,1.71,1.71,1.71,1.71
N_9_26,N_9_27,9.950554055293235,5.52,5.52,5.52,5.52,5.52,5.52,6.87,6.87,7.46,7.46,5.97,5.97,5.97,5.97,5.97,5.97,7.16,7.76,7.76,7.16,5.67,5.67,5.67,5.67
N_9_26,N_10_26,6.489011753322448,6.62,6.62,6.62,6.62,6.62,6.62,10.12,10.12,11.68,11.68,7.79,7.79,7.79,7.79,7.79,7.79,10.9,12.46,12.46,10.9,7.01,7.01,7.01,7.01
N_9_27,N_7_27,6.285944535210467,6.41,6.41,6.41,6.41,6.41,6.41,9.81,9.81,11.31,11.31,7.54,7.54,7.54,7.54,7.54,7.54,10.56,12.07,12.07,10.56,6.79,6.79,6.79,6.79
N_9_27,N_8_28,4.078175513018127,4.16,4.16,4.16,4.16,4.16,4.16,6.36,6.36,7.34,7.34,4.89,4.89,4.89,4.89,4.89,4.89,6.85,7.83,7.83,6.85,4.4,4.4,4.4,4.4
N_9_27,N_9_28,12.706379980051508,7.05,7.05,7.05,7.05,7.05,7.05,8.77,8.77,9.53,9.53,7.62,7.62,7.62,7.62,7.62,7.62,9.15,9.91,9.91,9.15,7.24,7.24,7.24,7.24
N_9_28,N_10_28,5.795517625099752,5.91,5.91,5.91,5.91,5.91,5.91,9.04,9.04,10.43,10.43,6.95,6.95,6.95,6.95,6.95,6.95,9.74,11.13,11.13,9.74,6.26,6.26,6.26,6.26
N_9_28,N_9_26,1.8265314875215724,3.0,3.0,3.0,3.0,3.0,3.0,4.97,4.97,5.84,5.84,3.65,3.65,3.65,3.65,3.65,3.65,5.41,6.28,6.28,5.41,3.21,3.21,3.21,3.21
N_9_28,N_7_27,6.0723617084415835,6.19,6.19,6.19,6.19,6.19,6.19,9.47,9.47,10.93,10.93,7.29,7.29,7.29,7.29,7.29,7.29,10.2,11.66,11.66,10.2,6.56,6.56,6.56,6.56
N_9_29,N_10_29,6.408573882118139,6.54,6.54,6.54,6.54,6.54,6.54,10.0,10.0,11.54,11.54,7.69,7.69,7.69,7.69,7.69,7.69,10.77,12.3,12.3,10.77,6.92,6.92,6.92,6.92
N_9_29,N_10_31,2.4683069131371917,4.05,4.05,4.05,4.05,4.05,4.05,6.71,6.71,7.9,7.9,4.94,4.94,4.94,4.94,4.94,4.94,7.31,8.49,8.49,7.31,4.34,4.34,4.34,4.34
N_9_3,N_11_2,13.550885696496975,7.52,7.52,7.52,7.52,7.52,7.52,9.35,9.35,10.16,10.16,8.13,8.13,8.13,8.13,8.13,8.13,9.76,10.57,10.57,9.76,7.72,7.72,7.72,7.72
N_9_3,N_9_1,10.565842546772858,5.86,5.86,5.86,5.86,5.86,5.86,7.29,7.29,7.92,7.92,6.34,6.34,6.34,6.34,6.34,6.34,7.61,8.24,8.24,7.61,6.02,6.02,6.02,6.02
N_9_30,N_10_29,6.725783103860355,6.86,6.86,6.86,6.86,6.86,6.86,10.49,10.49,12.11,12.11,8.07,8.07,8.07,8.07,8.07,8.07,11.3,12.91,12.91,11.3,7.26,7.26,7.26,7.26
N_9_30,N_8_31,6.695299263393892,6.83,6.83,6.83,6.83,6.83,6.83,10.44,10.44,12.05,12.05,8.03,8.03,8.03,8.03,8.03,8.03,11.25,12.85,12.85,11.25,7.23,7.23,7.23,7.23
N_9_31,N_10_29,6.7178272310613085,6.85,6.85,6.85,6.85,6.85,6.85,10.48,10.48,12.09,12.09,8.06,8.06,8.06,8.06,8.06,8.06,11.29,12.9,12.9,11.29,7.26,7.26,7.26,7.26
N_9_31,N_9_30,5.006928842202914,5.11,5.11,5.11,5.11,5.11,5.11,7.81,7.81,9.01,9.01,6.01,6.01,6.01,6.01,6.01,6.01,8.41,9.61,9.61,8.41,5.41,5.41,5.41,5.41
N_9_32,N_10_33,10.08535621890607,5.6,5.6,5.6,5.6,5.6,5.6,6.96,6.96,7.56,7.56,6.05,6.05,6.05,6.05,6.05,6.05,7.26,7.87,7.87,7.26,5.75,5.75,5.75,5.75
N_9_32,N_8_33,4.506904824718298,4.6,4.6,4.6,4.6,4.6,4.6,7.03,7.03,8.11,8.11,5.41,5.41,5.41,5.41,5.41,5.41,7.57,8.65,8.65,7.57,4.87,4.87,4.87,4.87
N_9_33,N_10_32,1.3327465256576594,2.19,2.19,2.19,2.19,2.19,2.19,3.63,3.63,4.26,4.26,2.67,2.67,2.67,2.67,2.67,2.67,3.94,4.58,4.58,3.94,2.35,2.35,2.35,2.35
N_9_33,N_11_32,1.1002623100676183,1.8,1.8,1.8,1.8,1.8,1.8,2.99,2.99,3.52,3.52,2.2,2.2,2.2,2.2,2.2,2.2,3.26,3.78,3.78,3.26,1.94,1.94,1.94,1.94
N_9_34,N_10_34,14.575524847882242,8.09,8.09,8.09,8.09,8.09,8.09,10.06,10.06,10.93,10.93,8.75,8.75,8.75,8.75,8.75,8.75,10.49,11.37,11.37,10.49,8.31,8.31,8.31,8.31
N_9_34,N_11_34,4.343453071941657,4.43,4.43,4.43,4.43,4.43,4.43,6.78,6.78,7.82,7.82,5.21,5.21,5.21,5.21,5.21,5.21,7.3,8.34,8.34,7.3,4.69,4.69,4.69,4.69
N_9_34,N_9_36,14.583098304594376,8.09,8.09,8.09,8.09,8.09,8.09,10.06,10.06,10.94,10.94,8.75,8.75,8.75,8.75,8.75,8.75,10.5,11.37,11.37,10.5,8.31,8.31,8.31,8.31
N_9_35,N_10_33,10.15153467692622,5.63,5.63,5.63,5.63,5.63,5.63,7.0,7.0,7.61,7.61,6.09,6.09,6.09,6.09,6.09,6.09,7.31,7.92,7.92,7.31,5.79,5.79,5.79,5.79
N_9_35,N_8_33,3.09065052230527,3.15,3.15,3.15,3.15,3.15,3.15,4.82,4.82,5.56,5.56,3.71,3.71,3.71,3.71,3.71,3.71,5.19,5.93,5.93,5.19,3.34,3.34,3.34,3.34
N_9_35,N_10_36,4.5604245109962465,4.65,4.65,4.65,4.65,4.65,4.65,7.11,7.11,8.21,8.21,5.47,5.47,5.47,5.47,5.47,5.47,7.66,8.76,8.76,7.66,4.93,4.93,4.93,4.93
N_9_35,N_9_34,4.300906041487669,4.39,4.39,4.39,4.39,4.39,4.39,6.71,6.71,7.74,7.74,5.16,5.16,5.16,5.16,5.16,5.16,7.23,8.26,8.26,7.23,4.64,4.64,4.64,4.64
N_9_36,N_10_36,5.899402728299238,6.02,6.02,6.02,6.02,6.02,6.02,9.2,9.2,10.62,10.62,7.08,7.08,7.08,7.08,7.08,7.08,9.91,11.33,11.33,9.91,6.37,6.37,6.37,6.37
N_9_36,N_11_37,1.7082038083553435,2.8,2.8,2.8,2.8,2.8,2.8,4.65,4.65,5.47,5.47,3.42,3.42,3.42,3.42,3.42,3.42,5.06,5.88,5.88,5.06,3.01,3.01,3.01,3.01
N_9_37,N_10_37,12.001049607650602,6.66,6.66,6.66,6.66,6.66,6.66,8.28,8.28,9.0,9.0,7.2,7.2,7.2,7.2,7.2,7.2,8.64,9.36,9.36,8.64,6.84,6.84,6.84,6.84
N_9_37,N_10_39,6.613577224957632,6.75,6.75,6.75,6.75,6.75,6.75,10.32,10.32,11.9,11.9,7.94,7.94,7.94,7.94,7.94,7.94,11.11,12.7,12.7,11.11,7.14,7.14,7.14,7.14
N_9_37,N_9_35,3.9109399641711717,3.99,3.99,3.99,3.99,3.99,3.99,6.1,6.1,7.04,7.04,4.69,4.69,4.69,4.69,4.69,4.69,6.57,7.51,7.51,6.57,4.22,4.22,4.22,4.22
N_9_37,N_8_35,3.1033518771789006,3.17,3.17,3.17,3.17,3.17,3.17,4.84,4.84,5.59,5.59,3.72,3.72,3.72,3.72,3.72,3.72,5.21,5.96,5.96,5.21,3.35,3.35,3.35,3.35
N_9_38,N_10_38,11.308152769296422,6.28,6.28,6.28,6.28,6.28,6.28,7.8,7.8,8.48,8.48,6.78,6.78,6.78,6.78,6.78,6.78,8.14,8.82,8.82,8.14,6.45,6.45,6.45,6.45
N_9_38,N_8_39,13.00203796963961,7.22,7.22,7.22,7.22,7.22,7.22,8.97,8.97,9.75,9.75,7.8,7.8,7.8,7.8,7.8,7.8,9.36,10.14,10.14,9.36,7.41,7.41,7.41,7.41
N_9_39,N_8_38,12.096024943306706,6.71,6.71,6.71,6.71,6.71,6.71,8.35,8.35,9.07,9.07,7.26,7.26,7.26,7.26,7.26,7.26,8.71,9.43,9.43,8.71,6.89,6.89,6.89,6.89
N_9_39,N_10_39,0.6237661011059275,1.02,1.02,1.02,1.02,1.02,1.02,1.7,1.7,2.0,2.0,1.25,1.25,1.25,1.25,1.25,1.25,1.85,2.15,2.15,1.85,1.1,1.1,1.1,1.1
N_9_39,N_7_38,4.5545725458095685,4.65,4.65,4.65,4.65,4.65,4.65,7.11,7.11,8.2,8.2,5.47,5.47,5.47,5.47,5.47,5.47,7.65,8.74,8.74,7.65,4.92,4.92,4.92,4.92
N_9_4,N_10_4,12.365086856226565,6.86,6.86,6.86,6.86,6.86,6.86,8.53,8.53,9.27,9.27,7.42,7.42,7.42,7.42,7.42,7.42,8.9,9.64,9.64,8.9,7.05,7.05,7.05,7.05
N_9_4,N_11_4,5.12374704921572,5.23,5.23,5.23,5.23,5.23,5.23,7.99,7.99,9.22,9.22,6.15,6.15,6.15,6.15,6.15,6.15,8.61,9.84,9.84,8.61,5.53,5.53,5.53,5.53
N_9_4,N_7_3,9.159080310317266,5.08,5.08,5.08,5.08,5.08,5.08,6.32,6.32,6.87,6.87,5.5,5.5,5.5,5.5,5.5,5.5,6.59,7.14,7.14,6.59,5.22,5.22,5.22,5.22
N_9_4,N_9_2,6.876233863028183,7.01,7.01,7.01,7.01,7.01,7.01,10.73,10.73,12.38,12.38,8.25,8.25,8.25,8.25,8.25,8.25,11.55,13.2,13.2,11.55,7.43,7.43,7.43,7.43
N_9_5,N_10_3,8.128238941249974,4.51,4.51,4.51,4.51,4.51,4.51,5.61,5.61,6.1,6.1,4.88,4.88,4.88,4.88,4.88,4.88,5.85,6.34,6.34,5.85,4.63,4.63,4.63,4.63
N_9_5,N_8_7,8.560889840544208,4.75,4.75,4.75,4.75,4.75,4.75,5.91,5.91,6.42,6.42,5.14,5.14,5.14,5.14,5.14,5.14,6.16,6.68,6.68,6.16,4.88,4.88,4.88,4.88
N_9_5,N_11_6,11.644540986355757,6.46,6.46,6.46,6.46,6.46,6.46,8.03,8.03,8.73,8.73,6.99,6.99,6.99,6.99,6.99,6.99,8.38,9.08,9.08,8.38,6.64,6.64,6.64,6.64
N_9_5,N_7_5,13.717057502997605,7.61,7.61,7.61,7.61,7.61,7.61,9.46,9.46,10.29,10.29,8.23,8.23,8.23,8.23,8.23,8.23,9.88,10.7,10.7,9.88,7.82,7.82,7.82,7.82
N_9_6,N_10_5,6.8398826917224245,6.98,6.98,6.98,6.98,6.98,6.98,10.67,10.67,12.31,12.31,8.21,8.21,8.21,8.21,8.21,8.21,11.49,13.13,13.13,11.49,7.39,7.39,7.39,7.39
N_9_6,N_10_8,2.358715723684906,3.87,3.87,3.87,3.87,3.87,3.87,6.42,6.42,7.55,7.55,4.72,4.72,4.72,4.72,4.72,4.72,6.98,8.11,8.11,6.98,4.15,4.15,4.15,4.15
N_9_6,N_10_6,5.756102119773266,5.87,5.87,5.87,5.87,5.87,5.87,8.98,8.98,10.36,10.36,6.91,6.91,6.91,6.91,6.91,6.91,9.67,11.05,11.05,9.67,6.22,6.22,6.22,6.22
N_9_7,N_9_5,6.401600425631765,6.53,6.53,6.53,6.53,6.53,6.53,9.99,9.99,11.52,11.52,7.68,7.68,7.68,7.68,7.68,7.68,10.75,12.29,12.29,10.75,6.91,6.91,6.91,6.91
N_9_7,N_8_5,6.933954114757001,7.07,7.07,7.07,7.07,7.07,7.07,10.82,10.82,12.48,12.48,8.32,8.32,8.32,8.32,8.32,8.32,11.65,13.31,13.31,11.65,7.49,7.49,7.49,7.49
N_9_7,N_9_9,4.947869083433636,5.05,5.05,5.05,5.05,5.05,5.05,7.72,7.72,8.91,8.91,5.94,5.94,5.94,5.94,5.94,5.94,8.31,9.5,9.5,8.31,5.34,5.34,5.34,5.34
N_9_7,N_10_5,5.739864306934532,5.85,5.85,5.85,5.85,5.85,5.85,8.95,8.95,10.33,10.33,6.89,6.89,6.89,6.89,6.89,6.89,9.64,11.02,11.02,9.64,6.2,6.2,6.2,6.2
N_9_8,N_10_6,6.656190753783138,6.79,6.79,6.79,6.79,6.79,6.79,10.38,10.38,11.98,11.98,7.99,7.99,7.99,7.99,7.99,7.99,11.18,12.78,12.78,11.18,7.19,7.19,7.19,7.19
N_9_8,N_7_9,5.882214670057307,6.0,6.0,6.0,6.0,6.0,6.0,9.18,9.18,10.59,10.59,7.06,7.06,7.06,7.06,7.06,7.06,9.88,11.29,11.29,9.88,6.35,6.35,6.35,6.35
N_9_9,N_9_7,4.947869083433636,5.05,5.05,5.05,5.05,5.05,5.05,7.72,7.72,8.91,8.91,5.94,5.94,5.94,5.94,5.94,5.94,8.31,9.5,9.5,8.31,5.34,5.34,5.34,5.34
N_9_9,N_11_8,4.783805300305824,4.88,4.88,4.88,4.88,4.88,4.88,7.46,7.46,8.61,8.61,5.74,5.74,5.74,5.74,5.74,5.74,8.04,9.18,9.18,8.04,5.17,5.17,5.17,5.17
N_9_9,N_11_9,6.676528172161401,6.81,6.81,6.81,6.81,6.81,6.81,10.42,10.42,12.02,12.02,8.01,8.01,8.01,8.01,8.01,8.01,11.22,12.82,12.82,11.22,7.21,7.21,7.21,7.21
N_9_9,N_10_9,3.4231649930806847,3.49,3.49,3.49,3.49,3.49,3.49,5.34,5.34,6.16,6.16,4.11,4.11,4.11,4.11,4.11,4.11,5.75,6.57,6.57,5.75,3.7,3.7,3.7,3.7
