source,destination,distance,time_0,time_1,time_2,time_3,time_4,time_5,time_6,time_7,time_8,time_9,time_10,time_11,time_12,time_13,time_14,time_15,time_16,time_17,time_18,time_19,time_20,time_21,time_22,time_23
N_0_0,N_1_1,1.5976084908876709,2.62,2.62,2.62,2.62,2.62,2.62,4.35,4.35,5.11,5.11,3.2,3.2,3.2,3.2,3.2,3.2,4.73,5.5,5.5,4.73,2.81,2.81,2.81,2.81
N_0_0,N_2_2,3.4447474412969536,3.51,3.51,3.51,3.51,3.51,3.51,5.37,5.37,6.2,6.2,4.13,4.13,4.13,4.13,4.13,4.13,5.79,6.61,6.61,5.79,3.72,3.72,3.72,3.72
N_0_0,N_0_3,3.190997786475405,3.25,3.25,3.25,3.25,3.25,3.25,4.98,4.98,5.74,5.74,3.83,3.83,3.83,3.83,3.83,3.83,5.36,6.13,6.13,5.36,3.45,3.45,3.45,3.45
N_0_1,N_3_1,8.010950351533793,4.45,4.45,4.45,4.45,4.45,4.45,5.53,5.53,6.01,6.01,4.81,4.81,4.81,4.81,4.81,4.81,5.77,6.25,6.25,5.77,4.57,4.57,4.57,4.57
N_0_1,N_2_2,3.74925564719353,3.82,3.82,3.82,3.82,3.82,3.82,5.85,5.85,6.75,6.75,4.5,4.5,4.5,4.5,4.5,4.5,6.3,7.2,7.2,6.3,4.05,4.05,4.05,4.05
N_0_1,N_1_3,4.442415030827502,4.53,4.53,4.53,4.53,4.53,4.53,6.93,6.93,8.0,8.0,5.33,5.33,5.33,5.33,5.33,5.33,7.46,8.53,8.53,7.46,4.8,4.8,4.8,4.8
N_0_10,N_3_10,5.513027849902626,5.62,5.62,5.62,5.62,5.62,5.62,8.6,8.6,9.92,9.92,6.62,6.62,6.62,6.62,6.62,6.62,9.26,10.59,10.59,9.26,5.95,5.95,5.95,5.95
N_0_10,N_0_11,4.3300744334879395,4.42,4.42,4.42,4.42,4.42,4.42,6.75,6.75,7.79,7.79,5.2,5.2,5.2,5.2,5.2,5.2,7.27,8.31,8.31,7.27,4.68,4.68,4.68,4.68
N_0_10,N_0_8,6.254035462224353,6.38,6.38,6.38,6.38,6.38,6.38,9.76,9.76,11.26,11.26,7.5,7.5,7.5,7.5,7.5,7.5,10.51,12.01,12.01,10.51,6.75,6.75,6.75,6.75
N_0_10,N_2_8,4.8584915989881505,4.96,4.96,4.96,4.96,4.96,4.96,7.58,7.58,8.75,8.75,5.83,5.83,5.83,5.83,5.83,5.83,8.16,9.33,9.33,8.16,5.25,5.25,5.25,5.25
N_0_10,N_2_10,6.245990727390426,6.37,6.37,6.37,6.37,6.37,6.37,9.74,9.74,11.24,11.24,7.5,7.5,7.5,7.5,7.5,7.5,10.49,11.99,11.99,10.49,6.75,6.75,6.75,6.75
N_0_10,N_0_7,4.830718309789413,4.93,4.93,4.93,4.93,4.93,4.93,7.54,7.54,8.7,8.7,5.8,5.8,5.8,5.8,5.8,5.8,8.12,9.27,9.27,8.12,5.22,5.22,5.22,5.22
N_0_10,N_2_11,9.396288836006319,5.21,5.21,5.21,5.21,5.21,5.21,6.48,6.48,7.05,7.05,5.64,5.64,5.64,5.64,5.64,5.64,6.77,7.33,7.33,6.77,5.36,5.36,5.36,5.36
N_0_10,N_0_13,1.5307671785089976,2.51,2.51,2.51,2.51,2.51,2.51,4.16,4.16,4.9,4.9,3.06,3.06,3.06,3.06,3.06,3.06,4.53,5.27,5.27,4.53,2.69,2.69,2.69,2.69
N_0_11,N_0_10,4.3300744334879395,4.42,4.42,4.42,4.42,4.42,4.42,6.75,6.75,7.79,7.79,5.2,5.2,5.2,5.2,5.2,5.2,7.27,8.31,8.31,7.27,4.68,4.68,4.68,4.68
N_0_11,N_0_8,1.2732895365213843,2.09,2.09,2.09,2.09,2.09,2.09,3.46,3.46,4.07,4.07,2.55,2.55,2.55,2.55,2.55,2.55,3.77,4.38,4.38,3.77,2.24,2.24,2.24,2.24
N_0_11,N_1_13,4.990093569974509,5.09,5.09,5.09,5.09,5.09,5.09,7.78,7.78,8.98,8.98,5.99,5.99,5.99,5.99,5.99,5.99,8.38,9.58,9.58,8.38,5.39,5.39,5.39,5.39
N_0_11,N_2_13,3.3157080242218715,3.38,3.38,3.38,3.38,3.38,3.38,5.17,5.17,5.97,5.97,3.98,3.98,3.98,3.98,3.98,3.98,5.57,6.37,6.37,5.57,3.58,3.58,3.58,3.58
N_0_12,N_0_10,3.169420651400518,3.23,3.23,3.23,3.23,3.23,3.23,4.94,4.94,5.7,5.7,3.8,3.8,3.8,3.8,3.8,3.8,5.32,6.09,6.09,5.32,3.42,3.42,3.42,3.42
N_0_12,N_1_14,6.992602391092197,7.13,7.13,7.13,7.13,7.13,7.13,10.91,10.91,12.59,12.59,8.39,8.39,8.39,8.39,8.39,8.39,11.75,13.43,13.43,11.75,7.55,7.55,7.55,7.55
N_0_12,N_3_12,2.3958087572061726,3.93,3.93,3.93,3.93,3.93,3.93,6.52,6.52,7.67,7.67,4.79,4.79,4.79,4.79,4.79,4.79,7.09,8.24,8.24,7.09,4.22,4.22,4.22,4.22
N_0_12,N_0_13,4.45324452260393,4.54,4.54,4.54,4.54,4.54,4.54,6.95,6.95,8.02,8.02,5.34,5.34,5.34,5.34,5.34,5.34,7.48,8.55,8.55,7.48,4.81,4.81,4.81,4.81
N_0_13,N_0_11,5.71624822765358,5.83,5.83,5.83,5.83,5.83,5.83,8.92,8.92,10.29,10.29,6.86,6.86,6.86,6.86,6.86,6.86,9.6,10.98,10.98,9.6,6.17,6.17,6.17,6.17
N_0_13,N_0_12,6.052337887194318,6.17,6.17,6.17,6.17,6.17,6.17,9.44,9.44,10.89,10.89,7.26,7.26,7.26,7.26,7.26,7.26,10.17,11.62,11.62,10.17,6.54,6.54,6.54,6.54
N_0_13,N_1_13,4.592136183809799,4.68,4.68,4.68,4.68,4.68,4.68,7.16,7.16,8.27,8.27,5.51,5.51,5.51,5.51,5.51,5.51,7.71,8.82,8.82,7.71,4.96,4.96,4.96,4.96
N_0_13,N_2_15,8.794140288095127,4.88,4.88,4.88,4.88,4.88,4.88,6.07,6.07,6.6,6.6,5.28,5.28,5.28,5.28,5.28,5.28,6.33,6.86,6.86,6.33,5.01,5.01,5.01,5.01
N_0_14,N_0_17,6.594716123144922,6.73,6.73,6.73,6.73,6.73,6.73,10.29,10.29,11.87,11.87,7.91,7.91,7.91,7.91,7.91,7.91,11.08,12.66,12.66,11.08,7.12,7.12,7.12,7.12
N_0_14,N_2_12,12.773504821754461,7.09,7.09,7.09,7.09,7.09,7.09,8.81,8.81,9.58,9.58,7.66,7.66,7.66,7.66,7.66,7.66,9.2,9.96,9.96,9.2,7.28,7.28,7.28,7.28
N_0_14,N_0_11,4.389701178954258,4.48,4.48,4.48,4.48,4.48,4.48,6.85,6.85,7.9,7.9,5.27,5.27,5.27,5.27,5.27,5.27,7.37,8.43,8.43,7.37,4.74,4.74,4.74,4.74
N_0_14,N_1_12,6.565326729415556,6.7,6.7,6.7,6.7,6.7,6.7,10.24,10.24,11.82,11.82,7.88,7.88,7.88,7.88,7.88,7.88,11.03,12.61,12.61,11.03,7.09,7.09,7.09,7.09
N_0_14,N_0_15,6.709297826892711,6.84,6.84,6.84,6.84,6.84,6.84,10.47,10.47,12.08,12.08,8.05,8.05,8.05,8.05,8.05,8.05,11.27,12.88,12.88,11.27,7.25,7.25,7.25,7.25
N_0_14,N_1_15,5.035022980697203,5.14,5.14,5.14,5.14,5.14,5.14,7.85,7.85,9.06,9.06,6.04,6.04,6.04,6.04,6.04,6.04,8.46,9.67,9.67,8.46,5.44,5.44,5.44,5.44
N_0_14,N_2_15,8.97213810426856,4.98,4.98,4.98,4.98,4.98,4.98,6.19,6.19,6.73,6.73,5.38,5.38,5.38,5.38,5.38,5.38,6.46,7.0,7.0,6.46,5.11,5.11,5.11,5.11
N_0_14,N_2_14,11.878150060817166,6.59,6.59,6.59,6.59,6.59,6.59,8.2,8.2,8.91,8.91,7.13,7.13,7.13,7.13,7.13,7.13,8.55,9.26,9.26,8.55,6.77,6.77,6.77,6.77
N_0_15,N_0_14,6.709297826892711,6.84,6.84,6.84,6.84,6.84,6.84,10.47,10.47,12.08,12.08,8.05,8.05,8.05,8.05,8.05,8.05,11.27,12.88,12.88,11.27,7.25,7.25,7.25,7.25
N_0_15,N_1_16,5.720435962598324,5.83,5.83,5.83,5.83,5.83,5.83,8.92,8.92,10.3,10.3,6.86,6.86,6.86,6.86,6.86,6.86,9.61,10.98,10.98,9.61,6.18,6.18,6.18,6.18
N_0_15,N_1_15,2.060525857676617,3.38,3.38,3.38,3.38,3.38,3.38,5.6,5.6,6.59,6.59,4.12,4.12,4.12,4.12,4.12,4.12,6.1,7.09,7.09,6.1,3.63,3.63,3.63,3.63
N_0_15,N_0_16,14.763852297538747,8.19,8.19,8.19,8.19,8.19,8.19,10.19,10.19,11.07,11.07,8.86,8.86,8.86,8.86,8.86,8.86,10.63,11.52,11.52,10.63,8.42,8.42,8.42,8.42
N_0_15,N_3_15,0.6108257000355541,1.0,1.0,1.0,1.0,1.0,1.0,1.66,1.66,1.95,1.95,1.22,1.22,1.22,1.22,1.22,1.22,1.81,2.1,2.1,1.81,1.08,1.08,1.08,1.08
N_0_15,N_0_17,9.152599559230868,5.08,5.08,5.08,5.08,5.08,5.08,6.32,6.32,6.86,6.86,5.49,5.49,5.49,5.49,5.49,5.49,6.59,7.14,7.14,6.59,5.22,5.22,5.22,5.22
N_0_15,N_2_16,4.384092329367492,4.47,4.47,4.47,4.47,4.47,4.47,6.84,6.84,7.89,7.89,5.26,5.26,5.26,5.26,5.26,5.26,7.37,8.42,8.42,7.37,4.73,4.73,4.73,4.73
N_0_16,N_0_15,14.763852297538747,8.19,8.19,8.19,8.19,8.19,8.19,10.19,10.19,11.07,11.07,8.86,8.86,8.86,8.86,8.86,8.86,10.63,11.52,11.52,10.63,8.42,8.42,8.42,8.42
N_0_16,N_1_18,1.6272360688625915,2.67,2.67,2.67,2.67,2.67,2.67,4.43,4.43,5.21,5.21,3.25,3.25,3.25,3.25,3.25,3.25,4.82,5.6,5.6,4.82,2.86,2.86,2.86,2.86
N_0_16,N_1_16,8.318232623039394,4.62,4.62,4.62,4.62,4.62,4.62,5.74,5.74,6.24,6.24,4.99,4.99,4.99,4.99,4.99,4.99,5.99,6.49,6.49,5.99,4.74,4.74,4.74,4.74
N_0_16,N_1_17,5.6045199099423995,5.72,5.72,5.72,5.72,5.72,5.72,8.74,8.74,10.09,10.09,6.73,6.73,6.73,6.73,6.73,6.73,9.42,10.76,10.76,9.42,6.05,6.05,6.05,6.05
N_0_16,N_1_15,5.555964768835482,5.67,5.67,5.67,5.67,5.67,5.67,8.67,8.67,10.0,10.0,6.67,6.67,6.67,6.67,6.67,6.67,9.33,10.67,10.67,9.33,6.0,6.0,6.0,6.0
N_0_16,N_2_15,4.158686627206423,4.24,4.24,4.24,4.24,4.24,4.24,6.49,6.49,7.49,7.49,4.99,4.99,4.99,4.99,4.99,4.99,6.99,7.98,7.98,6.99,4.49,4.49,4.49,4.49
N_0_17,N_0_14,6.594716123144922,6.73,6.73,6.73,6.73,6.73,6.73,10.29,10.29,11.87,11.87,7.91,7.91,7.91,7.91,7.91,7.91,11.08,12.66,12.66,11.08,7.12,7.12,7.12,7.12
N_0_17,N_0_15,9.152599559230868,5.08,5.08,5.08,5.08,5.08,5.08,6.32,6.32,6.86,6.86,5.49,5.49,5.49,5.49,5.49,5.49,6.59,7.14,7.14,6.59,5.22,5.22,5.22,5.22
N_0_17,N_0_20,3.5746747646505383,3.65,3.65,3.65,3.65,3.65,3.65,5.58,5.58,6.43,6.43,4.29,4.29,4.29,4.29,4.29,4.29,6.01,6.86,6.86,6.01,3.86,3.86,3.86,3.86
N_0_18,N_2_17,8.354237042602032,4.64,4.64,4.64,4.64,4.64,4.64,5.76,5.76,6.27,6.27,5.01,5.01,5.01,5.01,5.01,5.01,6.02,6.52,6.52,6.02,4.76,4.76,4.76,4.76
N_0_18,N_2_19,1.336269486669753,2.19,2.19,2.19,2.19,2.19,2.19,3.63,3.63,4.28,4.28,2.67,2.67,2.67,2.67,2.67,2.67,3.96,4.6,4.6,3.96,2.35,2.35,2.35,2.35
N_0_18,N_0_20,2.126955692878899,3.49,3.49,3.49,3.49,3.49,3.49,5.79,5.79,6.81,6.81,4.25,4.25,4.25,4.25,4.25,4.25,6.3,7.32,7.32,6.3,3.74,3.74,3.74,3.74
N_0_19,N_2_18,3.1946325317186237,3.26,3.26,3.26,3.26,3.26,3.26,4.98,4.98,5.75,5.75,3.83,3.83,3.83,3.83,3.83,3.83,5.37,6.13,6.13,5.37,3.45,3.45,3.45,3.45
N_0_19,N_0_21,6.37139858765185,6.5,6.5,6.5,6.5,6.5,6.5,9.94,9.94,11.47,11.47,7.65,7.65,7.65,7.65,7.65,7.65,10.7,12.23,12.23,10.7,6.88,6.88,6.88,6.88
N_0_19,N_2_17,8.057241841630686,4.47,4.47,4.47,4.47,4.47,4.47,5.56,5.56,6.04,6.04,4.83,4.83,4.83,4.83,4.83,4.83,5.8,6.28,6.28,5.8,4.59,4.59,4.59,4.59
N_0_2,N_1_3,11.529788703862433,6.4,6.4,6.4,6.4,6.4,6.4,7.96,7.96,8.65,8.65,6.92,6.92,6.92,6.92,6.92,6.92,8.3,8.99,8.99,8.3,6.57,6.57,6.57,6.57
N_0_2,N_0_5,14.923634904345057,8.28,8.28,8.28,8.28,8.28,8.28,10.3,10.3,11.19,11.19,8.95,8.95,8.95,8.95,8.95,8.95,10.75,11.64,11.64,10.75,8.51,8.51,8.51,8.51
N_0_2,N_3_2,14.825579707896487,8.23,8.23,8.23,8.23,8.23,8.23,10.23,10.23,11.12,11.12,8.9,8.9,8.9,8.9,8.9,8.9,10.67,11.56,11.56,10.67,8.45,8.45,8.45,8.45
N_0_2,N_2_3,4.356341199810261,4.44,4.44,4.44,4.44,4.44,4.44,6.8,6.8,7.84,7.84,5.23,5.23,5.23,5.23,5.23,5.23,7.32,8.36,8.36,7.32,4.7,4.7,4.7,4.7
N_0_20,N_1_21,5.452272484258712,5.56,5.56,5.56,5.56,5.56,5.56,8.51,8.51,9.81,9.81,6.54,6.54,6.54,6.54,6.54,6.54,9.16,10.47,10.47,9.16,5.89,5.89,5.89,5.89
N_0_20,N_0_22,1.9786387211472083,3.24,3.24,3.24,3.24,3.24,3.24,5.38,5.38,6.33,6.33,3.96,3.96,3.96,3.96,3.96,3.96,5.86,6.81,6.81,5.86,3.48,3.48,3.48,3.48
N_0_20,N_1_22,6.313157543829504,6.44,6.44,6.44,6.44,6.44,6.44,9.85,9.85,11.36,11.36,7.58,7.58,7.58,7.58,7.58,7.58,10.61,12.12,12.12,10.61,6.82,6.82,6.82,6.82
N_0_20,N_1_18,4.199162258949655,4.28,4.28,4.28,4.28,4.28,4.28,6.55,6.55,7.56,7.56,5.04,5.04,5.04,5.04,5.04,5.04,7.05,8.06,8.06,7.05,4.54,4.54,4.54,4.54
N_0_21,N_0_19,6.37139858765185,6.5,6.5,6.5,6.5,6.5,6.5,9.94,9.94,11.47,11.47,7.65,7.65,7.65,7.65,7.65,7.65,10.7,12.23,12.23,10.7,6.88,6.88,6.88,6.88
N_0_21,N_2_22,3.6820482469866374,3.76,3.76,3.76,3.76,3.76,3.76,5.74,5.74,6.63,6.63,4.42,4.42,4.42,4.42,4.42,4.42,6.19,7.07,7.07,6.19,3.98,3.98,3.98,3.98
N_0_21,N_2_20,6.364668499833057,6.49,6.49,6.49,6.49,6.49,6.49,9.93,9.93,11.46,11.46,7.64,7.64,7.64,7.64,7.64,7.64,10.69,12.22,12.22,10.69,6.87,6.87,6.87,6.87
N_0_22,N_0_20,1.9786387211472083,3.24,3.24,3.24,3.24,3.24,3.24,5.38,5.38,6.33,6.33,3.96,3.96,3.96,3.96,3.96,3.96,5.86,6.81,6.81,5.86,3.48,3.48,3.48,3.48
N_0_22,N_2_22,1.9716745425373627,3.23,3.23,3.23,3.23,3.23,3.23,5.36,5.36,6.31,6.31,3.94,3.94,3.94,3.94,3.94,3.94,5.84,6.78,6.78,5.84,3.47,3.47,3.47,3.47
N_0_22,N_0_23,9.451391934798712,5.25,5.25,5.25,5.25,5.25,5.25,6.52,6.52,7.09,7.09,5.67,5.67,5.67,5.67,5.67,5.67,6.81,7.37,7.37,6.81,5.39,5.39,5.39,5.39
N_0_22,N_1_24,5.1019086056001415,5.2,5.2,5.2,5.2,5.2,5.2,7.96,7.96,9.18,9.18,6.12,6.12,6.12,6.12,6.12,6.12,8.57,9.8,9.8,8.57,5.51,5.51,5.51,5.51
N_0_22,N_2_23,14.384869126468072,7.98,7.98,7.98,7.98,7.98,7.98,9.93,9.93,10.79,10.79,8.63,8.63,8.63,8.63,8.63,8.63,10.36,11.22,11.22,10.36,8.2,8.2,8.2,8.2
N_0_22,N_0_25,6.087959136594963,6.21,6.21,6.21,6.21,6.21,6.21,9.5,9.5,10.96,10.96,7.31,7.31,7.31,7.31,7.31,7.31,10.23,11.69,11.69,10.23,6.57,6.57,6.57,6.57
N_0_22,N_1_21,5.773253240119283,5.89,5.89,5.89,5.89,5.89,5.89,9.01,9.01,10.39,10.39,6.93,6.93,6.93,6.93,6.93,6.93,9.7,11.08,11.08,9.7,6.24,6.24,6.24,6.24
N_0_22,N_0_21,9.725633948691522,5.4,5.4,5.4,5.4,5.4,5.4,6.71,6.71,7.29,7.29,5.84,5.84,5.84,5.84,5.84,5.84,7.0,7.59,7.59,7.0,5.54,5.54,5.54,5.54
N_0_23,N_0_22,9.451391934798712,5.25,5.25,5.25,5.25,5.25,5.25,6.52,6.52,7.09,7.09,5.67,5.67,5.67,5.67,5.67,5.67,6.81,7.37,7.37,6.81,5.39,5.39,5.39,5.39
N_0_23,N_2_23,1.2890649112817265,2.11,2.11,2.11,2.11,2.11,2.11,3.51,3.51,4.13,4.13,2.58,2.58,2.58,2.58,2.58,2.58,3.82,4.43,4.43,3.82,2.27,2.27,2.27,2.27
N_0_23,N_1_25,3.5859044876829578,3.66,3.66,3.66,3.66,3.66,3.66,5.59,5.59,6.45,6.45,4.3,4.3,4.3,4.3,4.3,4.3,6.02,6.88,6.88,6.02,3.87,3.87,3.87,3.87
N_0_23,N_2_21,0.6580588720197007,1.08,1.08,1.08,1.08,1.08,1.08,1.79,1.79,2.11,2.11,1.32,1.32,1.32,1.32,1.32,1.32,1.95,2.26,2.26,1.95,1.16,1.16,1.16,1.16
N_0_23,N_1_24,5.989353998872019,6.11,6.11,6.11,6.11,6.11,6.11,9.34,9.34,10.78,10.78,7.19,7.19,7.19,7.19,7.19,7.19,10.06,11.5,11.5,10.06,6.47,6.47,6.47,6.47
N_0_23,N_2_24,1.0422654439959516,1.71,1.71,1.71,1.71,1.71,1.71,2.83,2.83,3.34,3.34,2.08,2.08,2.08,2.08,2.08,2.08,3.09,3.59,3.59,3.09,1.83,1.83,1.83,1.83
N_0_24,N_1_22,3.4021796191093916,3.47,3.47,3.47,3.47,3.47,3.47,5.31,5.31,6.12,6.12,4.08,4.08,4.08,4.08,4.08,4.08,5.72,6.53,6.53,5.72,3.67,3.67,3.67,3.67
N_0_24,N_1_25,11.852467960457316,6.58,6.58,6.58,6.58,6.58,6.58,8.18,8.18,8.89,8.89,7.11,7.11,7.11,7.11,7.11,7.11,8.53,9.24,9.24,8.53,6.76,6.76,6.76,6.76
N_0_24,N_0_25,6.740128394384606,6.87,6.87,6.87,6.87,6.87,6.87,10.51,10.51,12.13,12.13,8.09,8.09,8.09,8.09,8.09,8.09,11.32,12.94,12.94,11.32,7.28,7.28,7.28,7.28
N_0_24,N_1_26,3.7978238986704067,3.87,3.87,3.87,3.87,3.87,3.87,5.92,5.92,6.84,6.84,4.56,4.56,4.56,4.56,4.56,4.56,6.38,7.29,7.29,6.38,4.1,4.1,4.1,4.1
N_0_25,N_2_24,13.243022410086688,7.35,7.35,7.35,7.35,7.35,7.35,9.14,9.14,9.93,9.93,7.95,7.95,7.95,7.95,7.95,7.95,9.53,10.33,10.33,9.53,7.55,7.55,7.55,7.55
N_0_25,N_1_27,8.262263231462763,4.59,4.59,4.59,4.59,4.59,4.59,5.7,5.7,6.2,6.2,4.96,4.96,4.96,4.96,4.96,4.96,5.95,6.44,6.44,5.95,4.71,4.71,4.71,4.71
N_0_25,N_3_25,6.713819384068069,6.85,6.85,6.85,6.85,6.85,6.85,10.47,10.47,12.08,12.08,8.06,8.06,8.06,8.06,8.06,8.06,11.28,12.89,12.89,11.28,7.25,7.25,7.25,7.25
N_0_25,N_0_24,5.56524963805975,5.68,5.68,5.68,5.68,5.68,5.68,8.68,8.68,10.02,10.02,6.68,6.68,6.68,6.68,6.68,6.68,9.35,10.69,10.69,9.35,6.01,6.01,6.01,6.01
N_0_25,N_2_23,0.7683998920181354,1.26,1.26,1.26,1.26,1.26,1.26,2.09,2.09,2.46,2.46,1.54,1.54,1.54,1.54,1.54,1.54,2.27,2.64,2.64,2.27,1.35,1.35,1.35,1.35
N_0_25,N_0_26,13.661697147701139,7.58,7.58,7.58,7.58,7.58,7.58,9.43,9.43,10.25,10.25,8.2,8.2,8.2,8.2,8.2,8.2,9.84,10.66,10.66,9.84,7.79,7.79,7.79,7.79
N_0_26,N_0_25,13.661697147701139,7.58,7.58,7.58,7.58,7.58,7.58,9.43,9.43,10.25,10.25,8.2,8.2,8.2,8.2,8.2,8.2,9.84,10.66,10.66,9.84,7.79,7.79,7.79,7.79
N_0_26,N_0_23,12.68479097386968,7.04,7.04,7.04,7.04,7.04,7.04,8.75,8.75,9.51,9.51,7.61,7.61,7.61,7.61,7.61,7.61,9.13,9.89,9.89,9.13,7.23,7.23,7.23,7.23
N_0_26,N_1_24,10.26521169059558,5.7,5.7,5.7,5.7,5.7,5.7,7.08,7.08,7.7,7.7,6.16,6.16,6.16,6.16,6.16,6.16,7.39,8.01,8.01,7.39,5.85,5.85,5.85,5.85
N_0_26,N_2_27,9.648648769610737,5.36,5.36,5.36,5.36,5.36,5.36,6.66,6.66,7.24,7.24,5.79,5.79,5.79,5.79,5.79,5.79,6.95,7.53,7.53,6.95,5.5,5.5,5.5,5.5
N_0_26,N_1_26,1.1038916793832294,1.81,1.81,1.81,1.81,1.81,1.81,3.0,3.0,3.53,3.53,2.21,2.21,2.21,2.21,2.21,2.21,3.27,3.8,3.8,3.27,1.94,1.94,1.94,1.94
N_0_27,N_0_26,6.7625424949836015,6.9,6.9,6.9,6.9,6.9,6.9,10.55,10.55,12.17,12.17,8.12,8.12,8.12,8.12,8.12,8.12,11.36,12.98,12.98,11.36,7.3,7.3,7.3,7.3
N_0_27,N_1_25,14.701523757986585,8.16,8.16,8.16,8.16,8.16,8.16,10.14,10.14,11.03,11.03,8.82,8.82,8.82,8.82,8.82,8.82,10.59,11.47,11.47,10.59,8.38,8.38,8.38,8.38
N_0_27,N_2_26,6.955351847581236,7.09,7.09,7.09,7.09,7.09,7.09,10.85,10.85,12.52,12.52,8.35,8.35,8.35,8.35,8.35,8.35,11.68,13.35,13.35,11.68,7.51,7.51,7.51,7.51
N_0_28,N_0_31,3.599409525529657,3.67,3.67,3.67,3.67,3.67,3.67,5.62,5.62,6.48,6.48,4.32,4.32,4.32,4.32,4.32,4.32,6.05,6.91,6.91,6.05,3.89,3.89,3.89,3.89
N_0_28,N_0_30,3.464960088738657,3.53,3.53,3.53,3.53,3.53,3.53,5.41,5.41,6.24,6.24,4.16,4.16,4.16,4.16,4.16,4.16,5.82,6.65,6.65,5.82,3.74,3.74,3.74,3.74
N_0_28,N_2_26,3.3637665778067514,3.43,3.43,3.43,3.43,3.43,3.43,5.25,5.25,6.05,6.05,4.04,4.04,4.04,4.04,4.04,4.04,5.65,6.46,6.46,5.65,3.63,3.63,3.63,3.63
N_0_28,N_1_27,1.406864600359564,2.31,2.31,2.31,2.31,2.31,2.31,3.83,3.83,4.5,4.5,2.81,2.81,2.81,2.81,2.81,2.81,4.16,4.84,4.84,4.16,2.48,2.48,2.48,2.48
N_0_28,N_2_27,3.230947123730099,3.3,3.3,3.3,3.3,3.3,3.3,5.04,5.04,5.82,5.82,3.88,3.88,3.88,3.88,3.88,3.88,5.43,6.2,6.2,5.43,3.49,3.49,3.49,3.49
N_0_28,N_1_30,1.9465601596500046,3.19,3.19,3.19,3.19,3.19,3.19,5.29,5.29,6.23,6.23,3.89,3.89,3.89,3.89,3.89,3.89,5.76,6.7,6.7,5.76,3.43,3.43,3.43,3.43
N_0_28,N_0_29,1.9916089656636313,3.27,3.27,3.27,3.27,3.27,3.27,5.42,5.42,6.37,6.37,3.98,3.98,3.98,3.98,3.98,3.98,5.9,6.85,6.85,5.9,3.51,3.51,3.51,3.51
N_0_29,N_0_28,1.9916089656636313,3.27,3.27,3.27,3.27,3.27,3.27,5.42,5.42,6.37,6.37,3.98,3.98,3.98,3.98,3.98,3.98,5.9,6.85,6.85,5.9,3.51,3.51,3.51,3.51
N_0_29,N_0_30,6.565334420874107,6.7,6.7,6.7,6.7,6.7,6.7,10.24,10.24,11.82,11.82,7.88,7.88,7.88,7.88,7.88,7.88,11.03,12.61,12.61,11.03,7.09,7.09,7.09,7.09
N_0_29,N_2_31,1.254992699260198,2.06,2.06,2.06,2.06,2.06,2.06,3.41,3.41,4.02,4.02,2.51,2.51,2.51,2.51,2.51,2.51,3.71,4.32,4.32,3.71,2.21,2.21,2.21,2.21
N_0_29,N_0_27,2.24910744338185,3.69,3.69,3.69,3.69,3.69,3.69,6.12,6.12,7.2,7.2,4.5,4.5,4.5,4.5,4.5,4.5,6.66,7.74,7.74,6.66,3.96,3.96,3.96,3.96
N_0_29,N_2_30,0.7372663345705512,1.21,1.21,1.21,1.21,1.21,1.21,2.01,2.01,2.36,2.36,1.47,1.47,1.47,1.47,1.47,1.47,2.18,2.54,2.54,2.18,1.3,1.3,1.3,1.3
N_0_29,N_3_29,3.5093883492904343,3.58,3.58,3.58,3.58,3.58,3.58,5.47,5.47,6.32,6.32,4.21,4.21,4.21,4.21,4.21,4.21,5.9,6.74,6.74,5.9,3.79,3.79,3.79,3.79
N_0_3,N_0_0,3.190997786475405,3.25,3.25,3.25,3.25,3.25,3.25,4.98,4.98,5.74,5.74,3.83,3.83,3.83,3.83,3.83,3.83,5.36,6.13,6.13,5.36,3.45,3.45,3.45,3.45
N_0_3,N_0_2,14.561872527945468,8.08,8.08,8.08,8.08,8.08,8.08,10.05,10.05,10.92,10.92,8.74,8.74,8.74,8.74,8.74,8.74,10.48,11.36,11.36,10.48,8.3,8.3,8.3,8.3
N_0_3,N_3_3,13.66634728477436,7.58,7.58,7.58,7.58,7.58,7.58,9.43,9.43,10.25,10.25,8.2,8.2,8.2,8.2,8.2,8.2,9.84,10.66,10.66,9.84,7.79,7.79,7.79,7.79
N_0_3,N_1_4,6.535026487381498,6.67,6.67,6.67,6.67,6.67,6.67,10.19,10.19,11.76,11.76,7.84,7.84,7.84,7.84,7.84,7.84,10.98,12.55,12.55,10.98,7.06,7.06,7.06,7.06
N_0_3,N_2_3,8.706276991647549,4.83,4.83,4.83,4.83,4.83,4.83,6.01,6.01,6.53,6.53,5.22,5.22,5.22,5.22,5.22,5.22,6.27,6.79,6.79,6.27,4.96,4.96,4.96,4.96
N_0_30,N_0_28,3.464960088738657,3.53,3.53,3.53,3.53,3.53,3.53,5.41,5.41,6.24,6.24,4.16,4.16,4.16,4.16,4.16,4.16,5.82,6.65,6.65,5.82,3.74,3.74,3.74,3.74
N_0_30,N_0_29,6.565334420874107,6.7,6.7,6.7,6.7,6.7,6.7,10.24,10.24,11.82,11.82,7.88,7.88,7.88,7.88,7.88,7.88,11.03,12.61,12.61,11.03,7.09,7.09,7.09,7.09
N_0_30,N_0_31,6.090152849928495,6.21,6.21,6.21,6.21,6.21,6.21,9.5,9.5,10.96,10.96,7.31,7.31,7.31,7.31,7.31,7.31,10.23,11.69,11.69,10.23,6.58,6.58,6.58,6.58
N_0_30,N_2_30,14.13380825521665,7.84,7.84,7.84,7.84,7.84,7.84,9.75,9.75,10.6,10.6,8.48,8.48,8.48,8.48,8.48,8.48,10.18,11.02,11.02,10.18,8.06,8.06,8.06,8.06
N_0_30,N_2_31,4.654240825787214,4.75,4.75,4.75,4.75,4.75,4.75,7.26,7.26,8.38,8.38,5.59,5.59,5.59,5.59,5.59,5.59,7.82,8.94,8.94,7.82,5.03,5.03,5.03,5.03
N_0_31,N_0_28,3.599409525529657,3.67,3.67,3.67,3.67,3.67,3.67,5.62,5.62,6.48,6.48,4.32,4.32,4.32,4.32,4.32,4.32,6.05,6.91,6.91,6.05,3.89,3.89,3.89,3.89
N_0_31,N_0_29,11.765497850735722,6.53,6.53,6.53,6.53,6.53,6.53,8.12,8.12,8.82,8.82,7.06,7.06,7.06,7.06,7.06,7.06,8.47,9.18,9.18,8.47,6.71,6.71,6.71,6.71
N_0_31,N_2_33,14.002788670011146,7.77,7.77,7.77,7.77,7.77,7.77,9.66,9.66,10.5,10.5,8.4,8.4,8.4,8.4,8.4,8.4,10.08,10.92,10.92,10.08,7.98,7.98,7.98,7.98
N_0_31,N_1_29,3.230495737862168,3.3,3.3,3.3,3.3,3.3,3.3,5.04,5.04,5.81,5.81,3.88,3.88,3.88,3.88,3.88,3.88,5.43,6.2,6.2,5.43,3.49,3.49,3.49,3.49
N_0_32,N_2_34,5.411688179956304,5.52,5.52,5.52,5.52,5.52,5.52,8.44,8.44,9.74,9.74,6.49,6.49,6.49,6.49,6.49,6.49,9.09,10.39,10.39,9.09,5.84,5.84,5.84,5.84
N_0_32,N_1_33,13.33187492276047,7.4,7.4,7.4,7.4,7.4,7.4,9.2,9.2,10.0,10.0,8.0,8.0,8.0,8.0,8.0,8.0,9.6,10.4,10.4,9.6,7.6,7.6,7.6,7.6
N_0_32,N_0_34,4.917576825883659,5.02,5.02,5.02,5.02,5.02,5.02,7.67,7.67,8.85,8.85,5.9,5.9,5.9,5.9,5.9,5.9,8.26,9.44,9.44,8.26,5.31,5.31,5.31,5.31
N_0_32,N_1_31,6.828079042106692,6.96,6.96,6.96,6.96,6.96,6.96,10.65,10.65,12.29,12.29,8.19,8.19,8.19,8.19,8.19,8.19,11.47,13.11,13.11,11.47,7.37,7.37,7.37,7.37
N_0_32,N_0_35,2.424155112228918,3.98,3.98,3.98,3.98,3.98,3.98,6.59,6.59,7.76,7.76,4.85,4.85,4.85,4.85,4.85,4.85,7.18,8.34,8.34,7.18,4.27,4.27,4.27,4.27
N_0_32,N_3_32,1.4578417526847316,2.39,2.39,2.39,2.39,2.39,2.39,3.97,3.97,4.67,4.67,2.92,2.92,2.92,2.92,2.92,2.92,4.32,5.01,5.01,4.32,2.57,2.57,2.57,2.57
N_0_33,N_0_35,1.9448271463735463,3.19,3.19,3.19,3.19,3.19,3.19,5.29,5.29,6.22,6.22,3.89,3.89,3.89,3.89,3.89,3.89,5.76,6.69,6.69,5.76,3.42,3.42,3.42,3.42
N_0_33,N_2_31,3.812509965023545,3.89,3.89,3.89,3.89,3.89,3.89,5.95,5.95,6.86,6.86,4.58,4.58,4.58,4.58,4.58,4.58,6.41,7.32,7.32,6.41,4.12,4.12,4.12,4.12
N_0_33,N_0_30,14.048593890286377,7.8,7.8,7.8,7.8,7.8,7.8,9.69,9.69,10.54,10.54,8.43,8.43,8.43,8.43,8.43,8.43,10.11,10.96,10.96,10.11,8.01,8.01,8.01,8.01
N_0_33,N_1_32,11.87318094479522,6.59,6.59,6.59,6.59,6.59,6.59,8.19,8.19,8.9,8.9,7.12,7.12,7.12,7.12,7.12,7.12,8.55,9.26,9.26,8.55,6.77,6.77,6.77,6.77
N_0_33,N_1_31,4.180769150030953,4.26,4.26,4.26,4.26,4.26,4.26,6.52,6.52,7.53,7.53,5.02,5.02,5.02,5.02,5.02,5.02,7.02,8.03,8.03,7.02,4.52,4.52,4.52,4.52
N_0_34,N_2_34,13.042194715334656,7.24,7.24,7.24,7.24,7.24,7.24,9.0,9.0,9.78,9.78,7.83,7.83,7.83,7.83,7.83,7.83,9.39,10.17,10.17,9.39,7.43,7.43,7.43,7.43
N_0_34,N_2_32,1.5842737107027103,2.6,2.6,2.6,2.6,2.6,2.6,4.31,4.31,5.07,5.07,3.17,3.17,3.17,3.17,3.17,3.17,4.69,5.45,5.45,4.69,2.79,2.79,2.79,2.79
N_0_34,N_1_36,8.236766300152834,4.57,4.57,4.57,4.57,4.57,4.57,5.68,5.68,6.18,6.18,4.94,4.94,4.94,4.94,4.94,4.94,5.93,6.42,6.42,5.93,4.69,4.69,4.69,4.69
N_0_35,N_0_32,2.424155112228918,3.98,3.98,3.98,3.98,3.98,3.98,6.59,6.59,7.76,7.76,4.85,4.85,4.85,4.85,4.85,4.85,7.18,8.34,8.34,7.18,4.27,4.27,4.27,4.27
N_0_35,N_0_36,3.062927067476879,3.12,3.12,3.12,3.12,3.12,3.12,4.78,4.78,5.51,5.51,3.68,3.68,3.68,3.68,3.68,3.68,5.15,5.88,5.88,5.15,3.31,3.31,3.31,3.31
N_0_35,N_0_34,3.0669045904105197,3.13,3.13,3.13,3.13,3.13,3.13,4.78,4.78,5.52,5.52,3.68,3.68,3.68,3.68,3.68,3.68,5.15,5.89,5.89,5.15,3.31,3.31,3.31,3.31
N_0_35,N_0_37,4.1467541461331425,4.23,4.23,4.23,4.23,4.23,4.23,6.47,6.47,7.46,7.46,4.98,4.98,4.98,4.98,4.98,4.98,6.97,7.96,7.96,6.97,4.48,4.48,4.48,4.48
N_0_35,N_1_35,4.7222928347041515,4.82,4.82,4.82,4.82,4.82,4.82,7.37,7.37,8.5,8.5,5.67,5.67,5.67,5.67,5.67,5.67,7.93,9.07,9.07,7.93,5.1,5.1,5.1,5.1
N_0_35,N_2_34,14.426341911213079,8.01,8.01,8.01,8.01,8.01,8.01,9.95,9.95,10.82,10.82,8.66,8.66,8.66,8.66,8.66,8.66,10.39,11.25,11.25,10.39,8.22,8.22,8.22,8.22
N_0_35,N_1_34,12.338465896883546,6.85,6.85,6.85,6.85,6.85,6.85,8.51,8.51,9.25,9.25,7.4,7.4,7.4,7.4,7.4,7.4,8.88,9.62,9.62,8.88,7.03,7.03,7.03,7.03
N_0_35,N_3_35,6.179745328333867,6.3,6.3,6.3,6.3,6.3,6.3,9.64,9.64,11.12,11.12,7.42,7.42,7.42,7.42,7.42,7.42,10.38,11.87,11.87,10.38,6.67,6.67,6.67,6.67
N_0_36,N_0_35,3.062927067476879,3.12,3.12,3.12,3.12,3.12,3.12,4.78,4.78,5.51,5.51,3.68,3.68,3.68,3.68,3.68,3.68,5.15,5.88,5.88,5.15,3.31,3.31,3.31,3.31
N_0_36,N_2_34,3.330744490023207,3.4,3.4,3.4,3.4,3.4,3.4,5.2,5.2,6.0,6.0,4.0,4.0,4.0,4.0,4.0,4.0,5.6,6.4,6.4,5.6,3.6,3.6,3.6,3.6
N_0_36,N_0_33,4.32508246796896,4.41,4.41,4.41,4.41,4.41,4.41,6.75,6.75,7.79,7.79,5.19,5.19,5.19,5.19,5.19,5.19,7.27,8.3,8.3,7.27,4.67,4.67,4.67,4.67
N_0_36,N_1_38,2.2895824242853995,3.75,3.75,3.75,3.75,3.75,3.75,6.23,6.23,7.33,7.33,4.58,4.58,4.58,4.58,4.58,4.58,6.78,7.88,7.88,6.78,4.03,4.03,4.03,4.03
N_0_36,N_1_35,14.308910713172095,7.94,7.94,7.94,7.94,7.94,7.94,9.87,9.87,10.73,10.73,8.59,8.59,8.59,8.59,8.59,8.59,10.3,11.16,11.16,10.3,8.16,8.16,8.16,8.16
N_0_36,N_2_37,4.084380210833608,4.17,4.17,4.17,4.17,4.17,4.17,6.37,6.37,7.35,7.35,4.9,4.9,4.9,4.9,4.9,4.9,6.86,7.84,7.84,6.86,4.41,4.41,4.41,4.41
N_0_37,N_0_35,4.1467541461331425,4.23,4.23,4.23,4.23,4.23,4.23,6.47,6.47,7.46,7.46,4.98,4.98,4.98,4.98,4.98,4.98,6.97,7.96,7.96,6.97,4.48,4.48,4.48,4.48
N_0_37,N_1_35,9.683305360130007,5.37,5.37,5.37,5.37,5.37,5.37,6.68,6.68,7.26,7.26,5.81,5.81,5.81,5.81,5.81,5.81,6.97,7.55,7.55,6.97,5.52,5.52,5.52,5.52
N_0_37,N_0_34,6.586103068010879,6.72,6.72,6.72,6.72,6.72,6.72,10.27,10.27,11.85,11.85,7.9,7.9,7.9,7.9,7.9,7.9,11.06,12.65,12.65,11.06,7.11,7.11,7.11,7.11
N_0_37,N_3_37,3.559802376940789,3.63,3.63,3.63,3.63,3.63,3.63,5.55,5.55,6.41,6.41,4.27,4.27,4.27,4.27,4.27,4.27,5.98,6.83,6.83,5.98,3.84,3.84,3.84,3.84
N_0_37,N_1_39,5.0031714065509005,5.1,5.1,5.1,5.1,5.1,5.1,7.8,7.8,9.01,9.01,6.0,6.0,6.0,6.0,6.0,6.0,8.41,9.61,9.61,8.41,5.4,5.4,5.4,5.4
N_0_37,N_2_36,11.059617769904495,6.14,6.14,6.14,6.14,6.14,6.14,7.63,7.63,8.29,8.29,6.64,6.64,6.64,6.64,6.64,6.64,7.96,8.63,8.63,7.96,6.3,6.3,6.3,6.3
N_0_37,N_0_36,6.076022613461769,6.2,6.2,6.2,6.2,6.2,6.2,9.48,9.48,10.94,10.94,7.29,7.29,7.29,7.29,7.29,7.29,10.21,11.67,11.67,10.21,6.56,6.56,6.56,6.56
N_0_38,N_2_38,5.642687630059502,5.76,5.76,5.76,5.76,5.76,5.76,8.8,8.8,10.16,10.16,6.77,6.77,6.77,6.77,6.77,6.77,9.48,10.83,10.83,9.48,6.09,6.09,6.09,6.09
N_0_38,N_0_36,6.192220695210986,6.32,6.32,6.32,6.32,6.32,6.32,9.66,9.66,11.15,11.15,7.43,7.43,7.43,7.43,7.43,7.43,10.4,11.89,11.89,10.4,6.69,6.69,6.69,6.69
N_0_38,N_0_37,9.079546747058629,5.04,5.04,5.04,5.04,5.04,5.04,6.26,6.26,6.81,6.81,5.45,5.45,5.45,5.45,5.45,5.45,6.54,7.08,7.08,6.54,5.18,5.18,5.18,5.18
N_0_38,N_1_39,5.958621155906378,6.08,6.08,6.08,6.08,6.08,6.08,9.3,9.3,10.73,10.73,7.15,7.15,7.15,7.15,7.15,7.15,10.01,11.44,11.44,10.01,6.44,6.44,6.44,6.44
N_0_38,N_1_36,8.036366556590211,4.46,4.46,4.46,4.46,4.46,4.46,5.55,5.55,6.03,6.03,4.82,4.82,4.82,4.82,4.82,4.82,5.79,6.27,6.27,5.79,4.58,4.58,4.58,4.58
N_0_39,N_1_37,8.627331893722712,4.79,4.79,4.79,4.79,4.79,4.79,5.95,5.95,6.47,6.47,5.18,5.18,5.18,5.18,5.18,5.18,6.21,6.73,6.73,6.21,4.92,4.92,4.92,4.92
N_0_39,N_2_39,6.13775489701123,6.26,6.26,6.26,6.26,6.26,6.26,9.57,9.57,11.05,11.05,7.37,7.37,7.37,7.37,7.37,7.37,10.31,11.78,11.78,10.31,6.63,6.63,6.63,6.63
N_0_39,N_1_39,10.896670488376891,6.05,6.05,6.05,6.05,6.05,6.05,7.52,7.52,8.17,8.17,6.54,6.54,6.54,6.54,6.54,6.54,7.85,8.5,8.5,7.85,6.21,6.21,6.21,6.21
N_0_39,N_2_37,5.2381461830499045,5.34,5.34,5.34,5.34,5.34,5.34,8.17,8.17,9.43,9.43,6.29,6.29,6.29,6.29,6.29,6.29,8.8,10.06,10.06,8.8,5.66,5.66,5.66,5.66
N_0_39,N_0_38,11.647731715344491,6.46,6.46,6.46,6.46,6.46,6.46,8.04,8.04,8.74,8.74,6.99,6.99,6.99,6.99,6.99,6.99,8.39,9.09,9.09,8.39,6.64,6.64,6.64,6.64
N_0_4,N_0_2,9.72613047842902,5.4,5.4,5.4,5.4,5.4,5.4,6.71,6.71,7.29,7.29,5.84,5.84,5.84,5.84,5.84,5.84,7.0,7.59,7.59,7.0,5.54,5.54,5.54,5.54
N_0_4,N_1_5,3.782192899521042,3.86,3.86,3.86,3.86,3.86,3.86,5.9,5.9,6.81,6.81,4.54,4.54,4.54,4.54,4.54,4.54,6.35,7.26,7.26,6.35,4.08,4.08,4.08,4.08
N_0_4,N_0_7,6.795293849578261,6.93,6.93,6.93,6.93,6.93,6.93,10.6,10.6,12.23,12.23,8.15,8.15,8.15,8.15,8.15,8.15,11.42,13.05,13.05,11.42,7.34,7.34,7.34,7.34
N_0_4,N_0_1,6.216305847829529,6.34,6.34,6.34,6.34,6.34,6.34,9.7,9.7,11.19,11.19,7.46,7.46,7.46,7.46,7.46,7.46,10.44,11.94,11.94,10.44,6.71,6.71,6.71,6.71
N_0_4,N_2_6,6.2619018800120125,6.39,6.39,6.39,6.39,6.39,6.39,9.77,9.77,11.27,11.27,7.51,7.51,7.51,7.51,7.51,7.51,10.52,12.02,12.02,10.52,6.76,6.76,6.76,6.76
N_0_5,N_0_2,14.923634904345057,8.28,8.28,8.28,8.28,8.28,8.28,10.3,10.3,11.19,11.19,8.95,8.95,8.95,8.95,8.95,8.95,10.75,11.64,11.64,10.75,8.51,8.51,8.51,8.51
N_0_5,N_1_6,13.501065721739426,7.49,7.49,7.49,7.49,7.49,7.49,9.32,9.32,10.13,10.13,8.1,8.1,8.1,8.1,8.1,8.1,9.72,10.53,10.53,9.72,7.7,7.7,7.7,7.7
N_0_5,N_1_7,0.8996000974212144,1.48,1.48,1.48,1.48,1.48,1.48,2.45,2.45,2.88,2.88,1.8,1.8,1.8,1.8,1.8,1.8,2.66,3.09,3.09,2.66,1.58,1.58,1.58,1.58
N_0_6,N_0_4,5.860945565197705,5.98,5.98,5.98,5.98,5.98,5.98,9.14,9.14,10.55,10.55,7.03,7.03,7.03,7.03,7.03,7.03,9.85,11.25,11.25,9.85,6.33,6.33,6.33,6.33
N_0_6,N_0_5,14.934904301058776,8.29,8.29,8.29,8.29,8.29,8.29,10.31,10.31,11.2,11.2,8.96,8.96,8.96,8.96,8.96,8.96,10.75,11.65,11.65,10.75,8.51,8.51,8.51,8.51
N_0_6,N_2_7,5.026450572118036,5.13,5.13,5.13,5.13,5.13,5.13,7.84,7.84,9.05,9.05,6.03,6.03,6.03,6.03,6.03,6.03,8.44,9.65,9.65,8.44,5.43,5.43,5.43,5.43
N_0_6,N_2_6,5.174580813549911,5.28,5.28,5.28,5.28,5.28,5.28,8.07,8.07,9.31,9.31,6.21,6.21,6.21,6.21,6.21,6.21,8.69,9.94,9.94,8.69,5.59,5.59,5.59,5.59
N_0_6,N_0_3,6.582006061443597,6.71,6.71,6.71,6.71,6.71,6.71,10.27,10.27,11.85,11.85,7.9,7.9,7.9,7.9,7.9,7.9,11.06,12.64,12.64,11.06,7.11,7.11,7.11,7.11
N_0_6,N_1_5,3.339927736203951,3.41,3.41,3.41,3.41,3.41,3.41,5.21,5.21,6.01,6.01,4.01,4.01,4.01,4.01,4.01,4.01,5.61,6.41,6.41,5.61,3.61,3.61,3.61,3.61
N_0_7,N_0_10,4.830718309789413,4.93,4.93,4.93,4.93,4.93,4.93,7.54,7.54,8.7,8.7,5.8,5.8,5.8,5.8,5.8,5.8,8.12,9.27,9.27,8.12,5.22,5.22,5.22,5.22
N_0_7,N_0_4,6.795293849578261,6.93,6.93,6.93,6.93,6.93,6.93,10.6,10.6,12.23,12.23,8.15,8.15,8.15,8.15,8.15,8.15,11.42,13.05,13.05,11.42,7.34,7.34,7.34,7.34
N_0_7,N_2_8,4.564536674710011,4.66,4.66,4.66,4.66,4.66,4.66,7.12,7.12,8.22,8.22,5.48,5.48,5.48,5.48,5.48,5.48,7.67,8.76,8.76,7.67,4.93,4.93,4.93,4.93
N_0_8,N_0_10,6.254035462224353,6.38,6.38,6.38,6.38,6.38,6.38,9.76,9.76,11.26,11.26,7.5,7.5,7.5,7.5,7.5,7.5,10.51,12.01,12.01,10.51,6.75,6.75,6.75,6.75
N_0_8,N_3_8,3.827469304833258,3.9,3.9,3.9,3.9,3.9,3.9,5.97,5.97,6.89,6.89,4.59,4.59,4.59,4.59,4.59,4.59,6.43,7.35,7.35,6.43,4.13,4.13,4.13,4.13
N_0_8,N_1_9,4.752663753092108,4.85,4.85,4.85,4.85,4.85,4.85,7.41,7.41,8.55,8.55,5.7,5.7,5.7,5.7,5.7,5.7,7.98,9.13,9.13,7.98,5.13,5.13,5.13,5.13
N_0_8,N_0_7,0.7301705333975719,1.2,1.2,1.2,1.2,1.2,1.2,1.99,1.99,2.34,2.34,1.46,1.46,1.46,1.46,1.46,1.46,2.16,2.51,2.51,2.16,1.29,1.29,1.29,1.29
N_0_8,N_2_8,5.7085573315635365,5.82,5.82,5.82,5.82,5.82,5.82,8.91,8.91,10.28,10.28,6.85,6.85,6.85,6.85,6.85,6.85,9.59,10.96,10.96,9.59,6.17,6.17,6.17,6.17
N_0_8,N_0_9,0.9878258931039854,1.62,1.62,1.62,1.62,1.62,1.62,2.69,2.69,3.16,3.16,1.98,1.98,1.98,1.98,1.98,1.98,2.92,3.4,3.4,2.92,1.74,1.74,1.74,1.74
N_0_9,N_0_8,0.9878258931039854,1.62,1.62,1.62,1.62,1.62,1.62,2.69,2.69,3.16,3.16,1.98,1.98,1.98,1.98,1.98,1.98,2.92,3.4,3.4,2.92,1.74,1.74,1.74,1.74
N_0_9,N_0_11,5.818942463838938,5.94,5.94,5.94,5.94,5.94,5.94,9.08,9.08,10.47,10.47,6.98,6.98,6.98,6.98,6.98,6.98,9.78,11.17,11.17,9.78,6.28,6.28,6.28,6.28
N_0_9,N_2_10,6.234919154525043,6.36,6.36,6.36,6.36,6.36,6.36,9.73,9.73,11.22,11.22,7.48,7.48,7.48,7.48,7.48,7.48,10.47,11.97,11.97,10.47,6.73,6.73,6.73,6.73
N_10_0,N_11_1,6.382071210678237,6.51,6.51,6.51,6.51,6.51,6.51,9.96,9.96,11.49,11.49,7.66,7.66,7.66,7.66,7.66,7.66,10.72,12.25,12.25,10.72,6.89,6.89,6.89,6.89
N_10_0,N_10_2,1.91197672189196,3.14,3.14,3.14,3.14,3.14,3.14,5.2,5.2,6.12,6.12,3.82,3.82,3.82,3.82,3.82,3.82,5.66,6.58,6.58,5.66,3.37,3.37,3.37,3.37
N_10_0,N_13_0,3.3390078744921112,3.41,3.41,3.41,3.41,3.41,3.41,5.21,5.21,6.01,6.01,4.01,4.01,4.01,4.01,4.01,4.01,5.61,6.41,6.41,5.61,3.61,3.61,3.61,3.61
N_10_0,N_10_3,10.137660017748493,5.63,5.63,5.63,5.63,5.63,5.63,6.99,6.99,7.6,7.6,6.08,6.08,6.08,6.08,6.08,6.08,7.3,7.91,7.91,7.3,5.78,5.78,5.78,5.78
N_10_0,N_7_0,5.0432994779486435,5.14,5.14,5.14,5.14,5.14,5.14,7.87,7.87,9.08,9.08,6.05,6.05,6.05,6.05,6.05,6.05,8.47,9.68,9.68,8.47,5.45,5.45,5.45,5.45
N_10_1,N_11_0,10.68760923107567,5.93,5.93,5.93,5.93,5.93,5.93,7.37,7.37,8.02,8.02,6.41,6.41,6.41,6.41,6.41,6.41,7.7,8.34,8.34,7.7,6.09,6.09,6.09,6.09
N_10_1,N_8_3,4.6365373934714995,4.73,4.73,4.73,4.73,4.73,4.73,7.23,7.23,8.35,8.35,5.56,5.56,5.56,5.56,5.56,5.56,7.79,8.9,8.9,7.79,5.01,5.01,5.01,5.01
N_10_1,N_12_0,4.775406971237048,4.87,4.87,4.87,4.87,4.87,4.87,7.45,7.45,8.6,8.6,5.73,5.73,5.73,5.73,5.73,5.73,8.02,9.17,9.17,8.02,5.16,5.16,5.16,5.16
N_10_1,N_12_2,6.183523558409709,6.31,6.31,6.31,6.31,6.31,6.31,9.65,9.65,11.13,11.13,7.42,7.42,7.42,7.42,7.42,7.42,10.39,11.87,11.87,10.39,6.68,6.68,6.68,6.68
N_10_1,N_11_2,9.573903916502449,5.31,5.31,5.31,5.31,5.31,5.31,6.61,6.61,7.18,7.18,5.74,5.74,5.74,5.74,5.74,5.74,6.89,7.47,7.47,6.89,5.46,5.46,5.46,5.46
N_10_10,N_10_13,6.975830737274468,7.12,7.12,7.12,7.12,7.12,7.12,10.88,10.88,12.56,12.56,8.37,8.37,8.37,8.37,8.37,8.37,11.72,13.39,13.39,11.72,7.53,7.53,7.53,7.53
N_10_10,N_12_11,13.674919017875872,7.59,7.59,7.59,7.59,7.59,7.59,9.44,9.44,10.26,10.26,8.2,8.2,8.2,8.2,8.2,8.2,9.85,10.67,10.67,9.85,7.79,7.79,7.79,7.79
N_10_10,N_9_12,5.843015837975198,5.96,5.96,5.96,5.96,5.96,5.96,9.12,9.12,10.52,10.52,7.01,7.01,7.01,7.01,7.01,7.01,9.82,11.22,11.22,9.82,6.31,6.31,6.31,6.31
N_10_10,N_8_8,8.974644761487433,4.98,4.98,4.98,4.98,4.98,4.98,6.19,6.19,6.73,6.73,5.38,5.38,5.38,5.38,5.38,5.38,6.46,7.0,7.0,6.46,5.12,5.12,5.12,5.12
N_10_11,N_9_10,6.31392721079453,6.44,6.44,6.44,6.44,6.44,6.44,9.85,9.85,11.37,11.37,7.58,7.58,7.58,7.58,7.58,7.58,10.61,12.12,12.12,10.61,6.82,6.82,6.82,6.82
N_10_11,N_10_8,4.957834903662551,5.06,5.06,5.06,5.06,5.06,5.06,7.73,7.73,8.92,8.92,5.95,5.95,5.95,5.95,5.95,5.95,8.33,9.52,9.52,8.33,5.35,5.35,5.35,5.35
N_10_11,N_10_12,10.899575625555263,6.05,6.05,6.05,6.05,6.05,6.05,7.52,7.52,8.17,8.17,6.54,6.54,6.54,6.54,6.54,6.54,7.85,8.5,8.5,7.85,6.21,6.21,6.21,6.21
N_10_12,N_10_11,10.899575625555263,6.05,6.05,6.05,6.05,6.05,6.05,7.52,7.52,8.17,8.17,6.54,6.54,6.54,6.54,6.54,6.54,7.85,8.5,8.5,7.85,6.21,6.21,6.21,6.21
N_10_12,N_12_10,1.1755103103415747,1.93,1.93,1.93,1.93,1.93,1.93,3.2,3.2,3.76,3.76,2.35,2.35,2.35,2.35,2.35,2.35,3.48,4.04,4.04,3.48,2.07,2.07,2.07,2.07
N_10_12,N_10_9,4.94135161603402,5.04,5.04,5.04,5.04,5.04,5.04,7.71,7.71,8.89,8.89,5.93,5.93,5.93,5.93,5.93,5.93,8.3,9.49,9.49,8.3,5.34,5.34,5.34,5.34
N_10_12,N_10_15,3.193637044606892,3.26,3.26,3.26,3.26,3.26,3.26,4.98,4.98,5.75,5.75,3.83,3.83,3.83,3.83,3.83,3.83,5.37,6.13,6.13,5.37,3.45,3.45,3.45,3.45
N_10_12,N_11_12,4.838327050694268,4.94,4.94,4.94,4.94,4.94,4.94,7.55,7.55,8.71,8.71,5.81,5.81,5.81,5.81,5.81,5.81,8.13,9.29,9.29,8.13,5.23,5.23,5.23,5.23
N_10_12,N_11_10,1.3825718977528532,2.27,2.27,2.27,2.27,2.27,2.27,3.76,3.76,4.42,4.42,2.77,2.77,2.77,2.77,2.77,2.77,4.09,4.76,4.76,4.09,2.43,2.43,2.43,2.43
N_10_12,N_8_11,0.9046364127947994,1.48,1.48,1.48,1.48,1.48,1.48,2.46,2.46,2.89,2.89,1.81,1.81,1.81,1.81,1.81,1.81,2.68,3.11,3.11,2.68,1.59,1.59,1.59,1.59
N_10_13,N_11_12,4.780267507114617,4.88,4.88,4.88,4.88,4.88,4.88,7.46,7.46,8.6,8.6,5.74,5.74,5.74,5.74,5.74,5.74,8.03,9.18,9.18,8.03,5.16,5.16,5.16,5.16
N_10_13,N_12_11,3.4823751446054847,3.55,3.55,3.55,3.55,3.55,3.55,5.43,5.43,6.27,6.27,4.18,4.18,4.18,4.18,4.18,4.18,5.85,6.69,6.69,5.85,3.76,3.76,3.76,3.76
N_10_13,N_10_15,4.910800965751061,5.01,5.01,5.01,5.01,5.01,5.01,7.66,7.66,8.84,8.84,5.89,5.89,5.89,5.89,5.89,5.89,8.25,9.43,9.43,8.25,5.3,5.3,5.3,5.3
N_10_13,N_11_14,13.641697836793886,7.57,7.57,7.57,7.57,7.57,7.57,9.41,9.41,10.23,10.23,8.19,8.19,8.19,8.19,8.19,8.19,9.82,10.64,10.64,9.82,7.78,7.78,7.78,7.78
N_10_14,N_8_14,4.717554966047516,4.81,4.81,4.81,4.81,4.81,4.81,7.36,7.36,8.49,8.49,5.66,5.66,5.66,5.66,5.66,5.66,7.93,9.06,9.06,7.93,5.09,5.09,5.09,5.09
N_10_14,N_10_16,12.512343977315284,6.94,6.94,6.94,6.94,6.94,6.94,8.63,8.63,9.38,9.38,7.51,7.51,7.51,7.51,7.51,7.51,9.01,9.76,9.76,9.01,7.13,7.13,7.13,7.13
N_10_14,N_11_13,5.884718555438313,6.0,6.0,6.0,6.0,6.0,6.0,9.18,9.18,10.59,10.59,7.06,7.06,7.06,7.06,7.06,7.06,9.89,11.3,11.3,9.89,6.36,6.36,6.36,6.36
N_10_14,N_11_12,0.5536488122923984,0.91,0.91,0.91,0.91,0.91,0.91,1.51,1.51,1.77,1.77,1.11,1.11,1.11,1.11,1.11,1.11,1.64,1.9,1.9,1.64,0.97,0.97,0.97,0.97
N_10_14,N_10_17,0.9108914363048839,1.49,1.49,1.49,1.49,1.49,1.49,2.48,2.48,2.91,2.91,1.82,1.82,1.82,1.82,1.82,1.82,2.7,3.13,3.13,2.7,1.6,1.6,1.6,1.6
N_10_14,N_12_12,10.742257111287074,5.96,5.96,5.96,5.96,5.96,5.96,7.41,7.41,8.06,8.06,6.45,6.45,6.45,6.45,6.45,6.45,7.73,8.38,8.38,7.73,6.12,6.12,6.12,6.12
N_10_15,N_10_12,3.193637044606892,3.26,3.26,3.26,3.26,3.26,3.26,4.98,4.98,5.75,5.75,3.83,3.83,3.83,3.83,3.83,3.83,5.37,6.13,6.13,5.37,3.45,3.45,3.45,3.45
N_10_15,N_10_13,4.910800965751061,5.01,5.01,5.01,5.01,5.01,5.01,7.66,7.66,8.84,8.84,5.89,5.89,5.89,5.89,5.89,5.89,8.25,9.43,9.43,8.25,5.3,5.3,5.3,5.3
N_10_15,N_10_18,9.51020056962064,5.28,5.28,5.28,5.28,5.28,5.28,6.56,6.56,7.13,7.13,5.71,5.71,5.71,5.71,5.71,5.71,6.85,7.42,7.42,6.85,5.42,5.42,5.42,5.42
N_10_16,N_10_14,12.512343977315284,6.94,6.94,6.94,6.94,6.94,6.94,8.63,8.63,9.38,9.38,7.51,7.51,7.51,7.51,7.51,7.51,9.01,9.76,9.76,9.01,7.13,7.13,7.13,7.13
N_10_16,N_10_19,6.385872460563105,6.51,6.51,6.51,6.51,6.51,6.51,9.96,9.96,11.49,11.49,7.66,7.66,7.66,7.66,7.66,7.66,10.73,12.26,12.26,10.73,6.9,6.9,6.9,6.9
N_10_16,N_11_14,11.041385120242133,6.13,6.13,6.13,6.13,6.13,6.13,7.62,7.62,8.28,8.28,6.62,6.62,6.62,6.62,6.62,6.62,7.95,8.61,8.61,7.95,6.29,6.29,6.29,6.29
N_10_16,N_8_15,4.237160255494105,4.32,4.32,4.32,4.32,4.32,4.32,6.61,6.61,7.63,7.63,5.08,5.08,5.08,5.08,5.08,5.08,7.12,8.14,8.14,7.12,4.58,4.58,4.58,4.58
N_10_17,N_10_14,0.9108914363048839,1.49,1.49,1.49,1.49,1.49,1.49,2.48,2.48,2.91,2.91,1.82,1.82,1.82,1.82,1.82,1.82,2.7,3.13,3.13,2.7,1.6,1.6,1.6,1.6
N_10_17,N_8_19,5.043127517703887,5.14,5.14,5.14,5.14,5.14,5.14,7.87,7.87,9.08,9.08,6.05,6.05,6.05,6.05,6.05,6.05,8.47,9.68,9.68,8.47,5.45,5.45,5.45,5.45
N_10_17,N_11_18,0.8337627853108611,1.37,1.37,1.37,1.37,1.37,1.37,2.27,2.27,2.67,2.67,1.67,1.67,1.67,1.67,1.67,1.67,2.47,2.87,2.87,2.47,1.47,1.47,1.47,1.47
N_10_18,N_10_15,8.545209489768384,4.74,4.74,4.74,4.74,4.74,4.74,5.9,5.9,6.41,6.41,5.13,5.13,5.13,5.13,5.13,5.13,6.15,6.67,6.67,6.15,4.87,4.87,4.87,4.87
N_10_18,N_9_18,6.6077640370330855,6.74,6.74,6.74,6.74,6.74,6.74,10.31,10.31,11.89,11.89,7.93,7.93,7.93,7.93,7.93,7.93,11.1,12.69,12.69,11.1,7.14,7.14,7.14,7.14
N_10_18,N_9_16,2.46282772788299,4.04,4.04,4.04,4.04,4.04,4.04,6.7,6.7,7.88,7.88,4.93,4.93,4.93,4.93,4.93,4.93,7.29,8.47,8.47,7.29,4.33,4.33,4.33,4.33
N_10_18,N_12_20,11.255659245418203,6.25,6.25,6.25,6.25,6.25,6.25,7.77,7.77,8.44,8.44,6.75,6.75,6.75,6.75,6.75,6.75,8.1,8.78,8.78,8.1,6.42,6.42,6.42,6.42
N_10_18,N_8_20,1.1546018434522378,1.89,1.89,1.89,1.89,1.89,1.89,3.14,3.14,3.69,3.69,2.31,2.31,2.31,2.31,2.31,2.31,3.42,3.97,3.97,3.42,2.03,2.03,2.03,2.03
N_10_18,N_13_18,9.40469807417069,5.22,5.22,5.22,5.22,5.22,5.22,6.49,6.49,7.05,7.05,5.64,5.64,5.64,5.64,5.64,5.64,6.77,7.34,7.34,6.77,5.36,5.36,5.36,5.36
N_10_18,N_9_19,5.490870095568418,5.6,5.6,5.6,5.6,5.6,5.6,8.57,8.57,9.88,9.88,6.59,6.59,6.59,6.59,6.59,6.59,9.22,10.54,10.54,9.22,5.93,5.93,5.93,5.93
N_10_19,N_10_16,6.385872460563105,6.51,6.51,6.51,6.51,6.51,6.51,9.96,9.96,11.49,11.49,7.66,7.66,7.66,7.66,7.66,7.66,10.73,12.26,12.26,10.73,6.9,6.9,6.9,6.9
N_10_19,N_9_17,2.4451184719347845,4.01,4.01,4.01,4.01,4.01,4.01,6.65,6.65,7.82,7.82,4.89,4.89,4.89,4.89,4.89,4.89,7.24,8.41,8.41,7.24,4.3,4.3,4.3,4.3
N_10_19,N_12_20,8.307301859922116,4.61,4.61,4.61,4.61,4.61,4.61,5.73,5.73,6.23,6.23,4.98,4.98,4.98,4.98,4.98,4.98,5.98,6.48,6.48,5.98,4.74,4.74,4.74,4.74
N_10_19,N_10_22,1.4169160570882973,2.32,2.32,2.32,2.32,2.32,2.32,3.85,3.85,4.53,4.53,2.83,2.83,2.83,2.83,2.83,2.83,4.19,4.87,4.87,4.19,2.49,2.49,2.49,2.49
N_10_19,N_9_18,5.021711055443103,5.12,5.12,5.12,5.12,5.12,5.12,7.83,7.83,9.04,9.04,6.03,6.03,6.03,6.03,6.03,6.03,8.44,9.64,9.64,8.44,5.42,5.42,5.42,5.42
N_10_19,N_8_20,5.367583053345106,5.47,5.47,5.47,5.47,5.47,5.47,8.37,8.37,9.66,9.66,6.44,6.44,6.44,6.44,6.44,6.44,9.02,10.31,10.31,9.02,5.8,5.8,5.8,5.8
N_10_19,N_9_20,3.5228331457606474,3.59,3.59,3.59,3.59,3.59,3.59,5.5,5.5,6.34,6.34,4.23,4.23,4.23,4.23,4.23,4.23,5.92,6.76,6.76,5.92,3.8,3.8,3.8,3.8
N_10_19,N_11_18,2.3520839035632735,3.86,3.86,3.86,3.86,3.86,3.86,6.4,6.4,7.53,7.53,4.7,4.7,4.7,4.7,4.7,4.7,6.96,8.09,8.09,6.96,4.14,4.14,4.14,4.14
N_10_2,N_10_0,1.91197672189196,3.14,3.14,3.14,3.14,3.14,3.14,5.2,5.2,6.12,6.12,3.82,3.82,3.82,3.82,3.82,3.82,5.66,6.58,6.58,5.66,3.37,3.37,3.37,3.37
N_10_2,N_7_2,0.6808417760970498,1.12,1.12,1.12,1.12,1.12,1.12,1.85,1.85,2.18,2.18,1.36,1.36,1.36,1.36,1.36,1.36,2.02,2.34,2.34,2.02,1.2,1.2,1.2,1.2
N_10_2,N_8_4,5.818819215800701,5.94,5.94,5.94,5.94,5.94,5.94,9.08,9.08,10.47,10.47,6.98,6.98,6.98,6.98,6.98,6.98,9.78,11.17,11.17,9.78,6.28,6.28,6.28,6.28
N_10_2,N_12_2,13.996012898493973,7.77,7.77,7.77,7.77,7.77,7.77,9.66,9.66,10.5,10.5,8.4,8.4,8.4,8.4,8.4,8.4,10.08,10.92,10.92,10.08,7.98,7.98,7.98,7.98
N_10_2,N_10_5,6.873600016705476,7.01,7.01,7.01,7.01,7.01,7.01,10.72,10.72,12.37,12.37,8.25,8.25,8.25,8.25,8.25,8.25,11.55,13.2,13.2,11.55,7.42,7.42,7.42,7.42
N_10_2,N_12_1,10.091884976783152,5.6,5.6,5.6,5.6,5.6,5.6,6.96,6.96,7.57,7.57,6.06,6.06,6.06,6.06,6.06,6.06,7.27,7.87,7.87,7.27,5.75,5.75,5.75,5.75
N_10_2,N_9_3,1.6119075230967765,2.64,2.64,2.64,2.64,2.64,2.64,4.38,4.38,5.16,5.16,3.22,3.22,3.22,3.22,3.22,3.22,4.77,5.54,5.54,4.77,2.84,2.84,2.84,2.84
N_10_2,N_11_2,8.713351440632918,4.84,4.84,4.84,4.84,4.84,4.84,6.01,6.01,6.54,6.54,5.23,5.23,5.23,5.23,5.23,5.23,6.27,6.8,6.8,6.27,4.97,4.97,4.97,4.97
N_10_20,N_9_20,1.2899973764438388,2.12,2.12,2.12,2.12,2.12,2.12,3.51,3.51,4.13,4.13,2.58,2.58,2.58,2.58,2.58,2.58,3.82,4.44,4.44,3.82,2.27,2.27,2.27,2.27
N_10_20,N_10_19,3.6912288473231567,3.77,3.77,3.77,3.77,3.77,3.77,5.76,5.76,6.64,6.64,4.43,4.43,4.43,4.43,4.43,4.43,6.2,7.09,7.09,6.2,3.99,3.99,3.99,3.99
N_10_20,N_10_21,9.958981879965066,5.53,5.53,5.53,5.53,5.53,5.53,6.87,6.87,7.47,7.47,5.98,5.98,5.98,5.98,5.98,5.98,7.17,7.77,7.77,7.17,5.68,5.68,5.68,5.68
N_10_20,N_10_17,12.33423584192127,6.85,6.85,6.85,6.85,6.85,6.85,8.51,8.51,9.25,9.25,7.4,7.4,7.4,7.4,7.4,7.4,8.88,9.62,9.62,8.88,7.03,7.03,7.03,7.03
N_10_20,N_9_21,10.883945444073156,6.04,6.04,6.04,6.04,6.04,6.04,7.51,7.51,8.16,8.16,6.53,6.53,6.53,6.53,6.53,6.53,7.84,8.49,8.49,7.84,6.2,6.2,6.2,6.2
N_10_20,N_11_19,9.9584319120728,5.53,5.53,5.53,5.53,5.53,5.53,6.87,6.87,7.47,7.47,5.98,5.98,5.98,5.98,5.98,5.98,7.17,7.77,7.77,7.17,5.68,5.68,5.68,5.68
N_10_20,N_9_19,14.192567613574756,7.88,7.88,7.88,7.88,7.88,7.88,9.79,9.79,10.64,10.64,8.52,8.52,8.52,8.52,8.52,8.52,10.22,11.07,11.07,10.22,8.09,8.09,8.09,8.09
N_10_21,N_12_19,6.998422987245384,7.14,7.14,7.14,7.14,7.14,7.14,10.92,10.92,12.6,12.6,8.4,8.4,8.4,8.4,8.4,8.4,11.76,13.44,13.44,11.76,7.56,7.56,7.56,7.56
N_10_21,N_10_24,12.59805094963364,6.99,6.99,6.99,6.99,6.99,6.99,8.69,8.69,9.45,9.45,7.56,7.56,7.56,7.56,7.56,7.56,9.07,9.83,9.83,9.07,7.18,7.18,7.18,7.18
N_10_21,N_8_22,2.334518965140881,3.83,3.83,3.83,3.83,3.83,3.83,6.35,6.35,7.47,7.47,4.67,4.67,4.67,4.67,4.67,4.67,6.91,8.03,8.03,6.91,4.11,4.11,4.11,4.11
N_10_21,N_10_20,0.9388231720878497,1.54,1.54,1.54,1.54,1.54,1.54,2.55,2.55,3.0,3.0,1.88,1.88,1.88,1.88,1.88,1.88,2.78,3.23,3.23,2.78,1.65,1.65,1.65,1.65
N_10_22,N_10_25,11.345922917163255,6.3,6.3,6.3,6.3,6.3,6.3,7.83,7.83,8.51,8.51,6.81,6.81,6.81,6.81,6.81,6.81,8.17,8.85,8.85,8.17,6.47,6.47,6.47,6.47
N_10_22,N_11_20,6.225781653240011,6.35,6.35,6.35,6.35,6.35,6.35,9.71,9.71,11.21,11.21,7.47,7.47,7.47,7.47,7.47,7.47,10.46,11.95,11.95,10.46,6.72,6.72,6.72,6.72
N_10_22,N_8_22,13.616971112117085,7.56,7.56,7.56,7.56,7.56,7.56,9.4,9.4,10.21,10.21,8.17,8.17,8.17,8.17,8.17,8.17,9.8,10.62,10.62,9.8,7.76,7.76,7.76,7.76
N_10_22,N_11_23,9.033984132902802,5.01,5.01,5.01,5.01,5.01,5.01,6.23,6.23,6.78,6.78,5.42,5.42,5.42,5.42,5.42,5.42,6.5,7.05,7.05,6.5,5.15,5.15,5.15,5.15
N_10_22,N_10_19,8.77644414399092,4.87,4.87,4.87,4.87,4.87,4.87,6.06,6.06,6.58,6.58,5.27,5.27,5.27,5.27,5.27,5.27,6.32,6.85,6.85,6.32,5.0,5.0,5.0,5.0
N_10_23,N_8_23,4.178069058875691,4.26,4.26,4.26,4.26,4.26,4.26,6.52,6.52,7.52,7.52,5.01,5.01,5.01,5.01,5.01,5.01,7.02,8.02,8.02,7.02,4.51,4.51,4.51,4.51
N_10_23,N_11_23,12.91405913711255,7.17,7.17,7.17,7.17,7.17,7.17,8.91,8.91,9.69,9.69,7.75,7.75,7.75,7.75,7.75,7.75,9.3,10.07,10.07,9.3,7.36,7.36,7.36,7.36
N_10_23,N_7_23,2.0416607851562487,3.35,3.35,3.35,3.35,3.35,3.35,5.55,5.55,6.53,6.53,4.08,4.08,4.08,4.08,4.08,4.08,6.04,7.02,7.02,6.04,3.59,3.59,3.59,3.59
N_10_23,N_8_21,10.227518383020666,5.68,5.68,5.68,5.68,5.68,5.68,7.06,7.06,7.67,7.67,6.14,6.14,6.14,6.14,6.14,6.14,7.36,7.98,7.98,7.36,5.83,5.83,5.83,5.83
N_10_23,N_12_25,5.558587091134496,5.67,5.67,5.67,5.67,5.67,5.67,8.67,8.67,10.01,10.01,6.67,6.67,6.67,6.67,6.67,6.67,9.34,10.67,10.67,9.34,6.0,6.0,6.0,6.0
N_10_23,N_11_21,4.32467370466421,4.41,4.41,4.41,4.41,4.41,4.41,6.75,6.75,7.78,7.78,5.19,5.19,5.19,5.19,5.19,5.19,7.27,8.3,8.3,7.27,4.67,4.67,4.67,4.67
N_10_23,N_9_21,4.278074716564637,4.36,4.36,4.36,4.36,4.36,4.36,6.67,6.67,7.7,7.7,5.13,5.13,5.13,5.13,5.13,5.13,7.19,8.21,8.21,7.19,4.62,4.62,4.62,4.62
N_10_24,N_10_21,12.59805094963364,6.99,6.99,6.99,6.99,6.99,6.99,8.69,8.69,9.45,9.45,7.56,7.56,7.56,7.56,7.56,7.56,9.07,9.83,9.83,9.07,7.18,7.18,7.18,7.18
N_10_24,N_11_24,4.501390281362193,4.59,4.59,4.59,4.59,4.59,4.59,7.02,7.02,8.1,8.1,5.4,5.4,5.4,5.4,5.4,5.4,7.56,8.64,8.64,7.56,4.86,4.86,4.86,4.86
N_10_24,N_13_24,5.312221963732528,5.42,5.42,5.42,5.42,5.42,5.42,8.29,8.29,9.56,9.56,6.37,6.37,6.37,6.37,6.37,6.37,8.92,10.2,10.2,8.92,5.74,5.74,5.74,5.74
N_10_24,N_8_22,11.159011934071524,6.19,6.19,6.19,6.19,6.19,6.19,7.7,7.7,8.37,8.37,6.7,6.7,6.7,6.7,6.7,6.7,8.03,8.7,8.7,8.03,6.36,6.36,6.36,6.36
N_10_25,N_10_22,11.345922917163255,6.3,6.3,6.3,6.3,6.3,6.3,7.83,7.83,8.51,8.51,6.81,6.81,6.81,6.81,6.81,6.81,8.17,8.85,8.85,8.17,6.47,6.47,6.47,6.47
N_10_25,N_10_26,5.216449729264918,5.32,5.32,5.32,5.32,5.32,5.32,8.14,8.14,9.39,9.39,6.26,6.26,6.26,6.26,6.26,6.26,8.76,10.02,10.02,8.76,5.63,5.63,5.63,5.63
N_10_25,N_10_27,5.642391570851894,5.76,5.76,5.76,5.76,5.76,5.76,8.8,8.8,10.16,10.16,6.77,6.77,6.77,6.77,6.77,6.77,9.48,10.83,10.83,9.48,6.09,6.09,6.09,6.09
N_10_25,N_10_24,10.750315502303753,5.97,5.97,5.97,5.97,5.97,5.97,7.42,7.42,8.06,8.06,6.45,6.45,6.45,6.45,6.45,6.45,7.74,8.39,8.39,7.74,6.13,6.13,6.13,6.13
N_10_25,N_12_25,3.2180194068202055,3.28,3.28,3.28,3.28,3.28,3.28,5.02,5.02,5.79,5.79,3.86,3.86,3.86,3.86,3.86,3.86,5.41,6.18,6.18,5.41,3.48,3.48,3.48,3.48
N_10_26,N_11_26,1.23880332986389,2.03,2.03,2.03,2.03,2.03,2.03,3.37,3.37,3.96,3.96,2.48,2.48,2.48,2.48,2.48,2.48,3.67,4.26,4.26,3.67,2.18,2.18,2.18,2.18
N_10_26,N_10_28,11.255405693082555,6.25,6.25,6.25,6.25,6.25,6.25,7.77,7.77,8.44,8.44,6.75,6.75,6.75,6.75,6.75,6.75,8.1,8.78,8.78,8.1,6.42,6.42,6.42,6.42
N_10_26,N_12_28,8.431475587620696,4.68,4.68,4.68,4.68,4.68,4.68,5.82,5.82,6.32,6.32,5.06,5.06,5.06,5.06,5.06,5.06,6.07,6.58,6.58,6.07,4.81,4.81,4.81,4.81
N_10_27,N_10_25,5.642391570851894,5.76,5.76,5.76,5.76,5.76,5.76,8.8,8.8,10.16,10.16,6.77,6.77,6.77,6.77,6.77,6.77,9.48,10.83,10.83,9.48,6.09,6.09,6.09,6.09
N_10_27,N_12_29,14.89057593174393,8.26,8.26,8.26,8.26,8.26,8.26,10.27,10.27,11.17,11.17,8.93,8.93,8.93,8.93,8.93,8.93,10.72,11.61,11.61,10.72,8.49,8.49,8.49,8.49
N_10_27,N_9_27,0.7523719972770795,1.23,1.23,1.23,1.23,1.23,1.23,2.05,2.05,2.41,2.41,1.5,1.5,1.5,1.5,1.5,1.5,2.23,2.59,2.59,2.23,1.32,1.32,1.32,1.32
N_10_27,N_11_27,1.3707864910650145,2.25,2.25,2.25,2.25,2.25,2.25,3.73,3.73,4.39,4.39,2.74,2.74,2.74,2.74,2.74,2.74,4.06,4.72,4.72,4.06,2.41,2.41,2.41,2.41
N_10_28,N_10_26,11.255405693082555,6.25,6.25,6.25,6.25,6.25,6.25,7.77,7.77,8.44,8.44,6.75,6.75,6.75,6.75,6.75,6.75,8.1,8.78,8.78,8.1,6.42,6.42,6.42,6.42
N_10_28,N_12_26,1.625367518954645,2.67,2.67,2.67,2.67,2.67,2.67,4.42,4.42,5.2,5.2,3.25,3.25,3.25,3.25,3.25,3.25,4.81,5.59,5.59,4.81,2.86,2.86,2.86,2.86
N_10_28,N_11_27,11.749434368021417,6.52,6.52,6.52,6.52,6.52,6.52,8.11,8.11,8.81,8.81,7.05,7.05,7.05,7.05,7.05,7.05,8.46,9.16,9.16,8.46,6.7,6.7,6.7,6.7
N_10_28,N_9_30,4.5321738915082115,4.62,4.62,4.62,4.62,4.62,4.62,7.07,7.07,8.16,8.16,5.44,5.44,5.44,5.44,5.44,5.44,7.61,8.7,8.7,7.61,4.89,4.89,4.89,4.89
N_10_28,N_12_28,9.006968694386716,5.0,5.0,5.0,5.0,5.0,5.0,6.21,6.21,6.76,6.76,5.4,5.4,5.4,5.4,5.4,5.4,6.49,7.03,7.03,6.49,5.13,5.13,5.13,5.13
N_10_28,N_11_28,3.1551301299271803,3.22,3.22,3.22,3.22,3.22,3.22,4.92,4.92,5.68,5.68,3.79,3.79,3.79,3.79,3.79,3.79,5.3,6.06,6.06,5.3,3.41,3.41,3.41,3.41
N_10_29,N_12_29,3.357147401211729,3.42,3.42,3.42,3.42,3.42,3.42,5.24,5.24,6.04,6.04,4.03,4.03,4.03,4.03,4.03,4.03,5.64,6.45,6.45,5.64,3.63,3.63,3.63,3.63
N_10_29,N_8_27,1.3143407216808913,2.16,2.16,2.16,2.16,2.16,2.16,3.58,3.58,4.21,4.21,2.63,2.63,2.63,2.63,2.63,2.63,3.89,4.52,4.52,3.89,2.31,2.31,2.31,2.31
N_10_29,N_9_30,4.495640838772577,4.59,4.59,4.59,4.59,4.59,4.59,7.01,7.01,8.09,8.09,5.39,5.39,5.39,5.39,5.39,5.39,7.55,8.63,8.63,7.55,4.86,4.86,4.86,4.86
N_10_29,N_10_30,3.2624678704477277,3.33,3.33,3.33,3.33,3.33,3.33,5.09,5.09,5.87,5.87,3.91,3.91,3.91,3.91,3.91,3.91,5.48,6.26,6.26,5.48,3.52,3.52,3.52,3.52
N_10_29,N_8_31,6.122065718510608,6.24,6.24,6.24,6.24,6.24,6.24,9.55,9.55,11.02,11.02,7.35,7.35,7.35,7.35,7.35,7.35,10.29,11.75,11.75,10.29,6.61,6.61,6.61,6.61
N_10_29,N_12_30,3.6949494240511487,3.77,3.77,3.77,3.77,3.77,3.77,5.76,5.76,6.65,6.65,4.43,4.43,4.43,4.43,4.43,4.43,6.21,7.09,7.09,6.21,3.99,3.99,3.99,3.99
N_10_29,N_10_27,8.403392611044882,4.66,4.66,4.66,4.66,4.66,4.66,5.8,5.8,6.3,6.3,5.04,5.04,5.04,5.04,5.04,5.04,6.05,6.55,6.55,6.05,4.79,4.79,4.79,4.79
N_10_3,N_10_0,10.137660017748493,5.63,5.63,5.63,5.63,5.63,5.63,6.99,6.99,7.6,7.6,6.08,6.08,6.08,6.08,6.08,6.08,7.3,7.91,7.91,7.3,5.78,5.78,5.78,5.78
N_10_3,N_10_4,3.651629622394482,3.72,3.72,3.72,3.72,3.72,3.72,5.7,5.7,6.57,6.57,4.38,4.38,4.38,4.38,4.38,4.38,6.13,7.01,7.01,6.13,3.94,3.94,3.94,3.94
N_10_3,N_8_3,2.214222374876605,3.63,3.63,3.63,3.63,3.63,3.63,6.02,6.02,7.09,7.09,4.43,4.43,4.43,4.43,4.43,4.43,6.55,7.62,7.62,6.55,3.9,3.9,3.9,3.9
N_10_3,N_8_1,4.076334317075828,4.16,4.16,4.16,4.16,4.16,4.16,6.36,6.36,7.34,7.34,4.89,4.89,4.89,4.89,4.89,4.89,6.85,7.83,7.83,6.85,4.4,4.4,4.4,4.4
N_10_3,N_9_2,13.462125649824504,7.47,7.47,7.47,7.47,7.47,7.47,9.29,9.29,10.1,10.1,8.08,8.08,8.08,8.08,8.08,8.08,9.69,10.5,10.5,9.69,7.67,7.67,7.67,7.67
N_10_3,N_10_1,14.380608066366602,7.98,7.98,7.98,7.98,7.98,7.98,9.92,9.92,10.79,10.79,8.63,8.63,8.63,8.63,8.63,8.63,10.35,11.22,11.22,10.35,8.2,8.2,8.2,8.2
N_10_30,N_9_32,4.345134615551261,4.43,4.43,4.43,4.43,4.43,4.43,6.78,6.78,7.82,7.82,5.21,5.21,5.21,5.21,5.21,5.21,7.3,8.34,8.34,7.3,4.69,4.69,4.69,4.69
N_10_30,N_10_33,4.107539721165505,4.19,4.19,4.19,4.19,4.19,4.19,6.41,6.41,7.39,7.39,4.93,4.93,4.93,4.93,4.93,4.93,6.9,7.89,7.89,6.9,4.44,4.44,4.44,4.44
N_10_30,N_10_29,1.8029329374252425,2.96,2.96,2.96,2.96,2.96,2.96,4.9,4.9,5.77,5.77,3.61,3.61,3.61,3.61,3.61,3.61,5.34,6.2,6.2,5.34,3.17,3.17,3.17,3.17
N_10_30,N_9_31,3.9612083107139777,4.04,4.04,4.04,4.04,4.04,4.04,6.18,6.18,7.13,7.13,4.75,4.75,4.75,4.75,4.75,4.75,6.65,7.61,7.61,6.65,4.28,4.28,4.28,4.28
N_10_30,N_10_28,2.120057949424286,3.48,3.48,3.48,3.48,3.48,3.48,5.77,5.77,6.78,6.78,4.24,4.24,4.24,4.24,4.24,4.24,6.28,7.29,7.29,6.28,3.73,3.73,3.73,3.73
N_10_30,N_7_30,3.559718034305668,3.63,3.63,3.63,3.63,3.63,3.63,5.55,5.55,6.41,6.41,4.27,4.27,4.27,4.27,4.27,4.27,5.98,6.83,6.83,5.98,3.84,3.84,3.84,3.84
N_10_31,N_12_32,5.236126624432749,5.34,5.34,5.34,5.34,5.34,5.34,8.17,8.17,9.43,9.43,6.28,6.28,6.28,6.28,6.28,6.28,8.8,10.05,10.05,8.8,5.66,5.66,5.66,5.66
N_10_31,N_10_33,2.2991823157017297,3.77,3.77,3.77,3.77,3.77,3.77,6.25,6.25,7.36,7.36,4.6,4.6,4.6,4.6,4.6,4.6,6.81,7.91,7.91,6.81,4.05,4.05,4.05,4.05
N_10_31,N_10_29,9.56329547769926,5.31,5.31,5.31,5.31,5.31,5.31,6.6,6.6,7.17,7.17,5.74,5.74,5.74,5.74,5.74,5.74,6.89,7.46,7.46,6.89,5.45,5.45,5.45,5.45
N_10_31,N_11_33,6.547374198774014,6.68,6.68,6.68,6.68,6.68,6.68,10.21,10.21,11.79,11.79,7.86,7.86,7.86,7.86,7.86,7.86,11.0,12.57,12.57,11.0,7.07,7.07,7.07,7.07
N_10_31,N_11_29,4.855042512751039,4.95,4.95,4.95,4.95,4.95,4.95,7.57,7.57,8.74,8.74,5.83,5.83,5.83,5.83,5.83,5.83,8.16,9.32,9.32,8.16,5.24,5.24,5.24,5.24
N_10_31,N_8_33,12.440777205564247,6.9,6.9,6.9,6.9,6.9,6.9,8.58,8.58,9.33,9.33,7.46,7.46,7.46,7.46,7.46,7.46,8.96,9.7,9.7,8.96,7.09,7.09,7.09,7.09
N_10_32,N_9_34,3.707297066253843,3.78,3.78,3.78,3.78,3.78,3.78,5.78,5.78,6.67,6.67,4.45,4.45,4.45,4.45,4.45,4.45,6.23,7.12,7.12,6.23,4.0,4.0,4.0,4.0
N_10_32,N_11_32,9.914695035410498,5.5,5.5,5.5,5.5,5.5,5.5,6.84,6.84,7.44,7.44,5.95,5.95,5.95,5.95,5.95,5.95,7.14,7.73,7.73,7.14,5.65,5.65,5.65,5.65
N_10_32,N_12_33,13.351386153020306,7.41,7.41,7.41,7.41,7.41,7.41,9.21,9.21,10.01,10.01,8.01,8.01,8.01,8.01,8.01,8.01,9.61,10.41,10.41,9.61,7.61,7.61,7.61,7.61
N_10_32,N_9_31,3.3521653750361784,3.42,3.42,3.42,3.42,3.42,3.42,5.23,5.23,6.03,6.03,4.02,4.02,4.02,4.02,4.02,4.02,5.63,6.44,6.44,5.63,3.62,3.62,3.62,3.62
N_10_33,N_10_30,4.107539721165505,4.19,4.19,4.19,4.19,4.19,4.19,6.41,6.41,7.39,7.39,4.93,4.93,4.93,4.93,4.93,4.93,6.9,7.89,7.89,6.9,4.44,4.44,4.44,4.44
N_10_33,N_10_31,2.2991823157017297,3.77,3.77,3.77,3.77,3.77,3.77,6.25,6.25,7.36,7.36,4.6,4.6,4.6,4.6,4.6,4.6,6.81,7.91,7.91,6.81,4.05,4.05,4.05,4.05
N_10_33,N_12_31,4.224460368365651,4.31,4.31,4.31,4.31,4.31,4.31,6.59,6.59,7.6,7.6,5.07,5.07,5.07,5.07,5.07,5.07,7.1,8.11,8.11,7.1,4.56,4.56,4.56,4.56
N_10_33,N_11_35,14.639243625371117,8.12,8.12,8.12,8.12,8.12,8.12,10.1,10.1,10.98,10.98,8.78,8.78,8.78,8.78,8.78,8.78,10.54,11.42,11.42,10.54,8.34,8.34,8.34,8.34
N_10_33,N_11_31,5.096470574672077,5.2,5.2,5.2,5.2,5.2,5.2,7.95,7.95,9.17,9.17,6.12,6.12,6.12,6.12,6.12,6.12,8.56,9.79,9.79,8.56,5.5,5.5,5.5,5.5
N_10_33,N_13_33,3.5351577205280313,3.61,3.61,3.61,3.61,3.61,3.61,5.51,5.51,6.36,6.36,4.24,4.24,4.24,4.24,4.24,4.24,5.94,6.79,6.79,5.94,3.82,3.82,3.82,3.82
N_10_34,N_12_35,4.521015051710458,4.61,4.61,4.61,4.61,4.61,4.61,7.05,7.05,8.14,8.14,5.43,5.43,5.43,5.43,5.43,5.43,7.6,8.68,8.68,7.6,4.88,4.88,4.88,4.88
N_10_34,N_8_34,3.6125083924977455,3.68,3.68,3.68,3.68,3.68,3.68,5.64,5.64,6.5,6.5,4.34,4.34,4.34,4.34,4.34,4.34,6.07,6.94,6.94,6.07,3.9,3.9,3.9,3.9
N_10_34,N_10_31,4.204465819027169,4.29,4.29,4.29,4.29,4.29,4.29,6.56,6.56,7.57,7.57,5.05,5.05,5.05,5.05,5.05,5.05,7.06,8.07,8.07,7.06,4.54,4.54,4.54,4.54
N_10_34,N_9_33,4.079908598148757,4.16,4.16,4.16,4.16,4.16,4.16,6.36,6.36,7.34,7.34,4.9,4.9,4.9,4.9,4.9,4.9,6.85,7.83,7.83,6.85,4.41,4.41,4.41,4.41
N_10_34,N_11_35,13.814569043296228,7.67,7.67,7.67,7.67,7.67,7.67,9.53,9.53,10.36,10.36,8.29,8.29,8.29,8.29,8.29,8.29,9.95,10.78,10.78,9.95,7.87,7.87,7.87,7.87
N_10_34,N_11_32,3.470938273748957,3.54,3.54,3.54,3.54,3.54,3.54,5.41,5.41,6.25,6.25,4.17,4.17,4.17,4.17,4.17,4.17,5.83,6.66,6.66,5.83,3.75,3.75,3.75,3.75
N_10_34,N_10_33,9.390526631943976,5.21,5.21,5.21,5.21,5.21,5.21,6.48,6.48,7.04,7.04,5.63,5.63,5.63,5.63,5.63,5.63,6.76,7.32,7.32,6.76,5.35,5.35,5.35,5.35
N_10_35,N_10_33,3.4051619143718295,3.47,3.47,3.47,3.47,3.47,3.47,5.31,5.31,6.13,6.13,4.09,4.09,4.09,4.09,4.09,4.09,5.72,6.54,6.54,5.72,3.68,3.68,3.68,3.68
N_10_35,N_13_35,14.920661515303228,8.28,8.28,8.28,8.28,8.28,8.28,10.3,10.3,11.19,11.19,8.95,8.95,8.95,8.95,8.95,8.95,10.74,11.64,11.64,10.74,8.5,8.5,8.5,8.5
N_10_35,N_8_34,3.39923566023047,3.47,3.47,3.47,3.47,3.47,3.47,5.3,5.3,6.12,6.12,4.08,4.08,4.08,4.08,4.08,4.08,5.71,6.53,6.53,5.71,3.67,3.67,3.67,3.67
N_10_35,N_9_34,10.033970240663756,5.57,5.57,5.57,5.57,5.57,5.57,6.92,6.92,7.53,7.53,6.02,6.02,6.02,6.02,6.02,6.02,7.22,7.83,7.83,7.22,5.72,5.72,5.72,5.72
N_10_36,N_12_36,5.595385935489055,5.71,5.71,5.71,5.71,5.71,5.71,8.73,8.73,10.07,10.07,6.71,6.71,6.71,6.71,6.71,6.71,9.4,10.74,10.74,9.4,6.04,6.04,6.04,6.04
N_10_36,N_11_38,12.873189114666564,7.14,7.14,7.14,7.14,7.14,7.14,8.88,8.88,9.65,9.65,7.72,7.72,7.72,7.72,7.72,7.72,9.27,10.04,10.04,9.27,7.34,7.34,7.34,7.34
N_10_36,N_8_38,0.8187907949643298,1.34,1.34,1.34,1.34,1.34,1.34,2.23,2.23,2.62,2.62,1.64,1.64,1.64,1.64,1.64,1.64,2.42,2.82,2.82,2.42,1.44,1.44,1.44,1.44
N_10_36,N_9_36,6.209059136180384,6.33,6.33,6.33,6.33,6.33,6.33,9.69,9.69,11.18,11.18,7.45,7.45,7.45,7.45,7.45,7.45,10.43,11.92,11.92,10.43,6.71,6.71,6.71,6.71
N_10_36,N_10_33,10.658255453811213,5.92,5.92,5.92,5.92,5.92,5.92,7.35,7.35,7.99,7.99,6.39,6.39,6.39,6.39,6.39,6.39,7.67,8.31,8.31,7.67,6.08,6.08,6.08,6.08
N_10_36,N_10_37,12.79124893367031,7.1,7.1,7.1,7.1,7.1,7.1,8.83,8.83,9.59,9.59,7.67,7.67,7.67,7.67,7.67,7.67,9.21,9.98,9.98,9.21,7.29,7.29,7.29,7.29
N_10_37,N_11_36,13.785064741286707,7.65,7.65,7.65,7.65,7.65,7.65,9.51,9.51,10.34,10.34,8.27,8.27,8.27,8.27,8.27,8.27,9.93,10.75,10.75,9.93,7.86,7.86,7.86,7.86
N_10_37,N_12_38,3.0465794695436568,3.11,3.11,3.11,3.11,3.11,3.11,4.75,4.75,5.48,5.48,3.66,3.66,3.66,3.66,3.66,3.66,5.12,5.85,5.85,5.12,3.29,3.29,3.29,3.29
N_10_37,N_13_37,4.87715574657533,4.97,4.97,4.97,4.97,4.97,4.97,7.61,7.61,8.78,8.78,5.85,5.85,5.85,5.85,5.85,5.85,8.19,9.36,9.36,8.19,5.27,5.27,5.27,5.27
N_10_37,N_9_37,13.260010007333277,7.36,7.36,7.36,7.36,7.36,7.36,9.15,9.15,9.95,9.95,7.96,7.96,7.96,7.96,7.96,7.96,9.55,10.34,10.34,9.55,7.56,7.56,7.56,7.56
N_10_37,N_11_39,4.112628521035633,4.19,4.19,4.19,4.19,4.19,4.19,6.42,6.42,7.4,7.4,4.94,4.94,4.94,4.94,4.94,4.94,6.91,7.9,7.9,6.91,4.44,4.44,4.44,4.44
N_10_37,N_12_36,4.514550370075613,4.6,4.6,4.6,4.6,4.6,4.6,7.04,7.04,8.13,8.13,5.42,5.42,5.42,5.42,5.42,5.42,7.58,8.67,8.67,7.58,4.88,4.88,4.88,4.88
N_10_37,N_10_38,11.109322135216214,6.17,6.17,6.17,6.17,6.17,6.17,7.67,7.67,8.33,8.33,6.67,6.67,6.67,6.67,6.67,6.67,8.0,8.67,8.67,8.0,6.33,6.33,6.33,6.33
N_10_37,N_11_37,11.489193023215806,6.38,6.38,6.38,6.38,6.38,6.38,7.93,7.93,8.62,8.62,6.89,6.89,6.89,6.89,6.89,6.89,8.27,8.96,8.96,8.27,6.55,6.55,6.55,6.55
N_10_38,N_10_37,11.109322135216214,6.17,6.17,6.17,6.17,6.17,6.17,7.67,7.67,8.33,8.33,6.67,6.67,6.67,6.67,6.67,6.67,8.0,8.67,8.67,8.0,6.33,6.33,6.33,6.33
N_10_38,N_8_39,2.1886348792085046,3.59,3.59,3.59,3.59,3.59,3.59,5.95,5.95,7.0,7.0,4.38,4.38,4.38,4.38,4.38,4.38,6.48,7.53,7.53,6.48,3.85,3.85,3.85,3.85
N_10_38,N_13_38,5.399804606233051,5.51,5.51,5.51,5.51,5.51,5.51,8.42,8.42,9.72,9.72,6.48,6.48,6.48,6.48,6.48,6.48,9.07,10.37,10.37,9.07,5.83,5.83,5.83,5.83
N_10_38,N_9_38,12.612371776642126,7.0,7.0,7.0,7.0,7.0,7.0,8.7,8.7,9.46,9.46,7.57,7.57,7.57,7.57,7.57,7.57,9.08,9.84,9.84,9.08,7.19,7.19,7.19,7.19
N_10_38,N_12_37,5.534644721878578,5.65,5.65,5.65,5.65,5.65,5.65,8.63,8.63,9.96,9.96,6.64,6.64,6.64,6.64,6.64,6.64,9.3,10.63,10.63,9.3,5.98,5.98,5.98,5.98
N_10_38,N_12_39,4.495561441841604,4.59,4.59,4.59,4.59,4.59,4.59,7.01,7.01,8.09,8.09,5.39,5.39,5.39,5.39,5.39,5.39,7.55,8.63,8.63,7.55,4.86,4.86,4.86,4.86
N_10_39,N_10_37,3.431062989149968,3.5,3.5,3.5,3.5,3.5,3.5,5.35,5.35,6.18,6.18,4.12,4.12,4.12,4.12,4.12,4.12,5.76,6.59,6.59,5.76,3.71,3.71,3.71,3.71
N_10_39,N_13_39,2.17493247497293,3.57,3.57,3.57,3.57,3.57,3.57,5.92,5.92,6.96,6.96,4.35,4.35,4.35,4.35,4.35,4.35,6.44,7.48,7.48,6.44,3.83,3.83,3.83,3.83
N_10_39,N_9_39,4.802018387835856,4.9,4.9,4.9,4.9,4.9,4.9,7.49,7.49,8.64,8.64,5.76,5.76,5.76,5.76,5.76,5.76,8.07,9.22,9.22,8.07,5.19,5.19,5.19,5.19
N_10_39,N_8_37,0.7692720288612656,1.26,1.26,1.26,1.26,1.26,1.26,2.09,2.09,2.46,2.46,1.54,1.54,1.54,1.54,1.54,1.54,2.28,2.65,2.65,2.28,1.35,1.35,1.35,1.35
N_10_39,N_9_37,3.194286422527621,3.26,3.26,3.26,3.26,3.26,3.26,4.98,4.98,5.75,5.75,3.83,3.83,3.83,3.83,3.83,3.83,5.37,6.13,6.13,5.37,3.45,3.45,3.45,3.45
N_10_39,N_12_37,1.4658639270718525,2.4,2.4,2.4,2.4,2.4,2.4,3.99,3.99,4.69,4.69,2.93,2.93,2.93,2.93,2.93,2.93,4.34,5.04,5.04,4.34,2.58,2.58,2.58,2.58
N_10_39,N_12_39,0.8544048770042911,1.4,1.4,1.4,1.4,1.4,1.4,2.32,2.32,2.73,2.73,1.71,1.71,1.71,1.71,1.71,1.71,2.53,2.94,2.94,2.53,1.5,1.5,1.5,1.5
N_10_4,N_10_3,3.651629622394482,3.72,3.72,3.72,3.72,3.72,3.72,5.7,5.7,6.57,6.57,4.38,4.38,4.38,4.38,4.38,4.38,6.13,7.01,7.01,6.13,3.94,3.94,3.94,3.94
N_10_4,N_8_6,6.7420483098501425,6.88,6.88,6.88,6.88,6.88,6.88,10.52,10.52,12.14,12.14,8.09,8.09,8.09,8.09,8.09,8.09,11.33,12.94,12.94,11.33,7.28,7.28,7.28,7.28
N_10_4,N_13_4,12.369173124437717,6.86,6.86,6.86,6.86,6.86,6.86,8.53,8.53,9.28,9.28,7.42,7.42,7.42,7.42,7.42,7.42,8.91,9.65,9.65,8.91,7.05,7.05,7.05,7.05
N_10_5,N_10_2,6.873600016705476,7.01,7.01,7.01,7.01,7.01,7.01,10.72,10.72,12.37,12.37,8.25,8.25,8.25,8.25,8.25,8.25,11.55,13.2,13.2,11.55,7.42,7.42,7.42,7.42
N_10_5,N_8_5,13.251295130690377,7.35,7.35,7.35,7.35,7.35,7.35,9.14,9.14,9.94,9.94,7.95,7.95,7.95,7.95,7.95,7.95,9.54,10.34,10.34,9.54,7.55,7.55,7.55,7.55
N_10_5,N_12_7,9.753927052207281,5.41,5.41,5.41,5.41,5.41,5.41,6.73,6.73,7.32,7.32,5.85,5.85,5.85,5.85,5.85,5.85,7.02,7.61,7.61,7.02,5.56,5.56,5.56,5.56
N_10_5,N_11_4,4.180562263846424,4.26,4.26,4.26,4.26,4.26,4.26,6.52,6.52,7.53,7.53,5.02,5.02,5.02,5.02,5.02,5.02,7.02,8.03,8.03,7.02,4.52,4.52,4.52,4.52
N_10_5,N_8_3,13.69818352288128,7.6,7.6,7.6,7.6,7.6,7.6,9.45,9.45,10.27,10.27,8.22,8.22,8.22,8.22,8.22,8.22,9.86,10.68,10.68,9.86,7.81,7.81,7.81,7.81
N_10_5,N_12_3,1.9789849603457,3.25,3.25,3.25,3.25,3.25,3.25,5.38,5.38,6.33,6.33,3.96,3.96,3.96,3.96,3.96,3.96,5.86,6.81,6.81,5.86,3.48,3.48,3.48,3.48
N_10_6,N_8_8,9.241981289417842,5.13,5.13,5.13,5.13,5.13,5.13,6.38,6.38,6.93,6.93,5.55,5.55,5.55,5.55,5.55,5.55,6.65,7.21,7.21,6.65,5.27,5.27,5.27,5.27
N_10_6,N_12_4,9.216565922987137,5.12,5.12,5.12,5.12,5.12,5.12,6.36,6.36,6.91,6.91,5.53,5.53,5.53,5.53,5.53,5.53,6.64,7.19,7.19,6.64,5.25,5.25,5.25,5.25
N_10_6,N_8_7,4.714031257602937,4.81,4.81,4.81,4.81,4.81,4.81,7.35,7.35,8.49,8.49,5.66,5.66,5.66,5.66,5.66,5.66,7.92,9.05,9.05,7.92,5.09,5.09,5.09,5.09
N_10_6,N_11_4,12.087902403787519,6.71,6.71,6.71,6.71,6.71,6.71,8.34,8.34,9.07,9.07,7.25,7.25,7.25,7.25,7.25,7.25,8.7,9.43,9.43,8.7,6.89,6.89,6.89,6.89
N_10_6,N_9_7,5.838757185265257,5.96,5.96,5.96,5.96,5.96,5.96,9.11,9.11,10.51,10.51,7.01,7.01,7.01,7.01,7.01,7.01,9.81,11.21,11.21,9.81,6.31,6.31,6.31,6.31
N_10_7,N_11_6,9.54838656771017,5.3,5.3,5.3,5.3,5.3,5.3,6.59,6.59,7.16,7.16,5.73,5.73,5.73,5.73,5.73,5.73,6.87,7.45,7.45,6.87,5.44,5.44,5.44,5.44
N_10_7,N_12_7,4.44319129865093,4.53,4.53,4.53,4.53,4.53,4.53,6.93,6.93,8.0,8.0,5.33,5.33,5.33,5.33,5.33,5.33,7.46,8.53,8.53,7.46,4.8,4.8,4.8,4.8
N_10_7,N_9_9,5.1219955824272985,5.22,5.22,5.22,5.22,5.22,5.22,7.99,7.99,9.22,9.22,6.15,6.15,6.15,6.15,6.15,6.15,8.6,9.83,9.83,8.6,5.53,5.53,5.53,5.53
N_10_7,N_10_8,2.4622663952305928,4.04,4.04,4.04,4.04,4.04,4.04,6.7,6.7,7.88,7.88,4.92,4.92,4.92,4.92,4.92,4.92,7.29,8.47,8.47,7.29,4.33,4.33,4.33,4.33
N_10_8,N_10_11,4.957834903662551,5.06,5.06,5.06,5.06,5.06,5.06,7.73,7.73,8.92,8.92,5.95,5.95,5.95,5.95,5.95,5.95,8.33,9.52,9.52,8.33,5.35,5.35,5.35,5.35
N_10_8,N_10_7,2.4622663952305928,4.04,4.04,4.04,4.04,4.04,4.04,6.7,6.7,7.88,7.88,4.92,4.92,4.92,4.92,4.92,4.92,7.29,8.47,8.47,7.29,4.33,4.33,4.33,4.33
N_10_8,N_12_6,0.8347896184269898,1.37,1.37,1.37,1.37,1.37,1.37,2.27,2.27,2.67,2.67,1.67,1.67,1.67,1.67,1.67,1.67,2.47,2.87,2.87,2.47,1.47,1.47,1.47,1.47
N_10_8,N_8_8,3.0293223448673805,3.09,3.09,3.09,3.09,3.09,3.09,4.73,4.73,5.45,5.45,3.64,3.64,3.64,3.64,3.64,3.64,5.09,5.82,5.82,5.09,3.27,3.27,3.27,3.27
N_10_8,N_12_7,6.0943290654771065,6.22,6.22,6.22,6.22,6.22,6.22,9.51,9.51,10.97,10.97,7.31,7.31,7.31,7.31,7.31,7.31,10.24,11.7,11.7,10.24,6.58,6.58,6.58,6.58
N_10_8,N_9_9,3.4157072366946806,3.48,3.48,3.48,3.48,3.48,3.48,5.33,5.33,6.15,6.15,4.1,4.1,4.1,4.1,4.1,4.1,5.74,6.56,6.56,5.74,3.69,3.69,3.69,3.69
N_10_9,N_10_12,4.94135161603402,5.04,5.04,5.04,5.04,5.04,5.04,7.71,7.71,8.89,8.89,5.93,5.93,5.93,5.93,5.93,5.93,8.3,9.49,9.49,8.3,5.34,5.34,5.34,5.34
N_10_9,N_8_11,12.713091126293989,7.06,7.06,7.06,7.06,7.06,7.06,8.77,8.77,9.53,9.53,7.63,7.63,7.63,7.63,7.63,7.63,9.15,9.92,9.92,9.15,7.25,7.25,7.25,7.25
N_10_9,N_8_7,5.473397435642409,5.58,5.58,5.58,5.58,5.58,5.58,8.54,8.54,9.85,9.85,6.57,6.57,6.57,6.57,6.57,6.57,9.2,10.51,10.51,9.2,5.91,5.91,5.91,5.91
N_10_9,N_11_7,14.496334251164336,8.05,8.05,8.05,8.05,8.05,8.05,10.0,10.0,10.87,10.87,8.7,8.7,8.7,8.7,8.7,8.7,10.44,11.31,11.31,10.44,8.26,8.26,8.26,8.26
N_10_9,N_12_11,4.2054028393794844,4.29,4.29,4.29,4.29,4.29,4.29,6.56,6.56,7.57,7.57,5.05,5.05,5.05,5.05,5.05,5.05,7.07,8.07,8.07,7.07,4.54,4.54,4.54,4.54
N_10_9,N_11_9,4.7507045978729,4.85,4.85,4.85,4.85,4.85,4.85,7.41,7.41,8.55,8.55,5.7,5.7,5.7,5.7,5.7,5.7,7.98,9.12,9.12,7.98,5.13,5.13,5.13,5.13
N_11_0,N_10_1,10.68760923107567,5.93,5.93,5.93,5.93,5.93,5.93,7.37,7.37,8.02,8.02,6.41,6.41,6.41,6.41,6.41,6.41,7.7,8.34,8.34,7.7,6.09,6.09,6.09,6.09
N_11_0,N_10_0,8.035208873518036,4.46,4.46,4.46,4.46,4.46,4.46,5.54,5.54,6.03,6.03,4.82,4.82,4.82,4.82,4.82,4.82,5.79,6.27,6.27,5.79,4.58,4.58,4.58,4.58
N_11_0,N_14_0,6.787917556915487,6.92,6.92,6.92,6.92,6.92,6.92,10.59,10.59,12.22,12.22,8.15,8.15,8.15,8.15,8.15,8.15,11.4,13.03,13.03,11.4,7.33,7.33,7.33,7.33
N_11_0,N_12_0,6.614185503898184,6.75,6.75,6.75,6.75,6.75,6.75,10.32,10.32,11.91,11.91,7.94,7.94,7.94,7.94,7.94,7.94,11.11,12.7,12.7,11.11,7.14,7.14,7.14,7.14
N_11_0,N_10_2,5.58372601424035,5.7,5.7,5.7,5.7,5.7,5.7,8.71,8.71,10.05,10.05,6.7,6.7,6.7,6.7,6.7,6.7,9.38,10.72,10.72,9.38,6.03,6.03,6.03,6.03
N_11_0,N_11_3,0.8886524306926509,1.46,1.46,1.46,1.46,1.46,1.46,2.42,2.42,2.84,2.84,1.78,1.78,1.78,1.78,1.78,1.78,2.63,3.06,3.06,2.63,1.56,1.56,1.56,1.56
N_11_1,N_10_0,6.382071210678237,6.51,6.51,6.51,6.51,6.51,6.51,9.96,9.96,11.49,11.49,7.66,7.66,7.66,7.66,7.66,7.66,10.72,12.25,12.25,10.72,6.89,6.89,6.89,6.89
N_11_1,N_9_3,1.1355718744674508,1.86,1.86,1.86,1.86,1.86,1.86,3.09,3.09,3.63,3.63,2.27,2.27,2.27,2.27,2.27,2.27,3.36,3.91,3.91,3.36,2.0,2.0,2.0,2.0
N_11_1,N_11_0,4.222701957626883,4.31,4.31,4.31,4.31,4.31,4.31,6.59,6.59,7.6,7.6,5.07,5.07,5.07,5.07,5.07,5.07,7.09,8.11,8.11,7.09,4.56,4.56,4.56,4.56
N_11_1,N_13_3,4.4579737427145165,4.55,4.55,4.55,4.55,4.55,4.55,6.95,6.95,8.02,8.02,5.35,5.35,5.35,5.35,5.35,5.35,7.49,8.56,8.56,7.49,4.81,4.81,4.81,4.81
N_11_10,N_10_12,1.3825718977528532,2.27,2.27,2.27,2.27,2.27,2.27,3.76,3.76,4.42,4.42,2.77,2.77,2.77,2.77,2.77,2.77,4.09,4.76,4.76,4.09,2.43,2.43,2.43,2.43
N_11_10,N_10_8,14.204350824552268,7.88,7.88,7.88,7.88,7.88,7.88,9.8,9.8,10.65,10.65,8.52,8.52,8.52,8.52,8.52,8.52,10.23,11.08,11.08,10.23,8.1,8.1,8.1,8.1
N_11_10,N_10_9,8.130412064098648,4.51,4.51,4.51,4.51,4.51,4.51,5.61,5.61,6.1,6.1,4.88,4.88,4.88,4.88,4.88,4.88,5.85,6.34,6.34,5.85,4.63,4.63,4.63,4.63
N_11_10,N_10_10,12.073233433457505,6.7,6.7,6.7,6.7,6.7,6.7,8.33,8.33,9.05,9.05,7.24,7.24,7.24,7.24,7.24,7.24,8.69,9.42,9.42,8.69,6.88,6.88,6.88,6.88
N_11_10,N_13_10,6.625214309592733,6.76,6.76,6.76,6.76,6.76,6.76,10.34,10.34,11.93,11.93,7.95,7.95,7.95,7.95,7.95,7.95,11.13,12.72,12.72,11.13,7.16,7.16,7.16,7.16
N_11_10,N_12_9,6.994912700047407,7.13,7.13,7.13,7.13,7.13,7.13,10.91,10.91,12.59,12.59,8.39,8.39,8.39,8.39,8.39,8.39,11.75,13.43,13.43,11.75,7.55,7.55,7.55,7.55
N_11_10,N_9_8,4.463274520412038,4.55,4.55,4.55,4.55,4.55,4.55,6.96,6.96,8.03,8.03,5.36,5.36,5.36,5.36,5.36,5.36,7.5,8.57,8.57,7.5,4.82,4.82,4.82,4.82
N_11_11,N_11_14,0.5808396521034704,0.95,0.95,0.95,0.95,0.95,0.95,1.58,1.58,1.86,1.86,1.16,1.16,1.16,1.16,1.16,1.16,1.72,2.0,2.0,1.72,1.02,1.02,1.02,1.02
N_11_11,N_9_10,9.850499805704104,5.47,5.47,5.47,5.47,5.47,5.47,6.8,6.8,7.39,7.39,5.91,5.91,5.91,5.91,5.91,5.91,7.09,7.68,7.68,7.09,5.61,5.61,5.61,5.61
N_11_11,N_9_9,5.071540919176521,5.17,5.17,5.17,5.17,5.17,5.17,7.91,7.91,9.13,9.13,6.09,6.09,6.09,6.09,6.09,6.09,8.52,9.74,9.74,8.52,5.48,5.48,5.48,5.48
N_11_11,N_11_9,6.67160777612458,6.81,6.81,6.81,6.81,6.81,6.81,10.41,10.41,12.01,12.01,8.01,8.01,8.01,8.01,8.01,8.01,11.21,12.81,12.81,11.21,7.21,7.21,7.21,7.21
N_11_11,N_10_10,12.539673240993155,6.96,6.96,6.96,6.96,6.96,6.96,8.65,8.65,9.4,9.4,7.52,7.52,7.52,7.52,7.52,7.52,9.03,9.78,9.78,9.03,7.15,7.15,7.15,7.15
N_11_11,N_12_13,1.7671339635498398,2.9,2.9,2.9,2.9,2.9,2.9,4.81,4.81,5.65,5.65,3.53,3.53,3.53,3.53,3.53,3.53,5.23,6.08,6.08,5.23,3.11,3.11,3.11,3.11
N_11_11,N_13_10,5.314525739680232,5.42,5.42,5.42,5.42,5.42,5.42,8.29,8.29,9.57,9.57,6.38,6.38,6.38,6.38,6.38,6.38,8.93,10.2,10.2,8.93,5.74,5.74,5.74,5.74
N_11_12,N_10_12,4.838327050694268,4.94,4.94,4.94,4.94,4.94,4.94,7.55,7.55,8.71,8.71,5.81,5.81,5.81,5.81,5.81,5.81,8.13,9.29,9.29,8.13,5.23,5.23,5.23,5.23
N_11_12,N_10_13,4.780267507114617,4.88,4.88,4.88,4.88,4.88,4.88,7.46,7.46,8.6,8.6,5.74,5.74,5.74,5.74,5.74,5.74,8.03,9.18,9.18,8.03,5.16,5.16,5.16,5.16
N_11_12,N_10_10,9.308339730661373,5.17,5.17,5.17,5.17,5.17,5.17,6.42,6.42,6.98,6.98,5.59,5.59,5.59,5.59,5.59,5.59,6.7,7.26,7.26,6.7,5.31,5.31,5.31,5.31
N_11_12,N_13_10,3.4733208912941707,3.54,3.54,3.54,3.54,3.54,3.54,5.42,5.42,6.25,6.25,4.17,4.17,4.17,4.17,4.17,4.17,5.84,6.67,6.67,5.84,3.75,3.75,3.75,3.75
N_11_13,N_10_14,5.884718555438313,6.0,6.0,6.0,6.0,6.0,6.0,9.18,9.18,10.59,10.59,7.06,7.06,7.06,7.06,7.06,7.06,9.89,11.3,11.3,9.89,6.36,6.36,6.36,6.36
N_11_13,N_11_16,4.621825265865252,4.71,4.71,4.71,4.71,4.71,4.71,7.21,7.21,8.32,8.32,5.55,5.55,5.55,5.55,5.55,5.55,7.76,8.87,8.87,7.76,4.99,4.99,4.99,4.99
N_11_13,N_13_13,6.5140359318121455,6.64,6.64,6.64,6.64,6.64,6.64,10.16,10.16,11.73,11.73,7.82,7.82,7.82,7.82,7.82,7.82,10.94,12.51,12.51,10.94,7.04,7.04,7.04,7.04
N_11_13,N_9_15,2.3945077372453882,3.93,3.93,3.93,3.93,3.93,3.93,6.51,6.51,7.66,7.66,4.79,4.79,4.79,4.79,4.79,4.79,7.09,8.24,8.24,7.09,4.21,4.21,4.21,4.21
N_11_13,N_12_13,4.8856538196594235,4.98,4.98,4.98,4.98,4.98,4.98,7.62,7.62,8.79,8.79,5.86,5.86,5.86,5.86,5.86,5.86,8.21,9.38,9.38,8.21,5.28,5.28,5.28,5.28
N_11_14,N_10_13,13.641697836793886,7.57,7.57,7.57,7.57,7.57,7.57,9.41,9.41,10.23,10.23,8.19,8.19,8.19,8.19,8.19,8.19,9.82,10.64,10.64,9.82,7.78,7.78,7.78,7.78
N_11_14,N_10_16,11.041385120242133,6.13,6.13,6.13,6.13,6.13,6.13,7.62,7.62,8.28,8.28,6.62,6.62,6.62,6.62,6.62,6.62,7.95,8.61,8.61,7.95,6.29,6.29,6.29,6.29
N_11_14,N_12_15,14.311257528537789,7.94,7.94,7.94,7.94,7.94,7.94,9.87,9.87,10.73,10.73,8.59,8.59,8.59,8.59,8.59,8.59,10.3,11.16,11.16,10.3,8.16,8.16,8.16,8.16
N_11_14,N_14_14,1.5628599003453434,2.56,2.56,2.56,2.56,2.56,2.56,4.25,4.25,5.0,5.0,3.13,3.13,3.13,3.13,3.13,3.13,4.63,5.38,5.38,4.63,2.75,2.75,2.75,2.75
N_11_14,N_9_15,1.5785719726610448,2.59,2.59,2.59,2.59,2.59,2.59,4.29,4.29,5.05,5.05,3.16,3.16,3.16,3.16,3.16,3.16,4.67,5.43,5.43,4.67,2.78,2.78,2.78,2.78
N_11_14,N_9_13,4.682736080002112,4.78,4.78,4.78,4.78,4.78,4.78,7.31,7.31,8.43,8.43,5.62,5.62,5.62,5.62,5.62,5.62,7.87,8.99,8.99,7.87,5.06,5.06,5.06,5.06
N_11_15,N_9_13,4.500119526819769,4.59,4.59,4.59,4.59,4.59,4.59,7.02,7.02,8.1,8.1,5.4,5.4,5.4,5.4,5.4,5.4,7.56,8.64,8.64,7.56,4.86,4.86,4.86,4.86
N_11_15,N_13_14,1.3176901543478636,2.16,2.16,2.16,2.16,2.16,2.16,3.58,3.58,4.22,4.22,2.64,2.64,2.64,2.64,2.64,2.64,3.9,4.53,4.53,3.9,2.32,2.32,2.32,2.32
N_11_15,N_10_17,5.3414807395229555,5.45,5.45,5.45,5.45,5.45,5.45,8.33,8.33,9.61,9.61,6.41,6.41,6.41,6.41,6.41,6.41,8.97,10.26,10.26,8.97,5.77,5.77,5.77,5.77
N_11_15,N_12_16,5.258680950571421,5.36,5.36,5.36,5.36,5.36,5.36,8.2,8.2,9.47,9.47,6.31,6.31,6.31,6.31,6.31,6.31,8.83,10.1,10.1,8.83,5.68,5.68,5.68,5.68
N_11_15,N_12_17,1.294908296390949,2.12,2.12,2.12,2.12,2.12,2.12,3.52,3.52,4.14,4.14,2.59,2.59,2.59,2.59,2.59,2.59,3.83,4.45,4.45,3.83,2.28,2.28,2.28,2.28
N_11_15,N_10_13,5.230250700785749,5.33,5.33,5.33,5.33,5.33,5.33,8.16,8.16,9.41,9.41,6.28,6.28,6.28,6.28,6.28,6.28,8.79,10.04,10.04,8.79,5.65,5.65,5.65,5.65
N_11_15,N_9_15,4.935040630512763,5.03,5.03,5.03,5.03,5.03,5.03,7.7,7.7,8.88,8.88,5.92,5.92,5.92,5.92,5.92,5.92,8.29,9.48,9.48,8.29,5.33,5.33,5.33,5.33
N_11_16,N_9_15,1.370754869105528,2.25,2.25,2.25,2.25,2.25,2.25,3.73,3.73,4.39,4.39,2.74,2.74,2.74,2.74,2.74,2.74,4.06,4.72,4.72,4.06,2.41,2.41,2.41,2.41
N_11_16,N_9_16,8.560278156870618,4.75,4.75,4.75,4.75,4.75,4.75,5.91,5.91,6.42,6.42,5.14,5.14,5.14,5.14,5.14,5.14,6.16,6.68,6.68,6.16,4.88,4.88,4.88,4.88
N_11_16,N_11_13,6.937792402525092,7.08,7.08,7.08,7.08,7.08,7.08,10.82,10.82,12.49,12.49,8.33,8.33,8.33,8.33,8.33,8.33,11.66,13.32,13.32,11.66,7.49,7.49,7.49,7.49
N_11_16,N_9_14,5.846423326835925,5.96,5.96,5.96,5.96,5.96,5.96,9.12,9.12,10.52,10.52,7.02,7.02,7.02,7.02,7.02,7.02,9.82,11.23,11.23,9.82,6.31,6.31,6.31,6.31
N_11_16,N_10_14,2.140457468856441,3.51,3.51,3.51,3.51,3.51,3.51,5.82,5.82,6.85,6.85,4.28,4.28,4.28,4.28,4.28,4.28,6.34,7.36,7.36,6.34,3.77,3.77,3.77,3.77
N_11_17,N_12_15,5.94770216058558,6.07,6.07,6.07,6.07,6.07,6.07,9.28,9.28,10.71,10.71,7.14,7.14,7.14,7.14,7.14,7.14,9.99,11.42,11.42,9.99,6.42,6.42,6.42,6.42
N_11_17,N_10_17,9.991456509254656,5.55,5.55,5.55,5.55,5.55,5.55,6.89,6.89,7.49,7.49,5.99,5.99,5.99,5.99,5.99,5.99,7.19,7.79,7.79,7.19,5.7,5.7,5.7,5.7
N_11_17,N_12_16,1.196190496496485,1.96,1.96,1.96,1.96,1.96,1.96,3.25,3.25,3.83,3.83,2.39,2.39,2.39,2.39,2.39,2.39,3.54,4.11,4.11,3.54,2.11,2.11,2.11,2.11
N_11_17,N_13_19,12.244543855945764,6.8,6.8,6.8,6.8,6.8,6.8,8.45,8.45,9.18,9.18,7.35,7.35,7.35,7.35,7.35,7.35,8.82,9.55,9.55,8.82,6.98,6.98,6.98,6.98
N_11_18,N_10_17,0.8337627853108611,1.37,1.37,1.37,1.37,1.37,1.37,2.27,2.27,2.67,2.67,1.67,1.67,1.67,1.67,1.67,1.67,2.47,2.87,2.87,2.47,1.47,1.47,1.47,1.47
N_11_18,N_10_19,2.3520839035632735,3.86,3.86,3.86,3.86,3.86,3.86,6.4,6.4,7.53,7.53,4.7,4.7,4.7,4.7,4.7,4.7,6.96,8.09,8.09,6.96,4.14,4.14,4.14,4.14
N_11_18,N_10_16,6.586095290983513,6.72,6.72,6.72,6.72,6.72,6.72,10.27,10.27,11.85,11.85,7.9,7.9,7.9,7.9,7.9,7.9,11.06,12.65,12.65,11.06,7.11,7.11,7.11,7.11
N_11_18,N_9_17,4.031279059277601,4.11,4.11,4.11,4.11,4.11,4.11,6.29,6.29,7.26,7.26,4.84,4.84,4.84,4.84,4.84,4.84,6.77,7.74,7.74,6.77,4.35,4.35,4.35,4.35
N_11_19,N_10_20,9.9584319120728,5.53,5.53,5.53,5.53,5.53,5.53,6.87,6.87,7.47,7.47,5.98,5.98,5.98,5.98,5.98,5.98,7.17,7.77,7.77,7.17,5.68,5.68,5.68,5.68
N_11_19,N_11_22,13.223093806071216,7.34,7.34,7.34,7.34,7.34,7.34,9.12,9.12,9.92,9.92,7.93,7.93,7.93,7.93,7.93,7.93,9.52,10.31,10.31,9.52,7.54,7.54,7.54,7.54
N_11_19,N_12_20,13.159785735589756,7.3,7.3,7.3,7.3,7.3,7.3,9.08,9.08,9.87,9.87,7.9,7.9,7.9,7.9,7.9,7.9,9.48,10.26,10.26,9.48,7.5,7.5,7.5,7.5
N_11_19,N_13_21,9.857837613280493,5.47,5.47,5.47,5.47,5.47,5.47,6.8,6.8,7.39,7.39,5.91,5.91,5.91,5.91,5.91,5.91,7.1,7.69,7.69,7.1,5.62,5.62,5.62,5.62
N_11_19,N_9_17,2.1726694199233787,3.56,3.56,3.56,3.56,3.56,3.56,5.91,5.91,6.95,6.95,4.35,4.35,4.35,4.35,4.35,4.35,6.43,7.47,7.47,6.43,3.82,3.82,3.82,3.82
N_11_19,N_14_19,3.4795139706190863,3.55,3.55,3.55,3.55,3.55,3.55,5.43,5.43,6.26,6.26,4.18,4.18,4.18,4.18,4.18,4.18,5.85,6.68,6.68,5.85,3.76,3.76,3.76,3.76
N_11_2,N_10_1,9.573903916502449,5.31,5.31,5.31,5.31,5.31,5.31,6.61,6.61,7.18,7.18,5.74,5.74,5.74,5.74,5.74,5.74,6.89,7.47,7.47,6.89,5.46,5.46,5.46,5.46
N_11_2,N_13_4,5.745354586121557,5.86,5.86,5.86,5.86,5.86,5.86,8.96,8.96,10.34,10.34,6.89,6.89,6.89,6.89,6.89,6.89,9.65,11.03,11.03,9.65,6.2,6.2,6.2,6.2
N_11_2,N_12_4,1.896489136192279,3.11,3.11,3.11,3.11,3.11,3.11,5.16,5.16,6.07,6.07,3.79,3.79,3.79,3.79,3.79,3.79,5.61,6.52,6.52,5.61,3.34,3.34,3.34,3.34
N_11_20,N_10_22,6.225781653240011,6.35,6.35,6.35,6.35,6.35,6.35,9.71,9.71,11.21,11.21,7.47,7.47,7.47,7.47,7.47,7.47,10.46,11.95,11.95,10.46,6.72,6.72,6.72,6.72
N_11_20,N_9_18,9.25922460108897,5.14,5.14,5.14,5.14,5.14,5.14,6.39,6.39,6.94,6.94,5.56,5.56,5.56,5.56,5.56,5.56,6.67,7.22,7.22,6.67,5.28,5.28,5.28,5.28
N_11_20,N_10_20,3.9142669979986744,3.99,3.99,3.99,3.99,3.99,3.99,6.11,6.11,7.05,7.05,4.7,4.7,4.7,4.7,4.7,4.7,6.58,7.52,7.52,6.58,4.23,4.23,4.23,4.23
N_11_20,N_14_20,9.650636210198552,5.36,5.36,5.36,5.36,5.36,5.36,6.66,6.66,7.24,7.24,5.79,5.79,5.79,5.79,5.79,5.79,6.95,7.53,7.53,6.95,5.5,5.5,5.5,5.5
N_11_20,N_13_22,3.5833749413501454,3.66,3.66,3.66,3.66,3.66,3.66,5.59,5.59,6.45,6.45,4.3,4.3,4.3,4.3,4.3,4.3,6.02,6.88,6.88,6.02,3.87,3.87,3.87,3.87
N_11_20,N_12_19,13.639678530903131,7.57,7.57,7.57,7.57,7.57,7.57,9.41,9.41,10.23,10.23,8.18,8.18,8.18,8.18,8.18,8.18,9.82,10.64,10.64,9.82,7.77,7.77,7.77,7.77
N_11_20,N_10_18,6.982247081198406,7.12,7.12,7.12,7.12,7.12,7.12,10.89,10.89,12.57,12.57,8.38,8.38,8.38,8.38,8.38,8.38,11.73,13.41,13.41,11.73,7.54,7.54,7.54,7.54
N_11_20,N_9_19,5.882241318098522,6.0,6.0,6.0,6.0,6.0,6.0,9.18,9.18,10.59,10.59,7.06,7.06,7.06,7.06,7.06,7.06,9.88,11.29,11.29,9.88,6.35,6.35,6.35,6.35
N_11_21,N_10_23,4.32467370466421,4.41,4.41,4.41,4.41,4.41,4.41,6.75,6.75,7.78,7.78,5.19,5.19,5.19,5.19,5.19,5.19,7.27,8.3,8.3,7.27,4.67,4.67,4.67,4.67
N_11_21,N_11_23,5.599461932454435,5.71,5.71,5.71,5.71,5.71,5.71,8.74,8.74,10.08,10.08,6.72,6.72,6.72,6.72,6.72,6.72,9.41,10.75,10.75,9.41,6.05,6.05,6.05,6.05
N_11_21,N_11_19,1.0692174636588847,1.75,1.75,1.75,1.75,1.75,1.75,2.91,2.91,3.42,3.42,2.14,2.14,2.14,2.14,2.14,2.14,3.16,3.68,3.68,3.16,1.88,1.88,1.88,1.88
N_11_22,N_13_21,5.421539892096647,5.53,5.53,5.53,5.53,5.53,5.53,8.46,8.46,9.76,9.76,6.51,6.51,6.51,6.51,6.51,6.51,9.11,10.41,10.41,9.11,5.86,5.86,5.86,5.86
N_11_22,N_12_24,2.061948073846198,3.38,3.38,3.38,3.38,3.38,3.38,5.61,5.61,6.6,6.6,4.12,4.12,4.12,4.12,4.12,4.12,6.1,7.09,7.09,6.1,3.63,3.63,3.63,3.63
N_11_22,N_11_19,5.083742766544999,5.19,5.19,5.19,5.19,5.19,5.19,7.93,7.93,9.15,9.15,6.1,6.1,6.1,6.1,6.1,6.1,8.54,9.76,9.76,8.54,5.49,5.49,5.49,5.49
N_11_22,N_9_24,13.979482912731973,7.76,7.76,7.76,7.76,7.76,7.76,9.65,9.65,10.48,10.48,8.39,8.39,8.39,8.39,8.39,8.39,10.07,10.9,10.9,10.07,7.97,7.97,7.97,7.97
N_11_22,N_12_20,9.761529070012728,5.42,5.42,5.42,5.42,5.42,5.42,6.74,6.74,7.32,7.32,5.86,5.86,5.86,5.86,5.86,5.86,7.03,7.61,7.61,7.03,5.56,5.56,5.56,5.56
N_11_22,N_11_23,3.8422859658870236,3.92,3.92,3.92,3.92,3.92,3.92,5.99,5.99,6.92,6.92,4.61,4.61,4.61,4.61,4.61,4.61,6.46,7.38,7.38,6.46,4.15,4.15,4.15,4.15
N_11_23,N_10_23,12.91405913711255,7.17,7.17,7.17,7.17,7.17,7.17,8.91,8.91,9.69,9.69,7.75,7.75,7.75,7.75,7.75,7.75,9.3,10.07,10.07,9.3,7.36,7.36,7.36,7.36
N_11_23,N_11_21,5.599461932454435,5.71,5.71,5.71,5.71,5.71,5.71,8.74,8.74,10.08,10.08,6.72,6.72,6.72,6.72,6.72,6.72,9.41,10.75,10.75,9.41,6.05,6.05,6.05,6.05
N_11_23,N_11_22,3.8422859658870236,3.92,3.92,3.92,3.92,3.92,3.92,5.99,5.99,6.92,6.92,4.61,4.61,4.61,4.61,4.61,4.61,6.46,7.38,7.38,6.46,4.15,4.15,4.15,4.15
N_11_23,N_12_23,1.1504026333129576,1.89,1.89,1.89,1.89,1.89,1.89,3.13,3.13,3.68,3.68,2.3,2.3,2.3,2.3,2.3,2.3,3.41,3.96,3.96,3.41,2.02,2.02,2.02,2.02
N_11_24,N_8_24,13.707658524126217,7.61,7.61,7.61,7.61,7.61,7.61,9.46,9.46,10.28,10.28,8.22,8.22,8.22,8.22,8.22,8.22,9.87,10.69,10.69,9.87,7.81,7.81,7.81,7.81
N_11_24,N_13_25,4.876791820976105,4.97,4.97,4.97,4.97,4.97,4.97,7.61,7.61,8.78,8.78,5.85,5.85,5.85,5.85,5.85,5.85,8.19,9.36,9.36,8.19,5.27,5.27,5.27,5.27
N_11_24,N_11_22,2.3939150237362488,3.93,3.93,3.93,3.93,3.93,3.93,6.51,6.51,7.66,7.66,4.79,4.79,4.79,4.79,4.79,4.79,7.09,8.24,8.24,7.09,4.21,4.21,4.21,4.21
N_11_24,N_14_24,11.013047192884635,6.11,6.11,6.11,6.11,6.11,6.11,7.6,7.6,8.26,8.26,6.61,6.61,6.61,6.61,6.61,6.61,7.93,8.59,8.59,7.93,6.28,6.28,6.28,6.28
N_11_24,N_12_22,8.050525895040373,4.47,4.47,4.47,4.47,4.47,4.47,5.55,5.55,6.04,6.04,4.83,4.83,4.83,4.83,4.83,4.83,5.8,6.28,6.28,5.8,4.59,4.59,4.59,4.59
N_11_24,N_10_23,5.242217434558462,5.35,5.35,5.35,5.35,5.35,5.35,8.18,8.18,9.44,9.44,6.29,6.29,6.29,6.29,6.29,6.29,8.81,10.07,10.07,8.81,5.66,5.66,5.66,5.66
N_11_24,N_11_21,13.159824978723641,7.3,7.3,7.3,7.3,7.3,7.3,9.08,9.08,9.87,9.87,7.9,7.9,7.9,7.9,7.9,7.9,9.48,10.26,10.26,9.48,7.5,7.5,7.5,7.5
N_11_25,N_10_23,8.34742450556169,4.63,4.63,4.63,4.63,4.63,4.63,5.76,5.76,6.26,6.26,5.01,5.01,5.01,5.01,5.01,5.01,6.01,6.51,6.51,6.01,4.76,4.76,4.76,4.76
N_11_25,N_12_26,8.715914420595778,4.84,4.84,4.84,4.84,4.84,4.84,6.01,6.01,6.54,6.54,5.23,5.23,5.23,5.23,5.23,5.23,6.28,6.8,6.8,6.28,4.97,4.97,4.97,4.97
N_11_25,N_11_23,5.90842828179014,6.03,6.03,6.03,6.03,6.03,6.03,9.22,9.22,10.64,10.64,7.09,7.09,7.09,7.09,7.09,7.09,9.93,11.34,11.34,9.93,6.38,6.38,6.38,6.38
N_11_25,N_11_26,11.455056872370218,6.36,6.36,6.36,6.36,6.36,6.36,7.9,7.9,8.59,8.59,6.87,6.87,6.87,6.87,6.87,6.87,8.25,8.93,8.93,8.25,6.53,6.53,6.53,6.53
N_11_25,N_10_27,6.197849407744281,6.32,6.32,6.32,6.32,6.32,6.32,9.67,9.67,11.16,11.16,7.44,7.44,7.44,7.44,7.44,7.44,10.41,11.9,11.9,10.41,6.69,6.69,6.69,6.69
N_11_25,N_13_23,6.165698857061181,6.29,6.29,6.29,6.29,6.29,6.29,9.62,9.62,11.1,11.1,7.4,7.4,7.4,7.4,7.4,7.4,10.36,11.84,11.84,10.36,6.66,6.66,6.66,6.66
N_11_25,N_14_25,2.403288083465216,3.94,3.94,3.94,3.94,3.94,3.94,6.54,6.54,7.69,7.69,4.81,4.81,4.81,4.81,4.81,4.81,7.11,8.27,8.27,7.11,4.23,4.23,4.23,4.23
N_11_25,N_13_24,3.2855387789962274,3.35,3.35,3.35,3.35,3.35,3.35,5.13,5.13,5.91,5.91,3.94,3.94,3.94,3.94,3.94,3.94,5.52,6.31,6.31,5.52,3.55,3.55,3.55,3.55
N_11_26,N_10_26,1.23880332986389,2.03,2.03,2.03,2.03,2.03,2.03,3.37,3.37,3.96,3.96,2.48,2.48,2.48,2.48,2.48,2.48,3.67,4.26,4.26,3.67,2.18,2.18,2.18,2.18
N_11_26,N_11_25,11.455056872370218,6.36,6.36,6.36,6.36,6.36,6.36,7.9,7.9,8.59,8.59,6.87,6.87,6.87,6.87,6.87,6.87,8.25,8.93,8.93,8.25,6.53,6.53,6.53,6.53
N_11_26,N_12_25,5.198319778469987,5.3,5.3,5.3,5.3,5.3,5.3,8.11,8.11,9.36,9.36,6.24,6.24,6.24,6.24,6.24,6.24,8.73,9.98,9.98,8.73,5.61,5.61,5.61,5.61
N_11_26,N_14_26,4.1952523350335245,4.28,4.28,4.28,4.28,4.28,4.28,6.54,6.54,7.55,7.55,5.03,5.03,5.03,5.03,5.03,5.03,7.05,8.05,8.05,7.05,4.53,4.53,4.53,4.53
N_11_26,N_11_24,12.666863490078729,7.03,7.03,7.03,7.03,7.03,7.03,8.74,8.74,9.5,9.5,7.6,7.6,7.6,7.6,7.6,7.6,9.12,9.88,9.88,9.12,7.22,7.22,7.22,7.22
N_11_26,N_10_24,11.039131554004507,6.13,6.13,6.13,6.13,6.13,6.13,7.62,7.62,8.28,8.28,6.62,6.62,6.62,6.62,6.62,6.62,7.95,8.61,8.61,7.95,6.29,6.29,6.29,6.29
N_11_27,N_10_28,11.749434368021417,6.52,6.52,6.52,6.52,6.52,6.52,8.11,8.11,8.81,8.81,7.05,7.05,7.05,7.05,7.05,7.05,8.46,9.16,9.16,8.46,6.7,6.7,6.7,6.7
N_11_27,N_11_30,14.871729976746835,8.25,8.25,8.25,8.25,8.25,8.25,10.26,10.26,11.15,11.15,8.92,8.92,8.92,8.92,8.92,8.92,10.71,11.6,11.6,10.71,8.48,8.48,8.48,8.48
N_11_27,N_11_25,6.222101506346343,6.35,6.35,6.35,6.35,6.35,6.35,9.71,9.71,11.2,11.2,7.47,7.47,7.47,7.47,7.47,7.47,10.45,11.95,11.95,10.45,6.72,6.72,6.72,6.72
N_11_27,N_9_26,12.824749861988295,7.12,7.12,7.12,7.12,7.12,7.12,8.85,8.85,9.62,9.62,7.69,7.69,7.69,7.69,7.69,7.69,9.23,10.0,10.0,9.23,7.31,7.31,7.31,7.31
N_11_27,N_12_27,14.290641309890297,7.93,7.93,7.93,7.93,7.93,7.93,9.86,9.86,10.72,10.72,8.57,8.57,8.57,8.57,8.57,8.57,10.29,11.15,11.15,10.29,8.15,8.15,8.15,8.15
N_11_27,N_10_25,4.178858385763588,4.26,4.26,4.26,4.26,4.26,4.26,6.52,6.52,7.52,7.52,5.01,5.01,5.01,5.01,5.01,5.01,7.02,8.02,8.02,7.02,4.51,4.51,4.51,4.51
N_11_28,N_12_27,3.25336702639727,3.32,3.32,3.32,3.32,3.32,3.32,5.08,5.08,5.86,5.86,3.9,3.9,3.9,3.9,3.9,3.9,5.47,6.25,6.25,5.47,3.51,3.51,3.51,3.51
N_11_28,N_9_27,0.8797389048944377,1.44,1.44,1.44,1.44,1.44,1.44,2.39,2.39,2.82,2.82,1.76,1.76,1.76,1.76,1.76,1.76,2.6,3.03,3.03,2.6,1.55,1.55,1.55,1.55
N_11_28,N_10_29,3.616526055724598,3.69,3.69,3.69,3.69,3.69,3.69,5.64,5.64,6.51,6.51,4.34,4.34,4.34,4.34,4.34,4.34,6.08,6.94,6.94,6.08,3.91,3.91,3.91,3.91
N_11_28,N_13_29,4.288096222593311,4.37,4.37,4.37,4.37,4.37,4.37,6.69,6.69,7.72,7.72,5.15,5.15,5.15,5.15,5.15,5.15,7.2,8.23,8.23,7.2,4.63,4.63,4.63,4.63
N_11_28,N_9_28,3.1751090537069246,3.24,3.24,3.24,3.24,3.24,3.24,4.95,4.95,5.72,5.72,3.81,3.81,3.81,3.81,3.81,3.81,5.33,6.1,6.1,5.33,3.43,3.43,3.43,3.43
N_11_28,N_13_28,8.218916277695843,4.56,4.56,4.56,4.56,4.56,4.56,5.67,5.67,6.16,6.16,4.93,4.93,4.93,4.93,4.93,4.93,5.92,6.41,6.41,5.92,4.68,4.68,4.68,4.68
N_11_28,N_12_26,8.222720049299934,4.56,4.56,4.56,4.56,4.56,4.56,5.67,5.67,6.17,6.17,4.93,4.93,4.93,4.93,4.93,4.93,5.92,6.41,6.41,5.92,4.69,4.69,4.69,4.69
N_11_28,N_11_26,4.9596385516471075,5.06,5.06,5.06,5.06,5.06,5.06,7.74,7.74,8.93,8.93,5.95,5.95,5.95,5.95,5.95,5.95,8.33,9.52,9.52,8.33,5.36,5.36,5.36,5.36
N_11_29,N_10_31,4.855042512751039,4.95,4.95,4.95,4.95,4.95,4.95,7.57,7.57,8.74,8.74,5.83,5.83,5.83,5.83,5.83,5.83,8.16,9.32,9.32,8.16,5.24,5.24,5.24,5.24
N_11_29,N_9_28,9.617126023185456,5.34,5.34,5.34,5.34,5.34,5.34,6.64,6.64,7.21,7.21,5.77,5.77,5.77,5.77,5.77,5.77,6.92,7.5,7.5,6.92,5.48,5.48,5.48,5.48
N_11_29,N_11_27,12.598135596076705,6.99,6.99,6.99,6.99,6.99,6.99,8.69,8.69,9.45,9.45,7.56,7.56,7.56,7.56,7.56,7.56,9.07,9.83,9.83,9.07,7.18,7.18,7.18,7.18
N_11_29,N_11_28,1.6168469600259416,2.65,2.65,2.65,2.65,2.65,2.65,4.4,4.4,5.17,5.17,3.23,3.23,3.23,3.23,3.23,3.23,4.79,5.56,5.56,4.79,2.85,2.85,2.85,2.85
N_11_29,N_9_29,6.065133680064211,6.19,6.19,6.19,6.19,6.19,6.19,9.46,9.46,10.92,10.92,7.28,7.28,7.28,7.28,7.28,7.28,10.19,11.65,11.65,10.19,6.55,6.55,6.55,6.55
N_11_3,N_11_0,0.8886524306926509,1.46,1.46,1.46,1.46,1.46,1.46,2.42,2.42,2.84,2.84,1.78,1.78,1.78,1.78,1.78,1.78,2.63,3.06,3.06,2.63,1.56,1.56,1.56,1.56
N_11_3,N_13_5,3.8557125441748816,3.93,3.93,3.93,3.93,3.93,3.93,6.01,6.01,6.94,6.94,4.63,4.63,4.63,4.63,4.63,4.63,6.48,7.4,7.4,6.48,4.16,4.16,4.16,4.16
N_11_3,N_12_1,1.0081782543660482,1.65,1.65,1.65,1.65,1.65,1.65,2.74,2.74,3.23,3.23,2.02,2.02,2.02,2.02,2.02,2.02,2.98,3.47,3.47,2.98,1.77,1.77,1.77,1.77
N_11_30,N_12_28,14.227377467416897,7.9,7.9,7.9,7.9,7.9,7.9,9.82,9.82,10.67,10.67,8.54,8.54,8.54,8.54,8.54,8.54,10.24,11.1,11.1,10.24,8.11,8.11,8.11,8.11
N_11_30,N_10_28,10.102117021704732,5.61,5.61,5.61,5.61,5.61,5.61,6.97,6.97,7.58,7.58,6.06,6.06,6.06,6.06,6.06,6.06,7.27,7.88,7.88,7.27,5.76,5.76,5.76,5.76
N_11_30,N_10_30,3.8697491208990202,3.95,3.95,3.95,3.95,3.95,3.95,6.04,6.04,6.97,6.97,4.64,4.64,4.64,4.64,4.64,4.64,6.5,7.43,7.43,6.5,4.18,4.18,4.18,4.18
N_11_31,N_10_33,5.096470574672077,5.2,5.2,5.2,5.2,5.2,5.2,7.95,7.95,9.17,9.17,6.12,6.12,6.12,6.12,6.12,6.12,8.56,9.79,9.79,8.56,5.5,5.5,5.5,5.5
N_11_31,N_13_31,11.670683460595278,6.48,6.48,6.48,6.48,6.48,6.48,8.05,8.05,8.75,8.75,7.0,7.0,7.0,7.0,7.0,7.0,8.4,9.1,9.1,8.4,6.65,6.65,6.65,6.65
N_11_31,N_11_34,4.307326510620165,4.39,4.39,4.39,4.39,4.39,4.39,6.72,6.72,7.75,7.75,5.17,5.17,5.17,5.17,5.17,5.17,7.24,8.27,8.27,7.24,4.65,4.65,4.65,4.65
N_11_31,N_12_33,12.715446696587279,7.06,7.06,7.06,7.06,7.06,7.06,8.77,8.77,9.54,9.54,7.63,7.63,7.63,7.63,7.63,7.63,9.16,9.92,9.92,9.16,7.25,7.25,7.25,7.25
N_11_31,N_10_32,2.005680406021061,3.29,3.29,3.29,3.29,3.29,3.29,5.46,5.46,6.42,6.42,4.01,4.01,4.01,4.01,4.01,4.01,5.94,6.9,6.9,5.94,3.53,3.53,3.53,3.53
N_11_32,N_10_34,3.470938273748957,3.54,3.54,3.54,3.54,3.54,3.54,5.41,5.41,6.25,6.25,4.17,4.17,4.17,4.17,4.17,4.17,5.83,6.66,6.66,5.83,3.75,3.75,3.75,3.75
N_11_32,N_11_33,9.86379963485452,5.47,5.47,5.47,5.47,5.47,5.47,6.81,6.81,7.4,7.4,5.92,5.92,5.92,5.92,5.92,5.92,7.1,7.69,7.69,7.1,5.62,5.62,5.62,5.62
N_11_32,N_12_33,5.304072948980172,5.41,5.41,5.41,5.41,5.41,5.41,8.27,8.27,9.55,9.55,6.36,6.36,6.36,6.36,6.36,6.36,8.91,10.18,10.18,8.91,5.73,5.73,5.73,5.73
N_11_32,N_11_34,10.411674366572052,5.78,5.78,5.78,5.78,5.78,5.78,7.18,7.18,7.81,7.81,6.25,6.25,6.25,6.25,6.25,6.25,7.5,8.12,8.12,7.5,5.93,5.93,5.93,5.93
N_11_32,N_10_30,3.677021056045649,3.75,3.75,3.75,3.75,3.75,3.75,5.74,5.74,6.62,6.62,4.41,4.41,4.41,4.41,4.41,4.41,6.18,7.06,7.06,6.18,3.97,3.97,3.97,3.97
N_11_32,N_10_31,2.1055920487971616,3.45,3.45,3.45,3.45,3.45,3.45,5.73,5.73,6.74,6.74,4.21,4.21,4.21,4.21,4.21,4.21,6.23,7.24,7.24,6.23,3.71,3.71,3.71,3.71
N_11_32,N_9_30,6.696852827613709,6.83,6.83,6.83,6.83,6.83,6.83,10.45,10.45,12.05,12.05,8.04,8.04,8.04,8.04,8.04,8.04,11.25,12.86,12.86,11.25,7.23,7.23,7.23,7.23
N_11_33,N_10_31,6.547374198774014,6.68,6.68,6.68,6.68,6.68,6.68,10.21,10.21,11.79,11.79,7.86,7.86,7.86,7.86,7.86,7.86,11.0,12.57,12.57,11.0,7.07,7.07,7.07,7.07
N_11_33,N_11_32,9.86379963485452,5.47,5.47,5.47,5.47,5.47,5.47,6.81,6.81,7.4,7.4,5.92,5.92,5.92,5.92,5.92,5.92,7.1,7.69,7.69,7.1,5.62,5.62,5.62,5.62
N_11_33,N_13_35,5.492167971429931,5.6,5.6,5.6,5.6,5.6,5.6,8.57,8.57,9.89,9.89,6.59,6.59,6.59,6.59,6.59,6.59,9.23,10.54,10.54,9.23,5.93,5.93,5.93,5.93
N_11_34,N_11_31,4.307326510620165,4.39,4.39,4.39,4.39,4.39,4.39,6.72,6.72,7.75,7.75,5.17,5.17,5.17,5.17,5.17,5.17,7.24,8.27,8.27,7.24,4.65,4.65,4.65,4.65
N_11_34,N_11_32,10.411674366572052,5.78,5.78,5.78,5.78,5.78,5.78,7.18,7.18,7.81,7.81,6.25,6.25,6.25,6.25,6.25,6.25,7.5,8.12,8.12,7.5,5.93,5.93,5.93,5.93
N_11_34,N_9_32,14.18381620605199,7.87,7.87,7.87,7.87,7.87,7.87,9.79,9.79,10.64,10.64,8.51,8.51,8.51,8.51,8.51,8.51,10.21,11.06,11.06,10.21,8.08,8.08,8.08,8.08
N_11_34,N_8_34,1.5170806642861951,2.49,2.49,2.49,2.49,2.49,2.49,4.13,4.13,4.85,4.85,3.03,3.03,3.03,3.03,3.03,3.03,4.49,5.22,5.22,4.49,2.67,2.67,2.67,2.67
N_11_34,N_13_36,1.4693243036683312,2.41,2.41,2.41,2.41,2.41,2.41,4.0,4.0,4.7,4.7,2.94,2.94,2.94,2.94,2.94,2.94,4.35,5.05,5.05,4.35,2.59,2.59,2.59,2.59
N_11_35,N_10_33,14.639243625371117,8.12,8.12,8.12,8.12,8.12,8.12,10.1,10.1,10.98,10.98,8.78,8.78,8.78,8.78,8.78,8.78,10.54,11.42,11.42,10.54,8.34,8.34,8.34,8.34
N_11_35,N_10_34,13.814569043296228,7.67,7.67,7.67,7.67,7.67,7.67,9.53,9.53,10.36,10.36,8.29,8.29,8.29,8.29,8.29,8.29,9.95,10.78,10.78,9.95,7.87,7.87,7.87,7.87
N_11_35,N_11_36,2.2808041721575227,3.74,3.74,3.74,3.74,3.74,3.74,6.2,6.2,7.3,7.3,4.56,4.56,4.56,4.56,4.56,4.56,6.75,7.85,7.85,6.75,4.01,4.01,4.01,4.01
N_11_35,N_10_36,11.884575461177638,6.6,6.6,6.6,6.6,6.6,6.6,8.2,8.2,8.91,8.91,7.13,7.13,7.13,7.13,7.13,7.13,8.56,9.27,9.27,8.56,6.77,6.77,6.77,6.77
N_11_35,N_12_34,14.2802272047842,7.93,7.93,7.93,7.93,7.93,7.93,9.85,9.85,10.71,10.71,8.57,8.57,8.57,8.57,8.57,8.57,10.28,11.14,11.14,10.28,8.14,8.14,8.14,8.14
N_11_35,N_13_34,10.675449852980858,5.92,5.92,5.92,5.92,5.92,5.92,7.37,7.37,8.01,8.01,6.41,6.41,6.41,6.41,6.41,6.41,7.69,8.33,8.33,7.69,6.09,6.09,6.09,6.09
N_11_36,N_9_37,5.259377149257425,5.36,5.36,5.36,5.36,5.36,5.36,8.2,8.2,9.47,9.47,6.31,6.31,6.31,6.31,6.31,6.31,8.84,10.1,10.1,8.84,5.68,5.68,5.68,5.68
N_11_36,N_13_34,11.73073082894244,6.51,6.51,6.51,6.51,6.51,6.51,8.09,8.09,8.8,8.8,7.04,7.04,7.04,7.04,7.04,7.04,8.45,9.15,9.15,8.45,6.69,6.69,6.69,6.69
N_11_36,N_13_38,13.87665756909152,7.7,7.7,7.7,7.7,7.7,7.7,9.57,9.57,10.41,10.41,8.33,8.33,8.33,8.33,8.33,8.33,9.99,10.82,10.82,9.99,7.91,7.91,7.91,7.91
N_11_36,N_12_37,10.230812118656361,5.68,5.68,5.68,5.68,5.68,5.68,7.06,7.06,7.67,7.67,6.14,6.14,6.14,6.14,6.14,6.14,7.37,7.98,7.98,7.37,5.83,5.83,5.83,5.83
N_11_36,N_10_38,1.106696209952302,1.81,1.81,1.81,1.81,1.81,1.81,3.01,3.01,3.54,3.54,2.21,2.21,2.21,2.21,2.21,2.21,3.28,3.81,3.81,3.28,1.95,1.95,1.95,1.95
N_11_36,N_11_33,1.773694797355682,2.91,2.91,2.91,2.91,2.91,2.91,4.82,4.82,5.68,5.68,3.55,3.55,3.55,3.55,3.55,3.55,5.25,6.1,6.1,5.25,3.12,3.12,3.12,3.12
N_11_36,N_9_35,9.315535215641559,5.17,5.17,5.17,5.17,5.17,5.17,6.43,6.43,6.99,6.99,5.59,5.59,5.59,5.59,5.59,5.59,6.71,7.27,7.27,6.71,5.31,5.31,5.31,5.31
N_11_37,N_10_37,11.489193023215806,6.38,6.38,6.38,6.38,6.38,6.38,7.93,7.93,8.62,8.62,6.89,6.89,6.89,6.89,6.89,6.89,8.27,8.96,8.96,8.27,6.55,6.55,6.55,6.55
N_11_37,N_11_34,3.060057041807028,3.12,3.12,3.12,3.12,3.12,3.12,4.77,4.77,5.51,5.51,3.67,3.67,3.67,3.67,3.67,3.67,5.14,5.88,5.88,5.14,3.3,3.3,3.3,3.3
N_11_37,N_9_38,5.969466646651599,6.09,6.09,6.09,6.09,6.09,6.09,9.31,9.31,10.75,10.75,7.16,7.16,7.16,7.16,7.16,7.16,10.03,11.46,11.46,10.03,6.45,6.45,6.45,6.45
N_11_37,N_14_37,3.2645452969395574,3.33,3.33,3.33,3.33,3.33,3.33,5.09,5.09,5.88,5.88,3.92,3.92,3.92,3.92,3.92,3.92,5.48,6.27,6.27,5.48,3.53,3.53,3.53,3.53
N_11_37,N_11_35,2.2342580052772067,3.66,3.66,3.66,3.66,3.66,3.66,6.08,6.08,7.15,7.15,4.47,4.47,4.47,4.47,4.47,4.47,6.61,7.69,7.69,6.61,3.93,3.93,3.93,3.93
N_11_37,N_9_39,4.830179717766848,4.93,4.93,4.93,4.93,4.93,4.93,7.54,7.54,8.69,8.69,5.8,5.8,5.8,5.8,5.8,5.8,8.11,9.27,9.27,8.11,5.22,5.22,5.22,5.22
N_11_37,N_9_36,3.1673051002004726,3.23,3.23,3.23,3.23,3.23,3.23,4.94,4.94,5.7,5.7,3.8,3.8,3.8,3.8,3.8,3.8,5.32,6.08,6.08,5.32,3.42,3.42,3.42,3.42
N_11_37,N_13_39,4.25158996564599,4.34,4.34,4.34,4.34,4.34,4.34,6.63,6.63,7.65,7.65,5.1,5.1,5.1,5.1,5.1,5.1,7.14,8.16,8.16,7.14,4.59,4.59,4.59,4.59
N_11_38,N_10_36,12.873189114666564,7.14,7.14,7.14,7.14,7.14,7.14,8.88,8.88,9.65,9.65,7.72,7.72,7.72,7.72,7.72,7.72,9.27,10.04,10.04,9.27,7.34,7.34,7.34,7.34
N_11_38,N_9_36,6.537590304152791,6.67,6.67,6.67,6.67,6.67,6.67,10.2,10.2,11.77,11.77,7.85,7.85,7.85,7.85,7.85,7.85,10.98,12.55,12.55,10.98,7.06,7.06,7.06,7.06
N_11_38,N_11_35,9.165406211892034,5.09,5.09,5.09,5.09,5.09,5.09,6.32,6.32,6.87,6.87,5.5,5.5,5.5,5.5,5.5,5.5,6.6,7.15,7.15,6.6,5.22,5.22,5.22,5.22
N_11_38,N_13_36,1.8799059170032983,3.08,3.08,3.08,3.08,3.08,3.08,5.11,5.11,6.02,6.02,3.76,3.76,3.76,3.76,3.76,3.76,5.56,6.47,6.47,5.56,3.31,3.31,3.31,3.31
N_11_38,N_9_39,5.5844060317187925,5.7,5.7,5.7,5.7,5.7,5.7,8.71,8.71,10.05,10.05,6.7,6.7,6.7,6.7,6.7,6.7,9.38,10.72,10.72,9.38,6.03,6.03,6.03,6.03
N_11_38,N_11_37,3.7190855675557595,3.79,3.79,3.79,3.79,3.79,3.79,5.8,5.8,6.69,6.69,4.46,4.46,4.46,4.46,4.46,4.46,6.25,7.14,7.14,6.25,4.02,4.02,4.02,4.02
N_11_39,N_10_37,4.112628521035633,4.19,4.19,4.19,4.19,4.19,4.19,6.42,6.42,7.4,7.4,4.94,4.94,4.94,4.94,4.94,4.94,6.91,7.9,7.9,6.91,4.44,4.44,4.44,4.44
N_11_39,N_12_38,12.943586968971706,7.18,7.18,7.18,7.18,7.18,7.18,8.93,8.93,9.71,9.71,7.77,7.77,7.77,7.77,7.77,7.77,9.32,10.1,10.1,9.32,7.38,7.38,7.38,7.38
N_11_39,N_13_37,12.950953831438806,7.19,7.19,7.19,7.19,7.19,7.19,8.94,8.94,9.71,9.71,7.77,7.77,7.77,7.77,7.77,7.77,9.32,10.1,10.1,9.32,7.38,7.38,7.38,7.38
N_11_39,N_13_39,1.7241450689696354,2.83,2.83,2.83,2.83,2.83,2.83,4.69,4.69,5.52,5.52,3.45,3.45,3.45,3.45,3.45,3.45,5.1,5.93,5.93,5.1,3.03,3.03,3.03,3.03
N_11_39,N_11_37,3.175624333866248,3.24,3.24,3.24,3.24,3.24,3.24,4.95,4.95,5.72,5.72,3.81,3.81,3.81,3.81,3.81,3.81,5.34,6.1,6.1,5.34,3.43,3.43,3.43,3.43
N_11_39,N_9_39,6.485221614227603,6.61,6.61,6.61,6.61,6.61,6.61,10.12,10.12,11.67,11.67,7.78,7.78,7.78,7.78,7.78,7.78,10.9,12.45,12.45,10.9,7.0,7.0,7.0,7.0
N_11_39,N_10_39,9.01225161740234,5.0,5.0,5.0,5.0,5.0,5.0,6.22,6.22,6.76,6.76,5.41,5.41,5.41,5.41,5.41,5.41,6.49,7.03,7.03,6.49,5.14,5.14,5.14,5.14
N_11_39,N_12_39,10.156435438741953,5.64,5.64,5.64,5.64,5.64,5.64,7.01,7.01,7.62,7.62,6.09,6.09,6.09,6.09,6.09,6.09,7.31,7.92,7.92,7.31,5.79,5.79,5.79,5.79
N_11_4,N_10_6,12.087902403787519,6.71,6.71,6.71,6.71,6.71,6.71,8.34,8.34,9.07,9.07,7.25,7.25,7.25,7.25,7.25,7.25,8.7,9.43,9.43,8.7,6.89,6.89,6.89,6.89
N_11_4,N_12_2,12.200714730069125,6.77,6.77,6.77,6.77,6.77,6.77,8.42,8.42,9.15,9.15,7.32,7.32,7.32,7.32,7.32,7.32,8.78,9.52,9.52,8.78,6.95,6.95,6.95,6.95
N_11_4,N_11_6,5.479064155478341,5.59,5.59,5.59,5.59,5.59,5.59,8.55,8.55,9.86,9.86,6.57,6.57,6.57,6.57,6.57,6.57,9.2,10.52,10.52,9.2,5.92,5.92,5.92,5.92
N_11_4,N_13_2,0.5978375998860594,0.98,0.98,0.98,0.98,0.98,0.98,1.63,1.63,1.91,1.91,1.2,1.2,1.2,1.2,1.2,1.2,1.77,2.06,2.06,1.77,1.05,1.05,1.05,1.05
N_11_5,N_13_3,4.2912874033620785,4.38,4.38,4.38,4.38,4.38,4.38,6.69,6.69,7.72,7.72,5.15,5.15,5.15,5.15,5.15,5.15,7.21,8.24,8.24,7.21,4.63,4.63,4.63,4.63
N_11_5,N_9_5,2.016883975674567,3.31,3.31,3.31,3.31,3.31,3.31,5.49,5.49,6.45,6.45,4.03,4.03,4.03,4.03,4.03,4.03,5.97,6.94,6.94,5.97,3.55,3.55,3.55,3.55
N_11_5,N_11_4,11.295717909498666,6.27,6.27,6.27,6.27,6.27,6.27,7.79,7.79,8.47,8.47,6.78,6.78,6.78,6.78,6.78,6.78,8.13,8.81,8.81,8.13,6.44,6.44,6.44,6.44
N_11_6,N_10_7,9.54838656771017,5.3,5.3,5.3,5.3,5.3,5.3,6.59,6.59,7.16,7.16,5.73,5.73,5.73,5.73,5.73,5.73,6.87,7.45,7.45,6.87,5.44,5.44,5.44,5.44
N_11_6,N_11_4,5.479064155478341,5.59,5.59,5.59,5.59,5.59,5.59,8.55,8.55,9.86,9.86,6.57,6.57,6.57,6.57,6.57,6.57,9.2,10.52,10.52,9.2,5.92,5.92,5.92,5.92
N_11_6,N_8_6,5.527430429987344,5.64,5.64,5.64,5.64,5.64,5.64,8.62,8.62,9.95,9.95,6.63,6.63,6.63,6.63,6.63,6.63,9.29,10.61,10.61,9.29,5.97,5.97,5.97,5.97
N_11_6,N_13_6,6.917030638264281,7.06,7.06,7.06,7.06,7.06,7.06,10.79,10.79,12.45,12.45,8.3,8.3,8.3,8.3,8.3,8.3,11.62,13.28,13.28,11.62,7.47,7.47,7.47,7.47
N_11_6,N_13_5,12.378225196727573,6.87,6.87,6.87,6.87,6.87,6.87,8.54,8.54,9.28,9.28,7.43,7.43,7.43,7.43,7.43,7.43,8.91,9.66,9.66,8.91,7.06,7.06,7.06,7.06
N_11_6,N_10_8,2.0991287025110124,3.44,3.44,3.44,3.44,3.44,3.44,5.71,5.71,6.72,6.72,4.2,4.2,4.2,4.2,4.2,4.2,6.21,7.22,7.22,6.21,3.69,3.69,3.69,3.69
N_11_6,N_11_3,4.335169027735294,4.42,4.42,4.42,4.42,4.42,4.42,6.76,6.76,7.8,7.8,5.2,5.2,5.2,5.2,5.2,5.2,7.28,8.32,8.32,7.28,4.68,4.68,4.68,4.68
N_11_6,N_12_5,3.045189071912119,3.11,3.11,3.11,3.11,3.11,3.11,4.75,4.75,5.48,5.48,3.65,3.65,3.65,3.65,3.65,3.65,5.12,5.85,5.85,5.12,3.29,3.29,3.29,3.29
N_11_7,N_10_9,14.496334251164336,8.05,8.05,8.05,8.05,8.05,8.05,10.0,10.0,10.87,10.87,8.7,8.7,8.7,8.7,8.7,8.7,10.44,11.31,11.31,10.44,8.26,8.26,8.26,8.26
N_11_7,N_11_9,5.5088019508307555,5.62,5.62,5.62,5.62,5.62,5.62,8.59,8.59,9.92,9.92,6.61,6.61,6.61,6.61,6.61,6.61,9.25,10.58,10.58,9.25,5.95,5.95,5.95,5.95
N_11_7,N_11_5,4.34043861813754,4.43,4.43,4.43,4.43,4.43,4.43,6.77,6.77,7.81,7.81,5.21,5.21,5.21,5.21,5.21,5.21,7.29,8.33,8.33,7.29,4.69,4.69,4.69,4.69
N_11_7,N_11_4,5.970338584662148,6.09,6.09,6.09,6.09,6.09,6.09,9.31,9.31,10.75,10.75,7.16,7.16,7.16,7.16,7.16,7.16,10.03,11.46,11.46,10.03,6.45,6.45,6.45,6.45
N_11_7,N_11_8,13.074749080444748,7.26,7.26,7.26,7.26,7.26,7.26,9.02,9.02,9.81,9.81,7.84,7.84,7.84,7.84,7.84,7.84,9.41,10.2,10.2,9.41,7.45,7.45,7.45,7.45
N_11_7,N_8_7,3.8330498807846793,3.91,3.91,3.91,3.91,3.91,3.91,5.98,5.98,6.9,6.9,4.6,4.6,4.6,4.6,4.6,4.6,6.44,7.36,7.36,6.44,4.14,4.14,4.14,4.14
N_11_7,N_9_9,6.552117878072941,6.68,6.68,6.68,6.68,6.68,6.68,10.22,10.22,11.79,11.79,7.86,7.86,7.86,7.86,7.86,7.86,11.01,12.58,12.58,11.01,7.08,7.08,7.08,7.08
N_11_8,N_11_7,13.074749080444748,7.26,7.26,7.26,7.26,7.26,7.26,9.02,9.02,9.81,9.81,7.84,7.84,7.84,7.84,7.84,7.84,9.41,10.2,10.2,9.41,7.45,7.45,7.45,7.45
N_11_8,N_10_7,3.700050983197429,3.77,3.77,3.77,3.77,3.77,3.77,5.77,5.77,6.66,6.66,4.44,4.44,4.44,4.44,4.44,4.44,6.22,7.1,7.1,6.22,4.0,4.0,4.0,4.0
N_11_8,N_11_10,9.414688895594157,5.23,5.23,5.23,5.23,5.23,5.23,6.5,6.5,7.06,7.06,5.65,5.65,5.65,5.65,5.65,5.65,6.78,7.34,7.34,6.78,5.37,5.37,5.37,5.37
N_11_8,N_10_8,6.196101113637185,6.32,6.32,6.32,6.32,6.32,6.32,9.67,9.67,11.15,11.15,7.44,7.44,7.44,7.44,7.44,7.44,10.41,11.9,11.9,10.41,6.69,6.69,6.69,6.69
N_11_9,N_10_9,4.7507045978729,4.85,4.85,4.85,4.85,4.85,4.85,7.41,7.41,8.55,8.55,5.7,5.7,5.7,5.7,5.7,5.7,7.98,9.12,9.12,7.98,5.13,5.13,5.13,5.13
N_11_9,N_10_10,0.7062056589212671,1.16,1.16,1.16,1.16,1.16,1.16,1.92,1.92,2.26,2.26,1.41,1.41,1.41,1.41,1.41,1.41,2.09,2.43,2.43,2.09,1.24,1.24,1.24,1.24
N_11_9,N_12_10,3.0899210446345755,3.15,3.15,3.15,3.15,3.15,3.15,4.82,4.82,5.56,5.56,3.71,3.71,3.71,3.71,3.71,3.71,5.19,5.93,5.93,5.19,3.34,3.34,3.34,3.34
N_11_9,N_13_9,3.839382747437965,3.92,3.92,3.92,3.92,3.92,3.92,5.99,5.99,6.91,6.91,4.61,4.61,4.61,4.61,4.61,4.61,6.45,7.37,7.37,6.45,4.15,4.15,4.15,4.15
N_11_9,N_12_7,11.725930640355113,6.51,6.51,6.51,6.51,6.51,6.51,8.09,8.09,8.79,8.79,7.04,7.04,7.04,7.04,7.04,7.04,8.44,9.15,9.15,8.44,6.68,6.68,6.68,6.68
N_12_0,N_10_1,4.775406971237048,4.87,4.87,4.87,4.87,4.87,4.87,7.45,7.45,8.6,8.6,5.73,5.73,5.73,5.73,5.73,5.73,8.02,9.17,9.17,8.02,5.16,5.16,5.16,5.16
N_12_0,N_11_0,6.614185503898184,6.75,6.75,6.75,6.75,6.75,6.75,10.32,10.32,11.91,11.91,7.94,7.94,7.94,7.94,7.94,7.94,11.11,12.7,12.7,11.11,7.14,7.14,7.14,7.14
N_12_0,N_11_1,2.10800567691427,3.46,3.46,3.46,3.46,3.46,3.46,5.73,5.73,6.75,6.75,4.22,4.22,4.22,4.22,4.22,4.22,6.24,7.25,7.25,6.24,3.71,3.71,3.71,3.71
N_12_0,N_13_0,1.5811542040653175,2.59,2.59,2.59,2.59,2.59,2.59,4.3,4.3,5.06,5.06,3.16,3.16,3.16,3.16,3.16,3.16,4.68,5.44,5.44,4.68,2.78,2.78,2.78,2.78
N_12_1,N_11_1,13.61645348696279,7.56,7.56,7.56,7.56,7.56,7.56,9.4,9.4,10.21,10.21,8.17,8.17,8.17,8.17,8.17,8.17,9.8,10.62,10.62,9.8,7.76,7.76,7.76,7.76
N_12_1,N_14_0,10.17274179154147,5.65,5.65,5.65,5.65,5.65,5.65,7.02,7.02,7.63,7.63,6.1,6.1,6.1,6.1,6.1,6.1,7.32,7.93,7.93,7.32,5.8,5.8,5.8,5.8
N_12_1,N_12_0,4.882183499088711,4.98,4.98,4.98,4.98,4.98,4.98,7.62,7.62,8.79,8.79,5.86,5.86,5.86,5.86,5.86,5.86,8.2,9.37,9.37,8.2,5.27,5.27,5.27,5.27
N_12_10,N_10_12,1.1755103103415747,1.93,1.93,1.93,1.93,1.93,1.93,3.2,3.2,3.76,3.76,2.35,2.35,2.35,2.35,2.35,2.35,3.48,4.04,4.04,3.48,2.07,2.07,2.07,2.07
N_12_10,N_11_11,5.597805651155829,5.71,5.71,5.71,5.71,5.71,5.71,8.73,8.73,10.08,10.08,6.72,6.72,6.72,6.72,6.72,6.72,9.4,10.75,10.75,9.4,6.05,6.05,6.05,6.05
N_12_10,N_14_9,4.6032658991377335,4.7,4.7,4.7,4.7,4.7,4.7,7.18,7.18,8.29,8.29,5.52,5.52,5.52,5.52,5.52,5.52,7.73,8.84,8.84,7.73,4.97,4.97,4.97,4.97
N_12_10,N_10_10,5.1917960691160046,5.3,5.3,5.3,5.3,5.3,5.3,8.1,8.1,9.35,9.35,6.23,6.23,6.23,6.23,6.23,6.23,8.72,9.97,9.97,8.72,5.61,5.61,5.61,5.61
N_12_10,N_14_10,4.3628566327166,4.45,4.45,4.45,4.45,4.45,4.45,6.81,6.81,7.85,7.85,5.24,5.24,5.24,5.24,5.24,5.24,7.33,8.38,8.38,7.33,4.71,4.71,4.71,4.71
N_12_10,N_10_11,6.137255906468786,6.26,6.26,6.26,6.26,6.26,6.26,9.57,9.57,11.05,11.05,7.36,7.36,7.36,7.36,7.36,7.36,10.31,11.78,11.78,10.31,6.63,6.63,6.63,6.63
N_12_10,N_11_9,5.178107520763074,5.28,5.28,5.28,5.28,5.28,5.28,8.08,8.08,9.32,9.32,6.21,6.21,6.21,6.21,6.21,6.21,8.7,9.94,9.94,8.7,5.59,5.59,5.59,5.59
N_12_11,N_10_10,13.674919017875872,7.59,7.59,7.59,7.59,7.59,7.59,9.44,9.44,10.26,10.26,8.2,8.2,8.2,8.2,8.2,8.2,9.85,10.67,10.67,9.85,7.79,7.79,7.79,7.79
N_12_11,N_10_9,4.2054028393794844,4.29,4.29,4.29,4.29,4.29,4.29,6.56,6.56,7.57,7.57,5.05,5.05,5.05,5.05,5.05,5.05,7.07,8.07,8.07,7.07,4.54,4.54,4.54,4.54
N_12_11,N_9_11,3.000737361820868,3.06,3.06,3.06,3.06,3.06,3.06,4.68,4.68,5.4,5.4,3.6,3.6,3.6,3.6,3.6,3.6,5.04,5.76,5.76,5.04,3.24,3.24,3.24,3.24
N_12_11,N_12_12,11.718790747527203,6.5,6.5,6.5,6.5,6.5,6.5,8.09,8.09,8.79,8.79,7.03,7.03,7.03,7.03,7.03,7.03,8.44,9.14,9.14,8.44,6.68,6.68,6.68,6.68
N_12_11,N_14_9,3.78266648070996,3.86,3.86,3.86,3.86,3.86,3.86,5.9,5.9,6.81,6.81,4.54,4.54,4.54,4.54,4.54,4.54,6.35,7.26,7.26,6.35,4.09,4.09,4.09,4.09
N_12_11,N_14_13,5.281105631421406,5.39,5.39,5.39,5.39,5.39,5.39,8.24,8.24,9.51,9.51,6.34,6.34,6.34,6.34,6.34,6.34,8.87,10.14,10.14,8.87,5.7,5.7,5.7,5.7
N_12_12,N_10_14,10.742257111287074,5.96,5.96,5.96,5.96,5.96,5.96,7.41,7.41,8.06,8.06,6.45,6.45,6.45,6.45,6.45,6.45,7.73,8.38,8.38,7.73,6.12,6.12,6.12,6.12
N_12_12,N_12_11,11.718790747527203,6.5,6.5,6.5,6.5,6.5,6.5,8.09,8.09,8.79,8.79,7.03,7.03,7.03,7.03,7.03,7.03,8.44,9.14,9.14,8.44,6.68,6.68,6.68,6.68
N_12_12,N_12_10,5.847094606840301,5.96,5.96,5.96,5.96,5.96,5.96,9.12,9.12,10.52,10.52,7.02,7.02,7.02,7.02,7.02,7.02,9.82,11.23,11.23,9.82,6.31,6.31,6.31,6.31
N_12_13,N_11_11,1.7671339635498398,2.9,2.9,2.9,2.9,2.9,2.9,4.81,4.81,5.65,5.65,3.53,3.53,3.53,3.53,3.53,3.53,5.23,6.08,6.08,5.23,3.11,3.11,3.11,3.11
N_12_13,N_11_13,4.8856538196594235,4.98,4.98,4.98,4.98,4.98,4.98,7.62,7.62,8.79,8.79,5.86,5.86,5.86,5.86,5.86,5.86,8.21,9.38,9.38,8.21,5.28,5.28,5.28,5.28
N_12_13,N_10_14,13.64159130238733,7.57,7.57,7.57,7.57,7.57,7.57,9.41,9.41,10.23,10.23,8.18,8.18,8.18,8.18,8.18,8.18,9.82,10.64,10.64,9.82,7.78,7.78,7.78,7.78
N_12_13,N_13_15,1.8907810390655622,3.1,3.1,3.1,3.1,3.1,3.1,5.14,5.14,6.05,6.05,3.78,3.78,3.78,3.78,3.78,3.78,5.6,6.5,6.5,5.6,3.33,3.33,3.33,3.33
N_12_13,N_13_12,4.817577436846939,4.91,4.91,4.91,4.91,4.91,4.91,7.52,7.52,8.67,8.67,5.78,5.78,5.78,5.78,5.78,5.78,8.09,9.25,9.25,8.09,5.2,5.2,5.2,5.2
N_12_13,N_10_15,1.2694294356600526,2.08,2.08,2.08,2.08,2.08,2.08,3.45,3.45,4.06,4.06,2.54,2.54,2.54,2.54,2.54,2.54,3.76,4.37,4.37,3.76,2.23,2.23,2.23,2.23
N_12_13,N_11_14,3.029719965992525,3.09,3.09,3.09,3.09,3.09,3.09,4.73,4.73,5.45,5.45,3.64,3.64,3.64,3.64,3.64,3.64,5.09,5.82,5.82,5.09,3.27,3.27,3.27,3.27
N_12_14,N_14_16,5.654947756541104,5.77,5.77,5.77,5.77,5.77,5.77,8.82,8.82,10.18,10.18,6.79,6.79,6.79,6.79,6.79,6.79,9.5,10.86,10.86,9.5,6.11,6.11,6.11,6.11
N_12_14,N_13_15,5.1567888497739505,5.26,5.26,5.26,5.26,5.26,5.26,8.04,8.04,9.28,9.28,6.19,6.19,6.19,6.19,6.19,6.19,8.66,9.9,9.9,8.66,5.57,5.57,5.57,5.57
N_12_14,N_14_12,6.614341090427224,6.75,6.75,6.75,6.75,6.75,6.75,10.32,10.32,11.91,11.91,7.94,7.94,7.94,7.94,7.94,7.94,11.11,12.7,12.7,11.11,7.14,7.14,7.14,7.14
N_12_14,N_13_12,11.178243403052104,6.2,6.2,6.2,6.2,6.2,6.2,7.71,7.71,8.38,8.38,6.71,6.71,6.71,6.71,6.71,6.71,8.05,8.72,8.72,8.05,6.37,6.37,6.37,6.37
N_12_14,N_10_14,4.326055956513169,4.41,4.41,4.41,4.41,4.41,4.41,6.75,6.75,7.79,7.79,5.19,5.19,5.19,5.19,5.19,5.19,7.27,8.31,8.31,7.27,4.67,4.67,4.67,4.67
N_12_15,N_11_14,14.311257528537789,7.94,7.94,7.94,7.94,7.94,7.94,9.87,9.87,10.73,10.73,8.59,8.59,8.59,8.59,8.59,8.59,10.3,11.16,11.16,10.3,8.16,8.16,8.16,8.16
N_12_15,N_11_17,5.94770216058558,6.07,6.07,6.07,6.07,6.07,6.07,9.28,9.28,10.71,10.71,7.14,7.14,7.14,7.14,7.14,7.14,9.99,11.42,11.42,9.99,6.42,6.42,6.42,6.42
N_12_15,N_12_18,9.966803520370421,5.53,5.53,5.53,5.53,5.53,5.53,6.88,6.88,7.48,7.48,5.98,5.98,5.98,5.98,5.98,5.98,7.18,7.77,7.77,7.18,5.68,5.68,5.68,5.68
N_12_15,N_12_13,8.780845830043782,4.87,4.87,4.87,4.87,4.87,4.87,6.06,6.06,6.59,6.59,5.27,5.27,5.27,5.27,5.27,5.27,6.32,6.85,6.85,6.32,5.01,5.01,5.01,5.01
N_12_15,N_15_15,3.6045424538599145,3.68,3.68,3.68,3.68,3.68,3.68,5.62,5.62,6.49,6.49,4.33,4.33,4.33,4.33,4.33,4.33,6.06,6.92,6.92,6.06,3.89,3.89,3.89,3.89
N_12_16,N_11_15,5.258680950571421,5.36,5.36,5.36,5.36,5.36,5.36,8.2,8.2,9.47,9.47,6.31,6.31,6.31,6.31,6.31,6.31,8.83,10.1,10.1,8.83,5.68,5.68,5.68,5.68
N_12_16,N_12_19,3.4639774576581477,3.53,3.53,3.53,3.53,3.53,3.53,5.4,5.4,6.24,6.24,4.16,4.16,4.16,4.16,4.16,4.16,5.82,6.65,6.65,5.82,3.74,3.74,3.74,3.74
N_12_16,N_11_17,4.205468519814796,4.29,4.29,4.29,4.29,4.29,4.29,6.56,6.56,7.57,7.57,5.05,5.05,5.05,5.05,5.05,5.05,7.07,8.07,8.07,7.07,4.54,4.54,4.54,4.54
N_12_16,N_10_16,5.130083329488674,5.23,5.23,5.23,5.23,5.23,5.23,8.0,8.0,9.23,9.23,6.16,6.16,6.16,6.16,6.16,6.16,8.62,9.85,9.85,8.62,5.54,5.54,5.54,5.54
N_12_16,N_14_14,4.8983583230562555,5.0,5.0,5.0,5.0,5.0,5.0,7.64,7.64,8.82,8.82,5.88,5.88,5.88,5.88,5.88,5.88,8.23,9.4,9.4,8.23,5.29,5.29,5.29,5.29
N_12_16,N_13_17,0.5237260801910193,0.86,0.86,0.86,0.86,0.86,0.86,1.42,1.42,1.68,1.68,1.05,1.05,1.05,1.05,1.05,1.05,1.55,1.8,1.8,1.55,0.92,0.92,0.92,0.92
N_12_16,N_11_18,5.7139736210015,5.83,5.83,5.83,5.83,5.83,5.83,8.91,8.91,10.29,10.29,6.86,6.86,6.86,6.86,6.86,6.86,9.6,10.97,10.97,9.6,6.17,6.17,6.17,6.17
N_12_16,N_15_16,3.16407046012176,3.23,3.23,3.23,3.23,3.23,3.23,4.94,4.94,5.7,5.7,3.8,3.8,3.8,3.8,3.8,3.8,5.32,6.08,6.08,5.32,3.42,3.42,3.42,3.42
N_12_17,N_11_15,1.294908296390949,2.12,2.12,2.12,2.12,2.12,2.12,3.52,3.52,4.14,4.14,2.59,2.59,2.59,2.59,2.59,2.59,3.83,4.45,4.45,3.83,2.28,2.28,2.28,2.28
N_12_17,N_10_15,6.326757999299525,6.45,6.45,6.45,6.45,6.45,6.45,9.87,9.87,11.39,11.39,7.59,7.59,7.59,7.59,7.59,7.59,10.63,12.15,12.15,10.63,6.83,6.83,6.83,6.83
N_12_17,N_14_17,8.727350993443256,4.84,4.84,4.84,4.84,4.84,4.84,6.02,6.02,6.55,6.55,5.24,5.24,5.24,5.24,5.24,5.24,6.28,6.81,6.81,6.28,4.97,4.97,4.97,4.97
N_12_17,N_10_18,9.983079133654183,5.54,5.54,5.54,5.54,5.54,5.54,6.89,6.89,7.49,7.49,5.99,5.99,5.99,5.99,5.99,5.99,7.19,7.79,7.79,7.19,5.69,5.69,5.69,5.69
N_12_17,N_14_18,8.64358897803853,4.8,4.8,4.8,4.8,4.8,4.8,5.96,5.96,6.48,6.48,5.19,5.19,5.19,5.19,5.19,5.19,6.22,6.74,6.74,6.22,4.93,4.93,4.93,4.93
N_12_17,N_9_17,6.341836548352978,6.47,6.47,6.47,6.47,6.47,6.47,9.89,9.89,11.42,11.42,7.61,7.61,7.61,7.61,7.61,7.61,10.65,12.18,12.18,10.65,6.85,6.85,6.85,6.85
N_12_18,N_10_16,8.436711659130403,4.68,4.68,4.68,4.68,4.68,4.68,5.82,5.82,6.33,6.33,5.06,5.06,5.06,5.06,5.06,5.06,6.07,6.58,6.58,6.07,4.81,4.81,4.81,4.81
N_12_18,N_13_18,1.0164772116483105,1.67,1.67,1.67,1.67,1.67,1.67,2.76,2.76,3.25,3.25,2.03,2.03,2.03,2.03,2.03,2.03,3.01,3.5,3.5,3.01,1.79,1.79,1.79,1.79
N_12_18,N_14_16,8.485789369360003,4.71,4.71,4.71,4.71,4.71,4.71,5.86,5.86,6.36,6.36,5.09,5.09,5.09,5.09,5.09,5.09,6.11,6.62,6.62,6.11,4.84,4.84,4.84,4.84
N_12_18,N_15_18,10.74844111687761,5.97,5.97,5.97,5.97,5.97,5.97,7.42,7.42,8.06,8.06,6.45,6.45,6.45,6.45,6.45,6.45,7.74,8.38,8.38,7.74,6.13,6.13,6.13,6.13
N_12_19,N_11_20,13.639678530903131,7.57,7.57,7.57,7.57,7.57,7.57,9.41,9.41,10.23,10.23,8.18,8.18,8.18,8.18,8.18,8.18,9.82,10.64,10.64,9.82,7.77,7.77,7.77,7.77
N_12_19,N_12_16,3.4639774576581477,3.53,3.53,3.53,3.53,3.53,3.53,5.4,5.4,6.24,6.24,4.16,4.16,4.16,4.16,4.16,4.16,5.82,6.65,6.65,5.82,3.74,3.74,3.74,3.74
N_12_19,N_13_19,12.90038639537108,7.16,7.16,7.16,7.16,7.16,7.16,8.9,8.9,9.68,9.68,7.74,7.74,7.74,7.74,7.74,7.74,9.29,10.06,10.06,9.29,7.35,7.35,7.35,7.35
N_12_2,N_10_1,6.183523558409709,6.31,6.31,6.31,6.31,6.31,6.31,9.65,9.65,11.13,11.13,7.42,7.42,7.42,7.42,7.42,7.42,10.39,11.87,11.87,10.39,6.68,6.68,6.68,6.68
N_12_2,N_10_2,13.996012898493973,7.77,7.77,7.77,7.77,7.77,7.77,9.66,9.66,10.5,10.5,8.4,8.4,8.4,8.4,8.4,8.4,10.08,10.92,10.92,10.08,7.98,7.98,7.98,7.98
N_12_2,N_11_4,12.200714730069125,6.77,6.77,6.77,6.77,6.77,6.77,8.42,8.42,9.15,9.15,7.32,7.32,7.32,7.32,7.32,7.32,8.78,9.52,9.52,8.78,6.95,6.95,6.95,6.95
N_12_2,N_14_1,6.413368313340113,6.54,6.54,6.54,6.54,6.54,6.54,10.0,10.0,11.54,11.54,7.7,7.7,7.7,7.7,7.7,7.7,10.77,12.31,12.31,10.77,6.93,6.93,6.93,6.93
N_12_2,N_11_2,2.0209061617628947,3.31,3.31,3.31,3.31,3.31,3.31,5.5,5.5,6.47,6.47,4.04,4.04,4.04,4.04,4.04,4.04,5.98,6.95,6.95,5.98,3.56,3.56,3.56,3.56
N_12_2,N_13_0,11.88132830169289,6.59,6.59,6.59,6.59,6.59,6.59,8.2,8.2,8.91,8.91,7.13,7.13,7.13,7.13,7.13,7.13,8.55,9.27,9.27,8.55,6.77,6.77,6.77,6.77
N_12_2,N_14_0,4.195481380697556,4.28,4.28,4.28,4.28,4.28,4.28,6.54,6.54,7.55,7.55,5.03,5.03,5.03,5.03,5.03,5.03,7.05,8.06,8.06,7.05,4.53,4.53,4.53,4.53
N_12_20,N_10_18,11.255659245418203,6.25,6.25,6.25,6.25,6.25,6.25,7.77,7.77,8.44,8.44,6.75,6.75,6.75,6.75,6.75,6.75,8.1,8.78,8.78,8.1,6.42,6.42,6.42,6.42
N_12_20,N_10_19,8.307301859922116,4.61,4.61,4.61,4.61,4.61,4.61,5.73,5.73,6.23,6.23,4.98,4.98,4.98,4.98,4.98,4.98,5.98,6.48,6.48,5.98,4.74,4.74,4.74,4.74
N_12_20,N_11_19,13.159785735589756,7.3,7.3,7.3,7.3,7.3,7.3,9.08,9.08,9.87,9.87,7.9,7.9,7.9,7.9,7.9,7.9,9.48,10.26,10.26,9.48,7.5,7.5,7.5,7.5
N_12_20,N_13_20,13.514449723415701,7.5,7.5,7.5,7.5,7.5,7.5,9.32,9.32,10.14,10.14,8.11,8.11,8.11,8.11,8.11,8.11,9.73,10.54,10.54,9.73,7.7,7.7,7.7,7.7
N_12_20,N_14_18,4.833481459024243,4.93,4.93,4.93,4.93,4.93,4.93,7.54,7.54,8.7,8.7,5.8,5.8,5.8,5.8,5.8,5.8,8.12,9.28,9.28,8.12,5.22,5.22,5.22,5.22
N_12_20,N_14_20,0.7979072591819092,1.31,1.31,1.31,1.31,1.31,1.31,2.17,2.17,2.55,2.55,1.6,1.6,1.6,1.6,1.6,1.6,2.36,2.74,2.74,2.36,1.4,1.4,1.4,1.4
N_12_20,N_11_22,0.5737553348460751,0.94,0.94,0.94,0.94,0.94,0.94,1.56,1.56,1.84,1.84,1.15,1.15,1.15,1.15,1.15,1.15,1.7,1.97,1.97,1.7,1.01,1.01,1.01,1.01
N_12_20,N_12_21,4.884878543233242,4.98,4.98,4.98,4.98,4.98,4.98,7.62,7.62,8.79,8.79,5.86,5.86,5.86,5.86,5.86,5.86,8.21,9.38,9.38,8.21,5.28,5.28,5.28,5.28
N_12_21,N_12_20,6.903413077714693,7.04,7.04,7.04,7.04,7.04,7.04,10.77,10.77,12.43,12.43,8.28,8.28,8.28,8.28,8.28,8.28,11.6,13.25,13.25,11.6,7.46,7.46,7.46,7.46
N_12_21,N_13_22,13.85498964602386,7.69,7.69,7.69,7.69,7.69,7.69,9.56,9.56,10.39,10.39,8.31,8.31,8.31,8.31,8.31,8.31,9.98,10.81,10.81,9.98,7.9,7.9,7.9,7.9
N_12_21,N_14_19,5.37234101216339,5.48,5.48,5.48,5.48,5.48,5.48,8.38,8.38,9.67,9.67,6.45,6.45,6.45,6.45,6.45,6.45,9.03,10.31,10.31,9.03,5.8,5.8,5.8,5.8
N_12_21,N_10_19,8.988657618335266,4.99,4.99,4.99,4.99,4.99,4.99,6.2,6.2,6.74,6.74,5.39,5.39,5.39,5.39,5.39,5.39,6.47,7.01,7.01,6.47,5.12,5.12,5.12,5.12
N_12_21,N_11_20,5.213630919605675,5.32,5.32,5.32,5.32,5.32,5.32,8.13,8.13,9.38,9.38,6.26,6.26,6.26,6.26,6.26,6.26,8.76,10.01,10.01,8.76,5.63,5.63,5.63,5.63
N_12_21,N_11_21,0.5813977887238693,0.95,0.95,0.95,0.95,0.95,0.95,1.58,1.58,1.86,1.86,1.16,1.16,1.16,1.16,1.16,1.16,1.72,2.0,2.0,1.72,1.02,1.02,1.02,1.02
N_12_21,N_11_22,1.724883010627792,2.83,2.83,2.83,2.83,2.83,2.83,4.69,4.69,5.52,5.52,3.45,3.45,3.45,3.45,3.45,3.45,5.11,5.93,5.93,5.11,3.04,3.04,3.04,3.04
N_12_21,N_12_18,11.408772323765294,6.33,6.33,6.33,6.33,6.33,6.33,7.87,7.87,8.56,8.56,6.85,6.85,6.85,6.85,6.85,6.85,8.21,8.9,8.9,8.21,6.5,6.5,6.5,6.5
N_12_22,N_11_24,8.050525895040373,4.47,4.47,4.47,4.47,4.47,4.47,5.55,5.55,6.04,6.04,4.83,4.83,4.83,4.83,4.83,4.83,5.8,6.28,6.28,5.8,4.59,4.59,4.59,4.59
N_12_22,N_11_23,3.7676114474984352,3.84,3.84,3.84,3.84,3.84,3.84,5.88,5.88,6.78,6.78,4.52,4.52,4.52,4.52,4.52,4.52,6.33,7.23,7.23,6.33,4.07,4.07,4.07,4.07
N_12_22,N_12_23,1.7378418797537878,2.85,2.85,2.85,2.85,2.85,2.85,4.73,4.73,5.56,5.56,3.48,3.48,3.48,3.48,3.48,3.48,5.14,5.98,5.98,5.14,3.06,3.06,3.06,3.06
N_12_22,N_14_20,1.5150815132152458,2.48,2.48,2.48,2.48,2.48,2.48,4.12,4.12,4.85,4.85,3.03,3.03,3.03,3.03,3.03,3.03,4.48,5.21,5.21,4.48,2.67,2.67,2.67,2.67
N_12_23,N_11_23,1.1504026333129576,1.89,1.89,1.89,1.89,1.89,1.89,3.13,3.13,3.68,3.68,2.3,2.3,2.3,2.3,2.3,2.3,3.41,3.96,3.96,3.41,2.02,2.02,2.02,2.02
N_12_23,N_10_21,0.8517752164311052,1.4,1.4,1.4,1.4,1.4,1.4,2.32,2.32,2.73,2.73,1.7,1.7,1.7,1.7,1.7,1.7,2.52,2.93,2.93,2.52,1.5,1.5,1.5,1.5
N_12_23,N_10_25,3.464260341848716,3.53,3.53,3.53,3.53,3.53,3.53,5.4,5.4,6.24,6.24,4.16,4.16,4.16,4.16,4.16,4.16,5.82,6.65,6.65,5.82,3.74,3.74,3.74,3.74
N_12_23,N_13_22,5.370826649062686,5.48,5.48,5.48,5.48,5.48,5.48,8.38,8.38,9.67,9.67,6.44,6.44,6.44,6.44,6.44,6.44,9.02,10.31,10.31,9.02,5.8,5.8,5.8,5.8
N_12_24,N_13_23,4.830960772032178,4.93,4.93,4.93,4.93,4.93,4.93,7.54,7.54,8.7,8.7,5.8,5.8,5.8,5.8,5.8,5.8,8.12,9.28,9.28,8.12,5.22,5.22,5.22,5.22
N_12_24,N_14_26,4.078778123921481,4.16,4.16,4.16,4.16,4.16,4.16,6.36,6.36,7.34,7.34,4.89,4.89,4.89,4.89,4.89,4.89,6.85,7.83,7.83,6.85,4.41,4.41,4.41,4.41
N_12_24,N_10_26,11.980660829078868,6.65,6.65,6.65,6.65,6.65,6.65,8.27,8.27,8.99,8.99,7.19,7.19,7.19,7.19,7.19,7.19,8.63,9.34,9.34,8.63,6.83,6.83,6.83,6.83
N_12_24,N_12_26,11.258740069047008,6.25,6.25,6.25,6.25,6.25,6.25,7.77,7.77,8.44,8.44,6.76,6.76,6.76,6.76,6.76,6.76,8.11,8.78,8.78,8.11,6.42,6.42,6.42,6.42
N_12_24,N_13_25,3.879414257002144,3.96,3.96,3.96,3.96,3.96,3.96,6.05,6.05,6.98,6.98,4.66,4.66,4.66,4.66,4.66,4.66,6.52,7.45,7.45,6.52,4.19,4.19,4.19,4.19
N_12_24,N_13_24,13.561957794919568,7.53,7.53,7.53,7.53,7.53,7.53,9.36,9.36,10.17,10.17,8.14,8.14,8.14,8.14,8.14,8.14,9.76,10.58,10.58,9.76,7.73,7.73,7.73,7.73
N_12_25,N_10_23,5.558587091134496,5.67,5.67,5.67,5.67,5.67,5.67,8.67,8.67,10.01,10.01,6.67,6.67,6.67,6.67,6.67,6.67,9.34,10.67,10.67,9.34,6.0,6.0,6.0,6.0
N_12_25,N_10_25,3.2180194068202055,3.28,3.28,3.28,3.28,3.28,3.28,5.02,5.02,5.79,5.79,3.86,3.86,3.86,3.86,3.86,3.86,5.41,6.18,6.18,5.41,3.48,3.48,3.48,3.48
N_12_25,N_11_26,5.198319778469987,5.3,5.3,5.3,5.3,5.3,5.3,8.11,8.11,9.36,9.36,6.24,6.24,6.24,6.24,6.24,6.24,8.73,9.98,9.98,8.73,5.61,5.61,5.61,5.61
N_12_25,N_14_24,1.9669526035876033,3.23,3.23,3.23,3.23,3.23,3.23,5.35,5.35,6.29,6.29,3.93,3.93,3.93,3.93,3.93,3.93,5.82,6.77,6.77,5.82,3.46,3.46,3.46,3.46
N_12_26,N_10_28,1.625367518954645,2.67,2.67,2.67,2.67,2.67,2.67,4.42,4.42,5.2,5.2,3.25,3.25,3.25,3.25,3.25,3.25,4.81,5.59,5.59,4.81,2.86,2.86,2.86,2.86
N_12_26,N_11_25,8.715914420595778,4.84,4.84,4.84,4.84,4.84,4.84,6.01,6.01,6.54,6.54,5.23,5.23,5.23,5.23,5.23,5.23,6.28,6.8,6.8,6.28,4.97,4.97,4.97,4.97
N_12_26,N_11_28,8.222720049299934,4.56,4.56,4.56,4.56,4.56,4.56,5.67,5.67,6.17,6.17,4.93,4.93,4.93,4.93,4.93,4.93,5.92,6.41,6.41,5.92,4.69,4.69,4.69,4.69
N_12_26,N_12_24,11.258740069047008,6.25,6.25,6.25,6.25,6.25,6.25,7.77,7.77,8.44,8.44,6.76,6.76,6.76,6.76,6.76,6.76,8.11,8.78,8.78,8.11,6.42,6.42,6.42,6.42
N_12_26,N_10_27,1.4275212849950045,2.34,2.34,2.34,2.34,2.34,2.34,3.88,3.88,4.57,4.57,2.86,2.86,2.86,2.86,2.86,2.86,4.23,4.91,4.91,4.23,2.51,2.51,2.51,2.51
N_12_27,N_11_27,14.290641309890297,7.93,7.93,7.93,7.93,7.93,7.93,9.86,9.86,10.72,10.72,8.57,8.57,8.57,8.57,8.57,8.57,10.29,11.15,11.15,10.29,8.15,8.15,8.15,8.15
N_12_27,N_14_25,4.861411500547333,4.96,4.96,4.96,4.96,4.96,4.96,7.58,7.58,8.75,8.75,5.83,5.83,5.83,5.83,5.83,5.83,8.17,9.33,9.33,8.17,5.25,5.25,5.25,5.25
N_12_27,N_10_26,5.592690633499338,5.7,5.7,5.7,5.7,5.7,5.7,8.72,8.72,10.07,10.07,6.71,6.71,6.71,6.71,6.71,6.71,9.4,10.74,10.74,9.4,6.04,6.04,6.04,6.04
N_12_27,N_11_28,6.094302034518497,6.22,6.22,6.22,6.22,6.22,6.22,9.51,9.51,10.97,10.97,7.31,7.31,7.31,7.31,7.31,7.31,10.24,11.7,11.7,10.24,6.58,6.58,6.58,6.58
N_12_27,N_14_27,5.158535305069615,5.26,5.26,5.26,5.26,5.26,5.26,8.05,8.05,9.29,9.29,6.19,6.19,6.19,6.19,6.19,6.19,8.67,9.9,9.9,8.67,5.57,5.57,5.57,5.57
N_12_27,N_10_25,6.009108560684901,6.13,6.13,6.13,6.13,6.13,6.13,9.37,9.37,10.82,10.82,7.21,7.21,7.21,7.21,7.21,7.21,10.1,11.54,11.54,10.1,6.49,6.49,6.49,6.49
N_12_27,N_11_25,6.01269399359872,6.13,6.13,6.13,6.13,6.13,6.13,9.38,9.38,10.82,10.82,7.22,7.22,7.22,7.22,7.22,7.22,10.1,11.54,11.54,10.1,6.49,6.49,6.49,6.49
N_12_28,N_10_28,9.006968694386716,5.0,5.0,5.0,5.0,5.0,5.0,6.21,6.21,6.76,6.76,5.4,5.4,5.4,5.4,5.4,5.4,6.49,7.03,7.03,6.49,5.13,5.13,5.13,5.13
N_12_28,N_11_30,14.227377467416897,7.9,7.9,7.9,7.9,7.9,7.9,9.82,9.82,10.67,10.67,8.54,8.54,8.54,8.54,8.54,8.54,10.24,11.1,11.1,10.24,8.11,8.11,8.11,8.11
N_12_28,N_12_30,14.285621019092819,7.93,7.93,7.93,7.93,7.93,7.93,9.86,9.86,10.71,10.71,8.57,8.57,8.57,8.57,8.57,8.57,10.29,11.14,11.14,10.29,8.14,8.14,8.14,8.14
N_12_28,N_14_28,0.7187298411841125,1.18,1.18,1.18,1.18,1.18,1.18,1.95,1.95,2.3,2.3,1.44,1.44,1.44,1.44,1.44,1.44,2.13,2.47,2.47,2.13,1.26,1.26,1.26,1.26
N_12_29,N_10_29,3.357147401211729,3.42,3.42,3.42,3.42,3.42,3.42,5.24,5.24,6.04,6.04,4.03,4.03,4.03,4.03,4.03,4.03,5.64,6.45,6.45,5.64,3.63,3.63,3.63,3.63
N_12_29,N_14_27,6.14729745168407,6.27,6.27,6.27,6.27,6.27,6.27,9.59,9.59,11.07,11.07,7.38,7.38,7.38,7.38,7.38,7.38,10.33,11.8,11.8,10.33,6.64,6.64,6.64,6.64
N_12_29,N_11_28,5.1206649196716505,5.22,5.22,5.22,5.22,5.22,5.22,7.99,7.99,9.22,9.22,6.14,6.14,6.14,6.14,6.14,6.14,8.6,9.83,9.83,8.6,5.53,5.53,5.53,5.53
N_12_29,N_11_31,5.269006643651553,5.37,5.37,5.37,5.37,5.37,5.37,8.22,8.22,9.48,9.48,6.32,6.32,6.32,6.32,6.32,6.32,8.85,10.12,10.12,8.85,5.69,5.69,5.69,5.69
N_12_3,N_12_1,10.21638086454329,5.67,5.67,5.67,5.67,5.67,5.67,7.05,7.05,7.66,7.66,6.13,6.13,6.13,6.13,6.13,6.13,7.36,7.97,7.97,7.36,5.82,5.82,5.82,5.82
N_12_3,N_11_4,9.291476081580576,5.16,5.16,5.16,5.16,5.16,5.16,6.41,6.41,6.97,6.97,5.57,5.57,5.57,5.57,5.57,5.57,6.69,7.25,7.25,6.69,5.3,5.3,5.3,5.3
N_12_3,N_12_6,10.21860635165988,5.67,5.67,5.67,5.67,5.67,5.67,7.05,7.05,7.66,7.66,6.13,6.13,6.13,6.13,6.13,6.13,7.36,7.97,7.97,7.36,5.82,5.82,5.82,5.82
N_12_3,N_10_3,5.159466385110189,5.26,5.26,5.26,5.26,5.26,5.26,8.05,8.05,9.29,9.29,6.19,6.19,6.19,6.19,6.19,6.19,8.67,9.91,9.91,8.67,5.57,5.57,5.57,5.57
N_12_3,N_13_4,6.681735903767502,6.82,6.82,6.82,6.82,6.82,6.82,10.42,10.42,12.03,12.03,8.02,8.02,8.02,8.02,8.02,8.02,11.23,12.83,12.83,11.23,7.22,7.22,7.22,7.22
N_12_30,N_12_28,14.285621019092819,7.93,7.93,7.93,7.93,7.93,7.93,9.86,9.86,10.71,10.71,8.57,8.57,8.57,8.57,8.57,8.57,10.29,11.14,11.14,10.29,8.14,8.14,8.14,8.14
N_12_30,N_11_32,4.606519687697947,4.7,4.7,4.7,4.7,4.7,4.7,7.19,7.19,8.29,8.29,5.53,5.53,5.53,5.53,5.53,5.53,7.74,8.84,8.84,7.74,4.98,4.98,4.98,4.98
N_12_30,N_12_27,3.3699245252122423,3.44,3.44,3.44,3.44,3.44,3.44,5.26,5.26,6.07,6.07,4.04,4.04,4.04,4.04,4.04,4.04,5.66,6.47,6.47,5.66,3.64,3.64,3.64,3.64
N_12_30,N_11_29,5.33372576613527,5.44,5.44,5.44,5.44,5.44,5.44,8.32,8.32,9.6,9.6,6.4,6.4,6.4,6.4,6.4,6.4,8.96,10.24,10.24,8.96,5.76,5.76,5.76,5.76
N_12_30,N_11_28,1.055854338343675,1.73,1.73,1.73,1.73,1.73,1.73,2.87,2.87,3.38,3.38,2.11,2.11,2.11,2.11,2.11,2.11,3.13,3.63,3.63,3.13,1.86,1.86,1.86,1.86
N_12_30,N_12_32,4.781832327755194,4.88,4.88,4.88,4.88,4.88,4.88,7.46,7.46,8.61,8.61,5.74,5.74,5.74,5.74,5.74,5.74,8.03,9.18,9.18,8.03,5.16,5.16,5.16,5.16
N_12_31,N_10_33,4.224460368365651,4.31,4.31,4.31,4.31,4.31,4.31,6.59,6.59,7.6,7.6,5.07,5.07,5.07,5.07,5.07,5.07,7.1,8.11,8.11,7.1,4.56,4.56,4.56,4.56
N_12_31,N_12_32,14.21463413618164,7.89,7.89,7.89,7.89,7.89,7.89,9.81,9.81,10.66,10.66,8.53,8.53,8.53,8.53,8.53,8.53,10.23,11.09,11.09,10.23,8.1,8.1,8.1,8.1
N_12_31,N_13_29,4.7700174536893964,4.87,4.87,4.87,4.87,4.87,4.87,7.44,7.44,8.59,8.59,5.72,5.72,5.72,5.72,5.72,5.72,8.01,9.16,9.16,8.01,5.15,5.15,5.15,5.15
N_12_31,N_10_30,6.590894443506961,6.72,6.72,6.72,6.72,6.72,6.72,10.28,10.28,11.86,11.86,7.91,7.91,7.91,7.91,7.91,7.91,11.07,12.65,12.65,11.07,7.12,7.12,7.12,7.12
N_12_31,N_13_30,6.342046129321458,6.47,6.47,6.47,6.47,6.47,6.47,9.89,9.89,11.42,11.42,7.61,7.61,7.61,7.61,7.61,7.61,10.65,12.18,12.18,10.65,6.85,6.85,6.85,6.85
N_12_31,N_11_33,10.122617969828038,5.62,5.62,5.62,5.62,5.62,5.62,6.98,6.98,7.59,7.59,6.07,6.07,6.07,6.07,6.07,6.07,7.29,7.9,7.9,7.29,5.77,5.77,5.77,5.77
N_12_32,N_12_30,4.781832327755194,4.88,4.88,4.88,4.88,4.88,4.88,7.46,7.46,8.61,8.61,5.74,5.74,5.74,5.74,5.74,5.74,8.03,9.18,9.18,8.03,5.16,5.16,5.16,5.16
N_12_32,N_13_30,13.538536831864167,7.51,7.51,7.51,7.51,7.51,7.51,9.34,9.34,10.15,10.15,8.12,8.12,8.12,8.12,8.12,8.12,9.75,10.56,10.56,9.75,7.72,7.72,7.72,7.72
N_12_32,N_12_34,5.562220836706253,5.67,5.67,5.67,5.67,5.67,5.67,8.68,8.68,10.01,10.01,6.67,6.67,6.67,6.67,6.67,6.67,9.34,10.68,10.68,9.34,6.01,6.01,6.01,6.01
N_12_32,N_12_33,12.66139423287515,7.03,7.03,7.03,7.03,7.03,7.03,8.74,8.74,9.5,9.5,7.6,7.6,7.6,7.6,7.6,7.6,9.12,9.88,9.88,9.12,7.22,7.22,7.22,7.22
N_12_32,N_14_31,14.347552380076813,7.96,7.96,7.96,7.96,7.96,7.96,9.9,9.9,10.76,10.76,8.61,8.61,8.61,8.61,8.61,8.61,10.33,11.19,11.19,10.33,8.18,8.18,8.18,8.18
N_12_32,N_10_31,13.353028490696246,7.41,7.41,7.41,7.41,7.41,7.41,9.21,9.21,10.01,10.01,8.01,8.01,8.01,8.01,8.01,8.01,9.61,10.42,10.42,9.61,7.61,7.61,7.61,7.61
N_12_33,N_10_32,13.351386153020306,7.41,7.41,7.41,7.41,7.41,7.41,9.21,9.21,10.01,10.01,8.01,8.01,8.01,8.01,8.01,8.01,9.61,10.41,10.41,9.61,7.61,7.61,7.61,7.61
N_12_33,N_11_32,5.304072948980172,5.41,5.41,5.41,5.41,5.41,5.41,8.27,8.27,9.55,9.55,6.36,6.36,6.36,6.36,6.36,6.36,8.91,10.18,10.18,8.91,5.73,5.73,5.73,5.73
N_12_33,N_12_32,12.66139423287515,7.03,7.03,7.03,7.03,7.03,7.03,8.74,8.74,9.5,9.5,7.6,7.6,7.6,7.6,7.6,7.6,9.12,9.88,9.88,9.12,7.22,7.22,7.22,7.22
N_12_33,N_12_34,5.544988540175694,5.66,5.66,5.66,5.66,5.66,5.66,8.65,8.65,9.98,9.98,6.65,6.65,6.65,6.65,6.65,6.65,9.32,10.65,10.65,9.32,5.99,5.99,5.99,5.99
N_12_33,N_14_34,10.041648683751273,5.57,5.57,5.57,5.57,5.57,5.57,6.93,6.93,7.53,7.53,6.02,6.02,6.02,6.02,6.02,6.02,7.23,7.83,7.83,7.23,5.72,5.72,5.72,5.72
N_12_33,N_14_35,9.356703842916318,5.19,5.19,5.19,5.19,5.19,5.19,6.46,6.46,7.02,7.02,5.61,5.61,5.61,5.61,5.61,5.61,6.74,7.3,7.3,6.74,5.33,5.33,5.33,5.33
N_12_34,N_11_35,14.2802272047842,7.93,7.93,7.93,7.93,7.93,7.93,9.85,9.85,10.71,10.71,8.57,8.57,8.57,8.57,8.57,8.57,10.28,11.14,11.14,10.28,8.14,8.14,8.14,8.14
N_12_34,N_12_32,5.562220836706253,5.67,5.67,5.67,5.67,5.67,5.67,8.68,8.68,10.01,10.01,6.67,6.67,6.67,6.67,6.67,6.67,9.34,10.68,10.68,9.34,6.01,6.01,6.01,6.01
N_12_34,N_12_31,6.326294219148659,6.45,6.45,6.45,6.45,6.45,6.45,9.87,9.87,11.39,11.39,7.59,7.59,7.59,7.59,7.59,7.59,10.63,12.15,12.15,10.63,6.83,6.83,6.83,6.83
N_12_34,N_13_34,5.758611316425091,5.87,5.87,5.87,5.87,5.87,5.87,8.98,8.98,10.37,10.37,6.91,6.91,6.91,6.91,6.91,6.91,9.67,11.06,11.06,9.67,6.22,6.22,6.22,6.22
N_12_34,N_14_35,1.9250942550765398,3.16,3.16,3.16,3.16,3.16,3.16,5.24,5.24,6.16,6.16,3.85,3.85,3.85,3.85,3.85,3.85,5.7,6.62,6.62,5.7,3.39,3.39,3.39,3.39
N_12_34,N_9_34,1.3346925148441098,2.19,2.19,2.19,2.19,2.19,2.19,3.63,3.63,4.27,4.27,2.67,2.67,2.67,2.67,2.67,2.67,3.95,4.59,4.59,3.95,2.35,2.35,2.35,2.35
N_12_34,N_13_36,10.437469386912989,5.79,5.79,5.79,5.79,5.79,5.79,7.2,7.2,7.83,7.83,6.26,6.26,6.26,6.26,6.26,6.26,7.51,8.14,8.14,7.51,5.95,5.95,5.95,5.95
N_12_35,N_10_34,4.521015051710458,4.61,4.61,4.61,4.61,4.61,4.61,7.05,7.05,8.14,8.14,5.43,5.43,5.43,5.43,5.43,5.43,7.6,8.68,8.68,7.6,4.88,4.88,4.88,4.88
N_12_35,N_11_34,8.754721673053123,4.86,4.86,4.86,4.86,4.86,4.86,6.04,6.04,6.57,6.57,5.25,5.25,5.25,5.25,5.25,5.25,6.3,6.83,6.83,6.3,4.99,4.99,4.99,4.99
N_12_35,N_15_35,3.237060948284934,3.3,3.3,3.3,3.3,3.3,3.3,5.05,5.05,5.83,5.83,3.88,3.88,3.88,3.88,3.88,3.88,5.44,6.22,6.22,5.44,3.5,3.5,3.5,3.5
N_12_35,N_11_33,8.463731528159384,4.7,4.7,4.7,4.7,4.7,4.7,5.84,5.84,6.35,6.35,5.08,5.08,5.08,5.08,5.08,5.08,6.09,6.6,6.6,6.09,4.82,4.82,4.82,4.82
N_12_36,N_12_33,5.863246536002979,5.98,5.98,5.98,5.98,5.98,5.98,9.15,9.15,10.55,10.55,7.04,7.04,7.04,7.04,7.04,7.04,9.85,11.26,11.26,9.85,6.33,6.33,6.33,6.33
N_12_36,N_13_36,13.278125098048786,7.37,7.37,7.37,7.37,7.37,7.37,9.16,9.16,9.96,9.96,7.97,7.97,7.97,7.97,7.97,7.97,9.56,10.36,10.36,9.56,7.57,7.57,7.57,7.57
N_12_36,N_12_39,6.696928388298016,6.83,6.83,6.83,6.83,6.83,6.83,10.45,10.45,12.05,12.05,8.04,8.04,8.04,8.04,8.04,8.04,11.25,12.86,12.86,11.25,7.23,7.23,7.23,7.23
N_12_36,N_15_36,1.4494310076007697,2.38,2.38,2.38,2.38,2.38,2.38,3.94,3.94,4.64,4.64,2.9,2.9,2.9,2.9,2.9,2.9,4.29,4.99,4.99,4.29,2.55,2.55,2.55,2.55
N_12_37,N_10_39,1.4658639270718525,2.4,2.4,2.4,2.4,2.4,2.4,3.99,3.99,4.69,4.69,2.93,2.93,2.93,2.93,2.93,2.93,4.34,5.04,5.04,4.34,2.58,2.58,2.58,2.58
N_12_37,N_11_38,4.539124467480523,4.63,4.63,4.63,4.63,4.63,4.63,7.08,7.08,8.17,8.17,5.45,5.45,5.45,5.45,5.45,5.45,7.63,8.72,8.72,7.63,4.9,4.9,4.9,4.9
N_12_37,N_11_35,5.748186229949565,5.86,5.86,5.86,5.86,5.86,5.86,8.97,8.97,10.35,10.35,6.9,6.9,6.9,6.9,6.9,6.9,9.66,11.04,11.04,9.66,6.21,6.21,6.21,6.21
N_12_37,N_13_37,1.3559233276364948,2.22,2.22,2.22,2.22,2.22,2.22,3.69,3.69,4.34,4.34,2.71,2.71,2.71,2.71,2.71,2.71,4.01,4.66,4.66,4.01,2.39,2.39,2.39,2.39
N_12_37,N_9_37,2.1048728000473496,3.45,3.45,3.45,3.45,3.45,3.45,5.73,5.73,6.74,6.74,4.21,4.21,4.21,4.21,4.21,4.21,6.23,7.24,7.24,6.23,3.7,3.7,3.7,3.7
N_12_37,N_14_37,3.0511433779812847,3.11,3.11,3.11,3.11,3.11,3.11,4.76,4.76,5.49,5.49,3.66,3.66,3.66,3.66,3.66,3.66,5.13,5.86,5.86,5.13,3.3,3.3,3.3,3.3
N_12_38,N_11_39,12.943586968971706,7.18,7.18,7.18,7.18,7.18,7.18,8.93,8.93,9.71,9.71,7.77,7.77,7.77,7.77,7.77,7.77,9.32,10.1,10.1,9.32,7.38,7.38,7.38,7.38
N_12_38,N_9_38,13.866763919390213,7.7,7.7,7.7,7.7,7.7,7.7,9.57,9.57,10.4,10.4,8.32,8.32,8.32,8.32,8.32,8.32,9.98,10.82,10.82,9.98,7.9,7.9,7.9,7.9
N_12_38,N_13_38,12.994456651522256,7.21,7.21,7.21,7.21,7.21,7.21,8.97,8.97,9.75,9.75,7.8,7.8,7.8,7.8,7.8,7.8,9.36,10.14,10.14,9.36,7.41,7.41,7.41,7.41
N_12_38,N_10_39,13.526449126056503,7.51,7.51,7.51,7.51,7.51,7.51,9.33,9.33,10.14,10.14,8.12,8.12,8.12,8.12,8.12,8.12,9.74,10.55,10.55,9.74,7.71,7.71,7.71,7.71
N_12_38,N_13_36,4.903305133184105,5.0,5.0,5.0,5.0,5.0,5.0,7.65,7.65,8.83,8.83,5.88,5.88,5.88,5.88,5.88,5.88,8.24,9.41,9.41,8.24,5.3,5.3,5.3,5.3
N_12_39,N_10_38,4.495561441841604,4.59,4.59,4.59,4.59,4.59,4.59,7.01,7.01,8.09,8.09,5.39,5.39,5.39,5.39,5.39,5.39,7.55,8.63,8.63,7.55,4.86,4.86,4.86,4.86
N_12_39,N_10_39,0.8544048770042911,1.4,1.4,1.4,1.4,1.4,1.4,2.32,2.32,2.73,2.73,1.71,1.71,1.71,1.71,1.71,1.71,2.53,2.94,2.94,2.53,1.5,1.5,1.5,1.5
N_12_39,N_10_37,1.4962698173240936,2.45,2.45,2.45,2.45,2.45,2.45,4.07,4.07,4.79,4.79,2.99,2.99,2.99,2.99,2.99,2.99,4.43,5.15,5.15,4.43,2.63,2.63,2.63,2.63
N_12_4,N_10_6,9.216565922987137,5.12,5.12,5.12,5.12,5.12,5.12,6.36,6.36,6.91,6.91,5.53,5.53,5.53,5.53,5.53,5.53,6.64,7.19,7.19,6.64,5.25,5.25,5.25,5.25
N_12_4,N_11_2,1.896489136192279,3.11,3.11,3.11,3.11,3.11,3.11,5.16,5.16,6.07,6.07,3.79,3.79,3.79,3.79,3.79,3.79,5.61,6.52,6.52,5.61,3.34,3.34,3.34,3.34
N_12_4,N_11_5,0.738268217200486,1.21,1.21,1.21,1.21,1.21,1.21,2.01,2.01,2.36,2.36,1.48,1.48,1.48,1.48,1.48,1.48,2.19,2.54,2.54,2.19,1.3,1.3,1.3,1.3
N_12_4,N_10_3,1.3851122924634254,2.27,2.27,2.27,2.27,2.27,2.27,3.77,3.77,4.43,4.43,2.77,2.77,2.77,2.77,2.77,2.77,4.1,4.76,4.76,4.1,2.44,2.44,2.44,2.44
N_12_5,N_11_6,3.045189071912119,3.11,3.11,3.11,3.11,3.11,3.11,4.75,4.75,5.48,5.48,3.65,3.65,3.65,3.65,3.65,3.65,5.12,5.85,5.85,5.12,3.29,3.29,3.29,3.29
N_12_5,N_13_7,4.411055081083499,4.5,4.5,4.5,4.5,4.5,4.5,6.88,6.88,7.94,7.94,5.29,5.29,5.29,5.29,5.29,5.29,7.41,8.47,8.47,7.41,4.76,4.76,4.76,4.76
N_12_5,N_10_7,3.1125879463691537,3.17,3.17,3.17,3.17,3.17,3.17,4.86,4.86,5.6,5.6,3.74,3.74,3.74,3.74,3.74,3.74,5.23,5.98,5.98,5.23,3.36,3.36,3.36,3.36
N_12_5,N_12_2,1.1977535755865785,1.96,1.96,1.96,1.96,1.96,1.96,3.26,3.26,3.83,3.83,2.4,2.4,2.4,2.4,2.4,2.4,3.55,4.12,4.12,3.55,2.11,2.11,2.11,2.11
N_12_6,N_12_3,10.21860635165988,5.67,5.67,5.67,5.67,5.67,5.67,7.05,7.05,7.66,7.66,6.13,6.13,6.13,6.13,6.13,6.13,7.36,7.97,7.97,7.36,5.82,5.82,5.82,5.82
N_12_6,N_11_6,12.604374505904165,7.0,7.0,7.0,7.0,7.0,7.0,8.7,8.7,9.45,9.45,7.56,7.56,7.56,7.56,7.56,7.56,9.08,9.83,9.83,9.08,7.18,7.18,7.18,7.18
N_12_6,N_10_4,11.287899308770333,6.26,6.26,6.26,6.26,6.26,6.26,7.79,7.79,8.47,8.47,6.77,6.77,6.77,6.77,6.77,6.77,8.13,8.8,8.8,8.13,6.43,6.43,6.43,6.43
N_12_6,N_12_8,5.281414162823581,5.39,5.39,5.39,5.39,5.39,5.39,8.24,8.24,9.51,9.51,6.34,6.34,6.34,6.34,6.34,6.34,8.87,10.14,10.14,8.87,5.7,5.7,5.7,5.7
N_12_6,N_10_5,11.418510323020792,6.34,6.34,6.34,6.34,6.34,6.34,7.88,7.88,8.56,8.56,6.85,6.85,6.85,6.85,6.85,6.85,8.22,8.91,8.91,8.22,6.51,6.51,6.51,6.51
N_12_6,N_13_6,11.477119777496007,6.37,6.37,6.37,6.37,6.37,6.37,7.92,7.92,8.61,8.61,6.89,6.89,6.89,6.89,6.89,6.89,8.26,8.95,8.95,8.26,6.54,6.54,6.54,6.54
N_12_7,N_10_7,4.44319129865093,4.53,4.53,4.53,4.53,4.53,4.53,6.93,6.93,8.0,8.0,5.33,5.33,5.33,5.33,5.33,5.33,7.46,8.53,8.53,7.46,4.8,4.8,4.8,4.8
N_12_7,N_10_9,4.389265948404423,4.48,4.48,4.48,4.48,4.48,4.48,6.85,6.85,7.9,7.9,5.27,5.27,5.27,5.27,5.27,5.27,7.37,8.43,8.43,7.37,4.74,4.74,4.74,4.74
N_12_7,N_12_9,1.509279069365959,2.48,2.48,2.48,2.48,2.48,2.48,4.11,4.11,4.83,4.83,3.02,3.02,3.02,3.02,3.02,3.02,4.47,5.19,5.19,4.47,2.66,2.66,2.66,2.66
N_12_8,N_12_6,5.281414162823581,5.39,5.39,5.39,5.39,5.39,5.39,8.24,8.24,9.51,9.51,6.34,6.34,6.34,6.34,6.34,6.34,8.87,10.14,10.14,8.87,5.7,5.7,5.7,5.7
N_12_8,N_10_6,4.457098676636418,4.55,4.55,4.55,4.55,4.55,4.55,6.95,6.95,8.02,8.02,5.35,5.35,5.35,5.35,5.35,5.35,7.49,8.56,8.56,7.49,4.81,4.81,4.81,4.81
N_12_8,N_13_6,12.79714645712607,7.1,7.1,7.1,7.1,7.1,7.1,8.83,8.83,9.6,9.6,7.68,7.68,7.68,7.68,7.68,7.68,9.21,9.98,9.98,9.21,7.29,7.29,7.29,7.29
N_12_8,N_13_7,0.6288550590563935,1.03,1.03,1.03,1.03,1.03,1.03,1.71,1.71,2.01,2.01,1.26,1.26,1.26,1.26,1.26,1.26,1.86,2.16,2.16,1.86,1.11,1.11,1.11,1.11
N_12_8,N_10_9,6.294842817993301,6.42,6.42,6.42,6.42,6.42,6.42,9.82,9.82,11.33,11.33,7.55,7.55,7.55,7.55,7.55,7.55,10.58,12.09,12.09,10.58,6.8,6.8,6.8,6.8
N_12_8,N_10_7,12.208625887728548,6.78,6.78,6.78,6.78,6.78,6.78,8.42,8.42,9.16,9.16,7.33,7.33,7.33,7.33,7.33,7.33,8.79,9.52,9.52,8.79,6.96,6.96,6.96,6.96
N_12_8,N_10_8,9.343412080361912,5.19,5.19,5.19,5.19,5.19,5.19,6.45,6.45,7.01,7.01,5.61,5.61,5.61,5.61,5.61,5.61,6.73,7.29,7.29,6.73,5.33,5.33,5.33,5.33
N_12_8,N_14_9,1.428319401821231,2.34,2.34,2.34,2.34,2.34,2.34,3.89,3.89,4.57,4.57,2.86,2.86,2.86,2.86,2.86,2.86,4.23,4.91,4.91,4.23,2.51,2.51,2.51,2.51
N_12_9,N_11_10,6.994912700047407,7.13,7.13,7.13,7.13,7.13,7.13,10.91,10.91,12.59,12.59,8.39,8.39,8.39,8.39,8.39,8.39,11.75,13.43,13.43,11.75,7.55,7.55,7.55,7.55
N_12_9,N_12_7,1.509279069365959,2.48,2.48,2.48,2.48,2.48,2.48,4.11,4.11,4.83,4.83,3.02,3.02,3.02,3.02,3.02,3.02,4.47,5.19,5.19,4.47,2.66,2.66,2.66,2.66
N_12_9,N_10_8,6.359241894609763,6.49,6.49,6.49,6.49,6.49,6.49,9.92,9.92,11.45,11.45,7.63,7.63,7.63,7.63,7.63,7.63,10.68,12.21,12.21,10.68,6.87,6.87,6.87,6.87
N_12_9,N_9_9,11.996813655952831,6.66,6.66,6.66,6.66,6.66,6.66,8.28,8.28,9.0,9.0,7.2,7.2,7.2,7.2,7.2,7.2,8.64,9.36,9.36,8.64,6.84,6.84,6.84,6.84
N_12_9,N_10_11,12.649519948682718,7.02,7.02,7.02,7.02,7.02,7.02,8.73,8.73,9.49,9.49,7.59,7.59,7.59,7.59,7.59,7.59,9.11,9.87,9.87,9.11,7.21,7.21,7.21,7.21
N_12_9,N_12_10,5.1010405496301665,5.2,5.2,5.2,5.2,5.2,5.2,7.96,7.96,9.18,9.18,6.12,6.12,6.12,6.12,6.12,6.12,8.57,9.79,9.79,8.57,5.51,5.51,5.51,5.51
N_12_9,N_13_10,12.198749205886855,6.77,6.77,6.77,6.77,6.77,6.77,8.42,8.42,9.15,9.15,7.32,7.32,7.32,7.32,7.32,7.32,8.78,9.52,9.52,8.78,6.95,6.95,6.95,6.95
N_12_9,N_11_8,6.329336660633272,6.46,6.46,6.46,6.46,6.46,6.46,9.87,9.87,11.39,11.39,7.6,7.6,7.6,7.6,7.6,7.6,10.63,12.15,12.15,10.63,6.84,6.84,6.84,6.84
N_13_0,N_10_0,3.3390078744921112,3.41,3.41,3.41,3.41,3.41,3.41,5.21,5.21,6.01,6.01,4.01,4.01,4.01,4.01,4.01,4.01,5.61,6.41,6.41,5.61,3.61,3.61,3.61,3.61
N_13_0,N_12_0,1.5811542040653175,2.59,2.59,2.59,2.59,2.59,2.59,4.3,4.3,5.06,5.06,3.16,3.16,3.16,3.16,3.16,3.16,4.68,5.44,5.44,4.68,2.78,2.78,2.78,2.78
N_13_0,N_15_0,3.4518453871157746,3.52,3.52,3.52,3.52,3.52,3.52,5.38,5.38,6.21,6.21,4.14,4.14,4.14,4.14,4.14,4.14,5.8,6.63,6.63,5.8,3.73,3.73,3.73,3.73
N_13_1,N_15_0,1.8704966771908664,3.07,3.07,3.07,3.07,3.07,3.07,5.09,5.09,5.99,5.99,3.74,3.74,3.74,3.74,3.74,3.74,5.54,6.43,6.43,5.54,3.29,3.29,3.29,3.29
N_13_1,N_14_2,11.096819584960468,6.16,6.16,6.16,6.16,6.16,6.16,7.66,7.66,8.32,8.32,6.66,6.66,6.66,6.66,6.66,6.66,7.99,8.66,8.66,7.99,6.33,6.33,6.33,6.33
N_13_1,N_11_1,2.3550148006974583,3.86,3.86,3.86,3.86,3.86,3.86,6.41,6.41,7.54,7.54,4.71,4.71,4.71,4.71,4.71,4.71,6.97,8.1,8.1,6.97,4.14,4.14,4.14,4.14
N_13_1,N_12_0,6.745289618453613,6.88,6.88,6.88,6.88,6.88,6.88,10.52,10.52,12.14,12.14,8.09,8.09,8.09,8.09,8.09,8.09,11.33,12.95,12.95,11.33,7.28,7.28,7.28,7.28
N_13_1,N_11_0,14.015917161343449,7.78,7.78,7.78,7.78,7.78,7.78,9.67,9.67,10.51,10.51,8.41,8.41,8.41,8.41,8.41,8.41,10.09,10.93,10.93,10.09,7.99,7.99,7.99,7.99
N_13_1,N_16_1,4.268737431748725,4.35,4.35,4.35,4.35,4.35,4.35,6.66,6.66,7.68,7.68,5.12,5.12,5.12,5.12,5.12,5.12,7.17,8.2,8.2,7.17,4.61,4.61,4.61,4.61
N_13_1,N_11_3,6.15726959806328,6.28,6.28,6.28,6.28,6.28,6.28,9.61,9.61,11.08,11.08,7.39,7.39,7.39,7.39,7.39,7.39,10.34,11.82,11.82,10.34,6.65,6.65,6.65,6.65
N_13_1,N_12_3,13.456196774419158,7.47,7.47,7.47,7.47,7.47,7.47,9.28,9.28,10.09,10.09,8.07,8.07,8.07,8.07,8.07,8.07,9.69,10.5,10.5,9.69,7.67,7.67,7.67,7.67
N_13_10,N_11_10,6.625214309592733,6.76,6.76,6.76,6.76,6.76,6.76,10.34,10.34,11.93,11.93,7.95,7.95,7.95,7.95,7.95,7.95,11.13,12.72,12.72,11.13,7.16,7.16,7.16,7.16
N_13_10,N_11_11,5.314525739680232,5.42,5.42,5.42,5.42,5.42,5.42,8.29,8.29,9.57,9.57,6.38,6.38,6.38,6.38,6.38,6.38,8.93,10.2,10.2,8.93,5.74,5.74,5.74,5.74
N_13_10,N_11_12,3.4733208912941707,3.54,3.54,3.54,3.54,3.54,3.54,5.42,5.42,6.25,6.25,4.17,4.17,4.17,4.17,4.17,4.17,5.84,6.67,6.67,5.84,3.75,3.75,3.75,3.75
N_13_10,N_15_8,9.747224961329707,5.41,5.41,5.41,5.41,5.41,5.41,6.73,6.73,7.31,7.31,5.85,5.85,5.85,5.85,5.85,5.85,7.02,7.6,7.6,7.02,5.56,5.56,5.56,5.56
N_13_10,N_11_9,5.5967222679603905,5.71,5.71,5.71,5.71,5.71,5.71,8.73,8.73,10.07,10.07,6.72,6.72,6.72,6.72,6.72,6.72,9.4,10.75,10.75,9.4,6.04,6.04,6.04,6.04
N_13_11,N_15_12,12.90882807942343,7.16,7.16,7.16,7.16,7.16,7.16,8.91,8.91,9.68,9.68,7.75,7.75,7.75,7.75,7.75,7.75,9.29,10.07,10.07,9.29,7.36,7.36,7.36,7.36
N_13_11,N_11_9,4.715613472473405,4.81,4.81,4.81,4.81,4.81,4.81,7.36,7.36,8.49,8.49,5.66,5.66,5.66,5.66,5.66,5.66,7.92,9.05,9.05,7.92,5.09,5.09,5.09,5.09
N_13_11,N_11_12,10.57544107877359,5.87,5.87,5.87,5.87,5.87,5.87,7.3,7.3,7.93,7.93,6.35,6.35,6.35,6.35,6.35,6.35,7.61,8.25,8.25,7.61,6.03,6.03,6.03,6.03
N_13_12,N_12_13,4.817577436846939,4.91,4.91,4.91,4.91,4.91,4.91,7.52,7.52,8.67,8.67,5.78,5.78,5.78,5.78,5.78,5.78,8.09,9.25,9.25,8.09,5.2,5.2,5.2,5.2
N_13_12,N_14_12,3.1150924649892135,3.18,3.18,3.18,3.18,3.18,3.18,4.86,4.86,5.61,5.61,3.74,3.74,3.74,3.74,3.74,3.74,5.23,5.98,5.98,5.23,3.36,3.36,3.36,3.36
N_13_12,N_12_12,11.156836840147507,6.19,6.19,6.19,6.19,6.19,6.19,7.7,7.7,8.37,8.37,6.69,6.69,6.69,6.69,6.69,6.69,8.03,8.7,8.7,8.03,6.36,6.36,6.36,6.36
N_13_12,N_15_10,5.588942273204449,5.7,5.7,5.7,5.7,5.7,5.7,8.72,8.72,10.06,10.06,6.71,6.71,6.71,6.71,6.71,6.71,9.39,10.73,10.73,9.39,6.04,6.04,6.04,6.04
N_13_13,N_12_15,3.528953014852339,3.6,3.6,3.6,3.6,3.6,3.6,5.51,5.51,6.35,6.35,4.23,4.23,4.23,4.23,4.23,4.23,5.93,6.78,6.78,5.93,3.81,3.81,3.81,3.81
N_13_13,N_12_12,9.255605562195491,5.14,5.14,5.14,5.14,5.14,5.14,6.39,6.39,6.94,6.94,5.55,5.55,5.55,5.55,5.55,5.55,6.66,7.22,7.22,6.66,5.28,5.28,5.28,5.28
N_13_13,N_13_15,4.3567069434492804,4.44,4.44,4.44,4.44,4.44,4.44,6.8,6.8,7.84,7.84,5.23,5.23,5.23,5.23,5.23,5.23,7.32,8.36,8.36,7.32,4.71,4.71,4.71,4.71
N_13_13,N_15_11,12.971789022631693,7.2,7.2,7.2,7.2,7.2,7.2,8.95,8.95,9.73,9.73,7.78,7.78,7.78,7.78,7.78,7.78,9.34,10.12,10.12,9.34,7.39,7.39,7.39,7.39
N_13_13,N_11_12,10.19288725636255,5.66,5.66,5.66,5.66,5.66,5.66,7.03,7.03,7.64,7.64,6.12,6.12,6.12,6.12,6.12,6.12,7.34,7.95,7.95,7.34,5.81,5.81,5.81,5.81
N_13_14,N_11_15,1.3176901543478636,2.16,2.16,2.16,2.16,2.16,2.16,3.58,3.58,4.22,4.22,2.64,2.64,2.64,2.64,2.64,2.64,3.9,4.53,4.53,3.9,2.32,2.32,2.32,2.32
N_13_14,N_12_16,9.821567745096122,5.45,5.45,5.45,5.45,5.45,5.45,6.78,6.78,7.37,7.37,5.89,5.89,5.89,5.89,5.89,5.89,7.07,7.66,7.66,7.07,5.6,5.6,5.6,5.6
N_13_14,N_13_17,6.980806973432756,7.12,7.12,7.12,7.12,7.12,7.12,10.89,10.89,12.57,12.57,8.38,8.38,8.38,8.38,8.38,8.38,11.73,13.4,13.4,11.73,7.54,7.54,7.54,7.54
N_13_14,N_11_14,10.495640813721195,5.83,5.83,5.83,5.83,5.83,5.83,7.24,7.24,7.87,7.87,6.3,6.3,6.3,6.3,6.3,6.3,7.56,8.19,8.19,7.56,5.98,5.98,5.98,5.98
N_13_14,N_15_16,4.971954200044003,5.07,5.07,5.07,5.07,5.07,5.07,7.76,7.76,8.95,8.95,5.97,5.97,5.97,5.97,5.97,5.97,8.35,9.55,9.55,8.35,5.37,5.37,5.37,5.37
N_13_14,N_15_14,0.74730846806771,1.23,1.23,1.23,1.23,1.23,1.23,2.03,2.03,2.39,2.39,1.49,1.49,1.49,1.49,1.49,1.49,2.21,2.57,2.57,2.21,1.32,1.32,1.32,1.32
N_13_15,N_12_14,5.1567888497739505,5.26,5.26,5.26,5.26,5.26,5.26,8.04,8.04,9.28,9.28,6.19,6.19,6.19,6.19,6.19,6.19,8.66,9.9,9.9,8.66,5.57,5.57,5.57,5.57
N_13_15,N_13_13,4.3567069434492804,4.44,4.44,4.44,4.44,4.44,4.44,6.8,6.8,7.84,7.84,5.23,5.23,5.23,5.23,5.23,5.23,7.32,8.36,8.36,7.32,4.71,4.71,4.71,4.71
N_13_15,N_16_15,0.8075509373675958,1.32,1.32,1.32,1.32,1.32,1.32,2.2,2.2,2.58,2.58,1.62,1.62,1.62,1.62,1.62,1.62,2.39,2.78,2.78,2.39,1.42,1.42,1.42,1.42
N_13_15,N_12_16,6.820806123892022,6.96,6.96,6.96,6.96,6.96,6.96,10.64,10.64,12.28,12.28,8.18,8.18,8.18,8.18,8.18,8.18,11.46,13.1,13.1,11.46,7.37,7.37,7.37,7.37
N_13_16,N_12_16,9.457559184287375,5.25,5.25,5.25,5.25,5.25,5.25,6.53,6.53,7.09,7.09,5.67,5.67,5.67,5.67,5.67,5.67,6.81,7.38,7.38,6.81,5.39,5.39,5.39,5.39
N_13_16,N_13_18,5.588672004716353,5.7,5.7,5.7,5.7,5.7,5.7,8.72,8.72,10.06,10.06,6.71,6.71,6.71,6.71,6.71,6.71,9.39,10.73,10.73,9.39,6.04,6.04,6.04,6.04
N_13_16,N_13_15,10.089826624363031,5.6,5.6,5.6,5.6,5.6,5.6,6.96,6.96,7.57,7.57,6.05,6.05,6.05,6.05,6.05,6.05,7.26,7.87,7.87,7.26,5.75,5.75,5.75,5.75
N_13_16,N_11_14,6.686799237433115,6.82,6.82,6.82,6.82,6.82,6.82,10.43,10.43,12.04,12.04,8.02,8.02,8.02,8.02,8.02,8.02,11.23,12.84,12.84,11.23,7.22,7.22,7.22,7.22
N_13_17,N_15_18,1.8528800640140504,3.04,3.04,3.04,3.04,3.04,3.04,5.04,5.04,5.93,5.93,3.71,3.71,3.71,3.71,3.71,3.71,5.48,6.37,6.37,5.48,3.26,3.26,3.26,3.26
N_13_17,N_12_16,6.722670450667209,6.86,6.86,6.86,6.86,6.86,6.86,10.49,10.49,12.1,12.1,8.07,8.07,8.07,8.07,8.07,8.07,11.29,12.91,12.91,11.29,7.26,7.26,7.26,7.26
N_13_17,N_15_17,3.33588040741393,3.4,3.4,3.4,3.4,3.4,3.4,5.2,5.2,6.0,6.0,4.0,4.0,4.0,4.0,4.0,4.0,5.6,6.4,6.4,5.6,3.6,3.6,3.6,3.6
N_13_17,N_11_19,13.610812845403549,7.55,7.55,7.55,7.55,7.55,7.55,9.39,9.39,10.21,10.21,8.17,8.17,8.17,8.17,8.17,8.17,9.8,10.62,10.62,9.8,7.76,7.76,7.76,7.76
N_13_17,N_14_17,1.8686278745964708,3.06,3.06,3.06,3.06,3.06,3.06,5.08,5.08,5.98,5.98,3.74,3.74,3.74,3.74,3.74,3.74,5.53,6.43,6.43,5.53,3.29,3.29,3.29,3.29
N_13_17,N_13_14,10.994122647258425,6.1,6.1,6.1,6.1,6.1,6.1,7.59,7.59,8.25,8.25,6.6,6.6,6.6,6.6,6.6,6.6,7.92,8.58,8.58,7.92,6.27,6.27,6.27,6.27
N_13_18,N_10_18,9.40469807417069,5.22,5.22,5.22,5.22,5.22,5.22,6.49,6.49,7.05,7.05,5.64,5.64,5.64,5.64,5.64,5.64,6.77,7.34,7.34,6.77,5.36,5.36,5.36,5.36
N_13_18,N_14_20,1.0952950315765493,1.8,1.8,1.8,1.8,1.8,1.8,2.98,2.98,3.5,3.5,2.19,2.19,2.19,2.19,2.19,2.19,3.24,3.77,3.77,3.24,1.93,1.93,1.93,1.93
N_13_18,N_13_19,5.681039465962288,5.79,5.79,5.79,5.79,5.79,5.79,8.86,8.86,10.23,10.23,6.82,6.82,6.82,6.82,6.82,6.82,9.54,10.91,10.91,9.54,6.14,6.14,6.14,6.14
N_13_18,N_13_17,14.767037387391802,8.2,8.2,8.2,8.2,8.2,8.2,10.19,10.19,11.08,11.08,8.86,8.86,8.86,8.86,8.86,8.86,10.63,11.52,11.52,10.63,8.42,8.42,8.42,8.42
N_13_19,N_11_17,12.244543855945764,6.8,6.8,6.8,6.8,6.8,6.8,8.45,8.45,9.18,9.18,7.35,7.35,7.35,7.35,7.35,7.35,8.82,9.55,9.55,8.82,6.98,6.98,6.98,6.98
N_13_19,N_13_18,5.681039465962288,5.79,5.79,5.79,5.79,5.79,5.79,8.86,8.86,10.23,10.23,6.82,6.82,6.82,6.82,6.82,6.82,9.54,10.91,10.91,9.54,6.14,6.14,6.14,6.14
N_13_19,N_12_20,0.6752702612443191,1.11,1.11,1.11,1.11,1.11,1.11,1.84,1.84,2.16,2.16,1.35,1.35,1.35,1.35,1.35,1.35,2.0,2.32,2.32,2.0,1.19,1.19,1.19,1.19
N_13_19,N_14_18,13.711777561241362,7.61,7.61,7.61,7.61,7.61,7.61,9.46,9.46,10.28,10.28,8.23,8.23,8.23,8.23,8.23,8.23,9.87,10.7,10.7,9.87,7.82,7.82,7.82,7.82
N_13_19,N_16_19,8.187707077448117,4.54,4.54,4.54,4.54,4.54,4.54,5.65,5.65,6.14,6.14,4.91,4.91,4.91,4.91,4.91,4.91,5.9,6.39,6.39,5.9,4.67,4.67,4.67,4.67
N_13_19,N_13_20,9.692461520809823,5.38,5.38,5.38,5.38,5.38,5.38,6.69,6.69,7.27,7.27,5.82,5.82,5.82,5.82,5.82,5.82,6.98,7.56,7.56,6.98,5.52,5.52,5.52,5.52
N_13_2,N_11_4,0.5978375998860594,0.98,0.98,0.98,0.98,0.98,0.98,1.63,1.63,1.91,1.91,1.2,1.2,1.2,1.2,1.2,1.2,1.77,2.06,2.06,1.77,1.05,1.05,1.05,1.05
N_13_2,N_13_5,6.335354131213826,6.46,6.46,6.46,6.46,6.46,6.46,9.88,9.88,11.4,11.4,7.6,7.6,7.6,7.6,7.6,7.6,10.64,12.16,12.16,10.64,6.84,6.84,6.84,6.84
N_13_2,N_14_4,12.412869162361373,6.89,6.89,6.89,6.89,6.89,6.89,8.56,8.56,9.31,9.31,7.45,7.45,7.45,7.45,7.45,7.45,8.94,9.68,9.68,8.94,7.08,7.08,7.08,7.08
N_13_2,N_14_1,2.197232522006381,3.6,3.6,3.6,3.6,3.6,3.6,5.98,5.98,7.03,7.03,4.39,4.39,4.39,4.39,4.39,4.39,6.5,7.56,7.56,6.5,3.87,3.87,3.87,3.87
N_13_2,N_13_3,5.217218100995611,5.32,5.32,5.32,5.32,5.32,5.32,8.14,8.14,9.39,9.39,6.26,6.26,6.26,6.26,6.26,6.26,8.76,10.02,10.02,8.76,5.63,5.63,5.63,5.63
N_13_2,N_13_0,4.944403842489592,5.04,5.04,5.04,5.04,5.04,5.04,7.71,7.71,8.9,8.9,5.93,5.93,5.93,5.93,5.93,5.93,8.31,9.49,9.49,8.31,5.34,5.34,5.34,5.34
N_13_20,N_12_20,13.514449723415701,7.5,7.5,7.5,7.5,7.5,7.5,9.32,9.32,10.14,10.14,8.11,8.11,8.11,8.11,8.11,8.11,9.73,10.54,10.54,9.73,7.7,7.7,7.7,7.7
N_13_20,N_15_21,4.752442754271719,4.85,4.85,4.85,4.85,4.85,4.85,7.41,7.41,8.55,8.55,5.7,5.7,5.7,5.7,5.7,5.7,7.98,9.12,9.12,7.98,5.13,5.13,5.13,5.13
N_13_20,N_11_22,5.739896337364703,5.85,5.85,5.85,5.85,5.85,5.85,8.95,8.95,10.33,10.33,6.89,6.89,6.89,6.89,6.89,6.89,9.64,11.02,11.02,9.64,6.2,6.2,6.2,6.2
N_13_20,N_12_22,1.930398324980708,3.17,3.17,3.17,3.17,3.17,3.17,5.25,5.25,6.18,6.18,3.86,3.86,3.86,3.86,3.86,3.86,5.71,6.64,6.64,5.71,3.4,3.4,3.4,3.4
N_13_21,N_11_19,9.857837613280493,5.47,5.47,5.47,5.47,5.47,5.47,6.8,6.8,7.39,7.39,5.91,5.91,5.91,5.91,5.91,5.91,7.1,7.69,7.69,7.1,5.62,5.62,5.62,5.62
N_13_21,N_11_22,5.421539892096647,5.53,5.53,5.53,5.53,5.53,5.53,8.46,8.46,9.76,9.76,6.51,6.51,6.51,6.51,6.51,6.51,9.11,10.41,10.41,9.11,5.86,5.86,5.86,5.86
N_13_21,N_13_19,6.997044891659337,7.14,7.14,7.14,7.14,7.14,7.14,10.92,10.92,12.59,12.59,8.4,8.4,8.4,8.4,8.4,8.4,11.76,13.43,13.43,11.76,7.56,7.56,7.56,7.56
N_13_22,N_12_23,5.370826649062686,5.48,5.48,5.48,5.48,5.48,5.48,8.38,8.38,9.67,9.67,6.44,6.44,6.44,6.44,6.44,6.44,9.02,10.31,10.31,9.02,5.8,5.8,5.8,5.8
N_13_22,N_11_22,1.3756534129230213,2.26,2.26,2.26,2.26,2.26,2.26,3.74,3.74,4.4,4.4,2.75,2.75,2.75,2.75,2.75,2.75,4.07,4.73,4.73,4.07,2.42,2.42,2.42,2.42
N_13_22,N_15_22,0.7218616899052226,1.18,1.18,1.18,1.18,1.18,1.18,1.96,1.96,2.31,2.31,1.44,1.44,1.44,1.44,1.44,1.44,2.14,2.48,2.48,2.14,1.27,1.27,1.27,1.27
N_13_23,N_11_25,6.165698857061181,6.29,6.29,6.29,6.29,6.29,6.29,9.62,9.62,11.1,11.1,7.4,7.4,7.4,7.4,7.4,7.4,10.36,11.84,11.84,10.36,6.66,6.66,6.66,6.66
N_13_23,N_12_24,4.830960772032178,4.93,4.93,4.93,4.93,4.93,4.93,7.54,7.54,8.7,8.7,5.8,5.8,5.8,5.8,5.8,5.8,8.12,9.28,9.28,8.12,5.22,5.22,5.22,5.22
N_13_23,N_15_24,4.662999354875662,4.76,4.76,4.76,4.76,4.76,4.76,7.27,7.27,8.39,8.39,5.6,5.6,5.6,5.6,5.6,5.6,7.83,8.95,8.95,7.83,5.04,5.04,5.04,5.04
N_13_23,N_16_23,13.664016509917701,7.58,7.58,7.58,7.58,7.58,7.58,9.43,9.43,10.25,10.25,8.2,8.2,8.2,8.2,8.2,8.2,9.84,10.66,10.66,9.84,7.79,7.79,7.79,7.79
N_13_23,N_13_20,3.340935446799267,3.41,3.41,3.41,3.41,3.41,3.41,5.21,5.21,6.01,6.01,4.01,4.01,4.01,4.01,4.01,4.01,5.61,6.41,6.41,5.61,3.61,3.61,3.61,3.61
N_13_23,N_14_23,4.442573625726712,4.53,4.53,4.53,4.53,4.53,4.53,6.93,6.93,8.0,8.0,5.33,5.33,5.33,5.33,5.33,5.33,7.46,8.53,8.53,7.46,4.8,4.8,4.8,4.8
N_13_24,N_11_25,3.2855387789962274,3.35,3.35,3.35,3.35,3.35,3.35,5.13,5.13,5.91,5.91,3.94,3.94,3.94,3.94,3.94,3.94,5.52,6.31,6.31,5.52,3.55,3.55,3.55,3.55
N_13_24,N_12_23,5.6407046891009465,5.75,5.75,5.75,5.75,5.75,5.75,8.8,8.8,10.15,10.15,6.77,6.77,6.77,6.77,6.77,6.77,9.48,10.83,10.83,9.48,6.09,6.09,6.09,6.09
N_13_24,N_10_24,0.6156196590920235,1.01,1.01,1.01,1.01,1.01,1.01,1.67,1.67,1.97,1.97,1.23,1.23,1.23,1.23,1.23,1.23,1.82,2.12,2.12,1.82,1.08,1.08,1.08,1.08
N_13_24,N_13_27,5.641446527117887,5.75,5.75,5.75,5.75,5.75,5.75,8.8,8.8,10.15,10.15,6.77,6.77,6.77,6.77,6.77,6.77,9.48,10.83,10.83,9.48,6.09,6.09,6.09,6.09
N_13_24,N_14_22,10.81401972622037,6.0,6.0,6.0,6.0,6.0,6.0,7.46,7.46,8.11,8.11,6.49,6.49,6.49,6.49,6.49,6.49,7.79,8.43,8.43,7.79,6.16,6.16,6.16,6.16
N_13_25,N_11_24,4.876791820976105,4.97,4.97,4.97,4.97,4.97,4.97,7.61,7.61,8.78,8.78,5.85,5.85,5.85,5.85,5.85,5.85,8.19,9.36,9.36,8.19,5.27,5.27,5.27,5.27
N_13_25,N_12_24,3.879414257002144,3.96,3.96,3.96,3.96,3.96,3.96,6.05,6.05,6.98,6.98,4.66,4.66,4.66,4.66,4.66,4.66,6.52,7.45,7.45,6.52,4.19,4.19,4.19,4.19
N_13_25,N_14_27,5.875522158743507,5.99,5.99,5.99,5.99,5.99,5.99,9.17,9.17,10.58,10.58,7.05,7.05,7.05,7.05,7.05,7.05,9.87,11.28,11.28,9.87,6.35,6.35,6.35,6.35
N_13_25,N_13_23,5.163160898802515,5.27,5.27,5.27,5.27,5.27,5.27,8.05,8.05,9.29,9.29,6.2,6.2,6.2,6.2,6.2,6.2,8.67,9.91,9.91,8.67,5.58,5.58,5.58,5.58
N_13_25,N_15_27,4.249009654561753,4.33,4.33,4.33,4.33,4.33,4.33,6.63,6.63,7.65,7.65,5.1,5.1,5.1,5.1,5.1,5.1,7.14,8.16,8.16,7.14,4.59,4.59,4.59,4.59
N_13_25,N_13_22,3.093686968919373,3.16,3.16,3.16,3.16,3.16,3.16,4.83,4.83,5.57,5.57,3.71,3.71,3.71,3.71,3.71,3.71,5.2,5.94,5.94,5.2,3.34,3.34,3.34,3.34
N_13_26,N_14_28,13.493524839770455,7.49,7.49,7.49,7.49,7.49,7.49,9.31,9.31,10.12,10.12,8.1,8.1,8.1,8.1,8.1,8.1,9.72,10.52,10.52,9.72,7.69,7.69,7.69,7.69
N_13_26,N_15_25,5.857403915454915,5.97,5.97,5.97,5.97,5.97,5.97,9.14,9.14,10.54,10.54,7.03,7.03,7.03,7.03,7.03,7.03,9.84,11.25,11.25,9.84,6.33,6.33,6.33,6.33
N_13_26,N_11_26,10.29492874156805,5.71,5.71,5.71,5.71,5.71,5.71,7.1,7.1,7.72,7.72,6.18,6.18,6.18,6.18,6.18,6.18,7.41,8.03,8.03,7.41,5.87,5.87,5.87,5.87
N_13_26,N_14_27,1.2225350656257508,2.0,2.0,2.0,2.0,2.0,2.0,3.33,3.33,3.91,3.91,2.45,2.45,2.45,2.45,2.45,2.45,3.62,4.21,4.21,3.62,2.15,2.15,2.15,2.15
N_13_26,N_13_24,6.313750517727522,6.44,6.44,6.44,6.44,6.44,6.44,9.85,9.85,11.36,11.36,7.58,7.58,7.58,7.58,7.58,7.58,10.61,12.12,12.12,10.61,6.82,6.82,6.82,6.82
N_13_26,N_11_27,14.219565077948893,7.89,7.89,7.89,7.89,7.89,7.89,9.81,9.81,10.66,10.66,8.53,8.53,8.53,8.53,8.53,8.53,10.24,11.09,11.09,10.24,8.11,8.11,8.11,8.11
N_13_27,N_13_24,5.641446527117887,5.75,5.75,5.75,5.75,5.75,5.75,8.8,8.8,10.15,10.15,6.77,6.77,6.77,6.77,6.77,6.77,9.48,10.83,10.83,9.48,6.09,6.09,6.09,6.09
N_13_27,N_12_25,4.82172949532734,4.92,4.92,4.92,4.92,4.92,4.92,7.52,7.52,8.68,8.68,5.79,5.79,5.79,5.79,5.79,5.79,8.1,9.26,9.26,8.1,5.21,5.21,5.21,5.21
N_13_27,N_13_28,11.91318683762345,6.61,6.61,6.61,6.61,6.61,6.61,8.22,8.22,8.93,8.93,7.15,7.15,7.15,7.15,7.15,7.15,8.58,9.29,9.29,8.58,6.79,6.79,6.79,6.79
N_13_27,N_15_27,13.966224587413214,7.75,7.75,7.75,7.75,7.75,7.75,9.64,9.64,10.47,10.47,8.38,8.38,8.38,8.38,8.38,8.38,10.06,10.89,10.89,10.06,7.96,7.96,7.96,7.96
N_13_27,N_11_29,4.158362300404374,4.24,4.24,4.24,4.24,4.24,4.24,6.49,6.49,7.49,7.49,4.99,4.99,4.99,4.99,4.99,4.99,6.99,7.98,7.98,6.99,4.49,4.49,4.49,4.49
N_13_27,N_14_25,10.134472146161949,5.62,5.62,5.62,5.62,5.62,5.62,6.99,6.99,7.6,7.6,6.08,6.08,6.08,6.08,6.08,6.08,7.3,7.9,7.9,7.3,5.78,5.78,5.78,5.78
N_13_28,N_11_28,8.218916277695843,4.56,4.56,4.56,4.56,4.56,4.56,5.67,5.67,6.16,6.16,4.93,4.93,4.93,4.93,4.93,4.93,5.92,6.41,6.41,5.92,4.68,4.68,4.68,4.68
N_13_28,N_13_26,5.880133981516464,6.0,6.0,6.0,6.0,6.0,6.0,9.17,9.17,10.58,10.58,7.06,7.06,7.06,7.06,7.06,7.06,9.88,11.29,11.29,9.88,6.35,6.35,6.35,6.35
N_13_28,N_12_30,5.0190554450887515,5.12,5.12,5.12,5.12,5.12,5.12,7.83,7.83,9.03,9.03,6.02,6.02,6.02,6.02,6.02,6.02,8.43,9.64,9.64,8.43,5.42,5.42,5.42,5.42
N_13_29,N_11_28,4.288096222593311,4.37,4.37,4.37,4.37,4.37,4.37,6.69,6.69,7.72,7.72,5.15,5.15,5.15,5.15,5.15,5.15,7.2,8.23,8.23,7.2,4.63,4.63,4.63,4.63
N_13_29,N_12_31,4.7700174536893964,4.87,4.87,4.87,4.87,4.87,4.87,7.44,7.44,8.59,8.59,5.72,5.72,5.72,5.72,5.72,5.72,8.01,9.16,9.16,8.01,5.15,5.15,5.15,5.15
N_13_29,N_12_27,3.340608125699363,3.41,3.41,3.41,3.41,3.41,3.41,5.21,5.21,6.01,6.01,4.01,4.01,4.01,4.01,4.01,4.01,5.61,6.41,6.41,5.61,3.61,3.61,3.61,3.61
N_13_3,N_11_1,4.4579737427145165,4.55,4.55,4.55,4.55,4.55,4.55,6.95,6.95,8.02,8.02,5.35,5.35,5.35,5.35,5.35,5.35,7.49,8.56,8.56,7.49,4.81,4.81,4.81,4.81
N_13_3,N_13_2,5.217218100995611,5.32,5.32,5.32,5.32,5.32,5.32,8.14,8.14,9.39,9.39,6.26,6.26,6.26,6.26,6.26,6.26,8.76,10.02,10.02,8.76,5.63,5.63,5.63,5.63
N_13_3,N_14_5,4.659745693923739,4.75,4.75,4.75,4.75,4.75,4.75,7.27,7.27,8.39,8.39,5.59,5.59,5.59,5.59,5.59,5.59,7.83,8.95,8.95,7.83,5.03,5.03,5.03,5.03
N_13_30,N_12_31,6.342046129321458,6.47,6.47,6.47,6.47,6.47,6.47,9.89,9.89,11.42,11.42,7.61,7.61,7.61,7.61,7.61,7.61,10.65,12.18,12.18,10.65,6.85,6.85,6.85,6.85
N_13_30,N_12_32,13.538536831864167,7.51,7.51,7.51,7.51,7.51,7.51,9.34,9.34,10.15,10.15,8.12,8.12,8.12,8.12,8.12,8.12,9.75,10.56,10.56,9.75,7.72,7.72,7.72,7.72
N_13_30,N_13_32,4.6512912479940365,4.74,4.74,4.74,4.74,4.74,4.74,7.26,7.26,8.37,8.37,5.58,5.58,5.58,5.58,5.58,5.58,7.81,8.93,8.93,7.81,5.02,5.02,5.02,5.02
N_13_30,N_11_29,6.3109655946344585,6.44,6.44,6.44,6.44,6.44,6.44,9.85,9.85,11.36,11.36,7.57,7.57,7.57,7.57,7.57,7.57,10.6,12.12,12.12,10.6,6.82,6.82,6.82,6.82
N_13_30,N_11_30,13.264936172805967,7.36,7.36,7.36,7.36,7.36,7.36,9.15,9.15,9.95,9.95,7.96,7.96,7.96,7.96,7.96,7.96,9.55,10.35,10.35,9.55,7.56,7.56,7.56,7.56
N_13_30,N_13_31,6.009559914601482,6.13,6.13,6.13,6.13,6.13,6.13,9.37,9.37,10.82,10.82,7.21,7.21,7.21,7.21,7.21,7.21,10.1,11.54,11.54,10.1,6.49,6.49,6.49,6.49
N_13_30,N_14_30,8.424423845323586,4.68,4.68,4.68,4.68,4.68,4.68,5.81,5.81,6.32,6.32,5.05,5.05,5.05,5.05,5.05,5.05,6.07,6.57,6.57,6.07,4.8,4.8,4.8,4.8
N_13_30,N_15_32,4.936686039832426,5.04,5.04,5.04,5.04,5.04,5.04,7.7,7.7,8.89,8.89,5.92,5.92,5.92,5.92,5.92,5.92,8.29,9.48,9.48,8.29,5.33,5.33,5.33,5.33
N_13_31,N_11_31,11.670683460595278,6.48,6.48,6.48,6.48,6.48,6.48,8.05,8.05,8.75,8.75,7.0,7.0,7.0,7.0,7.0,7.0,8.4,9.1,9.1,8.4,6.65,6.65,6.65,6.65
N_13_31,N_13_30,6.009559914601482,6.13,6.13,6.13,6.13,6.13,6.13,9.37,9.37,10.82,10.82,7.21,7.21,7.21,7.21,7.21,7.21,10.1,11.54,11.54,10.1,6.49,6.49,6.49,6.49
N_13_31,N_14_32,13.688506023977432,7.6,7.6,7.6,7.6,7.6,7.6,9.45,9.45,10.27,10.27,8.21,8.21,8.21,8.21,8.21,8.21,9.86,10.68,10.68,9.86,7.8,7.8,7.8,7.8
N_13_31,N_12_31,5.612235396268421,5.72,5.72,5.72,5.72,5.72,5.72,8.76,8.76,10.1,10.1,6.73,6.73,6.73,6.73,6.73,6.73,9.43,10.78,10.78,9.43,6.06,6.06,6.06,6.06
N_13_31,N_14_33,9.756222701642022,5.41,5.41,5.41,5.41,5.41,5.41,6.73,6.73,7.32,7.32,5.85,5.85,5.85,5.85,5.85,5.85,7.02,7.61,7.61,7.02,5.56,5.56,5.56,5.56
N_13_31,N_15_30,2.184877345445855,3.58,3.58,3.58,3.58,3.58,3.58,5.94,5.94,6.99,6.99,4.37,4.37,4.37,4.37,4.37,4.37,6.47,7.52,7.52,6.47,3.85,3.85,3.85,3.85
N_13_31,N_11_33,1.0626225776297558,1.74,1.74,1.74,1.74,1.74,1.74,2.89,2.89,3.4,3.4,2.13,2.13,2.13,2.13,2.13,2.13,3.15,3.66,3.66,3.15,1.87,1.87,1.87,1.87
N_13_32,N_13_30,4.6512912479940365,4.74,4.74,4.74,4.74,4.74,4.74,7.26,7.26,8.37,8.37,5.58,5.58,5.58,5.58,5.58,5.58,7.81,8.93,8.93,7.81,5.02,5.02,5.02,5.02
N_13_32,N_14_34,12.842915422738194,7.13,7.13,7.13,7.13,7.13,7.13,8.86,8.86,9.63,9.63,7.71,7.71,7.71,7.71,7.71,7.71,9.25,10.02,10.02,9.25,7.32,7.32,7.32,7.32
N_13_32,N_15_31,11.335702650472184,6.29,6.29,6.29,6.29,6.29,6.29,7.82,7.82,8.5,8.5,6.8,6.8,6.8,6.8,6.8,6.8,8.16,8.84,8.84,8.16,6.46,6.46,6.46,6.46
N_13_33,N_11_35,1.389155313512136,2.28,2.28,2.28,2.28,2.28,2.28,3.78,3.78,4.45,4.45,2.78,2.78,2.78,2.78,2.78,2.78,4.11,4.78,4.78,4.11,2.44,2.44,2.44,2.44
N_13_33,N_12_34,9.967941386728588,5.53,5.53,5.53,5.53,5.53,5.53,6.88,6.88,7.48,7.48,5.98,5.98,5.98,5.98,5.98,5.98,7.18,7.77,7.77,7.18,5.68,5.68,5.68,5.68
N_13_33,N_11_34,3.359866077193046,3.43,3.43,3.43,3.43,3.43,3.43,5.24,5.24,6.05,6.05,4.03,4.03,4.03,4.03,4.03,4.03,5.64,6.45,6.45,5.64,3.63,3.63,3.63,3.63
N_13_33,N_14_35,5.87123811904036,5.99,5.99,5.99,5.99,5.99,5.99,9.16,9.16,10.57,10.57,7.05,7.05,7.05,7.05,7.05,7.05,9.86,11.27,11.27,9.86,6.34,6.34,6.34,6.34
N_13_34,N_12_36,1.9577977326848015,3.21,3.21,3.21,3.21,3.21,3.21,5.33,5.33,6.26,6.26,3.92,3.92,3.92,3.92,3.92,3.92,5.8,6.73,6.73,5.8,3.45,3.45,3.45,3.45
N_13_34,N_15_34,0.5462350099079512,0.9,0.9,0.9,0.9,0.9,0.9,1.49,1.49,1.75,1.75,1.09,1.09,1.09,1.09,1.09,1.09,1.62,1.88,1.88,1.62,0.96,0.96,0.96,0.96
N_13_34,N_13_33,5.457826204685004,5.57,5.57,5.57,5.57,5.57,5.57,8.51,8.51,9.82,9.82,6.55,6.55,6.55,6.55,6.55,6.55,9.17,10.48,10.48,9.17,5.89,5.89,5.89,5.89
N_13_34,N_11_34,0.5039099296613092,0.83,0.83,0.83,0.83,0.83,0.83,1.37,1.37,1.61,1.61,1.01,1.01,1.01,1.01,1.01,1.01,1.49,1.73,1.73,1.49,0.89,0.89,0.89,0.89
N_13_35,N_10_35,14.920661515303228,8.28,8.28,8.28,8.28,8.28,8.28,10.3,10.3,11.19,11.19,8.95,8.95,8.95,8.95,8.95,8.95,10.74,11.64,11.64,10.74,8.5,8.5,8.5,8.5
N_13_35,N_11_37,2.1153458211626397,3.47,3.47,3.47,3.47,3.47,3.47,5.75,5.75,6.77,6.77,4.23,4.23,4.23,4.23,4.23,4.23,6.26,7.28,7.28,6.26,3.72,3.72,3.72,3.72
N_13_35,N_11_33,12.826842754831475,7.12,7.12,7.12,7.12,7.12,7.12,8.85,8.85,9.62,9.62,7.7,7.7,7.7,7.7,7.7,7.7,9.24,10.0,10.0,9.24,7.31,7.31,7.31,7.31
N_13_35,N_13_34,0.8937536353540654,1.47,1.47,1.47,1.47,1.47,1.47,2.43,2.43,2.86,2.86,1.79,1.79,1.79,1.79,1.79,1.79,2.65,3.07,3.07,2.65,1.57,1.57,1.57,1.57
N_13_36,N_11_34,1.4693243036683312,2.41,2.41,2.41,2.41,2.41,2.41,4.0,4.0,4.7,4.7,2.94,2.94,2.94,2.94,2.94,2.94,4.35,5.05,5.05,4.35,2.59,2.59,2.59,2.59
N_13_36,N_12_34,10.437469386912989,5.79,5.79,5.79,5.79,5.79,5.79,7.2,7.2,7.83,7.83,6.26,6.26,6.26,6.26,6.26,6.26,7.51,8.14,8.14,7.51,5.95,5.95,5.95,5.95
N_13_36,N_12_36,13.278125098048786,7.37,7.37,7.37,7.37,7.37,7.37,9.16,9.16,9.96,9.96,7.97,7.97,7.97,7.97,7.97,7.97,9.56,10.36,10.36,9.56,7.57,7.57,7.57,7.57
N_13_36,N_12_38,4.903305133184105,5.0,5.0,5.0,5.0,5.0,5.0,7.65,7.65,8.83,8.83,5.88,5.88,5.88,5.88,5.88,5.88,8.24,9.41,9.41,8.24,5.3,5.3,5.3,5.3
N_13_36,N_13_37,3.342138796285557,3.41,3.41,3.41,3.41,3.41,3.41,5.21,5.21,6.02,6.02,4.01,4.01,4.01,4.01,4.01,4.01,5.61,6.42,6.42,5.61,3.61,3.61,3.61,3.61
N_13_36,N_13_39,0.6300564375914073,1.03,1.03,1.03,1.03,1.03,1.03,1.71,1.71,2.02,2.02,1.26,1.26,1.26,1.26,1.26,1.26,1.86,2.17,2.17,1.86,1.11,1.11,1.11,1.11
N_13_37,N_10_37,4.87715574657533,4.97,4.97,4.97,4.97,4.97,4.97,7.61,7.61,8.78,8.78,5.85,5.85,5.85,5.85,5.85,5.85,8.19,9.36,9.36,8.19,5.27,5.27,5.27,5.27
N_13_37,N_13_36,3.342138796285557,3.41,3.41,3.41,3.41,3.41,3.41,5.21,5.21,6.02,6.02,4.01,4.01,4.01,4.01,4.01,4.01,5.61,6.42,6.42,5.61,3.61,3.61,3.61,3.61
N_13_37,N_13_34,6.750339408987048,6.89,6.89,6.89,6.89,6.89,6.89,10.53,10.53,12.15,12.15,8.1,8.1,8.1,8.1,8.1,8.1,11.34,12.96,12.96,11.34,7.29,7.29,7.29,7.29
N_13_37,N_12_35,4.312774675721328,4.4,4.4,4.4,4.4,4.4,4.4,6.73,6.73,7.76,7.76,5.18,5.18,5.18,5.18,5.18,5.18,7.25,8.28,8.28,7.25,4.66,4.66,4.66,4.66
N_13_38,N_11_36,13.87665756909152,7.7,7.7,7.7,7.7,7.7,7.7,9.57,9.57,10.41,10.41,8.33,8.33,8.33,8.33,8.33,8.33,9.99,10.82,10.82,9.99,7.91,7.91,7.91,7.91
N_13_38,N_12_38,12.994456651522256,7.21,7.21,7.21,7.21,7.21,7.21,8.97,8.97,9.75,9.75,7.8,7.8,7.8,7.8,7.8,7.8,9.36,10.14,10.14,9.36,7.41,7.41,7.41,7.41
N_13_38,N_14_38,5.6068199203721765,5.72,5.72,5.72,5.72,5.72,5.72,8.75,8.75,10.09,10.09,6.73,6.73,6.73,6.73,6.73,6.73,9.42,10.77,10.77,9.42,6.06,6.06,6.06,6.06
N_13_38,N_10_38,11.286666319971687,6.26,6.26,6.26,6.26,6.26,6.26,7.79,7.79,8.46,8.46,6.77,6.77,6.77,6.77,6.77,6.77,8.13,8.8,8.8,8.13,6.43,6.43,6.43,6.43
N_13_38,N_13_39,14.791897409085728,8.21,8.21,8.21,8.21,8.21,8.21,10.21,10.21,11.09,11.09,8.88,8.88,8.88,8.88,8.88,8.88,10.65,11.54,11.54,10.65,8.43,8.43,8.43,8.43
N_13_38,N_14_37,3.5784015374576343,3.65,3.65,3.65,3.65,3.65,3.65,5.58,5.58,6.44,6.44,4.29,4.29,4.29,4.29,4.29,4.29,6.01,6.87,6.87,6.01,3.86,3.86,3.86,3.86
N_13_39,N_10_39,2.17493247497293,3.57,3.57,3.57,3.57,3.57,3.57,5.92,5.92,6.96,6.96,4.35,4.35,4.35,4.35,4.35,4.35,6.44,7.48,7.48,6.44,3.83,3.83,3.83,3.83
N_13_39,N_11_37,4.25158996564599,4.34,4.34,4.34,4.34,4.34,4.34,6.63,6.63,7.65,7.65,5.1,5.1,5.1,5.1,5.1,5.1,7.14,8.16,8.16,7.14,4.59,4.59,4.59,4.59
N_13_39,N_11_39,1.7241450689696354,2.83,2.83,2.83,2.83,2.83,2.83,4.69,4.69,5.52,5.52,3.45,3.45,3.45,3.45,3.45,3.45,5.1,5.93,5.93,5.1,3.03,3.03,3.03,3.03
N_13_39,N_13_36,0.6300564375914073,1.03,1.03,1.03,1.03,1.03,1.03,1.71,1.71,2.02,2.02,1.26,1.26,1.26,1.26,1.26,1.26,1.86,2.17,2.17,1.86,1.11,1.11,1.11,1.11
N_13_4,N_10_4,12.369173124437717,6.86,6.86,6.86,6.86,6.86,6.86,8.53,8.53,9.28,9.28,7.42,7.42,7.42,7.42,7.42,7.42,8.91,9.65,9.65,8.91,7.05,7.05,7.05,7.05
N_13_4,N_11_2,5.745354586121557,5.86,5.86,5.86,5.86,5.86,5.86,8.96,8.96,10.34,10.34,6.89,6.89,6.89,6.89,6.89,6.89,9.65,11.03,11.03,9.65,6.2,6.2,6.2,6.2
N_13_4,N_12_3,6.681735903767502,6.82,6.82,6.82,6.82,6.82,6.82,10.42,10.42,12.03,12.03,8.02,8.02,8.02,8.02,8.02,8.02,11.23,12.83,12.83,11.23,7.22,7.22,7.22,7.22
N_13_4,N_15_5,5.218766424512544,5.32,5.32,5.32,5.32,5.32,5.32,8.14,8.14,9.39,9.39,6.26,6.26,6.26,6.26,6.26,6.26,8.77,10.02,10.02,8.77,5.64,5.64,5.64,5.64
N_13_4,N_13_2,5.525338309576702,5.64,5.64,5.64,5.64,5.64,5.64,8.62,8.62,9.95,9.95,6.63,6.63,6.63,6.63,6.63,6.63,9.28,10.61,10.61,9.28,5.97,5.97,5.97,5.97
N_13_5,N_11_6,12.378225196727573,6.87,6.87,6.87,6.87,6.87,6.87,8.54,8.54,9.28,9.28,7.43,7.43,7.43,7.43,7.43,7.43,8.91,9.66,9.66,8.91,7.06,7.06,7.06,7.06
N_13_5,N_13_2,6.335354131213826,6.46,6.46,6.46,6.46,6.46,6.46,9.88,9.88,11.4,11.4,7.6,7.6,7.6,7.6,7.6,7.6,10.64,12.16,12.16,10.64,6.84,6.84,6.84,6.84
N_13_5,N_15_5,13.666414392042546,7.58,7.58,7.58,7.58,7.58,7.58,9.43,9.43,10.25,10.25,8.2,8.2,8.2,8.2,8.2,8.2,9.84,10.66,10.66,9.84,7.79,7.79,7.79,7.79
N_13_5,N_13_4,2.4542036920640293,4.02,4.02,4.02,4.02,4.02,4.02,6.68,6.68,7.85,7.85,4.91,4.91,4.91,4.91,4.91,4.91,7.26,8.44,8.44,7.26,4.32,4.32,4.32,4.32
N_13_5,N_12_5,2.2567756728968345,3.7,3.7,3.7,3.7,3.7,3.7,6.14,6.14,7.22,7.22,4.51,4.51,4.51,4.51,4.51,4.51,6.68,7.76,7.76,6.68,3.97,3.97,3.97,3.97
N_13_5,N_14_4,14.469088270631154,8.03,8.03,8.03,8.03,8.03,8.03,9.98,9.98,10.85,10.85,8.68,8.68,8.68,8.68,8.68,8.68,10.42,11.29,11.29,10.42,8.25,8.25,8.25,8.25
N_13_6,N_11_6,6.917030638264281,7.06,7.06,7.06,7.06,7.06,7.06,10.79,10.79,12.45,12.45,8.3,8.3,8.3,8.3,8.3,8.3,11.62,13.28,13.28,11.62,7.47,7.47,7.47,7.47
N_13_6,N_12_8,12.79714645712607,7.1,7.1,7.1,7.1,7.1,7.1,8.83,8.83,9.6,9.6,7.68,7.68,7.68,7.68,7.68,7.68,9.21,9.98,9.98,9.21,7.29,7.29,7.29,7.29
N_13_6,N_14_5,10.716810906374128,5.95,5.95,5.95,5.95,5.95,5.95,7.39,7.39,8.04,8.04,6.43,6.43,6.43,6.43,6.43,6.43,7.72,8.36,8.36,7.72,6.11,6.11,6.11,6.11
N_13_6,N_14_8,4.497064366894596,4.59,4.59,4.59,4.59,4.59,4.59,7.02,7.02,8.09,8.09,5.4,5.4,5.4,5.4,5.4,5.4,7.56,8.63,8.63,7.56,4.86,4.86,4.86,4.86
N_13_7,N_12_8,0.6288550590563935,1.03,1.03,1.03,1.03,1.03,1.03,1.71,1.71,2.01,2.01,1.26,1.26,1.26,1.26,1.26,1.26,1.86,2.16,2.16,1.86,1.11,1.11,1.11,1.11
N_13_7,N_13_9,4.406299806540536,4.49,4.49,4.49,4.49,4.49,4.49,6.87,6.87,7.93,7.93,5.29,5.29,5.29,5.29,5.29,5.29,7.4,8.46,8.46,7.4,4.76,4.76,4.76,4.76
N_13_7,N_15_5,5.484503279220283,5.59,5.59,5.59,5.59,5.59,5.59,8.56,8.56,9.87,9.87,6.58,6.58,6.58,6.58,6.58,6.58,9.21,10.53,10.53,9.21,5.92,5.92,5.92,5.92
N_13_8,N_12_10,5.1841042399497805,5.29,5.29,5.29,5.29,5.29,5.29,8.09,8.09,9.33,9.33,6.22,6.22,6.22,6.22,6.22,6.22,8.71,9.95,9.95,8.71,5.6,5.6,5.6,5.6
N_13_8,N_11_9,4.000094571790563,4.08,4.08,4.08,4.08,4.08,4.08,6.24,6.24,7.2,7.2,4.8,4.8,4.8,4.8,4.8,4.8,6.72,7.68,7.68,6.72,4.32,4.32,4.32,4.32
N_13_8,N_13_5,6.3817929409284755,6.51,6.51,6.51,6.51,6.51,6.51,9.96,9.96,11.49,11.49,7.66,7.66,7.66,7.66,7.66,7.66,10.72,12.25,12.25,10.72,6.89,6.89,6.89,6.89
N_13_8,N_15_8,3.551460504484328,3.62,3.62,3.62,3.62,3.62,3.62,5.54,5.54,6.39,6.39,4.26,4.26,4.26,4.26,4.26,4.26,5.97,6.82,6.82,5.97,3.84,3.84,3.84,3.84
N_13_8,N_12_6,5.172502544891314,5.28,5.28,5.28,5.28,5.28,5.28,8.07,8.07,9.31,9.31,6.21,6.21,6.21,6.21,6.21,6.21,8.69,9.93,9.93,8.69,5.59,5.59,5.59,5.59
N_13_8,N_13_6,4.127381081053878,4.21,4.21,4.21,4.21,4.21,4.21,6.44,6.44,7.43,7.43,4.95,4.95,4.95,4.95,4.95,4.95,6.93,7.92,7.92,6.93,4.46,4.46,4.46,4.46
N_13_9,N_11_9,3.839382747437965,3.92,3.92,3.92,3.92,3.92,3.92,5.99,5.99,6.91,6.91,4.61,4.61,4.61,4.61,4.61,4.61,6.45,7.37,7.37,6.45,4.15,4.15,4.15,4.15
N_13_9,N_13_7,4.406299806540536,4.49,4.49,4.49,4.49,4.49,4.49,6.87,6.87,7.93,7.93,5.29,5.29,5.29,5.29,5.29,5.29,7.4,8.46,8.46,7.4,4.76,4.76,4.76,4.76
N_13_9,N_11_10,6.767719110785164,6.9,6.9,6.9,6.9,6.9,6.9,10.56,10.56,12.18,12.18,8.12,8.12,8.12,8.12,8.12,8.12,11.37,12.99,12.99,11.37,7.31,7.31,7.31,7.31
N_14_0,N_11_0,6.787917556915487,6.92,6.92,6.92,6.92,6.92,6.92,10.59,10.59,12.22,12.22,8.15,8.15,8.15,8.15,8.15,8.15,11.4,13.03,13.03,11.4,7.33,7.33,7.33,7.33
N_14_0,N_12_1,10.17274179154147,5.65,5.65,5.65,5.65,5.65,5.65,7.02,7.02,7.63,7.63,6.1,6.1,6.1,6.1,6.1,6.1,7.32,7.93,7.93,7.32,5.8,5.8,5.8,5.8
N_14_0,N_12_2,4.195481380697556,4.28,4.28,4.28,4.28,4.28,4.28,6.54,6.54,7.55,7.55,5.03,5.03,5.03,5.03,5.03,5.03,7.05,8.06,8.06,7.05,4.53,4.53,4.53,4.53
N_14_1,N_12_2,6.413368313340113,6.54,6.54,6.54,6.54,6.54,6.54,10.0,10.0,11.54,11.54,7.7,7.7,7.7,7.7,7.7,7.7,10.77,12.31,12.31,10.77,6.93,6.93,6.93,6.93
N_14_1,N_13_3,11.986605083447449,6.65,6.65,6.65,6.65,6.65,6.65,8.27,8.27,8.99,8.99,7.19,7.19,7.19,7.19,7.19,7.19,8.63,9.35,9.35,8.63,6.83,6.83,6.83,6.83
N_14_1,N_17_1,0.6864830132040927,1.13,1.13,1.13,1.13,1.13,1.13,1.87,1.87,2.2,2.2,1.37,1.37,1.37,1.37,1.37,1.37,2.03,2.36,2.36,2.03,1.21,1.21,1.21,1.21
N_14_10,N_15_8,8.775207638025012,4.87,4.87,4.87,4.87,4.87,4.87,6.05,6.05,6.58,6.58,5.27,5.27,5.27,5.27,5.27,5.27,6.32,6.84,6.84,6.32,5.0,5.0,5.0,5.0
N_14_10,N_13_9,3.2750519630012778,3.34,3.34,3.34,3.34,3.34,3.34,5.11,5.11,5.9,5.9,3.93,3.93,3.93,3.93,3.93,3.93,5.5,6.29,6.29,5.5,3.54,3.54,3.54,3.54
N_14_10,N_14_11,0.7598645667798678,1.25,1.25,1.25,1.25,1.25,1.25,2.07,2.07,2.43,2.43,1.52,1.52,1.52,1.52,1.52,1.52,2.25,2.61,2.61,2.25,1.34,1.34,1.34,1.34
N_14_11,N_14_10,0.7598645667798678,1.25,1.25,1.25,1.25,1.25,1.25,2.07,2.07,2.43,2.43,1.52,1.52,1.52,1.52,1.52,1.52,2.25,2.61,2.61,2.25,1.34,1.34,1.34,1.34
N_14_11,N_12_12,5.9491628435582715,6.07,6.07,6.07,6.07,6.07,6.07,9.28,9.28,10.71,10.71,7.14,7.14,7.14,7.14,7.14,7.14,9.99,11.42,11.42,9.99,6.43,6.43,6.43,6.43
N_14_11,N_14_8,1.4126132480320608,2.32,2.32,2.32,2.32,2.32,2.32,3.84,3.84,4.52,4.52,2.83,2.83,2.83,2.83,2.83,2.83,4.18,4.86,4.86,4.18,2.49,2.49,2.49,2.49
N_14_11,N_16_13,4.189794909688543,4.27,4.27,4.27,4.27,4.27,4.27,6.54,6.54,7.54,7.54,5.03,5.03,5.03,5.03,5.03,5.03,7.04,8.04,8.04,7.04,4.52,4.52,4.52,4.52
N_14_12,N_12_14,6.614341090427224,6.75,6.75,6.75,6.75,6.75,6.75,10.32,10.32,11.91,11.91,7.94,7.94,7.94,7.94,7.94,7.94,11.11,12.7,12.7,11.11,7.14,7.14,7.14,7.14
N_14_12,N_14_15,0.6530672722368964,1.07,1.07,1.07,1.07,1.07,1.07,1.78,1.78,2.09,2.09,1.31,1.31,1.31,1.31,1.31,1.31,1.93,2.25,2.25,1.93,1.15,1.15,1.15,1.15
N_14_12,N_13_13,4.304052543941022,4.39,4.39,4.39,4.39,4.39,4.39,6.71,6.71,7.75,7.75,5.16,5.16,5.16,5.16,5.16,5.16,7.23,8.26,8.26,7.23,4.65,4.65,4.65,4.65
N_14_12,N_12_13,11.542452002409444,6.41,6.41,6.41,6.41,6.41,6.41,7.96,7.96,8.66,8.66,6.93,6.93,6.93,6.93,6.93,6.93,8.31,9.0,9.0,8.31,6.58,6.58,6.58,6.58
N_14_13,N_14_14,13.742986827745982,7.63,7.63,7.63,7.63,7.63,7.63,9.48,9.48,10.31,10.31,8.25,8.25,8.25,8.25,8.25,8.25,9.89,10.72,10.72,9.89,7.83,7.83,7.83,7.83
N_14_13,N_12_11,8.126462893552482,4.51,4.51,4.51,4.51,4.51,4.51,5.61,5.61,6.09,6.09,4.88,4.88,4.88,4.88,4.88,4.88,5.85,6.34,6.34,5.85,4.63,4.63,4.63,4.63
N_14_13,N_16_11,11.742576831505637,6.52,6.52,6.52,6.52,6.52,6.52,8.1,8.1,8.81,8.81,7.05,7.05,7.05,7.05,7.05,7.05,8.45,9.16,9.16,8.45,6.69,6.69,6.69,6.69
N_14_13,N_12_15,13.345123328853207,7.41,7.41,7.41,7.41,7.41,7.41,9.21,9.21,10.01,10.01,8.01,8.01,8.01,8.01,8.01,8.01,9.61,10.41,10.41,9.61,7.61,7.61,7.61,7.61
N_14_13,N_16_15,10.506608927589518,5.83,5.83,5.83,5.83,5.83,5.83,7.25,7.25,7.88,7.88,6.3,6.3,6.3,6.3,6.3,6.3,7.56,8.2,8.2,7.56,5.99,5.99,5.99,5.99
N_14_13,N_13_11,12.72530891542205,7.06,7.06,7.06,7.06,7.06,7.06,8.78,8.78,9.54,9.54,7.64,7.64,7.64,7.64,7.64,7.64,9.16,9.93,9.93,9.16,7.25,7.25,7.25,7.25
N_14_14,N_12_16,4.8983583230562555,5.0,5.0,5.0,5.0,5.0,5.0,7.64,7.64,8.82,8.82,5.88,5.88,5.88,5.88,5.88,5.88,8.23,9.4,9.4,8.23,5.29,5.29,5.29,5.29
N_14_14,N_16_12,1.859919051363311,3.05,3.05,3.05,3.05,3.05,3.05,5.06,5.06,5.95,5.95,3.72,3.72,3.72,3.72,3.72,3.72,5.51,6.4,6.4,5.51,3.27,3.27,3.27,3.27
N_14_14,N_14_13,0.6932064115542793,1.14,1.14,1.14,1.14,1.14,1.14,1.89,1.89,2.22,2.22,1.39,1.39,1.39,1.39,1.39,1.39,2.05,2.38,2.38,2.05,1.22,1.22,1.22,1.22
N_14_14,N_12_12,5.896045987816073,6.01,6.01,6.01,6.01,6.01,6.01,9.2,9.2,10.61,10.61,7.08,7.08,7.08,7.08,7.08,7.08,9.91,11.32,11.32,9.91,6.37,6.37,6.37,6.37
N_14_14,N_15_12,6.262497345421954,6.39,6.39,6.39,6.39,6.39,6.39,9.77,9.77,11.27,11.27,7.51,7.51,7.51,7.51,7.51,7.51,10.52,12.02,12.02,10.52,6.76,6.76,6.76,6.76
N_14_14,N_14_11,5.498693412754514,5.61,5.61,5.61,5.61,5.61,5.61,8.58,8.58,9.9,9.9,6.6,6.6,6.6,6.6,6.6,6.6,9.24,10.56,10.56,9.24,5.94,5.94,5.94,5.94
N_14_15,N_14_12,0.6530672722368964,1.07,1.07,1.07,1.07,1.07,1.07,1.78,1.78,2.09,2.09,1.31,1.31,1.31,1.31,1.31,1.31,1.93,2.25,2.25,1.93,1.15,1.15,1.15,1.15
N_14_15,N_12_14,0.7036271797497735,1.15,1.15,1.15,1.15,1.15,1.15,1.91,1.91,2.25,2.25,1.41,1.41,1.41,1.41,1.41,1.41,2.08,2.42,2.42,2.08,1.24,1.24,1.24,1.24
N_14_15,N_12_16,2.2009300674379624,3.61,3.61,3.61,3.61,3.61,3.61,5.99,5.99,7.04,7.04,4.4,4.4,4.4,4.4,4.4,4.4,6.51,7.57,7.57,6.51,3.87,3.87,3.87,3.87
N_14_15,N_15_15,1.699734290307079,2.79,2.79,2.79,2.79,2.79,2.79,4.62,4.62,5.44,5.44,3.4,3.4,3.4,3.4,3.4,3.4,5.03,5.85,5.85,5.03,2.99,2.99,2.99,2.99
N_14_15,N_15_16,5.7116020895407615,5.83,5.83,5.83,5.83,5.83,5.83,8.91,8.91,10.28,10.28,6.85,6.85,6.85,6.85,6.85,6.85,9.6,10.97,10.97,9.6,6.17,6.17,6.17,6.17
N_14_15,N_15_14,4.328186189393135,4.41,4.41,4.41,4.41,4.41,4.41,6.75,6.75,7.79,7.79,5.19,5.19,5.19,5.19,5.19,5.19,7.27,8.31,8.31,7.27,4.67,4.67,4.67,4.67
N_14_16,N_12_14,5.654947756541104,5.77,5.77,5.77,5.77,5.77,5.77,8.82,8.82,10.18,10.18,6.79,6.79,6.79,6.79,6.79,6.79,9.5,10.86,10.86,9.5,6.11,6.11,6.11,6.11
N_14_16,N_16_14,10.62166539945517,5.9,5.9,5.9,5.9,5.9,5.9,7.33,7.33,7.97,7.97,6.37,6.37,6.37,6.37,6.37,6.37,7.65,8.28,8.28,7.65,6.05,6.05,6.05,6.05
N_14_16,N_14_18,9.430697310673239,5.23,5.23,5.23,5.23,5.23,5.23,6.51,6.51,7.07,7.07,5.66,5.66,5.66,5.66,5.66,5.66,6.79,7.36,7.36,6.79,5.38,5.38,5.38,5.38
N_14_16,N_12_18,1.6961503772221709,2.78,2.78,2.78,2.78,2.78,2.78,4.61,4.61,5.43,5.43,3.39,3.39,3.39,3.39,3.39,3.39,5.02,5.83,5.83,5.02,2.99,2.99,2.99,2.99
N_14_17,N_12_17,8.727350993443256,4.84,4.84,4.84,4.84,4.84,4.84,6.02,6.02,6.55,6.55,5.24,5.24,5.24,5.24,5.24,5.24,6.28,6.81,6.81,6.28,4.97,4.97,4.97,4.97
N_14_17,N_13_17,1.8686278745964708,3.06,3.06,3.06,3.06,3.06,3.06,5.08,5.08,5.98,5.98,3.74,3.74,3.74,3.74,3.74,3.74,5.53,6.43,6.43,5.53,3.29,3.29,3.29,3.29
N_14_17,N_16_19,11.44149602569561,6.35,6.35,6.35,6.35,6.35,6.35,7.89,7.89,8.58,8.58,6.86,6.86,6.86,6.86,6.86,6.86,8.24,8.92,8.92,8.24,6.52,6.52,6.52,6.52
N_14_17,N_14_19,14.944087982108623,8.29,8.29,8.29,8.29,8.29,8.29,10.31,10.31,11.21,11.21,8.97,8.97,8.97,8.97,8.97,8.97,10.76,11.66,11.66,10.76,8.52,8.52,8.52,8.52
N_14_17,N_13_16,9.215730772528161,5.11,5.11,5.11,5.11,5.11,5.11,6.36,6.36,6.91,6.91,5.53,5.53,5.53,5.53,5.53,5.53,6.64,7.19,7.19,6.64,5.25,5.25,5.25,5.25
N_14_17,N_14_20,4.704959265142355,4.8,4.8,4.8,4.8,4.8,4.8,7.34,7.34,8.47,8.47,5.65,5.65,5.65,5.65,5.65,5.65,7.9,9.03,9.03,7.9,5.08,5.08,5.08,5.08
N_14_18,N_12_20,4.833481459024243,4.93,4.93,4.93,4.93,4.93,4.93,7.54,7.54,8.7,8.7,5.8,5.8,5.8,5.8,5.8,5.8,8.12,9.28,9.28,8.12,5.22,5.22,5.22,5.22
N_14_18,N_13_19,13.711777561241362,7.61,7.61,7.61,7.61,7.61,7.61,9.46,9.46,10.28,10.28,8.23,8.23,8.23,8.23,8.23,8.23,9.87,10.7,10.7,9.87,7.82,7.82,7.82,7.82
N_14_18,N_14_16,9.430697310673239,5.23,5.23,5.23,5.23,5.23,5.23,6.51,6.51,7.07,7.07,5.66,5.66,5.66,5.66,5.66,5.66,6.79,7.36,7.36,6.79,5.38,5.38,5.38,5.38
N_14_18,N_16_20,2.017716644800559,3.31,3.31,3.31,3.31,3.31,3.31,5.49,5.49,6.46,6.46,4.04,4.04,4.04,4.04,4.04,4.04,5.97,6.94,6.94,5.97,3.55,3.55,3.55,3.55
N_14_18,N_15_17,3.611194835688237,3.68,3.68,3.68,3.68,3.68,3.68,5.63,5.63,6.5,6.5,4.33,4.33,4.33,4.33,4.33,4.33,6.07,6.93,6.93,6.07,3.9,3.9,3.9,3.9
N_14_18,N_15_19,11.245558642900965,6.24,6.24,6.24,6.24,6.24,6.24,7.76,7.76,8.43,8.43,6.75,6.75,6.75,6.75,6.75,6.75,8.1,8.77,8.77,8.1,6.41,6.41,6.41,6.41
N_14_18,N_12_19,5.424101426626573,5.53,5.53,5.53,5.53,5.53,5.53,8.46,8.46,9.76,9.76,6.51,6.51,6.51,6.51,6.51,6.51,9.11,10.41,10.41,9.11,5.86,5.86,5.86,5.86
N_14_19,N_11_19,3.4795139706190863,3.55,3.55,3.55,3.55,3.55,3.55,5.43,5.43,6.26,6.26,4.18,4.18,4.18,4.18,4.18,4.18,5.85,6.68,6.68,5.85,3.76,3.76,3.76,3.76
N_14_19,N_12_21,5.37234101216339,5.48,5.48,5.48,5.48,5.48,5.48,8.38,8.38,9.67,9.67,6.45,6.45,6.45,6.45,6.45,6.45,9.03,10.31,10.31,9.03,5.8,5.8,5.8,5.8
N_14_19,N_13_18,2.0425407575530707,3.35,3.35,3.35,3.35,3.35,3.35,5.56,5.56,6.54,6.54,4.09,4.09,4.09,4.09,4.09,4.09,6.05,7.03,7.03,6.05,3.59,3.59,3.59,3.59
N_14_19,N_16_17,5.836513861674721,5.95,5.95,5.95,5.95,5.95,5.95,9.1,9.1,10.51,10.51,7.0,7.0,7.0,7.0,7.0,7.0,9.81,11.21,11.21,9.81,6.3,6.3,6.3,6.3
N_14_2,N_13_1,11.096819584960468,6.16,6.16,6.16,6.16,6.16,6.16,7.66,7.66,8.32,8.32,6.66,6.66,6.66,6.66,6.66,6.66,7.99,8.66,8.66,7.99,6.33,6.33,6.33,6.33
N_14_2,N_16_2,5.577589562881275,5.69,5.69,5.69,5.69,5.69,5.69,8.7,8.7,10.04,10.04,6.69,6.69,6.69,6.69,6.69,6.69,9.37,10.71,10.71,9.37,6.02,6.02,6.02,6.02
N_14_2,N_16_0,5.344641714517641,5.45,5.45,5.45,5.45,5.45,5.45,8.34,8.34,9.62,9.62,6.41,6.41,6.41,6.41,6.41,6.41,8.98,10.26,10.26,8.98,5.77,5.77,5.77,5.77
N_14_2,N_14_1,3.7552930079700397,3.83,3.83,3.83,3.83,3.83,3.83,5.86,5.86,6.76,6.76,4.51,4.51,4.51,4.51,4.51,4.51,6.31,7.21,7.21,6.31,4.06,4.06,4.06,4.06
N_14_2,N_12_0,1.0057424707984446,1.65,1.65,1.65,1.65,1.65,1.65,2.74,2.74,3.22,3.22,2.01,2.01,2.01,2.01,2.01,2.01,2.98,3.46,3.46,2.98,1.77,1.77,1.77,1.77
N_14_2,N_12_1,1.8169721199073028,2.98,2.98,2.98,2.98,2.98,2.98,4.94,4.94,5.81,5.81,3.63,3.63,3.63,3.63,3.63,3.63,5.38,6.25,6.25,5.38,3.2,3.2,3.2,3.2
N_14_20,N_11_20,9.650636210198552,5.36,5.36,5.36,5.36,5.36,5.36,6.66,6.66,7.24,7.24,5.79,5.79,5.79,5.79,5.79,5.79,6.95,7.53,7.53,6.95,5.5,5.5,5.5,5.5
N_14_20,N_12_20,0.7979072591819092,1.31,1.31,1.31,1.31,1.31,1.31,2.17,2.17,2.55,2.55,1.6,1.6,1.6,1.6,1.6,1.6,2.36,2.74,2.74,2.36,1.4,1.4,1.4,1.4
N_14_20,N_12_22,1.5150815132152458,2.48,2.48,2.48,2.48,2.48,2.48,4.12,4.12,4.85,4.85,3.03,3.03,3.03,3.03,3.03,3.03,4.48,5.21,5.21,4.48,2.67,2.67,2.67,2.67
N_14_21,N_12_19,8.599949446649102,4.77,4.77,4.77,4.77,4.77,4.77,5.93,5.93,6.45,6.45,5.16,5.16,5.16,5.16,5.16,5.16,6.19,6.71,6.71,6.19,4.9,4.9,4.9,4.9
N_14_21,N_14_19,8.207666561749017,4.56,4.56,4.56,4.56,4.56,4.56,5.66,5.66,6.16,6.16,4.92,4.92,4.92,4.92,4.92,4.92,5.91,6.4,6.4,5.91,4.68,4.68,4.68,4.68
N_14_21,N_16_23,6.042134377384459,6.16,6.16,6.16,6.16,6.16,6.16,9.43,9.43,10.88,10.88,7.25,7.25,7.25,7.25,7.25,7.25,10.15,11.6,11.6,10.15,6.53,6.53,6.53,6.53
N_14_21,N_12_22,14.68649613149901,8.15,8.15,8.15,8.15,8.15,8.15,10.13,10.13,11.01,11.01,8.81,8.81,8.81,8.81,8.81,8.81,10.57,11.46,11.46,10.57,8.37,8.37,8.37,8.37
N_14_21,N_13_22,3.167437377477939,3.23,3.23,3.23,3.23,3.23,3.23,4.94,4.94,5.7,5.7,3.8,3.8,3.8,3.8,3.8,3.8,5.32,6.08,6.08,5.32,3.42,3.42,3.42,3.42
N_14_21,N_14_18,4.502663213103558,4.59,4.59,4.59,4.59,4.59,4.59,7.02,7.02,8.1,8.1,5.4,5.4,5.4,5.4,5.4,5.4,7.56,8.65,8.65,7.56,4.86,4.86,4.86,4.86
N_14_22,N_13_24,10.81401972622037,6.0,6.0,6.0,6.0,6.0,6.0,7.46,7.46,8.11,8.11,6.49,6.49,6.49,6.49,6.49,6.49,7.79,8.43,8.43,7.79,6.16,6.16,6.16,6.16
N_14_22,N_11_22,1.058935060367911,1.74,1.74,1.74,1.74,1.74,1.74,2.88,2.88,3.39,3.39,2.12,2.12,2.12,2.12,2.12,2.12,3.13,3.64,3.64,3.13,1.86,1.86,1.86,1.86
N_14_22,N_12_22,1.2368597902643392,2.03,2.03,2.03,2.03,2.03,2.03,3.36,3.36,3.96,3.96,2.47,2.47,2.47,2.47,2.47,2.47,3.66,4.25,4.25,3.66,2.18,2.18,2.18,2.18
N_14_22,N_14_19,3.7517397404649584,3.83,3.83,3.83,3.83,3.83,3.83,5.85,5.85,6.75,6.75,4.5,4.5,4.5,4.5,4.5,4.5,6.3,7.2,7.2,6.3,4.05,4.05,4.05,4.05
N_14_22,N_14_24,2.1252380955544643,3.49,3.49,3.49,3.49,3.49,3.49,5.78,5.78,6.8,6.8,4.25,4.25,4.25,4.25,4.25,4.25,6.29,7.31,7.31,6.29,3.74,3.74,3.74,3.74
N_14_23,N_13_23,4.442573625726712,4.53,4.53,4.53,4.53,4.53,4.53,6.93,6.93,8.0,8.0,5.33,5.33,5.33,5.33,5.33,5.33,7.46,8.53,8.53,7.46,4.8,4.8,4.8,4.8
N_14_23,N_16_23,4.205393219958368,4.29,4.29,4.29,4.29,4.29,4.29,6.56,6.56,7.57,7.57,5.05,5.05,5.05,5.05,5.05,5.05,7.07,8.07,8.07,7.07,4.54,4.54,4.54,4.54
N_14_23,N_14_22,6.499143107736201,6.63,6.63,6.63,6.63,6.63,6.63,10.14,10.14,11.7,11.7,7.8,7.8,7.8,7.8,7.8,7.8,10.92,12.48,12.48,10.92,7.02,7.02,7.02,7.02
N_14_23,N_14_20,3.462714567249076,3.53,3.53,3.53,3.53,3.53,3.53,5.4,5.4,6.23,6.23,4.16,4.16,4.16,4.16,4.16,4.16,5.82,6.65,6.65,5.82,3.74,3.74,3.74,3.74
N_14_23,N_16_25,9.481485748239093,5.26,5.26,5.26,5.26,5.26,5.26,6.54,6.54,7.11,7.11,5.69,5.69,5.69,5.69,5.69,5.69,6.83,7.4,7.4,6.83,5.4,5.4,5.4,5.4
N_14_23,N_14_25,3.357727262540748,3.42,3.42,3.42,3.42,3.42,3.42,5.24,5.24,6.04,6.04,4.03,4.03,4.03,4.03,4.03,4.03,5.64,6.45,6.45,5.64,3.63,3.63,3.63,3.63
N_14_24,N_11_24,11.013047192884635,6.11,6.11,6.11,6.11,6.11,6.11,7.6,7.6,8.26,8.26,6.61,6.61,6.61,6.61,6.61,6.61,7.93,8.59,8.59,7.93,6.28,6.28,6.28,6.28
N_14_24,N_12_25,1.9669526035876033,3.23,3.23,3.23,3.23,3.23,3.23,5.35,5.35,6.29,6.29,3.93,3.93,3.93,3.93,3.93,3.93,5.82,6.77,6.77,5.82,3.46,3.46,3.46,3.46
N_14_24,N_14_22,2.1252380955544643,3.49,3.49,3.49,3.49,3.49,3.49,5.78,5.78,6.8,6.8,4.25,4.25,4.25,4.25,4.25,4.25,6.29,7.31,7.31,6.29,3.74,3.74,3.74,3.74
N_14_24,N_16_22,10.036835518581885,5.57,5.57,5.57,5.57,5.57,5.57,6.93,6.93,7.53,7.53,6.02,6.02,6.02,6.02,6.02,6.02,7.23,7.83,7.83,7.23,5.72,5.72,5.72,5.72
N_14_24,N_13_24,5.368801949537118,5.48,5.48,5.48,5.48,5.48,5.48,8.38,8.38,9.66,9.66,6.44,6.44,6.44,6.44,6.44,6.44,9.02,10.31,10.31,9.02,5.8,5.8,5.8,5.8
N_14_24,N_13_25,1.6456780190428648,2.7,2.7,2.7,2.7,2.7,2.7,4.48,4.48,5.27,5.27,3.29,3.29,3.29,3.29,3.29,3.29,4.87,5.66,5.66,4.87,2.9,2.9,2.9,2.9
N_14_24,N_14_26,4.520780431536341,4.61,4.61,4.61,4.61,4.61,4.61,7.05,7.05,8.14,8.14,5.42,5.42,5.42,5.42,5.42,5.42,7.59,8.68,8.68,7.59,4.88,4.88,4.88,4.88
N_14_25,N_11_25,2.403288083465216,3.94,3.94,3.94,3.94,3.94,3.94,6.54,6.54,7.69,7.69,4.81,4.81,4.81,4.81,4.81,4.81,7.11,8.27,8.27,7.11,4.23,4.23,4.23,4.23
N_14_25,N_12_27,4.861411500547333,4.96,4.96,4.96,4.96,4.96,4.96,7.58,7.58,8.75,8.75,5.83,5.83,5.83,5.83,5.83,5.83,8.17,9.33,9.33,8.17,5.25,5.25,5.25,5.25
N_14_25,N_13_27,10.134472146161949,5.62,5.62,5.62,5.62,5.62,5.62,6.99,6.99,7.6,7.6,6.08,6.08,6.08,6.08,6.08,6.08,7.3,7.9,7.9,7.3,5.78,5.78,5.78,5.78
N_14_25,N_14_23,3.357727262540748,3.42,3.42,3.42,3.42,3.42,3.42,5.24,5.24,6.04,6.04,4.03,4.03,4.03,4.03,4.03,4.03,5.64,6.45,6.45,5.64,3.63,3.63,3.63,3.63
N_14_25,N_14_24,1.9059336190572955,3.13,3.13,3.13,3.13,3.13,3.13,5.18,5.18,6.1,6.1,3.81,3.81,3.81,3.81,3.81,3.81,5.64,6.56,6.56,5.64,3.35,3.35,3.35,3.35
N_14_25,N_16_24,6.961340447920561,7.1,7.1,7.1,7.1,7.1,7.1,10.86,10.86,12.53,12.53,8.35,8.35,8.35,8.35,8.35,8.35,11.7,13.37,13.37,11.7,7.52,7.52,7.52,7.52
N_14_26,N_11_26,4.1952523350335245,4.28,4.28,4.28,4.28,4.28,4.28,6.54,6.54,7.55,7.55,5.03,5.03,5.03,5.03,5.03,5.03,7.05,8.05,8.05,7.05,4.53,4.53,4.53,4.53
N_14_26,N_12_24,4.078778123921481,4.16,4.16,4.16,4.16,4.16,4.16,6.36,6.36,7.34,7.34,4.89,4.89,4.89,4.89,4.89,4.89,6.85,7.83,7.83,6.85,4.41,4.41,4.41,4.41
N_14_26,N_17_26,5.711594744724679,5.83,5.83,5.83,5.83,5.83,5.83,8.91,8.91,10.28,10.28,6.85,6.85,6.85,6.85,6.85,6.85,9.6,10.97,10.97,9.6,6.17,6.17,6.17,6.17
N_14_26,N_16_24,4.564252378696895,4.66,4.66,4.66,4.66,4.66,4.66,7.12,7.12,8.22,8.22,5.48,5.48,5.48,5.48,5.48,5.48,7.67,8.76,8.76,7.67,4.93,4.93,4.93,4.93
N_14_26,N_16_25,12.874634209733058,7.15,7.15,7.15,7.15,7.15,7.15,8.88,8.88,9.66,9.66,7.72,7.72,7.72,7.72,7.72,7.72,9.27,10.04,10.04,9.27,7.34,7.34,7.34,7.34
N_14_26,N_13_28,1.2875449075895482,2.11,2.11,2.11,2.11,2.11,2.11,3.5,3.5,4.12,4.12,2.58,2.58,2.58,2.58,2.58,2.58,3.81,4.43,4.43,3.81,2.27,2.27,2.27,2.27
N_14_27,N_12_27,5.158535305069615,5.26,5.26,5.26,5.26,5.26,5.26,8.05,8.05,9.29,9.29,6.19,6.19,6.19,6.19,6.19,6.19,8.67,9.9,9.9,8.67,5.57,5.57,5.57,5.57
N_14_27,N_12_29,6.14729745168407,6.27,6.27,6.27,6.27,6.27,6.27,9.59,9.59,11.07,11.07,7.38,7.38,7.38,7.38,7.38,7.38,10.33,11.8,11.8,10.33,6.64,6.64,6.64,6.64
N_14_27,N_13_26,1.2225350656257508,2.0,2.0,2.0,2.0,2.0,2.0,3.33,3.33,3.91,3.91,2.45,2.45,2.45,2.45,2.45,2.45,3.62,4.21,4.21,3.62,2.15,2.15,2.15,2.15
N_14_27,N_11_27,0.6920954638061501,1.14,1.14,1.14,1.14,1.14,1.14,1.88,1.88,2.21,2.21,1.38,1.38,1.38,1.38,1.38,1.38,2.05,2.38,2.38,2.05,1.22,1.22,1.22,1.22
N_14_27,N_14_24,8.367304808061032,4.64,4.64,4.64,4.64,4.64,4.64,5.77,5.77,6.28,6.28,5.02,5.02,5.02,5.02,5.02,5.02,6.02,6.53,6.53,6.02,4.77,4.77,4.77,4.77
N_14_27,N_16_26,5.373569561058922,5.48,5.48,5.48,5.48,5.48,5.48,8.38,8.38,9.67,9.67,6.45,6.45,6.45,6.45,6.45,6.45,9.03,10.32,10.32,9.03,5.8,5.8,5.8,5.8
N_14_28,N_12_28,0.7187298411841125,1.18,1.18,1.18,1.18,1.18,1.18,1.95,1.95,2.3,2.3,1.44,1.44,1.44,1.44,1.44,1.44,2.13,2.47,2.47,2.13,1.26,1.26,1.26,1.26
N_14_28,N_12_26,12.010873361762206,6.67,6.67,6.67,6.67,6.67,6.67,8.29,8.29,9.01,9.01,7.21,7.21,7.21,7.21,7.21,7.21,8.65,9.37,9.37,8.65,6.85,6.85,6.85,6.85
N_14_28,N_16_30,13.217515063746815,7.34,7.34,7.34,7.34,7.34,7.34,9.12,9.12,9.91,9.91,7.93,7.93,7.93,7.93,7.93,7.93,9.52,10.31,10.31,9.52,7.53,7.53,7.53,7.53
N_14_28,N_12_27,11.389340341088767,6.32,6.32,6.32,6.32,6.32,6.32,7.86,7.86,8.54,8.54,6.83,6.83,6.83,6.83,6.83,6.83,8.2,8.88,8.88,8.2,6.49,6.49,6.49,6.49
N_14_28,N_15_29,5.285692397512092,5.39,5.39,5.39,5.39,5.39,5.39,8.25,8.25,9.51,9.51,6.34,6.34,6.34,6.34,6.34,6.34,8.88,10.15,10.15,8.88,5.71,5.71,5.71,5.71
N_14_28,N_14_27,14.362163663174758,7.97,7.97,7.97,7.97,7.97,7.97,9.91,9.91,10.77,10.77,8.62,8.62,8.62,8.62,8.62,8.62,10.34,11.2,11.2,10.34,8.19,8.19,8.19,8.19
N_14_28,N_15_28,13.690075560697863,7.6,7.6,7.6,7.6,7.6,7.6,9.45,9.45,10.27,10.27,8.21,8.21,8.21,8.21,8.21,8.21,9.86,10.68,10.68,9.86,7.8,7.8,7.8,7.8
N_14_29,N_15_31,9.797323390544584,5.44,5.44,5.44,5.44,5.44,5.44,6.76,6.76,7.35,7.35,5.88,5.88,5.88,5.88,5.88,5.88,7.05,7.64,7.64,7.05,5.58,5.58,5.58,5.58
N_14_29,N_14_32,8.873019840888963,4.92,4.92,4.92,4.92,4.92,4.92,6.12,6.12,6.65,6.65,5.32,5.32,5.32,5.32,5.32,5.32,6.39,6.92,6.92,6.39,5.06,5.06,5.06,5.06
N_14_29,N_17_29,0.843206397042443,1.38,1.38,1.38,1.38,1.38,1.38,2.29,2.29,2.7,2.7,1.69,1.69,1.69,1.69,1.69,1.69,2.5,2.9,2.9,2.5,1.48,1.48,1.48,1.48
N_14_29,N_15_27,3.9933483392179006,4.07,4.07,4.07,4.07,4.07,4.07,6.23,6.23,7.19,7.19,4.79,4.79,4.79,4.79,4.79,4.79,6.71,7.67,7.67,6.71,4.31,4.31,4.31,4.31
N_14_29,N_13_31,2.309239026647833,3.79,3.79,3.79,3.79,3.79,3.79,6.28,6.28,7.39,7.39,4.62,4.62,4.62,4.62,4.62,4.62,6.84,7.94,7.94,6.84,4.06,4.06,4.06,4.06
N_14_3,N_15_5,13.103730830223778,7.27,7.27,7.27,7.27,7.27,7.27,9.04,9.04,9.83,9.83,7.86,7.86,7.86,7.86,7.86,7.86,9.43,10.22,10.22,9.43,7.47,7.47,7.47,7.47
N_14_3,N_13_1,4.042697768860528,4.12,4.12,4.12,4.12,4.12,4.12,6.31,6.31,7.28,7.28,4.85,4.85,4.85,4.85,4.85,4.85,6.79,7.76,7.76,6.79,4.37,4.37,4.37,4.37
N_14_3,N_13_2,11.192474242916543,6.21,6.21,6.21,6.21,6.21,6.21,7.72,7.72,8.39,8.39,6.72,6.72,6.72,6.72,6.72,6.72,8.06,8.73,8.73,8.06,6.38,6.38,6.38,6.38
N_14_3,N_16_2,6.760797312692265,6.9,6.9,6.9,6.9,6.9,6.9,10.55,10.55,12.17,12.17,8.11,8.11,8.11,8.11,8.11,8.11,11.36,12.98,12.98,11.36,7.3,7.3,7.3,7.3
N_14_30,N_13_30,8.424423845323586,4.68,4.68,4.68,4.68,4.68,4.68,5.81,5.81,6.32,6.32,5.05,5.05,5.05,5.05,5.05,5.05,6.07,6.57,6.57,6.07,4.8,4.8,4.8,4.8
N_14_30,N_15_29,12.481242422929547,6.93,6.93,6.93,6.93,6.93,6.93,8.61,8.61,9.36,9.36,7.49,7.49,7.49,7.49,7.49,7.49,8.99,9.74,9.74,8.99,7.11,7.11,7.11,7.11
N_14_30,N_14_31,4.093012009451677,4.17,4.17,4.17,4.17,4.17,4.17,6.39,6.39,7.37,7.37,4.91,4.91,4.91,4.91,4.91,4.91,6.88,7.86,7.86,6.88,4.42,4.42,4.42,4.42
N_14_31,N_12_32,14.347552380076813,7.96,7.96,7.96,7.96,7.96,7.96,9.9,9.9,10.76,10.76,8.61,8.61,8.61,8.61,8.61,8.61,10.33,11.19,11.19,10.33,8.18,8.18,8.18,8.18
N_14_31,N_15_32,13.642594972171484,7.57,7.57,7.57,7.57,7.57,7.57,9.41,9.41,10.23,10.23,8.19,8.19,8.19,8.19,8.19,8.19,9.82,10.64,10.64,9.82,7.78,7.78,7.78,7.78
N_14_31,N_12_31,5.206686782676487,5.31,5.31,5.31,5.31,5.31,5.31,8.12,8.12,9.37,9.37,6.25,6.25,6.25,6.25,6.25,6.25,8.75,10.0,10.0,8.75,5.62,5.62,5.62,5.62
N_14_31,N_13_31,5.369240496384268,5.48,5.48,5.48,5.48,5.48,5.48,8.38,8.38,9.66,9.66,6.44,6.44,6.44,6.44,6.44,6.44,9.02,10.31,10.31,9.02,5.8,5.8,5.8,5.8
N_14_31,N_15_31,5.852890645131209,5.97,5.97,5.97,5.97,5.97,5.97,9.13,9.13,10.54,10.54,7.02,7.02,7.02,7.02,7.02,7.02,9.83,11.24,11.24,9.83,6.32,6.32,6.32,6.32
N_14_31,N_12_30,11.972925425678168,6.64,6.64,6.64,6.64,6.64,6.64,8.26,8.26,8.98,8.98,7.18,7.18,7.18,7.18,7.18,7.18,8.62,9.34,9.34,8.62,6.82,6.82,6.82,6.82
N_14_31,N_17_31,1.7783869799151992,2.92,2.92,2.92,2.92,2.92,2.92,4.84,4.84,5.69,5.69,3.56,3.56,3.56,3.56,3.56,3.56,5.26,6.12,6.12,5.26,3.13,3.13,3.13,3.13
N_14_32,N_14_29,8.873019840888963,4.92,4.92,4.92,4.92,4.92,4.92,6.12,6.12,6.65,6.65,5.32,5.32,5.32,5.32,5.32,5.32,6.39,6.92,6.92,6.39,5.06,5.06,5.06,5.06
N_14_32,N_11_32,0.8302262511151537,1.36,1.36,1.36,1.36,1.36,1.36,2.26,2.26,2.66,2.66,1.66,1.66,1.66,1.66,1.66,1.66,2.46,2.86,2.86,2.46,1.46,1.46,1.46,1.46
N_14_32,N_15_33,5.216639099406868,5.32,5.32,5.32,5.32,5.32,5.32,8.14,8.14,9.39,9.39,6.26,6.26,6.26,6.26,6.26,6.26,8.76,10.02,10.02,8.76,5.63,5.63,5.63,5.63
N_14_32,N_12_34,2.424332662647913,3.98,3.98,3.98,3.98,3.98,3.98,6.59,6.59,7.76,7.76,4.85,4.85,4.85,4.85,4.85,4.85,7.18,8.34,8.34,7.18,4.27,4.27,4.27,4.27
N_14_32,N_16_33,5.9231894652971135,6.04,6.04,6.04,6.04,6.04,6.04,9.24,9.24,10.66,10.66,7.11,7.11,7.11,7.11,7.11,7.11,9.95,11.37,11.37,9.95,6.4,6.4,6.4,6.4
N_14_32,N_12_33,6.991817703150932,7.13,7.13,7.13,7.13,7.13,7.13,10.91,10.91,12.59,12.59,8.39,8.39,8.39,8.39,8.39,8.39,11.75,13.42,13.42,11.75,7.55,7.55,7.55,7.55
N_14_32,N_16_30,4.6218858067363575,4.71,4.71,4.71,4.71,4.71,4.71,7.21,7.21,8.32,8.32,5.55,5.55,5.55,5.55,5.55,5.55,7.76,8.87,8.87,7.76,4.99,4.99,4.99,4.99
N_14_32,N_13_30,1.9918345214022732,3.27,3.27,3.27,3.27,3.27,3.27,5.42,5.42,6.37,6.37,3.98,3.98,3.98,3.98,3.98,3.98,5.9,6.85,6.85,5.9,3.51,3.51,3.51,3.51
N_14_33,N_13_31,9.756222701642022,5.41,5.41,5.41,5.41,5.41,5.41,6.73,6.73,7.32,7.32,5.85,5.85,5.85,5.85,5.85,5.85,7.02,7.61,7.61,7.02,5.56,5.56,5.56,5.56
N_14_33,N_16_31,0.9995304470021487,1.64,1.64,1.64,1.64,1.64,1.64,2.72,2.72,3.2,3.2,2.0,2.0,2.0,2.0,2.0,2.0,2.96,3.44,3.44,2.96,1.76,1.76,1.76,1.76
N_14_33,N_15_35,3.4714616027493697,3.54,3.54,3.54,3.54,3.54,3.54,5.42,5.42,6.25,6.25,4.17,4.17,4.17,4.17,4.17,4.17,5.83,6.67,6.67,5.83,3.75,3.75,3.75,3.75
N_14_34,N_12_33,10.041648683751273,5.57,5.57,5.57,5.57,5.57,5.57,6.93,6.93,7.53,7.53,6.02,6.02,6.02,6.02,6.02,6.02,7.23,7.83,7.83,7.23,5.72,5.72,5.72,5.72
N_14_34,N_13_32,12.842915422738194,7.13,7.13,7.13,7.13,7.13,7.13,8.86,8.86,9.63,9.63,7.71,7.71,7.71,7.71,7.71,7.71,9.25,10.02,10.02,9.25,7.32,7.32,7.32,7.32
N_14_34,N_14_32,3.0354549318950705,3.1,3.1,3.1,3.1,3.1,3.1,4.74,4.74,5.46,5.46,3.64,3.64,3.64,3.64,3.64,3.64,5.1,5.83,5.83,5.1,3.28,3.28,3.28,3.28
N_14_35,N_12_33,9.356703842916318,5.19,5.19,5.19,5.19,5.19,5.19,6.46,6.46,7.02,7.02,5.61,5.61,5.61,5.61,5.61,5.61,6.74,7.3,7.3,6.74,5.33,5.33,5.33,5.33
N_14_35,N_13_33,5.87123811904036,5.99,5.99,5.99,5.99,5.99,5.99,9.16,9.16,10.57,10.57,7.05,7.05,7.05,7.05,7.05,7.05,9.86,11.27,11.27,9.86,6.34,6.34,6.34,6.34
N_14_35,N_15_34,3.023240874982975,3.08,3.08,3.08,3.08,3.08,3.08,4.72,4.72,5.44,5.44,3.63,3.63,3.63,3.63,3.63,3.63,5.08,5.8,5.8,5.08,3.27,3.27,3.27,3.27
N_14_35,N_14_36,3.442662572549792,3.51,3.51,3.51,3.51,3.51,3.51,5.37,5.37,6.2,6.2,4.13,4.13,4.13,4.13,4.13,4.13,5.78,6.61,6.61,5.78,3.72,3.72,3.72,3.72
N_14_35,N_15_33,10.947390386517851,6.08,6.08,6.08,6.08,6.08,6.08,7.55,7.55,8.21,8.21,6.57,6.57,6.57,6.57,6.57,6.57,7.88,8.54,8.54,7.88,6.24,6.24,6.24,6.24
N_14_35,N_14_32,12.66343373352992,7.03,7.03,7.03,7.03,7.03,7.03,8.74,8.74,9.5,9.5,7.6,7.6,7.6,7.6,7.6,7.6,9.12,9.88,9.88,9.12,7.22,7.22,7.22,7.22
N_14_35,N_13_34,2.4658574054509343,4.04,4.04,4.04,4.04,4.04,4.04,6.71,6.71,7.89,7.89,4.93,4.93,4.93,4.93,4.93,4.93,7.3,8.48,8.48,7.3,4.34,4.34,4.34,4.34
N_14_35,N_12_36,4.982270383829476,5.08,5.08,5.08,5.08,5.08,5.08,7.77,7.77,8.97,8.97,5.98,5.98,5.98,5.98,5.98,5.98,8.37,9.57,9.57,8.37,5.38,5.38,5.38,5.38
N_14_36,N_14_35,3.442662572549792,3.51,3.51,3.51,3.51,3.51,3.51,5.37,5.37,6.2,6.2,4.13,4.13,4.13,4.13,4.13,4.13,5.78,6.61,6.61,5.78,3.72,3.72,3.72,3.72
N_14_36,N_13_35,8.578304278301442,4.76,4.76,4.76,4.76,4.76,4.76,5.92,5.92,6.43,6.43,5.15,5.15,5.15,5.15,5.15,5.15,6.18,6.69,6.69,6.18,4.89,4.89,4.89,4.89
N_14_36,N_14_38,5.916994288898701,6.04,6.04,6.04,6.04,6.04,6.04,9.23,9.23,10.65,10.65,7.1,7.1,7.1,7.1,7.1,7.1,9.94,11.36,11.36,9.94,6.39,6.39,6.39,6.39
N_14_36,N_11_36,8.805139936873076,4.89,4.89,4.89,4.89,4.89,4.89,6.08,6.08,6.6,6.6,5.28,5.28,5.28,5.28,5.28,5.28,6.34,6.87,6.87,6.34,5.02,5.02,5.02,5.02
N_14_37,N_12_37,3.0511433779812847,3.11,3.11,3.11,3.11,3.11,3.11,4.76,4.76,5.49,5.49,3.66,3.66,3.66,3.66,3.66,3.66,5.13,5.86,5.86,5.13,3.3,3.3,3.3,3.3
N_14_37,N_13_38,3.5784015374576343,3.65,3.65,3.65,3.65,3.65,3.65,5.58,5.58,6.44,6.44,4.29,4.29,4.29,4.29,4.29,4.29,6.01,6.87,6.87,6.01,3.86,3.86,3.86,3.86
N_14_37,N_16_35,4.225783786182369,4.31,4.31,4.31,4.31,4.31,4.31,6.59,6.59,7.61,7.61,5.07,5.07,5.07,5.07,5.07,5.07,7.1,8.11,8.11,7.1,4.56,4.56,4.56,4.56
N_14_37,N_15_38,10.353244960177921,5.75,5.75,5.75,5.75,5.75,5.75,7.14,7.14,7.76,7.76,6.21,6.21,6.21,6.21,6.21,6.21,7.45,8.08,8.08,7.45,5.9,5.9,5.9,5.9
N_14_37,N_12_39,5.575492622007593,5.69,5.69,5.69,5.69,5.69,5.69,8.7,8.7,10.04,10.04,6.69,6.69,6.69,6.69,6.69,6.69,9.37,10.7,10.7,9.37,6.02,6.02,6.02,6.02
N_14_37,N_12_38,9.963891585178608,5.53,5.53,5.53,5.53,5.53,5.53,6.88,6.88,7.47,7.47,5.98,5.98,5.98,5.98,5.98,5.98,7.17,7.77,7.77,7.17,5.68,5.68,5.68,5.68
N_14_37,N_15_36,4.279363539669103,4.36,4.36,4.36,4.36,4.36,4.36,6.68,6.68,7.7,7.7,5.14,5.14,5.14,5.14,5.14,5.14,7.19,8.22,8.22,7.19,4.62,4.62,4.62,4.62
N_14_38,N_13_38,5.6068199203721765,5.72,5.72,5.72,5.72,5.72,5.72,8.75,8.75,10.09,10.09,6.73,6.73,6.73,6.73,6.73,6.73,9.42,10.77,10.77,9.42,6.06,6.06,6.06,6.06
N_14_38,N_14_36,5.916994288898701,6.04,6.04,6.04,6.04,6.04,6.04,9.23,9.23,10.65,10.65,7.1,7.1,7.1,7.1,7.1,7.1,9.94,11.36,11.36,9.94,6.39,6.39,6.39,6.39
N_14_38,N_14_37,6.081854577719398,6.2,6.2,6.2,6.2,6.2,6.2,9.49,9.49,10.95,10.95,7.3,7.3,7.3,7.3,7.3,7.3,10.22,11.68,11.68,10.22,6.57,6.57,6.57,6.57
N_14_39,N_16_38,5.407340500365327,5.52,5.52,5.52,5.52,5.52,5.52,8.44,8.44,9.73,9.73,6.49,6.49,6.49,6.49,6.49,6.49,9.08,10.38,10.38,9.08,5.84,5.84,5.84,5.84
N_14_39,N_17_39,2.2680827476733203,3.72,3.72,3.72,3.72,3.72,3.72,6.17,6.17,7.26,7.26,4.54,4.54,4.54,4.54,4.54,4.54,6.71,7.8,7.8,6.71,3.99,3.99,3.99,3.99
N_14_39,N_14_36,11.120388608265701,6.17,6.17,6.17,6.17,6.17,6.17,7.67,7.67,8.34,8.34,6.67,6.67,6.67,6.67,6.67,6.67,8.01,8.67,8.67,8.01,6.34,6.34,6.34,6.34
N_14_39,N_12_37,1.7380207381084258,2.85,2.85,2.85,2.85,2.85,2.85,4.73,4.73,5.56,5.56,3.48,3.48,3.48,3.48,3.48,3.48,5.14,5.98,5.98,5.14,3.06,3.06,3.06,3.06
N_14_39,N_13_37,6.043952053844903,6.16,6.16,6.16,6.16,6.16,6.16,9.43,9.43,10.88,10.88,7.25,7.25,7.25,7.25,7.25,7.25,10.15,11.6,11.6,10.15,6.53,6.53,6.53,6.53
N_14_39,N_12_38,8.894823613330328,4.94,4.94,4.94,4.94,4.94,4.94,6.14,6.14,6.67,6.67,5.34,5.34,5.34,5.34,5.34,5.34,6.4,6.94,6.94,6.4,5.07,5.07,5.07,5.07
N_14_39,N_16_37,6.566346611889461,6.7,6.7,6.7,6.7,6.7,6.7,10.24,10.24,11.82,11.82,7.88,7.88,7.88,7.88,7.88,7.88,11.03,12.61,12.61,11.03,7.09,7.09,7.09,7.09
N_14_39,N_12_39,1.6206921037305317,2.66,2.66,2.66,2.66,2.66,2.66,4.41,4.41,5.19,5.19,3.24,3.24,3.24,3.24,3.24,3.24,4.8,5.58,5.58,4.8,2.85,2.85,2.85,2.85
N_14_4,N_16_4,4.536601679399567,4.63,4.63,4.63,4.63,4.63,4.63,7.08,7.08,8.17,8.17,5.44,5.44,5.44,5.44,5.44,5.44,7.62,8.71,8.71,7.62,4.9,4.9,4.9,4.9
N_14_4,N_13_2,4.085976755825418,4.17,4.17,4.17,4.17,4.17,4.17,6.37,6.37,7.35,7.35,4.9,4.9,4.9,4.9,4.9,4.9,6.86,7.85,7.85,6.86,4.41,4.41,4.41,4.41
N_14_4,N_12_2,9.524654054230371,5.29,5.29,5.29,5.29,5.29,5.29,6.57,6.57,7.14,7.14,5.71,5.71,5.71,5.71,5.71,5.71,6.86,7.43,7.43,6.86,5.43,5.43,5.43,5.43
N_14_5,N_14_2,10.432233292078823,5.79,5.79,5.79,5.79,5.79,5.79,7.2,7.2,7.82,7.82,6.26,6.26,6.26,6.26,6.26,6.26,7.51,8.14,8.14,7.51,5.95,5.95,5.95,5.95
N_14_5,N_15_3,3.332984624696607,3.4,3.4,3.4,3.4,3.4,3.4,5.2,5.2,6.0,6.0,4.0,4.0,4.0,4.0,4.0,4.0,5.6,6.4,6.4,5.6,3.6,3.6,3.6,3.6
N_14_5,N_13_3,5.888318363833773,6.01,6.01,6.01,6.01,6.01,6.01,9.19,9.19,10.6,10.6,7.07,7.07,7.07,7.07,7.07,7.07,9.89,11.31,11.31,9.89,6.36,6.36,6.36,6.36
N_14_5,N_14_8,4.2985405619520325,4.38,4.38,4.38,4.38,4.38,4.38,6.71,6.71,7.74,7.74,5.16,5.16,5.16,5.16,5.16,5.16,7.22,8.25,8.25,7.22,4.64,4.64,4.64,4.64
N_14_5,N_16_3,2.1478635721725694,3.52,3.52,3.52,3.52,3.52,3.52,5.84,5.84,6.87,6.87,4.3,4.3,4.3,4.3,4.3,4.3,6.36,7.39,7.39,6.36,3.78,3.78,3.78,3.78
N_14_5,N_11_5,0.8534704782960891,1.4,1.4,1.4,1.4,1.4,1.4,2.32,2.32,2.73,2.73,1.71,1.71,1.71,1.71,1.71,1.71,2.53,2.94,2.94,2.53,1.5,1.5,1.5,1.5
N_14_5,N_12_5,6.915049548983035,7.05,7.05,7.05,7.05,7.05,7.05,10.79,10.79,12.45,12.45,8.3,8.3,8.3,8.3,8.3,8.3,11.62,13.28,13.28,11.62,7.47,7.47,7.47,7.47
N_14_5,N_14_3,3.425770930129355,3.49,3.49,3.49,3.49,3.49,3.49,5.34,5.34,6.17,6.17,4.11,4.11,4.11,4.11,4.11,4.11,5.76,6.58,6.58,5.76,3.7,3.7,3.7,3.7
N_14_6,N_12_5,6.26239195055819,6.39,6.39,6.39,6.39,6.39,6.39,9.77,9.77,11.27,11.27,7.51,7.51,7.51,7.51,7.51,7.51,10.52,12.02,12.02,10.52,6.76,6.76,6.76,6.76
N_14_6,N_12_4,6.773420236393212,6.91,6.91,6.91,6.91,6.91,6.91,10.57,10.57,12.19,12.19,8.13,8.13,8.13,8.13,8.13,8.13,11.38,13.0,13.0,11.38,7.32,7.32,7.32,7.32
N_14_6,N_12_6,10.171121546182263,5.64,5.64,5.64,5.64,5.64,5.64,7.02,7.02,7.63,7.63,6.1,6.1,6.1,6.1,6.1,6.1,7.32,7.93,7.93,7.32,5.8,5.8,5.8,5.8
N_14_6,N_14_9,1.8747336508009147,3.07,3.07,3.07,3.07,3.07,3.07,5.1,5.1,6.0,6.0,3.75,3.75,3.75,3.75,3.75,3.75,5.55,6.45,6.45,5.55,3.3,3.3,3.3,3.3
N_14_7,N_13_6,3.03758469097667,3.1,3.1,3.1,3.1,3.1,3.1,4.74,4.74,5.47,5.47,3.65,3.65,3.65,3.65,3.65,3.65,5.1,5.83,5.83,5.1,3.28,3.28,3.28,3.28
N_14_7,N_14_8,6.27302143986195,6.4,6.4,6.4,6.4,6.4,6.4,9.79,9.79,11.29,11.29,7.53,7.53,7.53,7.53,7.53,7.53,10.54,12.04,12.04,10.54,6.77,6.77,6.77,6.77
N_14_7,N_12_8,8.974610689006582,4.98,4.98,4.98,4.98,4.98,4.98,6.19,6.19,6.73,6.73,5.38,5.38,5.38,5.38,5.38,5.38,6.46,7.0,7.0,6.46,5.12,5.12,5.12,5.12
N_14_7,N_15_8,2.1309298450223273,3.49,3.49,3.49,3.49,3.49,3.49,5.8,5.8,6.82,6.82,4.26,4.26,4.26,4.26,4.26,4.26,6.31,7.33,7.33,6.31,3.75,3.75,3.75,3.75
N_14_7,N_13_5,3.975235434051618,4.05,4.05,4.05,4.05,4.05,4.05,6.2,6.2,7.16,7.16,4.77,4.77,4.77,4.77,4.77,4.77,6.68,7.63,7.63,6.68,4.29,4.29,4.29,4.29
N_14_7,N_12_5,11.805290340345566,6.55,6.55,6.55,6.55,6.55,6.55,8.15,8.15,8.85,8.85,7.08,7.08,7.08,7.08,7.08,7.08,8.5,9.21,9.21,8.5,6.73,6.73,6.73,6.73
N_14_8,N_13_6,4.497064366894596,4.59,4.59,4.59,4.59,4.59,4.59,7.02,7.02,8.09,8.09,5.4,5.4,5.4,5.4,5.4,5.4,7.56,8.63,8.63,7.56,4.86,4.86,4.86,4.86
N_14_8,N_14_5,4.2985405619520325,4.38,4.38,4.38,4.38,4.38,4.38,6.71,6.71,7.74,7.74,5.16,5.16,5.16,5.16,5.16,5.16,7.22,8.25,8.25,7.22,4.64,4.64,4.64,4.64
N_14_8,N_14_7,5.462787071875477,5.57,5.57,5.57,5.57,5.57,5.57,8.52,8.52,9.83,9.83,6.56,6.56,6.56,6.56,6.56,6.56,9.18,10.49,10.49,9.18,5.9,5.9,5.9,5.9
N_14_8,N_15_8,2.3397472066403076,3.84,3.84,3.84,3.84,3.84,3.84,6.36,6.36,7.49,7.49,4.68,4.68,4.68,4.68,4.68,4.68,6.93,8.05,8.05,6.93,4.12,4.12,4.12,4.12
N_14_8,N_15_6,3.7122711070963264,3.79,3.79,3.79,3.79,3.79,3.79,5.79,5.79,6.68,6.68,4.45,4.45,4.45,4.45,4.45,4.45,6.24,7.13,7.13,6.24,4.01,4.01,4.01,4.01
N_14_8,N_14_10,5.717733246840374,5.83,5.83,5.83,5.83,5.83,5.83,8.92,8.92,10.29,10.29,6.86,6.86,6.86,6.86,6.86,6.86,9.61,10.98,10.98,9.61,6.18,6.18,6.18,6.18
N_14_9,N_12_10,4.6032658991377335,4.7,4.7,4.7,4.7,4.7,4.7,7.18,7.18,8.29,8.29,5.52,5.52,5.52,5.52,5.52,5.52,7.73,8.84,8.84,7.73,4.97,4.97,4.97,4.97
N_14_9,N_12_11,3.78266648070996,3.86,3.86,3.86,3.86,3.86,3.86,5.9,5.9,6.81,6.81,4.54,4.54,4.54,4.54,4.54,4.54,6.35,7.26,7.26,6.35,4.09,4.09,4.09,4.09
N_14_9,N_12_8,1.428319401821231,2.34,2.34,2.34,2.34,2.34,2.34,3.89,3.89,4.57,4.57,2.86,2.86,2.86,2.86,2.86,2.86,4.23,4.91,4.91,4.23,2.51,2.51,2.51,2.51
N_14_9,N_14_6,1.8747336508009147,3.07,3.07,3.07,3.07,3.07,3.07,5.1,5.1,6.0,6.0,3.75,3.75,3.75,3.75,3.75,3.75,5.55,6.45,6.45,5.55,3.3,3.3,3.3,3.3
N_15_0,N_13_0,3.4518453871157746,3.52,3.52,3.52,3.52,3.52,3.52,5.38,5.38,6.21,6.21,4.14,4.14,4.14,4.14,4.14,4.14,5.8,6.63,6.63,5.8,3.73,3.73,3.73,3.73
N_15_0,N_13_1,1.8704966771908664,3.07,3.07,3.07,3.07,3.07,3.07,5.09,5.09,5.99,5.99,3.74,3.74,3.74,3.74,3.74,3.74,5.54,6.43,6.43,5.54,3.29,3.29,3.29,3.29
N_15_0,N_16_1,4.970405624284578,5.07,5.07,5.07,5.07,5.07,5.07,7.75,7.75,8.95,8.95,5.96,5.96,5.96,5.96,5.96,5.96,8.35,9.54,9.54,8.35,5.37,5.37,5.37,5.37
N_15_1,N_16_2,6.397316481672898,6.53,6.53,6.53,6.53,6.53,6.53,9.98,9.98,11.52,11.52,7.68,7.68,7.68,7.68,7.68,7.68,10.75,12.28,12.28,10.75,6.91,6.91,6.91,6.91
N_15_1,N_13_2,11.222718700833482,6.23,6.23,6.23,6.23,6.23,6.23,7.74,7.74,8.42,8.42,6.73,6.73,6.73,6.73,6.73,6.73,8.08,8.75,8.75,8.08,6.4,6.4,6.4,6.4
N_15_1,N_15_2,6.725367066650209,6.86,6.86,6.86,6.86,6.86,6.86,10.49,10.49,12.11,12.11,8.07,8.07,8.07,8.07,8.07,8.07,11.3,12.91,12.91,11.3,7.26,7.26,7.26,7.26
N_15_10,N_13_12,5.588942273204449,5.7,5.7,5.7,5.7,5.7,5.7,8.72,8.72,10.06,10.06,6.71,6.71,6.71,6.71,6.71,6.71,9.39,10.73,10.73,9.39,6.04,6.04,6.04,6.04
N_15_10,N_16_11,13.817475949942907,7.67,7.67,7.67,7.67,7.67,7.67,9.53,9.53,10.36,10.36,8.29,8.29,8.29,8.29,8.29,8.29,9.95,10.78,10.78,9.95,7.88,7.88,7.88,7.88
N_15_10,N_15_7,4.879058949457345,4.98,4.98,4.98,4.98,4.98,4.98,7.61,7.61,8.78,8.78,5.85,5.85,5.85,5.85,5.85,5.85,8.2,9.37,9.37,8.2,5.27,5.27,5.27,5.27
N_15_10,N_16_9,6.795063057527175,6.93,6.93,6.93,6.93,6.93,6.93,10.6,10.6,12.23,12.23,8.15,8.15,8.15,8.15,8.15,8.15,11.42,13.05,13.05,11.42,7.34,7.34,7.34,7.34
N_15_10,N_15_11,4.775894545954373,4.87,4.87,4.87,4.87,4.87,4.87,7.45,7.45,8.6,8.6,5.73,5.73,5.73,5.73,5.73,5.73,8.02,9.17,9.17,8.02,5.16,5.16,5.16,5.16
N_15_10,N_17_8,8.77886666425475,4.87,4.87,4.87,4.87,4.87,4.87,6.06,6.06,6.58,6.58,5.27,5.27,5.27,5.27,5.27,5.27,6.32,6.85,6.85,6.32,5.0,5.0,5.0,5.0
N_15_11,N_13_13,12.971789022631693,7.2,7.2,7.2,7.2,7.2,7.2,8.95,8.95,9.73,9.73,7.78,7.78,7.78,7.78,7.78,7.78,9.34,10.12,10.12,9.34,7.39,7.39,7.39,7.39
N_15_11,N_15_10,4.775894545954373,4.87,4.87,4.87,4.87,4.87,4.87,7.45,7.45,8.6,8.6,5.73,5.73,5.73,5.73,5.73,5.73,8.02,9.17,9.17,8.02,5.16,5.16,5.16,5.16
N_15_11,N_17_12,2.133117671198049,3.5,3.5,3.5,3.5,3.5,3.5,5.8,5.8,6.83,6.83,4.27,4.27,4.27,4.27,4.27,4.27,6.31,7.34,7.34,6.31,3.75,3.75,3.75,3.75
N_15_11,N_12_11,5.567563337239619,5.68,5.68,5.68,5.68,5.68,5.68,8.69,8.69,10.02,10.02,6.68,6.68,6.68,6.68,6.68,6.68,9.35,10.69,10.69,9.35,6.01,6.01,6.01,6.01
N_15_11,N_14_12,13.623374824228488,7.56,7.56,7.56,7.56,7.56,7.56,9.4,9.4,10.22,10.22,8.17,8.17,8.17,8.17,8.17,8.17,9.81,10.63,10.63,9.81,7.77,7.77,7.77,7.77
N_15_11,N_16_13,8.758806174477938,4.86,4.86,4.86,4.86,4.86,4.86,6.04,6.04,6.57,6.57,5.26,5.26,5.26,5.26,5.26,5.26,6.31,6.83,6.83,6.31,4.99,4.99,4.99,4.99
N_15_11,N_17_9,6.3864370982489485,6.51,6.51,6.51,6.51,6.51,6.51,9.96,9.96,11.5,11.5,7.66,7.66,7.66,7.66,7.66,7.66,10.73,12.26,12.26,10.73,6.9,6.9,6.9,6.9
N_15_11,N_14_11,11.790975404867915,6.54,6.54,6.54,6.54,6.54,6.54,8.14,8.14,8.84,8.84,7.07,7.07,7.07,7.07,7.07,7.07,8.49,9.2,9.2,8.49,6.72,6.72,6.72,6.72
N_15_12,N_13_11,12.90882807942343,7.16,7.16,7.16,7.16,7.16,7.16,8.91,8.91,9.68,9.68,7.75,7.75,7.75,7.75,7.75,7.75,9.29,10.07,10.07,9.29,7.36,7.36,7.36,7.36
N_15_12,N_14_14,6.262497345421954,6.39,6.39,6.39,6.39,6.39,6.39,9.77,9.77,11.27,11.27,7.51,7.51,7.51,7.51,7.51,7.51,10.52,12.02,12.02,10.52,6.76,6.76,6.76,6.76
N_15_12,N_17_13,4.562565229108575,4.65,4.65,4.65,4.65,4.65,4.65,7.12,7.12,8.21,8.21,5.48,5.48,5.48,5.48,5.48,5.48,7.67,8.76,8.76,7.67,4.93,4.93,4.93,4.93
N_15_12,N_14_12,12.722804923963984,7.06,7.06,7.06,7.06,7.06,7.06,8.78,8.78,9.54,9.54,7.63,7.63,7.63,7.63,7.63,7.63,9.16,9.92,9.92,9.16,7.25,7.25,7.25,7.25
N_15_12,N_12_12,1.5071568057090472,2.47,2.47,2.47,2.47,2.47,2.47,4.1,4.1,4.82,4.82,3.01,3.01,3.01,3.01,3.01,3.01,4.46,5.18,5.18,4.46,2.65,2.65,2.65,2.65
N_15_13,N_12_13,4.441265422805272,4.53,4.53,4.53,4.53,4.53,4.53,6.93,6.93,7.99,7.99,5.33,5.33,5.33,5.33,5.33,5.33,7.46,8.53,8.53,7.46,4.8,4.8,4.8,4.8
N_15_13,N_14_12,6.562719723962619,6.69,6.69,6.69,6.69,6.69,6.69,10.24,10.24,11.81,11.81,7.88,7.88,7.88,7.88,7.88,7.88,11.03,12.6,12.6,11.03,7.09,7.09,7.09,7.09
N_15_13,N_14_13,3.8352825640740837,3.91,3.91,3.91,3.91,3.91,3.91,5.98,5.98,6.9,6.9,4.6,4.6,4.6,4.6,4.6,4.6,6.44,7.36,7.36,6.44,4.14,4.14,4.14,4.14
N_15_13,N_17_12,9.066809847714797,5.03,5.03,5.03,5.03,5.03,5.03,6.26,6.26,6.8,6.8,5.44,5.44,5.44,5.44,5.44,5.44,6.53,7.07,7.07,6.53,5.17,5.17,5.17,5.17
N_15_14,N_13_14,0.74730846806771,1.23,1.23,1.23,1.23,1.23,1.23,2.03,2.03,2.39,2.39,1.49,1.49,1.49,1.49,1.49,1.49,2.21,2.57,2.57,2.21,1.32,1.32,1.32,1.32
N_15_14,N_14_15,4.328186189393135,4.41,4.41,4.41,4.41,4.41,4.41,6.75,6.75,7.79,7.79,5.19,5.19,5.19,5.19,5.19,5.19,7.27,8.31,8.31,7.27,4.67,4.67,4.67,4.67
N_15_14,N_14_16,2.026292739460734,3.32,3.32,3.32,3.32,3.32,3.32,5.51,5.51,6.48,6.48,4.05,4.05,4.05,4.05,4.05,4.05,6.0,6.97,6.97,6.0,3.57,3.57,3.57,3.57
N_15_14,N_16_14,2.379658939301464,3.9,3.9,3.9,3.9,3.9,3.9,6.47,6.47,7.61,7.61,4.76,4.76,4.76,4.76,4.76,4.76,7.04,8.19,8.19,7.04,4.19,4.19,4.19,4.19
N_15_14,N_15_11,4.453888441890575,4.54,4.54,4.54,4.54,4.54,4.54,6.95,6.95,8.02,8.02,5.34,5.34,5.34,5.34,5.34,5.34,7.48,8.55,8.55,7.48,4.81,4.81,4.81,4.81
N_15_15,N_12_15,3.6045424538599145,3.68,3.68,3.68,3.68,3.68,3.68,5.62,5.62,6.49,6.49,4.33,4.33,4.33,4.33,4.33,4.33,6.06,6.92,6.92,6.06,3.89,3.89,3.89,3.89
N_15_15,N_13_16,0.9461025802526324,1.55,1.55,1.55,1.55,1.55,1.55,2.57,2.57,3.03,3.03,1.89,1.89,1.89,1.89,1.89,1.89,2.8,3.25,3.25,2.8,1.67,1.67,1.67,1.67
N_15_15,N_17_16,4.395751847799945,4.48,4.48,4.48,4.48,4.48,4.48,6.86,6.86,7.91,7.91,5.27,5.27,5.27,5.27,5.27,5.27,7.38,8.44,8.44,7.38,4.75,4.75,4.75,4.75
N_15_15,N_13_17,6.273158981348663,6.4,6.4,6.4,6.4,6.4,6.4,9.79,9.79,11.29,11.29,7.53,7.53,7.53,7.53,7.53,7.53,10.54,12.04,12.04,10.54,6.78,6.78,6.78,6.78
N_15_16,N_14_17,2.0484110471648695,3.36,3.36,3.36,3.36,3.36,3.36,5.57,5.57,6.55,6.55,4.1,4.1,4.1,4.1,4.1,4.1,6.06,7.05,7.05,6.06,3.61,3.61,3.61,3.61
N_15_16,N_17_18,2.0791182582096717,3.41,3.41,3.41,3.41,3.41,3.41,5.66,5.66,6.65,6.65,4.16,4.16,4.16,4.16,4.16,4.16,6.15,7.15,7.15,6.15,3.66,3.66,3.66,3.66
N_15_16,N_16_16,9.480450213522793,5.26,5.26,5.26,5.26,5.26,5.26,6.54,6.54,7.11,7.11,5.69,5.69,5.69,5.69,5.69,5.69,6.83,7.39,7.39,6.83,5.4,5.4,5.4,5.4
N_15_16,N_13_15,4.6916813930823835,4.79,4.79,4.79,4.79,4.79,4.79,7.32,7.32,8.45,8.45,5.63,5.63,5.63,5.63,5.63,5.63,7.88,9.01,9.01,7.88,5.07,5.07,5.07,5.07
N_15_16,N_13_17,8.992165256178478,4.99,4.99,4.99,4.99,4.99,4.99,6.2,6.2,6.74,6.74,5.4,5.4,5.4,5.4,5.4,5.4,6.47,7.01,7.01,6.47,5.13,5.13,5.13,5.13
N_15_17,N_13_17,3.33588040741393,3.4,3.4,3.4,3.4,3.4,3.4,5.2,5.2,6.0,6.0,4.0,4.0,4.0,4.0,4.0,4.0,5.6,6.4,6.4,5.6,3.6,3.6,3.6,3.6
N_15_17,N_15_18,1.6218168852191026,2.66,2.66,2.66,2.66,2.66,2.66,4.41,4.41,5.19,5.19,3.24,3.24,3.24,3.24,3.24,3.24,4.8,5.58,5.58,4.8,2.85,2.85,2.85,2.85
N_15_17,N_15_15,13.059065779117773,7.25,7.25,7.25,7.25,7.25,7.25,9.01,9.01,9.79,9.79,7.84,7.84,7.84,7.84,7.84,7.84,9.4,10.19,10.19,9.4,7.44,7.44,7.44,7.44
N_15_17,N_17_15,12.64844057637882,7.02,7.02,7.02,7.02,7.02,7.02,8.73,8.73,9.49,9.49,7.59,7.59,7.59,7.59,7.59,7.59,9.11,9.87,9.87,9.11,7.21,7.21,7.21,7.21
N_15_17,N_14_15,6.300939730904081,6.43,6.43,6.43,6.43,6.43,6.43,9.83,9.83,11.34,11.34,7.56,7.56,7.56,7.56,7.56,7.56,10.59,12.1,12.1,10.59,6.81,6.81,6.81,6.81
N_15_17,N_13_18,14.275507786949078,7.92,7.92,7.92,7.92,7.92,7.92,9.85,9.85,10.71,10.71,8.57,8.57,8.57,8.57,8.57,8.57,10.28,11.13,11.13,10.28,8.14,8.14,8.14,8.14
N_15_17,N_16_15,4.265631351280417,4.35,4.35,4.35,4.35,4.35,4.35,6.65,6.65,7.68,7.68,5.12,5.12,5.12,5.12,5.12,5.12,7.17,8.19,8.19,7.17,4.61,4.61,4.61,4.61
N_15_18,N_12_18,10.74844111687761,5.97,5.97,5.97,5.97,5.97,5.97,7.42,7.42,8.06,8.06,6.45,6.45,6.45,6.45,6.45,6.45,7.74,8.38,8.38,7.74,6.13,6.13,6.13,6.13
N_15_18,N_13_17,1.8528800640140504,3.04,3.04,3.04,3.04,3.04,3.04,5.04,5.04,5.93,5.93,3.71,3.71,3.71,3.71,3.71,3.71,5.48,6.37,6.37,5.48,3.26,3.26,3.26,3.26
N_15_18,N_13_20,14.276584395384475,7.92,7.92,7.92,7.92,7.92,7.92,9.85,9.85,10.71,10.71,8.57,8.57,8.57,8.57,8.57,8.57,10.28,11.14,11.14,10.28,8.14,8.14,8.14,8.14
N_15_18,N_13_19,1.8986342921723522,3.11,3.11,3.11,3.11,3.11,3.11,5.16,5.16,6.08,6.08,3.8,3.8,3.8,3.8,3.8,3.8,5.62,6.53,6.53,5.62,3.34,3.34,3.34,3.34
N_15_19,N_14_18,11.245558642900965,6.24,6.24,6.24,6.24,6.24,6.24,7.76,7.76,8.43,8.43,6.75,6.75,6.75,6.75,6.75,6.75,8.1,8.77,8.77,8.1,6.41,6.41,6.41,6.41
N_15_19,N_14_17,2.111879525143422,3.46,3.46,3.46,3.46,3.46,3.46,5.74,5.74,6.76,6.76,4.22,4.22,4.22,4.22,4.22,4.22,6.25,7.26,7.26,6.25,3.72,3.72,3.72,3.72
N_15_19,N_13_20,5.465041486397288,5.57,5.57,5.57,5.57,5.57,5.57,8.53,8.53,9.84,9.84,6.56,6.56,6.56,6.56,6.56,6.56,9.18,10.49,10.49,9.18,5.9,5.9,5.9,5.9
N_15_19,N_15_22,6.006907034630348,6.13,6.13,6.13,6.13,6.13,6.13,9.37,9.37,10.81,10.81,7.21,7.21,7.21,7.21,7.21,7.21,10.09,11.53,11.53,10.09,6.49,6.49,6.49,6.49
N_15_19,N_17_19,11.108723495330889,6.17,6.17,6.17,6.17,6.17,6.17,7.67,7.67,8.33,8.33,6.67,6.67,6.67,6.67,6.67,6.67,8.0,8.66,8.66,8.0,6.33,6.33,6.33,6.33
N_15_2,N_15_1,6.725367066650209,6.86,6.86,6.86,6.86,6.86,6.86,10.49,10.49,12.11,12.11,8.07,8.07,8.07,8.07,8.07,8.07,11.3,12.91,12.91,11.3,7.26,7.26,7.26,7.26
N_15_2,N_13_4,1.846601623915947,3.03,3.03,3.03,3.03,3.03,3.03,5.02,5.02,5.91,5.91,3.69,3.69,3.69,3.69,3.69,3.69,5.47,6.35,6.35,5.47,3.25,3.25,3.25,3.25
N_15_2,N_15_0,0.5653492214609692,0.93,0.93,0.93,0.93,0.93,0.93,1.54,1.54,1.81,1.81,1.13,1.13,1.13,1.13,1.13,1.13,1.67,1.94,1.94,1.67,1.0,1.0,1.0,1.0
N_15_2,N_13_3,6.36307849933824,6.49,6.49,6.49,6.49,6.49,6.49,9.93,9.93,11.45,11.45,7.64,7.64,7.64,7.64,7.64,7.64,10.69,12.22,12.22,10.69,6.87,6.87,6.87,6.87
N_15_2,N_16_1,4.269883851262627,4.36,4.36,4.36,4.36,4.36,4.36,6.66,6.66,7.69,7.69,5.12,5.12,5.12,5.12,5.12,5.12,7.17,8.2,8.2,7.17,4.61,4.61,4.61,4.61
N_15_2,N_16_3,4.7200787437507845,4.81,4.81,4.81,4.81,4.81,4.81,7.36,7.36,8.5,8.5,5.66,5.66,5.66,5.66,5.66,5.66,7.93,9.06,9.06,7.93,5.1,5.1,5.1,5.1
N_15_20,N_13_19,0.9075251533576014,1.49,1.49,1.49,1.49,1.49,1.49,2.47,2.47,2.9,2.9,1.82,1.82,1.82,1.82,1.82,1.82,2.69,3.12,3.12,2.69,1.6,1.6,1.6,1.6
N_15_20,N_16_19,5.5155765047679015,5.63,5.63,5.63,5.63,5.63,5.63,8.6,8.6,9.93,9.93,6.62,6.62,6.62,6.62,6.62,6.62,9.27,10.59,10.59,9.27,5.96,5.96,5.96,5.96
N_15_20,N_17_21,12.953031396908369,7.19,7.19,7.19,7.19,7.19,7.19,8.94,8.94,9.71,9.71,7.77,7.77,7.77,7.77,7.77,7.77,9.33,10.1,10.1,9.33,7.38,7.38,7.38,7.38
N_15_20,N_13_18,10.67683394385151,5.93,5.93,5.93,5.93,5.93,5.93,7.37,7.37,8.01,8.01,6.41,6.41,6.41,6.41,6.41,6.41,7.69,8.33,8.33,7.69,6.09,6.09,6.09,6.09
N_15_20,N_18_20,11.175943832406714,6.2,6.2,6.2,6.2,6.2,6.2,7.71,7.71,8.38,8.38,6.71,6.71,6.71,6.71,6.71,6.71,8.05,8.72,8.72,8.05,6.37,6.37,6.37,6.37
N_15_21,N_13_20,4.752442754271719,4.85,4.85,4.85,4.85,4.85,4.85,7.41,7.41,8.55,8.55,5.7,5.7,5.7,5.7,5.7,5.7,7.98,9.12,9.12,7.98,5.13,5.13,5.13,5.13
N_15_21,N_17_21,9.264393878351449,5.14,5.14,5.14,5.14,5.14,5.14,6.39,6.39,6.95,6.95,5.56,5.56,5.56,5.56,5.56,5.56,6.67,7.23,7.23,6.67,5.28,5.28,5.28,5.28
N_15_21,N_14_22,2.3254382586228233,3.81,3.81,3.81,3.81,3.81,3.81,6.33,6.33,7.44,7.44,4.65,4.65,4.65,4.65,4.65,4.65,6.88,8.0,8.0,6.88,4.09,4.09,4.09,4.09
N_15_22,N_13_22,0.7218616899052226,1.18,1.18,1.18,1.18,1.18,1.18,1.96,1.96,2.31,2.31,1.44,1.44,1.44,1.44,1.44,1.44,2.14,2.48,2.48,2.14,1.27,1.27,1.27,1.27
N_15_22,N_16_22,1.4678219854074126,2.41,2.41,2.41,2.41,2.41,2.41,3.99,3.99,4.7,4.7,2.94,2.94,2.94,2.94,2.94,2.94,4.34,5.05,5.05,4.34,2.58,2.58,2.58,2.58
N_15_22,N_14_24,3.63355307345833,3.71,3.71,3.71,3.71,3.71,3.71,5.67,5.67,6.54,6.54,4.36,4.36,4.36,4.36,4.36,4.36,6.1,6.98,6.98,6.1,3.92,3.92,3.92,3.92
N_15_23,N_16_23,6.236046925061991,6.36,6.36,6.36,6.36,6.36,6.36,9.73,9.73,11.22,11.22,7.48,7.48,7.48,7.48,7.48,7.48,10.48,11.97,11.97,10.48,6.73,6.73,6.73,6.73
N_15_23,N_16_22,2.344696196810219,3.85,3.85,3.85,3.85,3.85,3.85,6.38,6.38,7.5,7.5,4.69,4.69,4.69,4.69,4.69,4.69,6.94,8.07,8.07,6.94,4.13,4.13,4.13,4.13
N_15_23,N_17_24,13.922250443780452,7.73,7.73,7.73,7.73,7.73,7.73,9.61,9.61,10.44,10.44,8.35,8.35,8.35,8.35,8.35,8.35,10.02,10.86,10.86,10.02,7.94,7.94,7.94,7.94
N_15_23,N_14_23,0.7057892022080459,1.16,1.16,1.16,1.16,1.16,1.16,1.92,1.92,2.26,2.26,1.41,1.41,1.41,1.41,1.41,1.41,2.09,2.43,2.43,2.09,1.24,1.24,1.24,1.24
N_15_23,N_16_25,3.6626124618679143,3.74,3.74,3.74,3.74,3.74,3.74,5.71,5.71,6.59,6.59,4.4,4.4,4.4,4.4,4.4,4.4,6.15,7.03,7.03,6.15,3.96,3.96,3.96,3.96
N_15_23,N_12_23,4.733886685456554,4.83,4.83,4.83,4.83,4.83,4.83,7.38,7.38,8.52,8.52,5.68,5.68,5.68,5.68,5.68,5.68,7.95,9.09,9.09,7.95,5.11,5.11,5.11,5.11
N_15_24,N_17_25,13.663283268055082,7.58,7.58,7.58,7.58,7.58,7.58,9.43,9.43,10.25,10.25,8.2,8.2,8.2,8.2,8.2,8.2,9.84,10.66,10.66,9.84,7.79,7.79,7.79,7.79
N_15_24,N_17_26,9.71722701570751,5.39,5.39,5.39,5.39,5.39,5.39,6.7,6.7,7.29,7.29,5.83,5.83,5.83,5.83,5.83,5.83,7.0,7.58,7.58,7.0,5.54,5.54,5.54,5.54
N_15_24,N_13_24,3.580158703908758,3.65,3.65,3.65,3.65,3.65,3.65,5.59,5.59,6.44,6.44,4.3,4.3,4.3,4.3,4.3,4.3,6.01,6.87,6.87,6.01,3.87,3.87,3.87,3.87
N_15_25,N_13_26,5.857403915454915,5.97,5.97,5.97,5.97,5.97,5.97,9.14,9.14,10.54,10.54,7.03,7.03,7.03,7.03,7.03,7.03,9.84,11.25,11.25,9.84,6.33,6.33,6.33,6.33
N_15_25,N_14_25,4.280485635940742,4.37,4.37,4.37,4.37,4.37,4.37,6.68,6.68,7.7,7.7,5.14,5.14,5.14,5.14,5.14,5.14,7.19,8.22,8.22,7.19,4.62,4.62,4.62,4.62
N_15_25,N_15_27,1.4973019368468499,2.46,2.46,2.46,2.46,2.46,2.46,4.07,4.07,4.79,4.79,2.99,2.99,2.99,2.99,2.99,2.99,4.43,5.15,5.15,4.43,2.64,2.64,2.64,2.64
N_15_26,N_13_27,8.665838724441464,4.81,4.81,4.81,4.81,4.81,4.81,5.98,5.98,6.5,6.5,5.2,5.2,5.2,5.2,5.2,5.2,6.24,6.76,6.76,6.24,4.94,4.94,4.94,4.94
N_15_26,N_16_26,4.098694184934784,4.18,4.18,4.18,4.18,4.18,4.18,6.39,6.39,7.38,7.38,4.92,4.92,4.92,4.92,4.92,4.92,6.89,7.87,7.87,6.89,4.43,4.43,4.43,4.43
N_15_26,N_15_29,5.225800805527372,5.33,5.33,5.33,5.33,5.33,5.33,8.15,8.15,9.41,9.41,6.27,6.27,6.27,6.27,6.27,6.27,8.78,10.03,10.03,8.78,5.64,5.64,5.64,5.64
N_15_26,N_14_24,4.573309966875428,4.66,4.66,4.66,4.66,4.66,4.66,7.13,7.13,8.23,8.23,5.49,5.49,5.49,5.49,5.49,5.49,7.68,8.78,8.78,7.68,4.94,4.94,4.94,4.94
N_15_27,N_13_25,4.249009654561753,4.33,4.33,4.33,4.33,4.33,4.33,6.63,6.63,7.65,7.65,5.1,5.1,5.1,5.1,5.1,5.1,7.14,8.16,8.16,7.14,4.59,4.59,4.59,4.59
N_15_27,N_13_27,13.966224587413214,7.75,7.75,7.75,7.75,7.75,7.75,9.64,9.64,10.47,10.47,8.38,8.38,8.38,8.38,8.38,8.38,10.06,10.89,10.89,10.06,7.96,7.96,7.96,7.96
N_15_27,N_14_29,3.9933483392179006,4.07,4.07,4.07,4.07,4.07,4.07,6.23,6.23,7.19,7.19,4.79,4.79,4.79,4.79,4.79,4.79,6.71,7.67,7.67,6.71,4.31,4.31,4.31,4.31
N_15_27,N_14_25,13.494608248036602,7.49,7.49,7.49,7.49,7.49,7.49,9.31,9.31,10.12,10.12,8.1,8.1,8.1,8.1,8.1,8.1,9.72,10.53,10.53,9.72,7.69,7.69,7.69,7.69
N_15_27,N_16_27,1.0398241087595348,1.71,1.71,1.71,1.71,1.71,1.71,2.83,2.83,3.33,3.33,2.08,2.08,2.08,2.08,2.08,2.08,3.08,3.58,3.58,3.08,1.83,1.83,1.83,1.83
N_15_28,N_14_28,13.690075560697863,7.6,7.6,7.6,7.6,7.6,7.6,9.45,9.45,10.27,10.27,8.21,8.21,8.21,8.21,8.21,8.21,9.86,10.68,10.68,9.86,7.8,7.8,7.8,7.8
N_15_28,N_14_27,5.9410731153447465,6.06,6.06,6.06,6.06,6.06,6.06,9.27,9.27,10.69,10.69,7.13,7.13,7.13,7.13,7.13,7.13,9.98,11.41,11.41,9.98,6.42,6.42,6.42,6.42
N_15_28,N_17_27,14.80235646264434,8.22,8.22,8.22,8.22,8.22,8.22,10.21,10.21,11.1,11.1,8.88,8.88,8.88,8.88,8.88,8.88,10.66,11.55,11.55,10.66,8.44,8.44,8.44,8.44
N_15_28,N_14_26,9.51294827667663,5.28,5.28,5.28,5.28,5.28,5.28,6.56,6.56,7.13,7.13,5.71,5.71,5.71,5.71,5.71,5.71,6.85,7.42,7.42,6.85,5.42,5.42,5.42,5.42
N_15_28,N_16_28,8.73174302565419,4.85,4.85,4.85,4.85,4.85,4.85,6.02,6.02,6.55,6.55,5.24,5.24,5.24,5.24,5.24,5.24,6.29,6.81,6.81,6.29,4.98,4.98,4.98,4.98
N_15_28,N_18_28,5.110578552303532,5.21,5.21,5.21,5.21,5.21,5.21,7.97,7.97,9.2,9.2,6.13,6.13,6.13,6.13,6.13,6.13,8.59,9.81,9.81,8.59,5.52,5.52,5.52,5.52
N_15_28,N_15_30,4.247301718846332,4.33,4.33,4.33,4.33,4.33,4.33,6.63,6.63,7.65,7.65,5.1,5.1,5.1,5.1,5.1,5.1,7.14,8.15,8.15,7.14,4.59,4.59,4.59,4.59
N_15_28,N_17_30,11.53157986506539,6.4,6.4,6.4,6.4,6.4,6.4,7.96,7.96,8.65,8.65,6.92,6.92,6.92,6.92,6.92,6.92,8.3,8.99,8.99,8.3,6.57,6.57,6.57,6.57
N_15_29,N_14_28,5.285692397512092,5.39,5.39,5.39,5.39,5.39,5.39,8.25,8.25,9.51,9.51,6.34,6.34,6.34,6.34,6.34,6.34,8.88,10.15,10.15,8.88,5.71,5.71,5.71,5.71
N_15_29,N_14_30,12.481242422929547,6.93,6.93,6.93,6.93,6.93,6.93,8.61,8.61,9.36,9.36,7.49,7.49,7.49,7.49,7.49,7.49,8.99,9.74,9.74,8.99,7.11,7.11,7.11,7.11
N_15_29,N_15_26,5.225800805527372,5.33,5.33,5.33,5.33,5.33,5.33,8.15,8.15,9.41,9.41,6.27,6.27,6.27,6.27,6.27,6.27,8.78,10.03,10.03,8.78,5.64,5.64,5.64,5.64
N_15_29,N_16_30,11.333682966479648,6.29,6.29,6.29,6.29,6.29,6.29,7.82,7.82,8.5,8.5,6.8,6.8,6.8,6.8,6.8,6.8,8.16,8.84,8.84,8.16,6.46,6.46,6.46,6.46
N_15_29,N_17_29,3.473304776159755,3.54,3.54,3.54,3.54,3.54,3.54,5.42,5.42,6.25,6.25,4.17,4.17,4.17,4.17,4.17,4.17,5.84,6.67,6.67,5.84,3.75,3.75,3.75,3.75
N_15_3,N_17_3,3.4367382431376137,3.51,3.51,3.51,3.51,3.51,3.51,5.36,5.36,6.19,6.19,4.12,4.12,4.12,4.12,4.12,4.12,5.77,6.6,6.6,5.77,3.71,3.71,3.71,3.71
N_15_3,N_13_4,8.777579557426709,4.87,4.87,4.87,4.87,4.87,4.87,6.06,6.06,6.58,6.58,5.27,5.27,5.27,5.27,5.27,5.27,6.32,6.85,6.85,6.32,5.0,5.0,5.0,5.0
N_15_3,N_16_2,1.6504610071506833,2.71,2.71,2.71,2.71,2.71,2.71,4.49,4.49,5.28,5.28,3.3,3.3,3.3,3.3,3.3,3.3,4.89,5.68,5.68,4.89,2.9,2.9,2.9,2.9
N_15_30,N_13_31,2.184877345445855,3.58,3.58,3.58,3.58,3.58,3.58,5.94,5.94,6.99,6.99,4.37,4.37,4.37,4.37,4.37,4.37,6.47,7.52,7.52,6.47,3.85,3.85,3.85,3.85
N_15_30,N_15_28,4.247301718846332,4.33,4.33,4.33,4.33,4.33,4.33,6.63,6.63,7.65,7.65,5.1,5.1,5.1,5.1,5.1,5.1,7.14,8.15,8.15,7.14,4.59,4.59,4.59,4.59
N_15_30,N_16_32,1.875871840694837,3.08,3.08,3.08,3.08,3.08,3.08,5.1,5.1,6.0,6.0,3.75,3.75,3.75,3.75,3.75,3.75,5.55,6.45,6.45,5.55,3.3,3.3,3.3,3.3
N_15_30,N_16_30,3.6665818151040197,3.74,3.74,3.74,3.74,3.74,3.74,5.72,5.72,6.6,6.6,4.4,4.4,4.4,4.4,4.4,4.4,6.16,7.04,7.04,6.16,3.96,3.96,3.96,3.96
N_15_31,N_14_31,5.852890645131209,5.97,5.97,5.97,5.97,5.97,5.97,9.13,9.13,10.54,10.54,7.02,7.02,7.02,7.02,7.02,7.02,9.83,11.24,11.24,9.83,6.32,6.32,6.32,6.32
N_15_31,N_14_29,6.101026210007372,6.22,6.22,6.22,6.22,6.22,6.22,9.52,9.52,10.98,10.98,7.32,7.32,7.32,7.32,7.32,7.32,10.25,11.71,11.71,10.25,6.59,6.59,6.59,6.59
N_15_31,N_14_30,1.1713547028991036,1.92,1.92,1.92,1.92,1.92,1.92,3.19,3.19,3.75,3.75,2.34,2.34,2.34,2.34,2.34,2.34,3.47,4.03,4.03,3.47,2.06,2.06,2.06,2.06
N_15_31,N_13_33,4.014147381910364,4.09,4.09,4.09,4.09,4.09,4.09,6.26,6.26,7.23,7.23,4.82,4.82,4.82,4.82,4.82,4.82,6.74,7.71,7.71,6.74,4.34,4.34,4.34,4.34
N_15_31,N_14_33,1.1022680656635335,1.81,1.81,1.81,1.81,1.81,1.81,3.0,3.0,3.53,3.53,2.2,2.2,2.2,2.2,2.2,2.2,3.26,3.79,3.79,3.26,1.94,1.94,1.94,1.94
N_15_32,N_13_30,4.936686039832426,5.04,5.04,5.04,5.04,5.04,5.04,7.7,7.7,8.89,8.89,5.92,5.92,5.92,5.92,5.92,5.92,8.29,9.48,9.48,8.29,5.33,5.33,5.33,5.33
N_15_32,N_14_31,13.642594972171484,7.57,7.57,7.57,7.57,7.57,7.57,9.41,9.41,10.23,10.23,8.19,8.19,8.19,8.19,8.19,8.19,9.82,10.64,10.64,9.82,7.78,7.78,7.78,7.78
N_15_32,N_16_30,2.2542880717946843,3.7,3.7,3.7,3.7,3.7,3.7,6.13,6.13,7.21,7.21,4.51,4.51,4.51,4.51,4.51,4.51,6.67,7.75,7.75,6.67,3.97,3.97,3.97,3.97
N_15_32,N_12_32,1.3985386935968944,2.29,2.29,2.29,2.29,2.29,2.29,3.8,3.8,4.48,4.48,2.8,2.8,2.8,2.8,2.8,2.8,4.14,4.81,4.81,4.14,2.46,2.46,2.46,2.46
N_15_32,N_13_34,4.061237332532624,4.14,4.14,4.14,4.14,4.14,4.14,6.34,6.34,7.31,7.31,4.87,4.87,4.87,4.87,4.87,4.87,6.82,7.8,7.8,6.82,4.39,4.39,4.39,4.39
N_15_33,N_14_32,5.216639099406868,5.32,5.32,5.32,5.32,5.32,5.32,8.14,8.14,9.39,9.39,6.26,6.26,6.26,6.26,6.26,6.26,8.76,10.02,10.02,8.76,5.63,5.63,5.63,5.63
N_15_33,N_14_35,10.947390386517851,6.08,6.08,6.08,6.08,6.08,6.08,7.55,7.55,8.21,8.21,6.57,6.57,6.57,6.57,6.57,6.57,7.88,8.54,8.54,7.88,6.24,6.24,6.24,6.24
N_15_33,N_15_35,5.657281284409965,5.77,5.77,5.77,5.77,5.77,5.77,8.83,8.83,10.18,10.18,6.79,6.79,6.79,6.79,6.79,6.79,9.5,10.86,10.86,9.5,6.11,6.11,6.11,6.11
N_15_33,N_13_32,13.59849545406615,7.55,7.55,7.55,7.55,7.55,7.55,9.38,9.38,10.2,10.2,8.16,8.16,8.16,8.16,8.16,8.16,9.79,10.61,10.61,9.79,7.75,7.75,7.75,7.75
N_15_34,N_15_33,8.22495682770196,4.56,4.56,4.56,4.56,4.56,4.56,5.68,5.68,6.17,6.17,4.93,4.93,4.93,4.93,4.93,4.93,5.92,6.42,6.42,5.92,4.69,4.69,4.69,4.69
N_15_34,N_16_33,12.74950193955982,7.08,7.08,7.08,7.08,7.08,7.08,8.8,8.8,9.56,9.56,7.65,7.65,7.65,7.65,7.65,7.65,9.18,9.94,9.94,9.18,7.27,7.27,7.27,7.27
N_15_34,N_15_32,6.6166512995403615,6.75,6.75,6.75,6.75,6.75,6.75,10.32,10.32,11.91,11.91,7.94,7.94,7.94,7.94,7.94,7.94,11.12,12.7,12.7,11.12,7.15,7.15,7.15,7.15
N_15_34,N_17_33,1.6940775857975452,2.78,2.78,2.78,2.78,2.78,2.78,4.61,4.61,5.42,5.42,3.39,3.39,3.39,3.39,3.39,3.39,5.01,5.83,5.83,5.01,2.98,2.98,2.98,2.98
N_15_34,N_16_34,6.503729621245858,6.63,6.63,6.63,6.63,6.63,6.63,10.15,10.15,11.71,11.71,7.8,7.8,7.8,7.8,7.8,7.8,10.93,12.49,12.49,10.93,7.02,7.02,7.02,7.02
N_15_34,N_18_34,13.37362250981142,7.42,7.42,7.42,7.42,7.42,7.42,9.23,9.23,10.03,10.03,8.02,8.02,8.02,8.02,8.02,8.02,9.63,10.43,10.43,9.63,7.62,7.62,7.62,7.62
N_15_35,N_12_35,3.237060948284934,3.3,3.3,3.3,3.3,3.3,3.3,5.05,5.05,5.83,5.83,3.88,3.88,3.88,3.88,3.88,3.88,5.44,6.22,6.22,5.44,3.5,3.5,3.5,3.5
N_15_35,N_14_33,3.4714616027493697,3.54,3.54,3.54,3.54,3.54,3.54,5.42,5.42,6.25,6.25,4.17,4.17,4.17,4.17,4.17,4.17,5.83,6.67,6.67,5.83,3.75,3.75,3.75,3.75
N_15_35,N_15_33,5.657281284409965,5.77,5.77,5.77,5.77,5.77,5.77,8.83,8.83,10.18,10.18,6.79,6.79,6.79,6.79,6.79,6.79,9.5,10.86,10.86,9.5,6.11,6.11,6.11,6.11
N_15_35,N_13_36,11.912363724298437,6.61,6.61,6.61,6.61,6.61,6.61,8.22,8.22,8.93,8.93,7.15,7.15,7.15,7.15,7.15,7.15,8.58,9.29,9.29,8.58,6.79,6.79,6.79,6.79
N_15_35,N_16_37,6.023425821679401,6.14,6.14,6.14,6.14,6.14,6.14,9.4,9.4,10.84,10.84,7.23,7.23,7.23,7.23,7.23,7.23,10.12,11.56,11.56,10.12,6.51,6.51,6.51,6.51
N_15_36,N_12_36,1.4494310076007697,2.38,2.38,2.38,2.38,2.38,2.38,3.94,3.94,4.64,4.64,2.9,2.9,2.9,2.9,2.9,2.9,4.29,4.99,4.99,4.29,2.55,2.55,2.55,2.55
N_15_36,N_14_37,4.279363539669103,4.36,4.36,4.36,4.36,4.36,4.36,6.68,6.68,7.7,7.7,5.14,5.14,5.14,5.14,5.14,5.14,7.19,8.22,8.22,7.19,4.62,4.62,4.62,4.62
N_15_36,N_15_34,1.6308868003110273,2.67,2.67,2.67,2.67,2.67,2.67,4.44,4.44,5.22,5.22,3.26,3.26,3.26,3.26,3.26,3.26,4.83,5.61,5.61,4.83,2.87,2.87,2.87,2.87
N_15_37,N_15_36,14.15929344182641,7.86,7.86,7.86,7.86,7.86,7.86,9.77,9.77,10.62,10.62,8.5,8.5,8.5,8.5,8.5,8.5,10.19,11.04,11.04,10.19,8.07,8.07,8.07,8.07
N_15_37,N_16_37,8.725249173612868,4.84,4.84,4.84,4.84,4.84,4.84,6.02,6.02,6.54,6.54,5.24,5.24,5.24,5.24,5.24,5.24,6.28,6.81,6.81,6.28,4.97,4.97,4.97,4.97
N_15_37,N_17_39,4.562855573167001,4.65,4.65,4.65,4.65,4.65,4.65,7.12,7.12,8.21,8.21,5.48,5.48,5.48,5.48,5.48,5.48,7.67,8.76,8.76,7.67,4.93,4.93,4.93,4.93
N_15_37,N_17_36,11.386036693147375,6.32,6.32,6.32,6.32,6.32,6.32,7.86,7.86,8.54,8.54,6.83,6.83,6.83,6.83,6.83,6.83,8.2,8.88,8.88,8.2,6.49,6.49,6.49,6.49
N_15_37,N_13_39,13.934098004006108,7.73,7.73,7.73,7.73,7.73,7.73,9.61,9.61,10.45,10.45,8.36,8.36,8.36,8.36,8.36,8.36,10.03,10.87,10.87,10.03,7.94,7.94,7.94,7.94
N_15_37,N_16_35,4.756519402841147,4.85,4.85,4.85,4.85,4.85,4.85,7.42,7.42,8.56,8.56,5.71,5.71,5.71,5.71,5.71,5.71,7.99,9.13,9.13,7.99,5.14,5.14,5.14,5.14
N_15_38,N_14_37,10.353244960177921,5.75,5.75,5.75,5.75,5.75,5.75,7.14,7.14,7.76,7.76,6.21,6.21,6.21,6.21,6.21,6.21,7.45,8.08,8.08,7.45,5.9,5.9,5.9,5.9
N_15_38,N_16_38,5.790610814090227,5.91,5.91,5.91,5.91,5.91,5.91,9.03,9.03,10.42,10.42,6.95,6.95,6.95,6.95,6.95,6.95,9.73,11.12,11.12,9.73,6.25,6.25,6.25,6.25
N_15_38,N_14_36,4.699331824426846,4.79,4.79,4.79,4.79,4.79,4.79,7.33,7.33,8.46,8.46,5.64,5.64,5.64,5.64,5.64,5.64,7.89,9.02,9.02,7.89,5.08,5.08,5.08,5.08
N_15_39,N_12_39,1.2154953256344552,1.99,1.99,1.99,1.99,1.99,1.99,3.31,3.31,3.89,3.89,2.43,2.43,2.43,2.43,2.43,2.43,3.6,4.18,4.18,3.6,2.14,2.14,2.14,2.14
N_15_39,N_14_38,4.39533632703276,4.48,4.48,4.48,4.48,4.48,4.48,6.86,6.86,7.91,7.91,5.27,5.27,5.27,5.27,5.27,5.27,7.38,8.44,8.44,7.38,4.75,4.75,4.75,4.75
N_15_39,N_14_37,3.2510630838423036,3.32,3.32,3.32,3.32,3.32,3.32,5.07,5.07,5.85,5.85,3.9,3.9,3.9,3.9,3.9,3.9,5.46,6.24,6.24,5.46,3.51,3.51,3.51,3.51
N_15_39,N_15_37,5.876836435888641,5.99,5.99,5.99,5.99,5.99,5.99,9.17,9.17,10.58,10.58,7.05,7.05,7.05,7.05,7.05,7.05,9.87,11.28,11.28,9.87,6.35,6.35,6.35,6.35
N_15_39,N_14_39,6.146787468792179,6.27,6.27,6.27,6.27,6.27,6.27,9.59,9.59,11.06,11.06,7.38,7.38,7.38,7.38,7.38,7.38,10.33,11.8,11.8,10.33,6.64,6.64,6.64,6.64
N_15_39,N_18_39,4.21171954046121,4.3,4.3,4.3,4.3,4.3,4.3,6.57,6.57,7.58,7.58,5.05,5.05,5.05,5.05,5.05,5.05,7.08,8.09,8.09,7.08,4.55,4.55,4.55,4.55
N_15_39,N_16_38,1.7902680111489393,2.94,2.94,2.94,2.94,2.94,2.94,4.87,4.87,5.73,5.73,3.58,3.58,3.58,3.58,3.58,3.58,5.3,6.16,6.16,5.3,3.15,3.15,3.15,3.15
N_15_39,N_13_37,5.635887240778641,5.75,5.75,5.75,5.75,5.75,5.75,8.79,8.79,10.14,10.14,6.76,6.76,6.76,6.76,6.76,6.76,9.47,10.82,10.82,9.47,6.09,6.09,6.09,6.09
N_15_4,N_16_2,14.165287876263154,7.86,7.86,7.86,7.86,7.86,7.86,9.77,9.77,10.62,10.62,8.5,8.5,8.5,8.5,8.5,8.5,10.2,11.05,11.05,10.2,8.07,8.07,8.07,8.07
N_15_4,N_12_4,6.8932789093272735,7.03,7.03,7.03,7.03,7.03,7.03,10.75,10.75,12.41,12.41,8.27,8.27,8.27,8.27,8.27,8.27,11.58,13.24,13.24,11.58,7.44,7.44,7.44,7.44
N_15_4,N_13_6,9.753386943052087,5.41,5.41,5.41,5.41,5.41,5.41,6.73,6.73,7.32,7.32,5.85,5.85,5.85,5.85,5.85,5.85,7.02,7.61,7.61,7.02,5.56,5.56,5.56,5.56
N_15_4,N_18_4,4.766113810639141,4.86,4.86,4.86,4.86,4.86,4.86,7.44,7.44,8.58,8.58,5.72,5.72,5.72,5.72,5.72,5.72,8.01,9.15,9.15,8.01,5.15,5.15,5.15,5.15
N_15_4,N_13_4,3.1178378141984595,3.18,3.18,3.18,3.18,3.18,3.18,4.86,4.86,5.61,5.61,3.74,3.74,3.74,3.74,3.74,3.74,5.24,5.99,5.99,5.24,3.37,3.37,3.37,3.37
N_15_5,N_13_4,5.218766424512544,5.32,5.32,5.32,5.32,5.32,5.32,8.14,8.14,9.39,9.39,6.26,6.26,6.26,6.26,6.26,6.26,8.77,10.02,10.02,8.77,5.64,5.64,5.64,5.64
N_15_5,N_13_5,13.666414392042546,7.58,7.58,7.58,7.58,7.58,7.58,9.43,9.43,10.25,10.25,8.2,8.2,8.2,8.2,8.2,8.2,9.84,10.66,10.66,9.84,7.79,7.79,7.79,7.79
N_15_5,N_13_7,5.484503279220283,5.59,5.59,5.59,5.59,5.59,5.59,8.56,8.56,9.87,9.87,6.58,6.58,6.58,6.58,6.58,6.58,9.21,10.53,10.53,9.21,5.92,5.92,5.92,5.92
N_15_6,N_14_8,3.7122711070963264,3.79,3.79,3.79,3.79,3.79,3.79,5.79,5.79,6.68,6.68,4.45,4.45,4.45,4.45,4.45,4.45,6.24,7.13,7.13,6.24,4.01,4.01,4.01,4.01
N_15_6,N_15_3,1.6383048456630678,2.69,2.69,2.69,2.69,2.69,2.69,4.46,4.46,5.24,5.24,3.28,3.28,3.28,3.28,3.28,3.28,4.85,5.64,5.64,4.85,2.88,2.88,2.88,2.88
N_15_6,N_14_5,3.403652015862688,3.47,3.47,3.47,3.47,3.47,3.47,5.31,5.31,6.13,6.13,4.08,4.08,4.08,4.08,4.08,4.08,5.72,6.54,6.54,5.72,3.68,3.68,3.68,3.68
N_15_7,N_15_10,4.879058949457345,4.98,4.98,4.98,4.98,4.98,4.98,7.61,7.61,8.78,8.78,5.85,5.85,5.85,5.85,5.85,5.85,8.2,9.37,9.37,8.2,5.27,5.27,5.27,5.27
N_15_7,N_15_6,2.469867859230236,4.05,4.05,4.05,4.05,4.05,4.05,6.72,6.72,7.9,7.9,4.94,4.94,4.94,4.94,4.94,4.94,7.31,8.5,8.5,7.31,4.35,4.35,4.35,4.35
N_15_7,N_17_8,10.949839881257471,6.08,6.08,6.08,6.08,6.08,6.08,7.56,7.56,8.21,8.21,6.57,6.57,6.57,6.57,6.57,6.57,7.88,8.54,8.54,7.88,6.24,6.24,6.24,6.24
N_15_7,N_16_9,0.618783937980065,1.01,1.01,1.01,1.01,1.01,1.01,1.68,1.68,1.98,1.98,1.24,1.24,1.24,1.24,1.24,1.24,1.83,2.13,2.13,1.83,1.09,1.09,1.09,1.09
N_15_8,N_14_10,8.775207638025012,4.87,4.87,4.87,4.87,4.87,4.87,6.05,6.05,6.58,6.58,5.27,5.27,5.27,5.27,5.27,5.27,6.32,6.84,6.84,6.32,5.0,5.0,5.0,5.0
N_15_8,N_14_7,2.1309298450223273,3.49,3.49,3.49,3.49,3.49,3.49,5.8,5.8,6.82,6.82,4.26,4.26,4.26,4.26,4.26,4.26,6.31,7.33,7.33,6.31,3.75,3.75,3.75,3.75
N_15_8,N_15_5,5.6013478741126566,5.71,5.71,5.71,5.71,5.71,5.71,8.74,8.74,10.08,10.08,6.72,6.72,6.72,6.72,6.72,6.72,9.41,10.75,10.75,9.41,6.05,6.05,6.05,6.05
N_15_8,N_17_6,6.399334009779984,6.53,6.53,6.53,6.53,6.53,6.53,9.98,9.98,11.52,11.52,7.68,7.68,7.68,7.68,7.68,7.68,10.75,12.29,12.29,10.75,6.91,6.91,6.91,6.91
N_15_8,N_15_6,8.387495832029556,4.66,4.66,4.66,4.66,4.66,4.66,5.79,5.79,6.29,6.29,5.03,5.03,5.03,5.03,5.03,5.03,6.04,6.54,6.54,6.04,4.78,4.78,4.78,4.78
N_15_8,N_12_8,1.5683717222234441,2.57,2.57,2.57,2.57,2.57,2.57,4.27,4.27,5.02,5.02,3.14,3.14,3.14,3.14,3.14,3.14,4.64,5.4,5.4,4.64,2.76,2.76,2.76,2.76
N_15_8,N_13_6,5.951694280448402,6.07,6.07,6.07,6.07,6.07,6.07,9.28,9.28,10.71,10.71,7.14,7.14,7.14,7.14,7.14,7.14,10.0,11.43,11.43,10.0,6.43,6.43,6.43,6.43
N_15_8,N_15_7,13.359770608250756,7.41,7.41,7.41,7.41,7.41,7.41,9.22,9.22,10.02,10.02,8.02,8.02,8.02,8.02,8.02,8.02,9.62,10.42,10.42,9.62,7.62,7.62,7.62,7.62
N_15_9,N_13_8,0.6532233514883308,1.07,1.07,1.07,1.07,1.07,1.07,1.78,1.78,2.09,2.09,1.31,1.31,1.31,1.31,1.31,1.31,1.93,2.25,2.25,1.93,1.15,1.15,1.15,1.15
N_15_9,N_17_11,8.306035996965178,4.61,4.61,4.61,4.61,4.61,4.61,5.73,5.73,6.23,6.23,4.98,4.98,4.98,4.98,4.98,4.98,5.98,6.48,6.48,5.98,4.73,4.73,4.73,4.73
N_15_9,N_18_9,3.976977378073001,4.06,4.06,4.06,4.06,4.06,4.06,6.2,6.2,7.16,7.16,4.77,4.77,4.77,4.77,4.77,4.77,6.68,7.64,7.64,6.68,4.3,4.3,4.3,4.3
N_15_9,N_16_7,4.914805461692298,5.01,5.01,5.01,5.01,5.01,5.01,7.67,7.67,8.85,8.85,5.9,5.9,5.9,5.9,5.9,5.9,8.26,9.44,9.44,8.26,5.31,5.31,5.31,5.31
N_15_9,N_14_10,9.751391988758675,5.41,5.41,5.41,5.41,5.41,5.41,6.73,6.73,7.31,7.31,5.85,5.85,5.85,5.85,5.85,5.85,7.02,7.61,7.61,7.02,5.56,5.56,5.56,5.56
N_15_9,N_16_9,5.940874511403585,6.06,6.06,6.06,6.06,6.06,6.06,9.27,9.27,10.69,10.69,7.13,7.13,7.13,7.13,7.13,7.13,9.98,11.41,11.41,9.98,6.42,6.42,6.42,6.42
N_15_9,N_14_11,0.940574578099576,1.54,1.54,1.54,1.54,1.54,1.54,2.56,2.56,3.01,3.01,1.88,1.88,1.88,1.88,1.88,1.88,2.78,3.24,3.24,2.78,1.66,1.66,1.66,1.66
N_15_9,N_15_6,2.0604168109805263,3.38,3.38,3.38,3.38,3.38,3.38,5.6,5.6,6.59,6.59,4.12,4.12,4.12,4.12,4.12,4.12,6.1,7.09,7.09,6.1,3.63,3.63,3.63,3.63
N_16_0,N_18_0,2.1828507032385227,3.58,3.58,3.58,3.58,3.58,3.58,5.94,5.94,6.99,6.99,4.37,4.37,4.37,4.37,4.37,4.37,6.46,7.51,7.51,6.46,3.84,3.84,3.84,3.84
N_16_0,N_14_1,5.2118626597753055,5.32,5.32,5.32,5.32,5.32,5.32,8.13,8.13,9.38,9.38,6.25,6.25,6.25,6.25,6.25,6.25,8.76,10.01,10.01,8.76,5.63,5.63,5.63,5.63
N_16_0,N_14_0,6.151760224758423,6.27,6.27,6.27,6.27,6.27,6.27,9.6,9.6,11.07,11.07,7.38,7.38,7.38,7.38,7.38,7.38,10.33,11.81,11.81,10.33,6.64,6.64,6.64,6.64
N_16_0,N_18_1,11.081941869477603,6.15,6.15,6.15,6.15,6.15,6.15,7.65,7.65,8.31,8.31,6.65,6.65,6.65,6.65,6.65,6.65,7.98,8.64,8.64,7.98,6.32,6.32,6.32,6.32
N_16_1,N_15_0,4.970405624284578,5.07,5.07,5.07,5.07,5.07,5.07,7.75,7.75,8.95,8.95,5.96,5.96,5.96,5.96,5.96,5.96,8.35,9.54,9.54,8.35,5.37,5.37,5.37,5.37
N_16_1,N_15_2,4.269883851262627,4.36,4.36,4.36,4.36,4.36,4.36,6.66,6.66,7.69,7.69,5.12,5.12,5.12,5.12,5.12,5.12,7.17,8.2,8.2,7.17,4.61,4.61,4.61,4.61
N_16_1,N_17_1,9.290987578179536,5.16,5.16,5.16,5.16,5.16,5.16,6.41,6.41,6.97,6.97,5.57,5.57,5.57,5.57,5.57,5.57,6.69,7.25,7.25,6.69,5.3,5.3,5.3,5.3
N_16_1,N_15_1,10.13603650941806,5.63,5.63,5.63,5.63,5.63,5.63,6.99,6.99,7.6,7.6,6.08,6.08,6.08,6.08,6.08,6.08,7.3,7.91,7.91,7.3,5.78,5.78,5.78,5.78
N_16_1,N_18_0,3.1039684090034365,3.17,3.17,3.17,3.17,3.17,3.17,4.84,4.84,5.59,5.59,3.72,3.72,3.72,3.72,3.72,3.72,5.21,5.96,5.96,5.21,3.35,3.35,3.35,3.35
N_16_1,N_16_0,2.3453973655128113,3.85,3.85,3.85,3.85,3.85,3.85,6.38,6.38,7.51,7.51,4.69,4.69,4.69,4.69,4.69,4.69,6.94,8.07,8.07,6.94,4.13,4.13,4.13,4.13
N_16_1,N_14_1,1.6819172533831617,2.76,2.76,2.76,2.76,2.76,2.76,4.57,4.57,5.38,5.38,3.36,3.36,3.36,3.36,3.36,3.36,4.98,5.79,5.79,4.98,2.96,2.96,2.96,2.96
N_16_1,N_14_3,6.316957820103482,6.44,6.44,6.44,6.44,6.44,6.44,9.85,9.85,11.37,11.37,7.58,7.58,7.58,7.58,7.58,7.58,10.61,12.13,12.13,10.61,6.82,6.82,6.82,6.82
N_16_10,N_14_9,4.578404815155452,4.67,4.67,4.67,4.67,4.67,4.67,7.14,7.14,8.24,8.24,5.49,5.49,5.49,5.49,5.49,5.49,7.69,8.79,8.79,7.69,4.94,4.94,4.94,4.94
N_16_10,N_16_13,5.636919774130382,5.75,5.75,5.75,5.75,5.75,5.75,8.79,8.79,10.15,10.15,6.76,6.76,6.76,6.76,6.76,6.76,9.47,10.82,10.82,9.47,6.09,6.09,6.09,6.09
N_16_10,N_18_8,1.7159983517578112,2.81,2.81,2.81,2.81,2.81,2.81,4.67,4.67,5.49,5.49,3.43,3.43,3.43,3.43,3.43,3.43,5.08,5.9,5.9,5.08,3.02,3.02,3.02,3.02
N_16_10,N_16_7,4.283957565903657,4.37,4.37,4.37,4.37,4.37,4.37,6.68,6.68,7.71,7.71,5.14,5.14,5.14,5.14,5.14,5.14,7.2,8.23,8.23,7.2,4.63,4.63,4.63,4.63
N_16_11,N_14_13,11.742576831505637,6.52,6.52,6.52,6.52,6.52,6.52,8.1,8.1,8.81,8.81,7.05,7.05,7.05,7.05,7.05,7.05,8.45,9.16,9.16,8.45,6.69,6.69,6.69,6.69
N_16_11,N_15_10,13.817475949942907,7.67,7.67,7.67,7.67,7.67,7.67,9.53,9.53,10.36,10.36,8.29,8.29,8.29,8.29,8.29,8.29,9.95,10.78,10.78,9.95,7.88,7.88,7.88,7.88
N_16_11,N_15_12,12.412367248695098,6.89,6.89,6.89,6.89,6.89,6.89,8.56,8.56,9.31,9.31,7.45,7.45,7.45,7.45,7.45,7.45,8.94,9.68,9.68,8.94,7.08,7.08,7.08,7.08
N_16_11,N_15_13,3.1983186969957487,3.26,3.26,3.26,3.26,3.26,3.26,4.99,4.99,5.76,5.76,3.84,3.84,3.84,3.84,3.84,3.84,5.37,6.14,6.14,5.37,3.45,3.45,3.45,3.45
N_16_11,N_16_8,12.791089687846856,7.1,7.1,7.1,7.1,7.1,7.1,8.83,8.83,9.59,9.59,7.67,7.67,7.67,7.67,7.67,7.67,9.21,9.98,9.98,9.21,7.29,7.29,7.29,7.29
N_16_11,N_15_11,3.1678223476829444,3.23,3.23,3.23,3.23,3.23,3.23,4.94,4.94,5.7,5.7,3.8,3.8,3.8,3.8,3.8,3.8,5.32,6.08,6.08,5.32,3.42,3.42,3.42,3.42
N_16_12,N_14_14,1.859919051363311,3.05,3.05,3.05,3.05,3.05,3.05,5.06,5.06,5.95,5.95,3.72,3.72,3.72,3.72,3.72,3.72,5.51,6.4,6.4,5.51,3.27,3.27,3.27,3.27
N_16_12,N_16_11,0.7861589644058733,1.29,1.29,1.29,1.29,1.29,1.29,2.14,2.14,2.52,2.52,1.57,1.57,1.57,1.57,1.57,1.57,2.33,2.7,2.7,2.33,1.38,1.38,1.38,1.38
N_16_12,N_18_10,4.33994314000305,4.43,4.43,4.43,4.43,4.43,4.43,6.77,6.77,7.81,7.81,5.21,5.21,5.21,5.21,5.21,5.21,7.29,8.33,8.33,7.29,4.69,4.69,4.69,4.69
N_16_12,N_14_12,4.882740138247,4.98,4.98,4.98,4.98,4.98,4.98,7.62,7.62,8.79,8.79,5.86,5.86,5.86,5.86,5.86,5.86,8.2,9.37,9.37,8.2,5.27,5.27,5.27,5.27
N_16_12,N_16_15,3.6412512769789074,3.71,3.71,3.71,3.71,3.71,3.71,5.68,5.68,6.55,6.55,4.37,4.37,4.37,4.37,4.37,4.37,6.12,6.99,6.99,6.12,3.93,3.93,3.93,3.93
N_16_12,N_15_12,2.323745319116524,3.81,3.81,3.81,3.81,3.81,3.81,6.32,6.32,7.44,7.44,4.65,4.65,4.65,4.65,4.65,4.65,6.88,7.99,7.99,6.88,4.09,4.09,4.09,4.09
N_16_13,N_14_11,4.189794909688543,4.27,4.27,4.27,4.27,4.27,4.27,6.54,6.54,7.54,7.54,5.03,5.03,5.03,5.03,5.03,5.03,7.04,8.04,8.04,7.04,4.52,4.52,4.52,4.52
N_16_13,N_15_11,8.758806174477938,4.86,4.86,4.86,4.86,4.86,4.86,6.04,6.04,6.57,6.57,5.26,5.26,5.26,5.26,5.26,5.26,6.31,6.83,6.83,6.31,4.99,4.99,4.99,4.99
N_16_13,N_18_14,5.08134399178676,5.18,5.18,5.18,5.18,5.18,5.18,7.93,7.93,9.15,9.15,6.1,6.1,6.1,6.1,6.1,6.1,8.54,9.76,9.76,8.54,5.49,5.49,5.49,5.49
N_16_13,N_17_12,12.026706152047641,6.67,6.67,6.67,6.67,6.67,6.67,8.3,8.3,9.02,9.02,7.22,7.22,7.22,7.22,7.22,7.22,8.66,9.38,9.38,8.66,6.86,6.86,6.86,6.86
N_16_13,N_16_10,6.196023814905983,6.32,6.32,6.32,6.32,6.32,6.32,9.67,9.67,11.15,11.15,7.44,7.44,7.44,7.44,7.44,7.44,10.41,11.9,11.9,10.41,6.69,6.69,6.69,6.69
N_16_13,N_16_15,10.203714633266017,5.66,5.66,5.66,5.66,5.66,5.66,7.04,7.04,7.65,7.65,6.12,6.12,6.12,6.12,6.12,6.12,7.35,7.96,7.96,7.35,5.82,5.82,5.82,5.82
N_16_13,N_17_11,4.7800299445628625,4.88,4.88,4.88,4.88,4.88,4.88,7.46,7.46,8.6,8.6,5.74,5.74,5.74,5.74,5.74,5.74,8.03,9.18,9.18,8.03,5.16,5.16,5.16,5.16
N_16_14,N_14_16,10.62166539945517,5.9,5.9,5.9,5.9,5.9,5.9,7.33,7.33,7.97,7.97,6.37,6.37,6.37,6.37,6.37,6.37,7.65,8.28,8.28,7.65,6.05,6.05,6.05,6.05
N_16_14,N_14_15,5.020103752113812,5.12,5.12,5.12,5.12,5.12,5.12,7.83,7.83,9.04,9.04,6.02,6.02,6.02,6.02,6.02,6.02,8.43,9.64,9.64,8.43,5.42,5.42,5.42,5.42
N_16_14,N_18_14,6.525764965195804,6.66,6.66,6.66,6.66,6.66,6.66,10.18,10.18,11.75,11.75,7.83,7.83,7.83,7.83,7.83,7.83,10.96,12.53,12.53,10.96,7.05,7.05,7.05,7.05
N_16_15,N_13_15,0.8075509373675958,1.32,1.32,1.32,1.32,1.32,1.32,2.2,2.2,2.58,2.58,1.62,1.62,1.62,1.62,1.62,1.62,2.39,2.78,2.78,2.39,1.42,1.42,1.42,1.42
N_16_15,N_14_13,10.506608927589518,5.83,5.83,5.83,5.83,5.83,5.83,7.25,7.25,7.88,7.88,6.3,6.3,6.3,6.3,6.3,6.3,7.56,8.2,8.2,7.56,5.99,5.99,5.99,5.99
N_16_15,N_16_12,3.6412512769789074,3.71,3.71,3.71,3.71,3.71,3.71,5.68,5.68,6.55,6.55,4.37,4.37,4.37,4.37,4.37,4.37,6.12,6.99,6.99,6.12,3.93,3.93,3.93,3.93
N_16_16,N_15_16,9.480450213522793,5.26,5.26,5.26,5.26,5.26,5.26,6.54,6.54,7.11,7.11,5.69,5.69,5.69,5.69,5.69,5.69,6.83,7.39,7.39,6.83,5.4,5.4,5.4,5.4
N_16_16,N_18_14,4.479495634851071,4.57,4.57,4.57,4.57,4.57,4.57,6.99,6.99,8.06,8.06,5.38,5.38,5.38,5.38,5.38,5.38,7.53,8.6,8.6,7.53,4.84,4.84,4.84,4.84
N_16_16,N_16_14,4.7543481641030985,4.85,4.85,4.85,4.85,4.85,4.85,7.42,7.42,8.56,8.56,5.71,5.71,5.71,5.71,5.71,5.71,7.99,9.13,9.13,7.99,5.13,5.13,5.13,5.13
N_16_16,N_17_16,6.779072397142837,6.91,6.91,6.91,6.91,6.91,6.91,10.58,10.58,12.2,12.2,8.13,8.13,8.13,8.13,8.13,8.13,11.39,13.02,13.02,11.39,7.32,7.32,7.32,7.32
N_16_16,N_16_18,10.38782047732186,5.77,5.77,5.77,5.77,5.77,5.77,7.17,7.17,7.79,7.79,6.23,6.23,6.23,6.23,6.23,6.23,7.48,8.1,8.1,7.48,5.92,5.92,5.92,5.92
N_16_16,N_13_16,1.6596564130220992,2.72,2.72,2.72,2.72,2.72,2.72,4.51,4.51,5.31,5.31,3.32,3.32,3.32,3.32,3.32,3.32,4.91,5.71,5.71,4.91,2.92,2.92,2.92,2.92
N_16_17,N_14_19,5.836513861674721,5.95,5.95,5.95,5.95,5.95,5.95,9.1,9.1,10.51,10.51,7.0,7.0,7.0,7.0,7.0,7.0,9.81,11.21,11.21,9.81,6.3,6.3,6.3,6.3
N_16_17,N_14_18,1.8328672241960273,3.01,3.01,3.01,3.01,3.01,3.01,4.99,4.99,5.87,5.87,3.67,3.67,3.67,3.67,3.67,3.67,5.43,6.31,6.31,5.43,3.23,3.23,3.23,3.23
N_16_17,N_16_15,13.871529970771723,7.7,7.7,7.7,7.7,7.7,7.7,9.57,9.57,10.4,10.4,8.32,8.32,8.32,8.32,8.32,8.32,9.99,10.82,10.82,9.99,7.91,7.91,7.91,7.91
N_16_17,N_16_19,14.317789117084557,7.95,7.95,7.95,7.95,7.95,7.95,9.88,9.88,10.74,10.74,8.59,8.59,8.59,8.59,8.59,8.59,10.31,11.17,11.17,10.31,8.16,8.16,8.16,8.16
N_16_17,N_14_16,6.195968007896324,6.32,6.32,6.32,6.32,6.32,6.32,9.67,9.67,11.15,11.15,7.44,7.44,7.44,7.44,7.44,7.44,10.41,11.9,11.9,10.41,6.69,6.69,6.69,6.69
N_16_18,N_16_16,10.38782047732186,5.77,5.77,5.77,5.77,5.77,5.77,7.17,7.17,7.79,7.79,6.23,6.23,6.23,6.23,6.23,6.23,7.48,8.1,8.1,7.48,5.92,5.92,5.92,5.92
N_16_18,N_16_21,2.1072821628908374,3.46,3.46,3.46,3.46,3.46,3.46,5.73,5.73,6.74,6.74,4.21,4.21,4.21,4.21,4.21,4.21,6.24,7.25,7.25,6.24,3.71,3.71,3.71,3.71
N_16_18,N_19_18,8.520452307833805,4.73,4.73,4.73,4.73,4.73,4.73,5.88,5.88,6.39,6.39,5.11,5.11,5.11,5.11,5.11,5.11,6.13,6.65,6.65,6.13,4.86,4.86,4.86,4.86
N_16_18,N_15_18,4.813856233078955,4.91,4.91,4.91,4.91,4.91,4.91,7.51,7.51,8.66,8.66,5.78,5.78,5.78,5.78,5.78,5.78,8.09,9.24,9.24,8.09,5.2,5.2,5.2,5.2
N_16_18,N_18_18,3.2963540168645915,3.36,3.36,3.36,3.36,3.36,3.36,5.14,5.14,5.93,5.93,3.96,3.96,3.96,3.96,3.96,3.96,5.54,6.33,6.33,5.54,3.56,3.56,3.56,3.56
N_16_18,N_17_17,0.5767136876788381,0.95,0.95,0.95,0.95,0.95,0.95,1.57,1.57,1.85,1.85,1.15,1.15,1.15,1.15,1.15,1.15,1.71,1.98,1.98,1.71,1.02,1.02,1.02,1.02
N_16_18,N_18_17,11.907192003934927,6.61,6.61,6.61,6.61,6.61,6.61,8.22,8.22,8.93,8.93,7.14,7.14,7.14,7.14,7.14,7.14,8.57,9.29,9.29,8.57,6.79,6.79,6.79,6.79
N_16_18,N_14_19,6.796730179622685,6.93,6.93,6.93,6.93,6.93,6.93,10.6,10.6,12.23,12.23,8.16,8.16,8.16,8.16,8.16,8.16,11.42,13.05,13.05,11.42,7.34,7.34,7.34,7.34
N_16_19,N_13_19,8.187707077448117,4.54,4.54,4.54,4.54,4.54,4.54,5.65,5.65,6.14,6.14,4.91,4.91,4.91,4.91,4.91,4.91,5.9,6.39,6.39,5.9,4.67,4.67,4.67,4.67
N_16_19,N_15_20,5.5155765047679015,5.63,5.63,5.63,5.63,5.63,5.63,8.6,8.6,9.93,9.93,6.62,6.62,6.62,6.62,6.62,6.62,9.27,10.59,10.59,9.27,5.96,5.96,5.96,5.96
N_16_19,N_17_20,12.815871617507312,7.11,7.11,7.11,7.11,7.11,7.11,8.84,8.84,9.61,9.61,7.69,7.69,7.69,7.69,7.69,7.69,9.23,10.0,10.0,9.23,7.31,7.31,7.31,7.31
N_16_2,N_14_3,6.760797312692265,6.9,6.9,6.9,6.9,6.9,6.9,10.55,10.55,12.17,12.17,8.11,8.11,8.11,8.11,8.11,8.11,11.36,12.98,12.98,11.36,7.3,7.3,7.3,7.3
N_16_2,N_15_3,1.6504610071506833,2.71,2.71,2.71,2.71,2.71,2.71,4.49,4.49,5.28,5.28,3.3,3.3,3.3,3.3,3.3,3.3,4.89,5.68,5.68,4.89,2.9,2.9,2.9,2.9
N_16_2,N_14_0,1.150794092526976,1.89,1.89,1.89,1.89,1.89,1.89,3.13,3.13,3.68,3.68,2.3,2.3,2.3,2.3,2.3,2.3,3.41,3.96,3.96,3.41,2.03,2.03,2.03,2.03
N_16_2,N_18_1,11.25315152625895,6.25,6.25,6.25,6.25,6.25,6.25,7.76,7.76,8.44,8.44,6.75,6.75,6.75,6.75,6.75,6.75,8.1,8.78,8.78,8.1,6.41,6.41,6.41,6.41
N_16_2,N_17_3,12.878780065377244,7.15,7.15,7.15,7.15,7.15,7.15,8.89,8.89,9.66,9.66,7.73,7.73,7.73,7.73,7.73,7.73,9.27,10.05,10.05,9.27,7.34,7.34,7.34,7.34
N_16_20,N_13_20,6.649474920470517,6.78,6.78,6.78,6.78,6.78,6.78,10.37,10.37,11.97,11.97,7.98,7.98,7.98,7.98,7.98,7.98,11.17,12.77,12.77,11.17,7.18,7.18,7.18,7.18
N_16_20,N_15_22,4.359366227277105,4.45,4.45,4.45,4.45,4.45,4.45,6.8,6.8,7.85,7.85,5.23,5.23,5.23,5.23,5.23,5.23,7.32,8.37,8.37,7.32,4.71,4.71,4.71,4.71
N_16_20,N_16_17,4.639246172347963,4.73,4.73,4.73,4.73,4.73,4.73,7.24,7.24,8.35,8.35,5.57,5.57,5.57,5.57,5.57,5.57,7.79,8.91,8.91,7.79,5.01,5.01,5.01,5.01
N_16_20,N_16_23,9.443405750817536,5.24,5.24,5.24,5.24,5.24,5.24,6.52,6.52,7.08,7.08,5.67,5.67,5.67,5.67,5.67,5.67,6.8,7.37,7.37,6.8,5.38,5.38,5.38,5.38
N_16_21,N_18_22,1.1630042256920825,1.91,1.91,1.91,1.91,1.91,1.91,3.16,3.16,3.72,3.72,2.33,2.33,2.33,2.33,2.33,2.33,3.44,4.0,4.0,3.44,2.05,2.05,2.05,2.05
N_16_21,N_19_21,6.760055184770849,6.9,6.9,6.9,6.9,6.9,6.9,10.55,10.55,12.17,12.17,8.11,8.11,8.11,8.11,8.11,8.11,11.36,12.98,12.98,11.36,7.3,7.3,7.3,7.3
N_16_21,N_16_23,14.582486351474282,8.09,8.09,8.09,8.09,8.09,8.09,10.06,10.06,10.94,10.94,8.75,8.75,8.75,8.75,8.75,8.75,10.5,11.37,11.37,10.5,8.31,8.31,8.31,8.31
N_16_21,N_15_20,4.939599783488665,5.04,5.04,5.04,5.04,5.04,5.04,7.71,7.71,8.89,8.89,5.93,5.93,5.93,5.93,5.93,5.93,8.3,9.48,9.48,8.3,5.33,5.33,5.33,5.33
N_16_21,N_16_24,3.9200209567414372,4.0,4.0,4.0,4.0,4.0,4.0,6.12,6.12,7.06,7.06,4.7,4.7,4.7,4.7,4.7,4.7,6.59,7.53,7.53,6.59,4.23,4.23,4.23,4.23
N_16_21,N_17_23,9.907207721839903,5.5,5.5,5.5,5.5,5.5,5.5,6.84,6.84,7.43,7.43,5.94,5.94,5.94,5.94,5.94,5.94,7.13,7.73,7.73,7.13,5.65,5.65,5.65,5.65
N_16_21,N_15_21,5.621103835128276,5.73,5.73,5.73,5.73,5.73,5.73,8.77,8.77,10.12,10.12,6.75,6.75,6.75,6.75,6.75,6.75,9.44,10.79,10.79,9.44,6.07,6.07,6.07,6.07
N_16_21,N_14_23,4.079994644581785,4.16,4.16,4.16,4.16,4.16,4.16,6.36,6.36,7.34,7.34,4.9,4.9,4.9,4.9,4.9,4.9,6.85,7.83,7.83,6.85,4.41,4.41,4.41,4.41
N_16_22,N_14_24,10.036835518581885,5.57,5.57,5.57,5.57,5.57,5.57,6.93,6.93,7.53,7.53,6.02,6.02,6.02,6.02,6.02,6.02,7.23,7.83,7.83,7.23,5.72,5.72,5.72,5.72
N_16_22,N_15_22,1.4678219854074126,2.41,2.41,2.41,2.41,2.41,2.41,3.99,3.99,4.7,4.7,2.94,2.94,2.94,2.94,2.94,2.94,4.34,5.05,5.05,4.34,2.58,2.58,2.58,2.58
N_16_22,N_15_23,2.344696196810219,3.85,3.85,3.85,3.85,3.85,3.85,6.38,6.38,7.5,7.5,4.69,4.69,4.69,4.69,4.69,4.69,6.94,8.07,8.07,6.94,4.13,4.13,4.13,4.13
N_16_22,N_16_23,4.718138280304146,4.81,4.81,4.81,4.81,4.81,4.81,7.36,7.36,8.49,8.49,5.66,5.66,5.66,5.66,5.66,5.66,7.93,9.06,9.06,7.93,5.1,5.1,5.1,5.1
N_16_23,N_13_23,13.664016509917701,7.58,7.58,7.58,7.58,7.58,7.58,9.43,9.43,10.25,10.25,8.2,8.2,8.2,8.2,8.2,8.2,9.84,10.66,10.66,9.84,7.79,7.79,7.79,7.79
N_16_23,N_14_21,6.042134377384459,6.16,6.16,6.16,6.16,6.16,6.16,9.43,9.43,10.88,10.88,7.25,7.25,7.25,7.25,7.25,7.25,10.15,11.6,11.6,10.15,6.53,6.53,6.53,6.53
N_16_23,N_14_23,4.205393219958368,4.29,4.29,4.29,4.29,4.29,4.29,6.56,6.56,7.57,7.57,5.05,5.05,5.05,5.05,5.05,5.05,7.07,8.07,8.07,7.07,4.54,4.54,4.54,4.54
N_16_23,N_15_23,6.236046925061991,6.36,6.36,6.36,6.36,6.36,6.36,9.73,9.73,11.22,11.22,7.48,7.48,7.48,7.48,7.48,7.48,10.48,11.97,11.97,10.48,6.73,6.73,6.73,6.73
N_16_23,N_16_20,9.443405750817536,5.24,5.24,5.24,5.24,5.24,5.24,6.52,6.52,7.08,7.08,5.67,5.67,5.67,5.67,5.67,5.67,6.8,7.37,7.37,6.8,5.38,5.38,5.38,5.38
N_16_23,N_16_21,14.582486351474282,8.09,8.09,8.09,8.09,8.09,8.09,10.06,10.06,10.94,10.94,8.75,8.75,8.75,8.75,8.75,8.75,10.5,11.37,11.37,10.5,8.31,8.31,8.31,8.31
N_16_23,N_16_22,4.718138280304146,4.81,4.81,4.81,4.81,4.81,4.81,7.36,7.36,8.49,8.49,5.66,5.66,5.66,5.66,5.66,5.66,7.93,9.06,9.06,7.93,5.1,5.1,5.1,5.1
N_16_24,N_14_25,6.961340447920561,7.1,7.1,7.1,7.1,7.1,7.1,10.86,10.86,12.53,12.53,8.35,8.35,8.35,8.35,8.35,8.35,11.7,13.37,13.37,11.7,7.52,7.52,7.52,7.52
N_16_24,N_14_26,4.564252378696895,4.66,4.66,4.66,4.66,4.66,4.66,7.12,7.12,8.22,8.22,5.48,5.48,5.48,5.48,5.48,5.48,7.67,8.76,8.76,7.67,4.93,4.93,4.93,4.93
N_16_24,N_14_22,0.5730194199300256,0.94,0.94,0.94,0.94,0.94,0.94,1.56,1.56,1.83,1.83,1.15,1.15,1.15,1.15,1.15,1.15,1.7,1.97,1.97,1.7,1.01,1.01,1.01,1.01
N_16_24,N_16_22,6.485711664127463,6.62,6.62,6.62,6.62,6.62,6.62,10.12,10.12,11.67,11.67,7.78,7.78,7.78,7.78,7.78,7.78,10.9,12.45,12.45,10.9,7.0,7.0,7.0,7.0
N_16_24,N_16_26,11.936866473874975,6.62,6.62,6.62,6.62,6.62,6.62,8.24,8.24,8.95,8.95,7.16,7.16,7.16,7.16,7.16,7.16,8.59,9.31,9.31,8.59,6.8,6.8,6.8,6.8
N_16_24,N_15_23,6.837901134848852,6.97,6.97,6.97,6.97,6.97,6.97,10.67,10.67,12.31,12.31,8.21,8.21,8.21,8.21,8.21,8.21,11.49,13.13,13.13,11.49,7.38,7.38,7.38,7.38
N_16_25,N_14_26,12.874634209733058,7.15,7.15,7.15,7.15,7.15,7.15,8.88,8.88,9.66,9.66,7.72,7.72,7.72,7.72,7.72,7.72,9.27,10.04,10.04,9.27,7.34,7.34,7.34,7.34
N_16_25,N_15_23,3.6626124618679143,3.74,3.74,3.74,3.74,3.74,3.74,5.71,5.71,6.59,6.59,4.4,4.4,4.4,4.4,4.4,4.4,6.15,7.03,7.03,6.15,3.96,3.96,3.96,3.96
N_16_25,N_18_23,4.1768946266157325,4.26,4.26,4.26,4.26,4.26,4.26,6.52,6.52,7.52,7.52,5.01,5.01,5.01,5.01,5.01,5.01,7.02,8.02,8.02,7.02,4.51,4.51,4.51,4.51
N_16_26,N_16_24,11.936866473874975,6.62,6.62,6.62,6.62,6.62,6.62,8.24,8.24,8.95,8.95,7.16,7.16,7.16,7.16,7.16,7.16,8.59,9.31,9.31,8.59,6.8,6.8,6.8,6.8
N_16_26,N_14_28,10.914120601524267,6.06,6.06,6.06,6.06,6.06,6.06,7.53,7.53,8.19,8.19,6.55,6.55,6.55,6.55,6.55,6.55,7.86,8.51,8.51,7.86,6.22,6.22,6.22,6.22
N_16_26,N_14_26,14.838832937473185,8.24,8.24,8.24,8.24,8.24,8.24,10.24,10.24,11.13,11.13,8.9,8.9,8.9,8.9,8.9,8.9,10.68,11.57,11.57,10.68,8.46,8.46,8.46,8.46
N_16_27,N_15_27,1.0398241087595348,1.71,1.71,1.71,1.71,1.71,1.71,2.83,2.83,3.33,3.33,2.08,2.08,2.08,2.08,2.08,2.08,3.08,3.58,3.58,3.08,1.83,1.83,1.83,1.83
N_16_27,N_17_26,1.6222245922836211,2.66,2.66,2.66,2.66,2.66,2.66,4.41,4.41,5.19,5.19,3.24,3.24,3.24,3.24,3.24,3.24,4.8,5.58,5.58,4.8,2.86,2.86,2.86,2.86
N_16_27,N_19_27,12.148473889134472,6.74,6.74,6.74,6.74,6.74,6.74,8.38,8.38,9.11,9.11,7.29,7.29,7.29,7.29,7.29,7.29,8.75,9.48,9.48,8.75,6.92,6.92,6.92,6.92
N_16_28,N_15_28,8.73174302565419,4.85,4.85,4.85,4.85,4.85,4.85,6.02,6.02,6.55,6.55,5.24,5.24,5.24,5.24,5.24,5.24,6.29,6.81,6.81,6.29,4.98,4.98,4.98,4.98
N_16_28,N_17_27,13.650640711768144,7.58,7.58,7.58,7.58,7.58,7.58,9.42,9.42,10.24,10.24,8.19,8.19,8.19,8.19,8.19,8.19,9.83,10.65,10.65,9.83,7.78,7.78,7.78,7.78
N_16_28,N_14_28,4.210233286034319,4.29,4.29,4.29,4.29,4.29,4.29,6.57,6.57,7.58,7.58,5.05,5.05,5.05,5.05,5.05,5.05,7.07,8.08,8.08,7.07,4.55,4.55,4.55,4.55
N_16_28,N_15_29,10.752726626702895,5.97,5.97,5.97,5.97,5.97,5.97,7.42,7.42,8.06,8.06,6.45,6.45,6.45,6.45,6.45,6.45,7.74,8.39,8.39,7.74,6.13,6.13,6.13,6.13
N_16_28,N_16_31,4.419966528170163,4.51,4.51,4.51,4.51,4.51,4.51,6.9,6.9,7.96,7.96,5.3,5.3,5.3,5.3,5.3,5.3,7.43,8.49,8.49,7.43,4.77,4.77,4.77,4.77
N_16_28,N_18_27,3.312798645594287,3.38,3.38,3.38,3.38,3.38,3.38,5.17,5.17,5.96,5.96,3.98,3.98,3.98,3.98,3.98,3.98,5.57,6.36,6.36,5.57,3.58,3.58,3.58,3.58
N_16_28,N_17_28,9.162814182180385,5.09,5.09,5.09,5.09,5.09,5.09,6.32,6.32,6.87,6.87,5.5,5.5,5.5,5.5,5.5,5.5,6.6,7.15,7.15,6.6,5.22,5.22,5.22,5.22
N_16_28,N_15_27,9.000187999599671,5.0,5.0,5.0,5.0,5.0,5.0,6.21,6.21,6.75,6.75,5.4,5.4,5.4,5.4,5.4,5.4,6.48,7.02,7.02,6.48,5.13,5.13,5.13,5.13
N_16_29,N_15_27,3.7795544268374006,3.86,3.86,3.86,3.86,3.86,3.86,5.9,5.9,6.8,6.8,4.54,4.54,4.54,4.54,4.54,4.54,6.35,7.26,7.26,6.35,4.08,4.08,4.08,4.08
N_16_29,N_15_31,6.644163023497683,6.78,6.78,6.78,6.78,6.78,6.78,10.36,10.36,11.96,11.96,7.97,7.97,7.97,7.97,7.97,7.97,11.16,12.76,12.76,11.16,7.18,7.18,7.18,7.18
N_16_29,N_18_27,3.0519780101410867,3.11,3.11,3.11,3.11,3.11,3.11,4.76,4.76,5.49,5.49,3.66,3.66,3.66,3.66,3.66,3.66,5.13,5.86,5.86,5.13,3.3,3.3,3.3,3.3
N_16_3,N_14_5,2.1478635721725694,3.52,3.52,3.52,3.52,3.52,3.52,5.84,5.84,6.87,6.87,4.3,4.3,4.3,4.3,4.3,4.3,6.36,7.39,7.39,6.36,3.78,3.78,3.78,3.78
N_16_3,N_15_2,4.7200787437507845,4.81,4.81,4.81,4.81,4.81,4.81,7.36,7.36,8.5,8.5,5.66,5.66,5.66,5.66,5.66,5.66,7.93,9.06,9.06,7.93,5.1,5.1,5.1,5.1
N_16_3,N_14_1,0.7632964116755816,1.25,1.25,1.25,1.25,1.25,1.25,2.08,2.08,2.44,2.44,1.53,1.53,1.53,1.53,1.53,1.53,2.26,2.63,2.63,2.26,1.34,1.34,1.34,1.34
N_16_3,N_14_3,0.612095988443166,1.0,1.0,1.0,1.0,1.0,1.0,1.66,1.66,1.96,1.96,1.22,1.22,1.22,1.22,1.22,1.22,1.81,2.11,2.11,1.81,1.08,1.08,1.08,1.08
N_16_3,N_19_3,8.682328224221111,4.82,4.82,4.82,4.82,4.82,4.82,5.99,5.99,6.51,6.51,5.21,5.21,5.21,5.21,5.21,5.21,6.25,6.77,6.77,6.25,4.95,4.95,4.95,4.95
N_16_30,N_14_32,4.6218858067363575,4.71,4.71,4.71,4.71,4.71,4.71,7.21,7.21,8.32,8.32,5.55,5.55,5.55,5.55,5.55,5.55,7.76,8.87,8.87,7.76,4.99,4.99,4.99,4.99
N_16_30,N_15_29,11.333682966479648,6.29,6.29,6.29,6.29,6.29,6.29,7.82,7.82,8.5,8.5,6.8,6.8,6.8,6.8,6.8,6.8,8.16,8.84,8.84,8.16,6.46,6.46,6.46,6.46
N_16_30,N_15_30,3.6665818151040197,3.74,3.74,3.74,3.74,3.74,3.74,5.72,5.72,6.6,6.6,4.4,4.4,4.4,4.4,4.4,4.4,6.16,7.04,7.04,6.16,3.96,3.96,3.96,3.96
N_16_30,N_15_32,2.2542880717946843,3.7,3.7,3.7,3.7,3.7,3.7,6.13,6.13,7.21,7.21,4.51,4.51,4.51,4.51,4.51,4.51,6.67,7.75,7.75,6.67,3.97,3.97,3.97,3.97
N_16_31,N_14_33,0.9995304470021487,1.64,1.64,1.64,1.64,1.64,1.64,2.72,2.72,3.2,3.2,2.0,2.0,2.0,2.0,2.0,2.0,2.96,3.44,3.44,2.96,1.76,1.76,1.76,1.76
N_16_31,N_15_29,6.863062382343631,7.0,7.0,7.0,7.0,7.0,7.0,10.71,10.71,12.35,12.35,8.24,8.24,8.24,8.24,8.24,8.24,11.53,13.18,13.18,11.53,7.41,7.41,7.41,7.41
N_16_31,N_16_30,3.870103408036995,3.95,3.95,3.95,3.95,3.95,3.95,6.04,6.04,6.97,6.97,4.64,4.64,4.64,4.64,4.64,4.64,6.5,7.43,7.43,6.5,4.18,4.18,4.18,4.18
N_16_31,N_14_31,13.06993736030654,7.25,7.25,7.25,7.25,7.25,7.25,9.02,9.02,9.8,9.8,7.84,7.84,7.84,7.84,7.84,7.84,9.41,10.19,10.19,9.41,7.45,7.45,7.45,7.45
N_16_31,N_18_32,1.7846347830095501,2.93,2.93,2.93,2.93,2.93,2.93,4.85,4.85,5.71,5.71,3.57,3.57,3.57,3.57,3.57,3.57,5.28,6.14,6.14,5.28,3.14,3.14,3.14,3.14
N_16_31,N_17_30,13.29082780455629,7.38,7.38,7.38,7.38,7.38,7.38,9.17,9.17,9.97,9.97,7.97,7.97,7.97,7.97,7.97,7.97,9.57,10.37,10.37,9.57,7.58,7.58,7.58,7.58
N_16_32,N_15_30,1.875871840694837,3.08,3.08,3.08,3.08,3.08,3.08,5.1,5.1,6.0,6.0,3.75,3.75,3.75,3.75,3.75,3.75,5.55,6.45,6.45,5.55,3.3,3.3,3.3,3.3
N_16_32,N_16_31,1.8740797464807397,3.07,3.07,3.07,3.07,3.07,3.07,5.1,5.1,6.0,6.0,3.75,3.75,3.75,3.75,3.75,3.75,5.55,6.45,6.45,5.55,3.3,3.3,3.3,3.3
N_16_32,N_14_31,1.670445969487439,2.74,2.74,2.74,2.74,2.74,2.74,4.54,4.54,5.35,5.35,3.34,3.34,3.34,3.34,3.34,3.34,4.94,5.75,5.75,4.94,2.94,2.94,2.94,2.94
N_16_32,N_18_30,6.975022545522078,7.11,7.11,7.11,7.11,7.11,7.11,10.88,10.88,12.56,12.56,8.37,8.37,8.37,8.37,8.37,8.37,11.72,13.39,13.39,11.72,7.53,7.53,7.53,7.53
N_16_33,N_14_32,5.9231894652971135,6.04,6.04,6.04,6.04,6.04,6.04,9.24,9.24,10.66,10.66,7.11,7.11,7.11,7.11,7.11,7.11,9.95,11.37,11.37,9.95,6.4,6.4,6.4,6.4
N_16_33,N_15_34,12.74950193955982,7.08,7.08,7.08,7.08,7.08,7.08,8.8,8.8,9.56,9.56,7.65,7.65,7.65,7.65,7.65,7.65,9.18,9.94,9.94,9.18,7.27,7.27,7.27,7.27
N_16_33,N_14_31,6.6050995896413855,6.74,6.74,6.74,6.74,6.74,6.74,10.3,10.3,11.89,11.89,7.93,7.93,7.93,7.93,7.93,7.93,11.1,12.68,12.68,11.1,7.13,7.13,7.13,7.13
N_16_34,N_17_34,4.930230369524832,5.03,5.03,5.03,5.03,5.03,5.03,7.69,7.69,8.87,8.87,5.92,5.92,5.92,5.92,5.92,5.92,8.28,9.47,9.47,8.28,5.32,5.32,5.32,5.32
N_16_34,N_14_32,14.502926753029442,8.05,8.05,8.05,8.05,8.05,8.05,10.01,10.01,10.88,10.88,8.7,8.7,8.7,8.7,8.7,8.7,10.44,11.31,11.31,10.44,8.27,8.27,8.27,8.27
N_16_34,N_18_34,2.3537728265965097,3.86,3.86,3.86,3.86,3.86,3.86,6.4,6.4,7.53,7.53,4.71,4.71,4.71,4.71,4.71,4.71,6.97,8.1,8.1,6.97,4.14,4.14,4.14,4.14
N_16_34,N_15_34,4.077443926155029,4.16,4.16,4.16,4.16,4.16,4.16,6.36,6.36,7.34,7.34,4.89,4.89,4.89,4.89,4.89,4.89,6.85,7.83,7.83,6.85,4.4,4.4,4.4,4.4
N_16_34,N_15_35,3.65610386467589,3.73,3.73,3.73,3.73,3.73,3.73,5.7,5.7,6.58,6.58,4.39,4.39,4.39,4.39,4.39,4.39,6.14,7.02,7.02,6.14,3.95,3.95,3.95,3.95
N_16_34,N_14_35,5.38740461961137,5.5,5.5,5.5,5.5,5.5,5.5,8.4,8.4,9.7,9.7,6.46,6.46,6.46,6.46,6.46,6.46,9.05,10.34,10.34,9.05,5.82,5.82,5.82,5.82
N_16_34,N_15_36,6.805975525749556,6.94,6.94,6.94,6.94,6.94,6.94,10.62,10.62,12.25,12.25,8.17,8.17,8.17,8.17,8.17,8.17,11.43,13.07,13.07,11.43,7.35,7.35,7.35,7.35
N_16_35,N_14_37,4.225783786182369,4.31,4.31,4.31,4.31,4.31,4.31,6.59,6.59,7.61,7.61,5.07,5.07,5.07,5.07,5.07,5.07,7.1,8.11,8.11,7.1,4.56,4.56,4.56,4.56
N_16_35,N_15_37,4.756519402841147,4.85,4.85,4.85,4.85,4.85,4.85,7.42,7.42,8.56,8.56,5.71,5.71,5.71,5.71,5.71,5.71,7.99,9.13,9.13,7.99,5.14,5.14,5.14,5.14
N_16_35,N_15_34,11.887437618670454,6.6,6.6,6.6,6.6,6.6,6.6,8.2,8.2,8.92,8.92,7.13,7.13,7.13,7.13,7.13,7.13,8.56,9.27,9.27,8.56,6.78,6.78,6.78,6.78
N_16_35,N_19_35,9.115308630563192,5.06,5.06,5.06,5.06,5.06,5.06,6.29,6.29,6.84,6.84,5.47,5.47,5.47,5.47,5.47,5.47,6.56,7.11,7.11,6.56,5.2,5.2,5.2,5.2
N_16_35,N_16_37,11.306141657226219,6.27,6.27,6.27,6.27,6.27,6.27,7.8,7.8,8.48,8.48,6.78,6.78,6.78,6.78,6.78,6.78,8.14,8.82,8.82,8.14,6.44,6.44,6.44,6.44
N_16_36,N_15_34,3.0063661518861804,3.07,3.07,3.07,3.07,3.07,3.07,4.69,4.69,5.41,5.41,3.61,3.61,3.61,3.61,3.61,3.61,5.05,5.77,5.77,5.05,3.25,3.25,3.25,3.25
N_16_36,N_18_34,3.30907853381566,3.38,3.38,3.38,3.38,3.38,3.38,5.16,5.16,5.96,5.96,3.97,3.97,3.97,3.97,3.97,3.97,5.56,6.35,6.35,5.56,3.57,3.57,3.57,3.57
N_16_36,N_17_37,3.1769916776189904,3.24,3.24,3.24,3.24,3.24,3.24,4.96,4.96,5.72,5.72,3.81,3.81,3.81,3.81,3.81,3.81,5.34,6.1,6.1,5.34,3.43,3.43,3.43,3.43
N_16_37,N_15_35,6.023425821679401,6.14,6.14,6.14,6.14,6.14,6.14,9.4,9.4,10.84,10.84,7.23,7.23,7.23,7.23,7.23,7.23,10.12,11.56,11.56,10.12,6.51,6.51,6.51,6.51
N_16_37,N_15_37,8.725249173612868,4.84,4.84,4.84,4.84,4.84,4.84,6.02,6.02,6.54,6.54,5.24,5.24,5.24,5.24,5.24,5.24,6.28,6.81,6.81,6.28,4.97,4.97,4.97,4.97
N_16_37,N_16_35,11.306141657226219,6.27,6.27,6.27,6.27,6.27,6.27,7.8,7.8,8.48,8.48,6.78,6.78,6.78,6.78,6.78,6.78,8.14,8.82,8.82,8.14,6.44,6.44,6.44,6.44
N_16_37,N_16_38,0.5244489783180322,0.86,0.86,0.86,0.86,0.86,0.86,1.43,1.43,1.68,1.68,1.05,1.05,1.05,1.05,1.05,1.05,1.55,1.8,1.8,1.55,0.92,0.92,0.92,0.92
N_16_37,N_16_39,4.535961141774018,4.63,4.63,4.63,4.63,4.63,4.63,7.08,7.08,8.16,8.16,5.44,5.44,5.44,5.44,5.44,5.44,7.62,8.71,8.71,7.62,4.9,4.9,4.9,4.9
N_16_38,N_14_39,5.407340500365327,5.52,5.52,5.52,5.52,5.52,5.52,8.44,8.44,9.73,9.73,6.49,6.49,6.49,6.49,6.49,6.49,9.08,10.38,10.38,9.08,5.84,5.84,5.84,5.84
N_16_38,N_15_38,5.790610814090227,5.91,5.91,5.91,5.91,5.91,5.91,9.03,9.03,10.42,10.42,6.95,6.95,6.95,6.95,6.95,6.95,9.73,11.12,11.12,9.73,6.25,6.25,6.25,6.25
N_16_38,N_15_39,1.7902680111489393,2.94,2.94,2.94,2.94,2.94,2.94,4.87,4.87,5.73,5.73,3.58,3.58,3.58,3.58,3.58,3.58,5.3,6.16,6.16,5.3,3.15,3.15,3.15,3.15
N_16_38,N_16_37,0.5244489783180322,0.86,0.86,0.86,0.86,0.86,0.86,1.43,1.43,1.68,1.68,1.05,1.05,1.05,1.05,1.05,1.05,1.55,1.8,1.8,1.55,0.92,0.92,0.92,0.92
N_16_39,N_16_37,4.535961141774018,4.63,4.63,4.63,4.63,4.63,4.63,7.08,7.08,8.16,8.16,5.44,5.44,5.44,5.44,5.44,5.44,7.62,8.71,8.71,7.62,4.9,4.9,4.9,4.9
N_16_39,N_18_37,8.850860119426823,4.91,4.91,4.91,4.91,4.91,4.91,6.11,6.11,6.64,6.64,5.31,5.31,5.31,5.31,5.31,5.31,6.37,6.9,6.9,6.37,5.04,5.04,5.04,5.04
N_16_39,N_14_37,6.556663739661223,6.69,6.69,6.69,6.69,6.69,6.69,10.23,10.23,11.8,11.8,7.87,7.87,7.87,7.87,7.87,7.87,11.02,12.59,12.59,11.02,7.08,7.08,7.08,7.08
N_16_39,N_19_39,10.36223221365343,5.75,5.75,5.75,5.75,5.75,5.75,7.15,7.15,7.77,7.77,6.22,6.22,6.22,6.22,6.22,6.22,7.46,8.08,8.08,7.46,5.91,5.91,5.91,5.91
N_16_4,N_16_7,4.7244021860574685,4.82,4.82,4.82,4.82,4.82,4.82,7.37,7.37,8.5,8.5,5.67,5.67,5.67,5.67,5.67,5.67,7.94,9.07,9.07,7.94,5.1,5.1,5.1,5.1
N_16_4,N_15_4,1.877983922023194,3.08,3.08,3.08,3.08,3.08,3.08,5.11,5.11,6.01,6.01,3.76,3.76,3.76,3.76,3.76,3.76,5.56,6.46,6.46,5.56,3.31,3.31,3.31,3.31
N_16_4,N_17_6,2.1698358048836335,3.56,3.56,3.56,3.56,3.56,3.56,5.9,5.9,6.94,6.94,4.34,4.34,4.34,4.34,4.34,4.34,6.42,7.46,7.46,6.42,3.82,3.82,3.82,3.82
N_16_5,N_17_3,6.979673633074802,7.12,7.12,7.12,7.12,7.12,7.12,10.89,10.89,12.56,12.56,8.38,8.38,8.38,8.38,8.38,8.38,11.73,13.4,13.4,11.73,7.54,7.54,7.54,7.54
N_16_5,N_18_4,6.174893863312971,6.3,6.3,6.3,6.3,6.3,6.3,9.63,9.63,11.11,11.11,7.41,7.41,7.41,7.41,7.41,7.41,10.37,11.86,11.86,10.37,6.67,6.67,6.67,6.67
N_16_5,N_15_3,12.013352113294815,6.67,6.67,6.67,6.67,6.67,6.67,8.29,8.29,9.01,9.01,7.21,7.21,7.21,7.21,7.21,7.21,8.65,9.37,9.37,8.65,6.85,6.85,6.85,6.85
N_16_5,N_16_4,1.0495735071133045,1.72,1.72,1.72,1.72,1.72,1.72,2.85,2.85,3.36,3.36,2.1,2.1,2.1,2.1,2.1,2.1,3.11,3.61,3.61,3.11,1.85,1.85,1.85,1.85
N_16_5,N_16_6,11.5109415926045,6.39,6.39,6.39,6.39,6.39,6.39,7.94,7.94,8.63,8.63,6.91,6.91,6.91,6.91,6.91,6.91,8.29,8.98,8.98,8.29,6.56,6.56,6.56,6.56
N_16_5,N_16_7,3.725041648096092,3.8,3.8,3.8,3.8,3.8,3.8,5.81,5.81,6.71,6.71,4.47,4.47,4.47,4.47,4.47,4.47,6.26,7.15,7.15,6.26,4.02,4.02,4.02,4.02
N_16_5,N_18_5,9.449954384051505,5.24,5.24,5.24,5.24,5.24,5.24,6.52,6.52,7.09,7.09,5.67,5.67,5.67,5.67,5.67,5.67,6.8,7.37,7.37,6.8,5.39,5.39,5.39,5.39
N_16_5,N_13_5,4.099074639888205,4.18,4.18,4.18,4.18,4.18,4.18,6.39,6.39,7.38,7.38,4.92,4.92,4.92,4.92,4.92,4.92,6.89,7.87,7.87,6.89,4.43,4.43,4.43,4.43
N_16_6,N_16_5,11.5109415926045,6.39,6.39,6.39,6.39,6.39,6.39,7.94,7.94,8.63,8.63,6.91,6.91,6.91,6.91,6.91,6.91,8.29,8.98,8.98,8.29,6.56,6.56,6.56,6.56
N_16_6,N_16_3,5.970284625857312,6.09,6.09,6.09,6.09,6.09,6.09,9.31,9.31,10.75,10.75,7.16,7.16,7.16,7.16,7.16,7.16,10.03,11.46,11.46,10.03,6.45,6.45,6.45,6.45
N_16_6,N_14_4,5.691943806113638,5.81,5.81,5.81,5.81,5.81,5.81,8.88,8.88,10.25,10.25,6.83,6.83,6.83,6.83,6.83,6.83,9.56,10.93,10.93,9.56,6.15,6.15,6.15,6.15
N_16_6,N_16_8,13.966041743749328,7.75,7.75,7.75,7.75,7.75,7.75,9.64,9.64,10.47,10.47,8.38,8.38,8.38,8.38,8.38,8.38,10.06,10.89,10.89,10.06,7.96,7.96,7.96,7.96
N_16_6,N_17_6,5.245302944926834,5.35,5.35,5.35,5.35,5.35,5.35,8.18,8.18,9.44,9.44,6.29,6.29,6.29,6.29,6.29,6.29,8.81,10.07,10.07,8.81,5.66,5.66,5.66,5.66
N_16_6,N_17_7,14.894080234372185,8.27,8.27,8.27,8.27,8.27,8.27,10.28,10.28,11.17,11.17,8.94,8.94,8.94,8.94,8.94,8.94,10.72,11.62,11.62,10.72,8.49,8.49,8.49,8.49
N_16_6,N_18_8,10.207366601828443,5.67,5.67,5.67,5.67,5.67,5.67,7.04,7.04,7.66,7.66,6.12,6.12,6.12,6.12,6.12,6.12,7.35,7.96,7.96,7.35,5.82,5.82,5.82,5.82
N_16_7,N_15_9,4.914805461692298,5.01,5.01,5.01,5.01,5.01,5.01,7.67,7.67,8.85,8.85,5.9,5.9,5.9,5.9,5.9,5.9,8.26,9.44,9.44,8.26,5.31,5.31,5.31,5.31
N_16_7,N_16_10,4.283957565903657,4.37,4.37,4.37,4.37,4.37,4.37,6.68,6.68,7.71,7.71,5.14,5.14,5.14,5.14,5.14,5.14,7.2,8.23,8.23,7.2,4.63,4.63,4.63,4.63
N_16_7,N_16_4,4.7244021860574685,4.82,4.82,4.82,4.82,4.82,4.82,7.37,7.37,8.5,8.5,5.67,5.67,5.67,5.67,5.67,5.67,7.94,9.07,9.07,7.94,5.1,5.1,5.1,5.1
N_16_7,N_16_5,3.725041648096092,3.8,3.8,3.8,3.8,3.8,3.8,5.81,5.81,6.71,6.71,4.47,4.47,4.47,4.47,4.47,4.47,6.26,7.15,7.15,6.26,4.02,4.02,4.02,4.02
N_16_8,N_15_9,14.113393278743224,7.83,7.83,7.83,7.83,7.83,7.83,9.74,9.74,10.59,10.59,8.47,8.47,8.47,8.47,8.47,8.47,10.16,11.01,11.01,10.16,8.04,8.04,8.04,8.04
N_16_8,N_19_8,13.80906410022366,7.66,7.66,7.66,7.66,7.66,7.66,9.53,9.53,10.36,10.36,8.29,8.29,8.29,8.29,8.29,8.29,9.94,10.77,10.77,9.94,7.87,7.87,7.87,7.87
N_16_8,N_13_8,5.733407107212569,5.85,5.85,5.85,5.85,5.85,5.85,8.94,8.94,10.32,10.32,6.88,6.88,6.88,6.88,6.88,6.88,9.63,11.01,11.01,9.63,6.19,6.19,6.19,6.19
N_16_8,N_16_11,4.672399609513503,4.77,4.77,4.77,4.77,4.77,4.77,7.29,7.29,8.41,8.41,5.61,5.61,5.61,5.61,5.61,5.61,7.85,8.97,8.97,7.85,5.05,5.05,5.05,5.05
N_16_9,N_15_10,6.795063057527175,6.93,6.93,6.93,6.93,6.93,6.93,10.6,10.6,12.23,12.23,8.15,8.15,8.15,8.15,8.15,8.15,11.42,13.05,13.05,11.42,7.34,7.34,7.34,7.34
N_16_9,N_15_7,0.618783937980065,1.01,1.01,1.01,1.01,1.01,1.01,1.68,1.68,1.98,1.98,1.24,1.24,1.24,1.24,1.24,1.24,1.83,2.13,2.13,1.83,1.09,1.09,1.09,1.09
N_16_9,N_15_9,5.940874511403585,6.06,6.06,6.06,6.06,6.06,6.06,9.27,9.27,10.69,10.69,7.13,7.13,7.13,7.13,7.13,7.13,9.98,11.41,11.41,9.98,6.42,6.42,6.42,6.42
N_16_9,N_17_10,0.8227585473324193,1.35,1.35,1.35,1.35,1.35,1.35,2.24,2.24,2.63,2.63,1.65,1.65,1.65,1.65,1.65,1.65,2.44,2.83,2.83,2.44,1.45,1.45,1.45,1.45
N_16_9,N_14_11,0.8504219870592487,1.39,1.39,1.39,1.39,1.39,1.39,2.31,2.31,2.72,2.72,1.7,1.7,1.7,1.7,1.7,1.7,2.52,2.93,2.93,2.52,1.5,1.5,1.5,1.5
N_16_9,N_18_8,14.261119605721744,7.91,7.91,7.91,7.91,7.91,7.91,9.84,9.84,10.7,10.7,8.56,8.56,8.56,8.56,8.56,8.56,10.27,11.12,11.12,10.27,8.13,8.13,8.13,8.13
N_16_9,N_17_8,3.980187883486482,4.06,4.06,4.06,4.06,4.06,4.06,6.21,6.21,7.16,7.16,4.78,4.78,4.78,4.78,4.78,4.78,6.69,7.64,7.64,6.69,4.3,4.3,4.3,4.3
N_17_0,N_19_0,4.625386830182752,4.72,4.72,4.72,4.72,4.72,4.72,7.22,7.22,8.33,8.33,5.55,5.55,5.55,5.55,5.55,5.55,7.77,8.88,8.88,7.77,5.0,5.0,5.0,5.0
N_17_0,N_15_0,4.541262360524106,4.63,4.63,4.63,4.63,4.63,4.63,7.08,7.08,8.17,8.17,5.45,5.45,5.45,5.45,5.45,5.45,7.63,8.72,8.72,7.63,4.9,4.9,4.9,4.9
N_17_0,N_20_0,2.2667140769358958,3.72,3.72,3.72,3.72,3.72,3.72,6.17,6.17,7.25,7.25,4.53,4.53,4.53,4.53,4.53,4.53,6.71,7.8,7.8,6.71,3.99,3.99,3.99,3.99
N_17_0,N_15_1,5.427907664987127,5.54,5.54,5.54,5.54,5.54,5.54,8.47,8.47,9.77,9.77,6.51,6.51,6.51,6.51,6.51,6.51,9.12,10.42,10.42,9.12,5.86,5.86,5.86,5.86
N_17_0,N_18_2,4.75408448221706,4.85,4.85,4.85,4.85,4.85,4.85,7.42,7.42,8.56,8.56,5.7,5.7,5.7,5.7,5.7,5.7,7.99,9.13,9.13,7.99,5.13,5.13,5.13,5.13
N_17_0,N_17_1,13.681636756574937,7.59,7.59,7.59,7.59,7.59,7.59,9.44,9.44,10.26,10.26,8.21,8.21,8.21,8.21,8.21,8.21,9.85,10.67,10.67,9.85,7.8,7.8,7.8,7.8
N_17_0,N_16_2,3.159625839095511,3.22,3.22,3.22,3.22,3.22,3.22,4.93,4.93,5.69,5.69,3.79,3.79,3.79,3.79,3.79,3.79,5.31,6.07,6.07,5.31,3.41,3.41,3.41,3.41
N_17_1,N_14_1,0.6864830132040927,1.13,1.13,1.13,1.13,1.13,1.13,1.87,1.87,2.2,2.2,1.37,1.37,1.37,1.37,1.37,1.37,2.03,2.36,2.36,2.03,1.21,1.21,1.21,1.21
N_17_1,N_16_1,9.290987578179536,5.16,5.16,5.16,5.16,5.16,5.16,6.41,6.41,6.97,6.97,5.57,5.57,5.57,5.57,5.57,5.57,6.69,7.25,7.25,6.69,5.3,5.3,5.3,5.3
N_17_1,N_19_2,10.310179796027011,5.72,5.72,5.72,5.72,5.72,5.72,7.11,7.11,7.73,7.73,6.19,6.19,6.19,6.19,6.19,6.19,7.42,8.04,8.04,7.42,5.88,5.88,5.88,5.88
N_17_1,N_17_4,5.836331531154421,5.95,5.95,5.95,5.95,5.95,5.95,9.1,9.1,10.51,10.51,7.0,7.0,7.0,7.0,7.0,7.0,9.81,11.21,11.21,9.81,6.3,6.3,6.3,6.3
N_17_1,N_18_3,4.369771608569982,4.46,4.46,4.46,4.46,4.46,4.46,6.82,6.82,7.87,7.87,5.24,5.24,5.24,5.24,5.24,5.24,7.34,8.39,8.39,7.34,4.72,4.72,4.72,4.72
N_17_1,N_16_3,4.801504632817556,4.9,4.9,4.9,4.9,4.9,4.9,7.49,7.49,8.64,8.64,5.76,5.76,5.76,5.76,5.76,5.76,8.07,9.22,9.22,8.07,5.19,5.19,5.19,5.19
N_17_10,N_16_9,0.8227585473324193,1.35,1.35,1.35,1.35,1.35,1.35,2.24,2.24,2.63,2.63,1.65,1.65,1.65,1.65,1.65,1.65,2.44,2.83,2.83,2.44,1.45,1.45,1.45,1.45
N_17_10,N_15_10,1.0146115219110596,1.66,1.66,1.66,1.66,1.66,1.66,2.76,2.76,3.25,3.25,2.03,2.03,2.03,2.03,2.03,2.03,3.0,3.49,3.49,3.0,1.79,1.79,1.79,1.79
N_17_10,N_19_9,1.666460742100426,2.73,2.73,2.73,2.73,2.73,2.73,4.53,4.53,5.33,5.33,3.33,3.33,3.33,3.33,3.33,3.33,4.93,5.73,5.73,4.93,2.93,2.93,2.93,2.93
N_17_11,N_15_9,8.306035996965178,4.61,4.61,4.61,4.61,4.61,4.61,5.73,5.73,6.23,6.23,4.98,4.98,4.98,4.98,4.98,4.98,5.98,6.48,6.48,5.98,4.73,4.73,4.73,4.73
N_17_11,N_16_11,4.237233138276018,4.32,4.32,4.32,4.32,4.32,4.32,6.61,6.61,7.63,7.63,5.08,5.08,5.08,5.08,5.08,5.08,7.12,8.14,8.14,7.12,4.58,4.58,4.58,4.58
N_17_11,N_15_11,13.446100518862401,7.46,7.46,7.46,7.46,7.46,7.46,9.28,9.28,10.08,10.08,8.07,8.07,8.07,8.07,8.07,8.07,9.68,10.49,10.49,9.68,7.66,7.66,7.66,7.66
N_17_11,N_19_11,4.426005855166621,4.51,4.51,4.51,4.51,4.51,4.51,6.9,6.9,7.97,7.97,5.31,5.31,5.31,5.31,5.31,5.31,7.44,8.5,8.5,7.44,4.78,4.78,4.78,4.78
N_17_12,N_15_11,2.133117671198049,3.5,3.5,3.5,3.5,3.5,3.5,5.8,5.8,6.83,6.83,4.27,4.27,4.27,4.27,4.27,4.27,6.31,7.34,7.34,6.31,3.75,3.75,3.75,3.75
N_17_12,N_15_13,9.066809847714797,5.03,5.03,5.03,5.03,5.03,5.03,6.26,6.26,6.8,6.8,5.44,5.44,5.44,5.44,5.44,5.44,6.53,7.07,7.07,6.53,5.17,5.17,5.17,5.17
N_17_12,N_15_10,5.603228862807828,5.72,5.72,5.72,5.72,5.72,5.72,8.74,8.74,10.09,10.09,6.72,6.72,6.72,6.72,6.72,6.72,9.41,10.76,10.76,9.41,6.05,6.05,6.05,6.05
N_17_12,N_16_12,4.824264203829488,4.92,4.92,4.92,4.92,4.92,4.92,7.53,7.53,8.68,8.68,5.79,5.79,5.79,5.79,5.79,5.79,8.1,9.26,9.26,8.1,5.21,5.21,5.21,5.21
N_17_12,N_19_14,5.207902618571417,5.31,5.31,5.31,5.31,5.31,5.31,8.12,8.12,9.37,9.37,6.25,6.25,6.25,6.25,6.25,6.25,8.75,10.0,10.0,8.75,5.62,5.62,5.62,5.62
N_17_13,N_15_12,4.562565229108575,4.65,4.65,4.65,4.65,4.65,4.65,7.12,7.12,8.21,8.21,5.48,5.48,5.48,5.48,5.48,5.48,7.67,8.76,8.76,7.67,4.93,4.93,4.93,4.93
N_17_13,N_18_12,3.859975773045235,3.94,3.94,3.94,3.94,3.94,3.94,6.02,6.02,6.95,6.95,4.63,4.63,4.63,4.63,4.63,4.63,6.48,7.41,7.41,6.48,4.17,4.17,4.17,4.17
N_17_13,N_19_15,5.32685418217646,5.43,5.43,5.43,5.43,5.43,5.43,8.31,8.31,9.59,9.59,6.39,6.39,6.39,6.39,6.39,6.39,8.95,10.23,10.23,8.95,5.75,5.75,5.75,5.75
N_17_13,N_17_14,14.205622383195852,7.88,7.88,7.88,7.88,7.88,7.88,9.8,9.8,10.65,10.65,8.52,8.52,8.52,8.52,8.52,8.52,10.23,11.08,11.08,10.23,8.1,8.1,8.1,8.1
N_17_13,N_16_12,13.640361051593183,7.57,7.57,7.57,7.57,7.57,7.57,9.41,9.41,10.23,10.23,8.18,8.18,8.18,8.18,8.18,8.18,9.82,10.64,10.64,9.82,7.78,7.78,7.78,7.78
N_17_13,N_18_11,3.00198049103462,3.06,3.06,3.06,3.06,3.06,3.06,4.68,4.68,5.4,5.4,3.6,3.6,3.6,3.6,3.6,3.6,5.04,5.76,5.76,5.04,3.24,3.24,3.24,3.24
N_17_14,N_19_15,3.715180667208417,3.79,3.79,3.79,3.79,3.79,3.79,5.8,5.8,6.69,6.69,4.46,4.46,4.46,4.46,4.46,4.46,6.24,7.13,7.13,6.24,4.01,4.01,4.01,4.01
N_17_14,N_15_14,3.378271905341605,3.45,3.45,3.45,3.45,3.45,3.45,5.27,5.27,6.08,6.08,4.05,4.05,4.05,4.05,4.05,4.05,5.68,6.49,6.49,5.68,3.65,3.65,3.65,3.65
N_17_14,N_16_16,5.747835711794796,5.86,5.86,5.86,5.86,5.86,5.86,8.97,8.97,10.35,10.35,6.9,6.9,6.9,6.9,6.9,6.9,9.66,11.04,11.04,9.66,6.21,6.21,6.21,6.21
N_17_14,N_15_12,8.760981919914249,4.86,4.86,4.86,4.86,4.86,4.86,6.05,6.05,6.57,6.57,5.26,5.26,5.26,5.26,5.26,5.26,6.31,6.83,6.83,6.31,4.99,4.99,4.99,4.99
N_17_15,N_17_13,9.839987898646829,5.46,5.46,5.46,5.46,5.46,5.46,6.79,6.79,7.38,7.38,5.9,5.9,5.9,5.9,5.9,5.9,7.08,7.68,7.68,7.08,5.61,5.61,5.61,5.61
N_17_15,N_18_13,1.241582261696257,2.04,2.04,2.04,2.04,2.04,2.04,3.38,3.38,3.97,3.97,2.48,2.48,2.48,2.48,2.48,2.48,3.68,4.27,4.27,3.68,2.19,2.19,2.19,2.19
N_17_15,N_20_15,6.316925160444198,6.44,6.44,6.44,6.44,6.44,6.44,9.85,9.85,11.37,11.37,7.58,7.58,7.58,7.58,7.58,7.58,10.61,12.13,12.13,10.61,6.82,6.82,6.82,6.82
N_17_15,N_17_17,5.25314561705417,5.36,5.36,5.36,5.36,5.36,5.36,8.19,8.19,9.46,9.46,6.3,6.3,6.3,6.3,6.3,6.3,8.83,10.09,10.09,8.83,5.67,5.67,5.67,5.67
N_17_15,N_17_18,14.579911133859811,8.09,8.09,8.09,8.09,8.09,8.09,10.06,10.06,10.93,10.93,8.75,8.75,8.75,8.75,8.75,8.75,10.5,11.37,11.37,10.5,8.31,8.31,8.31,8.31
N_17_16,N_15_15,4.395751847799945,4.48,4.48,4.48,4.48,4.48,4.48,6.86,6.86,7.91,7.91,5.27,5.27,5.27,5.27,5.27,5.27,7.38,8.44,8.44,7.38,4.75,4.75,4.75,4.75
N_17_16,N_16_16,6.779072397142837,6.91,6.91,6.91,6.91,6.91,6.91,10.58,10.58,12.2,12.2,8.13,8.13,8.13,8.13,8.13,8.13,11.39,13.02,13.02,11.39,7.32,7.32,7.32,7.32
N_17_16,N_15_17,9.122925626325467,5.06,5.06,5.06,5.06,5.06,5.06,6.29,6.29,6.84,6.84,5.47,5.47,5.47,5.47,5.47,5.47,6.57,7.12,7.12,6.57,5.2,5.2,5.2,5.2
N_17_16,N_19_16,1.685880533901926,2.76,2.76,2.76,2.76,2.76,2.76,4.59,4.59,5.39,5.39,3.37,3.37,3.37,3.37,3.37,3.37,4.99,5.8,5.8,4.99,2.97,2.97,2.97,2.97
N_17_17,N_16_18,0.5767136876788381,0.95,0.95,0.95,0.95,0.95,0.95,1.57,1.57,1.85,1.85,1.15,1.15,1.15,1.15,1.15,1.15,1.71,1.98,1.98,1.71,1.02,1.02,1.02,1.02
N_17_17,N_17_16,2.2479012332919175,3.69,3.69,3.69,3.69,3.69,3.69,6.11,6.11,7.19,7.19,4.5,4.5,4.5,4.5,4.5,4.5,6.65,7.73,7.73,6.65,3.96,3.96,3.96,3.96
N_17_17,N_14_17,5.247345539570008,5.35,5.35,5.35,5.35,5.35,5.35,8.19,8.19,9.45,9.45,6.3,6.3,6.3,6.3,6.3,6.3,8.82,10.07,10.07,8.82,5.67,5.67,5.67,5.67
N_17_17,N_15_19,5.186340593182658,5.29,5.29,5.29,5.29,5.29,5.29,8.09,8.09,9.34,9.34,6.22,6.22,6.22,6.22,6.22,6.22,8.71,9.96,9.96,8.71,5.6,5.6,5.6,5.6
N_17_17,N_15_16,6.269239970785957,6.39,6.39,6.39,6.39,6.39,6.39,9.78,9.78,11.28,11.28,7.52,7.52,7.52,7.52,7.52,7.52,10.53,12.04,12.04,10.53,6.77,6.77,6.77,6.77
N_17_17,N_19_15,13.389341164201701,7.43,7.43,7.43,7.43,7.43,7.43,9.24,9.24,10.04,10.04,8.03,8.03,8.03,8.03,8.03,8.03,9.64,10.44,10.44,9.64,7.63,7.63,7.63,7.63
N_17_17,N_19_19,5.956232974349296,6.08,6.08,6.08,6.08,6.08,6.08,9.29,9.29,10.72,10.72,7.15,7.15,7.15,7.15,7.15,7.15,10.01,11.44,11.44,10.01,6.43,6.43,6.43,6.43
N_17_18,N_17_15,14.579911133859811,8.09,8.09,8.09,8.09,8.09,8.09,10.06,10.06,10.93,10.93,8.75,8.75,8.75,8.75,8.75,8.75,10.5,11.37,11.37,10.5,8.31,8.31,8.31,8.31
N_17_18,N_19_18,0.6205727147010296,1.02,1.02,1.02,1.02,1.02,1.02,1.69,1.69,1.99,1.99,1.24,1.24,1.24,1.24,1.24,1.24,1.84,2.13,2.13,1.84,1.09,1.09,1.09,1.09
N_17_18,N_14_18,5.262858374035565,5.37,5.37,5.37,5.37,5.37,5.37,8.21,8.21,9.47,9.47,6.32,6.32,6.32,6.32,6.32,6.32,8.84,10.1,10.1,8.84,5.68,5.68,5.68,5.68
N_17_18,N_16_16,2.2461617707949615,3.68,3.68,3.68,3.68,3.68,3.68,6.11,6.11,7.19,7.19,4.49,4.49,4.49,4.49,4.49,4.49,6.65,7.73,7.73,6.65,3.95,3.95,3.95,3.95
N_17_18,N_19_20,4.130585687602027,4.21,4.21,4.21,4.21,4.21,4.21,6.44,6.44,7.44,7.44,4.96,4.96,4.96,4.96,4.96,4.96,6.94,7.93,7.93,6.94,4.46,4.46,4.46,4.46
N_17_18,N_18_17,8.528868004360405,4.73,4.73,4.73,4.73,4.73,4.73,5.88,5.88,6.4,6.4,5.12,5.12,5.12,5.12,5.12,5.12,6.14,6.65,6.65,6.14,4.86,4.86,4.86,4.86
N_17_19,N_15_19,11.108723495330889,6.17,6.17,6.17,6.17,6.17,6.17,7.67,7.67,8.33,8.33,6.67,6.67,6.67,6.67,6.67,6.67,8.0,8.66,8.66,8.0,6.33,6.33,6.33,6.33
N_17_19,N_18_21,1.3029321368744646,2.14,2.14,2.14,2.14,2.14,2.14,3.54,3.54,4.17,4.17,2.61,2.61,2.61,2.61,2.61,2.61,3.86,4.48,4.48,3.86,2.29,2.29,2.29,2.29
N_17_19,N_14_19,4.559789985980739,4.65,4.65,4.65,4.65,4.65,4.65,7.11,7.11,8.21,8.21,5.47,5.47,5.47,5.47,5.47,5.47,7.66,8.75,8.75,7.66,4.92,4.92,4.92,4.92
N_17_19,N_18_19,3.601979680623202,3.67,3.67,3.67,3.67,3.67,3.67,5.62,5.62,6.48,6.48,4.32,4.32,4.32,4.32,4.32,4.32,6.05,6.92,6.92,6.05,3.89,3.89,3.89,3.89
N_17_19,N_20_19,6.071115354496815,6.19,6.19,6.19,6.19,6.19,6.19,9.47,9.47,10.93,10.93,7.29,7.29,7.29,7.29,7.29,7.29,10.2,11.66,11.66,10.2,6.56,6.56,6.56,6.56
N_17_19,N_16_20,3.801326208410496,3.88,3.88,3.88,3.88,3.88,3.88,5.93,5.93,6.84,6.84,4.56,4.56,4.56,4.56,4.56,4.56,6.39,7.3,7.3,6.39,4.11,4.11,4.11,4.11
N_17_2,N_19_2,0.965957700257037,1.58,1.58,1.58,1.58,1.58,1.58,2.63,2.63,3.09,3.09,1.93,1.93,1.93,1.93,1.93,1.93,2.86,3.32,3.32,2.86,1.7,1.7,1.7,1.7
N_17_2,N_19_0,3.1091857593450594,3.17,3.17,3.17,3.17,3.17,3.17,4.85,4.85,5.6,5.6,3.73,3.73,3.73,3.73,3.73,3.73,5.22,5.97,5.97,5.22,3.36,3.36,3.36,3.36
N_17_2,N_19_1,0.7462201987826411,1.22,1.22,1.22,1.22,1.22,1.22,2.03,2.03,2.39,2.39,1.49,1.49,1.49,1.49,1.49,1.49,2.21,2.57,2.57,2.21,1.31,1.31,1.31,1.31
N_17_2,N_16_1,14.07272951459584,7.81,7.81,7.81,7.81,7.81,7.81,9.71,9.71,10.55,10.55,8.44,8.44,8.44,8.44,8.44,8.44,10.13,10.98,10.98,10.13,8.02,8.02,8.02,8.02
N_17_2,N_18_1,8.344500043449452,4.63,4.63,4.63,4.63,4.63,4.63,5.76,5.76,6.26,6.26,5.01,5.01,5.01,5.01,5.01,5.01,6.01,6.51,6.51,6.01,4.76,4.76,4.76,4.76
N_17_2,N_19_4,13.396886152502404,7.44,7.44,7.44,7.44,7.44,7.44,9.24,9.24,10.05,10.05,8.04,8.04,8.04,8.04,8.04,8.04,9.65,10.45,10.45,9.65,7.64,7.64,7.64,7.64
N_17_2,N_17_5,14.784706467581373,8.21,8.21,8.21,8.21,8.21,8.21,10.2,10.2,11.09,11.09,8.87,8.87,8.87,8.87,8.87,8.87,10.64,11.53,11.53,10.64,8.43,8.43,8.43,8.43
N_17_2,N_17_0,5.065984729579203,5.17,5.17,5.17,5.17,5.17,5.17,7.9,7.9,9.12,9.12,6.08,6.08,6.08,6.08,6.08,6.08,8.51,9.73,9.73,8.51,5.47,5.47,5.47,5.47
N_17_20,N_16_19,12.815871617507312,7.11,7.11,7.11,7.11,7.11,7.11,8.84,8.84,9.61,9.61,7.69,7.69,7.69,7.69,7.69,7.69,9.23,10.0,10.0,9.23,7.31,7.31,7.31,7.31
N_17_20,N_18_19,2.1730692694381712,3.56,3.56,3.56,3.56,3.56,3.56,5.91,5.91,6.95,6.95,4.35,4.35,4.35,4.35,4.35,4.35,6.43,7.48,7.48,6.43,3.82,3.82,3.82,3.82
N_17_20,N_18_20,1.101388875087482,1.81,1.81,1.81,1.81,1.81,1.81,3.0,3.0,3.52,3.52,2.2,2.2,2.2,2.2,2.2,2.2,3.26,3.79,3.79,3.26,1.94,1.94,1.94,1.94
N_17_20,N_16_22,12.505073686474457,6.94,6.94,6.94,6.94,6.94,6.94,8.63,8.63,9.38,9.38,7.5,7.5,7.5,7.5,7.5,7.5,9.0,9.75,9.75,9.0,7.13,7.13,7.13,7.13
N_17_21,N_15_21,9.264393878351449,5.14,5.14,5.14,5.14,5.14,5.14,6.39,6.39,6.95,6.95,5.56,5.56,5.56,5.56,5.56,5.56,6.67,7.23,7.23,6.67,5.28,5.28,5.28,5.28
N_17_21,N_16_23,11.630197769083837,6.45,6.45,6.45,6.45,6.45,6.45,8.02,8.02,8.72,8.72,6.98,6.98,6.98,6.98,6.98,6.98,8.37,9.07,9.07,8.37,6.63,6.63,6.63,6.63
N_17_21,N_16_21,1.8373356190564436,3.01,3.01,3.01,3.01,3.01,3.01,5.0,5.0,5.88,5.88,3.67,3.67,3.67,3.67,3.67,3.67,5.44,6.32,6.32,5.44,3.23,3.23,3.23,3.23
N_17_21,N_19_23,9.428538271356029,5.23,5.23,5.23,5.23,5.23,5.23,6.51,6.51,7.07,7.07,5.66,5.66,5.66,5.66,5.66,5.66,6.79,7.35,7.35,6.79,5.37,5.37,5.37,5.37
N_17_22,N_19_22,11.329825589441011,6.29,6.29,6.29,6.29,6.29,6.29,7.82,7.82,8.5,8.5,6.8,6.8,6.8,6.8,6.8,6.8,8.16,8.84,8.84,8.16,6.46,6.46,6.46,6.46
N_17_22,N_17_25,1.5734544014992689,2.58,2.58,2.58,2.58,2.58,2.58,4.28,4.28,5.04,5.04,3.15,3.15,3.15,3.15,3.15,3.15,4.66,5.41,5.41,4.66,2.77,2.77,2.77,2.77
N_17_22,N_15_22,5.5474209487653265,5.66,5.66,5.66,5.66,5.66,5.66,8.65,8.65,9.99,9.99,6.66,6.66,6.66,6.66,6.66,6.66,9.32,10.65,10.65,9.32,5.99,5.99,5.99,5.99
N_17_22,N_19_23,6.6115318017262705,6.74,6.74,6.74,6.74,6.74,6.74,10.31,10.31,11.9,11.9,7.93,7.93,7.93,7.93,7.93,7.93,11.11,12.69,12.69,11.11,7.14,7.14,7.14,7.14
N_17_22,N_17_24,4.4623309062989165,4.55,4.55,4.55,4.55,4.55,4.55,6.96,6.96,8.03,8.03,5.35,5.35,5.35,5.35,5.35,5.35,7.5,8.57,8.57,7.5,4.82,4.82,4.82,4.82
N_17_22,N_16_22,4.9111593810558825,5.01,5.01,5.01,5.01,5.01,5.01,7.66,7.66,8.84,8.84,5.89,5.89,5.89,5.89,5.89,5.89,8.25,9.43,9.43,8.25,5.3,5.3,5.3,5.3
N_17_23,N_16_21,9.907207721839903,5.5,5.5,5.5,5.5,5.5,5.5,6.84,6.84,7.43,7.43,5.94,5.94,5.94,5.94,5.94,5.94,7.13,7.73,7.73,7.13,5.65,5.65,5.65,5.65
N_17_23,N_20_23,5.6448073132402,5.76,5.76,5.76,5.76,5.76,5.76,8.81,8.81,10.16,10.16,6.77,6.77,6.77,6.77,6.77,6.77,9.48,10.84,10.84,9.48,6.1,6.1,6.1,6.1
N_17_23,N_19_22,0.5684506259551039,0.93,0.93,0.93,0.93,0.93,0.93,1.55,1.55,1.82,1.82,1.14,1.14,1.14,1.14,1.14,1.14,1.68,1.96,1.96,1.68,1.0,1.0,1.0,1.0
N_17_23,N_18_22,3.1920737264810457,3.26,3.26,3.26,3.26,3.26,3.26,4.98,4.98,5.75,5.75,3.83,3.83,3.83,3.83,3.83,3.83,5.36,6.13,6.13,5.36,3.45,3.45,3.45,3.45
N_17_23,N_16_22,9.000681262034286,5.0,5.0,5.0,5.0,5.0,5.0,6.21,6.21,6.75,6.75,5.4,5.4,5.4,5.4,5.4,5.4,6.48,7.02,7.02,6.48,5.13,5.13,5.13,5.13
N_17_23,N_18_24,3.6475408195484755,3.72,3.72,3.72,3.72,3.72,3.72,5.69,5.69,6.57,6.57,4.38,4.38,4.38,4.38,4.38,4.38,6.13,7.0,7.0,6.13,3.94,3.94,3.94,3.94
N_17_23,N_18_21,4.9353794413113725,5.03,5.03,5.03,5.03,5.03,5.03,7.7,7.7,8.88,8.88,5.92,5.92,5.92,5.92,5.92,5.92,8.29,9.48,9.48,8.29,5.33,5.33,5.33,5.33
N_17_24,N_17_22,4.4623309062989165,4.55,4.55,4.55,4.55,4.55,4.55,6.96,6.96,8.03,8.03,5.35,5.35,5.35,5.35,5.35,5.35,7.5,8.57,8.57,7.5,4.82,4.82,4.82,4.82
N_17_24,N_15_22,4.369500093557516,4.46,4.46,4.46,4.46,4.46,4.46,6.82,6.82,7.87,7.87,5.24,5.24,5.24,5.24,5.24,5.24,7.34,8.39,8.39,7.34,4.72,4.72,4.72,4.72
N_17_24,N_17_27,10.557955711972724,5.86,5.86,5.86,5.86,5.86,5.86,7.28,7.28,7.92,7.92,6.33,6.33,6.33,6.33,6.33,6.33,7.6,8.24,8.24,7.6,6.02,6.02,6.02,6.02
N_17_24,N_19_23,0.7524563386229204,1.23,1.23,1.23,1.23,1.23,1.23,2.05,2.05,2.41,2.41,1.5,1.5,1.5,1.5,1.5,1.5,2.23,2.59,2.59,2.23,1.32,1.32,1.32,1.32
N_17_24,N_15_23,3.4445478653990547,3.51,3.51,3.51,3.51,3.51,3.51,5.37,5.37,6.2,6.2,4.13,4.13,4.13,4.13,4.13,4.13,5.79,6.61,6.61,5.79,3.72,3.72,3.72,3.72
N_17_24,N_16_22,14.113147172580433,7.83,7.83,7.83,7.83,7.83,7.83,9.74,9.74,10.58,10.58,8.47,8.47,8.47,8.47,8.47,8.47,10.16,11.01,11.01,10.16,8.04,8.04,8.04,8.04
N_17_24,N_18_23,6.937246797667402,7.08,7.08,7.08,7.08,7.08,7.08,10.82,10.82,12.49,12.49,8.32,8.32,8.32,8.32,8.32,8.32,11.65,13.32,13.32,11.65,7.49,7.49,7.49,7.49
N_17_24,N_19_26,1.5094474432261642,2.48,2.48,2.48,2.48,2.48,2.48,4.11,4.11,4.83,4.83,3.02,3.02,3.02,3.02,3.02,3.02,4.47,5.19,5.19,4.47,2.66,2.66,2.66,2.66
N_17_25,N_15_24,13.663283268055082,7.58,7.58,7.58,7.58,7.58,7.58,9.43,9.43,10.25,10.25,8.2,8.2,8.2,8.2,8.2,8.2,9.84,10.66,10.66,9.84,7.79,7.79,7.79,7.79
N_17_25,N_17_22,1.5734544014992689,2.58,2.58,2.58,2.58,2.58,2.58,4.28,4.28,5.04,5.04,3.15,3.15,3.15,3.15,3.15,3.15,4.66,5.41,5.41,4.66,2.77,2.77,2.77,2.77
N_17_25,N_18_23,6.820521819879578,6.96,6.96,6.96,6.96,6.96,6.96,10.64,10.64,12.28,12.28,8.18,8.18,8.18,8.18,8.18,8.18,11.46,13.1,13.1,11.46,7.37,7.37,7.37,7.37
N_17_25,N_18_24,8.342385275016705,4.63,4.63,4.63,4.63,4.63,4.63,5.76,5.76,6.26,6.26,5.01,5.01,5.01,5.01,5.01,5.01,6.01,6.51,6.51,6.01,4.76,4.76,4.76,4.76
N_17_26,N_15_24,9.71722701570751,5.39,5.39,5.39,5.39,5.39,5.39,6.7,6.7,7.29,7.29,5.83,5.83,5.83,5.83,5.83,5.83,7.0,7.58,7.58,7.0,5.54,5.54,5.54,5.54
N_17_26,N_16_27,1.6222245922836211,2.66,2.66,2.66,2.66,2.66,2.66,4.41,4.41,5.19,5.19,3.24,3.24,3.24,3.24,3.24,3.24,4.8,5.58,5.58,4.8,2.86,2.86,2.86,2.86
N_17_26,N_15_25,6.227953105463239,6.35,6.35,6.35,6.35,6.35,6.35,9.72,9.72,11.21,11.21,7.47,7.47,7.47,7.47,7.47,7.47,10.46,11.96,11.96,10.46,6.73,6.73,6.73,6.73
N_17_26,N_17_24,13.50418994662241,7.49,7.49,7.49,7.49,7.49,7.49,9.32,9.32,10.13,10.13,8.1,8.1,8.1,8.1,8.1,8.1,9.72,10.53,10.53,9.72,7.7,7.7,7.7,7.7
N_17_27,N_15_28,14.80235646264434,8.22,8.22,8.22,8.22,8.22,8.22,10.21,10.21,11.1,11.1,8.88,8.88,8.88,8.88,8.88,8.88,10.66,11.55,11.55,10.66,8.44,8.44,8.44,8.44
N_17_27,N_16_28,13.650640711768144,7.58,7.58,7.58,7.58,7.58,7.58,9.42,9.42,10.24,10.24,8.19,8.19,8.19,8.19,8.19,8.19,9.83,10.65,10.65,9.83,7.78,7.78,7.78,7.78
N_17_27,N_17_24,10.557955711972724,5.86,5.86,5.86,5.86,5.86,5.86,7.28,7.28,7.92,7.92,6.33,6.33,6.33,6.33,6.33,6.33,7.6,8.24,8.24,7.6,6.02,6.02,6.02,6.02
N_17_28,N_16_28,9.162814182180385,5.09,5.09,5.09,5.09,5.09,5.09,6.32,6.32,6.87,6.87,5.5,5.5,5.5,5.5,5.5,5.5,6.6,7.15,7.15,6.6,5.22,5.22,5.22,5.22
N_17_28,N_17_26,13.949757893788622,7.74,7.74,7.74,7.74,7.74,7.74,9.63,9.63,10.46,10.46,8.37,8.37,8.37,8.37,8.37,8.37,10.04,10.88,10.88,10.04,7.95,7.95,7.95,7.95
N_17_28,N_17_31,4.729909253766362,4.82,4.82,4.82,4.82,4.82,4.82,7.38,7.38,8.51,8.51,5.68,5.68,5.68,5.68,5.68,5.68,7.95,9.08,9.08,7.95,5.11,5.11,5.11,5.11
N_17_28,N_18_28,13.389619104276782,7.43,7.43,7.43,7.43,7.43,7.43,9.24,9.24,10.04,10.04,8.03,8.03,8.03,8.03,8.03,8.03,9.64,10.44,10.44,9.64,7.63,7.63,7.63,7.63
N_17_28,N_18_30,6.618925429930412,6.75,6.75,6.75,6.75,6.75,6.75,10.33,10.33,11.91,11.91,7.94,7.94,7.94,7.94,7.94,7.94,11.12,12.71,12.71,11.12,7.15,7.15,7.15,7.15
N_17_28,N_19_30,5.667913938650377,5.78,5.78,5.78,5.78,5.78,5.78,8.84,8.84,10.2,10.2,6.8,6.8,6.8,6.8,6.8,6.8,9.52,10.88,10.88,9.52,6.12,6.12,6.12,6.12
N_17_28,N_19_29,3.0517044395545416,3.11,3.11,3.11,3.11,3.11,3.11,4.76,4.76,5.49,5.49,3.66,3.66,3.66,3.66,3.66,3.66,5.13,5.86,5.86,5.13,3.3,3.3,3.3,3.3
N_17_28,N_16_26,5.343136474340441,5.45,5.45,5.45,5.45,5.45,5.45,8.34,8.34,9.62,9.62,6.41,6.41,6.41,6.41,6.41,6.41,8.98,10.26,10.26,8.98,5.77,5.77,5.77,5.77
N_17_29,N_15_29,3.473304776159755,3.54,3.54,3.54,3.54,3.54,3.54,5.42,5.42,6.25,6.25,4.17,4.17,4.17,4.17,4.17,4.17,5.84,6.67,6.67,5.84,3.75,3.75,3.75,3.75
N_17_29,N_15_30,6.152545405633601,6.28,6.28,6.28,6.28,6.28,6.28,9.6,9.6,11.07,11.07,7.38,7.38,7.38,7.38,7.38,7.38,10.34,11.81,11.81,10.34,6.64,6.64,6.64,6.64
N_17_29,N_15_31,5.091061563410646,5.19,5.19,5.19,5.19,5.19,5.19,7.94,7.94,9.16,9.16,6.11,6.11,6.11,6.11,6.11,6.11,8.55,9.77,9.77,8.55,5.5,5.5,5.5,5.5
N_17_29,N_18_29,5.676273462417164,5.79,5.79,5.79,5.79,5.79,5.79,8.85,8.85,10.22,10.22,6.81,6.81,6.81,6.81,6.81,6.81,9.54,10.9,10.9,9.54,6.13,6.13,6.13,6.13
N_17_29,N_19_27,3.096577692941465,3.16,3.16,3.16,3.16,3.16,3.16,4.83,4.83,5.57,5.57,3.72,3.72,3.72,3.72,3.72,3.72,5.2,5.95,5.95,5.2,3.34,3.34,3.34,3.34
N_17_29,N_16_31,14.444687849916573,8.02,8.02,8.02,8.02,8.02,8.02,9.97,9.97,10.83,10.83,8.67,8.67,8.67,8.67,8.67,8.67,10.4,11.27,11.27,10.4,8.23,8.23,8.23,8.23
N_17_3,N_15_3,3.4367382431376137,3.51,3.51,3.51,3.51,3.51,3.51,5.36,5.36,6.19,6.19,4.12,4.12,4.12,4.12,4.12,4.12,5.77,6.6,6.6,5.77,3.71,3.71,3.71,3.71
N_17_3,N_16_5,6.979673633074802,7.12,7.12,7.12,7.12,7.12,7.12,10.89,10.89,12.56,12.56,8.38,8.38,8.38,8.38,8.38,8.38,11.73,13.4,13.4,11.73,7.54,7.54,7.54,7.54
N_17_3,N_19_5,5.465610907621228,5.57,5.57,5.57,5.57,5.57,5.57,8.53,8.53,9.84,9.84,6.56,6.56,6.56,6.56,6.56,6.56,9.18,10.49,10.49,9.18,5.9,5.9,5.9,5.9
N_17_3,N_16_1,0.955141847081991,1.57,1.57,1.57,1.57,1.57,1.57,2.6,2.6,3.06,3.06,1.91,1.91,1.91,1.91,1.91,1.91,2.83,3.29,3.29,2.83,1.68,1.68,1.68,1.68
N_17_3,N_19_3,4.251697380000344,4.34,4.34,4.34,4.34,4.34,4.34,6.63,6.63,7.65,7.65,5.1,5.1,5.1,5.1,5.1,5.1,7.14,8.16,8.16,7.14,4.59,4.59,4.59,4.59
N_17_30,N_16_31,13.29082780455629,7.38,7.38,7.38,7.38,7.38,7.38,9.17,9.17,9.97,9.97,7.97,7.97,7.97,7.97,7.97,7.97,9.57,10.37,10.37,9.57,7.58,7.58,7.58,7.58
N_17_30,N_14_30,6.507732202505773,6.64,6.64,6.64,6.64,6.64,6.64,10.15,10.15,11.71,11.71,7.81,7.81,7.81,7.81,7.81,7.81,10.93,12.49,12.49,10.93,7.03,7.03,7.03,7.03
N_17_30,N_15_29,13.011216702916828,7.22,7.22,7.22,7.22,7.22,7.22,8.98,8.98,9.76,9.76,7.81,7.81,7.81,7.81,7.81,7.81,9.37,10.15,10.15,9.37,7.42,7.42,7.42,7.42
N_17_30,N_18_29,6.685033303059344,6.82,6.82,6.82,6.82,6.82,6.82,10.43,10.43,12.03,12.03,8.02,8.02,8.02,8.02,8.02,8.02,11.23,12.84,12.84,11.23,7.22,7.22,7.22,7.22
N_17_30,N_15_30,2.1291461717555586,3.49,3.49,3.49,3.49,3.49,3.49,5.79,5.79,6.81,6.81,4.26,4.26,4.26,4.26,4.26,4.26,6.3,7.32,7.32,6.3,3.75,3.75,3.75,3.75
N_17_31,N_14_31,1.7783869799151992,2.92,2.92,2.92,2.92,2.92,2.92,4.84,4.84,5.69,5.69,3.56,3.56,3.56,3.56,3.56,3.56,5.26,6.12,6.12,5.26,3.13,3.13,3.13,3.13
N_17_31,N_17_28,4.729909253766362,4.82,4.82,4.82,4.82,4.82,4.82,7.38,7.38,8.51,8.51,5.68,5.68,5.68,5.68,5.68,5.68,7.95,9.08,9.08,7.95,5.11,5.11,5.11,5.11
N_17_31,N_17_29,1.3290516817021718,2.18,2.18,2.18,2.18,2.18,2.18,3.62,3.62,4.25,4.25,2.66,2.66,2.66,2.66,2.66,2.66,3.93,4.57,4.57,3.93,2.34,2.34,2.34,2.34
N_17_32,N_19_31,14.422356177043394,8.0,8.0,8.0,8.0,8.0,8.0,9.95,9.95,10.82,10.82,8.65,8.65,8.65,8.65,8.65,8.65,10.38,11.25,11.25,10.38,8.22,8.22,8.22,8.22
N_17_32,N_18_31,5.141439655825042,5.24,5.24,5.24,5.24,5.24,5.24,8.02,8.02,9.25,9.25,6.17,6.17,6.17,6.17,6.17,6.17,8.64,9.87,9.87,8.64,5.55,5.55,5.55,5.55
N_17_32,N_15_33,0.9556488502041436,1.57,1.57,1.57,1.57,1.57,1.57,2.6,2.6,3.06,3.06,1.91,1.91,1.91,1.91,1.91,1.91,2.83,3.29,3.29,2.83,1.68,1.68,1.68,1.68
N_17_32,N_16_33,6.905972050251746,7.04,7.04,7.04,7.04,7.04,7.04,10.77,10.77,12.43,12.43,8.29,8.29,8.29,8.29,8.29,8.29,11.6,13.26,13.26,11.6,7.46,7.46,7.46,7.46
N_17_32,N_18_30,9.883934065847203,5.49,5.49,5.49,5.49,5.49,5.49,6.82,6.82,7.41,7.41,5.93,5.93,5.93,5.93,5.93,5.93,7.12,7.71,7.71,7.12,5.63,5.63,5.63,5.63
N_17_33,N_15_34,1.6940775857975452,2.78,2.78,2.78,2.78,2.78,2.78,4.61,4.61,5.42,5.42,3.39,3.39,3.39,3.39,3.39,3.39,5.01,5.83,5.83,5.01,2.98,2.98,2.98,2.98
N_17_33,N_16_31,0.9304082790285471,1.53,1.53,1.53,1.53,1.53,1.53,2.53,2.53,2.98,2.98,1.86,1.86,1.86,1.86,1.86,1.86,2.75,3.2,3.2,2.75,1.64,1.64,1.64,1.64
N_17_33,N_19_34,5.698670485754641,5.81,5.81,5.81,5.81,5.81,5.81,8.89,8.89,10.26,10.26,6.84,6.84,6.84,6.84,6.84,6.84,9.57,10.94,10.94,9.57,6.15,6.15,6.15,6.15
N_17_33,N_20_33,6.503874793885795,6.63,6.63,6.63,6.63,6.63,6.63,10.15,10.15,11.71,11.71,7.8,7.8,7.8,7.8,7.8,7.8,10.93,12.49,12.49,10.93,7.02,7.02,7.02,7.02
N_17_33,N_16_35,11.777288294294848,6.54,6.54,6.54,6.54,6.54,6.54,8.13,8.13,8.83,8.83,7.07,7.07,7.07,7.07,7.07,7.07,8.48,9.19,9.19,8.48,6.71,6.71,6.71,6.71
N_17_33,N_19_32,3.027101366844431,3.09,3.09,3.09,3.09,3.09,3.09,4.72,4.72,5.45,5.45,3.63,3.63,3.63,3.63,3.63,3.63,5.09,5.81,5.81,5.09,3.27,3.27,3.27,3.27
N_17_33,N_17_34,14.841476943322224,8.24,8.24,8.24,8.24,8.24,8.24,10.24,10.24,11.13,11.13,8.9,8.9,8.9,8.9,8.9,8.9,10.69,11.58,11.58,10.69,8.46,8.46,8.46,8.46
N_17_34,N_16_34,4.930230369524832,5.03,5.03,5.03,5.03,5.03,5.03,7.69,7.69,8.87,8.87,5.92,5.92,5.92,5.92,5.92,5.92,8.28,9.47,9.47,8.28,5.32,5.32,5.32,5.32
N_17_34,N_17_33,14.841476943322224,8.24,8.24,8.24,8.24,8.24,8.24,10.24,10.24,11.13,11.13,8.9,8.9,8.9,8.9,8.9,8.9,10.69,11.58,11.58,10.69,8.46,8.46,8.46,8.46
N_17_34,N_18_32,3.7096438022632285,3.78,3.78,3.78,3.78,3.78,3.78,5.79,5.79,6.68,6.68,4.45,4.45,4.45,4.45,4.45,4.45,6.23,7.12,7.12,6.23,4.01,4.01,4.01,4.01
N_17_34,N_15_35,8.635141434460614,4.79,4.79,4.79,4.79,4.79,4.79,5.96,5.96,6.48,6.48,5.18,5.18,5.18,5.18,5.18,5.18,6.22,6.74,6.74,6.22,4.92,4.92,4.92,4.92
N_17_34,N_19_36,10.458404793586226,5.8,5.8,5.8,5.8,5.8,5.8,7.22,7.22,7.84,7.84,6.28,6.28,6.28,6.28,6.28,6.28,7.53,8.16,8.16,7.53,5.96,5.96,5.96,5.96
N_17_34,N_16_35,11.162092449238209,6.19,6.19,6.19,6.19,6.19,6.19,7.7,7.7,8.37,8.37,6.7,6.7,6.7,6.7,6.7,6.7,8.04,8.71,8.71,8.04,6.36,6.36,6.36,6.36
N_17_35,N_15_35,0.6939315627827807,1.14,1.14,1.14,1.14,1.14,1.14,1.89,1.89,2.22,2.22,1.39,1.39,1.39,1.39,1.39,1.39,2.05,2.39,2.39,2.05,1.22,1.22,1.22,1.22
N_17_35,N_16_35,10.619178123905474,5.89,5.89,5.89,5.89,5.89,5.89,7.33,7.33,7.96,7.96,6.37,6.37,6.37,6.37,6.37,6.37,7.65,8.28,8.28,7.65,6.05,6.05,6.05,6.05
N_17_35,N_19_36,6.38389223455405,6.51,6.51,6.51,6.51,6.51,6.51,9.96,9.96,11.49,11.49,7.66,7.66,7.66,7.66,7.66,7.66,10.72,12.26,12.26,10.72,6.89,6.89,6.89,6.89
N_17_35,N_17_34,6.257445896237953,6.38,6.38,6.38,6.38,6.38,6.38,9.76,9.76,11.26,11.26,7.51,7.51,7.51,7.51,7.51,7.51,10.51,12.01,12.01,10.51,6.76,6.76,6.76,6.76
N_17_35,N_18_37,6.7411721807,6.88,6.88,6.88,6.88,6.88,6.88,10.52,10.52,12.13,12.13,8.09,8.09,8.09,8.09,8.09,8.09,11.33,12.94,12.94,11.33,7.28,7.28,7.28,7.28
N_17_35,N_14_35,3.4811323227645405,3.55,3.55,3.55,3.55,3.55,3.55,5.43,5.43,6.27,6.27,4.18,4.18,4.18,4.18,4.18,4.18,5.85,6.68,6.68,5.85,3.76,3.76,3.76,3.76
N_17_35,N_15_37,0.7155498467244805,1.17,1.17,1.17,1.17,1.17,1.17,1.95,1.95,2.29,2.29,1.43,1.43,1.43,1.43,1.43,1.43,2.12,2.46,2.46,2.12,1.26,1.26,1.26,1.26
N_17_36,N_15_37,11.386036693147375,6.32,6.32,6.32,6.32,6.32,6.32,7.86,7.86,8.54,8.54,6.83,6.83,6.83,6.83,6.83,6.83,8.2,8.88,8.88,8.2,6.49,6.49,6.49,6.49
N_17_36,N_19_35,14.87641942834759,8.26,8.26,8.26,8.26,8.26,8.26,10.26,10.26,11.16,11.16,8.93,8.93,8.93,8.93,8.93,8.93,10.71,11.6,11.6,10.71,8.48,8.48,8.48,8.48
N_17_36,N_18_34,1.8193200485056256,2.98,2.98,2.98,2.98,2.98,2.98,4.95,4.95,5.82,5.82,3.64,3.64,3.64,3.64,3.64,3.64,5.39,6.26,6.26,5.39,3.2,3.2,3.2,3.2
N_17_37,N_16_36,3.1769916776189904,3.24,3.24,3.24,3.24,3.24,3.24,4.96,4.96,5.72,5.72,3.81,3.81,3.81,3.81,3.81,3.81,5.34,6.1,6.1,5.34,3.43,3.43,3.43,3.43
N_17_37,N_19_36,4.961861372704331,5.06,5.06,5.06,5.06,5.06,5.06,7.74,7.74,8.93,8.93,5.95,5.95,5.95,5.95,5.95,5.95,8.34,9.53,9.53,8.34,5.36,5.36,5.36,5.36
N_17_37,N_18_37,4.936417955448128,5.04,5.04,5.04,5.04,5.04,5.04,7.7,7.7,8.89,8.89,5.92,5.92,5.92,5.92,5.92,5.92,8.29,9.48,9.48,8.29,5.33,5.33,5.33,5.33
N_17_38,N_19_37,5.151054681910135,5.25,5.25,5.25,5.25,5.25,5.25,8.04,8.04,9.27,9.27,6.18,6.18,6.18,6.18,6.18,6.18,8.65,9.89,9.89,8.65,5.56,5.56,5.56,5.56
N_17_38,N_17_36,4.735216252164247,4.83,4.83,4.83,4.83,4.83,4.83,7.39,7.39,8.52,8.52,5.68,5.68,5.68,5.68,5.68,5.68,7.96,9.09,9.09,7.96,5.11,5.11,5.11,5.11
N_17_38,N_17_37,1.5174911673489797,2.49,2.49,2.49,2.49,2.49,2.49,4.13,4.13,4.86,4.86,3.03,3.03,3.03,3.03,3.03,3.03,4.49,5.22,5.22,4.49,2.67,2.67,2.67,2.67
N_17_38,N_19_39,9.501452145655119,5.27,5.27,5.27,5.27,5.27,5.27,6.56,6.56,7.13,7.13,5.7,5.7,5.7,5.7,5.7,5.7,6.84,7.41,7.41,6.84,5.42,5.42,5.42,5.42
N_17_38,N_14_38,9.550970010361628,5.3,5.3,5.3,5.3,5.3,5.3,6.59,6.59,7.16,7.16,5.73,5.73,5.73,5.73,5.73,5.73,6.88,7.45,7.45,6.88,5.44,5.44,5.44,5.44
N_17_39,N_17_37,2.4741709886478747,4.06,4.06,4.06,4.06,4.06,4.06,6.73,6.73,7.92,7.92,4.95,4.95,4.95,4.95,4.95,4.95,7.32,8.51,8.51,7.32,4.35,4.35,4.35,4.35
N_17_39,N_17_36,6.351149243174754,6.48,6.48,6.48,6.48,6.48,6.48,9.91,9.91,11.43,11.43,7.62,7.62,7.62,7.62,7.62,7.62,10.67,12.19,12.19,10.67,6.86,6.86,6.86,6.86
N_17_39,N_16_38,9.72321214044352,5.4,5.4,5.4,5.4,5.4,5.4,6.71,6.71,7.29,7.29,5.83,5.83,5.83,5.83,5.83,5.83,7.0,7.58,7.58,7.0,5.54,5.54,5.54,5.54
N_17_39,N_16_37,1.3456812006294088,2.21,2.21,2.21,2.21,2.21,2.21,3.66,3.66,4.31,4.31,2.69,2.69,2.69,2.69,2.69,2.69,3.98,4.63,4.63,3.98,2.37,2.37,2.37,2.37
N_17_39,N_18_37,1.7523808227440603,2.87,2.87,2.87,2.87,2.87,2.87,4.77,4.77,5.61,5.61,3.5,3.5,3.5,3.5,3.5,3.5,5.19,6.03,6.03,5.19,3.08,3.08,3.08,3.08
N_17_39,N_19_37,1.9732671367188719,3.24,3.24,3.24,3.24,3.24,3.24,5.37,5.37,6.31,6.31,3.95,3.95,3.95,3.95,3.95,3.95,5.84,6.79,6.79,5.84,3.47,3.47,3.47,3.47
N_17_39,N_16_39,4.6635494775639454,4.76,4.76,4.76,4.76,4.76,4.76,7.28,7.28,8.39,8.39,5.6,5.6,5.6,5.6,5.6,5.6,7.83,8.95,8.95,7.83,5.04,5.04,5.04,5.04
N_17_39,N_15_37,14.307530629087058,7.94,7.94,7.94,7.94,7.94,7.94,9.87,9.87,10.73,10.73,8.58,8.58,8.58,8.58,8.58,8.58,10.3,11.16,11.16,10.3,8.16,8.16,8.16,8.16
N_17_4,N_16_6,11.990758335817564,6.65,6.65,6.65,6.65,6.65,6.65,8.27,8.27,8.99,8.99,7.19,7.19,7.19,7.19,7.19,7.19,8.63,9.35,9.35,8.63,6.83,6.83,6.83,6.83
N_17_4,N_15_4,13.760142365092019,7.64,7.64,7.64,7.64,7.64,7.64,9.49,9.49,10.32,10.32,8.26,8.26,8.26,8.26,8.26,8.26,9.91,10.73,10.73,9.91,7.84,7.84,7.84,7.84
N_17_4,N_19_5,1.6094999737509235,2.64,2.64,2.64,2.64,2.64,2.64,4.38,4.38,5.15,5.15,3.22,3.22,3.22,3.22,3.22,3.22,4.76,5.54,5.54,4.76,2.83,2.83,2.83,2.83
N_17_4,N_16_4,14.968909243120747,8.31,8.31,8.31,8.31,8.31,8.31,10.33,10.33,11.23,11.23,8.98,8.98,8.98,8.98,8.98,8.98,10.78,11.68,11.68,10.78,8.53,8.53,8.53,8.53
N_17_4,N_15_2,9.600515553848584,5.33,5.33,5.33,5.33,5.33,5.33,6.62,6.62,7.2,7.2,5.76,5.76,5.76,5.76,5.76,5.76,6.91,7.49,7.49,6.91,5.47,5.47,5.47,5.47
N_17_5,N_17_2,14.784706467581373,8.21,8.21,8.21,8.21,8.21,8.21,10.2,10.2,11.09,11.09,8.87,8.87,8.87,8.87,8.87,8.87,10.64,11.53,11.53,10.64,8.43,8.43,8.43,8.43
N_17_5,N_16_6,12.508946190737166,6.94,6.94,6.94,6.94,6.94,6.94,8.63,8.63,9.38,9.38,7.51,7.51,7.51,7.51,7.51,7.51,9.01,9.76,9.76,9.01,7.13,7.13,7.13,7.13
N_17_5,N_17_6,10.042639192485527,5.57,5.57,5.57,5.57,5.57,5.57,6.93,6.93,7.53,7.53,6.03,6.03,6.03,6.03,6.03,6.03,7.23,7.83,7.83,7.23,5.72,5.72,5.72,5.72
N_17_6,N_16_6,5.245302944926834,5.35,5.35,5.35,5.35,5.35,5.35,8.18,8.18,9.44,9.44,6.29,6.29,6.29,6.29,6.29,6.29,8.81,10.07,10.07,8.81,5.66,5.66,5.66,5.66
N_17_6,N_17_5,10.042639192485527,5.57,5.57,5.57,5.57,5.57,5.57,6.93,6.93,7.53,7.53,6.03,6.03,6.03,6.03,6.03,6.03,7.23,7.83,7.83,7.23,5.72,5.72,5.72,5.72
N_17_6,N_16_7,8.726548185871662,4.84,4.84,4.84,4.84,4.84,4.84,6.02,6.02,6.54,6.54,5.24,5.24,5.24,5.24,5.24,5.24,6.28,6.81,6.81,6.28,4.97,4.97,4.97,4.97
N_17_7,N_16_6,14.894080234372185,8.27,8.27,8.27,8.27,8.27,8.27,10.28,10.28,11.17,11.17,8.94,8.94,8.94,8.94,8.94,8.94,10.72,11.62,11.62,10.72,8.49,8.49,8.49,8.49
N_17_7,N_15_6,6.951909918686675,7.09,7.09,7.09,7.09,7.09,7.09,10.84,10.84,12.51,12.51,8.34,8.34,8.34,8.34,8.34,8.34,11.68,13.35,13.35,11.68,7.51,7.51,7.51,7.51
N_17_7,N_16_7,0.8062758364412663,1.32,1.32,1.32,1.32,1.32,1.32,2.19,2.19,2.58,2.58,1.61,1.61,1.61,1.61,1.61,1.61,2.39,2.77,2.77,2.39,1.42,1.42,1.42,1.42
N_17_7,N_19_6,3.577629604544148,3.65,3.65,3.65,3.65,3.65,3.65,5.58,5.58,6.44,6.44,4.29,4.29,4.29,4.29,4.29,4.29,6.01,6.87,6.87,6.01,3.86,3.86,3.86,3.86
N_17_7,N_17_6,14.771590044492203,8.2,8.2,8.2,8.2,8.2,8.2,10.19,10.19,11.08,11.08,8.86,8.86,8.86,8.86,8.86,8.86,10.64,11.52,11.52,10.64,8.42,8.42,8.42,8.42
N_17_7,N_20_7,1.2361561915279264,2.03,2.03,2.03,2.03,2.03,2.03,3.36,3.36,3.96,3.96,2.47,2.47,2.47,2.47,2.47,2.47,3.66,4.25,4.25,3.66,2.18,2.18,2.18,2.18
N_17_8,N_15_10,8.77886666425475,4.87,4.87,4.87,4.87,4.87,4.87,6.06,6.06,6.58,6.58,5.27,5.27,5.27,5.27,5.27,5.27,6.32,6.85,6.85,6.32,5.0,5.0,5.0,5.0
N_17_8,N_15_7,10.949839881257471,6.08,6.08,6.08,6.08,6.08,6.08,7.56,7.56,8.21,8.21,6.57,6.57,6.57,6.57,6.57,6.57,7.88,8.54,8.54,7.88,6.24,6.24,6.24,6.24
N_17_8,N_16_9,3.980187883486482,4.06,4.06,4.06,4.06,4.06,4.06,6.21,6.21,7.16,7.16,4.78,4.78,4.78,4.78,4.78,4.78,6.69,7.64,7.64,6.69,4.3,4.3,4.3,4.3
N_17_8,N_17_11,12.988129029696848,7.21,7.21,7.21,7.21,7.21,7.21,8.96,8.96,9.74,9.74,7.79,7.79,7.79,7.79,7.79,7.79,9.35,10.13,10.13,9.35,7.4,7.4,7.4,7.4
N_17_8,N_17_10,1.958613599230736,3.21,3.21,3.21,3.21,3.21,3.21,5.33,5.33,6.27,6.27,3.92,3.92,3.92,3.92,3.92,3.92,5.8,6.74,6.74,5.8,3.45,3.45,3.45,3.45
N_17_8,N_16_7,4.853503720408842,4.95,4.95,4.95,4.95,4.95,4.95,7.57,7.57,8.74,8.74,5.82,5.82,5.82,5.82,5.82,5.82,8.15,9.32,9.32,8.15,5.24,5.24,5.24,5.24
N_17_9,N_15_11,6.3864370982489485,6.51,6.51,6.51,6.51,6.51,6.51,9.96,9.96,11.5,11.5,7.66,7.66,7.66,7.66,7.66,7.66,10.73,12.26,12.26,10.73,6.9,6.9,6.9,6.9
N_17_9,N_17_12,11.100862392536161,6.16,6.16,6.16,6.16,6.16,6.16,7.66,7.66,8.33,8.33,6.66,6.66,6.66,6.66,6.66,6.66,7.99,8.66,8.66,7.99,6.33,6.33,6.33,6.33
N_17_9,N_15_8,5.667974149356508,5.78,5.78,5.78,5.78,5.78,5.78,8.84,8.84,10.2,10.2,6.8,6.8,6.8,6.8,6.8,6.8,9.52,10.88,10.88,9.52,6.12,6.12,6.12,6.12
N_17_9,N_19_9,5.253456019438506,5.36,5.36,5.36,5.36,5.36,5.36,8.2,8.2,9.46,9.46,6.3,6.3,6.3,6.3,6.3,6.3,8.83,10.09,10.09,8.83,5.67,5.67,5.67,5.67
N_17_9,N_17_11,10.879028120751938,6.04,6.04,6.04,6.04,6.04,6.04,7.51,7.51,8.16,8.16,6.53,6.53,6.53,6.53,6.53,6.53,7.83,8.49,8.49,7.83,6.2,6.2,6.2,6.2
N_17_9,N_18_10,0.7611101681384482,1.25,1.25,1.25,1.25,1.25,1.25,2.07,2.07,2.44,2.44,1.52,1.52,1.52,1.52,1.52,1.52,2.25,2.62,2.62,2.25,1.34,1.34,1.34,1.34
N_18_0,N_16_0,2.1828507032385227,3.58,3.58,3.58,3.58,3.58,3.58,5.94,5.94,6.99,6.99,4.37,4.37,4.37,4.37,4.37,4.37,6.46,7.51,7.51,6.46,3.84,3.84,3.84,3.84
N_18_0,N_16_1,3.1039684090034365,3.17,3.17,3.17,3.17,3.17,3.17,4.84,4.84,5.59,5.59,3.72,3.72,3.72,3.72,3.72,3.72,5.21,5.96,5.96,5.21,3.35,3.35,3.35,3.35
N_18_0,N_19_2,1.115123686800577,1.83,1.83,1.83,1.83,1.83,1.83,3.03,3.03,3.57,3.57,2.23,2.23,2.23,2.23,2.23,2.23,3.3,3.84,3.84,3.3,1.96,1.96,1.96,1.96
N_18_0,N_18_1,4.262000131113783,4.35,4.35,4.35,4.35,4.35,4.35,6.65,6.65,7.67,7.67,5.11,5.11,5.11,5.11,5.11,5.11,7.16,8.18,8.18,7.16,4.6,4.6,4.6,4.6
N_18_0,N_21_0,4.354483088958359,4.44,4.44,4.44,4.44,4.44,4.44,6.79,6.79,7.84,7.84,5.23,5.23,5.23,5.23,5.23,5.23,7.32,8.36,8.36,7.32,4.7,4.7,4.7,4.7
N_18_0,N_18_3,6.209343718346583,6.33,6.33,6.33,6.33,6.33,6.33,9.69,9.69,11.18,11.18,7.45,7.45,7.45,7.45,7.45,7.45,10.43,11.92,11.92,10.43,6.71,6.71,6.71,6.71
N_18_0,N_16_2,0.8265134903071205,1.36,1.36,1.36,1.36,1.36,1.36,2.25,2.25,2.64,2.64,1.65,1.65,1.65,1.65,1.65,1.65,2.45,2.84,2.84,2.45,1.45,1.45,1.45,1.45
N_18_0,N_20_2,1.3193597817164722,2.16,2.16,2.16,2.16,2.16,2.16,3.59,3.59,4.22,4.22,2.64,2.64,2.64,2.64,2.64,2.64,3.91,4.54,4.54,3.91,2.32,2.32,2.32,2.32
N_18_1,N_16_2,11.25315152625895,6.25,6.25,6.25,6.25,6.25,6.25,7.76,7.76,8.44,8.44,6.75,6.75,6.75,6.75,6.75,6.75,8.1,8.78,8.78,8.1,6.41,6.41,6.41,6.41
N_18_1,N_17_2,8.344500043449452,4.63,4.63,4.63,4.63,4.63,4.63,5.76,5.76,6.26,6.26,5.01,5.01,5.01,5.01,5.01,5.01,6.01,6.51,6.51,6.01,4.76,4.76,4.76,4.76
N_18_1,N_18_4,3.0794266751497,3.14,3.14,3.14,3.14,3.14,3.14,4.8,4.8,5.54,5.54,3.7,3.7,3.7,3.7,3.7,3.7,5.17,5.91,5.91,5.17,3.33,3.33,3.33,3.33
N_18_10,N_16_12,4.33994314000305,4.43,4.43,4.43,4.43,4.43,4.43,6.77,6.77,7.81,7.81,5.21,5.21,5.21,5.21,5.21,5.21,7.29,8.33,8.33,7.29,4.69,4.69,4.69,4.69
N_18_10,N_16_8,1.2304319568165067,2.02,2.02,2.02,2.02,2.02,2.02,3.35,3.35,3.94,3.94,2.46,2.46,2.46,2.46,2.46,2.46,3.64,4.23,4.23,3.64,2.17,2.17,2.17,2.17
N_18_10,N_20_11,6.928145573152053,7.07,7.07,7.07,7.07,7.07,7.07,10.81,10.81,12.47,12.47,8.31,8.31,8.31,8.31,8.31,8.31,11.64,13.3,13.3,11.64,7.48,7.48,7.48,7.48
N_18_10,N_20_10,10.229972856795165,5.68,5.68,5.68,5.68,5.68,5.68,7.06,7.06,7.67,7.67,6.14,6.14,6.14,6.14,6.14,6.14,7.37,7.98,7.98,7.37,5.83,5.83,5.83,5.83
N_18_10,N_18_8,5.802059540350321,5.92,5.92,5.92,5.92,5.92,5.92,9.05,9.05,10.44,10.44,6.96,6.96,6.96,6.96,6.96,6.96,9.75,11.14,11.14,9.75,6.27,6.27,6.27,6.27
N_18_10,N_18_9,1.175035656101342,1.93,1.93,1.93,1.93,1.93,1.93,3.2,3.2,3.76,3.76,2.35,2.35,2.35,2.35,2.35,2.35,3.48,4.04,4.04,3.48,2.07,2.07,2.07,2.07
N_18_10,N_18_13,1.8133867749286818,2.97,2.97,2.97,2.97,2.97,2.97,4.93,4.93,5.8,5.8,3.63,3.63,3.63,3.63,3.63,3.63,5.37,6.24,6.24,5.37,3.19,3.19,3.19,3.19
N_18_10,N_20_8,3.1254952290847853,3.19,3.19,3.19,3.19,3.19,3.19,4.88,4.88,5.63,5.63,3.75,3.75,3.75,3.75,3.75,3.75,5.25,6.0,6.0,5.25,3.38,3.38,3.38,3.38
N_18_11,N_20_12,14.393501454212661,7.99,7.99,7.99,7.99,7.99,7.99,9.93,9.93,10.8,10.8,8.64,8.64,8.64,8.64,8.64,8.64,10.36,11.23,11.23,10.36,8.2,8.2,8.2,8.2
N_18_11,N_17_11,12.66355815822923,7.03,7.03,7.03,7.03,7.03,7.03,8.74,8.74,9.5,9.5,7.6,7.6,7.6,7.6,7.6,7.6,9.12,9.88,9.88,9.12,7.22,7.22,7.22,7.22
N_18_11,N_20_9,3.4541010863485173,3.52,3.52,3.52,3.52,3.52,3.52,5.39,5.39,6.22,6.22,4.14,4.14,4.14,4.14,4.14,4.14,5.8,6.63,6.63,5.8,3.73,3.73,3.73,3.73
N_18_11,N_20_10,0.7140992171013507,1.17,1.17,1.17,1.17,1.17,1.17,1.94,1.94,2.29,2.29,1.43,1.43,1.43,1.43,1.43,1.43,2.11,2.46,2.46,2.11,1.26,1.26,1.26,1.26
N_18_12,N_17_13,3.859975773045235,3.94,3.94,3.94,3.94,3.94,3.94,6.02,6.02,6.95,6.95,4.63,4.63,4.63,4.63,4.63,4.63,6.48,7.41,7.41,6.48,4.17,4.17,4.17,4.17
N_18_12,N_20_12,3.366343706960712,3.43,3.43,3.43,3.43,3.43,3.43,5.25,5.25,6.06,6.06,4.04,4.04,4.04,4.04,4.04,4.04,5.66,6.46,6.46,5.66,3.64,3.64,3.64,3.64
N_18_12,N_18_13,3.8408761635422297,3.92,3.92,3.92,3.92,3.92,3.92,5.99,5.99,6.91,6.91,4.61,4.61,4.61,4.61,4.61,4.61,6.45,7.37,7.37,6.45,4.15,4.15,4.15,4.15
N_18_12,N_17_11,5.501806960384055,5.61,5.61,5.61,5.61,5.61,5.61,8.58,8.58,9.9,9.9,6.6,6.6,6.6,6.6,6.6,6.6,9.24,10.56,10.56,9.24,5.94,5.94,5.94,5.94
N_18_12,N_20_11,1.9164752511371608,3.14,3.14,3.14,3.14,3.14,3.14,5.21,5.21,6.13,6.13,3.83,3.83,3.83,3.83,3.83,3.83,5.67,6.59,6.59,5.67,3.37,3.37,3.37,3.37
N_18_13,N_17_15,1.241582261696257,2.04,2.04,2.04,2.04,2.04,2.04,3.38,3.38,3.97,3.97,2.48,2.48,2.48,2.48,2.48,2.48,3.68,4.27,4.27,3.68,2.19,2.19,2.19,2.19
N_18_13,N_18_10,1.8133867749286818,2.97,2.97,2.97,2.97,2.97,2.97,4.93,4.93,5.8,5.8,3.63,3.63,3.63,3.63,3.63,3.63,5.37,6.24,6.24,5.37,3.19,3.19,3.19,3.19
N_18_13,N_20_11,12.447078472765407,6.91,6.91,6.91,6.91,6.91,6.91,8.59,8.59,9.34,9.34,7.47,7.47,7.47,7.47,7.47,7.47,8.96,9.71,9.71,8.96,7.09,7.09,7.09,7.09
N_18_14,N_16_13,5.08134399178676,5.18,5.18,5.18,5.18,5.18,5.18,7.93,7.93,9.15,9.15,6.1,6.1,6.1,6.1,6.1,6.1,8.54,9.76,9.76,8.54,5.49,5.49,5.49,5.49
N_18_14,N_16_14,6.525764965195804,6.66,6.66,6.66,6.66,6.66,6.66,10.18,10.18,11.75,11.75,7.83,7.83,7.83,7.83,7.83,7.83,10.96,12.53,12.53,10.96,7.05,7.05,7.05,7.05
N_18_14,N_16_16,4.479495634851071,4.57,4.57,4.57,4.57,4.57,4.57,6.99,6.99,8.06,8.06,5.38,5.38,5.38,5.38,5.38,5.38,7.53,8.6,8.6,7.53,4.84,4.84,4.84,4.84
N_18_14,N_20_15,13.209880886387138,7.33,7.33,7.33,7.33,7.33,7.33,9.11,9.11,9.91,9.91,7.93,7.93,7.93,7.93,7.93,7.93,9.51,10.3,10.3,9.51,7.53,7.53,7.53,7.53
N_18_14,N_16_15,6.665333536698719,6.8,6.8,6.8,6.8,6.8,6.8,10.4,10.4,12.0,12.0,8.0,8.0,8.0,8.0,8.0,8.0,11.2,12.8,12.8,11.2,7.2,7.2,7.2,7.2
N_18_14,N_19_12,5.712782202938083,5.83,5.83,5.83,5.83,5.83,5.83,8.91,8.91,10.28,10.28,6.86,6.86,6.86,6.86,6.86,6.86,9.6,10.97,10.97,9.6,6.17,6.17,6.17,6.17
N_18_15,N_16_15,13.253864584110298,7.36,7.36,7.36,7.36,7.36,7.36,9.15,9.15,9.94,9.94,7.95,7.95,7.95,7.95,7.95,7.95,9.54,10.34,10.34,9.54,7.55,7.55,7.55,7.55
N_18_15,N_20_17,8.976024184509047,4.98,4.98,4.98,4.98,4.98,4.98,6.19,6.19,6.73,6.73,5.39,5.39,5.39,5.39,5.39,5.39,6.46,7.0,7.0,6.46,5.12,5.12,5.12,5.12
N_18_15,N_18_17,1.7643860749808538,2.89,2.89,2.89,2.89,2.89,2.89,4.8,4.8,5.65,5.65,3.53,3.53,3.53,3.53,3.53,3.53,5.22,6.07,6.07,5.22,3.11,3.11,3.11,3.11
N_18_16,N_17_16,4.996547562863118,5.1,5.1,5.1,5.1,5.1,5.1,7.79,7.79,8.99,8.99,6.0,6.0,6.0,6.0,6.0,6.0,8.39,9.59,9.59,8.39,5.4,5.4,5.4,5.4
N_18_16,N_16_17,1.4746842826768742,2.42,2.42,2.42,2.42,2.42,2.42,4.01,4.01,4.72,4.72,2.95,2.95,2.95,2.95,2.95,2.95,4.37,5.07,5.07,4.37,2.6,2.6,2.6,2.6
N_18_16,N_18_13,3.4240460117729326,3.49,3.49,3.49,3.49,3.49,3.49,5.34,5.34,6.16,6.16,4.11,4.11,4.11,4.11,4.11,4.11,5.75,6.57,6.57,5.75,3.7,3.7,3.7,3.7
N_18_16,N_16_18,5.431270607987697,5.54,5.54,5.54,5.54,5.54,5.54,8.47,8.47,9.78,9.78,6.52,6.52,6.52,6.52,6.52,6.52,9.12,10.43,10.43,9.12,5.87,5.87,5.87,5.87
N_18_17,N_17_18,8.528868004360405,4.73,4.73,4.73,4.73,4.73,4.73,5.88,5.88,6.4,6.4,5.12,5.12,5.12,5.12,5.12,5.12,6.14,6.65,6.65,6.14,4.86,4.86,4.86,4.86
N_18_17,N_18_15,1.7643860749808538,2.89,2.89,2.89,2.89,2.89,2.89,4.8,4.8,5.65,5.65,3.53,3.53,3.53,3.53,3.53,3.53,5.22,6.07,6.07,5.22,3.11,3.11,3.11,3.11
N_18_17,N_19_15,3.837823955553077,3.91,3.91,3.91,3.91,3.91,3.91,5.99,5.99,6.91,6.91,4.61,4.61,4.61,4.61,4.61,4.61,6.45,7.37,7.37,6.45,4.14,4.14,4.14,4.14
N_18_17,N_17_19,14.103116462512899,7.83,7.83,7.83,7.83,7.83,7.83,9.73,9.73,10.58,10.58,8.46,8.46,8.46,8.46,8.46,8.46,10.15,11.0,11.0,10.15,8.04,8.04,8.04,8.04
N_18_17,N_18_14,2.445055745187218,4.01,4.01,4.01,4.01,4.01,4.01,6.65,6.65,7.82,7.82,4.89,4.89,4.89,4.89,4.89,4.89,7.24,8.41,8.41,7.24,4.3,4.3,4.3,4.3
N_18_18,N_16_18,3.2963540168645915,3.36,3.36,3.36,3.36,3.36,3.36,5.14,5.14,5.93,5.93,3.96,3.96,3.96,3.96,3.96,3.96,5.54,6.33,6.33,5.54,3.56,3.56,3.56,3.56
N_18_18,N_19_20,10.727035346940403,5.95,5.95,5.95,5.95,5.95,5.95,7.4,7.4,8.05,8.05,6.44,6.44,6.44,6.44,6.44,6.44,7.72,8.37,8.37,7.72,6.11,6.11,6.11,6.11
N_18_18,N_18_20,5.84763047525535,5.96,5.96,5.96,5.96,5.96,5.96,9.12,9.12,10.53,10.53,7.02,7.02,7.02,7.02,7.02,7.02,9.82,11.23,11.23,9.82,6.32,6.32,6.32,6.32
N_18_18,N_20_17,4.894987739520836,4.99,4.99,4.99,4.99,4.99,4.99,7.64,7.64,8.81,8.81,5.87,5.87,5.87,5.87,5.87,5.87,8.22,9.4,9.4,8.22,5.29,5.29,5.29,5.29
N_18_18,N_18_21,10.493181428118477,5.82,5.82,5.82,5.82,5.82,5.82,7.24,7.24,7.87,7.87,6.3,6.3,6.3,6.3,6.3,6.3,7.56,8.18,8.18,7.56,5.98,5.98,5.98,5.98
N_18_18,N_20_16,6.134737082503961,6.26,6.26,6.26,6.26,6.26,6.26,9.57,9.57,11.04,11.04,7.36,7.36,7.36,7.36,7.36,7.36,10.31,11.78,11.78,10.31,6.63,6.63,6.63,6.63
N_18_18,N_19_17,4.2566731156340545,4.34,4.34,4.34,4.34,4.34,4.34,6.64,6.64,7.66,7.66,5.11,5.11,5.11,5.11,5.11,5.11,7.15,8.17,8.17,7.15,4.6,4.6,4.6,4.6
N_18_18,N_17_17,13.675100144154511,7.59,7.59,7.59,7.59,7.59,7.59,9.44,9.44,10.26,10.26,8.21,8.21,8.21,8.21,8.21,8.21,9.85,10.67,10.67,9.85,7.79,7.79,7.79,7.79
N_18_19,N_17_20,2.1730692694381712,3.56,3.56,3.56,3.56,3.56,3.56,5.91,5.91,6.95,6.95,4.35,4.35,4.35,4.35,4.35,4.35,6.43,7.48,7.48,6.43,3.82,3.82,3.82,3.82
N_18_19,N_20_20,6.971919004548035,7.11,7.11,7.11,7.11,7.11,7.11,10.88,10.88,12.55,12.55,8.37,8.37,8.37,8.37,8.37,8.37,11.71,13.39,13.39,11.71,7.53,7.53,7.53,7.53
N_18_19,N_21_19,3.627913671548517,3.7,3.7,3.7,3.7,3.7,3.7,5.66,5.66,6.53,6.53,4.35,4.35,4.35,4.35,4.35,4.35,6.09,6.97,6.97,6.09,3.92,3.92,3.92,3.92
N_18_2,N_18_4,4.5821507924198634,4.67,4.67,4.67,4.67,4.67,4.67,7.15,7.15,8.25,8.25,5.5,5.5,5.5,5.5,5.5,5.5,7.7,8.8,8.8,7.7,4.95,4.95,4.95,4.95
N_18_2,N_19_2,0.5690679795089508,0.93,0.93,0.93,0.93,0.93,0.93,1.55,1.55,1.82,1.82,1.14,1.14,1.14,1.14,1.14,1.14,1.68,1.96,1.96,1.68,1.0,1.0,1.0,1.0
N_18_2,N_16_2,5.27411851404254,5.38,5.38,5.38,5.38,5.38,5.38,8.23,8.23,9.49,9.49,6.33,6.33,6.33,6.33,6.33,6.33,8.86,10.13,10.13,8.86,5.7,5.7,5.7,5.7
N_18_2,N_17_0,13.02089161422587,7.23,7.23,7.23,7.23,7.23,7.23,8.98,8.98,9.77,9.77,7.81,7.81,7.81,7.81,7.81,7.81,9.38,10.16,10.16,9.38,7.42,7.42,7.42,7.42
N_18_2,N_15_2,8.475262574697881,4.7,4.7,4.7,4.7,4.7,4.7,5.85,5.85,6.36,6.36,5.09,5.09,5.09,5.09,5.09,5.09,6.1,6.61,6.61,6.1,4.83,4.83,4.83,4.83
N_18_20,N_15_20,11.175943832406714,6.2,6.2,6.2,6.2,6.2,6.2,7.71,7.71,8.38,8.38,6.71,6.71,6.71,6.71,6.71,6.71,8.05,8.72,8.72,8.05,6.37,6.37,6.37,6.37
N_18_20,N_18_18,5.84763047525535,5.96,5.96,5.96,5.96,5.96,5.96,9.12,9.12,10.53,10.53,7.02,7.02,7.02,7.02,7.02,7.02,9.82,11.23,11.23,9.82,6.32,6.32,6.32,6.32
N_18_20,N_19_18,8.395599249849543,4.66,4.66,4.66,4.66,4.66,4.66,5.79,5.79,6.3,6.3,5.04,5.04,5.04,5.04,5.04,5.04,6.04,6.55,6.55,6.04,4.79,4.79,4.79,4.79
N_18_20,N_17_21,12.500317915530893,6.94,6.94,6.94,6.94,6.94,6.94,8.63,8.63,9.38,9.38,7.5,7.5,7.5,7.5,7.5,7.5,9.0,9.75,9.75,9.0,7.13,7.13,7.13,7.13
N_18_20,N_20_18,3.1687035029828814,3.23,3.23,3.23,3.23,3.23,3.23,4.94,4.94,5.7,5.7,3.8,3.8,3.8,3.8,3.8,3.8,5.32,6.08,6.08,5.32,3.42,3.42,3.42,3.42
N_18_21,N_17_19,1.3029321368744646,2.14,2.14,2.14,2.14,2.14,2.14,3.54,3.54,4.17,4.17,2.61,2.61,2.61,2.61,2.61,2.61,3.86,4.48,4.48,3.86,2.29,2.29,2.29,2.29
N_18_21,N_17_23,4.9353794413113725,5.03,5.03,5.03,5.03,5.03,5.03,7.7,7.7,8.88,8.88,5.92,5.92,5.92,5.92,5.92,5.92,8.29,9.48,9.48,8.29,5.33,5.33,5.33,5.33
N_18_21,N_18_18,10.493181428118477,5.82,5.82,5.82,5.82,5.82,5.82,7.24,7.24,7.87,7.87,6.3,6.3,6.3,6.3,6.3,6.3,7.56,8.18,8.18,7.56,5.98,5.98,5.98,5.98
N_18_22,N_16_21,1.1630042256920825,1.91,1.91,1.91,1.91,1.91,1.91,3.16,3.16,3.72,3.72,2.33,2.33,2.33,2.33,2.33,2.33,3.44,4.0,4.0,3.44,2.05,2.05,2.05,2.05
N_18_22,N_17_23,3.1920737264810457,3.26,3.26,3.26,3.26,3.26,3.26,4.98,4.98,5.75,5.75,3.83,3.83,3.83,3.83,3.83,3.83,5.36,6.13,6.13,5.36,3.45,3.45,3.45,3.45
N_18_22,N_17_22,4.806599081421419,4.9,4.9,4.9,4.9,4.9,4.9,7.5,7.5,8.65,8.65,5.77,5.77,5.77,5.77,5.77,5.77,8.08,9.23,9.23,8.08,5.19,5.19,5.19,5.19
N_18_22,N_20_22,1.8436927424640224,3.02,3.02,3.02,3.02,3.02,3.02,5.01,5.01,5.9,5.9,3.69,3.69,3.69,3.69,3.69,3.69,5.46,6.34,6.34,5.46,3.24,3.24,3.24,3.24
N_18_22,N_20_20,8.788854422357831,4.88,4.88,4.88,4.88,4.88,4.88,6.06,6.06,6.59,6.59,5.27,5.27,5.27,5.27,5.27,5.27,6.33,6.86,6.86,6.33,5.01,5.01,5.01,5.01
N_18_23,N_17_24,6.937246797667402,7.08,7.08,7.08,7.08,7.08,7.08,10.82,10.82,12.49,12.49,8.32,8.32,8.32,8.32,8.32,8.32,11.65,13.32,13.32,11.65,7.49,7.49,7.49,7.49
N_18_23,N_17_25,6.820521819879578,6.96,6.96,6.96,6.96,6.96,6.96,10.64,10.64,12.28,12.28,8.18,8.18,8.18,8.18,8.18,8.18,11.46,13.1,13.1,11.46,7.37,7.37,7.37,7.37
N_18_23,N_19_23,5.879768412964693,6.0,6.0,6.0,6.0,6.0,6.0,9.17,9.17,10.58,10.58,7.06,7.06,7.06,7.06,7.06,7.06,9.88,11.29,11.29,9.88,6.35,6.35,6.35,6.35
N_18_23,N_20_25,4.5630175650660085,4.65,4.65,4.65,4.65,4.65,4.65,7.12,7.12,8.21,8.21,5.48,5.48,5.48,5.48,5.48,5.48,7.67,8.76,8.76,7.67,4.93,4.93,4.93,4.93
N_18_23,N_19_22,1.4603511476640383,2.39,2.39,2.39,2.39,2.39,2.39,3.97,3.97,4.67,4.67,2.92,2.92,2.92,2.92,2.92,2.92,4.32,5.02,5.02,4.32,2.57,2.57,2.57,2.57
N_18_23,N_18_20,5.668097253363103,5.78,5.78,5.78,5.78,5.78,5.78,8.84,8.84,10.2,10.2,6.8,6.8,6.8,6.8,6.8,6.8,9.52,10.88,10.88,9.52,6.12,6.12,6.12,6.12
N_18_23,N_20_22,8.750831128588963,4.86,4.86,4.86,4.86,4.86,4.86,6.04,6.04,6.56,6.56,5.25,5.25,5.25,5.25,5.25,5.25,6.3,6.83,6.83,6.3,4.99,4.99,4.99,4.99
N_18_23,N_18_21,8.350196279586568,4.63,4.63,4.63,4.63,4.63,4.63,5.76,5.76,6.26,6.26,5.01,5.01,5.01,5.01,5.01,5.01,6.01,6.51,6.51,6.01,4.76,4.76,4.76,4.76
N_18_24,N_17_23,3.6475408195484755,3.72,3.72,3.72,3.72,3.72,3.72,5.69,5.69,6.57,6.57,4.38,4.38,4.38,4.38,4.38,4.38,6.13,7.0,7.0,6.13,3.94,3.94,3.94,3.94
N_18_24,N_16_24,12.45696849532294,6.91,6.91,6.91,6.91,6.91,6.91,8.6,8.6,9.34,9.34,7.47,7.47,7.47,7.47,7.47,7.47,8.97,9.72,9.72,8.97,7.1,7.1,7.1,7.1
N_18_24,N_17_24,6.521162269444557,6.65,6.65,6.65,6.65,6.65,6.65,10.17,10.17,11.74,11.74,7.83,7.83,7.83,7.83,7.83,7.83,10.96,12.52,12.52,10.96,7.04,7.04,7.04,7.04
N_18_24,N_18_22,8.788107369860015,4.88,4.88,4.88,4.88,4.88,4.88,6.06,6.06,6.59,6.59,5.27,5.27,5.27,5.27,5.27,5.27,6.33,6.85,6.85,6.33,5.01,5.01,5.01,5.01
N_18_24,N_17_22,6.54576002299121,6.68,6.68,6.68,6.68,6.68,6.68,10.21,10.21,11.78,11.78,7.85,7.85,7.85,7.85,7.85,7.85,11.0,12.57,12.57,11.0,7.07,7.07,7.07,7.07
N_18_24,N_16_23,8.15791263371808,4.53,4.53,4.53,4.53,4.53,4.53,5.63,5.63,6.12,6.12,4.89,4.89,4.89,4.89,4.89,4.89,5.87,6.36,6.36,5.87,4.65,4.65,4.65,4.65
N_18_25,N_18_26,0.8761396294060124,1.44,1.44,1.44,1.44,1.44,1.44,2.38,2.38,2.8,2.8,1.75,1.75,1.75,1.75,1.75,1.75,2.59,3.01,3.01,2.59,1.54,1.54,1.54,1.54
N_18_25,N_20_27,2.4916749097434017,4.09,4.09,4.09,4.09,4.09,4.09,6.78,6.78,7.97,7.97,4.98,4.98,4.98,4.98,4.98,4.98,7.38,8.57,8.57,7.38,4.39,4.39,4.39,4.39
N_18_25,N_20_23,6.427992863516345,6.56,6.56,6.56,6.56,6.56,6.56,10.03,10.03,11.57,11.57,7.71,7.71,7.71,7.71,7.71,7.71,10.8,12.34,12.34,10.8,6.94,6.94,6.94,6.94
N_18_25,N_17_24,6.167855090842274,6.29,6.29,6.29,6.29,6.29,6.29,9.62,9.62,11.1,11.1,7.4,7.4,7.4,7.4,7.4,7.4,10.36,11.84,11.84,10.36,6.66,6.66,6.66,6.66
N_18_25,N_19_24,4.146068434835517,4.23,4.23,4.23,4.23,4.23,4.23,6.47,6.47,7.46,7.46,4.98,4.98,4.98,4.98,4.98,4.98,6.97,7.96,7.96,6.97,4.48,4.48,4.48,4.48
N_18_25,N_21_25,6.28285680629239,6.41,6.41,6.41,6.41,6.41,6.41,9.8,9.8,11.31,11.31,7.54,7.54,7.54,7.54,7.54,7.54,10.56,12.06,12.06,10.56,6.79,6.79,6.79,6.79
N_18_25,N_16_24,6.6072835734865745,6.74,6.74,6.74,6.74,6.74,6.74,10.31,10.31,11.89,11.89,7.93,7.93,7.93,7.93,7.93,7.93,11.1,12.69,12.69,11.1,7.14,7.14,7.14,7.14
N_18_26,N_18_25,0.8761396294060124,1.44,1.44,1.44,1.44,1.44,1.44,2.38,2.38,2.8,2.8,1.75,1.75,1.75,1.75,1.75,1.75,2.59,3.01,3.01,2.59,1.54,1.54,1.54,1.54
N_18_26,N_19_28,1.7909282813452954,2.94,2.94,2.94,2.94,2.94,2.94,4.87,4.87,5.73,5.73,3.58,3.58,3.58,3.58,3.58,3.58,5.3,6.16,6.16,5.3,3.15,3.15,3.15,3.15
N_18_26,N_17_25,5.72135067475665,5.84,5.84,5.84,5.84,5.84,5.84,8.93,8.93,10.3,10.3,6.87,6.87,6.87,6.87,6.87,6.87,9.61,10.98,10.98,9.61,6.18,6.18,6.18,6.18
N_18_26,N_18_28,6.673194732061372,6.81,6.81,6.81,6.81,6.81,6.81,10.41,10.41,12.01,12.01,8.01,8.01,8.01,8.01,8.01,8.01,11.21,12.81,12.81,11.21,7.21,7.21,7.21,7.21
N_18_26,N_20_28,10.39154915348796,5.77,5.77,5.77,5.77,5.77,5.77,7.17,7.17,7.79,7.79,6.23,6.23,6.23,6.23,6.23,6.23,7.48,8.11,8.11,7.48,5.92,5.92,5.92,5.92
N_18_26,N_16_24,6.404391431770788,6.53,6.53,6.53,6.53,6.53,6.53,9.99,9.99,11.53,11.53,7.69,7.69,7.69,7.69,7.69,7.69,10.76,12.3,12.3,10.76,6.92,6.92,6.92,6.92
N_18_27,N_16_28,3.312798645594287,3.38,3.38,3.38,3.38,3.38,3.38,5.17,5.17,5.96,5.96,3.98,3.98,3.98,3.98,3.98,3.98,5.57,6.36,6.36,5.57,3.58,3.58,3.58,3.58
N_18_27,N_16_29,3.0519780101410867,3.11,3.11,3.11,3.11,3.11,3.11,4.76,4.76,5.49,5.49,3.66,3.66,3.66,3.66,3.66,3.66,5.13,5.86,5.86,5.13,3.3,3.3,3.3,3.3
N_18_27,N_18_30,6.277443599486343,6.4,6.4,6.4,6.4,6.4,6.4,9.79,9.79,11.3,11.3,7.53,7.53,7.53,7.53,7.53,7.53,10.55,12.05,12.05,10.55,6.78,6.78,6.78,6.78
N_18_27,N_18_24,4.631993791097431,4.72,4.72,4.72,4.72,4.72,4.72,7.23,7.23,8.34,8.34,5.56,5.56,5.56,5.56,5.56,5.56,7.78,8.89,8.89,7.78,5.0,5.0,5.0,5.0
N_18_27,N_19_26,12.483285430873302,6.93,6.93,6.93,6.93,6.93,6.93,8.61,8.61,9.36,9.36,7.49,7.49,7.49,7.49,7.49,7.49,8.99,9.74,9.74,8.99,7.12,7.12,7.12,7.12
N_18_28,N_18_31,1.860963032712581,3.05,3.05,3.05,3.05,3.05,3.05,5.06,5.06,5.96,5.96,3.72,3.72,3.72,3.72,3.72,3.72,5.51,6.4,6.4,5.51,3.28,3.28,3.28,3.28
N_18_28,N_20_26,3.475811732468531,3.55,3.55,3.55,3.55,3.55,3.55,5.42,5.42,6.26,6.26,4.17,4.17,4.17,4.17,4.17,4.17,5.84,6.67,6.67,5.84,3.75,3.75,3.75,3.75
N_18_28,N_15_28,3.0422738104408533,3.1,3.1,3.1,3.1,3.1,3.1,4.75,4.75,5.48,5.48,3.65,3.65,3.65,3.65,3.65,3.65,5.11,5.84,5.84,5.11,3.29,3.29,3.29,3.29
N_18_28,N_19_27,4.499663746608746,4.59,4.59,4.59,4.59,4.59,4.59,7.02,7.02,8.1,8.1,5.4,5.4,5.4,5.4,5.4,5.4,7.56,8.64,8.64,7.56,4.86,4.86,4.86,4.86
N_18_28,N_21_28,6.678222759915575,6.81,6.81,6.81,6.81,6.81,6.81,10.42,10.42,12.02,12.02,8.01,8.01,8.01,8.01,8.01,8.01,11.22,12.82,12.82,11.22,7.21,7.21,7.21,7.21
N_18_28,N_17_28,5.7164696899453835,5.83,5.83,5.83,5.83,5.83,5.83,8.92,8.92,10.29,10.29,6.86,6.86,6.86,6.86,6.86,6.86,9.6,10.98,10.98,9.6,6.17,6.17,6.17,6.17
N_18_28,N_19_26,4.405987829895029,4.49,4.49,4.49,4.49,4.49,4.49,6.87,6.87,7.93,7.93,5.29,5.29,5.29,5.29,5.29,5.29,7.4,8.46,8.46,7.4,4.76,4.76,4.76,4.76
N_18_29,N_17_29,5.676273462417164,5.79,5.79,5.79,5.79,5.79,5.79,8.85,8.85,10.22,10.22,6.81,6.81,6.81,6.81,6.81,6.81,9.54,10.9,10.9,9.54,6.13,6.13,6.13,6.13
N_18_29,N_17_30,6.685033303059344,6.82,6.82,6.82,6.82,6.82,6.82,10.43,10.43,12.03,12.03,8.02,8.02,8.02,8.02,8.02,8.02,11.23,12.84,12.84,11.23,7.22,7.22,7.22,7.22
N_18_29,N_17_31,14.88800172720072,8.26,8.26,8.26,8.26,8.26,8.26,10.27,10.27,11.17,11.17,8.93,8.93,8.93,8.93,8.93,8.93,10.72,11.61,11.61,10.72,8.49,8.49,8.49,8.49
N_18_29,N_18_26,6.10865508628011,6.23,6.23,6.23,6.23,6.23,6.23,9.53,9.53,11.0,11.0,7.33,7.33,7.33,7.33,7.33,7.33,10.26,11.73,11.73,10.26,6.6,6.6,6.6,6.6
N_18_3,N_17_1,4.369771608569982,4.46,4.46,4.46,4.46,4.46,4.46,6.82,6.82,7.87,7.87,5.24,5.24,5.24,5.24,5.24,5.24,7.34,8.39,8.39,7.34,4.72,4.72,4.72,4.72
N_18_3,N_18_0,6.209343718346583,6.33,6.33,6.33,6.33,6.33,6.33,9.69,9.69,11.18,11.18,7.45,7.45,7.45,7.45,7.45,7.45,10.43,11.92,11.92,10.43,6.71,6.71,6.71,6.71
N_18_3,N_19_2,9.139223287095989,5.07,5.07,5.07,5.07,5.07,5.07,6.31,6.31,6.85,6.85,5.48,5.48,5.48,5.48,5.48,5.48,6.58,7.13,7.13,6.58,5.21,5.21,5.21,5.21
N_18_3,N_20_4,3.438698282444696,3.51,3.51,3.51,3.51,3.51,3.51,5.36,5.36,6.19,6.19,4.13,4.13,4.13,4.13,4.13,4.13,5.78,6.6,6.6,5.78,3.71,3.71,3.71,3.71
N_18_3,N_16_4,0.8982461613736479,1.47,1.47,1.47,1.47,1.47,1.47,2.44,2.44,2.87,2.87,1.8,1.8,1.8,1.8,1.8,1.8,2.66,3.09,3.09,2.66,1.58,1.58,1.58,1.58
N_18_3,N_19_3,13.430180804518724,7.45,7.45,7.45,7.45,7.45,7.45,9.27,9.27,10.07,10.07,8.06,8.06,8.06,8.06,8.06,8.06,9.67,10.48,10.48,9.67,7.66,7.66,7.66,7.66
N_18_3,N_17_3,2.0449253376829564,3.35,3.35,3.35,3.35,3.35,3.35,5.56,5.56,6.54,6.54,4.09,4.09,4.09,4.09,4.09,4.09,6.05,7.03,7.03,6.05,3.6,3.6,3.6,3.6
N_18_3,N_16_5,10.380492873929136,5.76,5.76,5.76,5.76,5.76,5.76,7.16,7.16,7.79,7.79,6.23,6.23,6.23,6.23,6.23,6.23,7.47,8.1,8.1,7.47,5.92,5.92,5.92,5.92
N_18_30,N_16_32,6.975022545522078,7.11,7.11,7.11,7.11,7.11,7.11,10.88,10.88,12.56,12.56,8.37,8.37,8.37,8.37,8.37,8.37,11.72,13.39,13.39,11.72,7.53,7.53,7.53,7.53
N_18_30,N_17_28,6.618925429930412,6.75,6.75,6.75,6.75,6.75,6.75,10.33,10.33,11.91,11.91,7.94,7.94,7.94,7.94,7.94,7.94,11.12,12.71,12.71,11.12,7.15,7.15,7.15,7.15
N_18_30,N_18_27,6.277443599486343,6.4,6.4,6.4,6.4,6.4,6.4,9.79,9.79,11.3,11.3,7.53,7.53,7.53,7.53,7.53,7.53,10.55,12.05,12.05,10.55,6.78,6.78,6.78,6.78
N_18_30,N_21_30,11.900970912831532,6.61,6.61,6.61,6.61,6.61,6.61,8.21,8.21,8.93,8.93,7.14,7.14,7.14,7.14,7.14,7.14,8.57,9.28,9.28,8.57,6.78,6.78,6.78,6.78
N_18_30,N_17_32,9.839429036859178,5.46,5.46,5.46,5.46,5.46,5.46,6.79,6.79,7.38,7.38,5.9,5.9,5.9,5.9,5.9,5.9,7.08,7.67,7.67,7.08,5.61,5.61,5.61,5.61
N_18_30,N_19_31,4.6053078921769135,4.7,4.7,4.7,4.7,4.7,4.7,7.18,7.18,8.29,8.29,5.53,5.53,5.53,5.53,5.53,5.53,7.74,8.84,8.84,7.74,4.97,4.97,4.97,4.97
N_18_31,N_17_32,5.141439655825042,5.24,5.24,5.24,5.24,5.24,5.24,8.02,8.02,9.25,9.25,6.17,6.17,6.17,6.17,6.17,6.17,8.64,9.87,9.87,8.64,5.55,5.55,5.55,5.55
N_18_31,N_18_28,1.860963032712581,3.05,3.05,3.05,3.05,3.05,3.05,5.06,5.06,5.96,5.96,3.72,3.72,3.72,3.72,3.72,3.72,5.51,6.4,6.4,5.51,3.28,3.28,3.28,3.28
N_18_31,N_17_30,8.41995790281424,4.67,4.67,4.67,4.67,4.67,4.67,5.81,5.81,6.31,6.31,5.05,5.05,5.05,5.05,5.05,5.05,6.06,6.57,6.57,6.06,4.8,4.8,4.8,4.8
N_18_31,N_19_31,12.661378345349526,7.03,7.03,7.03,7.03,7.03,7.03,8.74,8.74,9.5,9.5,7.6,7.6,7.6,7.6,7.6,7.6,9.12,9.88,9.88,9.12,7.22,7.22,7.22,7.22
N_18_31,N_17_31,14.162692514659703,7.86,7.86,7.86,7.86,7.86,7.86,9.77,9.77,10.62,10.62,8.5,8.5,8.5,8.5,8.5,8.5,10.2,11.05,11.05,10.2,8.07,8.07,8.07,8.07
N_18_31,N_18_32,0.8773340234761886,1.44,1.44,1.44,1.44,1.44,1.44,2.39,2.39,2.81,2.81,1.75,1.75,1.75,1.75,1.75,1.75,2.6,3.02,3.02,2.6,1.54,1.54,1.54,1.54
N_18_32,N_17_34,3.7096438022632285,3.78,3.78,3.78,3.78,3.78,3.78,5.79,5.79,6.68,6.68,4.45,4.45,4.45,4.45,4.45,4.45,6.23,7.12,7.12,6.23,4.01,4.01,4.01,4.01
N_18_32,N_18_31,0.8773340234761886,1.44,1.44,1.44,1.44,1.44,1.44,2.39,2.39,2.81,2.81,1.75,1.75,1.75,1.75,1.75,1.75,2.6,3.02,3.02,2.6,1.54,1.54,1.54,1.54
N_18_32,N_19_31,2.0612639992628816,3.38,3.38,3.38,3.38,3.38,3.38,5.61,5.61,6.6,6.6,4.12,4.12,4.12,4.12,4.12,4.12,6.1,7.09,7.09,6.1,3.63,3.63,3.63,3.63
N_18_32,N_19_32,6.723119925668306,6.86,6.86,6.86,6.86,6.86,6.86,10.49,10.49,12.1,12.1,8.07,8.07,8.07,8.07,8.07,8.07,11.29,12.91,12.91,11.29,7.26,7.26,7.26,7.26
N_18_32,N_17_33,6.467741704723866,6.6,6.6,6.6,6.6,6.6,6.6,10.09,10.09,11.64,11.64,7.76,7.76,7.76,7.76,7.76,7.76,10.87,12.42,12.42,10.87,6.99,6.99,6.99,6.99
N_18_33,N_17_32,12.551168021914958,6.97,6.97,6.97,6.97,6.97,6.97,8.66,8.66,9.41,9.41,7.53,7.53,7.53,7.53,7.53,7.53,9.04,9.79,9.79,9.04,7.15,7.15,7.15,7.15
N_18_33,N_17_35,6.345297888973086,6.47,6.47,6.47,6.47,6.47,6.47,9.9,9.9,11.42,11.42,7.61,7.61,7.61,7.61,7.61,7.61,10.66,12.18,12.18,10.66,6.85,6.85,6.85,6.85
N_18_33,N_20_34,2.210757806129693,3.63,3.63,3.63,3.63,3.63,3.63,6.01,6.01,7.07,7.07,4.42,4.42,4.42,4.42,4.42,4.42,6.54,7.61,7.61,6.54,3.89,3.89,3.89,3.89
N_18_33,N_19_31,6.029670830701561,6.15,6.15,6.15,6.15,6.15,6.15,9.41,9.41,10.85,10.85,7.24,7.24,7.24,7.24,7.24,7.24,10.13,11.58,11.58,10.13,6.51,6.51,6.51,6.51
N_18_33,N_16_34,5.24075072775644,5.35,5.35,5.35,5.35,5.35,5.35,8.18,8.18,9.43,9.43,6.29,6.29,6.29,6.29,6.29,6.29,8.8,10.06,10.06,8.8,5.66,5.66,5.66,5.66
N_18_33,N_16_31,6.143264251172188,6.27,6.27,6.27,6.27,6.27,6.27,9.58,9.58,11.06,11.06,7.37,7.37,7.37,7.37,7.37,7.37,10.32,11.8,11.8,10.32,6.63,6.63,6.63,6.63
N_18_34,N_15_34,13.37362250981142,7.42,7.42,7.42,7.42,7.42,7.42,9.23,9.23,10.03,10.03,8.02,8.02,8.02,8.02,8.02,8.02,9.63,10.43,10.43,9.63,7.62,7.62,7.62,7.62
N_18_34,N_16_34,2.3537728265965097,3.86,3.86,3.86,3.86,3.86,3.86,6.4,6.4,7.53,7.53,4.71,4.71,4.71,4.71,4.71,4.71,6.97,8.1,8.1,6.97,4.14,4.14,4.14,4.14
N_18_34,N_16_36,3.30907853381566,3.38,3.38,3.38,3.38,3.38,3.38,5.16,5.16,5.96,5.96,3.97,3.97,3.97,3.97,3.97,3.97,5.56,6.35,6.35,5.56,3.57,3.57,3.57,3.57
N_18_35,N_20_36,4.566520943771103,4.66,4.66,4.66,4.66,4.66,4.66,7.12,7.12,8.22,8.22,5.48,5.48,5.48,5.48,5.48,5.48,7.67,8.77,8.77,7.67,4.93,4.93,4.93,4.93
N_18_35,N_16_36,1.41815844979001,2.33,2.33,2.33,2.33,2.33,2.33,3.86,3.86,4.54,4.54,2.84,2.84,2.84,2.84,2.84,2.84,4.2,4.88,4.88,4.2,2.5,2.5,2.5,2.5
N_18_35,N_16_37,8.504351718483491,4.72,4.72,4.72,4.72,4.72,4.72,5.87,5.87,6.38,6.38,5.1,5.1,5.1,5.1,5.1,5.1,6.12,6.63,6.63,6.12,4.85,4.85,4.85,4.85
N_18_35,N_18_32,5.202733695026265,5.31,5.31,5.31,5.31,5.31,5.31,8.12,8.12,9.36,9.36,6.24,6.24,6.24,6.24,6.24,6.24,8.74,9.99,9.99,8.74,5.62,5.62,5.62,5.62
N_18_35,N_19_34,13.68393829121332,7.59,7.59,7.59,7.59,7.59,7.59,9.44,9.44,10.26,10.26,8.21,8.21,8.21,8.21,8.21,8.21,9.85,10.67,10.67,9.85,7.8,7.8,7.8,7.8
N_18_35,N_21_35,6.739004075254611,6.87,6.87,6.87,6.87,6.87,6.87,10.51,10.51,12.13,12.13,8.09,8.09,8.09,8.09,8.09,8.09,11.32,12.94,12.94,11.32,7.28,7.28,7.28,7.28
N_18_36,N_18_39,8.671234380306561,4.81,4.81,4.81,4.81,4.81,4.81,5.98,5.98,6.5,6.5,5.2,5.2,5.2,5.2,5.2,5.2,6.24,6.76,6.76,6.24,4.94,4.94,4.94,4.94
N_18_36,N_16_36,3.159749534467206,3.22,3.22,3.22,3.22,3.22,3.22,4.93,4.93,5.69,5.69,3.79,3.79,3.79,3.79,3.79,3.79,5.31,6.07,6.07,5.31,3.41,3.41,3.41,3.41
N_18_36,N_19_34,8.780024285340616,4.87,4.87,4.87,4.87,4.87,4.87,6.06,6.06,6.59,6.59,5.27,5.27,5.27,5.27,5.27,5.27,6.32,6.85,6.85,6.32,5.0,5.0,5.0,5.0
N_18_36,N_20_35,4.136752409631093,4.22,4.22,4.22,4.22,4.22,4.22,6.45,6.45,7.45,7.45,4.96,4.96,4.96,4.96,4.96,4.96,6.95,7.94,7.94,6.95,4.47,4.47,4.47,4.47
N_18_36,N_16_37,12.225629068868754,6.79,6.79,6.79,6.79,6.79,6.79,8.44,8.44,9.17,9.17,7.34,7.34,7.34,7.34,7.34,7.34,8.8,9.54,9.54,8.8,6.97,6.97,6.97,6.97
N_18_36,N_19_35,1.207102877509117,1.98,1.98,1.98,1.98,1.98,1.98,3.28,3.28,3.86,3.86,2.41,2.41,2.41,2.41,2.41,2.41,3.57,4.15,4.15,3.57,2.12,2.12,2.12,2.12
N_18_37,N_16_39,8.850860119426823,4.91,4.91,4.91,4.91,4.91,4.91,6.11,6.11,6.64,6.64,5.31,5.31,5.31,5.31,5.31,5.31,6.37,6.9,6.9,6.37,5.04,5.04,5.04,5.04
N_18_37,N_17_37,4.936417955448128,5.04,5.04,5.04,5.04,5.04,5.04,7.7,7.7,8.89,8.89,5.92,5.92,5.92,5.92,5.92,5.92,8.29,9.48,9.48,8.29,5.33,5.33,5.33,5.33
N_18_37,N_17_39,1.7523808227440603,2.87,2.87,2.87,2.87,2.87,2.87,4.77,4.77,5.61,5.61,3.5,3.5,3.5,3.5,3.5,3.5,5.19,6.03,6.03,5.19,3.08,3.08,3.08,3.08
N_18_37,N_19_39,8.022178528244757,4.45,4.45,4.45,4.45,4.45,4.45,5.54,5.54,6.02,6.02,4.81,4.81,4.81,4.81,4.81,4.81,5.78,6.26,6.26,5.78,4.57,4.57,4.57,4.57
N_18_38,N_17_36,12.71317813873767,7.06,7.06,7.06,7.06,7.06,7.06,8.77,8.77,9.53,9.53,7.63,7.63,7.63,7.63,7.63,7.63,9.15,9.92,9.92,9.15,7.25,7.25,7.25,7.25
N_18_38,N_20_36,1.1845774698567393,1.94,1.94,1.94,1.94,1.94,1.94,3.22,3.22,3.79,3.79,2.37,2.37,2.37,2.37,2.37,2.37,3.51,4.07,4.07,3.51,2.08,2.08,2.08,2.08
N_18_38,N_15_38,4.55160268659052,4.64,4.64,4.64,4.64,4.64,4.64,7.1,7.1,8.19,8.19,5.46,5.46,5.46,5.46,5.46,5.46,7.65,8.74,8.74,7.65,4.92,4.92,4.92,4.92
N_18_38,N_16_39,9.011610149772427,5.0,5.0,5.0,5.0,5.0,5.0,6.22,6.22,6.76,6.76,5.41,5.41,5.41,5.41,5.41,5.41,6.49,7.03,7.03,6.49,5.14,5.14,5.14,5.14
N_18_38,N_19_36,1.8665568884859125,3.06,3.06,3.06,3.06,3.06,3.06,5.08,5.08,5.97,5.97,3.73,3.73,3.73,3.73,3.73,3.73,5.53,6.42,6.42,5.53,3.29,3.29,3.29,3.29
N_18_38,N_19_37,3.871713439053648,3.95,3.95,3.95,3.95,3.95,3.95,6.04,6.04,6.97,6.97,4.65,4.65,4.65,4.65,4.65,4.65,6.5,7.43,7.43,6.5,4.18,4.18,4.18,4.18
N_18_39,N_15_39,4.21171954046121,4.3,4.3,4.3,4.3,4.3,4.3,6.57,6.57,7.58,7.58,5.05,5.05,5.05,5.05,5.05,5.05,7.08,8.09,8.09,7.08,4.55,4.55,4.55,4.55
N_18_39,N_16_38,4.38073660014631,4.47,4.47,4.47,4.47,4.47,4.47,6.83,6.83,7.89,7.89,5.26,5.26,5.26,5.26,5.26,5.26,7.36,8.41,8.41,7.36,4.73,4.73,4.73,4.73
N_18_39,N_20_39,5.896713955561148,6.01,6.01,6.01,6.01,6.01,6.01,9.2,9.2,10.61,10.61,7.08,7.08,7.08,7.08,7.08,7.08,9.91,11.32,11.32,9.91,6.37,6.37,6.37,6.37
N_18_39,N_20_38,9.78448011307128,5.43,5.43,5.43,5.43,5.43,5.43,6.75,6.75,7.34,7.34,5.87,5.87,5.87,5.87,5.87,5.87,7.04,7.63,7.63,7.04,5.58,5.58,5.58,5.58
N_18_39,N_19_38,6.988396324511143,7.13,7.13,7.13,7.13,7.13,7.13,10.9,10.9,12.58,12.58,8.39,8.39,8.39,8.39,8.39,8.39,11.74,13.42,13.42,11.74,7.55,7.55,7.55,7.55
N_18_4,N_15_4,4.766113810639141,4.86,4.86,4.86,4.86,4.86,4.86,7.44,7.44,8.58,8.58,5.72,5.72,5.72,5.72,5.72,5.72,8.01,9.15,9.15,8.01,5.15,5.15,5.15,5.15
N_18_4,N_16_5,6.174893863312971,6.3,6.3,6.3,6.3,6.3,6.3,9.63,9.63,11.11,11.11,7.41,7.41,7.41,7.41,7.41,7.41,10.37,11.86,11.86,10.37,6.67,6.67,6.67,6.67
N_18_4,N_18_1,3.0794266751497,3.14,3.14,3.14,3.14,3.14,3.14,4.8,4.8,5.54,5.54,3.7,3.7,3.7,3.7,3.7,3.7,5.17,5.91,5.91,5.17,3.33,3.33,3.33,3.33
N_18_4,N_18_2,4.5821507924198634,4.67,4.67,4.67,4.67,4.67,4.67,7.15,7.15,8.25,8.25,5.5,5.5,5.5,5.5,5.5,5.5,7.7,8.8,8.8,7.7,4.95,4.95,4.95,4.95
N_18_4,N_17_5,11.051256380599693,6.13,6.13,6.13,6.13,6.13,6.13,7.63,7.63,8.29,8.29,6.63,6.63,6.63,6.63,6.63,6.63,7.96,8.62,8.62,7.96,6.3,6.3,6.3,6.3
N_18_4,N_19_5,10.866250635543379,6.03,6.03,6.03,6.03,6.03,6.03,7.5,7.5,8.15,8.15,6.52,6.52,6.52,6.52,6.52,6.52,7.82,8.48,8.48,7.82,6.19,6.19,6.19,6.19
N_18_5,N_18_6,3.6108744303481974,3.68,3.68,3.68,3.68,3.68,3.68,5.63,5.63,6.5,6.5,4.33,4.33,4.33,4.33,4.33,4.33,6.07,6.93,6.93,6.07,3.9,3.9,3.9,3.9
N_18_5,N_19_6,8.061225446152276,4.47,4.47,4.47,4.47,4.47,4.47,5.56,5.56,6.05,6.05,4.84,4.84,4.84,4.84,4.84,4.84,5.8,6.29,6.29,5.8,4.59,4.59,4.59,4.59
N_18_5,N_21_5,5.052983636060529,5.15,5.15,5.15,5.15,5.15,5.15,7.88,7.88,9.1,9.1,6.06,6.06,6.06,6.06,6.06,6.06,8.49,9.7,9.7,8.49,5.46,5.46,5.46,5.46
N_18_5,N_20_6,3.227400284820964,3.29,3.29,3.29,3.29,3.29,3.29,5.03,5.03,5.81,5.81,3.87,3.87,3.87,3.87,3.87,3.87,5.42,6.2,6.2,5.42,3.49,3.49,3.49,3.49
N_18_5,N_18_4,9.091365873260496,5.05,5.05,5.05,5.05,5.05,5.05,6.27,6.27,6.82,6.82,5.45,5.45,5.45,5.45,5.45,5.45,6.55,7.09,7.09,6.55,5.18,5.18,5.18,5.18
N_18_5,N_20_4,2.168559839832646,3.56,3.56,3.56,3.56,3.56,3.56,5.9,5.9,6.94,6.94,4.34,4.34,4.34,4.34,4.34,4.34,6.42,7.46,7.46,6.42,3.82,3.82,3.82,3.82
N_18_6,N_16_6,5.093881664778891,5.2,5.2,5.2,5.2,5.2,5.2,7.95,7.95,9.17,9.17,6.11,6.11,6.11,6.11,6.11,6.11,8.56,9.78,9.78,8.56,5.5,5.5,5.5,5.5
N_18_6,N_17_4,4.998906794972415,5.1,5.1,5.1,5.1,5.1,5.1,7.8,7.8,9.0,9.0,6.0,6.0,6.0,6.0,6.0,6.0,8.4,9.6,9.6,8.4,5.4,5.4,5.4,5.4
N_18_6,N_19_7,12.198587521635012,6.77,6.77,6.77,6.77,6.77,6.77,8.42,8.42,9.15,9.15,7.32,7.32,7.32,7.32,7.32,7.32,8.78,9.51,9.51,8.78,6.95,6.95,6.95,6.95
N_18_6,N_18_9,12.230770277449164,6.79,6.79,6.79,6.79,6.79,6.79,8.44,8.44,9.17,9.17,7.34,7.34,7.34,7.34,7.34,7.34,8.81,9.54,9.54,8.81,6.97,6.97,6.97,6.97
N_18_6,N_17_7,4.49449366402256,4.58,4.58,4.58,4.58,4.58,4.58,7.01,7.01,8.09,8.09,5.39,5.39,5.39,5.39,5.39,5.39,7.55,8.63,8.63,7.55,4.85,4.85,4.85,4.85
N_18_6,N_20_4,8.112290788508899,4.5,4.5,4.5,4.5,4.5,4.5,5.6,5.6,6.08,6.08,4.87,4.87,4.87,4.87,4.87,4.87,5.84,6.33,6.33,5.84,4.62,4.62,4.62,4.62
N_18_7,N_16_5,2.2940777337554525,3.76,3.76,3.76,3.76,3.76,3.76,6.24,6.24,7.34,7.34,4.59,4.59,4.59,4.59,4.59,4.59,6.79,7.89,7.89,6.79,4.04,4.04,4.04,4.04
N_18_7,N_15_7,8.371835391624911,4.65,4.65,4.65,4.65,4.65,4.65,5.78,5.78,6.28,6.28,5.02,5.02,5.02,5.02,5.02,5.02,6.03,6.53,6.53,6.03,4.77,4.77,4.77,4.77
N_18_7,N_17_6,5.613728072408225,5.73,5.73,5.73,5.73,5.73,5.73,8.76,8.76,10.1,10.1,6.74,6.74,6.74,6.74,6.74,6.74,9.43,10.78,10.78,9.43,6.06,6.06,6.06,6.06
N_18_7,N_17_5,4.4190975374309485,4.51,4.51,4.51,4.51,4.51,4.51,6.89,6.89,7.95,7.95,5.3,5.3,5.3,5.3,5.3,5.3,7.42,8.48,8.48,7.42,4.77,4.77,4.77,4.77
N_18_8,N_16_10,1.7159983517578112,2.81,2.81,2.81,2.81,2.81,2.81,4.67,4.67,5.49,5.49,3.43,3.43,3.43,3.43,3.43,3.43,5.08,5.9,5.9,5.08,3.02,3.02,3.02,3.02
N_18_8,N_16_6,10.207366601828443,5.67,5.67,5.67,5.67,5.67,5.67,7.04,7.04,7.66,7.66,6.12,6.12,6.12,6.12,6.12,6.12,7.35,7.96,7.96,7.35,5.82,5.82,5.82,5.82
N_18_8,N_16_9,14.261119605721744,7.91,7.91,7.91,7.91,7.91,7.91,9.84,9.84,10.7,10.7,8.56,8.56,8.56,8.56,8.56,8.56,10.27,11.12,11.12,10.27,8.13,8.13,8.13,8.13
N_18_8,N_18_10,5.802059540350321,5.92,5.92,5.92,5.92,5.92,5.92,9.05,9.05,10.44,10.44,6.96,6.96,6.96,6.96,6.96,6.96,9.75,11.14,11.14,9.75,6.27,6.27,6.27,6.27
N_18_8,N_17_6,5.451704158195584,5.56,5.56,5.56,5.56,5.56,5.56,8.5,8.5,9.81,9.81,6.54,6.54,6.54,6.54,6.54,6.54,9.16,10.47,10.47,9.16,5.89,5.89,5.89,5.89
N_18_8,N_18_7,4.471870125857483,4.56,4.56,4.56,4.56,4.56,4.56,6.98,6.98,8.05,8.05,5.37,5.37,5.37,5.37,5.37,5.37,7.51,8.59,8.59,7.51,4.83,4.83,4.83,4.83
N_18_9,N_15_9,3.976977378073001,4.06,4.06,4.06,4.06,4.06,4.06,6.2,6.2,7.16,7.16,4.77,4.77,4.77,4.77,4.77,4.77,6.68,7.64,7.64,6.68,4.3,4.3,4.3,4.3
N_18_9,N_18_10,1.175035656101342,1.93,1.93,1.93,1.93,1.93,1.93,3.2,3.2,3.76,3.76,2.35,2.35,2.35,2.35,2.35,2.35,3.48,4.04,4.04,3.48,2.07,2.07,2.07,2.07
N_18_9,N_18_6,12.230770277449164,6.79,6.79,6.79,6.79,6.79,6.79,8.44,8.44,9.17,9.17,7.34,7.34,7.34,7.34,7.34,7.34,8.81,9.54,9.54,8.81,6.97,6.97,6.97,6.97
N_18_9,N_20_10,8.308093943598658,4.61,4.61,4.61,4.61,4.61,4.61,5.73,5.73,6.23,6.23,4.98,4.98,4.98,4.98,4.98,4.98,5.98,6.48,6.48,5.98,4.74,4.74,4.74,4.74
N_19_0,N_17_0,4.625386830182752,4.72,4.72,4.72,4.72,4.72,4.72,7.22,7.22,8.33,8.33,5.55,5.55,5.55,5.55,5.55,5.55,7.77,8.88,8.88,7.77,5.0,5.0,5.0,5.0
N_19_0,N_20_1,6.1480486114647706,6.27,6.27,6.27,6.27,6.27,6.27,9.59,9.59,11.07,11.07,7.38,7.38,7.38,7.38,7.38,7.38,10.33,11.8,11.8,10.33,6.64,6.64,6.64,6.64
N_19_0,N_19_2,0.83120787031683,1.36,1.36,1.36,1.36,1.36,1.36,2.26,2.26,2.66,2.66,1.66,1.66,1.66,1.66,1.66,1.66,2.46,2.86,2.86,2.46,1.46,1.46,1.46,1.46
N_19_1,N_20_1,8.155576378383588,4.53,4.53,4.53,4.53,4.53,4.53,5.63,5.63,6.12,6.12,4.89,4.89,4.89,4.89,4.89,4.89,5.87,6.36,6.36,5.87,4.65,4.65,4.65,4.65
N_19_1,N_19_2,5.035340109484462,5.14,5.14,5.14,5.14,5.14,5.14,7.86,7.86,9.06,9.06,6.04,6.04,6.04,6.04,6.04,6.04,8.46,9.67,9.67,8.46,5.44,5.44,5.44,5.44
N_19_1,N_20_3,4.618836344816881,4.71,4.71,4.71,4.71,4.71,4.71,7.21,7.21,8.31,8.31,5.54,5.54,5.54,5.54,5.54,5.54,7.76,8.87,8.87,7.76,4.99,4.99,4.99,4.99
N_19_1,N_21_1,6.452503659058877,6.58,6.58,6.58,6.58,6.58,6.58,10.07,10.07,11.61,11.61,7.74,7.74,7.74,7.74,7.74,7.74,10.84,12.39,12.39,10.84,6.97,6.97,6.97,6.97
N_19_1,N_17_0,9.565376482243964,5.31,5.31,5.31,5.31,5.31,5.31,6.6,6.6,7.17,7.17,5.74,5.74,5.74,5.74,5.74,5.74,6.89,7.46,7.46,6.89,5.45,5.45,5.45,5.45
N_19_10,N_20_9,1.1675717076300682,1.91,1.91,1.91,1.91,1.91,1.91,3.18,3.18,3.74,3.74,2.34,2.34,2.34,2.34,2.34,2.34,3.46,4.02,4.02,3.46,2.05,2.05,2.05,2.05
N_19_10,N_18_12,4.9460798465939115,5.05,5.05,5.05,5.05,5.05,5.05,7.72,7.72,8.9,8.9,5.94,5.94,5.94,5.94,5.94,5.94,8.31,9.5,9.5,8.31,5.34,5.34,5.34,5.34
N_19_10,N_18_11,1.2926893470946434,2.12,2.12,2.12,2.12,2.12,2.12,3.52,3.52,4.14,4.14,2.59,2.59,2.59,2.59,2.59,2.59,3.83,4.45,4.45,3.83,2.28,2.28,2.28,2.28
N_19_10,N_20_10,3.9404453124543304,4.02,4.02,4.02,4.02,4.02,4.02,6.15,6.15,7.09,7.09,4.73,4.73,4.73,4.73,4.73,4.73,6.62,7.57,7.57,6.62,4.26,4.26,4.26,4.26
N_19_10,N_21_12,1.172222571956992,1.92,1.92,1.92,1.92,1.92,1.92,3.19,3.19,3.75,3.75,2.34,2.34,2.34,2.34,2.34,2.34,3.47,4.03,4.03,3.47,2.06,2.06,2.06,2.06
N_19_11,N_17_11,4.426005855166621,4.51,4.51,4.51,4.51,4.51,4.51,6.9,6.9,7.97,7.97,5.31,5.31,5.31,5.31,5.31,5.31,7.44,8.5,8.5,7.44,4.78,4.78,4.78,4.78
N_19_11,N_21_10,1.1602834776039617,1.9,1.9,1.9,1.9,1.9,1.9,3.16,3.16,3.71,3.71,2.32,2.32,2.32,2.32,2.32,2.32,3.43,3.99,3.99,3.43,2.04,2.04,2.04,2.04
N_19_11,N_17_10,6.9527386736724885,7.09,7.09,7.09,7.09,7.09,7.09,10.85,10.85,12.51,12.51,8.34,8.34,8.34,8.34,8.34,8.34,11.68,13.35,13.35,11.68,7.51,7.51,7.51,7.51
N_19_12,N_18_14,5.712782202938083,5.83,5.83,5.83,5.83,5.83,5.83,8.91,8.91,10.28,10.28,6.86,6.86,6.86,6.86,6.86,6.86,9.6,10.97,10.97,9.6,6.17,6.17,6.17,6.17
N_19_12,N_19_9,1.8300171518744008,3.0,3.0,3.0,3.0,3.0,3.0,4.98,4.98,5.86,5.86,3.66,3.66,3.66,3.66,3.66,3.66,5.42,6.3,6.3,5.42,3.22,3.22,3.22,3.22
N_19_12,N_20_11,1.217503844972023,2.0,2.0,2.0,2.0,2.0,2.0,3.31,3.31,3.9,3.9,2.44,2.44,2.44,2.44,2.44,2.44,3.6,4.19,4.19,3.6,2.14,2.14,2.14,2.14
N_19_12,N_19_15,12.939602000284687,7.18,7.18,7.18,7.18,7.18,7.18,8.93,8.93,9.7,9.7,7.76,7.76,7.76,7.76,7.76,7.76,9.32,10.09,10.09,9.32,7.38,7.38,7.38,7.38
N_19_12,N_18_13,0.9702501713373883,1.59,1.59,1.59,1.59,1.59,1.59,2.64,2.64,3.1,3.1,1.94,1.94,1.94,1.94,1.94,1.94,2.87,3.34,3.34,2.87,1.71,1.71,1.71,1.71
N_19_12,N_17_11,4.306438601331331,4.39,4.39,4.39,4.39,4.39,4.39,6.72,6.72,7.75,7.75,5.17,5.17,5.17,5.17,5.17,5.17,7.23,8.27,8.27,7.23,4.65,4.65,4.65,4.65
N_19_13,N_18_12,1.8123633270537276,2.97,2.97,2.97,2.97,2.97,2.97,4.93,4.93,5.8,5.8,3.62,3.62,3.62,3.62,3.62,3.62,5.36,6.23,6.23,5.36,3.19,3.19,3.19,3.19
N_19_13,N_21_11,4.380342574896078,4.47,4.47,4.47,4.47,4.47,4.47,6.83,6.83,7.88,7.88,5.26,5.26,5.26,5.26,5.26,5.26,7.36,8.41,8.41,7.36,4.73,4.73,4.73,4.73
N_19_13,N_22_13,2.107254762235015,3.46,3.46,3.46,3.46,3.46,3.46,5.73,5.73,6.74,6.74,4.21,4.21,4.21,4.21,4.21,4.21,6.24,7.25,7.25,6.24,3.71,3.71,3.71,3.71
N_19_13,N_19_12,1.4270078935970283,2.34,2.34,2.34,2.34,2.34,2.34,3.88,3.88,4.57,4.57,2.85,2.85,2.85,2.85,2.85,2.85,4.22,4.91,4.91,4.22,2.51,2.51,2.51,2.51
N_19_13,N_19_14,6.4502976037138575,6.58,6.58,6.58,6.58,6.58,6.58,10.06,10.06,11.61,11.61,7.74,7.74,7.74,7.74,7.74,7.74,10.84,12.38,12.38,10.84,6.97,6.97,6.97,6.97
N_19_14,N_17_12,5.207902618571417,5.31,5.31,5.31,5.31,5.31,5.31,8.12,8.12,9.37,9.37,6.25,6.25,6.25,6.25,6.25,6.25,8.75,10.0,10.0,8.75,5.62,5.62,5.62,5.62
N_19_14,N_19_13,6.4502976037138575,6.58,6.58,6.58,6.58,6.58,6.58,10.06,10.06,11.61,11.61,7.74,7.74,7.74,7.74,7.74,7.74,10.84,12.38,12.38,10.84,6.97,6.97,6.97,6.97
N_19_14,N_19_17,5.845460872142404,5.96,5.96,5.96,5.96,5.96,5.96,9.12,9.12,10.52,10.52,7.01,7.01,7.01,7.01,7.01,7.01,9.82,11.22,11.22,9.82,6.31,6.31,6.31,6.31
N_19_14,N_19_16,3.010949227350868,3.07,3.07,3.07,3.07,3.07,3.07,4.7,4.7,5.42,5.42,3.61,3.61,3.61,3.61,3.61,3.61,5.06,5.78,5.78,5.06,3.25,3.25,3.25,3.25
N_19_14,N_21_16,1.5021537870423975,2.46,2.46,2.46,2.46,2.46,2.46,4.09,4.09,4.81,4.81,3.0,3.0,3.0,3.0,3.0,3.0,4.45,5.17,5.17,4.45,2.64,2.64,2.64,2.64
N_19_14,N_21_12,5.634662564330521,5.75,5.75,5.75,5.75,5.75,5.75,8.79,8.79,10.14,10.14,6.76,6.76,6.76,6.76,6.76,6.76,9.47,10.82,10.82,9.47,6.09,6.09,6.09,6.09
N_19_14,N_17_15,5.123476397713726,5.23,5.23,5.23,5.23,5.23,5.23,7.99,7.99,9.22,9.22,6.15,6.15,6.15,6.15,6.15,6.15,8.61,9.84,9.84,8.61,5.53,5.53,5.53,5.53
N_19_15,N_18_17,3.837823955553077,3.91,3.91,3.91,3.91,3.91,3.91,5.99,5.99,6.91,6.91,4.61,4.61,4.61,4.61,4.61,4.61,6.45,7.37,7.37,6.45,4.14,4.14,4.14,4.14
N_19_15,N_19_12,12.939602000284687,7.18,7.18,7.18,7.18,7.18,7.18,8.93,8.93,9.7,9.7,7.76,7.76,7.76,7.76,7.76,7.76,9.32,10.09,10.09,9.32,7.38,7.38,7.38,7.38
N_19_15,N_21_14,4.201130029306208,4.29,4.29,4.29,4.29,4.29,4.29,6.55,6.55,7.56,7.56,5.04,5.04,5.04,5.04,5.04,5.04,7.06,8.07,8.07,7.06,4.54,4.54,4.54,4.54
N_19_15,N_21_16,9.606310476951492,5.33,5.33,5.33,5.33,5.33,5.33,6.63,6.63,7.2,7.2,5.76,5.76,5.76,5.76,5.76,5.76,6.92,7.49,7.49,6.92,5.48,5.48,5.48,5.48
N_19_16,N_19_14,3.010949227350868,3.07,3.07,3.07,3.07,3.07,3.07,4.7,4.7,5.42,5.42,3.61,3.61,3.61,3.61,3.61,3.61,5.06,5.78,5.78,5.06,3.25,3.25,3.25,3.25
N_19_16,N_17_16,5.2094370212422945,5.31,5.31,5.31,5.31,5.31,5.31,8.13,8.13,9.38,9.38,6.25,6.25,6.25,6.25,6.25,6.25,8.75,10.0,10.0,8.75,5.63,5.63,5.63,5.63
N_19_16,N_17_15,2.3512583075356046,3.86,3.86,3.86,3.86,3.86,3.86,6.4,6.4,7.52,7.52,4.7,4.7,4.7,4.7,4.7,4.7,6.96,8.09,8.09,6.96,4.14,4.14,4.14,4.14
N_19_16,N_22_16,3.7089468701202644,3.78,3.78,3.78,3.78,3.78,3.78,5.79,5.79,6.68,6.68,4.45,4.45,4.45,4.45,4.45,4.45,6.23,7.12,7.12,6.23,4.01,4.01,4.01,4.01
N_19_16,N_18_16,11.00650338499053,6.11,6.11,6.11,6.11,6.11,6.11,7.59,7.59,8.25,8.25,6.6,6.6,6.6,6.6,6.6,6.6,7.92,8.59,8.59,7.92,6.27,6.27,6.27,6.27
N_19_16,N_20_14,11.359051608628304,6.3,6.3,6.3,6.3,6.3,6.3,7.84,7.84,8.52,8.52,6.82,6.82,6.82,6.82,6.82,6.82,8.18,8.86,8.86,8.18,6.47,6.47,6.47,6.47
N_19_16,N_20_17,1.9620331564276399,3.22,3.22,3.22,3.22,3.22,3.22,5.34,5.34,6.28,6.28,3.92,3.92,3.92,3.92,3.92,3.92,5.81,6.75,6.75,5.81,3.45,3.45,3.45,3.45
N_19_16,N_19_15,9.799647405065816,5.44,5.44,5.44,5.44,5.44,5.44,6.76,6.76,7.35,7.35,5.88,5.88,5.88,5.88,5.88,5.88,7.06,7.64,7.64,7.06,5.59,5.59,5.59,5.59
N_19_17,N_17_18,4.9249674876927845,5.02,5.02,5.02,5.02,5.02,5.02,7.68,7.68,8.86,8.86,5.91,5.91,5.91,5.91,5.91,5.91,8.27,9.46,9.46,8.27,5.32,5.32,5.32,5.32
N_19_17,N_20_16,4.425036245256663,4.51,4.51,4.51,4.51,4.51,4.51,6.9,6.9,7.97,7.97,5.31,5.31,5.31,5.31,5.31,5.31,7.43,8.5,8.5,7.43,4.78,4.78,4.78,4.78
N_19_17,N_21_19,13.646213288047171,7.57,7.57,7.57,7.57,7.57,7.57,9.42,9.42,10.23,10.23,8.19,8.19,8.19,8.19,8.19,8.19,9.83,10.64,10.64,9.83,7.78,7.78,7.78,7.78
N_19_18,N_16_18,8.520452307833805,4.73,4.73,4.73,4.73,4.73,4.73,5.88,5.88,6.39,6.39,5.11,5.11,5.11,5.11,5.11,5.11,6.13,6.65,6.65,6.13,4.86,4.86,4.86,4.86
N_19_18,N_18_20,8.395599249849543,4.66,4.66,4.66,4.66,4.66,4.66,5.79,5.79,6.3,6.3,5.04,5.04,5.04,5.04,5.04,5.04,6.04,6.55,6.55,6.04,4.79,4.79,4.79,4.79
N_19_18,N_17_18,4.933692508145075,5.03,5.03,5.03,5.03,5.03,5.03,7.7,7.7,8.88,8.88,5.92,5.92,5.92,5.92,5.92,5.92,8.29,9.47,9.47,8.29,5.33,5.33,5.33,5.33
N_19_18,N_21_20,6.904549062044091,7.04,7.04,7.04,7.04,7.04,7.04,10.77,10.77,12.43,12.43,8.29,8.29,8.29,8.29,8.29,8.29,11.6,13.26,13.26,11.6,7.46,7.46,7.46,7.46
N_19_18,N_18_18,2.3675924377572946,3.88,3.88,3.88,3.88,3.88,3.88,6.44,6.44,7.58,7.58,4.74,4.74,4.74,4.74,4.74,4.74,7.01,8.14,8.14,7.01,4.17,4.17,4.17,4.17
N_19_18,N_21_19,4.831412744142877,4.93,4.93,4.93,4.93,4.93,4.93,7.54,7.54,8.7,8.7,5.8,5.8,5.8,5.8,5.8,5.8,8.12,9.28,9.28,8.12,5.22,5.22,5.22,5.22
N_19_18,N_19_19,6.599882127105135,6.73,6.73,6.73,6.73,6.73,6.73,10.3,10.3,11.88,11.88,7.92,7.92,7.92,7.92,7.92,7.92,11.09,12.67,12.67,11.09,7.13,7.13,7.13,7.13
N_19_18,N_19_21,11.996575083493816,6.66,6.66,6.66,6.66,6.66,6.66,8.28,8.28,9.0,9.0,7.2,7.2,7.2,7.2,7.2,7.2,8.64,9.36,9.36,8.64,6.84,6.84,6.84,6.84
N_19_19,N_19_18,6.599882127105135,6.73,6.73,6.73,6.73,6.73,6.73,10.3,10.3,11.88,11.88,7.92,7.92,7.92,7.92,7.92,7.92,11.09,12.67,12.67,11.09,7.13,7.13,7.13,7.13
N_19_19,N_17_21,14.010598396852759,7.78,7.78,7.78,7.78,7.78,7.78,9.67,9.67,10.51,10.51,8.41,8.41,8.41,8.41,8.41,8.41,10.09,10.93,10.93,10.09,7.99,7.99,7.99,7.99
N_19_19,N_21_19,6.856312006664369,6.99,6.99,6.99,6.99,6.99,6.99,10.7,10.7,12.34,12.34,8.23,8.23,8.23,8.23,8.23,8.23,11.52,13.16,13.16,11.52,7.4,7.4,7.4,7.4
N_19_19,N_17_17,10.657068125866093,5.91,5.91,5.91,5.91,5.91,5.91,7.35,7.35,7.99,7.99,6.39,6.39,6.39,6.39,6.39,6.39,7.67,8.31,8.31,7.67,6.07,6.07,6.07,6.07
N_19_19,N_19_21,4.648119329849191,4.74,4.74,4.74,4.74,4.74,4.74,7.25,7.25,8.37,8.37,5.58,5.58,5.58,5.58,5.58,5.58,7.81,8.92,8.92,7.81,5.02,5.02,5.02,5.02
N_19_19,N_17_20,3.300446644374342,3.37,3.37,3.37,3.37,3.37,3.37,5.15,5.15,5.94,5.94,3.96,3.96,3.96,3.96,3.96,3.96,5.54,6.34,6.34,5.54,3.56,3.56,3.56,3.56
N_19_19,N_18_19,8.159125649802643,4.53,4.53,4.53,4.53,4.53,4.53,5.63,5.63,6.12,6.12,4.9,4.9,4.9,4.9,4.9,4.9,5.87,6.36,6.36,5.87,4.65,4.65,4.65,4.65
N_19_2,N_17_1,10.310179796027011,5.72,5.72,5.72,5.72,5.72,5.72,7.11,7.11,7.73,7.73,6.19,6.19,6.19,6.19,6.19,6.19,7.42,8.04,8.04,7.42,5.88,5.88,5.88,5.88
N_19_2,N_18_0,1.115123686800577,1.83,1.83,1.83,1.83,1.83,1.83,3.03,3.03,3.57,3.57,2.23,2.23,2.23,2.23,2.23,2.23,3.3,3.84,3.84,3.3,1.96,1.96,1.96,1.96
N_19_2,N_18_2,0.5690679795089508,0.93,0.93,0.93,0.93,0.93,0.93,1.55,1.55,1.82,1.82,1.14,1.14,1.14,1.14,1.14,1.14,1.68,1.96,1.96,1.68,1.0,1.0,1.0,1.0
N_19_2,N_18_3,9.139223287095989,5.07,5.07,5.07,5.07,5.07,5.07,6.31,6.31,6.85,6.85,5.48,5.48,5.48,5.48,5.48,5.48,6.58,7.13,7.13,6.58,5.21,5.21,5.21,5.21
N_19_2,N_19_0,0.83120787031683,1.36,1.36,1.36,1.36,1.36,1.36,2.26,2.26,2.66,2.66,1.66,1.66,1.66,1.66,1.66,1.66,2.46,2.86,2.86,2.46,1.46,1.46,1.46,1.46
N_19_2,N_19_1,5.035340109484462,5.14,5.14,5.14,5.14,5.14,5.14,7.86,7.86,9.06,9.06,6.04,6.04,6.04,6.04,6.04,6.04,8.46,9.67,9.67,8.46,5.44,5.44,5.44,5.44
N_19_20,N_17_18,4.130585687602027,4.21,4.21,4.21,4.21,4.21,4.21,6.44,6.44,7.44,7.44,4.96,4.96,4.96,4.96,4.96,4.96,6.94,7.93,7.93,6.94,4.46,4.46,4.46,4.46
N_19_20,N_18_18,10.727035346940403,5.95,5.95,5.95,5.95,5.95,5.95,7.4,7.4,8.05,8.05,6.44,6.44,6.44,6.44,6.44,6.44,7.72,8.37,8.37,7.72,6.11,6.11,6.11,6.11
N_19_20,N_19_17,13.666504044293593,7.58,7.58,7.58,7.58,7.58,7.58,9.43,9.43,10.25,10.25,8.2,8.2,8.2,8.2,8.2,8.2,9.84,10.66,10.66,9.84,7.79,7.79,7.79,7.79
N_19_21,N_16_21,6.760055184770849,6.9,6.9,6.9,6.9,6.9,6.9,10.55,10.55,12.17,12.17,8.11,8.11,8.11,8.11,8.11,8.11,11.36,12.98,12.98,11.36,7.3,7.3,7.3,7.3
N_19_21,N_19_18,11.996575083493816,6.66,6.66,6.66,6.66,6.66,6.66,8.28,8.28,9.0,9.0,7.2,7.2,7.2,7.2,7.2,7.2,8.64,9.36,9.36,8.64,6.84,6.84,6.84,6.84
N_19_21,N_19_19,4.648119329849191,4.74,4.74,4.74,4.74,4.74,4.74,7.25,7.25,8.37,8.37,5.58,5.58,5.58,5.58,5.58,5.58,7.81,8.92,8.92,7.81,5.02,5.02,5.02,5.02
N_19_21,N_20_21,3.9516468065789834,4.03,4.03,4.03,4.03,4.03,4.03,6.16,6.16,7.11,7.11,4.74,4.74,4.74,4.74,4.74,4.74,6.64,7.59,7.59,6.64,4.27,4.27,4.27,4.27
N_19_21,N_17_21,4.553764557614082,4.64,4.64,4.64,4.64,4.64,4.64,7.1,7.1,8.2,8.2,5.46,5.46,5.46,5.46,5.46,5.46,7.65,8.74,8.74,7.65,4.92,4.92,4.92,4.92
N_19_21,N_18_22,8.953473581609458,4.97,4.97,4.97,4.97,4.97,4.97,6.18,6.18,6.72,6.72,5.37,5.37,5.37,5.37,5.37,5.37,6.45,6.98,6.98,6.45,5.1,5.1,5.1,5.1
N_19_22,N_18_23,1.4603511476640383,2.39,2.39,2.39,2.39,2.39,2.39,3.97,3.97,4.67,4.67,2.92,2.92,2.92,2.92,2.92,2.92,4.32,5.02,5.02,4.32,2.57,2.57,2.57,2.57
N_19_22,N_17_23,5.925009938245989,6.04,6.04,6.04,6.04,6.04,6.04,9.24,9.24,10.67,10.67,7.11,7.11,7.11,7.11,7.11,7.11,9.95,11.38,11.38,9.95,6.4,6.4,6.4,6.4
N_19_22,N_21_21,9.526949703215386,5.29,5.29,5.29,5.29,5.29,5.29,6.57,6.57,7.15,7.15,5.72,5.72,5.72,5.72,5.72,5.72,6.86,7.43,7.43,6.86,5.43,5.43,5.43,5.43
N_19_22,N_19_20,5.607411986893563,5.72,5.72,5.72,5.72,5.72,5.72,8.75,8.75,10.09,10.09,6.73,6.73,6.73,6.73,6.73,6.73,9.42,10.77,10.77,9.42,6.06,6.06,6.06,6.06
N_19_22,N_17_22,0.5275198431813095,0.87,0.87,0.87,0.87,0.87,0.87,1.43,1.43,1.69,1.69,1.06,1.06,1.06,1.06,1.06,1.06,1.56,1.81,1.81,1.56,0.93,0.93,0.93,0.93
N_19_22,N_20_23,9.010685898579007,5.0,5.0,5.0,5.0,5.0,5.0,6.22,6.22,6.76,6.76,5.41,5.41,5.41,5.41,5.41,5.41,6.49,7.03,7.03,6.49,5.14,5.14,5.14,5.14
N_19_23,N_17_21,9.428538271356029,5.23,5.23,5.23,5.23,5.23,5.23,6.51,6.51,7.07,7.07,5.66,5.66,5.66,5.66,5.66,5.66,6.79,7.35,7.35,6.79,5.37,5.37,5.37,5.37
N_19_23,N_17_22,6.6115318017262705,6.74,6.74,6.74,6.74,6.74,6.74,10.31,10.31,11.9,11.9,7.93,7.93,7.93,7.93,7.93,7.93,11.11,12.69,12.69,11.11,7.14,7.14,7.14,7.14
N_19_23,N_17_24,0.7524563386229204,1.23,1.23,1.23,1.23,1.23,1.23,2.05,2.05,2.41,2.41,1.5,1.5,1.5,1.5,1.5,1.5,2.23,2.59,2.59,2.23,1.32,1.32,1.32,1.32
N_19_23,N_19_20,3.2456183964429224,3.31,3.31,3.31,3.31,3.31,3.31,5.06,5.06,5.84,5.84,3.89,3.89,3.89,3.89,3.89,3.89,5.45,6.23,6.23,5.45,3.51,3.51,3.51,3.51
N_19_24,N_18_25,4.146068434835517,4.23,4.23,4.23,4.23,4.23,4.23,6.47,6.47,7.46,7.46,4.98,4.98,4.98,4.98,4.98,4.98,6.97,7.96,7.96,6.97,4.48,4.48,4.48,4.48
N_19_24,N_19_23,2.427016353467031,3.98,3.98,3.98,3.98,3.98,3.98,6.6,6.6,7.77,7.77,4.85,4.85,4.85,4.85,4.85,4.85,7.18,8.35,8.35,7.18,4.27,4.27,4.27,4.27
N_19_24,N_21_26,4.752517160916524,4.85,4.85,4.85,4.85,4.85,4.85,7.41,7.41,8.55,8.55,5.7,5.7,5.7,5.7,5.7,5.7,7.98,9.12,9.12,7.98,5.13,5.13,5.13,5.13
N_19_24,N_18_22,5.580881431278662,5.69,5.69,5.69,5.69,5.69,5.69,8.71,8.71,10.05,10.05,6.7,6.7,6.7,6.7,6.7,6.7,9.38,10.72,10.72,9.38,6.03,6.03,6.03,6.03
N_19_24,N_20_22,1.6034931169405238,2.63,2.63,2.63,2.63,2.63,2.63,4.36,4.36,5.13,5.13,3.21,3.21,3.21,3.21,3.21,3.21,4.75,5.52,5.52,4.75,2.82,2.82,2.82,2.82
N_19_24,N_19_22,9.873730548088988,5.48,5.48,5.48,5.48,5.48,5.48,6.81,6.81,7.41,7.41,5.92,5.92,5.92,5.92,5.92,5.92,7.11,7.7,7.7,7.11,5.63,5.63,5.63,5.63
N_19_25,N_17_25,5.75855111389418,5.87,5.87,5.87,5.87,5.87,5.87,8.98,8.98,10.37,10.37,6.91,6.91,6.91,6.91,6.91,6.91,9.67,11.06,11.06,9.67,6.22,6.22,6.22,6.22
N_19_25,N_21_23,3.0058420741861833,3.07,3.07,3.07,3.07,3.07,3.07,4.69,4.69,5.41,5.41,3.61,3.61,3.61,3.61,3.61,3.61,5.05,5.77,5.77,5.05,3.25,3.25,3.25,3.25
N_19_25,N_20_25,10.14436638389651,5.63,5.63,5.63,5.63,5.63,5.63,7.0,7.0,7.61,7.61,6.09,6.09,6.09,6.09,6.09,6.09,7.3,7.91,7.91,7.3,5.78,5.78,5.78,5.78
N_19_25,N_22_25,13.632152348038487,7.57,7.57,7.57,7.57,7.57,7.57,9.41,9.41,10.22,10.22,8.18,8.18,8.18,8.18,8.18,8.18,9.82,10.63,10.63,9.82,7.77,7.77,7.77,7.77
N_19_25,N_17_27,5.679345126208961,5.79,5.79,5.79,5.79,5.79,5.79,8.86,8.86,10.22,10.22,6.82,6.82,6.82,6.82,6.82,6.82,9.54,10.9,10.9,9.54,6.13,6.13,6.13,6.13
N_19_25,N_20_23,4.427550020697413,4.52,4.52,4.52,4.52,4.52,4.52,6.91,6.91,7.97,7.97,5.31,5.31,5.31,5.31,5.31,5.31,7.44,8.5,8.5,7.44,4.78,4.78,4.78,4.78
N_19_26,N_17_24,1.5094474432261642,2.48,2.48,2.48,2.48,2.48,2.48,4.11,4.11,4.83,4.83,3.02,3.02,3.02,3.02,3.02,3.02,4.47,5.19,5.19,4.47,2.66,2.66,2.66,2.66
N_19_26,N_18_27,12.483285430873302,6.93,6.93,6.93,6.93,6.93,6.93,8.61,8.61,9.36,9.36,7.49,7.49,7.49,7.49,7.49,7.49,8.99,9.74,9.74,8.99,7.12,7.12,7.12,7.12
N_19_26,N_18_28,4.405987829895029,4.49,4.49,4.49,4.49,4.49,4.49,6.87,6.87,7.93,7.93,5.29,5.29,5.29,5.29,5.29,5.29,7.4,8.46,8.46,7.4,4.76,4.76,4.76,4.76
N_19_26,N_21_27,14.928422144289993,8.29,8.29,8.29,8.29,8.29,8.29,10.3,10.3,11.2,11.2,8.96,8.96,8.96,8.96,8.96,8.96,10.75,11.64,11.64,10.75,8.51,8.51,8.51,8.51
N_19_26,N_20_25,3.8829286318428657,3.96,3.96,3.96,3.96,3.96,3.96,6.06,6.06,6.99,6.99,4.66,4.66,4.66,4.66,4.66,4.66,6.52,7.46,7.46,6.52,4.19,4.19,4.19,4.19
N_19_26,N_20_27,3.1464634614126843,3.21,3.21,3.21,3.21,3.21,3.21,4.91,4.91,5.66,5.66,3.78,3.78,3.78,3.78,3.78,3.78,5.29,6.04,6.04,5.29,3.4,3.4,3.4,3.4
N_19_27,N_16_27,12.148473889134472,6.74,6.74,6.74,6.74,6.74,6.74,8.38,8.38,9.11,9.11,7.29,7.29,7.29,7.29,7.29,7.29,8.75,9.48,9.48,8.75,6.92,6.92,6.92,6.92
N_19_27,N_18_28,4.499663746608746,4.59,4.59,4.59,4.59,4.59,4.59,7.02,7.02,8.1,8.1,5.4,5.4,5.4,5.4,5.4,5.4,7.56,8.64,8.64,7.56,4.86,4.86,4.86,4.86
N_19_27,N_21_26,1.4790988984266729,2.43,2.43,2.43,2.43,2.43,2.43,4.02,4.02,4.73,4.73,2.96,2.96,2.96,2.96,2.96,2.96,4.38,5.09,5.09,4.38,2.6,2.6,2.6,2.6
N_19_27,N_17_28,6.549873093686822,6.68,6.68,6.68,6.68,6.68,6.68,10.22,10.22,11.79,11.79,7.86,7.86,7.86,7.86,7.86,7.86,11.0,12.58,12.58,11.0,7.07,7.07,7.07,7.07
N_19_27,N_20_27,3.917316911363931,4.0,4.0,4.0,4.0,4.0,4.0,6.11,6.11,7.05,7.05,4.7,4.7,4.7,4.7,4.7,4.7,6.58,7.52,7.52,6.58,4.23,4.23,4.23,4.23
N_19_27,N_17_27,12.874653581103024,7.15,7.15,7.15,7.15,7.15,7.15,8.88,8.88,9.66,9.66,7.72,7.72,7.72,7.72,7.72,7.72,9.27,10.04,10.04,9.27,7.34,7.34,7.34,7.34
N_19_27,N_17_25,5.225147446868986,5.33,5.33,5.33,5.33,5.33,5.33,8.15,8.15,9.41,9.41,6.27,6.27,6.27,6.27,6.27,6.27,8.78,10.03,10.03,8.78,5.64,5.64,5.64,5.64
N_19_28,N_18_26,1.7909282813452954,2.94,2.94,2.94,2.94,2.94,2.94,4.87,4.87,5.73,5.73,3.58,3.58,3.58,3.58,3.58,3.58,5.3,6.16,6.16,5.3,3.15,3.15,3.15,3.15
N_19_28,N_21_30,5.896247571830857,6.01,6.01,6.01,6.01,6.01,6.01,9.2,9.2,10.61,10.61,7.08,7.08,7.08,7.08,7.08,7.08,9.91,11.32,11.32,9.91,6.37,6.37,6.37,6.37
N_19_28,N_20_28,6.044370421755124,6.17,6.17,6.17,6.17,6.17,6.17,9.43,9.43,10.88,10.88,7.25,7.25,7.25,7.25,7.25,7.25,10.15,11.61,11.61,10.15,6.53,6.53,6.53,6.53
N_19_28,N_17_26,5.75166851470673,5.87,5.87,5.87,5.87,5.87,5.87,8.97,8.97,10.35,10.35,6.9,6.9,6.9,6.9,6.9,6.9,9.66,11.04,11.04,9.66,6.21,6.21,6.21,6.21
N_19_29,N_18_30,1.6885391851193872,2.77,2.77,2.77,2.77,2.77,2.77,4.59,4.59,5.4,5.4,3.38,3.38,3.38,3.38,3.38,3.38,5.0,5.81,5.81,5.0,2.97,2.97,2.97,2.97
N_19_29,N_18_31,11.143410011933774,6.18,6.18,6.18,6.18,6.18,6.18,7.69,7.69,8.36,8.36,6.69,6.69,6.69,6.69,6.69,6.69,8.02,8.69,8.69,8.02,6.35,6.35,6.35,6.35
N_19_29,N_17_28,1.3901515793677477,2.28,2.28,2.28,2.28,2.28,2.28,3.78,3.78,4.45,4.45,2.78,2.78,2.78,2.78,2.78,2.78,4.11,4.78,4.78,4.11,2.45,2.45,2.45,2.45
N_19_3,N_16_3,8.682328224221111,4.82,4.82,4.82,4.82,4.82,4.82,5.99,5.99,6.51,6.51,5.21,5.21,5.21,5.21,5.21,5.21,6.25,6.77,6.77,6.25,4.95,4.95,4.95,4.95
N_19_3,N_17_3,4.251697380000344,4.34,4.34,4.34,4.34,4.34,4.34,6.63,6.63,7.65,7.65,5.1,5.1,5.1,5.1,5.1,5.1,7.14,8.16,8.16,7.14,4.59,4.59,4.59,4.59
N_19_3,N_21_4,3.927201712099996,4.01,4.01,4.01,4.01,4.01,4.01,6.13,6.13,7.07,7.07,4.71,4.71,4.71,4.71,4.71,4.71,6.6,7.54,7.54,6.6,4.24,4.24,4.24,4.24
N_19_3,N_20_2,1.5168319621429316,2.49,2.49,2.49,2.49,2.49,2.49,4.13,4.13,4.85,4.85,3.03,3.03,3.03,3.03,3.03,3.03,4.49,5.22,5.22,4.49,2.67,2.67,2.67,2.67
N_19_3,N_21_5,0.9829894682616425,1.61,1.61,1.61,1.61,1.61,1.61,2.67,2.67,3.15,3.15,1.97,1.97,1.97,1.97,1.97,1.97,2.91,3.38,3.38,2.91,1.73,1.73,1.73,1.73
N_19_3,N_18_3,10.324531025009989,5.73,5.73,5.73,5.73,5.73,5.73,7.12,7.12,7.74,7.74,6.19,6.19,6.19,6.19,6.19,6.19,7.43,8.05,8.05,7.43,5.88,5.88,5.88,5.88
N_19_3,N_19_6,10.994044947874237,6.1,6.1,6.1,6.1,6.1,6.1,7.59,7.59,8.25,8.25,6.6,6.6,6.6,6.6,6.6,6.6,7.92,8.58,8.58,7.92,6.27,6.27,6.27,6.27
N_19_30,N_17_28,5.667913938650377,5.78,5.78,5.78,5.78,5.78,5.78,8.84,8.84,10.2,10.2,6.8,6.8,6.8,6.8,6.8,6.8,9.52,10.88,10.88,9.52,6.12,6.12,6.12,6.12
N_19_30,N_20_29,9.154467540256006,5.08,5.08,5.08,5.08,5.08,5.08,6.32,6.32,6.87,6.87,5.49,5.49,5.49,5.49,5.49,5.49,6.59,7.14,7.14,6.59,5.22,5.22,5.22,5.22
N_19_30,N_18_29,3.32425278671481,3.39,3.39,3.39,3.39,3.39,3.39,5.19,5.19,5.98,5.98,3.99,3.99,3.99,3.99,3.99,3.99,5.58,6.38,6.38,5.58,3.59,3.59,3.59,3.59
N_19_30,N_19_27,6.221493098087924,6.35,6.35,6.35,6.35,6.35,6.35,9.71,9.71,11.2,11.2,7.47,7.47,7.47,7.47,7.47,7.47,10.45,11.95,11.95,10.45,6.72,6.72,6.72,6.72
N_19_30,N_20_31,1.7950954343607946,2.94,2.94,2.94,2.94,2.94,2.94,4.88,4.88,5.74,5.74,3.59,3.59,3.59,3.59,3.59,3.59,5.31,6.18,6.18,5.31,3.16,3.16,3.16,3.16
N_19_30,N_21_28,6.874574679281436,7.01,7.01,7.01,7.01,7.01,7.01,10.72,10.72,12.37,12.37,8.25,8.25,8.25,8.25,8.25,8.25,11.55,13.2,13.2,11.55,7.42,7.42,7.42,7.42
N_19_30,N_19_31,3.4606302319374547,3.53,3.53,3.53,3.53,3.53,3.53,5.4,5.4,6.23,6.23,4.15,4.15,4.15,4.15,4.15,4.15,5.81,6.64,6.64,5.81,3.74,3.74,3.74,3.74
N_19_31,N_18_31,12.661378345349526,7.03,7.03,7.03,7.03,7.03,7.03,8.74,8.74,9.5,9.5,7.6,7.6,7.6,7.6,7.6,7.6,9.12,9.88,9.88,9.12,7.22,7.22,7.22,7.22
N_19_31,N_18_32,2.0612639992628816,3.38,3.38,3.38,3.38,3.38,3.38,5.61,5.61,6.6,6.6,4.12,4.12,4.12,4.12,4.12,4.12,6.1,7.09,7.09,6.1,3.63,3.63,3.63,3.63
N_19_31,N_17_29,3.176585662341465,3.24,3.24,3.24,3.24,3.24,3.24,4.96,4.96,5.72,5.72,3.81,3.81,3.81,3.81,3.81,3.81,5.34,6.1,6.1,5.34,3.43,3.43,3.43,3.43
N_19_31,N_19_29,6.543171085286523,6.67,6.67,6.67,6.67,6.67,6.67,10.21,10.21,11.78,11.78,7.85,7.85,7.85,7.85,7.85,7.85,10.99,12.56,12.56,10.99,7.07,7.07,7.07,7.07
N_19_31,N_16_31,3.354754220290981,3.42,3.42,3.42,3.42,3.42,3.42,5.23,5.23,6.04,6.04,4.03,4.03,4.03,4.03,4.03,4.03,5.64,6.44,6.44,5.64,3.62,3.62,3.62,3.62
N_19_31,N_19_34,9.04971024272057,5.02,5.02,5.02,5.02,5.02,5.02,6.24,6.24,6.79,6.79,5.43,5.43,5.43,5.43,5.43,5.43,6.52,7.06,7.06,6.52,5.16,5.16,5.16,5.16
N_19_32,N_17_33,3.027101366844431,3.09,3.09,3.09,3.09,3.09,3.09,4.72,4.72,5.45,5.45,3.63,3.63,3.63,3.63,3.63,3.63,5.09,5.81,5.81,5.09,3.27,3.27,3.27,3.27
N_19_32,N_18_32,6.723119925668306,6.86,6.86,6.86,6.86,6.86,6.86,10.49,10.49,12.1,12.1,8.07,8.07,8.07,8.07,8.07,8.07,11.29,12.91,12.91,11.29,7.26,7.26,7.26,7.26
N_19_32,N_20_32,6.146092891655595,6.27,6.27,6.27,6.27,6.27,6.27,9.59,9.59,11.06,11.06,7.38,7.38,7.38,7.38,7.38,7.38,10.33,11.8,11.8,10.33,6.64,6.64,6.64,6.64
N_19_32,N_20_33,5.544979898724122,5.66,5.66,5.66,5.66,5.66,5.66,8.65,8.65,9.98,9.98,6.65,6.65,6.65,6.65,6.65,6.65,9.32,10.65,10.65,9.32,5.99,5.99,5.99,5.99
N_19_33,N_20_31,3.2566636919888468,3.32,3.32,3.32,3.32,3.32,3.32,5.08,5.08,5.86,5.86,3.91,3.91,3.91,3.91,3.91,3.91,5.47,6.25,6.25,5.47,3.52,3.52,3.52,3.52
N_19_33,N_18_34,8.458713881600698,4.69,4.69,4.69,4.69,4.69,4.69,5.84,5.84,6.34,6.34,5.08,5.08,5.08,5.08,5.08,5.08,6.09,6.6,6.6,6.09,4.82,4.82,4.82,4.82
N_19_33,N_18_32,4.180604449689079,4.26,4.26,4.26,4.26,4.26,4.26,6.52,6.52,7.53,7.53,5.02,5.02,5.02,5.02,5.02,5.02,7.02,8.03,8.03,7.02,4.52,4.52,4.52,4.52
N_19_33,N_19_34,5.677980711072056,5.79,5.79,5.79,5.79,5.79,5.79,8.86,8.86,10.22,10.22,6.81,6.81,6.81,6.81,6.81,6.81,9.54,10.9,10.9,9.54,6.13,6.13,6.13,6.13
N_19_33,N_19_32,3.6343714601012875,3.71,3.71,3.71,3.71,3.71,3.71,5.67,5.67,6.54,6.54,4.36,4.36,4.36,4.36,4.36,4.36,6.11,6.98,6.98,6.11,3.93,3.93,3.93,3.93
N_19_33,N_17_33,5.867964480236482,5.99,5.99,5.99,5.99,5.99,5.99,9.15,9.15,10.56,10.56,7.04,7.04,7.04,7.04,7.04,7.04,9.86,11.27,11.27,9.86,6.34,6.34,6.34,6.34
N_19_34,N_17_33,5.698670485754641,5.81,5.81,5.81,5.81,5.81,5.81,8.89,8.89,10.26,10.26,6.84,6.84,6.84,6.84,6.84,6.84,9.57,10.94,10.94,9.57,6.15,6.15,6.15,6.15
N_19_34,N_18_35,13.68393829121332,7.59,7.59,7.59,7.59,7.59,7.59,9.44,9.44,10.26,10.26,8.21,8.21,8.21,8.21,8.21,8.21,9.85,10.67,10.67,9.85,7.8,7.8,7.8,7.8
N_19_34,N_19_31,9.04971024272057,5.02,5.02,5.02,5.02,5.02,5.02,6.24,6.24,6.79,6.79,5.43,5.43,5.43,5.43,5.43,5.43,6.52,7.06,7.06,6.52,5.16,5.16,5.16,5.16
N_19_35,N_16_35,9.115308630563192,5.06,5.06,5.06,5.06,5.06,5.06,6.29,6.29,6.84,6.84,5.47,5.47,5.47,5.47,5.47,5.47,6.56,7.11,7.11,6.56,5.2,5.2,5.2,5.2
N_19_35,N_17_36,14.87641942834759,8.26,8.26,8.26,8.26,8.26,8.26,10.26,10.26,11.16,11.16,8.93,8.93,8.93,8.93,8.93,8.93,10.71,11.6,11.6,10.71,8.48,8.48,8.48,8.48
N_19_35,N_18_36,1.207102877509117,1.98,1.98,1.98,1.98,1.98,1.98,3.28,3.28,3.86,3.86,2.41,2.41,2.41,2.41,2.41,2.41,3.57,4.15,4.15,3.57,2.12,2.12,2.12,2.12
N_19_35,N_19_33,4.3597160290938906,4.45,4.45,4.45,4.45,4.45,4.45,6.8,6.8,7.85,7.85,5.23,5.23,5.23,5.23,5.23,5.23,7.32,8.37,8.37,7.32,4.71,4.71,4.71,4.71
N_19_35,N_20_34,6.972504104762238,7.11,7.11,7.11,7.11,7.11,7.11,10.88,10.88,12.55,12.55,8.37,8.37,8.37,8.37,8.37,8.37,11.71,13.39,13.39,11.71,7.53,7.53,7.53,7.53
N_19_35,N_21_37,9.512934285868408,5.28,5.28,5.28,5.28,5.28,5.28,6.56,6.56,7.13,7.13,5.71,5.71,5.71,5.71,5.71,5.71,6.85,7.42,7.42,6.85,5.42,5.42,5.42,5.42
N_19_35,N_18_35,0.8886578355509873,1.46,1.46,1.46,1.46,1.46,1.46,2.42,2.42,2.84,2.84,1.78,1.78,1.78,1.78,1.78,1.78,2.63,3.06,3.06,2.63,1.56,1.56,1.56,1.56
N_19_36,N_17_34,10.458404793586226,5.8,5.8,5.8,5.8,5.8,5.8,7.22,7.22,7.84,7.84,6.28,6.28,6.28,6.28,6.28,6.28,7.53,8.16,8.16,7.53,5.96,5.96,5.96,5.96
N_19_36,N_17_37,4.961861372704331,5.06,5.06,5.06,5.06,5.06,5.06,7.74,7.74,8.93,8.93,5.95,5.95,5.95,5.95,5.95,5.95,8.34,9.53,9.53,8.34,5.36,5.36,5.36,5.36
N_19_36,N_18_38,1.8665568884859125,3.06,3.06,3.06,3.06,3.06,3.06,5.08,5.08,5.97,5.97,3.73,3.73,3.73,3.73,3.73,3.73,5.53,6.42,6.42,5.53,3.29,3.29,3.29,3.29
N_19_37,N_17_39,1.9732671367188719,3.24,3.24,3.24,3.24,3.24,3.24,5.37,5.37,6.31,6.31,3.95,3.95,3.95,3.95,3.95,3.95,5.84,6.79,6.79,5.84,3.47,3.47,3.47,3.47
N_19_37,N_18_38,3.871713439053648,3.95,3.95,3.95,3.95,3.95,3.95,6.04,6.04,6.97,6.97,4.65,4.65,4.65,4.65,4.65,4.65,6.5,7.43,7.43,6.5,4.18,4.18,4.18,4.18
N_19_37,N_17_36,4.660090747833688,4.75,4.75,4.75,4.75,4.75,4.75,7.27,7.27,8.39,8.39,5.59,5.59,5.59,5.59,5.59,5.59,7.83,8.95,8.95,7.83,5.03,5.03,5.03,5.03
N_19_37,N_17_35,1.5477394897390377,2.54,2.54,2.54,2.54,2.54,2.54,4.21,4.21,4.95,4.95,3.1,3.1,3.1,3.1,3.1,3.1,4.58,5.32,5.32,4.58,2.72,2.72,2.72,2.72
N_19_37,N_19_39,4.3354078373990355,4.42,4.42,4.42,4.42,4.42,4.42,6.76,6.76,7.8,7.8,5.2,5.2,5.2,5.2,5.2,5.2,7.28,8.32,8.32,7.28,4.68,4.68,4.68,4.68
N_19_37,N_20_38,5.917044618238484,6.04,6.04,6.04,6.04,6.04,6.04,9.23,9.23,10.65,10.65,7.1,7.1,7.1,7.1,7.1,7.1,9.94,11.36,11.36,9.94,6.39,6.39,6.39,6.39
N_19_37,N_19_36,6.84147428646021,6.98,6.98,6.98,6.98,6.98,6.98,10.67,10.67,12.31,12.31,8.21,8.21,8.21,8.21,8.21,8.21,11.49,13.14,13.14,11.49,7.39,7.39,7.39,7.39
N_19_37,N_17_38,2.2645625415602044,3.71,3.71,3.71,3.71,3.71,3.71,6.16,6.16,7.25,7.25,4.53,4.53,4.53,4.53,4.53,4.53,6.7,7.79,7.79,6.7,3.99,3.99,3.99,3.99
N_19_38,N_18_39,6.988396324511143,7.13,7.13,7.13,7.13,7.13,7.13,10.9,10.9,12.58,12.58,8.39,8.39,8.39,8.39,8.39,8.39,11.74,13.42,13.42,11.74,7.55,7.55,7.55,7.55
N_19_38,N_17_39,3.105504589872273,3.17,3.17,3.17,3.17,3.17,3.17,4.84,4.84,5.59,5.59,3.73,3.73,3.73,3.73,3.73,3.73,5.22,5.96,5.96,5.22,3.35,3.35,3.35,3.35
N_19_38,N_17_37,0.8894118543058736,1.46,1.46,1.46,1.46,1.46,1.46,2.42,2.42,2.85,2.85,1.78,1.78,1.78,1.78,1.78,1.78,2.63,3.06,3.06,2.63,1.57,1.57,1.57,1.57
N_19_38,N_16_38,9.50909920965119,5.28,5.28,5.28,5.28,5.28,5.28,6.56,6.56,7.13,7.13,5.71,5.71,5.71,5.71,5.71,5.71,6.85,7.42,7.42,6.85,5.42,5.42,5.42,5.42
N_19_39,N_16_39,10.36223221365343,5.75,5.75,5.75,5.75,5.75,5.75,7.15,7.15,7.77,7.77,6.22,6.22,6.22,6.22,6.22,6.22,7.46,8.08,8.08,7.46,5.91,5.91,5.91,5.91
N_19_39,N_17_38,9.501452145655119,5.27,5.27,5.27,5.27,5.27,5.27,6.56,6.56,7.13,7.13,5.7,5.7,5.7,5.7,5.7,5.7,6.84,7.41,7.41,6.84,5.42,5.42,5.42,5.42
N_19_39,N_18_37,8.022178528244757,4.45,4.45,4.45,4.45,4.45,4.45,5.54,5.54,6.02,6.02,4.81,4.81,4.81,4.81,4.81,4.81,5.78,6.26,6.26,5.78,4.57,4.57,4.57,4.57
N_19_39,N_19_37,4.3354078373990355,4.42,4.42,4.42,4.42,4.42,4.42,6.76,6.76,7.8,7.8,5.2,5.2,5.2,5.2,5.2,5.2,7.28,8.32,8.32,7.28,4.68,4.68,4.68,4.68
N_19_39,N_20_38,0.5857068721887926,0.96,0.96,0.96,0.96,0.96,0.96,1.59,1.59,1.87,1.87,1.17,1.17,1.17,1.17,1.17,1.17,1.73,2.01,2.01,1.73,1.03,1.03,1.03,1.03
N_19_39,N_20_39,13.54422529311808,7.52,7.52,7.52,7.52,7.52,7.52,9.35,9.35,10.16,10.16,8.13,8.13,8.13,8.13,8.13,8.13,9.75,10.56,10.56,9.75,7.72,7.72,7.72,7.72
N_19_39,N_18_38,1.3573390459324604,2.23,2.23,2.23,2.23,2.23,2.23,3.69,3.69,4.34,4.34,2.71,2.71,2.71,2.71,2.71,2.71,4.02,4.67,4.67,4.02,2.39,2.39,2.39,2.39
N_19_4,N_17_2,13.396886152502404,7.44,7.44,7.44,7.44,7.44,7.44,9.24,9.24,10.05,10.05,8.04,8.04,8.04,8.04,8.04,8.04,9.65,10.45,10.45,9.65,7.64,7.64,7.64,7.64
N_19_4,N_21_6,9.228557082810719,5.12,5.12,5.12,5.12,5.12,5.12,6.37,6.37,6.92,6.92,5.54,5.54,5.54,5.54,5.54,5.54,6.64,7.2,7.2,6.64,5.26,5.26,5.26,5.26
N_19_4,N_19_3,1.2115906782754073,1.99,1.99,1.99,1.99,1.99,1.99,3.3,3.3,3.88,3.88,2.42,2.42,2.42,2.42,2.42,2.42,3.59,4.17,4.17,3.59,2.13,2.13,2.13,2.13
N_19_4,N_20_2,3.7336155902218953,3.81,3.81,3.81,3.81,3.81,3.81,5.82,5.82,6.72,6.72,4.48,4.48,4.48,4.48,4.48,4.48,6.27,7.17,7.17,6.27,4.03,4.03,4.03,4.03
N_19_4,N_21_2,6.389726861872379,6.52,6.52,6.52,6.52,6.52,6.52,9.97,9.97,11.5,11.5,7.67,7.67,7.67,7.67,7.67,7.67,10.73,12.27,12.27,10.73,6.9,6.9,6.9,6.9
N_19_4,N_20_4,6.6096714479504755,6.74,6.74,6.74,6.74,6.74,6.74,10.31,10.31,11.9,11.9,7.93,7.93,7.93,7.93,7.93,7.93,11.1,12.69,12.69,11.1,7.14,7.14,7.14,7.14
N_19_5,N_17_4,1.6094999737509235,2.64,2.64,2.64,2.64,2.64,2.64,4.38,4.38,5.15,5.15,3.22,3.22,3.22,3.22,3.22,3.22,4.76,5.54,5.54,4.76,2.83,2.83,2.83,2.83
N_19_5,N_18_4,10.866250635543379,6.03,6.03,6.03,6.03,6.03,6.03,7.5,7.5,8.15,8.15,6.52,6.52,6.52,6.52,6.52,6.52,7.82,8.48,8.48,7.82,6.19,6.19,6.19,6.19
N_19_5,N_20_3,3.496548505228768,3.57,3.57,3.57,3.57,3.57,3.57,5.45,5.45,6.29,6.29,4.2,4.2,4.2,4.2,4.2,4.2,5.87,6.71,6.71,5.87,3.78,3.78,3.78,3.78
N_19_5,N_19_8,5.76443110984466,5.88,5.88,5.88,5.88,5.88,5.88,8.99,8.99,10.38,10.38,6.92,6.92,6.92,6.92,6.92,6.92,9.68,11.07,11.07,9.68,6.23,6.23,6.23,6.23
N_19_5,N_17_5,1.5147989447153034,2.48,2.48,2.48,2.48,2.48,2.48,4.12,4.12,4.85,4.85,3.03,3.03,3.03,3.03,3.03,3.03,4.48,5.21,5.21,4.48,2.67,2.67,2.67,2.67
N_19_5,N_19_3,3.259359711506561,3.32,3.32,3.32,3.32,3.32,3.32,5.08,5.08,5.87,5.87,3.91,3.91,3.91,3.91,3.91,3.91,5.48,6.26,6.26,5.48,3.52,3.52,3.52,3.52
N_19_6,N_17_7,3.577629604544148,3.65,3.65,3.65,3.65,3.65,3.65,5.58,5.58,6.44,6.44,4.29,4.29,4.29,4.29,4.29,4.29,6.01,6.87,6.87,6.01,3.86,3.86,3.86,3.86
N_19_6,N_21_5,11.957379100625275,6.64,6.64,6.64,6.64,6.64,6.64,8.25,8.25,8.97,8.97,7.17,7.17,7.17,7.17,7.17,7.17,8.61,9.33,9.33,8.61,6.82,6.82,6.82,6.82
N_19_6,N_18_7,6.549353638577261,6.68,6.68,6.68,6.68,6.68,6.68,10.22,10.22,11.79,11.79,7.86,7.86,7.86,7.86,7.86,7.86,11.0,12.57,12.57,11.0,7.07,7.07,7.07,7.07
N_19_6,N_18_6,6.427338546349137,6.56,6.56,6.56,6.56,6.56,6.56,10.03,10.03,11.57,11.57,7.71,7.71,7.71,7.71,7.71,7.71,10.8,12.34,12.34,10.8,6.94,6.94,6.94,6.94
N_19_6,N_21_4,0.7167097357653764,1.18,1.18,1.18,1.18,1.18,1.18,1.95,1.95,2.29,2.29,1.43,1.43,1.43,1.43,1.43,1.43,2.12,2.47,2.47,2.12,1.26,1.26,1.26,1.26
N_19_6,N_18_4,0.9460558190112061,1.55,1.55,1.55,1.55,1.55,1.55,2.57,2.57,3.03,3.03,1.89,1.89,1.89,1.89,1.89,1.89,2.8,3.25,3.25,2.8,1.67,1.67,1.67,1.67
N_19_6,N_17_6,4.719498378163939,4.81,4.81,4.81,4.81,4.81,4.81,7.36,7.36,8.5,8.5,5.66,5.66,5.66,5.66,5.66,5.66,7.93,9.06,9.06,7.93,5.1,5.1,5.1,5.1
N_19_6,N_22_6,0.609545043227361,1.0,1.0,1.0,1.0,1.0,1.0,1.66,1.66,1.95,1.95,1.22,1.22,1.22,1.22,1.22,1.22,1.8,2.1,2.1,1.8,1.07,1.07,1.07,1.07
N_19_7,N_18_6,12.198587521635012,6.77,6.77,6.77,6.77,6.77,6.77,8.42,8.42,9.15,9.15,7.32,7.32,7.32,7.32,7.32,7.32,8.78,9.51,9.51,8.78,6.95,6.95,6.95,6.95
N_19_7,N_18_7,1.5404170474189975,2.53,2.53,2.53,2.53,2.53,2.53,4.19,4.19,4.93,4.93,3.08,3.08,3.08,3.08,3.08,3.08,4.56,5.3,5.3,4.56,2.71,2.71,2.71,2.71
N_19_7,N_20_9,3.069997097133733,3.13,3.13,3.13,3.13,3.13,3.13,4.79,4.79,5.53,5.53,3.68,3.68,3.68,3.68,3.68,3.68,5.16,5.89,5.89,5.16,3.32,3.32,3.32,3.32
N_19_7,N_18_9,8.021505670851138,4.45,4.45,4.45,4.45,4.45,4.45,5.53,5.53,6.02,6.02,4.81,4.81,4.81,4.81,4.81,4.81,5.78,6.26,6.26,5.78,4.57,4.57,4.57,4.57
N_19_7,N_17_6,2.3044970139137364,3.78,3.78,3.78,3.78,3.78,3.78,6.27,6.27,7.37,7.37,4.61,4.61,4.61,4.61,4.61,4.61,6.82,7.93,7.93,6.82,4.06,4.06,4.06,4.06
N_19_7,N_17_5,3.1197595760003383,3.18,3.18,3.18,3.18,3.18,3.18,4.87,4.87,5.62,5.62,3.74,3.74,3.74,3.74,3.74,3.74,5.24,5.99,5.99,5.24,3.37,3.37,3.37,3.37
N_19_7,N_20_7,4.62492372365332,4.72,4.72,4.72,4.72,4.72,4.72,7.21,7.21,8.32,8.32,5.55,5.55,5.55,5.55,5.55,5.55,7.77,8.88,8.88,7.77,4.99,4.99,4.99,4.99
N_19_8,N_19_5,5.76443110984466,5.88,5.88,5.88,5.88,5.88,5.88,8.99,8.99,10.38,10.38,6.92,6.92,6.92,6.92,6.92,6.92,9.68,11.07,11.07,9.68,6.23,6.23,6.23,6.23
N_19_8,N_20_6,6.921896455401956,7.06,7.06,7.06,7.06,7.06,7.06,10.8,10.8,12.46,12.46,8.31,8.31,8.31,8.31,8.31,8.31,11.63,13.29,13.29,11.63,7.48,7.48,7.48,7.48
N_19_8,N_17_6,9.344286325875895,5.19,5.19,5.19,5.19,5.19,5.19,6.45,6.45,7.01,7.01,5.61,5.61,5.61,5.61,5.61,5.61,6.73,7.29,7.29,6.73,5.33,5.33,5.33,5.33
N_19_8,N_18_7,3.9624031957272052,4.04,4.04,4.04,4.04,4.04,4.04,6.18,6.18,7.13,7.13,4.75,4.75,4.75,4.75,4.75,4.75,6.66,7.61,7.61,6.66,4.28,4.28,4.28,4.28
N_19_9,N_17_10,1.666460742100426,2.73,2.73,2.73,2.73,2.73,2.73,4.53,4.53,5.33,5.33,3.33,3.33,3.33,3.33,3.33,3.33,4.93,5.73,5.73,4.93,2.93,2.93,2.93,2.93
N_19_9,N_17_9,5.253456019438506,5.36,5.36,5.36,5.36,5.36,5.36,8.2,8.2,9.46,9.46,6.3,6.3,6.3,6.3,6.3,6.3,8.83,10.09,10.09,8.83,5.67,5.67,5.67,5.67
N_19_9,N_19_12,1.8300171518744008,3.0,3.0,3.0,3.0,3.0,3.0,4.98,4.98,5.86,5.86,3.66,3.66,3.66,3.66,3.66,3.66,5.42,6.3,6.3,5.42,3.22,3.22,3.22,3.22
N_19_9,N_19_11,1.250382878300732,2.05,2.05,2.05,2.05,2.05,2.05,3.4,3.4,4.0,4.0,2.5,2.5,2.5,2.5,2.5,2.5,3.7,4.3,4.3,3.7,2.2,2.2,2.2,2.2
N_19_9,N_20_11,3.3204177407334616,3.39,3.39,3.39,3.39,3.39,3.39,5.18,5.18,5.98,5.98,3.98,3.98,3.98,3.98,3.98,3.98,5.58,6.38,6.38,5.58,3.59,3.59,3.59,3.59
N_19_9,N_17_11,10.85453732621357,6.02,6.02,6.02,6.02,6.02,6.02,7.49,7.49,8.14,8.14,6.51,6.51,6.51,6.51,6.51,6.51,7.82,8.47,8.47,7.82,6.19,6.19,6.19,6.19
N_19_9,N_19_10,3.783598061556835,3.86,3.86,3.86,3.86,3.86,3.86,5.9,5.9,6.81,6.81,4.54,4.54,4.54,4.54,4.54,4.54,6.36,7.26,7.26,6.36,4.09,4.09,4.09,4.09
N_1_0,N_0_2,5.395342835232643,5.5,5.5,5.5,5.5,5.5,5.5,8.42,8.42,9.71,9.71,6.47,6.47,6.47,6.47,6.47,6.47,9.06,10.36,10.36,9.06,5.83,5.83,5.83,5.83
N_1_0,N_3_2,14.6005165289579,8.1,8.1,8.1,8.1,8.1,8.1,10.07,10.07,10.95,10.95,8.76,8.76,8.76,8.76,8.76,8.76,10.51,11.39,11.39,10.51,8.32,8.32,8.32,8.32
N_1_0,N_3_0,6.05186542460371,6.17,6.17,6.17,6.17,6.17,6.17,9.44,9.44,10.89,10.89,7.26,7.26,7.26,7.26,7.26,7.26,10.17,11.62,11.62,10.17,6.54,6.54,6.54,6.54
N_1_0,N_2_0,8.960351760773758,4.97,4.97,4.97,4.97,4.97,4.97,6.18,6.18,6.72,6.72,5.38,5.38,5.38,5.38,5.38,5.38,6.45,6.99,6.99,6.45,5.11,5.11,5.11,5.11
N_1_0,N_0_0,5.983452077878962,6.1,6.1,6.1,6.1,6.1,6.1,9.33,9.33,10.77,10.77,7.18,7.18,7.18,7.18,7.18,7.18,10.05,11.49,11.49,10.05,6.46,6.46,6.46,6.46
N_1_0,N_1_2,4.896557418192295,4.99,4.99,4.99,4.99,4.99,4.99,7.64,7.64,8.81,8.81,5.88,5.88,5.88,5.88,5.88,5.88,8.23,9.4,9.4,8.23,5.29,5.29,5.29,5.29
N_1_0,N_1_1,9.126802667662126,5.07,5.07,5.07,5.07,5.07,5.07,6.3,6.3,6.85,6.85,5.48,5.48,5.48,5.48,5.48,5.48,6.57,7.12,7.12,6.57,5.2,5.2,5.2,5.2
N_1_1,N_1_0,9.126802667662126,5.07,5.07,5.07,5.07,5.07,5.07,6.3,6.3,6.85,6.85,5.48,5.48,5.48,5.48,5.48,5.48,6.57,7.12,7.12,6.57,5.2,5.2,5.2,5.2
N_1_1,N_1_2,1.1284003013056356,1.85,1.85,1.85,1.85,1.85,1.85,3.07,3.07,3.61,3.61,2.26,2.26,2.26,2.26,2.26,2.26,3.34,3.88,3.88,3.34,1.99,1.99,1.99,1.99
N_1_1,N_1_3,10.413187842151043,5.78,5.78,5.78,5.78,5.78,5.78,7.19,7.19,7.81,7.81,6.25,6.25,6.25,6.25,6.25,6.25,7.5,8.12,8.12,7.5,5.94,5.94,5.94,5.94
N_1_1,N_0_1,11.81279790766662,6.56,6.56,6.56,6.56,6.56,6.56,8.15,8.15,8.86,8.86,7.09,7.09,7.09,7.09,7.09,7.09,8.51,9.21,9.21,8.51,6.73,6.73,6.73,6.73
N_1_1,N_2_0,13.946818403696835,7.74,7.74,7.74,7.74,7.74,7.74,9.62,9.62,10.46,10.46,8.37,8.37,8.37,8.37,8.37,8.37,10.04,10.88,10.88,10.04,7.95,7.95,7.95,7.95
N_1_10,N_0_9,11.132425461116076,6.18,6.18,6.18,6.18,6.18,6.18,7.68,7.68,8.35,8.35,6.68,6.68,6.68,6.68,6.68,6.68,8.02,8.68,8.68,8.02,6.35,6.35,6.35,6.35
N_1_10,N_2_10,4.228392996329029,4.31,4.31,4.31,4.31,4.31,4.31,6.6,6.6,7.61,7.61,5.07,5.07,5.07,5.07,5.07,5.07,7.1,8.12,8.12,7.1,4.57,4.57,4.57,4.57
N_1_10,N_1_9,3.674774314897,3.75,3.75,3.75,3.75,3.75,3.75,5.73,5.73,6.61,6.61,4.41,4.41,4.41,4.41,4.41,4.41,6.17,7.06,7.06,6.17,3.97,3.97,3.97,3.97
N_1_10,N_4_10,14.048859780796764,7.8,7.8,7.8,7.8,7.8,7.8,9.69,9.69,10.54,10.54,8.43,8.43,8.43,8.43,8.43,8.43,10.12,10.96,10.96,10.12,8.01,8.01,8.01,8.01
N_1_10,N_0_10,13.722229239803653,7.62,7.62,7.62,7.62,7.62,7.62,9.47,9.47,10.29,10.29,8.23,8.23,8.23,8.23,8.23,8.23,9.88,10.7,10.7,9.88,7.82,7.82,7.82,7.82
N_1_10,N_0_8,8.370300856646542,4.65,4.65,4.65,4.65,4.65,4.65,5.78,5.78,6.28,6.28,5.02,5.02,5.02,5.02,5.02,5.02,6.03,6.53,6.53,6.03,4.77,4.77,4.77,4.77
N_1_10,N_1_7,6.3280016810183355,6.45,6.45,6.45,6.45,6.45,6.45,9.87,9.87,11.39,11.39,7.59,7.59,7.59,7.59,7.59,7.59,10.63,12.15,12.15,10.63,6.83,6.83,6.83,6.83
N_1_10,N_3_11,6.710735802107251,6.84,6.84,6.84,6.84,6.84,6.84,10.47,10.47,12.08,12.08,8.05,8.05,8.05,8.05,8.05,8.05,11.27,12.88,12.88,11.27,7.25,7.25,7.25,7.25
N_1_11,N_3_10,4.965223395359353,5.06,5.06,5.06,5.06,5.06,5.06,7.75,7.75,8.94,8.94,5.96,5.96,5.96,5.96,5.96,5.96,8.34,9.53,9.53,8.34,5.36,5.36,5.36,5.36
N_1_11,N_3_12,3.9354580568635003,4.01,4.01,4.01,4.01,4.01,4.01,6.14,6.14,7.08,7.08,4.72,4.72,4.72,4.72,4.72,4.72,6.61,7.56,7.56,6.61,4.25,4.25,4.25,4.25
N_1_11,N_0_12,2.249466505982639,3.69,3.69,3.69,3.69,3.69,3.69,6.12,6.12,7.2,7.2,4.5,4.5,4.5,4.5,4.5,4.5,6.66,7.74,7.74,6.66,3.96,3.96,3.96,3.96
N_1_11,N_1_14,2.1961521434083626,3.6,3.6,3.6,3.6,3.6,3.6,5.97,5.97,7.03,7.03,4.39,4.39,4.39,4.39,4.39,4.39,6.5,7.55,7.55,6.5,3.87,3.87,3.87,3.87
N_1_11,N_1_12,4.273766529811178,4.36,4.36,4.36,4.36,4.36,4.36,6.67,6.67,7.69,7.69,5.13,5.13,5.13,5.13,5.13,5.13,7.18,8.21,8.21,7.18,4.62,4.62,4.62,4.62
N_1_12,N_1_11,4.273766529811178,4.36,4.36,4.36,4.36,4.36,4.36,6.67,6.67,7.69,7.69,5.13,5.13,5.13,5.13,5.13,5.13,7.18,8.21,8.21,7.18,4.62,4.62,4.62,4.62
N_1_12,N_2_13,3.574517908226028,3.65,3.65,3.65,3.65,3.65,3.65,5.58,5.58,6.43,6.43,4.29,4.29,4.29,4.29,4.29,4.29,6.01,6.86,6.86,6.01,3.86,3.86,3.86,3.86
N_1_12,N_3_14,9.567357490988257,5.31,5.31,5.31,5.31,5.31,5.31,6.6,6.6,7.18,7.18,5.74,5.74,5.74,5.74,5.74,5.74,6.89,7.46,7.46,6.89,5.45,5.45,5.45,5.45
N_1_12,N_2_14,3.344756513600075,3.41,3.41,3.41,3.41,3.41,3.41,5.22,5.22,6.02,6.02,4.01,4.01,4.01,4.01,4.01,4.01,5.62,6.42,6.42,5.62,3.61,3.61,3.61,3.61
N_1_12,N_0_12,1.2320809962575456,2.02,2.02,2.02,2.02,2.02,2.02,3.35,3.35,3.94,3.94,2.46,2.46,2.46,2.46,2.46,2.46,3.65,4.24,4.24,3.65,2.17,2.17,2.17,2.17
N_1_12,N_3_11,4.789129314930998,4.88,4.88,4.88,4.88,4.88,4.88,7.47,7.47,8.62,8.62,5.75,5.75,5.75,5.75,5.75,5.75,8.05,9.2,9.2,8.05,5.17,5.17,5.17,5.17
N_1_13,N_0_13,4.592136183809799,4.68,4.68,4.68,4.68,4.68,4.68,7.16,7.16,8.27,8.27,5.51,5.51,5.51,5.51,5.51,5.51,7.71,8.82,8.82,7.71,4.96,4.96,4.96,4.96
N_1_13,N_1_11,5.167430558467033,5.27,5.27,5.27,5.27,5.27,5.27,8.06,8.06,9.3,9.3,6.2,6.2,6.2,6.2,6.2,6.2,8.68,9.92,9.92,8.68,5.58,5.58,5.58,5.58
N_1_13,N_0_15,2.40617381272222,3.95,3.95,3.95,3.95,3.95,3.95,6.54,6.54,7.7,7.7,4.81,4.81,4.81,4.81,4.81,4.81,7.12,8.28,8.28,7.12,4.23,4.23,4.23,4.23
N_1_13,N_3_15,2.201744918985391,3.61,3.61,3.61,3.61,3.61,3.61,5.99,5.99,7.05,7.05,4.4,4.4,4.4,4.4,4.4,4.4,6.52,7.57,7.57,6.52,3.88,3.88,3.88,3.88
N_1_14,N_0_12,6.992602391092197,7.13,7.13,7.13,7.13,7.13,7.13,10.91,10.91,12.59,12.59,8.39,8.39,8.39,8.39,8.39,8.39,11.75,13.43,13.43,11.75,7.55,7.55,7.55,7.55
N_1_14,N_1_11,2.1961521434083626,3.6,3.6,3.6,3.6,3.6,3.6,5.97,5.97,7.03,7.03,4.39,4.39,4.39,4.39,4.39,4.39,6.5,7.55,7.55,6.5,3.87,3.87,3.87,3.87
N_1_14,N_2_15,12.583830111398093,6.98,6.98,6.98,6.98,6.98,6.98,8.68,8.68,9.44,9.44,7.55,7.55,7.55,7.55,7.55,7.55,9.06,9.82,9.82,9.06,7.17,7.17,7.17,7.17
N_1_14,N_3_12,0.9705618455290206,1.59,1.59,1.59,1.59,1.59,1.59,2.64,2.64,3.11,3.11,1.94,1.94,1.94,1.94,1.94,1.94,2.87,3.34,3.34,2.87,1.71,1.71,1.71,1.71
N_1_14,N_2_12,4.910405731081627,5.01,5.01,5.01,5.01,5.01,5.01,7.66,7.66,8.84,8.84,5.89,5.89,5.89,5.89,5.89,5.89,8.25,9.43,9.43,8.25,5.3,5.3,5.3,5.3
N_1_15,N_0_14,5.035022980697203,5.14,5.14,5.14,5.14,5.14,5.14,7.85,7.85,9.06,9.06,6.04,6.04,6.04,6.04,6.04,6.04,8.46,9.67,9.67,8.46,5.44,5.44,5.44,5.44
N_1_15,N_0_15,2.060525857676617,3.38,3.38,3.38,3.38,3.38,3.38,5.6,5.6,6.59,6.59,4.12,4.12,4.12,4.12,4.12,4.12,6.1,7.09,7.09,6.1,3.63,3.63,3.63,3.63
N_1_15,N_0_16,5.555964768835482,5.67,5.67,5.67,5.67,5.67,5.67,8.67,8.67,10.0,10.0,6.67,6.67,6.67,6.67,6.67,6.67,9.33,10.67,10.67,9.33,6.0,6.0,6.0,6.0
N_1_15,N_4_15,3.6156612884117663,3.69,3.69,3.69,3.69,3.69,3.69,5.64,5.64,6.51,6.51,4.34,4.34,4.34,4.34,4.34,4.34,6.07,6.94,6.94,6.07,3.9,3.9,3.9,3.9
N_1_15,N_2_17,5.128562668509896,5.23,5.23,5.23,5.23,5.23,5.23,8.0,8.0,9.23,9.23,6.15,6.15,6.15,6.15,6.15,6.15,8.62,9.85,9.85,8.62,5.54,5.54,5.54,5.54
N_1_15,N_1_13,12.504846210059972,6.94,6.94,6.94,6.94,6.94,6.94,8.63,8.63,9.38,9.38,7.5,7.5,7.5,7.5,7.5,7.5,9.0,9.75,9.75,9.0,7.13,7.13,7.13,7.13
N_1_16,N_0_15,5.720435962598324,5.83,5.83,5.83,5.83,5.83,5.83,8.92,8.92,10.3,10.3,6.86,6.86,6.86,6.86,6.86,6.86,9.61,10.98,10.98,9.61,6.18,6.18,6.18,6.18
N_1_16,N_0_16,8.318232623039394,4.62,4.62,4.62,4.62,4.62,4.62,5.74,5.74,6.24,6.24,4.99,4.99,4.99,4.99,4.99,4.99,5.99,6.49,6.49,5.99,4.74,4.74,4.74,4.74
N_1_16,N_2_17,4.370525951757479,4.46,4.46,4.46,4.46,4.46,4.46,6.82,6.82,7.87,7.87,5.24,5.24,5.24,5.24,5.24,5.24,7.34,8.39,8.39,7.34,4.72,4.72,4.72,4.72
N_1_17,N_1_15,3.65768612208153,3.73,3.73,3.73,3.73,3.73,3.73,5.71,5.71,6.58,6.58,4.39,4.39,4.39,4.39,4.39,4.39,6.14,7.02,7.02,6.14,3.95,3.95,3.95,3.95
N_1_17,N_0_18,4.311522668200785,4.4,4.4,4.4,4.4,4.4,4.4,6.73,6.73,7.76,7.76,5.17,5.17,5.17,5.17,5.17,5.17,7.24,8.28,8.28,7.24,4.66,4.66,4.66,4.66
N_1_17,N_3_18,6.9575245658207265,7.1,7.1,7.1,7.1,7.1,7.1,10.85,10.85,12.52,12.52,8.35,8.35,8.35,8.35,8.35,8.35,11.69,13.36,13.36,11.69,7.51,7.51,7.51,7.51
N_1_17,N_0_19,1.1867013482611855,1.95,1.95,1.95,1.95,1.95,1.95,3.23,3.23,3.8,3.8,2.37,2.37,2.37,2.37,2.37,2.37,3.51,4.08,4.08,3.51,2.09,2.09,2.09,2.09
N_1_17,N_2_19,4.61460563379719,4.71,4.71,4.71,4.71,4.71,4.71,7.2,7.2,8.31,8.31,5.54,5.54,5.54,5.54,5.54,5.54,7.75,8.86,8.86,7.75,4.98,4.98,4.98,4.98
N_1_18,N_2_19,6.0920129621059615,6.21,6.21,6.21,6.21,6.21,6.21,9.5,9.5,10.97,10.97,7.31,7.31,7.31,7.31,7.31,7.31,10.23,11.7,11.7,10.23,6.58,6.58,6.58,6.58
N_1_18,N_3_18,8.053216296129799,4.47,4.47,4.47,4.47,4.47,4.47,5.56,5.56,6.04,6.04,4.83,4.83,4.83,4.83,4.83,4.83,5.8,6.28,6.28,5.8,4.59,4.59,4.59,4.59
N_1_18,N_3_19,6.51100026593884,6.64,6.64,6.64,6.64,6.64,6.64,10.16,10.16,11.72,11.72,7.81,7.81,7.81,7.81,7.81,7.81,10.94,12.5,12.5,10.94,7.03,7.03,7.03,7.03
N_1_18,N_0_16,0.6490192849385532,1.06,1.06,1.06,1.06,1.06,1.06,1.77,1.77,2.08,2.08,1.3,1.3,1.3,1.3,1.3,1.3,1.92,2.23,2.23,1.92,1.14,1.14,1.14,1.14
N_1_19,N_3_18,4.3110645771711225,4.4,4.4,4.4,4.4,4.4,4.4,6.73,6.73,7.76,7.76,5.17,5.17,5.17,5.17,5.17,5.17,7.24,8.28,8.28,7.24,4.66,4.66,4.66,4.66
N_1_19,N_1_16,4.464440483432398,4.55,4.55,4.55,4.55,4.55,4.55,6.96,6.96,8.04,8.04,5.36,5.36,5.36,5.36,5.36,5.36,7.5,8.57,8.57,7.5,4.82,4.82,4.82,4.82
N_1_19,N_4_19,1.4517112631774196,2.38,2.38,2.38,2.38,2.38,2.38,3.95,3.95,4.65,4.65,2.9,2.9,2.9,2.9,2.9,2.9,4.3,4.99,4.99,4.3,2.56,2.56,2.56,2.56
N_1_19,N_0_20,3.95259534713041,4.03,4.03,4.03,4.03,4.03,4.03,6.17,6.17,7.11,7.11,4.74,4.74,4.74,4.74,4.74,4.74,6.64,7.59,7.59,6.64,4.27,4.27,4.27,4.27
N_1_19,N_1_18,0.5915843399771563,0.97,0.97,0.97,0.97,0.97,0.97,1.61,1.61,1.89,1.89,1.18,1.18,1.18,1.18,1.18,1.18,1.75,2.04,2.04,1.75,1.04,1.04,1.04,1.04
N_1_2,N_1_0,4.896557418192295,4.99,4.99,4.99,4.99,4.99,4.99,7.64,7.64,8.81,8.81,5.88,5.88,5.88,5.88,5.88,5.88,8.23,9.4,9.4,8.23,5.29,5.29,5.29,5.29
N_1_2,N_0_1,3.026906110992492,3.09,3.09,3.09,3.09,3.09,3.09,4.72,4.72,5.45,5.45,3.63,3.63,3.63,3.63,3.63,3.63,5.09,5.81,5.81,5.09,3.27,3.27,3.27,3.27
N_1_2,N_2_2,11.59979041432948,6.44,6.44,6.44,6.44,6.44,6.44,8.0,8.0,8.7,8.7,6.96,6.96,6.96,6.96,6.96,6.96,8.35,9.05,9.05,8.35,6.61,6.61,6.61,6.61
N_1_2,N_1_4,4.608774428450749,4.7,4.7,4.7,4.7,4.7,4.7,7.19,7.19,8.3,8.3,5.53,5.53,5.53,5.53,5.53,5.53,7.74,8.85,8.85,7.74,4.98,4.98,4.98,4.98
N_1_2,N_1_3,1.6148131759330313,2.65,2.65,2.65,2.65,2.65,2.65,4.39,4.39,5.17,5.17,3.23,3.23,3.23,3.23,3.23,3.23,4.78,5.55,5.55,4.78,2.84,2.84,2.84,2.84
N_1_2,N_1_1,4.664332421373402,4.76,4.76,4.76,4.76,4.76,4.76,7.28,7.28,8.4,8.4,5.6,5.6,5.6,5.6,5.6,5.6,7.84,8.96,8.96,7.84,5.04,5.04,5.04,5.04
N_1_20,N_3_22,2.093204898637439,3.43,3.43,3.43,3.43,3.43,3.43,5.69,5.69,6.7,6.7,4.19,4.19,4.19,4.19,4.19,4.19,6.2,7.2,7.2,6.2,3.68,3.68,3.68,3.68
N_1_20,N_3_21,5.454591282845516,5.56,5.56,5.56,5.56,5.56,5.56,8.51,8.51,9.82,9.82,6.55,6.55,6.55,6.55,6.55,6.55,9.16,10.47,10.47,9.16,5.89,5.89,5.89,5.89
N_1_20,N_2_18,14.706035839771314,8.16,8.16,8.16,8.16,8.16,8.16,10.15,10.15,11.03,11.03,8.82,8.82,8.82,8.82,8.82,8.82,10.59,11.47,11.47,10.59,8.38,8.38,8.38,8.38
N_1_20,N_2_22,2.124835769730512,3.48,3.48,3.48,3.48,3.48,3.48,5.78,5.78,6.8,6.8,4.25,4.25,4.25,4.25,4.25,4.25,6.29,7.31,7.31,6.29,3.74,3.74,3.74,3.74
N_1_20,N_3_18,3.544501094000772,3.62,3.62,3.62,3.62,3.62,3.62,5.53,5.53,6.38,6.38,4.25,4.25,4.25,4.25,4.25,4.25,5.95,6.81,6.81,5.95,3.83,3.83,3.83,3.83
N_1_20,N_4_20,0.5857498669019807,0.96,0.96,0.96,0.96,0.96,0.96,1.59,1.59,1.87,1.87,1.17,1.17,1.17,1.17,1.17,1.17,1.73,2.01,2.01,1.73,1.03,1.03,1.03,1.03
N_1_20,N_1_18,3.918293553183416,4.0,4.0,4.0,4.0,4.0,4.0,6.11,6.11,7.05,7.05,4.7,4.7,4.7,4.7,4.7,4.7,6.58,7.52,7.52,6.58,4.23,4.23,4.23,4.23
N_1_20,N_0_19,14.709229265562808,8.16,8.16,8.16,8.16,8.16,8.16,10.15,10.15,11.03,11.03,8.83,8.83,8.83,8.83,8.83,8.83,10.59,11.47,11.47,10.59,8.38,8.38,8.38,8.38
N_1_21,N_0_20,5.452272484258712,5.56,5.56,5.56,5.56,5.56,5.56,8.51,8.51,9.81,9.81,6.54,6.54,6.54,6.54,6.54,6.54,9.16,10.47,10.47,9.16,5.89,5.89,5.89,5.89
N_1_21,N_0_22,5.773253240119283,5.89,5.89,5.89,5.89,5.89,5.89,9.01,9.01,10.39,10.39,6.93,6.93,6.93,6.93,6.93,6.93,9.7,11.08,11.08,9.7,6.24,6.24,6.24,6.24
N_1_21,N_2_21,5.4798490701645735,5.59,5.59,5.59,5.59,5.59,5.59,8.55,8.55,9.86,9.86,6.58,6.58,6.58,6.58,6.58,6.58,9.21,10.52,10.52,9.21,5.92,5.92,5.92,5.92
N_1_21,N_3_21,14.741666935029583,8.18,8.18,8.18,8.18,8.18,8.18,10.17,10.17,11.06,11.06,8.85,8.85,8.85,8.85,8.85,8.85,10.61,11.5,11.5,10.61,8.4,8.4,8.4,8.4
N_1_21,N_1_24,1.3461446679980211,2.21,2.21,2.21,2.21,2.21,2.21,3.66,3.66,4.31,4.31,2.69,2.69,2.69,2.69,2.69,2.69,3.98,4.63,4.63,3.98,2.37,2.37,2.37,2.37
N_1_21,N_1_22,5.8774431332784145,5.99,5.99,5.99,5.99,5.99,5.99,9.17,9.17,10.58,10.58,7.05,7.05,7.05,7.05,7.05,7.05,9.87,11.28,11.28,9.87,6.35,6.35,6.35,6.35
N_1_22,N_0_20,6.313157543829504,6.44,6.44,6.44,6.44,6.44,6.44,9.85,9.85,11.36,11.36,7.58,7.58,7.58,7.58,7.58,7.58,10.61,12.12,12.12,10.61,6.82,6.82,6.82,6.82
N_1_22,N_1_21,5.8774431332784145,5.99,5.99,5.99,5.99,5.99,5.99,9.17,9.17,10.58,10.58,7.05,7.05,7.05,7.05,7.05,7.05,9.87,11.28,11.28,9.87,6.35,6.35,6.35,6.35
N_1_22,N_2_20,12.246054664272727,6.8,6.8,6.8,6.8,6.8,6.8,8.45,8.45,9.18,9.18,7.35,7.35,7.35,7.35,7.35,7.35,8.82,9.55,9.55,8.82,6.98,6.98,6.98,6.98
N_1_22,N_0_21,5.507647851254625,5.62,5.62,5.62,5.62,5.62,5.62,8.59,8.59,9.91,9.91,6.61,6.61,6.61,6.61,6.61,6.61,9.25,10.57,10.57,9.25,5.95,5.95,5.95,5.95
N_1_23,N_1_22,3.7077646490014478,3.78,3.78,3.78,3.78,3.78,3.78,5.78,5.78,6.67,6.67,4.45,4.45,4.45,4.45,4.45,4.45,6.23,7.12,7.12,6.23,4.0,4.0,4.0,4.0
N_1_23,N_0_25,4.8570457196488634,4.95,4.95,4.95,4.95,4.95,4.95,7.58,7.58,8.74,8.74,5.83,5.83,5.83,5.83,5.83,5.83,8.16,9.33,9.33,8.16,5.25,5.25,5.25,5.25
N_1_23,N_0_23,1.624082604463913,2.66,2.66,2.66,2.66,2.66,2.66,4.42,4.42,5.2,5.2,3.25,3.25,3.25,3.25,3.25,3.25,4.81,5.59,5.59,4.81,2.86,2.86,2.86,2.86
N_1_23,N_1_24,9.083284549706907,5.04,5.04,5.04,5.04,5.04,5.04,6.27,6.27,6.81,6.81,5.45,5.45,5.45,5.45,5.45,5.45,6.54,7.08,7.08,6.54,5.18,5.18,5.18,5.18
N_1_24,N_0_22,5.1019086056001415,5.2,5.2,5.2,5.2,5.2,5.2,7.96,7.96,9.18,9.18,6.12,6.12,6.12,6.12,6.12,6.12,8.57,9.8,9.8,8.57,5.51,5.51,5.51,5.51
N_1_24,N_0_23,5.989353998872019,6.11,6.11,6.11,6.11,6.11,6.11,9.34,9.34,10.78,10.78,7.19,7.19,7.19,7.19,7.19,7.19,10.06,11.5,11.5,10.06,6.47,6.47,6.47,6.47
N_1_24,N_0_26,10.26521169059558,5.7,5.7,5.7,5.7,5.7,5.7,7.08,7.08,7.7,7.7,6.16,6.16,6.16,6.16,6.16,6.16,7.39,8.01,8.01,7.39,5.85,5.85,5.85,5.85
N_1_24,N_1_23,9.083284549706907,5.04,5.04,5.04,5.04,5.04,5.04,6.27,6.27,6.81,6.81,5.45,5.45,5.45,5.45,5.45,5.45,6.54,7.08,7.08,6.54,5.18,5.18,5.18,5.18
N_1_25,N_0_23,3.5859044876829578,3.66,3.66,3.66,3.66,3.66,3.66,5.59,5.59,6.45,6.45,4.3,4.3,4.3,4.3,4.3,4.3,6.02,6.88,6.88,6.02,3.87,3.87,3.87,3.87
N_1_25,N_0_27,14.701523757986585,8.16,8.16,8.16,8.16,8.16,8.16,10.14,10.14,11.03,11.03,8.82,8.82,8.82,8.82,8.82,8.82,10.59,11.47,11.47,10.59,8.38,8.38,8.38,8.38
N_1_25,N_2_27,3.9450882540087817,4.02,4.02,4.02,4.02,4.02,4.02,6.15,6.15,7.1,7.1,4.73,4.73,4.73,4.73,4.73,4.73,6.63,7.57,7.57,6.63,4.26,4.26,4.26,4.26
N_1_25,N_2_24,9.16594678368954,5.09,5.09,5.09,5.09,5.09,5.09,6.32,6.32,6.87,6.87,5.5,5.5,5.5,5.5,5.5,5.5,6.6,7.15,7.15,6.6,5.22,5.22,5.22,5.22
N_1_25,N_1_28,3.9780847069427874,4.06,4.06,4.06,4.06,4.06,4.06,6.21,6.21,7.16,7.16,4.77,4.77,4.77,4.77,4.77,4.77,6.68,7.64,7.64,6.68,4.3,4.3,4.3,4.3
N_1_25,N_4_25,0.906373013857062,1.49,1.49,1.49,1.49,1.49,1.49,2.47,2.47,2.9,2.9,1.81,1.81,1.81,1.81,1.81,1.81,2.68,3.12,3.12,2.68,1.6,1.6,1.6,1.6
N_1_26,N_1_28,11.12778706271389,6.18,6.18,6.18,6.18,6.18,6.18,7.68,7.68,8.35,8.35,6.68,6.68,6.68,6.68,6.68,6.68,8.01,8.68,8.68,8.01,6.34,6.34,6.34,6.34
N_1_26,N_1_24,1.3775919974250805,2.26,2.26,2.26,2.26,2.26,2.26,3.75,3.75,4.41,4.41,2.76,2.76,2.76,2.76,2.76,2.76,4.08,4.74,4.74,4.08,2.42,2.42,2.42,2.42
N_1_26,N_2_24,8.489177332331442,4.71,4.71,4.71,4.71,4.71,4.71,5.86,5.86,6.37,6.37,5.09,5.09,5.09,5.09,5.09,5.09,6.11,6.62,6.62,6.11,4.84,4.84,4.84,4.84
N_1_26,N_2_26,14.30750817188077,7.94,7.94,7.94,7.94,7.94,7.94,9.87,9.87,10.73,10.73,8.58,8.58,8.58,8.58,8.58,8.58,10.3,11.16,11.16,10.3,8.16,8.16,8.16,8.16
N_1_26,N_3_25,4.990803650580782,5.09,5.09,5.09,5.09,5.09,5.09,7.79,7.79,8.98,8.98,5.99,5.99,5.99,5.99,5.99,5.99,8.38,9.58,9.58,8.38,5.39,5.39,5.39,5.39
N_1_26,N_2_28,6.581530893370516,6.71,6.71,6.71,6.71,6.71,6.71,10.27,10.27,11.85,11.85,7.9,7.9,7.9,7.9,7.9,7.9,11.06,12.64,12.64,11.06,7.11,7.11,7.11,7.11
N_1_26,N_3_24,5.23324900704039,5.34,5.34,5.34,5.34,5.34,5.34,8.16,8.16,9.42,9.42,6.28,6.28,6.28,6.28,6.28,6.28,8.79,10.05,10.05,8.79,5.65,5.65,5.65,5.65
N_1_27,N_0_25,8.262263231462763,4.59,4.59,4.59,4.59,4.59,4.59,5.7,5.7,6.2,6.2,4.96,4.96,4.96,4.96,4.96,4.96,5.95,6.44,6.44,5.95,4.71,4.71,4.71,4.71
N_1_27,N_0_28,1.406864600359564,2.31,2.31,2.31,2.31,2.31,2.31,3.83,3.83,4.5,4.5,2.81,2.81,2.81,2.81,2.81,2.81,4.16,4.84,4.84,4.16,2.48,2.48,2.48,2.48
N_1_27,N_2_28,5.0236615795976824,5.12,5.12,5.12,5.12,5.12,5.12,7.84,7.84,9.04,9.04,6.03,6.03,6.03,6.03,6.03,6.03,8.44,9.65,9.65,8.44,5.43,5.43,5.43,5.43
N_1_27,N_0_26,3.8423429338133217,3.92,3.92,3.92,3.92,3.92,3.92,5.99,5.99,6.92,6.92,4.61,4.61,4.61,4.61,4.61,4.61,6.46,7.38,7.38,6.46,4.15,4.15,4.15,4.15
N_1_28,N_1_25,3.9780847069427874,4.06,4.06,4.06,4.06,4.06,4.06,6.21,6.21,7.16,7.16,4.77,4.77,4.77,4.77,4.77,4.77,6.68,7.64,7.64,6.68,4.3,4.3,4.3,4.3
N_1_28,N_0_26,13.84628857003731,7.68,7.68,7.68,7.68,7.68,7.68,9.55,9.55,10.38,10.38,8.31,8.31,8.31,8.31,8.31,8.31,9.97,10.8,10.8,9.97,7.89,7.89,7.89,7.89
N_1_28,N_3_29,13.0957044735075,7.27,7.27,7.27,7.27,7.27,7.27,9.04,9.04,9.82,9.82,7.86,7.86,7.86,7.86,7.86,7.86,9.43,10.21,10.21,9.43,7.46,7.46,7.46,7.46
N_1_29,N_0_31,3.230495737862168,3.3,3.3,3.3,3.3,3.3,3.3,5.04,5.04,5.81,5.81,3.88,3.88,3.88,3.88,3.88,3.88,5.43,6.2,6.2,5.43,3.49,3.49,3.49,3.49
N_1_29,N_1_30,12.154394749544982,6.75,6.75,6.75,6.75,6.75,6.75,8.39,8.39,9.12,9.12,7.29,7.29,7.29,7.29,7.29,7.29,8.75,9.48,9.48,8.75,6.93,6.93,6.93,6.93
N_1_29,N_0_29,0.7903681009682939,1.3,1.3,1.3,1.3,1.3,1.3,2.15,2.15,2.53,2.53,1.58,1.58,1.58,1.58,1.58,1.58,2.34,2.72,2.72,2.34,1.39,1.39,1.39,1.39
N_1_29,N_0_28,9.062511703438439,5.03,5.03,5.03,5.03,5.03,5.03,6.25,6.25,6.8,6.8,5.44,5.44,5.44,5.44,5.44,5.44,6.53,7.07,7.07,6.53,5.17,5.17,5.17,5.17
N_1_29,N_3_31,12.807501654832905,7.11,7.11,7.11,7.11,7.11,7.11,8.84,8.84,9.61,9.61,7.68,7.68,7.68,7.68,7.68,7.68,9.22,9.99,9.99,9.22,7.3,7.3,7.3,7.3
N_1_29,N_0_30,4.866211257954236,4.96,4.96,4.96,4.96,4.96,4.96,7.59,7.59,8.76,8.76,5.84,5.84,5.84,5.84,5.84,5.84,8.18,9.34,9.34,8.18,5.26,5.26,5.26,5.26
N_1_29,N_0_27,12.240861195323156,6.79,6.79,6.79,6.79,6.79,6.79,8.45,8.45,9.18,9.18,7.34,7.34,7.34,7.34,7.34,7.34,8.81,9.55,9.55,8.81,6.98,6.98,6.98,6.98
N_1_29,N_1_32,8.788967092916923,4.88,4.88,4.88,4.88,4.88,4.88,6.06,6.06,6.59,6.59,5.27,5.27,5.27,5.27,5.27,5.27,6.33,6.86,6.86,6.33,5.01,5.01,5.01,5.01
N_1_3,N_0_2,4.349252736818848,4.44,4.44,4.44,4.44,4.44,4.44,6.78,6.78,7.83,7.83,5.22,5.22,5.22,5.22,5.22,5.22,7.31,8.35,8.35,7.31,4.7,4.7,4.7,4.7
N_1_3,N_0_4,4.821373005230025,4.92,4.92,4.92,4.92,4.92,4.92,7.52,7.52,8.68,8.68,5.79,5.79,5.79,5.79,5.79,5.79,8.1,9.26,9.26,8.1,5.21,5.21,5.21,5.21
N_1_3,N_1_2,2.053297512546073,3.37,3.37,3.37,3.37,3.37,3.37,5.58,5.58,6.57,6.57,4.11,4.11,4.11,4.11,4.11,4.11,6.08,7.06,7.06,6.08,3.61,3.61,3.61,3.61
N_1_3,N_2_3,4.128179942850386,4.21,4.21,4.21,4.21,4.21,4.21,6.44,6.44,7.43,7.43,4.95,4.95,4.95,4.95,4.95,4.95,6.94,7.93,7.93,6.94,4.46,4.46,4.46,4.46
N_1_3,N_1_0,13.528858996247546,7.51,7.51,7.51,7.51,7.51,7.51,9.33,9.33,10.15,10.15,8.12,8.12,8.12,8.12,8.12,8.12,9.74,10.55,10.55,9.74,7.71,7.71,7.71,7.71
N_1_3,N_2_5,3.5624448633768853,3.63,3.63,3.63,3.63,3.63,3.63,5.56,5.56,6.41,6.41,4.27,4.27,4.27,4.27,4.27,4.27,5.98,6.84,6.84,5.98,3.85,3.85,3.85,3.85
N_1_30,N_0_28,1.9465601596500046,3.19,3.19,3.19,3.19,3.19,3.19,5.29,5.29,6.23,6.23,3.89,3.89,3.89,3.89,3.89,3.89,5.76,6.7,6.7,5.76,3.43,3.43,3.43,3.43
N_1_30,N_1_29,12.154394749544982,6.75,6.75,6.75,6.75,6.75,6.75,8.39,8.39,9.12,9.12,7.29,7.29,7.29,7.29,7.29,7.29,8.75,9.48,9.48,8.75,6.93,6.93,6.93,6.93
N_1_30,N_0_30,12.861924090118796,7.14,7.14,7.14,7.14,7.14,7.14,8.87,8.87,9.65,9.65,7.72,7.72,7.72,7.72,7.72,7.72,9.26,10.03,10.03,9.26,7.33,7.33,7.33,7.33
N_1_30,N_3_32,8.680176419034918,4.82,4.82,4.82,4.82,4.82,4.82,5.99,5.99,6.51,6.51,5.21,5.21,5.21,5.21,5.21,5.21,6.25,6.77,6.77,6.25,4.95,4.95,4.95,4.95
N_1_30,N_3_30,9.928233551496975,5.51,5.51,5.51,5.51,5.51,5.51,6.85,6.85,7.45,7.45,5.96,5.96,5.96,5.96,5.96,5.96,7.15,7.74,7.74,7.15,5.66,5.66,5.66,5.66
N_1_30,N_0_29,4.306555764068345,4.39,4.39,4.39,4.39,4.39,4.39,6.72,6.72,7.75,7.75,5.17,5.17,5.17,5.17,5.17,5.17,7.24,8.27,8.27,7.24,4.65,4.65,4.65,4.65
N_1_31,N_0_32,6.828079042106692,6.96,6.96,6.96,6.96,6.96,6.96,10.65,10.65,12.29,12.29,8.19,8.19,8.19,8.19,8.19,8.19,11.47,13.11,13.11,11.47,7.37,7.37,7.37,7.37
N_1_31,N_0_33,4.180769150030953,4.26,4.26,4.26,4.26,4.26,4.26,6.52,6.52,7.53,7.53,5.02,5.02,5.02,5.02,5.02,5.02,7.02,8.03,8.03,7.02,4.52,4.52,4.52,4.52
N_1_31,N_1_33,12.33597342990808,6.85,6.85,6.85,6.85,6.85,6.85,8.51,8.51,9.25,9.25,7.4,7.4,7.4,7.4,7.4,7.4,8.88,9.62,9.62,8.88,7.03,7.03,7.03,7.03
N_1_31,N_0_30,3.341494364476856,3.41,3.41,3.41,3.41,3.41,3.41,5.21,5.21,6.01,6.01,4.01,4.01,4.01,4.01,4.01,4.01,5.61,6.42,6.42,5.61,3.61,3.61,3.61,3.61
N_1_31,N_2_30,4.649364567643441,4.74,4.74,4.74,4.74,4.74,4.74,7.25,7.25,8.37,8.37,5.58,5.58,5.58,5.58,5.58,5.58,7.81,8.93,8.93,7.81,5.02,5.02,5.02,5.02
N_1_31,N_0_31,1.5620944000794628,2.56,2.56,2.56,2.56,2.56,2.56,4.25,4.25,5.0,5.0,3.12,3.12,3.12,3.12,3.12,3.12,4.62,5.37,5.37,4.62,2.75,2.75,2.75,2.75
N_1_32,N_0_33,11.87318094479522,6.59,6.59,6.59,6.59,6.59,6.59,8.19,8.19,8.9,8.9,7.12,7.12,7.12,7.12,7.12,7.12,8.55,9.26,9.26,8.55,6.77,6.77,6.77,6.77
N_1_32,N_1_29,8.788967092916923,4.88,4.88,4.88,4.88,4.88,4.88,6.06,6.06,6.59,6.59,5.27,5.27,5.27,5.27,5.27,5.27,6.33,6.86,6.86,6.33,5.01,5.01,5.01,5.01
N_1_32,N_2_32,6.572170132006393,6.7,6.7,6.7,6.7,6.7,6.7,10.25,10.25,11.83,11.83,7.89,7.89,7.89,7.89,7.89,7.89,11.04,12.62,12.62,11.04,7.1,7.1,7.1,7.1
N_1_32,N_3_32,11.099685878536555,6.16,6.16,6.16,6.16,6.16,6.16,7.66,7.66,8.32,8.32,6.66,6.66,6.66,6.66,6.66,6.66,7.99,8.66,8.66,7.99,6.33,6.33,6.33,6.33
N_1_32,N_1_35,1.2439395976818144,2.04,2.04,2.04,2.04,2.04,2.04,3.38,3.38,3.98,3.98,2.49,2.49,2.49,2.49,2.49,2.49,3.68,4.28,4.28,3.68,2.19,2.19,2.19,2.19
N_1_32,N_1_30,9.72268275736994,5.4,5.4,5.4,5.4,5.4,5.4,6.71,6.71,7.29,7.29,5.83,5.83,5.83,5.83,5.83,5.83,7.0,7.58,7.58,7.0,5.54,5.54,5.54,5.54
N_1_33,N_1_31,12.33597342990808,6.85,6.85,6.85,6.85,6.85,6.85,8.51,8.51,9.25,9.25,7.4,7.4,7.4,7.4,7.4,7.4,8.88,9.62,9.62,8.88,7.03,7.03,7.03,7.03
N_1_33,N_2_33,6.053776977753926,6.17,6.17,6.17,6.17,6.17,6.17,9.44,9.44,10.9,10.9,7.26,7.26,7.26,7.26,7.26,7.26,10.17,11.62,11.62,10.17,6.54,6.54,6.54,6.54
N_1_33,N_0_32,11.613959396618338,6.45,6.45,6.45,6.45,6.45,6.45,8.01,8.01,8.71,8.71,6.97,6.97,6.97,6.97,6.97,6.97,8.36,9.06,9.06,8.36,6.62,6.62,6.62,6.62
N_1_34,N_0_35,12.338465896883546,6.85,6.85,6.85,6.85,6.85,6.85,8.51,8.51,9.25,9.25,7.4,7.4,7.4,7.4,7.4,7.4,8.88,9.62,9.62,8.88,7.03,7.03,7.03,7.03
N_1_34,N_3_35,12.988348756762765,7.21,7.21,7.21,7.21,7.21,7.21,8.96,8.96,9.74,9.74,7.79,7.79,7.79,7.79,7.79,7.79,9.35,10.13,10.13,9.35,7.4,7.4,7.4,7.4
N_1_34,N_2_34,2.125994307849246,3.49,3.49,3.49,3.49,3.49,3.49,5.78,5.78,6.8,6.8,4.25,4.25,4.25,4.25,4.25,4.25,6.29,7.31,7.31,6.29,3.74,3.74,3.74,3.74
N_1_34,N_0_32,2.407775033646044,3.95,3.95,3.95,3.95,3.95,3.95,6.55,6.55,7.7,7.7,4.82,4.82,4.82,4.82,4.82,4.82,7.13,8.28,8.28,7.13,4.24,4.24,4.24,4.24
N_1_35,N_0_36,14.308910713172095,7.94,7.94,7.94,7.94,7.94,7.94,9.87,9.87,10.73,10.73,8.59,8.59,8.59,8.59,8.59,8.59,10.3,11.16,11.16,10.3,8.16,8.16,8.16,8.16
N_1_35,N_1_32,1.2439395976818144,2.04,2.04,2.04,2.04,2.04,2.04,3.38,3.38,3.98,3.98,2.49,2.49,2.49,2.49,2.49,2.49,3.68,4.28,4.28,3.68,2.19,2.19,2.19,2.19
N_1_35,N_2_34,11.928805031167467,6.62,6.62,6.62,6.62,6.62,6.62,8.23,8.23,8.95,8.95,7.16,7.16,7.16,7.16,7.16,7.16,8.59,9.3,9.3,8.59,6.8,6.8,6.8,6.8
N_1_35,N_0_37,2.107306851031901,3.46,3.46,3.46,3.46,3.46,3.46,5.73,5.73,6.74,6.74,4.21,4.21,4.21,4.21,4.21,4.21,6.24,7.25,7.25,6.24,3.71,3.71,3.71,3.71
N_1_35,N_2_35,2.3774808710735473,3.9,3.9,3.9,3.9,3.9,3.9,6.47,6.47,7.61,7.61,4.75,4.75,4.75,4.75,4.75,4.75,7.04,8.18,8.18,7.04,4.18,4.18,4.18,4.18
N_1_35,N_4_35,2.279273009205223,3.74,3.74,3.74,3.74,3.74,3.74,6.2,6.2,7.29,7.29,4.56,4.56,4.56,4.56,4.56,4.56,6.75,7.84,7.84,6.75,4.01,4.01,4.01,4.01
N_1_35,N_0_35,10.472636156499611,5.81,5.81,5.81,5.81,5.81,5.81,7.23,7.23,7.85,7.85,6.28,6.28,6.28,6.28,6.28,6.28,7.54,8.17,8.17,7.54,5.97,5.97,5.97,5.97
N_1_36,N_0_38,8.036366556590211,4.46,4.46,4.46,4.46,4.46,4.46,5.55,5.55,6.03,6.03,4.82,4.82,4.82,4.82,4.82,4.82,5.79,6.27,6.27,5.79,4.58,4.58,4.58,4.58
N_1_36,N_2_37,3.4972936783411916,3.57,3.57,3.57,3.57,3.57,3.57,5.46,5.46,6.3,6.3,4.2,4.2,4.2,4.2,4.2,4.2,5.88,6.71,6.71,5.88,3.78,3.78,3.78,3.78
N_1_36,N_0_35,12.585722355834092,6.99,6.99,6.99,6.99,6.99,6.99,8.68,8.68,9.44,9.44,7.55,7.55,7.55,7.55,7.55,7.55,9.06,9.82,9.82,9.06,7.17,7.17,7.17,7.17
N_1_36,N_3_35,6.765906409979898,6.9,6.9,6.9,6.9,6.9,6.9,10.55,10.55,12.18,12.18,8.12,8.12,8.12,8.12,8.12,8.12,11.37,12.99,12.99,11.37,7.31,7.31,7.31,7.31
N_1_36,N_0_36,6.029148927329,6.15,6.15,6.15,6.15,6.15,6.15,9.41,9.41,10.85,10.85,7.23,7.23,7.23,7.23,7.23,7.23,10.13,11.58,11.58,10.13,6.51,6.51,6.51,6.51
N_1_36,N_1_35,4.078225033705499,4.16,4.16,4.16,4.16,4.16,4.16,6.36,6.36,7.34,7.34,4.89,4.89,4.89,4.89,4.89,4.89,6.85,7.83,7.83,6.85,4.4,4.4,4.4,4.4
N_1_37,N_0_39,8.627331893722712,4.79,4.79,4.79,4.79,4.79,4.79,5.95,5.95,6.47,6.47,5.18,5.18,5.18,5.18,5.18,5.18,6.21,6.73,6.73,6.21,4.92,4.92,4.92,4.92
N_1_37,N_2_38,3.7946551282181664,3.87,3.87,3.87,3.87,3.87,3.87,5.92,5.92,6.83,6.83,4.55,4.55,4.55,4.55,4.55,4.55,6.38,7.29,7.29,6.38,4.1,4.1,4.1,4.1
N_1_37,N_1_38,6.2546612147860605,6.38,6.38,6.38,6.38,6.38,6.38,9.76,9.76,11.26,11.26,7.51,7.51,7.51,7.51,7.51,7.51,10.51,12.01,12.01,10.51,6.76,6.76,6.76,6.76
N_1_38,N_1_37,6.2546612147860605,6.38,6.38,6.38,6.38,6.38,6.38,9.76,9.76,11.26,11.26,7.51,7.51,7.51,7.51,7.51,7.51,10.51,12.01,12.01,10.51,6.76,6.76,6.76,6.76
N_1_38,N_3_38,2.024390210543864,3.32,3.32,3.32,3.32,3.32,3.32,5.51,5.51,6.48,6.48,4.05,4.05,4.05,4.05,4.05,4.05,5.99,6.96,6.96,5.99,3.56,3.56,3.56,3.56
N_1_38,N_2_38,12.822189284632252,7.12,7.12,7.12,7.12,7.12,7.12,8.85,8.85,9.62,9.62,7.69,7.69,7.69,7.69,7.69,7.69,9.23,10.0,10.0,9.23,7.31,7.31,7.31,7.31
N_1_38,N_2_37,4.15642352649164,4.24,4.24,4.24,4.24,4.24,4.24,6.48,6.48,7.48,7.48,4.99,4.99,4.99,4.99,4.99,4.99,6.98,7.98,7.98,6.98,4.49,4.49,4.49,4.49
N_1_38,N_3_36,12.273823172766535,6.81,6.81,6.81,6.81,6.81,6.81,8.47,8.47,9.21,9.21,7.36,7.36,7.36,7.36,7.36,7.36,8.84,9.57,9.57,8.84,7.0,7.0,7.0,7.0
N_1_38,N_1_39,14.183974951621213,7.87,7.87,7.87,7.87,7.87,7.87,9.79,9.79,10.64,10.64,8.51,8.51,8.51,8.51,8.51,8.51,10.21,11.06,11.06,10.21,8.08,8.08,8.08,8.08
N_1_39,N_0_38,5.958621155906378,6.08,6.08,6.08,6.08,6.08,6.08,9.3,9.3,10.73,10.73,7.15,7.15,7.15,7.15,7.15,7.15,10.01,11.44,11.44,10.01,6.44,6.44,6.44,6.44
N_1_39,N_3_37,6.364109759281828,6.49,6.49,6.49,6.49,6.49,6.49,9.93,9.93,11.46,11.46,7.64,7.64,7.64,7.64,7.64,7.64,10.69,12.22,12.22,10.69,6.87,6.87,6.87,6.87
N_1_39,N_2_39,5.523298525907084,5.63,5.63,5.63,5.63,5.63,5.63,8.62,8.62,9.94,9.94,6.63,6.63,6.63,6.63,6.63,6.63,9.28,10.6,10.6,9.28,5.97,5.97,5.97,5.97
N_1_39,N_0_39,13.947335559995635,7.74,7.74,7.74,7.74,7.74,7.74,9.62,9.62,10.46,10.46,8.37,8.37,8.37,8.37,8.37,8.37,10.04,10.88,10.88,10.04,7.95,7.95,7.95,7.95
N_1_39,N_0_37,10.585638894069367,5.88,5.88,5.88,5.88,5.88,5.88,7.3,7.3,7.94,7.94,6.35,6.35,6.35,6.35,6.35,6.35,7.62,8.26,8.26,7.62,6.03,6.03,6.03,6.03
N_1_39,N_4_39,5.051820951565324,5.15,5.15,5.15,5.15,5.15,5.15,7.88,7.88,9.09,9.09,6.06,6.06,6.06,6.06,6.06,6.06,8.49,9.7,9.7,8.49,5.46,5.46,5.46,5.46
N_1_4,N_0_3,6.535026487381498,6.67,6.67,6.67,6.67,6.67,6.67,10.19,10.19,11.76,11.76,7.84,7.84,7.84,7.84,7.84,7.84,10.98,12.55,12.55,10.98,7.06,7.06,7.06,7.06
N_1_4,N_3_6,3.6428652929613787,3.72,3.72,3.72,3.72,3.72,3.72,5.68,5.68,6.56,6.56,4.37,4.37,4.37,4.37,4.37,4.37,6.12,6.99,6.99,6.12,3.93,3.93,3.93,3.93
N_1_4,N_2_6,2.2668827080138154,3.72,3.72,3.72,3.72,3.72,3.72,6.17,6.17,7.25,7.25,4.53,4.53,4.53,4.53,4.53,4.53,6.71,7.8,7.8,6.71,3.99,3.99,3.99,3.99
N_1_5,N_0_4,3.782192899521042,3.86,3.86,3.86,3.86,3.86,3.86,5.9,5.9,6.81,6.81,4.54,4.54,4.54,4.54,4.54,4.54,6.35,7.26,7.26,6.35,4.08,4.08,4.08,4.08
N_1_5,N_2_6,3.340512135611643,3.41,3.41,3.41,3.41,3.41,3.41,5.21,5.21,6.01,6.01,4.01,4.01,4.01,4.01,4.01,4.01,5.61,6.41,6.41,5.61,3.61,3.61,3.61,3.61
N_1_5,N_3_7,12.535663967399941,6.96,6.96,6.96,6.96,6.96,6.96,8.65,8.65,9.4,9.4,7.52,7.52,7.52,7.52,7.52,7.52,9.03,9.78,9.78,9.03,7.15,7.15,7.15,7.15
N_1_5,N_2_7,14.236929636432158,7.9,7.9,7.9,7.9,7.9,7.9,9.82,9.82,10.68,10.68,8.54,8.54,8.54,8.54,8.54,8.54,10.25,11.1,11.1,10.25,8.12,8.12,8.12,8.12
N_1_5,N_3_6,6.165853147666139,6.29,6.29,6.29,6.29,6.29,6.29,9.62,9.62,11.1,11.1,7.4,7.4,7.4,7.4,7.4,7.4,10.36,11.84,11.84,10.36,6.66,6.66,6.66,6.66
N_1_6,N_0_5,13.501065721739426,7.49,7.49,7.49,7.49,7.49,7.49,9.32,9.32,10.13,10.13,8.1,8.1,8.1,8.1,8.1,8.1,9.72,10.53,10.53,9.72,7.7,7.7,7.7,7.7
N_1_6,N_2_4,10.990047576339158,6.1,6.1,6.1,6.1,6.1,6.1,7.58,7.58,8.24,8.24,6.59,6.59,6.59,6.59,6.59,6.59,7.91,8.57,8.57,7.91,6.26,6.26,6.26,6.26
N_1_6,N_3_4,3.9924460702249194,4.07,4.07,4.07,4.07,4.07,4.07,6.23,6.23,7.19,7.19,4.79,4.79,4.79,4.79,4.79,4.79,6.71,7.67,7.67,6.71,4.31,4.31,4.31,4.31
N_1_6,N_3_7,6.233919700709892,6.36,6.36,6.36,6.36,6.36,6.36,9.72,9.72,11.22,11.22,7.48,7.48,7.48,7.48,7.48,7.48,10.47,11.97,11.97,10.47,6.73,6.73,6.73,6.73
N_1_6,N_2_8,6.116122750371997,6.24,6.24,6.24,6.24,6.24,6.24,9.54,9.54,11.01,11.01,7.34,7.34,7.34,7.34,7.34,7.34,10.28,11.74,11.74,10.28,6.61,6.61,6.61,6.61
N_1_7,N_1_10,6.3280016810183355,6.45,6.45,6.45,6.45,6.45,6.45,9.87,9.87,11.39,11.39,7.59,7.59,7.59,7.59,7.59,7.59,10.63,12.15,12.15,10.63,6.83,6.83,6.83,6.83
N_1_7,N_4_7,4.249574695577902,4.33,4.33,4.33,4.33,4.33,4.33,6.63,6.63,7.65,7.65,5.1,5.1,5.1,5.1,5.1,5.1,7.14,8.16,8.16,7.14,4.59,4.59,4.59,4.59
N_1_7,N_1_4,11.925832006082873,6.62,6.62,6.62,6.62,6.62,6.62,8.23,8.23,8.94,8.94,7.16,7.16,7.16,7.16,7.16,7.16,8.59,9.3,9.3,8.59,6.8,6.8,6.8,6.8
N_1_7,N_0_9,14.868584011002802,8.25,8.25,8.25,8.25,8.25,8.25,10.26,10.26,11.15,11.15,8.92,8.92,8.92,8.92,8.92,8.92,10.71,11.6,11.6,10.71,8.48,8.48,8.48,8.48
N_1_7,N_0_8,6.302079219529514,6.43,6.43,6.43,6.43,6.43,6.43,9.83,9.83,11.34,11.34,7.56,7.56,7.56,7.56,7.56,7.56,10.59,12.1,12.1,10.59,6.81,6.81,6.81,6.81
N_1_7,N_1_9,3.5002307891948012,3.57,3.57,3.57,3.57,3.57,3.57,5.46,5.46,6.3,6.3,4.2,4.2,4.2,4.2,4.2,4.2,5.88,6.72,6.72,5.88,3.78,3.78,3.78,3.78
N_1_8,N_3_6,3.253639909302647,3.32,3.32,3.32,3.32,3.32,3.32,5.08,5.08,5.86,5.86,3.9,3.9,3.9,3.9,3.9,3.9,5.47,6.25,6.25,5.47,3.51,3.51,3.51,3.51
N_1_8,N_2_9,13.8078737764852,7.66,7.66,7.66,7.66,7.66,7.66,9.53,9.53,10.36,10.36,8.28,8.28,8.28,8.28,8.28,8.28,9.94,10.77,10.77,9.94,7.87,7.87,7.87,7.87
N_1_8,N_1_10,5.899083413132582,6.02,6.02,6.02,6.02,6.02,6.02,9.2,9.2,10.62,10.62,7.08,7.08,7.08,7.08,7.08,7.08,9.91,11.33,11.33,9.91,6.37,6.37,6.37,6.37
N_1_8,N_3_10,5.398760248425513,5.51,5.51,5.51,5.51,5.51,5.51,8.42,8.42,9.72,9.72,6.48,6.48,6.48,6.48,6.48,6.48,9.07,10.37,10.37,9.07,5.83,5.83,5.83,5.83
N_1_8,N_0_6,2.246265593239234,3.68,3.68,3.68,3.68,3.68,3.68,6.11,6.11,7.19,7.19,4.49,4.49,4.49,4.49,4.49,4.49,6.65,7.73,7.73,6.65,3.95,3.95,3.95,3.95
N_1_8,N_3_9,9.493406566424465,5.27,5.27,5.27,5.27,5.27,5.27,6.55,6.55,7.12,7.12,5.7,5.7,5.7,5.7,5.7,5.7,6.84,7.4,7.4,6.84,5.41,5.41,5.41,5.41
N_1_9,N_0_8,4.752663753092108,4.85,4.85,4.85,4.85,4.85,4.85,7.41,7.41,8.55,8.55,5.7,5.7,5.7,5.7,5.7,5.7,7.98,9.13,9.13,7.98,5.13,5.13,5.13,5.13
N_1_9,N_1_10,3.674774314897,3.75,3.75,3.75,3.75,3.75,3.75,5.73,5.73,6.61,6.61,4.41,4.41,4.41,4.41,4.41,4.41,6.17,7.06,7.06,6.17,3.97,3.97,3.97,3.97
N_1_9,N_1_7,3.5002307891948012,3.57,3.57,3.57,3.57,3.57,3.57,5.46,5.46,6.3,6.3,4.2,4.2,4.2,4.2,4.2,4.2,5.88,6.72,6.72,5.88,3.78,3.78,3.78,3.78
N_1_9,N_0_9,4.71567089312922,4.81,4.81,4.81,4.81,4.81,4.81,7.36,7.36,8.49,8.49,5.66,5.66,5.66,5.66,5.66,5.66,7.92,9.05,9.05,7.92,5.09,5.09,5.09,5.09
N_20_0,N_17_0,2.2667140769358958,3.72,3.72,3.72,3.72,3.72,3.72,6.17,6.17,7.25,7.25,4.53,4.53,4.53,4.53,4.53,4.53,6.71,7.8,7.8,6.71,3.99,3.99,3.99,3.99
N_20_0,N_20_2,5.378188775129322,5.49,5.49,5.49,5.49,5.49,5.49,8.39,8.39,9.68,9.68,6.45,6.45,6.45,6.45,6.45,6.45,9.04,10.33,10.33,9.04,5.81,5.81,5.81,5.81
N_20_0,N_19_2,3.167323605618011,3.23,3.23,3.23,3.23,3.23,3.23,4.94,4.94,5.7,5.7,3.8,3.8,3.8,3.8,3.8,3.8,5.32,6.08,6.08,5.32,3.42,3.42,3.42,3.42
N_20_0,N_21_1,0.5057031194314174,0.83,0.83,0.83,0.83,0.83,0.83,1.38,1.38,1.62,1.62,1.01,1.01,1.01,1.01,1.01,1.01,1.5,1.74,1.74,1.5,0.89,0.89,0.89,0.89
N_20_0,N_19_0,0.7909203782215433,1.3,1.3,1.3,1.3,1.3,1.3,2.15,2.15,2.53,2.53,1.58,1.58,1.58,1.58,1.58,1.58,2.34,2.72,2.72,2.34,1.39,1.39,1.39,1.39
N_20_0,N_18_2,4.6547978972486135,4.75,4.75,4.75,4.75,4.75,4.75,7.26,7.26,8.38,8.38,5.59,5.59,5.59,5.59,5.59,5.59,7.82,8.94,8.94,7.82,5.03,5.03,5.03,5.03
N_20_1,N_19_0,6.1480486114647706,6.27,6.27,6.27,6.27,6.27,6.27,9.59,9.59,11.07,11.07,7.38,7.38,7.38,7.38,7.38,7.38,10.33,11.8,11.8,10.33,6.64,6.64,6.64,6.64
N_20_1,N_19_1,8.155576378383588,4.53,4.53,4.53,4.53,4.53,4.53,5.63,5.63,6.12,6.12,4.89,4.89,4.89,4.89,4.89,4.89,5.87,6.36,6.36,5.87,4.65,4.65,4.65,4.65
N_20_1,N_21_1,5.754756566659307,5.87,5.87,5.87,5.87,5.87,5.87,8.98,8.98,10.36,10.36,6.91,6.91,6.91,6.91,6.91,6.91,9.67,11.05,11.05,9.67,6.22,6.22,6.22,6.22
N_20_1,N_21_2,5.353408761656846,5.46,5.46,5.46,5.46,5.46,5.46,8.35,8.35,9.64,9.64,6.42,6.42,6.42,6.42,6.42,6.42,8.99,10.28,10.28,8.99,5.78,5.78,5.78,5.78
N_20_10,N_18_10,10.229972856795165,5.68,5.68,5.68,5.68,5.68,5.68,7.06,7.06,7.67,7.67,6.14,6.14,6.14,6.14,6.14,6.14,7.37,7.98,7.98,7.37,5.83,5.83,5.83,5.83
N_20_10,N_18_11,0.7140992171013507,1.17,1.17,1.17,1.17,1.17,1.17,1.94,1.94,2.29,2.29,1.43,1.43,1.43,1.43,1.43,1.43,2.11,2.46,2.46,2.11,1.26,1.26,1.26,1.26
N_20_10,N_18_9,8.308093943598658,4.61,4.61,4.61,4.61,4.61,4.61,5.73,5.73,6.23,6.23,4.98,4.98,4.98,4.98,4.98,4.98,5.98,6.48,6.48,5.98,4.74,4.74,4.74,4.74
N_20_10,N_19_10,3.9404453124543304,4.02,4.02,4.02,4.02,4.02,4.02,6.15,6.15,7.09,7.09,4.73,4.73,4.73,4.73,4.73,4.73,6.62,7.57,7.57,6.62,4.26,4.26,4.26,4.26
N_20_10,N_20_13,10.200716061442122,5.66,5.66,5.66,5.66,5.66,5.66,7.04,7.04,7.65,7.65,6.12,6.12,6.12,6.12,6.12,6.12,7.34,7.96,7.96,7.34,5.81,5.81,5.81,5.81
N_20_11,N_18_12,1.9164752511371608,3.14,3.14,3.14,3.14,3.14,3.14,5.21,5.21,6.13,6.13,3.83,3.83,3.83,3.83,3.83,3.83,5.67,6.59,6.59,5.67,3.37,3.37,3.37,3.37
N_20_11,N_18_13,12.447078472765407,6.91,6.91,6.91,6.91,6.91,6.91,8.59,8.59,9.34,9.34,7.47,7.47,7.47,7.47,7.47,7.47,8.96,9.71,9.71,8.96,7.09,7.09,7.09,7.09
N_20_11,N_19_12,1.217503844972023,2.0,2.0,2.0,2.0,2.0,2.0,3.31,3.31,3.9,3.9,2.44,2.44,2.44,2.44,2.44,2.44,3.6,4.19,4.19,3.6,2.14,2.14,2.14,2.14
N_20_11,N_19_9,3.3204177407334616,3.39,3.39,3.39,3.39,3.39,3.39,5.18,5.18,5.98,5.98,3.98,3.98,3.98,3.98,3.98,3.98,5.58,6.38,6.38,5.58,3.59,3.59,3.59,3.59
N_20_11,N_22_13,10.63434861593306,5.9,5.9,5.9,5.9,5.9,5.9,7.34,7.34,7.98,7.98,6.38,6.38,6.38,6.38,6.38,6.38,7.66,8.29,8.29,7.66,6.06,6.06,6.06,6.06
N_20_11,N_19_10,5.2270094935116305,5.33,5.33,5.33,5.33,5.33,5.33,8.15,8.15,9.41,9.41,6.27,6.27,6.27,6.27,6.27,6.27,8.78,10.04,10.04,8.78,5.65,5.65,5.65,5.65
N_20_12,N_18_12,3.366343706960712,3.43,3.43,3.43,3.43,3.43,3.43,5.25,5.25,6.06,6.06,4.04,4.04,4.04,4.04,4.04,4.04,5.66,6.46,6.46,5.66,3.64,3.64,3.64,3.64
N_20_12,N_19_14,3.970066543133179,4.05,4.05,4.05,4.05,4.05,4.05,6.19,6.19,7.15,7.15,4.76,4.76,4.76,4.76,4.76,4.76,6.67,7.62,7.62,6.67,4.29,4.29,4.29,4.29
N_20_12,N_18_13,10.831055955076213,6.01,6.01,6.01,6.01,6.01,6.01,7.47,7.47,8.12,8.12,6.5,6.5,6.5,6.5,6.5,6.5,7.8,8.45,8.45,7.8,6.17,6.17,6.17,6.17
N_20_12,N_20_11,12.434733363168519,6.9,6.9,6.9,6.9,6.9,6.9,8.58,8.58,9.33,9.33,7.46,7.46,7.46,7.46,7.46,7.46,8.95,9.7,9.7,8.95,7.09,7.09,7.09,7.09
N_20_12,N_20_14,4.156761767095101,4.24,4.24,4.24,4.24,4.24,4.24,6.48,6.48,7.48,7.48,4.99,4.99,4.99,4.99,4.99,4.99,6.98,7.98,7.98,6.98,4.49,4.49,4.49,4.49
N_20_12,N_20_9,5.4146018507552185,5.52,5.52,5.52,5.52,5.52,5.52,8.45,8.45,9.75,9.75,6.5,6.5,6.5,6.5,6.5,6.5,9.1,10.4,10.4,9.1,5.85,5.85,5.85,5.85
N_20_13,N_20_10,10.200716061442122,5.66,5.66,5.66,5.66,5.66,5.66,7.04,7.04,7.65,7.65,6.12,6.12,6.12,6.12,6.12,6.12,7.34,7.96,7.96,7.34,5.81,5.81,5.81,5.81
N_20_13,N_20_12,9.238142609346763,5.13,5.13,5.13,5.13,5.13,5.13,6.37,6.37,6.93,6.93,5.54,5.54,5.54,5.54,5.54,5.54,6.65,7.21,7.21,6.65,5.27,5.27,5.27,5.27
N_20_13,N_19_13,10.607564891688767,5.89,5.89,5.89,5.89,5.89,5.89,7.32,7.32,7.96,7.96,6.36,6.36,6.36,6.36,6.36,6.36,7.64,8.27,8.27,7.64,6.05,6.05,6.05,6.05
N_20_13,N_22_11,6.826181180810959,6.96,6.96,6.96,6.96,6.96,6.96,10.65,10.65,12.29,12.29,8.19,8.19,8.19,8.19,8.19,8.19,11.47,13.11,13.11,11.47,7.37,7.37,7.37,7.37
N_20_13,N_18_15,4.552979707520411,4.64,4.64,4.64,4.64,4.64,4.64,7.1,7.1,8.2,8.2,5.46,5.46,5.46,5.46,5.46,5.46,7.65,8.74,8.74,7.65,4.92,4.92,4.92,4.92
N_20_13,N_18_14,6.9177154164567725,7.06,7.06,7.06,7.06,7.06,7.06,10.79,10.79,12.45,12.45,8.3,8.3,8.3,8.3,8.3,8.3,11.62,13.28,13.28,11.62,7.47,7.47,7.47,7.47
N_20_13,N_19_14,5.065081506430463,5.17,5.17,5.17,5.17,5.17,5.17,7.9,7.9,9.12,9.12,6.08,6.08,6.08,6.08,6.08,6.08,8.51,9.72,9.72,8.51,5.47,5.47,5.47,5.47
N_20_13,N_21_13,14.1223316457415,7.84,7.84,7.84,7.84,7.84,7.84,9.74,9.74,10.59,10.59,8.47,8.47,8.47,8.47,8.47,8.47,10.17,11.02,11.02,10.17,8.05,8.05,8.05,8.05
N_20_14,N_19_16,11.359051608628304,6.3,6.3,6.3,6.3,6.3,6.3,7.84,7.84,8.52,8.52,6.82,6.82,6.82,6.82,6.82,6.82,8.18,8.86,8.86,8.18,6.47,6.47,6.47,6.47
N_20_14,N_20_12,4.156761767095101,4.24,4.24,4.24,4.24,4.24,4.24,6.48,6.48,7.48,7.48,4.99,4.99,4.99,4.99,4.99,4.99,6.98,7.98,7.98,6.98,4.49,4.49,4.49,4.49
N_20_14,N_22_15,5.91798491435854,6.04,6.04,6.04,6.04,6.04,6.04,9.23,9.23,10.65,10.65,7.1,7.1,7.1,7.1,7.1,7.1,9.94,11.36,11.36,9.94,6.39,6.39,6.39,6.39
N_20_14,N_22_14,4.844817088666785,4.94,4.94,4.94,4.94,4.94,4.94,7.56,7.56,8.72,8.72,5.81,5.81,5.81,5.81,5.81,5.81,8.14,9.3,9.3,8.14,5.23,5.23,5.23,5.23
N_20_14,N_19_12,0.8376072551085916,1.37,1.37,1.37,1.37,1.37,1.37,2.28,2.28,2.68,2.68,1.68,1.68,1.68,1.68,1.68,1.68,2.48,2.88,2.88,2.48,1.47,1.47,1.47,1.47
N_20_14,N_19_14,0.8496568547153911,1.39,1.39,1.39,1.39,1.39,1.39,2.31,2.31,2.72,2.72,1.7,1.7,1.7,1.7,1.7,1.7,2.51,2.92,2.92,2.51,1.5,1.5,1.5,1.5
N_20_15,N_17_15,6.316925160444198,6.44,6.44,6.44,6.44,6.44,6.44,9.85,9.85,11.37,11.37,7.58,7.58,7.58,7.58,7.58,7.58,10.61,12.13,12.13,10.61,6.82,6.82,6.82,6.82
N_20_15,N_18_14,13.209880886387138,7.33,7.33,7.33,7.33,7.33,7.33,9.11,9.11,9.91,9.91,7.93,7.93,7.93,7.93,7.93,7.93,9.51,10.3,10.3,9.51,7.53,7.53,7.53,7.53
N_20_15,N_18_17,12.99047662983148,7.21,7.21,7.21,7.21,7.21,7.21,8.96,8.96,9.74,9.74,7.79,7.79,7.79,7.79,7.79,7.79,9.35,10.13,10.13,9.35,7.4,7.4,7.4,7.4
N_20_15,N_21_17,5.459106468121707,5.57,5.57,5.57,5.57,5.57,5.57,8.52,8.52,9.83,9.83,6.55,6.55,6.55,6.55,6.55,6.55,9.17,10.48,10.48,9.17,5.9,5.9,5.9,5.9
N_20_15,N_22_13,1.8643441936386371,3.06,3.06,3.06,3.06,3.06,3.06,5.07,5.07,5.97,5.97,3.73,3.73,3.73,3.73,3.73,3.73,5.52,6.41,6.41,5.52,3.28,3.28,3.28,3.28
N_20_15,N_21_16,6.094214600269317,6.22,6.22,6.22,6.22,6.22,6.22,9.51,9.51,10.97,10.97,7.31,7.31,7.31,7.31,7.31,7.31,10.24,11.7,11.7,10.24,6.58,6.58,6.58,6.58
N_20_15,N_21_13,10.05428880092095,5.58,5.58,5.58,5.58,5.58,5.58,6.94,6.94,7.54,7.54,6.03,6.03,6.03,6.03,6.03,6.03,7.24,7.84,7.84,7.24,5.73,5.73,5.73,5.73
N_20_15,N_20_17,4.957140838197501,5.06,5.06,5.06,5.06,5.06,5.06,7.73,7.73,8.92,8.92,5.95,5.95,5.95,5.95,5.95,5.95,8.33,9.52,9.52,8.33,5.35,5.35,5.35,5.35
N_20_16,N_19_17,4.425036245256663,4.51,4.51,4.51,4.51,4.51,4.51,6.9,6.9,7.97,7.97,5.31,5.31,5.31,5.31,5.31,5.31,7.43,8.5,8.5,7.43,4.78,4.78,4.78,4.78
N_20_16,N_23_16,14.256559629783487,7.91,7.91,7.91,7.91,7.91,7.91,9.84,9.84,10.69,10.69,8.55,8.55,8.55,8.55,8.55,8.55,10.26,11.12,11.12,10.26,8.13,8.13,8.13,8.13
N_20_16,N_20_19,10.139085800071857,5.63,5.63,5.63,5.63,5.63,5.63,7.0,7.0,7.6,7.6,6.08,6.08,6.08,6.08,6.08,6.08,7.3,7.91,7.91,7.3,5.78,5.78,5.78,5.78
N_20_16,N_21_18,1.9000093309259303,3.12,3.12,3.12,3.12,3.12,3.12,5.17,5.17,6.08,6.08,3.8,3.8,3.8,3.8,3.8,3.8,5.62,6.54,6.54,5.62,3.34,3.34,3.34,3.34
N_20_16,N_20_13,8.48386505250698,4.71,4.71,4.71,4.71,4.71,4.71,5.85,5.85,6.36,6.36,5.09,5.09,5.09,5.09,5.09,5.09,6.11,6.62,6.62,6.11,4.84,4.84,4.84,4.84
N_20_16,N_18_15,5.020625927645138,5.12,5.12,5.12,5.12,5.12,5.12,7.83,7.83,9.04,9.04,6.02,6.02,6.02,6.02,6.02,6.02,8.43,9.64,9.64,8.43,5.42,5.42,5.42,5.42
N_20_17,N_18_15,8.976024184509047,4.98,4.98,4.98,4.98,4.98,4.98,6.19,6.19,6.73,6.73,5.39,5.39,5.39,5.39,5.39,5.39,6.46,7.0,7.0,6.46,5.12,5.12,5.12,5.12
N_20_17,N_18_18,4.894987739520836,4.99,4.99,4.99,4.99,4.99,4.99,7.64,7.64,8.81,8.81,5.87,5.87,5.87,5.87,5.87,5.87,8.22,9.4,9.4,8.22,5.29,5.29,5.29,5.29
N_20_17,N_19_16,1.9620331564276399,3.22,3.22,3.22,3.22,3.22,3.22,5.34,5.34,6.28,6.28,3.92,3.92,3.92,3.92,3.92,3.92,5.81,6.75,6.75,5.81,3.45,3.45,3.45,3.45
N_20_17,N_20_15,4.957140838197501,5.06,5.06,5.06,5.06,5.06,5.06,7.73,7.73,8.92,8.92,5.95,5.95,5.95,5.95,5.95,5.95,8.33,9.52,9.52,8.33,5.35,5.35,5.35,5.35
N_20_18,N_21_19,1.862047480605994,3.05,3.05,3.05,3.05,3.05,3.05,5.06,5.06,5.96,5.96,3.72,3.72,3.72,3.72,3.72,3.72,5.51,6.41,6.41,5.51,3.28,3.28,3.28,3.28
N_20_18,N_18_16,13.67156678160125,7.59,7.59,7.59,7.59,7.59,7.59,9.43,9.43,10.25,10.25,8.2,8.2,8.2,8.2,8.2,8.2,9.84,10.66,10.66,9.84,7.79,7.79,7.79,7.79
N_20_18,N_22_19,1.5808940492227521,2.59,2.59,2.59,2.59,2.59,2.59,4.3,4.3,5.06,5.06,3.16,3.16,3.16,3.16,3.16,3.16,4.68,5.44,5.44,4.68,2.78,2.78,2.78,2.78
N_20_18,N_21_18,3.700118192070711,3.77,3.77,3.77,3.77,3.77,3.77,5.77,5.77,6.66,6.66,4.44,4.44,4.44,4.44,4.44,4.44,6.22,7.1,7.1,6.22,4.0,4.0,4.0,4.0
N_20_18,N_19_17,11.897229429639,6.6,6.6,6.6,6.6,6.6,6.6,8.21,8.21,8.92,8.92,7.14,7.14,7.14,7.14,7.14,7.14,8.57,9.28,9.28,8.57,6.78,6.78,6.78,6.78
N_20_18,N_21_20,5.085853822096164,5.19,5.19,5.19,5.19,5.19,5.19,7.93,7.93,9.15,9.15,6.1,6.1,6.1,6.1,6.1,6.1,8.54,9.76,9.76,8.54,5.49,5.49,5.49,5.49
N_20_18,N_19_16,3.603791504376707,3.68,3.68,3.68,3.68,3.68,3.68,5.62,5.62,6.49,6.49,4.32,4.32,4.32,4.32,4.32,4.32,6.05,6.92,6.92,6.05,3.89,3.89,3.89,3.89
N_20_18,N_21_16,5.198822513221776,5.3,5.3,5.3,5.3,5.3,5.3,8.11,8.11,9.36,9.36,6.24,6.24,6.24,6.24,6.24,6.24,8.73,9.98,9.98,8.73,5.61,5.61,5.61,5.61
N_20_19,N_17_19,6.071115354496815,6.19,6.19,6.19,6.19,6.19,6.19,9.47,9.47,10.93,10.93,7.29,7.29,7.29,7.29,7.29,7.29,10.2,11.66,11.66,10.2,6.56,6.56,6.56,6.56
N_20_19,N_20_16,10.139085800071857,5.63,5.63,5.63,5.63,5.63,5.63,7.0,7.0,7.6,7.6,6.08,6.08,6.08,6.08,6.08,6.08,7.3,7.91,7.91,7.3,5.78,5.78,5.78,5.78
N_20_19,N_20_22,3.1812384399783835,3.24,3.24,3.24,3.24,3.24,3.24,4.96,4.96,5.73,5.73,3.82,3.82,3.82,3.82,3.82,3.82,5.34,6.11,6.11,5.34,3.44,3.44,3.44,3.44
N_20_19,N_19_20,1.6937330018203411,2.78,2.78,2.78,2.78,2.78,2.78,4.61,4.61,5.42,5.42,3.39,3.39,3.39,3.39,3.39,3.39,5.01,5.83,5.83,5.01,2.98,2.98,2.98,2.98
N_20_2,N_18_0,1.3193597817164722,2.16,2.16,2.16,2.16,2.16,2.16,3.59,3.59,4.22,4.22,2.64,2.64,2.64,2.64,2.64,2.64,3.91,4.54,4.54,3.91,2.32,2.32,2.32,2.32
N_20_2,N_19_3,1.5168319621429316,2.49,2.49,2.49,2.49,2.49,2.49,4.13,4.13,4.85,4.85,3.03,3.03,3.03,3.03,3.03,3.03,4.49,5.22,5.22,4.49,2.67,2.67,2.67,2.67
N_20_2,N_19_4,3.7336155902218953,3.81,3.81,3.81,3.81,3.81,3.81,5.82,5.82,6.72,6.72,4.48,4.48,4.48,4.48,4.48,4.48,6.27,7.17,7.17,6.27,4.03,4.03,4.03,4.03
N_20_20,N_18_19,6.971919004548035,7.11,7.11,7.11,7.11,7.11,7.11,10.88,10.88,12.55,12.55,8.37,8.37,8.37,8.37,8.37,8.37,11.71,13.39,13.39,11.71,7.53,7.53,7.53,7.53
N_20_20,N_18_22,8.788854422357831,4.88,4.88,4.88,4.88,4.88,4.88,6.06,6.06,6.59,6.59,5.27,5.27,5.27,5.27,5.27,5.27,6.33,6.86,6.86,6.33,5.01,5.01,5.01,5.01
N_20_20,N_20_17,3.298131505590899,3.36,3.36,3.36,3.36,3.36,3.36,5.15,5.15,5.94,5.94,3.96,3.96,3.96,3.96,3.96,3.96,5.54,6.33,6.33,5.54,3.56,3.56,3.56,3.56
N_20_20,N_19_22,4.743646634604062,4.84,4.84,4.84,4.84,4.84,4.84,7.4,7.4,8.54,8.54,5.69,5.69,5.69,5.69,5.69,5.69,7.97,9.11,9.11,7.97,5.12,5.12,5.12,5.12
N_20_20,N_18_20,4.688327201267258,4.78,4.78,4.78,4.78,4.78,4.78,7.31,7.31,8.44,8.44,5.63,5.63,5.63,5.63,5.63,5.63,7.88,9.0,9.0,7.88,5.06,5.06,5.06,5.06
N_20_20,N_18_21,12.531133851043222,6.95,6.95,6.95,6.95,6.95,6.95,8.65,8.65,9.4,9.4,7.52,7.52,7.52,7.52,7.52,7.52,9.02,9.77,9.77,9.02,7.14,7.14,7.14,7.14
N_20_20,N_21_22,8.605792231579954,4.78,4.78,4.78,4.78,4.78,4.78,5.94,5.94,6.45,6.45,5.16,5.16,5.16,5.16,5.16,5.16,6.2,6.71,6.71,6.2,4.91,4.91,4.91,4.91
N_20_20,N_18_18,2.4862350812941214,4.08,4.08,4.08,4.08,4.08,4.08,6.76,6.76,7.96,7.96,4.97,4.97,4.97,4.97,4.97,4.97,7.36,8.55,8.55,7.36,4.38,4.38,4.38,4.38
N_20_21,N_19_21,3.9516468065789834,4.03,4.03,4.03,4.03,4.03,4.03,6.16,6.16,7.11,7.11,4.74,4.74,4.74,4.74,4.74,4.74,6.64,7.59,7.59,6.64,4.27,4.27,4.27,4.27
N_20_21,N_20_19,12.24853272895361,6.8,6.8,6.8,6.8,6.8,6.8,8.45,8.45,9.19,9.19,7.35,7.35,7.35,7.35,7.35,7.35,8.82,9.55,9.55,8.82,6.98,6.98,6.98,6.98
N_20_21,N_20_18,5.080156055024448,5.18,5.18,5.18,5.18,5.18,5.18,7.93,7.93,9.14,9.14,6.1,6.1,6.1,6.1,6.1,6.1,8.53,9.75,9.75,8.53,5.49,5.49,5.49,5.49
N_20_22,N_18_23,8.750831128588963,4.86,4.86,4.86,4.86,4.86,4.86,6.04,6.04,6.56,6.56,5.25,5.25,5.25,5.25,5.25,5.25,6.3,6.83,6.83,6.3,4.99,4.99,4.99,4.99
N_20_22,N_19_24,1.6034931169405238,2.63,2.63,2.63,2.63,2.63,2.63,4.36,4.36,5.13,5.13,3.21,3.21,3.21,3.21,3.21,3.21,4.75,5.52,5.52,4.75,2.82,2.82,2.82,2.82
N_20_22,N_20_19,3.1812384399783835,3.24,3.24,3.24,3.24,3.24,3.24,4.96,4.96,5.73,5.73,3.82,3.82,3.82,3.82,3.82,3.82,5.34,6.11,6.11,5.34,3.44,3.44,3.44,3.44
N_20_23,N_17_23,5.6448073132402,5.76,5.76,5.76,5.76,5.76,5.76,8.81,8.81,10.16,10.16,6.77,6.77,6.77,6.77,6.77,6.77,9.48,10.84,10.84,9.48,6.1,6.1,6.1,6.1
N_20_23,N_18_25,6.427992863516345,6.56,6.56,6.56,6.56,6.56,6.56,10.03,10.03,11.57,11.57,7.71,7.71,7.71,7.71,7.71,7.71,10.8,12.34,12.34,10.8,6.94,6.94,6.94,6.94
N_20_23,N_19_25,4.427550020697413,4.52,4.52,4.52,4.52,4.52,4.52,6.91,6.91,7.97,7.97,5.31,5.31,5.31,5.31,5.31,5.31,7.44,8.5,8.5,7.44,4.78,4.78,4.78,4.78
N_20_23,N_19_22,0.735557101079384,1.21,1.21,1.21,1.21,1.21,1.21,2.0,2.0,2.35,2.35,1.47,1.47,1.47,1.47,1.47,1.47,2.18,2.53,2.53,2.18,1.29,1.29,1.29,1.29
N_20_23,N_18_24,8.631486346548419,4.79,4.79,4.79,4.79,4.79,4.79,5.96,5.96,6.47,6.47,5.18,5.18,5.18,5.18,5.18,5.18,6.21,6.73,6.73,6.21,4.92,4.92,4.92,4.92
N_20_23,N_22_21,4.5403862775004855,4.63,4.63,4.63,4.63,4.63,4.63,7.08,7.08,8.17,8.17,5.45,5.45,5.45,5.45,5.45,5.45,7.63,8.72,8.72,7.63,4.9,4.9,4.9,4.9
N_20_24,N_20_25,11.874864760237038,6.59,6.59,6.59,6.59,6.59,6.59,8.19,8.19,8.91,8.91,7.12,7.12,7.12,7.12,7.12,7.12,8.55,9.26,9.26,8.55,6.77,6.77,6.77,6.77
N_20_24,N_21_24,6.333755905479441,6.46,6.46,6.46,6.46,6.46,6.46,9.88,9.88,11.4,11.4,7.6,7.6,7.6,7.6,7.6,7.6,10.64,12.16,12.16,10.64,6.84,6.84,6.84,6.84
N_20_24,N_21_26,5.023190442514987,5.12,5.12,5.12,5.12,5.12,5.12,7.84,7.84,9.04,9.04,6.03,6.03,6.03,6.03,6.03,6.03,8.44,9.64,9.64,8.44,5.43,5.43,5.43,5.43
N_20_24,N_18_26,3.5053141368795657,3.58,3.58,3.58,3.58,3.58,3.58,5.47,5.47,6.31,6.31,4.21,4.21,4.21,4.21,4.21,4.21,5.89,6.73,6.73,5.89,3.79,3.79,3.79,3.79
N_20_24,N_18_22,3.000243476340372,3.06,3.06,3.06,3.06,3.06,3.06,4.68,4.68,5.4,5.4,3.6,3.6,3.6,3.6,3.6,3.6,5.04,5.76,5.76,5.04,3.24,3.24,3.24,3.24
N_20_24,N_20_21,0.5995620796586472,0.98,0.98,0.98,0.98,0.98,0.98,1.63,1.63,1.92,1.92,1.2,1.2,1.2,1.2,1.2,1.2,1.77,2.06,2.06,1.77,1.06,1.06,1.06,1.06
N_20_25,N_19_26,3.8829286318428657,3.96,3.96,3.96,3.96,3.96,3.96,6.06,6.06,6.99,6.99,4.66,4.66,4.66,4.66,4.66,4.66,6.52,7.46,7.46,6.52,4.19,4.19,4.19,4.19
N_20_25,N_20_24,11.874864760237038,6.59,6.59,6.59,6.59,6.59,6.59,8.19,8.19,8.91,8.91,7.12,7.12,7.12,7.12,7.12,7.12,8.55,9.26,9.26,8.55,6.77,6.77,6.77,6.77
N_20_25,N_21_26,3.961481901707931,4.04,4.04,4.04,4.04,4.04,4.04,6.18,6.18,7.13,7.13,4.75,4.75,4.75,4.75,4.75,4.75,6.66,7.61,7.61,6.66,4.28,4.28,4.28,4.28
N_20_25,N_22_23,4.557944296049998,4.65,4.65,4.65,4.65,4.65,4.65,7.11,7.11,8.2,8.2,5.47,5.47,5.47,5.47,5.47,5.47,7.66,8.75,8.75,7.66,4.92,4.92,4.92,4.92
N_20_25,N_20_27,2.0896826054517774,3.43,3.43,3.43,3.43,3.43,3.43,5.68,5.68,6.69,6.69,4.18,4.18,4.18,4.18,4.18,4.18,6.19,7.19,7.19,6.19,3.68,3.68,3.68,3.68
N_20_25,N_18_26,3.235669815132057,3.3,3.3,3.3,3.3,3.3,3.3,5.05,5.05,5.82,5.82,3.88,3.88,3.88,3.88,3.88,3.88,5.44,6.21,6.21,5.44,3.49,3.49,3.49,3.49
N_20_26,N_21_28,8.229796307061822,4.57,4.57,4.57,4.57,4.57,4.57,5.68,5.68,6.17,6.17,4.94,4.94,4.94,4.94,4.94,4.94,5.93,6.42,6.42,5.93,4.69,4.69,4.69,4.69
N_20_26,N_18_24,4.255640407815141,4.34,4.34,4.34,4.34,4.34,4.34,6.64,6.64,7.66,7.66,5.11,5.11,5.11,5.11,5.11,5.11,7.15,8.17,8.17,7.15,4.6,4.6,4.6,4.6
N_20_26,N_22_24,1.0128513709612332,1.66,1.66,1.66,1.66,1.66,1.66,2.75,2.75,3.24,3.24,2.03,2.03,2.03,2.03,2.03,2.03,3.0,3.48,3.48,3.0,1.78,1.78,1.78,1.78
N_20_26,N_17_26,0.6732474100180947,1.1,1.1,1.1,1.1,1.1,1.1,1.83,1.83,2.15,2.15,1.35,1.35,1.35,1.35,1.35,1.35,1.99,2.32,2.32,1.99,1.18,1.18,1.18,1.18
N_20_27,N_18_25,2.4916749097434017,4.09,4.09,4.09,4.09,4.09,4.09,6.78,6.78,7.97,7.97,4.98,4.98,4.98,4.98,4.98,4.98,7.38,8.57,8.57,7.38,4.39,4.39,4.39,4.39
N_20_27,N_19_26,3.1464634614126843,3.21,3.21,3.21,3.21,3.21,3.21,4.91,4.91,5.66,5.66,3.78,3.78,3.78,3.78,3.78,3.78,5.29,6.04,6.04,5.29,3.4,3.4,3.4,3.4
N_20_27,N_19_27,3.917316911363931,4.0,4.0,4.0,4.0,4.0,4.0,6.11,6.11,7.05,7.05,4.7,4.7,4.7,4.7,4.7,4.7,6.58,7.52,7.52,6.58,4.23,4.23,4.23,4.23
N_20_28,N_18_26,10.39154915348796,5.77,5.77,5.77,5.77,5.77,5.77,7.17,7.17,7.79,7.79,6.23,6.23,6.23,6.23,6.23,6.23,7.48,8.11,8.11,7.48,5.92,5.92,5.92,5.92
N_20_28,N_22_29,2.0673431126872877,3.39,3.39,3.39,3.39,3.39,3.39,5.62,5.62,6.62,6.62,4.13,4.13,4.13,4.13,4.13,4.13,6.12,7.11,7.11,6.12,3.64,3.64,3.64,3.64
N_20_28,N_20_25,5.096071653483536,5.2,5.2,5.2,5.2,5.2,5.2,7.95,7.95,9.17,9.17,6.12,6.12,6.12,6.12,6.12,6.12,8.56,9.78,9.78,8.56,5.5,5.5,5.5,5.5
N_20_28,N_22_30,14.099499787604612,7.83,7.83,7.83,7.83,7.83,7.83,9.73,9.73,10.57,10.57,8.46,8.46,8.46,8.46,8.46,8.46,10.15,11.0,11.0,10.15,8.04,8.04,8.04,8.04
N_20_28,N_21_26,4.622526283921129,4.71,4.71,4.71,4.71,4.71,4.71,7.21,7.21,8.32,8.32,5.55,5.55,5.55,5.55,5.55,5.55,7.77,8.88,8.88,7.77,4.99,4.99,4.99,4.99
N_20_29,N_21_31,4.777334002465366,4.87,4.87,4.87,4.87,4.87,4.87,7.45,7.45,8.6,8.6,5.73,5.73,5.73,5.73,5.73,5.73,8.03,9.17,9.17,8.03,5.16,5.16,5.16,5.16
N_20_29,N_18_30,10.520742588809874,5.84,5.84,5.84,5.84,5.84,5.84,7.26,7.26,7.89,7.89,6.31,6.31,6.31,6.31,6.31,6.31,7.57,8.21,8.21,7.57,6.0,6.0,6.0,6.0
N_20_29,N_20_28,4.456888316897182,4.55,4.55,4.55,4.55,4.55,4.55,6.95,6.95,8.02,8.02,5.35,5.35,5.35,5.35,5.35,5.35,7.49,8.56,8.56,7.49,4.81,4.81,4.81,4.81
N_20_29,N_22_31,9.279405833067788,5.15,5.15,5.15,5.15,5.15,5.15,6.4,6.4,6.96,6.96,5.57,5.57,5.57,5.57,5.57,5.57,6.68,7.24,7.24,6.68,5.29,5.29,5.29,5.29
N_20_29,N_20_32,5.163368610647837,5.27,5.27,5.27,5.27,5.27,5.27,8.05,8.05,9.29,9.29,6.2,6.2,6.2,6.2,6.2,6.2,8.67,9.91,9.91,8.67,5.58,5.58,5.58,5.58
N_20_29,N_19_27,3.428560526445662,3.5,3.5,3.5,3.5,3.5,3.5,5.35,5.35,6.17,6.17,4.11,4.11,4.11,4.11,4.11,4.11,5.76,6.58,6.58,5.76,3.7,3.7,3.7,3.7
N_20_29,N_21_28,5.922479481326232,6.04,6.04,6.04,6.04,6.04,6.04,9.24,9.24,10.66,10.66,7.11,7.11,7.11,7.11,7.11,7.11,9.95,11.37,11.37,9.95,6.4,6.4,6.4,6.4
N_20_3,N_19_5,3.496548505228768,3.57,3.57,3.57,3.57,3.57,3.57,5.45,5.45,6.29,6.29,4.2,4.2,4.2,4.2,4.2,4.2,5.87,6.71,6.71,5.87,3.78,3.78,3.78,3.78
N_20_3,N_22_4,1.1302540871139262,1.85,1.85,1.85,1.85,1.85,1.85,3.07,3.07,3.62,3.62,2.26,2.26,2.26,2.26,2.26,2.26,3.35,3.89,3.89,3.35,1.99,1.99,1.99,1.99
N_20_3,N_21_3,14.58347741203088,8.09,8.09,8.09,8.09,8.09,8.09,10.06,10.06,10.94,10.94,8.75,8.75,8.75,8.75,8.75,8.75,10.5,11.38,11.38,10.5,8.31,8.31,8.31,8.31
N_20_3,N_21_4,2.2859376234217432,3.75,3.75,3.75,3.75,3.75,3.75,6.22,6.22,7.32,7.32,4.57,4.57,4.57,4.57,4.57,4.57,6.77,7.86,7.86,6.77,4.02,4.02,4.02,4.02
N_20_3,N_20_6,14.307818421693362,7.94,7.94,7.94,7.94,7.94,7.94,9.87,9.87,10.73,10.73,8.58,8.58,8.58,8.58,8.58,8.58,10.3,11.16,11.16,10.3,8.16,8.16,8.16,8.16
N_20_30,N_22_29,13.843274723337508,7.68,7.68,7.68,7.68,7.68,7.68,9.55,9.55,10.38,10.38,8.31,8.31,8.31,8.31,8.31,8.31,9.97,10.8,10.8,9.97,7.89,7.89,7.89,7.89
N_20_30,N_22_30,3.7650513304628372,3.84,3.84,3.84,3.84,3.84,3.84,5.87,5.87,6.78,6.78,4.52,4.52,4.52,4.52,4.52,4.52,6.33,7.23,7.23,6.33,4.07,4.07,4.07,4.07
N_20_30,N_20_29,3.198069928012798,3.26,3.26,3.26,3.26,3.26,3.26,4.99,4.99,5.76,5.76,3.84,3.84,3.84,3.84,3.84,3.84,5.37,6.14,6.14,5.37,3.45,3.45,3.45,3.45
N_20_30,N_19_30,5.696285616342946,5.81,5.81,5.81,5.81,5.81,5.81,8.89,8.89,10.25,10.25,6.84,6.84,6.84,6.84,6.84,6.84,9.57,10.94,10.94,9.57,6.15,6.15,6.15,6.15
N_20_31,N_19_30,1.7950954343607946,2.94,2.94,2.94,2.94,2.94,2.94,4.88,4.88,5.74,5.74,3.59,3.59,3.59,3.59,3.59,3.59,5.31,6.18,6.18,5.31,3.16,3.16,3.16,3.16
N_20_31,N_19_33,3.2566636919888468,3.32,3.32,3.32,3.32,3.32,3.32,5.08,5.08,5.86,5.86,3.91,3.91,3.91,3.91,3.91,3.91,5.47,6.25,6.25,5.47,3.52,3.52,3.52,3.52
N_20_31,N_21_32,5.50744398276302,5.62,5.62,5.62,5.62,5.62,5.62,8.59,8.59,9.91,9.91,6.61,6.61,6.61,6.61,6.61,6.61,9.25,10.57,10.57,9.25,5.95,5.95,5.95,5.95
N_20_31,N_18_33,2.480971301405746,4.07,4.07,4.07,4.07,4.07,4.07,6.75,6.75,7.94,7.94,4.96,4.96,4.96,4.96,4.96,4.96,7.34,8.53,8.53,7.34,4.37,4.37,4.37,4.37
N_20_31,N_17_31,6.567627554364872,6.7,6.7,6.7,6.7,6.7,6.7,10.25,10.25,11.82,11.82,7.88,7.88,7.88,7.88,7.88,7.88,11.03,12.61,12.61,11.03,7.09,7.09,7.09,7.09
N_20_31,N_20_32,6.03986077755817,6.16,6.16,6.16,6.16,6.16,6.16,9.42,9.42,10.87,10.87,7.25,7.25,7.25,7.25,7.25,7.25,10.15,11.6,11.6,10.15,6.52,6.52,6.52,6.52
N_20_32,N_19_32,6.146092891655595,6.27,6.27,6.27,6.27,6.27,6.27,9.59,9.59,11.06,11.06,7.38,7.38,7.38,7.38,7.38,7.38,10.33,11.8,11.8,10.33,6.64,6.64,6.64,6.64
N_20_32,N_20_29,5.163368610647837,5.27,5.27,5.27,5.27,5.27,5.27,8.05,8.05,9.29,9.29,6.2,6.2,6.2,6.2,6.2,6.2,8.67,9.91,9.91,8.67,5.58,5.58,5.58,5.58
N_20_32,N_20_31,6.03986077755817,6.16,6.16,6.16,6.16,6.16,6.16,9.42,9.42,10.87,10.87,7.25,7.25,7.25,7.25,7.25,7.25,10.15,11.6,11.6,10.15,6.52,6.52,6.52,6.52
N_20_32,N_22_32,12.868162932009028,7.14,7.14,7.14,7.14,7.14,7.14,8.88,8.88,9.65,9.65,7.72,7.72,7.72,7.72,7.72,7.72,9.27,10.04,10.04,9.27,7.33,7.33,7.33,7.33
N_20_32,N_18_34,4.068223526906615,4.15,4.15,4.15,4.15,4.15,4.15,6.35,6.35,7.32,7.32,4.88,4.88,4.88,4.88,4.88,4.88,6.83,7.81,7.81,6.83,4.39,4.39,4.39,4.39
N_20_33,N_22_31,10.656380595205167,5.91,5.91,5.91,5.91,5.91,5.91,7.35,7.35,7.99,7.99,6.39,6.39,6.39,6.39,6.39,6.39,7.67,8.31,8.31,7.67,6.07,6.07,6.07,6.07
N_20_33,N_21_32,0.8672897858302155,1.42,1.42,1.42,1.42,1.42,1.42,2.36,2.36,2.78,2.78,1.73,1.73,1.73,1.73,1.73,1.73,2.57,2.98,2.98,2.57,1.53,1.53,1.53,1.53
N_20_33,N_18_35,3.73508100456336,3.81,3.81,3.81,3.81,3.81,3.81,5.83,5.83,6.72,6.72,4.48,4.48,4.48,4.48,4.48,4.48,6.27,7.17,7.17,6.27,4.03,4.03,4.03,4.03
N_20_33,N_20_36,14.629174672132546,8.12,8.12,8.12,8.12,8.12,8.12,10.09,10.09,10.97,10.97,8.78,8.78,8.78,8.78,8.78,8.78,10.53,11.41,11.41,10.53,8.34,8.34,8.34,8.34
N_20_33,N_22_32,13.524937775353019,7.51,7.51,7.51,7.51,7.51,7.51,9.33,9.33,10.14,10.14,8.11,8.11,8.11,8.11,8.11,8.11,9.74,10.55,10.55,9.74,7.71,7.71,7.71,7.71
N_20_34,N_18_33,2.210757806129693,3.63,3.63,3.63,3.63,3.63,3.63,6.01,6.01,7.07,7.07,4.42,4.42,4.42,4.42,4.42,4.42,6.54,7.61,7.61,6.54,3.89,3.89,3.89,3.89
N_20_34,N_19_35,6.972504104762238,7.11,7.11,7.11,7.11,7.11,7.11,10.88,10.88,12.55,12.55,8.37,8.37,8.37,8.37,8.37,8.37,11.71,13.39,13.39,11.71,7.53,7.53,7.53,7.53
N_20_34,N_23_34,6.178313229563268,6.3,6.3,6.3,6.3,6.3,6.3,9.64,9.64,11.12,11.12,7.41,7.41,7.41,7.41,7.41,7.41,10.38,11.86,11.86,10.38,6.67,6.67,6.67,6.67
N_20_34,N_21_34,14.274692995461582,7.92,7.92,7.92,7.92,7.92,7.92,9.85,9.85,10.71,10.71,8.56,8.56,8.56,8.56,8.56,8.56,10.28,11.13,11.13,10.28,8.14,8.14,8.14,8.14
N_20_34,N_20_35,2.3241895356258535,3.81,3.81,3.81,3.81,3.81,3.81,6.32,6.32,7.44,7.44,4.65,4.65,4.65,4.65,4.65,4.65,6.88,8.0,8.0,6.88,4.09,4.09,4.09,4.09
N_20_34,N_19_34,1.6251456224394372,2.67,2.67,2.67,2.67,2.67,2.67,4.42,4.42,5.2,5.2,3.25,3.25,3.25,3.25,3.25,3.25,4.81,5.59,5.59,4.81,2.86,2.86,2.86,2.86
N_20_35,N_18_36,4.136752409631093,4.22,4.22,4.22,4.22,4.22,4.22,6.45,6.45,7.45,7.45,4.96,4.96,4.96,4.96,4.96,4.96,6.95,7.94,7.94,6.95,4.47,4.47,4.47,4.47
N_20_35,N_20_34,2.3241895356258535,3.81,3.81,3.81,3.81,3.81,3.81,6.32,6.32,7.44,7.44,4.65,4.65,4.65,4.65,4.65,4.65,6.88,8.0,8.0,6.88,4.09,4.09,4.09,4.09
N_20_35,N_21_37,4.853469189701323,4.95,4.95,4.95,4.95,4.95,4.95,7.57,7.57,8.74,8.74,5.82,5.82,5.82,5.82,5.82,5.82,8.15,9.32,9.32,8.15,5.24,5.24,5.24,5.24
N_20_35,N_19_33,3.004389491895762,3.06,3.06,3.06,3.06,3.06,3.06,4.69,4.69,5.41,5.41,3.61,3.61,3.61,3.61,3.61,3.61,5.05,5.77,5.77,5.05,3.24,3.24,3.24,3.24
N_20_35,N_20_37,10.409765749372363,5.78,5.78,5.78,5.78,5.78,5.78,7.18,7.18,7.81,7.81,6.25,6.25,6.25,6.25,6.25,6.25,7.5,8.12,8.12,7.5,5.93,5.93,5.93,5.93
N_20_35,N_22_34,5.202923059645867,5.31,5.31,5.31,5.31,5.31,5.31,8.12,8.12,9.37,9.37,6.24,6.24,6.24,6.24,6.24,6.24,8.74,9.99,9.99,8.74,5.62,5.62,5.62,5.62
N_20_35,N_19_36,6.829740857131734,6.97,6.97,6.97,6.97,6.97,6.97,10.65,10.65,12.29,12.29,8.2,8.2,8.2,8.2,8.2,8.2,11.47,13.11,13.11,11.47,7.38,7.38,7.38,7.38
N_20_36,N_18_38,1.1845774698567393,1.94,1.94,1.94,1.94,1.94,1.94,3.22,3.22,3.79,3.79,2.37,2.37,2.37,2.37,2.37,2.37,3.51,4.07,4.07,3.51,2.08,2.08,2.08,2.08
N_20_36,N_20_33,4.855000009842735,4.95,4.95,4.95,4.95,4.95,4.95,7.57,7.57,8.74,8.74,5.83,5.83,5.83,5.83,5.83,5.83,8.16,9.32,9.32,8.16,5.24,5.24,5.24,5.24
N_20_36,N_22_37,12.835123342717996,7.12,7.12,7.12,7.12,7.12,7.12,8.86,8.86,9.63,9.63,7.7,7.7,7.7,7.7,7.7,7.7,9.24,10.01,10.01,9.24,7.32,7.32,7.32,7.32
N_20_36,N_22_38,5.835318894694565,5.95,5.95,5.95,5.95,5.95,5.95,9.1,9.1,10.5,10.5,7.0,7.0,7.0,7.0,7.0,7.0,9.8,11.2,11.2,9.8,6.3,6.3,6.3,6.3
N_20_36,N_19_37,6.0623515191166355,6.18,6.18,6.18,6.18,6.18,6.18,9.46,9.46,10.91,10.91,7.27,7.27,7.27,7.27,7.27,7.27,10.18,11.64,11.64,10.18,6.55,6.55,6.55,6.55
N_20_36,N_20_37,0.6343374780936373,1.04,1.04,1.04,1.04,1.04,1.04,1.73,1.73,2.03,2.03,1.27,1.27,1.27,1.27,1.27,1.27,1.88,2.18,2.18,1.88,1.12,1.12,1.12,1.12
N_20_37,N_20_35,10.409765749372363,5.78,5.78,5.78,5.78,5.78,5.78,7.18,7.18,7.81,7.81,6.25,6.25,6.25,6.25,6.25,6.25,7.5,8.12,8.12,7.5,5.93,5.93,5.93,5.93
N_20_37,N_22_38,6.35473063526697,6.48,6.48,6.48,6.48,6.48,6.48,9.91,9.91,11.44,11.44,7.63,7.63,7.63,7.63,7.63,7.63,10.68,12.2,12.2,10.68,6.86,6.86,6.86,6.86
N_20_37,N_19_36,3.621948243950593,3.69,3.69,3.69,3.69,3.69,3.69,5.65,5.65,6.52,6.52,4.35,4.35,4.35,4.35,4.35,4.35,6.08,6.95,6.95,6.08,3.91,3.91,3.91,3.91
N_20_37,N_21_35,11.410922839580632,6.33,6.33,6.33,6.33,6.33,6.33,7.87,7.87,8.56,8.56,6.85,6.85,6.85,6.85,6.85,6.85,8.22,8.9,8.9,8.22,6.5,6.5,6.5,6.5
N_20_37,N_22_36,8.921753663360203,4.95,4.95,4.95,4.95,4.95,4.95,6.16,6.16,6.69,6.69,5.35,5.35,5.35,5.35,5.35,5.35,6.42,6.96,6.96,6.42,5.09,5.09,5.09,5.09
N_20_38,N_18_39,9.78448011307128,5.43,5.43,5.43,5.43,5.43,5.43,6.75,6.75,7.34,7.34,5.87,5.87,5.87,5.87,5.87,5.87,7.04,7.63,7.63,7.04,5.58,5.58,5.58,5.58
N_20_38,N_19_39,0.5857068721887926,0.96,0.96,0.96,0.96,0.96,0.96,1.59,1.59,1.87,1.87,1.17,1.17,1.17,1.17,1.17,1.17,1.73,2.01,2.01,1.73,1.03,1.03,1.03,1.03
N_20_38,N_22_39,4.992108087515094,5.09,5.09,5.09,5.09,5.09,5.09,7.79,7.79,8.99,8.99,5.99,5.99,5.99,5.99,5.99,5.99,8.39,9.58,9.58,8.39,5.39,5.39,5.39,5.39
N_20_38,N_21_38,14.130673637409865,7.84,7.84,7.84,7.84,7.84,7.84,9.75,9.75,10.6,10.6,8.48,8.48,8.48,8.48,8.48,8.48,10.17,11.02,11.02,10.17,8.05,8.05,8.05,8.05
N_20_38,N_20_39,3.165715333775018,3.23,3.23,3.23,3.23,3.23,3.23,4.94,4.94,5.7,5.7,3.8,3.8,3.8,3.8,3.8,3.8,5.32,6.08,6.08,5.32,3.42,3.42,3.42,3.42
N_20_38,N_19_36,8.654759354334331,4.8,4.8,4.8,4.8,4.8,4.8,5.97,5.97,6.49,6.49,5.19,5.19,5.19,5.19,5.19,5.19,6.23,6.75,6.75,6.23,4.93,4.93,4.93,4.93
N_20_38,N_18_37,9.774259587907121,5.42,5.42,5.42,5.42,5.42,5.42,6.74,6.74,7.33,7.33,5.86,5.86,5.86,5.86,5.86,5.86,7.04,7.62,7.62,7.04,5.57,5.57,5.57,5.57
N_20_39,N_19_39,13.54422529311808,7.52,7.52,7.52,7.52,7.52,7.52,9.35,9.35,10.16,10.16,8.13,8.13,8.13,8.13,8.13,8.13,9.75,10.56,10.56,9.75,7.72,7.72,7.72,7.72
N_20_39,N_20_38,5.6070451188653445,5.72,5.72,5.72,5.72,5.72,5.72,8.75,8.75,10.09,10.09,6.73,6.73,6.73,6.73,6.73,6.73,9.42,10.77,10.77,9.42,6.06,6.06,6.06,6.06
N_20_39,N_22_38,12.778453612210026,7.09,7.09,7.09,7.09,7.09,7.09,8.82,8.82,9.58,9.58,7.67,7.67,7.67,7.67,7.67,7.67,9.2,9.97,9.97,9.2,7.28,7.28,7.28,7.28
N_20_39,N_20_36,0.6480550686966844,1.06,1.06,1.06,1.06,1.06,1.06,1.76,1.76,2.07,2.07,1.3,1.3,1.3,1.3,1.3,1.3,1.92,2.23,2.23,1.92,1.14,1.14,1.14,1.14
N_20_39,N_18_37,0.5817532667607157,0.95,0.95,0.95,0.95,0.95,0.95,1.58,1.58,1.86,1.86,1.16,1.16,1.16,1.16,1.16,1.16,1.72,2.0,2.0,1.72,1.02,1.02,1.02,1.02
N_20_39,N_19_37,6.823146597471414,6.96,6.96,6.96,6.96,6.96,6.96,10.64,10.64,12.28,12.28,8.19,8.19,8.19,8.19,8.19,8.19,11.46,13.1,13.1,11.46,7.37,7.37,7.37,7.37
N_20_4,N_18_3,3.438698282444696,3.51,3.51,3.51,3.51,3.51,3.51,5.36,5.36,6.19,6.19,4.13,4.13,4.13,4.13,4.13,4.13,5.78,6.6,6.6,5.78,3.71,3.71,3.71,3.71
N_20_4,N_18_5,2.168559839832646,3.56,3.56,3.56,3.56,3.56,3.56,5.9,5.9,6.94,6.94,4.34,4.34,4.34,4.34,4.34,4.34,6.42,7.46,7.46,6.42,3.82,3.82,3.82,3.82
N_20_4,N_18_6,8.112290788508899,4.5,4.5,4.5,4.5,4.5,4.5,5.6,5.6,6.08,6.08,4.87,4.87,4.87,4.87,4.87,4.87,5.84,6.33,6.33,5.84,4.62,4.62,4.62,4.62
N_20_5,N_20_8,3.754258057990066,3.83,3.83,3.83,3.83,3.83,3.83,5.86,5.86,6.76,6.76,4.51,4.51,4.51,4.51,4.51,4.51,6.31,7.21,7.21,6.31,4.05,4.05,4.05,4.05
N_20_5,N_18_6,3.0341445595711725,3.09,3.09,3.09,3.09,3.09,3.09,4.73,4.73,5.46,5.46,3.64,3.64,3.64,3.64,3.64,3.64,5.1,5.83,5.83,5.1,3.28,3.28,3.28,3.28
N_20_5,N_18_4,4.814461356096647,4.91,4.91,4.91,4.91,4.91,4.91,7.51,7.51,8.67,8.67,5.78,5.78,5.78,5.78,5.78,5.78,8.09,9.24,9.24,8.09,5.2,5.2,5.2,5.2
N_20_5,N_19_3,8.942827426171892,4.96,4.96,4.96,4.96,4.96,4.96,6.17,6.17,6.71,6.71,5.37,5.37,5.37,5.37,5.37,5.37,6.44,6.98,6.98,6.44,5.1,5.1,5.1,5.1
N_20_5,N_20_4,10.06862398818584,5.59,5.59,5.59,5.59,5.59,5.59,6.95,6.95,7.55,7.55,6.04,6.04,6.04,6.04,6.04,6.04,7.25,7.85,7.85,7.25,5.74,5.74,5.74,5.74
N_20_5,N_20_2,10.876549621360393,6.04,6.04,6.04,6.04,6.04,6.04,7.5,7.5,8.16,8.16,6.53,6.53,6.53,6.53,6.53,6.53,7.83,8.48,8.48,7.83,6.2,6.2,6.2,6.2
N_20_5,N_21_6,1.1870453348880758,1.95,1.95,1.95,1.95,1.95,1.95,3.23,3.23,3.8,3.8,2.37,2.37,2.37,2.37,2.37,2.37,3.51,4.08,4.08,3.51,2.09,2.09,2.09,2.09
N_20_5,N_22_3,4.066220214173381,4.15,4.15,4.15,4.15,4.15,4.15,6.34,6.34,7.32,7.32,4.88,4.88,4.88,4.88,4.88,4.88,6.83,7.81,7.81,6.83,4.39,4.39,4.39,4.39
N_20_6,N_18_5,3.227400284820964,3.29,3.29,3.29,3.29,3.29,3.29,5.03,5.03,5.81,5.81,3.87,3.87,3.87,3.87,3.87,3.87,5.42,6.2,6.2,5.42,3.49,3.49,3.49,3.49
N_20_6,N_18_8,6.849622696319935,6.99,6.99,6.99,6.99,6.99,6.99,10.69,10.69,12.33,12.33,8.22,8.22,8.22,8.22,8.22,8.22,11.51,13.15,13.15,11.51,7.4,7.4,7.4,7.4
N_20_6,N_21_4,6.831983750660985,6.97,6.97,6.97,6.97,6.97,6.97,10.66,10.66,12.3,12.3,8.2,8.2,8.2,8.2,8.2,8.2,11.48,13.12,13.12,11.48,7.38,7.38,7.38,7.38
N_20_6,N_20_9,4.458682016480825,4.55,4.55,4.55,4.55,4.55,4.55,6.96,6.96,8.03,8.03,5.35,5.35,5.35,5.35,5.35,5.35,7.49,8.56,8.56,7.49,4.82,4.82,4.82,4.82
N_20_6,N_18_4,14.644646364570768,8.13,8.13,8.13,8.13,8.13,8.13,10.1,10.1,10.98,10.98,8.79,8.79,8.79,8.79,8.79,8.79,10.54,11.42,11.42,10.54,8.35,8.35,8.35,8.35
N_20_7,N_17_7,1.2361561915279264,2.03,2.03,2.03,2.03,2.03,2.03,3.36,3.36,3.96,3.96,2.47,2.47,2.47,2.47,2.47,2.47,3.66,4.25,4.25,3.66,2.18,2.18,2.18,2.18
N_20_7,N_20_6,1.220985218391632,2.0,2.0,2.0,2.0,2.0,2.0,3.32,3.32,3.91,3.91,2.44,2.44,2.44,2.44,2.44,2.44,3.61,4.2,4.2,3.61,2.15,2.15,2.15,2.15
N_20_7,N_20_10,4.888752549622303,4.99,4.99,4.99,4.99,4.99,4.99,7.63,7.63,8.8,8.8,5.87,5.87,5.87,5.87,5.87,5.87,8.21,9.39,9.39,8.21,5.28,5.28,5.28,5.28
N_20_7,N_22_5,6.724773220066233,6.86,6.86,6.86,6.86,6.86,6.86,10.49,10.49,12.1,12.1,8.07,8.07,8.07,8.07,8.07,8.07,11.3,12.91,12.91,11.3,7.26,7.26,7.26,7.26
N_20_7,N_21_8,6.849100524392524,6.99,6.99,6.99,6.99,6.99,6.99,10.68,10.68,12.33,12.33,8.22,8.22,8.22,8.22,8.22,8.22,11.51,13.15,13.15,11.51,7.4,7.4,7.4,7.4
N_20_7,N_20_8,9.962500385085583,5.53,5.53,5.53,5.53,5.53,5.53,6.87,6.87,7.47,7.47,5.98,5.98,5.98,5.98,5.98,5.98,7.17,7.77,7.77,7.17,5.68,5.68,5.68,5.68
N_20_7,N_22_9,4.479756355945051,4.57,4.57,4.57,4.57,4.57,4.57,6.99,6.99,8.06,8.06,5.38,5.38,5.38,5.38,5.38,5.38,7.53,8.6,8.6,7.53,4.84,4.84,4.84,4.84
N_20_8,N_20_5,3.754258057990066,3.83,3.83,3.83,3.83,3.83,3.83,5.86,5.86,6.76,6.76,4.51,4.51,4.51,4.51,4.51,4.51,6.31,7.21,7.21,6.31,4.05,4.05,4.05,4.05
N_20_8,N_20_7,9.962500385085583,5.53,5.53,5.53,5.53,5.53,5.53,6.87,6.87,7.47,7.47,5.98,5.98,5.98,5.98,5.98,5.98,7.17,7.77,7.77,7.17,5.68,5.68,5.68,5.68
N_20_8,N_19_8,5.354005276778315,5.46,5.46,5.46,5.46,5.46,5.46,8.35,8.35,9.64,9.64,6.42,6.42,6.42,6.42,6.42,6.42,8.99,10.28,10.28,8.99,5.78,5.78,5.78,5.78
N_20_9,N_19_10,1.1675717076300682,1.91,1.91,1.91,1.91,1.91,1.91,3.18,3.18,3.74,3.74,2.34,2.34,2.34,2.34,2.34,2.34,3.46,4.02,4.02,3.46,2.05,2.05,2.05,2.05
N_20_9,N_20_12,5.4146018507552185,5.52,5.52,5.52,5.52,5.52,5.52,8.45,8.45,9.75,9.75,6.5,6.5,6.5,6.5,6.5,6.5,9.1,10.4,10.4,9.1,5.85,5.85,5.85,5.85
N_20_9,N_20_6,4.458682016480825,4.55,4.55,4.55,4.55,4.55,4.55,6.96,6.96,8.03,8.03,5.35,5.35,5.35,5.35,5.35,5.35,7.49,8.56,8.56,7.49,4.82,4.82,4.82,4.82
N_20_9,N_19_8,14.727353880943525,8.17,8.17,8.17,8.17,8.17,8.17,10.16,10.16,11.05,11.05,8.84,8.84,8.84,8.84,8.84,8.84,10.6,11.49,11.49,10.6,8.39,8.39,8.39,8.39
N_20_9,N_18_10,11.73910534768787,6.52,6.52,6.52,6.52,6.52,6.52,8.1,8.1,8.8,8.8,7.04,7.04,7.04,7.04,7.04,7.04,8.45,9.16,9.16,8.45,6.69,6.69,6.69,6.69
N_20_9,N_21_9,14.581026768057136,8.09,8.09,8.09,8.09,8.09,8.09,10.06,10.06,10.94,10.94,8.75,8.75,8.75,8.75,8.75,8.75,10.5,11.37,11.37,10.5,8.31,8.31,8.31,8.31
N_20_9,N_20_11,0.7841774960148511,1.29,1.29,1.29,1.29,1.29,1.29,2.13,2.13,2.51,2.51,1.57,1.57,1.57,1.57,1.57,1.57,2.32,2.7,2.7,2.32,1.38,1.38,1.38,1.38
N_21_0,N_18_0,4.354483088958359,4.44,4.44,4.44,4.44,4.44,4.44,6.79,6.79,7.84,7.84,5.23,5.23,5.23,5.23,5.23,5.23,7.32,8.36,8.36,7.32,4.7,4.7,4.7,4.7
N_21_0,N_23_1,1.8009736968620644,2.95,2.95,2.95,2.95,2.95,2.95,4.9,4.9,5.76,5.76,3.6,3.6,3.6,3.6,3.6,3.6,5.33,6.2,6.2,5.33,3.17,3.17,3.17,3.17
N_21_0,N_21_1,3.6544025799540765,3.73,3.73,3.73,3.73,3.73,3.73,5.7,5.7,6.58,6.58,4.39,4.39,4.39,4.39,4.39,4.39,6.14,7.02,7.02,6.14,3.95,3.95,3.95,3.95
N_21_1,N_19_1,6.452503659058877,6.58,6.58,6.58,6.58,6.58,6.58,10.07,10.07,11.61,11.61,7.74,7.74,7.74,7.74,7.74,7.74,10.84,12.39,12.39,10.84,6.97,6.97,6.97,6.97
N_21_1,N_20_0,0.5057031194314174,0.83,0.83,0.83,0.83,0.83,0.83,1.38,1.38,1.62,1.62,1.01,1.01,1.01,1.01,1.01,1.01,1.5,1.74,1.74,1.5,0.89,0.89,0.89,0.89
N_21_1,N_21_0,3.6544025799540765,3.73,3.73,3.73,3.73,3.73,3.73,5.7,5.7,6.58,6.58,4.39,4.39,4.39,4.39,4.39,4.39,6.14,7.02,7.02,6.14,3.95,3.95,3.95,3.95
N_21_1,N_24_1,9.95060142410686,5.52,5.52,5.52,5.52,5.52,5.52,6.87,6.87,7.46,7.46,5.97,5.97,5.97,5.97,5.97,5.97,7.16,7.76,7.76,7.16,5.67,5.67,5.67,5.67
N_21_10,N_19_11,1.1602834776039617,1.9,1.9,1.9,1.9,1.9,1.9,3.16,3.16,3.71,3.71,2.32,2.32,2.32,2.32,2.32,2.32,3.43,3.99,3.99,3.43,2.04,2.04,2.04,2.04
N_21_10,N_21_7,11.24180289088172,6.24,6.24,6.24,6.24,6.24,6.24,7.76,7.76,8.43,8.43,6.75,6.75,6.75,6.75,6.75,6.75,8.09,8.77,8.77,8.09,6.41,6.41,6.41,6.41
N_21_10,N_21_11,10.977958367655338,6.09,6.09,6.09,6.09,6.09,6.09,7.57,7.57,8.23,8.23,6.59,6.59,6.59,6.59,6.59,6.59,7.9,8.56,8.56,7.9,6.26,6.26,6.26,6.26
N_21_10,N_18_10,12.015649876341953,6.67,6.67,6.67,6.67,6.67,6.67,8.29,8.29,9.01,9.01,7.21,7.21,7.21,7.21,7.21,7.21,8.65,9.37,9.37,8.65,6.85,6.85,6.85,6.85
N_21_11,N_19_13,4.380342574896078,4.47,4.47,4.47,4.47,4.47,4.47,6.83,6.83,7.88,7.88,5.26,5.26,5.26,5.26,5.26,5.26,7.36,8.41,8.41,7.36,4.73,4.73,4.73,4.73
N_21_11,N_21_10,10.977958367655338,6.09,6.09,6.09,6.09,6.09,6.09,7.57,7.57,8.23,8.23,6.59,6.59,6.59,6.59,6.59,6.59,7.9,8.56,8.56,7.9,6.26,6.26,6.26,6.26
N_21_11,N_18_11,4.375877592796698,4.46,4.46,4.46,4.46,4.46,4.46,6.83,6.83,7.88,7.88,5.25,5.25,5.25,5.25,5.25,5.25,7.35,8.4,8.4,7.35,4.73,4.73,4.73,4.73
N_21_12,N_19_10,1.172222571956992,1.92,1.92,1.92,1.92,1.92,1.92,3.19,3.19,3.75,3.75,2.34,2.34,2.34,2.34,2.34,2.34,3.47,4.03,4.03,3.47,2.06,2.06,2.06,2.06
N_21_12,N_23_13,1.4390848636194469,2.36,2.36,2.36,2.36,2.36,2.36,3.91,3.91,4.61,4.61,2.88,2.88,2.88,2.88,2.88,2.88,4.26,4.95,4.95,4.26,2.53,2.53,2.53,2.53
N_21_12,N_23_12,14.83286220739635,8.23,8.23,8.23,8.23,8.23,8.23,10.23,10.23,11.12,11.12,8.9,8.9,8.9,8.9,8.9,8.9,10.68,11.57,11.57,10.68,8.45,8.45,8.45,8.45
N_21_12,N_19_14,12.249940056240852,6.8,6.8,6.8,6.8,6.8,6.8,8.45,8.45,9.19,9.19,7.35,7.35,7.35,7.35,7.35,7.35,8.82,9.55,9.55,8.82,6.98,6.98,6.98,6.98
N_21_12,N_21_15,11.539664720360044,6.4,6.4,6.4,6.4,6.4,6.4,7.96,7.96,8.65,8.65,6.92,6.92,6.92,6.92,6.92,6.92,8.31,9.0,9.0,8.31,6.58,6.58,6.58,6.58
N_21_12,N_22_11,1.2622659659173248,2.07,2.07,2.07,2.07,2.07,2.07,3.43,3.43,4.04,4.04,2.52,2.52,2.52,2.52,2.52,2.52,3.74,4.34,4.34,3.74,2.22,2.22,2.22,2.22
N_21_12,N_22_13,3.623883676422409,3.7,3.7,3.7,3.7,3.7,3.7,5.65,5.65,6.52,6.52,4.35,4.35,4.35,4.35,4.35,4.35,6.09,6.96,6.96,6.09,3.91,3.91,3.91,3.91
N_21_13,N_20_13,14.1223316457415,7.84,7.84,7.84,7.84,7.84,7.84,9.74,9.74,10.59,10.59,8.47,8.47,8.47,8.47,8.47,8.47,10.17,11.02,11.02,10.17,8.05,8.05,8.05,8.05
N_21_13,N_20_15,10.05428880092095,5.58,5.58,5.58,5.58,5.58,5.58,6.94,6.94,7.54,7.54,6.03,6.03,6.03,6.03,6.03,6.03,7.24,7.84,7.84,7.24,5.73,5.73,5.73,5.73
N_21_13,N_19_11,2.4649432324285248,4.04,4.04,4.04,4.04,4.04,4.04,6.7,6.7,7.89,7.89,4.93,4.93,4.93,4.93,4.93,4.93,7.3,8.48,8.48,7.3,4.34,4.34,4.34,4.34
N_21_13,N_21_16,12.984496150601714,7.21,7.21,7.21,7.21,7.21,7.21,8.96,8.96,9.74,9.74,7.79,7.79,7.79,7.79,7.79,7.79,9.35,10.13,10.13,9.35,7.4,7.4,7.4,7.4
N_21_13,N_22_15,12.251997366877337,6.8,6.8,6.8,6.8,6.8,6.8,8.45,8.45,9.19,9.19,7.35,7.35,7.35,7.35,7.35,7.35,8.82,9.56,9.56,8.82,6.98,6.98,6.98,6.98
N_21_13,N_22_14,11.921491674577643,6.62,6.62,6.62,6.62,6.62,6.62,8.23,8.23,8.94,8.94,7.15,7.15,7.15,7.15,7.15,7.15,8.58,9.3,9.3,8.58,6.8,6.8,6.8,6.8
N_21_13,N_21_10,3.6171319996522335,3.69,3.69,3.69,3.69,3.69,3.69,5.64,5.64,6.51,6.51,4.34,4.34,4.34,4.34,4.34,4.34,6.08,6.94,6.94,6.08,3.91,3.91,3.91,3.91
N_21_13,N_19_15,1.762670559588557,2.89,2.89,2.89,2.89,2.89,2.89,4.79,4.79,5.64,5.64,3.53,3.53,3.53,3.53,3.53,3.53,5.22,6.06,6.06,5.22,3.1,3.1,3.1,3.1
N_21_14,N_19_15,4.201130029306208,4.29,4.29,4.29,4.29,4.29,4.29,6.55,6.55,7.56,7.56,5.04,5.04,5.04,5.04,5.04,5.04,7.06,8.07,8.07,7.06,4.54,4.54,4.54,4.54
N_21_14,N_23_16,13.793712076948609,7.66,7.66,7.66,7.66,7.66,7.66,9.52,9.52,10.35,10.35,8.28,8.28,8.28,8.28,8.28,8.28,9.93,10.76,10.76,9.93,7.86,7.86,7.86,7.86
N_21_14,N_23_14,3.9164607184163285,3.99,3.99,3.99,3.99,3.99,3.99,6.11,6.11,7.05,7.05,4.7,4.7,4.7,4.7,4.7,4.7,6.58,7.52,7.52,6.58,4.23,4.23,4.23,4.23
N_21_14,N_19_13,3.4880986408353194,3.56,3.56,3.56,3.56,3.56,3.56,5.44,5.44,6.28,6.28,4.19,4.19,4.19,4.19,4.19,4.19,5.86,6.7,6.7,5.86,3.77,3.77,3.77,3.77
N_21_15,N_21_12,11.539664720360044,6.4,6.4,6.4,6.4,6.4,6.4,7.96,7.96,8.65,8.65,6.92,6.92,6.92,6.92,6.92,6.92,8.31,9.0,9.0,8.31,6.58,6.58,6.58,6.58
N_21_15,N_20_14,5.274707885763689,5.38,5.38,5.38,5.38,5.38,5.38,8.23,8.23,9.49,9.49,6.33,6.33,6.33,6.33,6.33,6.33,8.86,10.13,10.13,8.86,5.7,5.7,5.7,5.7
N_21_15,N_20_15,1.8193764696611878,2.98,2.98,2.98,2.98,2.98,2.98,4.95,4.95,5.82,5.82,3.64,3.64,3.64,3.64,3.64,3.64,5.39,6.26,6.26,5.39,3.2,3.2,3.2,3.2
N_21_15,N_19_17,5.881519534220342,6.0,6.0,6.0,6.0,6.0,6.0,9.18,9.18,10.59,10.59,7.06,7.06,7.06,7.06,7.06,7.06,9.88,11.29,11.29,9.88,6.35,6.35,6.35,6.35
N_21_15,N_21_16,6.6732479832539084,6.81,6.81,6.81,6.81,6.81,6.81,10.41,10.41,12.01,12.01,8.01,8.01,8.01,8.01,8.01,8.01,11.21,12.81,12.81,11.21,7.21,7.21,7.21,7.21
N_21_15,N_22_16,3.0676279535763094,3.13,3.13,3.13,3.13,3.13,3.13,4.79,4.79,5.52,5.52,3.68,3.68,3.68,3.68,3.68,3.68,5.15,5.89,5.89,5.15,3.31,3.31,3.31,3.31
N_21_16,N_19_14,1.5021537870423975,2.46,2.46,2.46,2.46,2.46,2.46,4.09,4.09,4.81,4.81,3.0,3.0,3.0,3.0,3.0,3.0,4.45,5.17,5.17,4.45,2.64,2.64,2.64,2.64
N_21_16,N_20_18,5.198822513221776,5.3,5.3,5.3,5.3,5.3,5.3,8.11,8.11,9.36,9.36,6.24,6.24,6.24,6.24,6.24,6.24,8.73,9.98,9.98,8.73,5.61,5.61,5.61,5.61
N_21_16,N_21_13,12.984496150601714,7.21,7.21,7.21,7.21,7.21,7.21,8.96,8.96,9.74,9.74,7.79,7.79,7.79,7.79,7.79,7.79,9.35,10.13,10.13,9.35,7.4,7.4,7.4,7.4
N_21_17,N_22_17,13.585229145091734,7.54,7.54,7.54,7.54,7.54,7.54,9.37,9.37,10.19,10.19,8.15,8.15,8.15,8.15,8.15,8.15,9.78,10.6,10.6,9.78,7.74,7.74,7.74,7.74
N_21_17,N_20_16,11.064943764837386,6.14,6.14,6.14,6.14,6.14,6.14,7.63,7.63,8.3,8.3,6.64,6.64,6.64,6.64,6.64,6.64,7.97,8.63,8.63,7.97,6.31,6.31,6.31,6.31
N_21_17,N_23_19,4.841529040311093,4.94,4.94,4.94,4.94,4.94,4.94,7.55,7.55,8.71,8.71,5.81,5.81,5.81,5.81,5.81,5.81,8.13,9.3,9.3,8.13,5.23,5.23,5.23,5.23
N_21_17,N_19_19,5.121671543561374,5.22,5.22,5.22,5.22,5.22,5.22,7.99,7.99,9.22,9.22,6.15,6.15,6.15,6.15,6.15,6.15,8.6,9.83,9.83,8.6,5.53,5.53,5.53,5.53
N_21_18,N_20_16,1.9000093309259303,3.12,3.12,3.12,3.12,3.12,3.12,5.17,5.17,6.08,6.08,3.8,3.8,3.8,3.8,3.8,3.8,5.62,6.54,6.54,5.62,3.34,3.34,3.34,3.34
N_21_18,N_20_18,3.700118192070711,3.77,3.77,3.77,3.77,3.77,3.77,5.77,5.77,6.66,6.66,4.44,4.44,4.44,4.44,4.44,4.44,6.22,7.1,7.1,6.22,4.0,4.0,4.0,4.0
N_21_18,N_19_16,8.484771575509084,4.71,4.71,4.71,4.71,4.71,4.71,5.85,5.85,6.36,6.36,5.09,5.09,5.09,5.09,5.09,5.09,6.11,6.62,6.62,6.11,4.84,4.84,4.84,4.84
N_21_18,N_22_20,4.9451598169670765,5.04,5.04,5.04,5.04,5.04,5.04,7.71,7.71,8.9,8.9,5.93,5.93,5.93,5.93,5.93,5.93,8.31,9.49,9.49,8.31,5.34,5.34,5.34,5.34
N_21_18,N_19_19,1.6260807162535766,2.67,2.67,2.67,2.67,2.67,2.67,4.42,4.42,5.2,5.2,3.25,3.25,3.25,3.25,3.25,3.25,4.81,5.59,5.59,4.81,2.86,2.86,2.86,2.86
N_21_18,N_23_18,1.4598758817745396,2.39,2.39,2.39,2.39,2.39,2.39,3.97,3.97,4.67,4.67,2.92,2.92,2.92,2.92,2.92,2.92,4.32,5.02,5.02,4.32,2.57,2.57,2.57,2.57
N_21_19,N_18_19,3.627913671548517,3.7,3.7,3.7,3.7,3.7,3.7,5.66,5.66,6.53,6.53,4.35,4.35,4.35,4.35,4.35,4.35,6.09,6.97,6.97,6.09,3.92,3.92,3.92,3.92
N_21_19,N_19_17,13.646213288047171,7.57,7.57,7.57,7.57,7.57,7.57,9.42,9.42,10.23,10.23,8.19,8.19,8.19,8.19,8.19,8.19,9.83,10.64,10.64,9.83,7.78,7.78,7.78,7.78
N_21_19,N_19_18,4.831412744142877,4.93,4.93,4.93,4.93,4.93,4.93,7.54,7.54,8.7,8.7,5.8,5.8,5.8,5.8,5.8,5.8,8.12,9.28,9.28,8.12,5.22,5.22,5.22,5.22
N_21_19,N_19_19,6.856312006664369,6.99,6.99,6.99,6.99,6.99,6.99,10.7,10.7,12.34,12.34,8.23,8.23,8.23,8.23,8.23,8.23,11.52,13.16,13.16,11.52,7.4,7.4,7.4,7.4
N_21_19,N_20_18,1.862047480605994,3.05,3.05,3.05,3.05,3.05,3.05,5.06,5.06,5.96,5.96,3.72,3.72,3.72,3.72,3.72,3.72,5.51,6.41,6.41,5.51,3.28,3.28,3.28,3.28
N_21_2,N_19_4,6.389726861872379,6.52,6.52,6.52,6.52,6.52,6.52,9.97,9.97,11.5,11.5,7.67,7.67,7.67,7.67,7.67,7.67,10.73,12.27,12.27,10.73,6.9,6.9,6.9,6.9
N_21_2,N_21_1,9.441220561763775,5.24,5.24,5.24,5.24,5.24,5.24,6.51,6.51,7.08,7.08,5.66,5.66,5.66,5.66,5.66,5.66,6.8,7.36,7.36,6.8,5.38,5.38,5.38,5.38
N_21_2,N_20_2,5.876063376902254,5.99,5.99,5.99,5.99,5.99,5.99,9.17,9.17,10.58,10.58,7.05,7.05,7.05,7.05,7.05,7.05,9.87,11.28,11.28,9.87,6.35,6.35,6.35,6.35
N_21_2,N_19_3,3.646047995359188,3.72,3.72,3.72,3.72,3.72,3.72,5.69,5.69,6.56,6.56,4.38,4.38,4.38,4.38,4.38,4.38,6.13,7.0,7.0,6.13,3.94,3.94,3.94,3.94
N_21_2,N_22_3,3.8254802652170197,3.9,3.9,3.9,3.9,3.9,3.9,5.97,5.97,6.89,6.89,4.59,4.59,4.59,4.59,4.59,4.59,6.43,7.34,7.34,6.43,4.13,4.13,4.13,4.13
N_21_20,N_20_18,5.085853822096164,5.19,5.19,5.19,5.19,5.19,5.19,7.93,7.93,9.15,9.15,6.1,6.1,6.1,6.1,6.1,6.1,8.54,9.76,9.76,8.54,5.49,5.49,5.49,5.49
N_21_20,N_21_21,6.712012130125779,6.85,6.85,6.85,6.85,6.85,6.85,10.47,10.47,12.08,12.08,8.05,8.05,8.05,8.05,8.05,8.05,11.28,12.89,12.89,11.28,7.25,7.25,7.25,7.25
N_21_20,N_21_22,3.9698322365815457,4.05,4.05,4.05,4.05,4.05,4.05,6.19,6.19,7.15,7.15,4.76,4.76,4.76,4.76,4.76,4.76,6.67,7.62,7.62,6.67,4.29,4.29,4.29,4.29
N_21_20,N_23_21,1.0515758928406136,1.72,1.72,1.72,1.72,1.72,1.72,2.86,2.86,3.37,3.37,2.1,2.1,2.1,2.1,2.1,2.1,3.11,3.62,3.62,3.11,1.85,1.85,1.85,1.85
N_21_20,N_21_18,14.166422701533692,7.86,7.86,7.86,7.86,7.86,7.86,9.77,9.77,10.62,10.62,8.5,8.5,8.5,8.5,8.5,8.5,10.2,11.05,11.05,10.2,8.07,8.07,8.07,8.07
N_21_20,N_22_18,11.680771762978235,6.48,6.48,6.48,6.48,6.48,6.48,8.06,8.06,8.76,8.76,7.01,7.01,7.01,7.01,7.01,7.01,8.41,9.11,9.11,8.41,6.66,6.66,6.66,6.66
N_21_21,N_21_20,6.712012130125779,6.85,6.85,6.85,6.85,6.85,6.85,10.47,10.47,12.08,12.08,8.05,8.05,8.05,8.05,8.05,8.05,11.28,12.89,12.89,11.28,7.25,7.25,7.25,7.25
N_21_21,N_19_23,12.838903629879352,7.13,7.13,7.13,7.13,7.13,7.13,8.86,8.86,9.63,9.63,7.7,7.7,7.7,7.7,7.7,7.7,9.24,10.01,10.01,9.24,7.32,7.32,7.32,7.32
N_21_21,N_23_19,3.173406913248604,3.24,3.24,3.24,3.24,3.24,3.24,4.95,4.95,5.71,5.71,3.81,3.81,3.81,3.81,3.81,3.81,5.33,6.09,6.09,5.33,3.43,3.43,3.43,3.43
N_21_22,N_20_20,8.605792231579954,4.78,4.78,4.78,4.78,4.78,4.78,5.94,5.94,6.45,6.45,5.16,5.16,5.16,5.16,5.16,5.16,6.2,6.71,6.71,6.2,4.91,4.91,4.91,4.91
N_21_22,N_24_22,0.7828702911323138,1.28,1.28,1.28,1.28,1.28,1.28,2.13,2.13,2.51,2.51,1.57,1.57,1.57,1.57,1.57,1.57,2.32,2.69,2.69,2.32,1.38,1.38,1.38,1.38
N_21_22,N_22_20,3.5454416805143696,3.62,3.62,3.62,3.62,3.62,3.62,5.53,5.53,6.38,6.38,4.25,4.25,4.25,4.25,4.25,4.25,5.96,6.81,6.81,5.96,3.83,3.83,3.83,3.83
N_21_22,N_23_22,4.845883737007333,4.94,4.94,4.94,4.94,4.94,4.94,7.56,7.56,8.72,8.72,5.82,5.82,5.82,5.82,5.82,5.82,8.14,9.3,9.3,8.14,5.23,5.23,5.23,5.23
N_21_23,N_19_25,3.0058420741861833,3.07,3.07,3.07,3.07,3.07,3.07,4.69,4.69,5.41,5.41,3.61,3.61,3.61,3.61,3.61,3.61,5.05,5.77,5.77,5.05,3.25,3.25,3.25,3.25
N_21_23,N_24_23,3.8851490642023703,3.96,3.96,3.96,3.96,3.96,3.96,6.06,6.06,6.99,6.99,4.66,4.66,4.66,4.66,4.66,4.66,6.53,7.46,7.46,6.53,4.2,4.2,4.2,4.2
N_21_23,N_23_23,1.6014601345507296,2.63,2.63,2.63,2.63,2.63,2.63,4.36,4.36,5.12,5.12,3.2,3.2,3.2,3.2,3.2,3.2,4.74,5.51,5.51,4.74,2.82,2.82,2.82,2.82
N_21_23,N_22_21,14.231741646565276,7.9,7.9,7.9,7.9,7.9,7.9,9.82,9.82,10.67,10.67,8.54,8.54,8.54,8.54,8.54,8.54,10.25,11.1,11.1,10.25,8.11,8.11,8.11,8.11
N_21_23,N_23_21,6.731152584277049,6.87,6.87,6.87,6.87,6.87,6.87,10.5,10.5,12.12,12.12,8.08,8.08,8.08,8.08,8.08,8.08,11.31,12.92,12.92,11.31,7.27,7.27,7.27,7.27
N_21_24,N_20_24,6.333755905479441,6.46,6.46,6.46,6.46,6.46,6.46,9.88,9.88,11.4,11.4,7.6,7.6,7.6,7.6,7.6,7.6,10.64,12.16,12.16,10.64,6.84,6.84,6.84,6.84
N_21_24,N_21_23,6.5887455684205385,6.72,6.72,6.72,6.72,6.72,6.72,10.28,10.28,11.86,11.86,7.91,7.91,7.91,7.91,7.91,7.91,11.07,12.65,12.65,11.07,7.12,7.12,7.12,7.12
N_21_24,N_22_25,13.272842676028361,7.37,7.37,7.37,7.37,7.37,7.37,9.16,9.16,9.95,9.95,7.96,7.96,7.96,7.96,7.96,7.96,9.56,10.35,10.35,9.56,7.57,7.57,7.57,7.57
N_21_25,N_18_25,6.28285680629239,6.41,6.41,6.41,6.41,6.41,6.41,9.8,9.8,11.31,11.31,7.54,7.54,7.54,7.54,7.54,7.54,10.56,12.06,12.06,10.56,6.79,6.79,6.79,6.79
N_21_25,N_20_24,4.793822728145315,4.89,4.89,4.89,4.89,4.89,4.89,7.48,7.48,8.63,8.63,5.75,5.75,5.75,5.75,5.75,5.75,8.05,9.2,9.2,8.05,5.18,5.18,5.18,5.18
N_21_25,N_21_22,2.34456315277183,3.85,3.85,3.85,3.85,3.85,3.85,6.38,6.38,7.5,7.5,4.69,4.69,4.69,4.69,4.69,4.69,6.94,8.07,8.07,6.94,4.13,4.13,4.13,4.13
N_21_25,N_19_23,11.642197742746129,6.46,6.46,6.46,6.46,6.46,6.46,8.03,8.03,8.73,8.73,6.99,6.99,6.99,6.99,6.99,6.99,8.38,9.08,9.08,8.38,6.64,6.64,6.64,6.64
N_21_25,N_21_26,3.0372771065322213,3.1,3.1,3.1,3.1,3.1,3.1,4.74,4.74,5.47,5.47,3.64,3.64,3.64,3.64,3.64,3.64,5.1,5.83,5.83,5.1,3.28,3.28,3.28,3.28
N_21_25,N_21_28,5.294467627749041,5.4,5.4,5.4,5.4,5.4,5.4,8.26,8.26,9.53,9.53,6.35,6.35,6.35,6.35,6.35,6.35,8.89,10.17,10.17,8.89,5.72,5.72,5.72,5.72
N_21_26,N_19_24,4.752517160916524,4.85,4.85,4.85,4.85,4.85,4.85,7.41,7.41,8.55,8.55,5.7,5.7,5.7,5.7,5.7,5.7,7.98,9.12,9.12,7.98,5.13,5.13,5.13,5.13
N_21_26,N_20_24,5.023190442514987,5.12,5.12,5.12,5.12,5.12,5.12,7.84,7.84,9.04,9.04,6.03,6.03,6.03,6.03,6.03,6.03,8.44,9.64,9.64,8.44,5.43,5.43,5.43,5.43
N_21_26,N_20_25,3.961481901707931,4.04,4.04,4.04,4.04,4.04,4.04,6.18,6.18,7.13,7.13,4.75,4.75,4.75,4.75,4.75,4.75,6.66,7.61,7.61,6.66,4.28,4.28,4.28,4.28
N_21_26,N_20_28,4.622526283921129,4.71,4.71,4.71,4.71,4.71,4.71,7.21,7.21,8.32,8.32,5.55,5.55,5.55,5.55,5.55,5.55,7.77,8.88,8.88,7.77,4.99,4.99,4.99,4.99
N_21_26,N_21_25,3.0372771065322213,3.1,3.1,3.1,3.1,3.1,3.1,4.74,4.74,5.47,5.47,3.64,3.64,3.64,3.64,3.64,3.64,5.1,5.83,5.83,5.1,3.28,3.28,3.28,3.28
N_21_26,N_22_25,12.492284600372358,6.93,6.93,6.93,6.93,6.93,6.93,8.62,8.62,9.37,9.37,7.5,7.5,7.5,7.5,7.5,7.5,8.99,9.74,9.74,8.99,7.12,7.12,7.12,7.12
N_21_26,N_20_26,14.324580626273832,7.95,7.95,7.95,7.95,7.95,7.95,9.88,9.88,10.74,10.74,8.59,8.59,8.59,8.59,8.59,8.59,10.31,11.17,11.17,10.31,8.17,8.17,8.17,8.17
N_21_27,N_19_26,14.928422144289993,8.29,8.29,8.29,8.29,8.29,8.29,10.3,10.3,11.2,11.2,8.96,8.96,8.96,8.96,8.96,8.96,10.75,11.64,11.64,10.75,8.51,8.51,8.51,8.51
N_21_27,N_23_29,14.167560291387879,7.86,7.86,7.86,7.86,7.86,7.86,9.78,9.78,10.63,10.63,8.5,8.5,8.5,8.5,8.5,8.5,10.2,11.05,11.05,10.2,8.08,8.08,8.08,8.08
N_21_27,N_23_26,1.944424680077838,3.19,3.19,3.19,3.19,3.19,3.19,5.29,5.29,6.22,6.22,3.89,3.89,3.89,3.89,3.89,3.89,5.76,6.69,6.69,5.76,3.42,3.42,3.42,3.42
N_21_27,N_22_29,14.18168476838806,7.87,7.87,7.87,7.87,7.87,7.87,9.79,9.79,10.64,10.64,8.51,8.51,8.51,8.51,8.51,8.51,10.21,11.06,11.06,10.21,8.08,8.08,8.08,8.08
N_21_27,N_18_27,3.406361157646687,3.47,3.47,3.47,3.47,3.47,3.47,5.31,5.31,6.13,6.13,4.09,4.09,4.09,4.09,4.09,4.09,5.72,6.54,6.54,5.72,3.68,3.68,3.68,3.68
N_21_27,N_19_27,5.763935282683141,5.88,5.88,5.88,5.88,5.88,5.88,8.99,8.99,10.38,10.38,6.92,6.92,6.92,6.92,6.92,6.92,9.68,11.07,11.07,9.68,6.23,6.23,6.23,6.23
N_21_28,N_18_28,6.678222759915575,6.81,6.81,6.81,6.81,6.81,6.81,10.42,10.42,12.02,12.02,8.01,8.01,8.01,8.01,8.01,8.01,11.22,12.82,12.82,11.22,7.21,7.21,7.21,7.21
N_21_28,N_19_30,6.874574679281436,7.01,7.01,7.01,7.01,7.01,7.01,10.72,10.72,12.37,12.37,8.25,8.25,8.25,8.25,8.25,8.25,11.55,13.2,13.2,11.55,7.42,7.42,7.42,7.42
N_21_28,N_20_26,8.229796307061822,4.57,4.57,4.57,4.57,4.57,4.57,5.68,5.68,6.17,6.17,4.94,4.94,4.94,4.94,4.94,4.94,5.93,6.42,6.42,5.93,4.69,4.69,4.69,4.69
N_21_28,N_20_29,5.922479481326232,6.04,6.04,6.04,6.04,6.04,6.04,9.24,9.24,10.66,10.66,7.11,7.11,7.11,7.11,7.11,7.11,9.95,11.37,11.37,9.95,6.4,6.4,6.4,6.4
N_21_28,N_21_25,5.294467627749041,5.4,5.4,5.4,5.4,5.4,5.4,8.26,8.26,9.53,9.53,6.35,6.35,6.35,6.35,6.35,6.35,8.89,10.17,10.17,8.89,5.72,5.72,5.72,5.72
N_21_28,N_19_28,6.032997802906527,6.15,6.15,6.15,6.15,6.15,6.15,9.41,9.41,10.86,10.86,7.24,7.24,7.24,7.24,7.24,7.24,10.14,11.58,11.58,10.14,6.52,6.52,6.52,6.52
N_21_29,N_19_29,6.5634216063022,6.69,6.69,6.69,6.69,6.69,6.69,10.24,10.24,11.81,11.81,7.88,7.88,7.88,7.88,7.88,7.88,11.03,12.6,12.6,11.03,7.09,7.09,7.09,7.09
N_21_29,N_22_27,3.1979350108788567,3.26,3.26,3.26,3.26,3.26,3.26,4.99,4.99,5.76,5.76,3.84,3.84,3.84,3.84,3.84,3.84,5.37,6.14,6.14,5.37,3.45,3.45,3.45,3.45
N_21_29,N_23_31,8.252375644337864,4.58,4.58,4.58,4.58,4.58,4.58,5.69,5.69,6.19,6.19,4.95,4.95,4.95,4.95,4.95,4.95,5.94,6.44,6.44,5.94,4.7,4.7,4.7,4.7
N_21_29,N_21_26,9.057354148236307,5.03,5.03,5.03,5.03,5.03,5.03,6.25,6.25,6.79,6.79,5.43,5.43,5.43,5.43,5.43,5.43,6.52,7.06,7.06,6.52,5.16,5.16,5.16,5.16
N_21_3,N_20_3,14.58347741203088,8.09,8.09,8.09,8.09,8.09,8.09,10.06,10.06,10.94,10.94,8.75,8.75,8.75,8.75,8.75,8.75,10.5,11.38,11.38,10.5,8.31,8.31,8.31,8.31
N_21_3,N_23_4,10.629763344176359,5.9,5.9,5.9,5.9,5.9,5.9,7.33,7.33,7.97,7.97,6.38,6.38,6.38,6.38,6.38,6.38,7.65,8.29,8.29,7.65,6.06,6.06,6.06,6.06
N_21_3,N_24_3,6.243635483404192,6.37,6.37,6.37,6.37,6.37,6.37,9.74,9.74,11.24,11.24,7.49,7.49,7.49,7.49,7.49,7.49,10.49,11.99,11.99,10.49,6.74,6.74,6.74,6.74
N_21_3,N_19_3,6.399989514294685,6.53,6.53,6.53,6.53,6.53,6.53,9.98,9.98,11.52,11.52,7.68,7.68,7.68,7.68,7.68,7.68,10.75,12.29,12.29,10.75,6.91,6.91,6.91,6.91
N_21_3,N_23_1,13.151583977122261,7.3,7.3,7.3,7.3,7.3,7.3,9.07,9.07,9.86,9.86,7.89,7.89,7.89,7.89,7.89,7.89,9.47,10.26,10.26,9.47,7.5,7.5,7.5,7.5
N_21_3,N_23_3,0.9047133471989925,1.48,1.48,1.48,1.48,1.48,1.48,2.46,2.46,2.9,2.9,1.81,1.81,1.81,1.81,1.81,1.81,2.68,3.11,3.11,2.68,1.59,1.59,1.59,1.59
N_21_3,N_20_4,6.508836355949747,6.64,6.64,6.64,6.64,6.64,6.64,10.15,10.15,11.72,11.72,7.81,7.81,7.81,7.81,7.81,7.81,10.93,12.5,12.5,10.93,7.03,7.03,7.03,7.03
N_21_3,N_21_6,6.362471297936587,6.49,6.49,6.49,6.49,6.49,6.49,9.93,9.93,11.45,11.45,7.63,7.63,7.63,7.63,7.63,7.63,10.69,12.22,12.22,10.69,6.87,6.87,6.87,6.87
N_21_30,N_18_30,11.900970912831532,6.61,6.61,6.61,6.61,6.61,6.61,8.21,8.21,8.93,8.93,7.14,7.14,7.14,7.14,7.14,7.14,8.57,9.28,9.28,8.57,6.78,6.78,6.78,6.78
N_21_30,N_19_28,5.896247571830857,6.01,6.01,6.01,6.01,6.01,6.01,9.2,9.2,10.61,10.61,7.08,7.08,7.08,7.08,7.08,7.08,9.91,11.32,11.32,9.91,6.37,6.37,6.37,6.37
N_21_30,N_23_31,14.14353704589701,7.85,7.85,7.85,7.85,7.85,7.85,9.76,9.76,10.61,10.61,8.49,8.49,8.49,8.49,8.49,8.49,10.18,11.03,11.03,10.18,8.06,8.06,8.06,8.06
N_21_30,N_23_29,4.072029834538297,4.15,4.15,4.15,4.15,4.15,4.15,6.35,6.35,7.33,7.33,4.89,4.89,4.89,4.89,4.89,4.89,6.84,7.82,7.82,6.84,4.4,4.4,4.4,4.4
N_21_31,N_20_29,4.777334002465366,4.87,4.87,4.87,4.87,4.87,4.87,7.45,7.45,8.6,8.6,5.73,5.73,5.73,5.73,5.73,5.73,8.03,9.17,9.17,8.03,5.16,5.16,5.16,5.16
N_21_31,N_20_33,2.410100488795892,3.95,3.95,3.95,3.95,3.95,3.95,6.56,6.56,7.71,7.71,4.82,4.82,4.82,4.82,4.82,4.82,7.13,8.29,8.29,7.13,4.24,4.24,4.24,4.24
N_21_31,N_24_31,9.0614433522514,5.03,5.03,5.03,5.03,5.03,5.03,6.25,6.25,6.8,6.8,5.44,5.44,5.44,5.44,5.44,5.44,6.52,7.07,7.07,6.52,5.17,5.17,5.17,5.17
N_21_31,N_21_33,5.804525690721442,5.92,5.92,5.92,5.92,5.92,5.92,9.06,9.06,10.45,10.45,6.97,6.97,6.97,6.97,6.97,6.97,9.75,11.14,11.14,9.75,6.27,6.27,6.27,6.27
N_21_31,N_20_32,4.853089412104341,4.95,4.95,4.95,4.95,4.95,4.95,7.57,7.57,8.74,8.74,5.82,5.82,5.82,5.82,5.82,5.82,8.15,9.32,9.32,8.15,5.24,5.24,5.24,5.24
N_21_31,N_18_31,10.860238829303706,6.03,6.03,6.03,6.03,6.03,6.03,7.49,7.49,8.15,8.15,6.52,6.52,6.52,6.52,6.52,6.52,7.82,8.47,8.47,7.82,6.19,6.19,6.19,6.19
N_21_31,N_23_31,5.656321220515536,5.77,5.77,5.77,5.77,5.77,5.77,8.82,8.82,10.18,10.18,6.79,6.79,6.79,6.79,6.79,6.79,9.5,10.86,10.86,9.5,6.11,6.11,6.11,6.11
N_21_31,N_23_30,10.638882477074747,5.9,5.9,5.9,5.9,5.9,5.9,7.34,7.34,7.98,7.98,6.38,6.38,6.38,6.38,6.38,6.38,7.66,8.3,8.3,7.66,6.06,6.06,6.06,6.06
N_21_32,N_20_33,0.8672897858302155,1.42,1.42,1.42,1.42,1.42,1.42,2.36,2.36,2.78,2.78,1.73,1.73,1.73,1.73,1.73,1.73,2.57,2.98,2.98,2.57,1.53,1.53,1.53,1.53
N_21_32,N_19_32,13.801849828737009,7.66,7.66,7.66,7.66,7.66,7.66,9.52,9.52,10.35,10.35,8.28,8.28,8.28,8.28,8.28,8.28,9.94,10.77,10.77,9.94,7.87,7.87,7.87,7.87
N_21_32,N_23_33,4.184290096502357,4.27,4.27,4.27,4.27,4.27,4.27,6.53,6.53,7.53,7.53,5.02,5.02,5.02,5.02,5.02,5.02,7.03,8.03,8.03,7.03,4.52,4.52,4.52,4.52
N_21_32,N_22_30,1.9224575962497215,3.15,3.15,3.15,3.15,3.15,3.15,5.23,5.23,6.15,6.15,3.84,3.84,3.84,3.84,3.84,3.84,5.69,6.61,6.61,5.69,3.38,3.38,3.38,3.38
N_21_32,N_20_32,1.5868797364407237,2.6,2.6,2.6,2.6,2.6,2.6,4.32,4.32,5.08,5.08,3.17,3.17,3.17,3.17,3.17,3.17,4.7,5.46,5.46,4.7,2.79,2.79,2.79,2.79
N_21_33,N_21_31,5.804525690721442,5.92,5.92,5.92,5.92,5.92,5.92,9.06,9.06,10.45,10.45,6.97,6.97,6.97,6.97,6.97,6.97,9.75,11.14,11.14,9.75,6.27,6.27,6.27,6.27
N_21_33,N_19_32,10.195748661797246,5.66,5.66,5.66,5.66,5.66,5.66,7.04,7.04,7.65,7.65,6.12,6.12,6.12,6.12,6.12,6.12,7.34,7.95,7.95,7.34,5.81,5.81,5.81,5.81
N_21_33,N_20_33,6.782926317161807,6.92,6.92,6.92,6.92,6.92,6.92,10.58,10.58,12.21,12.21,8.14,8.14,8.14,8.14,8.14,8.14,11.4,13.02,13.02,11.4,7.33,7.33,7.33,7.33
N_21_34,N_20_34,14.274692995461582,7.92,7.92,7.92,7.92,7.92,7.92,9.85,9.85,10.71,10.71,8.56,8.56,8.56,8.56,8.56,8.56,10.28,11.13,11.13,10.28,8.14,8.14,8.14,8.14
N_21_34,N_21_32,6.183350741046079,6.31,6.31,6.31,6.31,6.31,6.31,9.65,9.65,11.13,11.13,7.42,7.42,7.42,7.42,7.42,7.42,10.39,11.87,11.87,10.39,6.68,6.68,6.68,6.68
N_21_34,N_18_34,6.750643626185653,6.89,6.89,6.89,6.89,6.89,6.89,10.53,10.53,12.15,12.15,8.1,8.1,8.1,8.1,8.1,8.1,11.34,12.96,12.96,11.34,7.29,7.29,7.29,7.29
N_21_35,N_18_35,6.739004075254611,6.87,6.87,6.87,6.87,6.87,6.87,10.51,10.51,12.13,12.13,8.09,8.09,8.09,8.09,8.09,8.09,11.32,12.94,12.94,11.32,7.28,7.28,7.28,7.28
N_21_35,N_20_37,11.410922839580632,6.33,6.33,6.33,6.33,6.33,6.33,7.87,7.87,8.56,8.56,6.85,6.85,6.85,6.85,6.85,6.85,8.22,8.9,8.9,8.22,6.5,6.5,6.5,6.5
N_21_35,N_23_34,5.980504189970835,6.1,6.1,6.1,6.1,6.1,6.1,9.33,9.33,10.76,10.76,7.18,7.18,7.18,7.18,7.18,7.18,10.05,11.48,11.48,10.05,6.46,6.46,6.46,6.46
N_21_35,N_23_33,9.129055565407048,5.07,5.07,5.07,5.07,5.07,5.07,6.3,6.3,6.85,6.85,5.48,5.48,5.48,5.48,5.48,5.48,6.57,7.12,7.12,6.57,5.2,5.2,5.2,5.2
N_21_35,N_22_35,3.754208233146911,3.83,3.83,3.83,3.83,3.83,3.83,5.86,5.86,6.76,6.76,4.51,4.51,4.51,4.51,4.51,4.51,6.31,7.21,7.21,6.31,4.05,4.05,4.05,4.05
N_21_36,N_21_38,6.73424953949647,6.87,6.87,6.87,6.87,6.87,6.87,10.51,10.51,12.12,12.12,8.08,8.08,8.08,8.08,8.08,8.08,11.31,12.93,12.93,11.31,7.27,7.27,7.27,7.27
N_21_36,N_19_34,11.890670030941099,6.6,6.6,6.6,6.6,6.6,6.6,8.2,8.2,8.92,8.92,7.13,7.13,7.13,7.13,7.13,7.13,8.56,9.27,9.27,8.56,6.78,6.78,6.78,6.78
N_21_36,N_21_35,1.5032033266039755,2.47,2.47,2.47,2.47,2.47,2.47,4.09,4.09,4.81,4.81,3.01,3.01,3.01,3.01,3.01,3.01,4.45,5.17,5.17,4.45,2.65,2.65,2.65,2.65
N_21_36,N_24_36,6.531055806867437,6.66,6.66,6.66,6.66,6.66,6.66,10.19,10.19,11.76,11.76,7.84,7.84,7.84,7.84,7.84,7.84,10.97,12.54,12.54,10.97,7.05,7.05,7.05,7.05
N_21_36,N_20_37,1.315018086137299,2.16,2.16,2.16,2.16,2.16,2.16,3.58,3.58,4.21,4.21,2.63,2.63,2.63,2.63,2.63,2.63,3.89,4.52,4.52,3.89,2.31,2.31,2.31,2.31
N_21_36,N_19_36,5.539998951972864,5.65,5.65,5.65,5.65,5.65,5.65,8.64,8.64,9.97,9.97,6.65,6.65,6.65,6.65,6.65,6.65,9.31,10.64,10.64,9.31,5.98,5.98,5.98,5.98
N_21_37,N_20_35,4.853469189701323,4.95,4.95,4.95,4.95,4.95,4.95,7.57,7.57,8.74,8.74,5.82,5.82,5.82,5.82,5.82,5.82,8.15,9.32,9.32,8.15,5.24,5.24,5.24,5.24
N_21_37,N_22_39,3.747339858445126,3.82,3.82,3.82,3.82,3.82,3.82,5.85,5.85,6.75,6.75,4.5,4.5,4.5,4.5,4.5,4.5,6.3,7.19,7.19,6.3,4.05,4.05,4.05,4.05
N_21_37,N_21_34,3.2532027521239213,3.32,3.32,3.32,3.32,3.32,3.32,5.07,5.07,5.86,5.86,3.9,3.9,3.9,3.9,3.9,3.9,5.47,6.25,6.25,5.47,3.51,3.51,3.51,3.51
N_21_37,N_18_37,6.057015381344652,6.18,6.18,6.18,6.18,6.18,6.18,9.45,9.45,10.9,10.9,7.27,7.27,7.27,7.27,7.27,7.27,10.18,11.63,11.63,10.18,6.54,6.54,6.54,6.54
N_21_37,N_19_36,14.668673100095774,8.14,8.14,8.14,8.14,8.14,8.14,10.12,10.12,11.0,11.0,8.8,8.8,8.8,8.8,8.8,8.8,10.56,11.44,11.44,10.56,8.36,8.36,8.36,8.36
N_21_38,N_20_38,14.130673637409865,7.84,7.84,7.84,7.84,7.84,7.84,9.75,9.75,10.6,10.6,8.48,8.48,8.48,8.48,8.48,8.48,10.17,11.02,11.02,10.17,8.05,8.05,8.05,8.05
N_21_38,N_19_39,5.012671908581065,5.11,5.11,5.11,5.11,5.11,5.11,7.82,7.82,9.02,9.02,6.02,6.02,6.02,6.02,6.02,6.02,8.42,9.62,9.62,8.42,5.41,5.41,5.41,5.41
N_21_38,N_22_38,1.3379985031419306,2.19,2.19,2.19,2.19,2.19,2.19,3.64,3.64,4.28,4.28,2.68,2.68,2.68,2.68,2.68,2.68,3.96,4.6,4.6,3.96,2.35,2.35,2.35,2.35
N_21_39,N_23_39,3.3768031638373674,3.44,3.44,3.44,3.44,3.44,3.44,5.27,5.27,6.08,6.08,4.05,4.05,4.05,4.05,4.05,4.05,5.67,6.48,6.48,5.67,3.65,3.65,3.65,3.65
N_21_39,N_20_37,12.317198615898256,6.84,6.84,6.84,6.84,6.84,6.84,8.5,8.5,9.24,9.24,7.39,7.39,7.39,7.39,7.39,7.39,8.87,9.61,9.61,8.87,7.02,7.02,7.02,7.02
N_21_39,N_19_39,0.8250152966891018,1.35,1.35,1.35,1.35,1.35,1.35,2.24,2.24,2.64,2.64,1.65,1.65,1.65,1.65,1.65,1.65,2.44,2.84,2.84,2.44,1.45,1.45,1.45,1.45
N_21_39,N_22_37,5.684649897669414,5.8,5.8,5.8,5.8,5.8,5.8,8.87,8.87,10.23,10.23,6.82,6.82,6.82,6.82,6.82,6.82,9.55,10.91,10.91,9.55,6.14,6.14,6.14,6.14
N_21_39,N_24_39,11.110363544279476,6.17,6.17,6.17,6.17,6.17,6.17,7.67,7.67,8.33,8.33,6.67,6.67,6.67,6.67,6.67,6.67,8.0,8.67,8.67,8.0,6.33,6.33,6.33,6.33
N_21_39,N_22_39,14.031572232058707,7.79,7.79,7.79,7.79,7.79,7.79,9.68,9.68,10.52,10.52,8.42,8.42,8.42,8.42,8.42,8.42,10.1,10.94,10.94,10.1,8.0,8.0,8.0,8.0
N_21_39,N_23_37,11.326256617896524,6.29,6.29,6.29,6.29,6.29,6.29,7.82,7.82,8.49,8.49,6.8,6.8,6.8,6.8,6.8,6.8,8.15,8.83,8.83,8.15,6.46,6.46,6.46,6.46
N_21_4,N_19_3,3.927201712099996,4.01,4.01,4.01,4.01,4.01,4.01,6.13,6.13,7.07,7.07,4.71,4.71,4.71,4.71,4.71,4.71,6.6,7.54,7.54,6.6,4.24,4.24,4.24,4.24
N_21_4,N_20_3,2.2859376234217432,3.75,3.75,3.75,3.75,3.75,3.75,6.22,6.22,7.32,7.32,4.57,4.57,4.57,4.57,4.57,4.57,6.77,7.86,7.86,6.77,4.02,4.02,4.02,4.02
N_21_4,N_19_5,11.234303323162518,6.24,6.24,6.24,6.24,6.24,6.24,7.75,7.75,8.43,8.43,6.74,6.74,6.74,6.74,6.74,6.74,8.09,8.76,8.76,8.09,6.4,6.4,6.4,6.4
N_21_5,N_18_5,5.052983636060529,5.15,5.15,5.15,5.15,5.15,5.15,7.88,7.88,9.1,9.1,6.06,6.06,6.06,6.06,6.06,6.06,8.49,9.7,9.7,8.49,5.46,5.46,5.46,5.46
N_21_5,N_19_3,0.9829894682616425,1.61,1.61,1.61,1.61,1.61,1.61,2.67,2.67,3.15,3.15,1.97,1.97,1.97,1.97,1.97,1.97,2.91,3.38,3.38,2.91,1.73,1.73,1.73,1.73
N_21_5,N_19_6,11.957379100625275,6.64,6.64,6.64,6.64,6.64,6.64,8.25,8.25,8.97,8.97,7.17,7.17,7.17,7.17,7.17,7.17,8.61,9.33,9.33,8.61,6.82,6.82,6.82,6.82
N_21_5,N_20_3,6.844717963298587,6.98,6.98,6.98,6.98,6.98,6.98,10.68,10.68,12.32,12.32,8.21,8.21,8.21,8.21,8.21,8.21,11.5,13.14,13.14,11.5,7.39,7.39,7.39,7.39
N_21_5,N_22_3,5.211507785374799,5.32,5.32,5.32,5.32,5.32,5.32,8.13,8.13,9.38,9.38,6.25,6.25,6.25,6.25,6.25,6.25,8.76,10.01,10.01,8.76,5.63,5.63,5.63,5.63
N_21_5,N_21_7,13.834946749870767,7.68,7.68,7.68,7.68,7.68,7.68,9.55,9.55,10.38,10.38,8.3,8.3,8.3,8.3,8.3,8.3,9.96,10.79,10.79,9.96,7.89,7.89,7.89,7.89
N_21_6,N_19_4,9.228557082810719,5.12,5.12,5.12,5.12,5.12,5.12,6.37,6.37,6.92,6.92,5.54,5.54,5.54,5.54,5.54,5.54,6.64,7.2,7.2,6.64,5.26,5.26,5.26,5.26
N_21_6,N_20_5,1.1870453348880758,1.95,1.95,1.95,1.95,1.95,1.95,3.23,3.23,3.8,3.8,2.37,2.37,2.37,2.37,2.37,2.37,3.51,4.08,4.08,3.51,2.09,2.09,2.09,2.09
N_21_6,N_21_3,6.362471297936587,6.49,6.49,6.49,6.49,6.49,6.49,9.93,9.93,11.45,11.45,7.63,7.63,7.63,7.63,7.63,7.63,10.69,12.22,12.22,10.69,6.87,6.87,6.87,6.87
N_21_6,N_22_6,14.478180384046729,8.04,8.04,8.04,8.04,8.04,8.04,9.99,9.99,10.86,10.86,8.69,8.69,8.69,8.69,8.69,8.69,10.42,11.29,11.29,10.42,8.25,8.25,8.25,8.25
N_21_6,N_18_6,3.0509014441741495,3.11,3.11,3.11,3.11,3.11,3.11,4.76,4.76,5.49,5.49,3.66,3.66,3.66,3.66,3.66,3.66,5.13,5.86,5.86,5.13,3.29,3.29,3.29,3.29
N_21_6,N_22_7,10.41439394683709,5.78,5.78,5.78,5.78,5.78,5.78,7.19,7.19,7.81,7.81,6.25,6.25,6.25,6.25,6.25,6.25,7.5,8.12,8.12,7.5,5.94,5.94,5.94,5.94
N_21_7,N_21_5,13.834946749870767,7.68,7.68,7.68,7.68,7.68,7.68,9.55,9.55,10.38,10.38,8.3,8.3,8.3,8.3,8.3,8.3,9.96,10.79,10.79,9.96,7.89,7.89,7.89,7.89
N_21_7,N_19_9,2.3245323899314654,3.81,3.81,3.81,3.81,3.81,3.81,6.32,6.32,7.44,7.44,4.65,4.65,4.65,4.65,4.65,4.65,6.88,8.0,8.0,6.88,4.09,4.09,4.09,4.09
N_21_7,N_19_6,3.6479819242490943,3.72,3.72,3.72,3.72,3.72,3.72,5.69,5.69,6.57,6.57,4.38,4.38,4.38,4.38,4.38,4.38,6.13,7.0,7.0,6.13,3.94,3.94,3.94,3.94
N_21_8,N_20_7,6.849100524392524,6.99,6.99,6.99,6.99,6.99,6.99,10.68,10.68,12.33,12.33,8.22,8.22,8.22,8.22,8.22,8.22,11.51,13.15,13.15,11.51,7.4,7.4,7.4,7.4
N_21_8,N_21_11,1.2484504903083247,2.05,2.05,2.05,2.05,2.05,2.05,3.4,3.4,4.0,4.0,2.5,2.5,2.5,2.5,2.5,2.5,3.7,4.29,4.29,3.7,2.2,2.2,2.2,2.2
N_21_8,N_21_7,8.992343660531803,4.99,4.99,4.99,4.99,4.99,4.99,6.2,6.2,6.74,6.74,5.4,5.4,5.4,5.4,5.4,5.4,6.47,7.01,7.01,6.47,5.13,5.13,5.13,5.13
N_21_8,N_20_8,14.371128346095613,7.98,7.98,7.98,7.98,7.98,7.98,9.92,9.92,10.78,10.78,8.62,8.62,8.62,8.62,8.62,8.62,10.35,11.21,11.21,10.35,8.19,8.19,8.19,8.19
N_21_8,N_22_8,4.910747174529046,5.01,5.01,5.01,5.01,5.01,5.01,7.66,7.66,8.84,8.84,5.89,5.89,5.89,5.89,5.89,5.89,8.25,9.43,9.43,8.25,5.3,5.3,5.3,5.3
N_21_8,N_19_10,3.71304172826519,3.79,3.79,3.79,3.79,3.79,3.79,5.79,5.79,6.68,6.68,4.46,4.46,4.46,4.46,4.46,4.46,6.24,7.13,7.13,6.24,4.01,4.01,4.01,4.01
N_21_9,N_20_8,13.76862636748305,7.64,7.64,7.64,7.64,7.64,7.64,9.5,9.5,10.33,10.33,8.26,8.26,8.26,8.26,8.26,8.26,9.91,10.74,10.74,9.91,7.85,7.85,7.85,7.85
N_21_9,N_22_9,8.042746487436386,4.46,4.46,4.46,4.46,4.46,4.46,5.55,5.55,6.03,6.03,4.83,4.83,4.83,4.83,4.83,4.83,5.79,6.27,6.27,5.79,4.58,4.58,4.58,4.58
N_21_9,N_23_8,1.074939717844381,1.76,1.76,1.76,1.76,1.76,1.76,2.92,2.92,3.44,3.44,2.15,2.15,2.15,2.15,2.15,2.15,3.18,3.7,3.7,3.18,1.89,1.89,1.89,1.89
N_21_9,N_20_9,9.163568995227049,5.09,5.09,5.09,5.09,5.09,5.09,6.32,6.32,6.87,6.87,5.5,5.5,5.5,5.5,5.5,5.5,6.6,7.15,7.15,6.6,5.22,5.22,5.22,5.22
N_21_9,N_21_7,0.6127132028836653,1.0,1.0,1.0,1.0,1.0,1.0,1.67,1.67,1.96,1.96,1.23,1.23,1.23,1.23,1.23,1.23,1.81,2.11,2.11,1.81,1.08,1.08,1.08,1.08
N_22_0,N_20_2,5.182311228856635,5.29,5.29,5.29,5.29,5.29,5.29,8.08,8.08,9.33,9.33,6.22,6.22,6.22,6.22,6.22,6.22,8.71,9.95,9.95,8.71,5.6,5.6,5.6,5.6
N_22_0,N_23_0,4.283940068255827,4.37,4.37,4.37,4.37,4.37,4.37,6.68,6.68,7.71,7.71,5.14,5.14,5.14,5.14,5.14,5.14,7.2,8.23,8.23,7.2,4.63,4.63,4.63,4.63
N_22_0,N_23_2,3.683876758245964,3.76,3.76,3.76,3.76,3.76,3.76,5.75,5.75,6.63,6.63,4.42,4.42,4.42,4.42,4.42,4.42,6.19,7.07,7.07,6.19,3.98,3.98,3.98,3.98
N_22_0,N_19_0,5.725071395686213,5.84,5.84,5.84,5.84,5.84,5.84,8.93,8.93,10.31,10.31,6.87,6.87,6.87,6.87,6.87,6.87,9.62,10.99,10.99,9.62,6.18,6.18,6.18,6.18
N_22_0,N_22_1,4.25051126186261,4.34,4.34,4.34,4.34,4.34,4.34,6.63,6.63,7.65,7.65,5.1,5.1,5.1,5.1,5.1,5.1,7.14,8.16,8.16,7.14,4.59,4.59,4.59,4.59
N_22_0,N_24_1,1.1553834749647012,1.89,1.89,1.89,1.89,1.89,1.89,3.14,3.14,3.7,3.7,2.31,2.31,2.31,2.31,2.31,2.31,3.42,3.97,3.97,3.42,2.03,2.03,2.03,2.03
N_22_1,N_22_0,4.25051126186261,4.34,4.34,4.34,4.34,4.34,4.34,6.63,6.63,7.65,7.65,5.1,5.1,5.1,5.1,5.1,5.1,7.14,8.16,8.16,7.14,4.59,4.59,4.59,4.59
N_22_1,N_22_2,5.554514295304535,5.67,5.67,5.67,5.67,5.67,5.67,8.67,8.67,10.0,10.0,6.67,6.67,6.67,6.67,6.67,6.67,9.33,10.66,10.66,9.33,6.0,6.0,6.0,6.0
N_22_1,N_23_3,11.068522849059963,6.14,6.14,6.14,6.14,6.14,6.14,7.64,7.64,8.3,8.3,6.64,6.64,6.64,6.64,6.64,6.64,7.97,8.63,8.63,7.97,6.31,6.31,6.31,6.31
N_22_1,N_22_4,5.928994694226878,6.05,6.05,6.05,6.05,6.05,6.05,9.25,9.25,10.67,10.67,7.11,7.11,7.11,7.11,7.11,7.11,9.96,11.38,11.38,9.96,6.4,6.4,6.4,6.4
N_22_1,N_24_1,4.201121023366685,4.29,4.29,4.29,4.29,4.29,4.29,6.55,6.55,7.56,7.56,5.04,5.04,5.04,5.04,5.04,5.04,7.06,8.07,8.07,7.06,4.54,4.54,4.54,4.54
N_22_1,N_20_3,3.7977551895367343,3.87,3.87,3.87,3.87,3.87,3.87,5.92,5.92,6.84,6.84,4.56,4.56,4.56,4.56,4.56,4.56,6.38,7.29,7.29,6.38,4.1,4.1,4.1,4.1
N_22_1,N_20_1,0.9063490634656999,1.49,1.49,1.49,1.49,1.49,1.49,2.47,2.47,2.9,2.9,1.81,1.81,1.81,1.81,1.81,1.81,2.68,3.12,3.12,2.68,1.6,1.6,1.6,1.6
N_22_1,N_21_3,5.137262375065243,5.24,5.24,5.24,5.24,5.24,5.24,8.01,8.01,9.25,9.25,6.16,6.16,6.16,6.16,6.16,6.16,8.63,9.86,9.86,8.63,5.55,5.55,5.55,5.55
N_22_10,N_23_10,11.883963615026806,6.6,6.6,6.6,6.6,6.6,6.6,8.2,8.2,8.91,8.91,7.13,7.13,7.13,7.13,7.13,7.13,8.56,9.27,9.27,8.56,6.77,6.77,6.77,6.77
N_22_10,N_23_12,4.253843730137922,4.34,4.34,4.34,4.34,4.34,4.34,6.64,6.64,7.66,7.66,5.1,5.1,5.1,5.1,5.1,5.1,7.15,8.17,8.17,7.15,4.59,4.59,4.59,4.59
N_22_10,N_23_11,4.634374807081065,4.73,4.73,4.73,4.73,4.73,4.73,7.23,7.23,8.34,8.34,5.56,5.56,5.56,5.56,5.56,5.56,7.79,8.9,8.9,7.79,5.01,5.01,5.01,5.01
N_22_10,N_20_9,10.292063304056002,5.71,5.71,5.71,5.71,5.71,5.71,7.1,7.1,7.72,7.72,6.18,6.18,6.18,6.18,6.18,6.18,7.41,8.03,8.03,7.41,5.87,5.87,5.87,5.87
N_22_10,N_22_9,2.068497859118251,3.39,3.39,3.39,3.39,3.39,3.39,5.63,5.63,6.62,6.62,4.14,4.14,4.14,4.14,4.14,4.14,6.12,7.12,7.12,6.12,3.64,3.64,3.64,3.64
N_22_10,N_24_12,6.45390796981394,6.58,6.58,6.58,6.58,6.58,6.58,10.07,10.07,11.62,11.62,7.74,7.74,7.74,7.74,7.74,7.74,10.84,12.39,12.39,10.84,6.97,6.97,6.97,6.97
N_22_11,N_20_13,6.826181180810959,6.96,6.96,6.96,6.96,6.96,6.96,10.65,10.65,12.29,12.29,8.19,8.19,8.19,8.19,8.19,8.19,11.47,13.11,13.11,11.47,7.37,7.37,7.37,7.37
N_22_11,N_21_12,1.2622659659173248,2.07,2.07,2.07,2.07,2.07,2.07,3.43,3.43,4.04,4.04,2.52,2.52,2.52,2.52,2.52,2.52,3.74,4.34,4.34,3.74,2.22,2.22,2.22,2.22
N_22_11,N_20_9,14.342246311829875,7.96,7.96,7.96,7.96,7.96,7.96,9.9,9.9,10.76,10.76,8.61,8.61,8.61,8.61,8.61,8.61,10.33,11.19,11.19,10.33,8.18,8.18,8.18,8.18
N_22_11,N_21_9,5.343348973700303,5.45,5.45,5.45,5.45,5.45,5.45,8.34,8.34,9.62,9.62,6.41,6.41,6.41,6.41,6.41,6.41,8.98,10.26,10.26,8.98,5.77,5.77,5.77,5.77
N_22_12,N_22_11,6.756652292637348,6.89,6.89,6.89,6.89,6.89,6.89,10.54,10.54,12.16,12.16,8.11,8.11,8.11,8.11,8.11,8.11,11.35,12.97,12.97,11.35,7.3,7.3,7.3,7.3
N_22_12,N_23_12,4.831284719194142,4.93,4.93,4.93,4.93,4.93,4.93,7.54,7.54,8.7,8.7,5.8,5.8,5.8,5.8,5.8,5.8,8.12,9.28,9.28,8.12,5.22,5.22,5.22,5.22
N_22_12,N_22_9,14.375870638623029,7.98,7.98,7.98,7.98,7.98,7.98,9.92,9.92,10.78,10.78,8.63,8.63,8.63,8.63,8.63,8.63,10.35,11.21,11.21,10.35,8.19,8.19,8.19,8.19
N_22_12,N_23_14,4.961113164681,5.06,5.06,5.06,5.06,5.06,5.06,7.74,7.74,8.93,8.93,5.95,5.95,5.95,5.95,5.95,5.95,8.33,9.53,9.53,8.33,5.36,5.36,5.36,5.36
N_22_12,N_24_13,6.01693488716779,6.14,6.14,6.14,6.14,6.14,6.14,9.39,9.39,10.83,10.83,7.22,7.22,7.22,7.22,7.22,7.22,10.11,11.55,11.55,10.11,6.5,6.5,6.5,6.5
N_22_12,N_24_14,3.4446475160892907,3.51,3.51,3.51,3.51,3.51,3.51,5.37,5.37,6.2,6.2,4.13,4.13,4.13,4.13,4.13,4.13,5.79,6.61,6.61,5.79,3.72,3.72,3.72,3.72
N_22_12,N_22_14,8.500199743269024,4.72,4.72,4.72,4.72,4.72,4.72,5.87,5.87,6.38,6.38,5.1,5.1,5.1,5.1,5.1,5.1,6.12,6.63,6.63,6.12,4.85,4.85,4.85,4.85
N_22_12,N_21_14,5.155252564227661,5.26,5.26,5.26,5.26,5.26,5.26,8.04,8.04,9.28,9.28,6.19,6.19,6.19,6.19,6.19,6.19,8.66,9.9,9.9,8.66,5.57,5.57,5.57,5.57
N_22_13,N_19_13,2.107254762235015,3.46,3.46,3.46,3.46,3.46,3.46,5.73,5.73,6.74,6.74,4.21,4.21,4.21,4.21,4.21,4.21,6.24,7.25,7.25,6.24,3.71,3.71,3.71,3.71
N_22_13,N_20_11,10.63434861593306,5.9,5.9,5.9,5.9,5.9,5.9,7.34,7.34,7.98,7.98,6.38,6.38,6.38,6.38,6.38,6.38,7.66,8.29,8.29,7.66,6.06,6.06,6.06,6.06
N_22_13,N_20_15,1.8643441936386371,3.06,3.06,3.06,3.06,3.06,3.06,5.07,5.07,5.97,5.97,3.73,3.73,3.73,3.73,3.73,3.73,5.52,6.41,6.41,5.52,3.28,3.28,3.28,3.28
N_22_13,N_21_12,3.623883676422409,3.7,3.7,3.7,3.7,3.7,3.7,5.65,5.65,6.52,6.52,4.35,4.35,4.35,4.35,4.35,4.35,6.09,6.96,6.96,6.09,3.91,3.91,3.91,3.91
N_22_13,N_22_14,9.275576472899587,5.15,5.15,5.15,5.15,5.15,5.15,6.4,6.4,6.96,6.96,5.57,5.57,5.57,5.57,5.57,5.57,6.68,7.23,7.23,6.68,5.29,5.29,5.29,5.29
N_22_13,N_22_11,4.7376697018421075,4.83,4.83,4.83,4.83,4.83,4.83,7.39,7.39,8.53,8.53,5.69,5.69,5.69,5.69,5.69,5.69,7.96,9.1,9.1,7.96,5.12,5.12,5.12,5.12
N_22_14,N_20_14,4.844817088666785,4.94,4.94,4.94,4.94,4.94,4.94,7.56,7.56,8.72,8.72,5.81,5.81,5.81,5.81,5.81,5.81,8.14,9.3,9.3,8.14,5.23,5.23,5.23,5.23
N_22_14,N_21_13,11.921491674577643,6.62,6.62,6.62,6.62,6.62,6.62,8.23,8.23,8.94,8.94,7.15,7.15,7.15,7.15,7.15,7.15,8.58,9.3,9.3,8.58,6.8,6.8,6.8,6.8
N_22_14,N_22_13,9.275576472899587,5.15,5.15,5.15,5.15,5.15,5.15,6.4,6.4,6.96,6.96,5.57,5.57,5.57,5.57,5.57,5.57,6.68,7.23,7.23,6.68,5.29,5.29,5.29,5.29
N_22_14,N_19_14,4.700901774305453,4.79,4.79,4.79,4.79,4.79,4.79,7.33,7.33,8.46,8.46,5.64,5.64,5.64,5.64,5.64,5.64,7.9,9.03,9.03,7.9,5.08,5.08,5.08,5.08
N_22_14,N_22_15,13.76178849879824,7.64,7.64,7.64,7.64,7.64,7.64,9.5,9.5,10.32,10.32,8.26,8.26,8.26,8.26,8.26,8.26,9.91,10.73,10.73,9.91,7.84,7.84,7.84,7.84
N_22_14,N_24_13,5.627971807512074,5.74,5.74,5.74,5.74,5.74,5.74,8.78,8.78,10.13,10.13,6.75,6.75,6.75,6.75,6.75,6.75,9.45,10.81,10.81,9.45,6.08,6.08,6.08,6.08
N_22_15,N_21_13,12.251997366877337,6.8,6.8,6.8,6.8,6.8,6.8,8.45,8.45,9.19,9.19,7.35,7.35,7.35,7.35,7.35,7.35,8.82,9.56,9.56,8.82,6.98,6.98,6.98,6.98
N_22_15,N_22_14,13.76178849879824,7.64,7.64,7.64,7.64,7.64,7.64,9.5,9.5,10.32,10.32,8.26,8.26,8.26,8.26,8.26,8.26,9.91,10.73,10.73,9.91,7.84,7.84,7.84,7.84
N_22_15,N_23_17,3.9733972467037124,4.05,4.05,4.05,4.05,4.05,4.05,6.2,6.2,7.15,7.15,4.77,4.77,4.77,4.77,4.77,4.77,6.68,7.63,7.63,6.68,4.29,4.29,4.29,4.29
N_22_15,N_19_15,5.760337785813772,5.88,5.88,5.88,5.88,5.88,5.88,8.99,8.99,10.37,10.37,6.91,6.91,6.91,6.91,6.91,6.91,9.68,11.06,11.06,9.68,6.22,6.22,6.22,6.22
N_22_15,N_21_15,3.4042573230142965,3.47,3.47,3.47,3.47,3.47,3.47,5.31,5.31,6.13,6.13,4.09,4.09,4.09,4.09,4.09,4.09,5.72,6.54,6.54,5.72,3.68,3.68,3.68,3.68
N_22_15,N_24_17,9.98384945313768,5.54,5.54,5.54,5.54,5.54,5.54,6.89,6.89,7.49,7.49,5.99,5.99,5.99,5.99,5.99,5.99,7.19,7.79,7.79,7.19,5.69,5.69,5.69,5.69
N_22_15,N_22_12,4.6018436869883175,4.69,4.69,4.69,4.69,4.69,4.69,7.18,7.18,8.28,8.28,5.52,5.52,5.52,5.52,5.52,5.52,7.73,8.84,8.84,7.73,4.97,4.97,4.97,4.97
N_22_16,N_19_16,3.7089468701202644,3.78,3.78,3.78,3.78,3.78,3.78,5.79,5.79,6.68,6.68,4.45,4.45,4.45,4.45,4.45,4.45,6.23,7.12,7.12,6.23,4.01,4.01,4.01,4.01
N_22_16,N_24_14,6.90171095352814,7.04,7.04,7.04,7.04,7.04,7.04,10.77,10.77,12.42,12.42,8.28,8.28,8.28,8.28,8.28,8.28,11.59,13.25,13.25,11.59,7.45,7.45,7.45,7.45
N_22_16,N_22_13,1.3604036136023339,2.23,2.23,2.23,2.23,2.23,2.23,3.7,3.7,4.35,4.35,2.72,2.72,2.72,2.72,2.72,2.72,4.03,4.68,4.68,4.03,2.39,2.39,2.39,2.39
N_22_16,N_23_14,1.4007255236157645,2.3,2.3,2.3,2.3,2.3,2.3,3.81,3.81,4.48,4.48,2.8,2.8,2.8,2.8,2.8,2.8,4.15,4.82,4.82,4.15,2.47,2.47,2.47,2.47
N_22_16,N_21_18,6.4430967088292235,6.57,6.57,6.57,6.57,6.57,6.57,10.05,10.05,11.6,11.6,7.73,7.73,7.73,7.73,7.73,7.73,10.82,12.37,12.37,10.82,6.96,6.96,6.96,6.96
N_22_17,N_23_18,4.687296837471976,4.78,4.78,4.78,4.78,4.78,4.78,7.31,7.31,8.44,8.44,5.62,5.62,5.62,5.62,5.62,5.62,7.87,9.0,9.0,7.87,5.06,5.06,5.06,5.06
N_22_17,N_24_16,3.018743942472798,3.08,3.08,3.08,3.08,3.08,3.08,4.71,4.71,5.43,5.43,3.62,3.62,3.62,3.62,3.62,3.62,5.07,5.8,5.8,5.07,3.26,3.26,3.26,3.26
N_22_17,N_21_19,11.648680080290493,6.47,6.47,6.47,6.47,6.47,6.47,8.04,8.04,8.74,8.74,6.99,6.99,6.99,6.99,6.99,6.99,8.39,9.09,9.09,8.39,6.64,6.64,6.64,6.64
N_22_17,N_22_14,8.480816026918601,4.71,4.71,4.71,4.71,4.71,4.71,5.85,5.85,6.36,6.36,5.09,5.09,5.09,5.09,5.09,5.09,6.11,6.62,6.62,6.11,4.83,4.83,4.83,4.83
N_22_17,N_21_18,3.139847692647616,3.2,3.2,3.2,3.2,3.2,3.2,4.9,4.9,5.65,5.65,3.77,3.77,3.77,3.77,3.77,3.77,5.27,6.03,6.03,5.27,3.39,3.39,3.39,3.39
N_22_17,N_24_17,1.4236543768480363,2.33,2.33,2.33,2.33,2.33,2.33,3.87,3.87,4.56,4.56,2.85,2.85,2.85,2.85,2.85,2.85,4.21,4.9,4.9,4.21,2.51,2.51,2.51,2.51
N_22_17,N_20_19,3.818950841866794,3.9,3.9,3.9,3.9,3.9,3.9,5.96,5.96,6.87,6.87,4.58,4.58,4.58,4.58,4.58,4.58,6.42,7.33,7.33,6.42,4.12,4.12,4.12,4.12
N_22_17,N_23_17,2.3380922272743745,3.83,3.83,3.83,3.83,3.83,3.83,6.36,6.36,7.48,7.48,4.68,4.68,4.68,4.68,4.68,4.68,6.92,8.04,8.04,6.92,4.12,4.12,4.12,4.12
N_22_18,N_21_20,11.680771762978235,6.48,6.48,6.48,6.48,6.48,6.48,8.06,8.06,8.76,8.76,7.01,7.01,7.01,7.01,7.01,7.01,8.41,9.11,9.11,8.41,6.66,6.66,6.66,6.66
N_22_18,N_20_18,4.813150558354236,4.91,4.91,4.91,4.91,4.91,4.91,7.51,7.51,8.66,8.66,5.78,5.78,5.78,5.78,5.78,5.78,8.09,9.24,9.24,8.09,5.2,5.2,5.2,5.2
N_22_18,N_22_17,5.367910692602054,5.48,5.48,5.48,5.48,5.48,5.48,8.37,8.37,9.66,9.66,6.44,6.44,6.44,6.44,6.44,6.44,9.02,10.31,10.31,9.02,5.8,5.8,5.8,5.8
N_22_18,N_24_18,1.6506889374816631,2.71,2.71,2.71,2.71,2.71,2.71,4.49,4.49,5.28,5.28,3.3,3.3,3.3,3.3,3.3,3.3,4.89,5.68,5.68,4.89,2.91,2.91,2.91,2.91
N_22_18,N_23_18,11.467079749814596,6.36,6.36,6.36,6.36,6.36,6.36,7.91,7.91,8.6,8.6,6.88,6.88,6.88,6.88,6.88,6.88,8.26,8.94,8.94,8.26,6.54,6.54,6.54,6.54
N_22_18,N_22_15,6.6697709160827285,6.8,6.8,6.8,6.8,6.8,6.8,10.4,10.4,12.01,12.01,8.0,8.0,8.0,8.0,8.0,8.0,11.21,12.81,12.81,11.21,7.2,7.2,7.2,7.2
N_22_19,N_20_17,14.77484659831023,8.2,8.2,8.2,8.2,8.2,8.2,10.19,10.19,11.08,11.08,8.86,8.86,8.86,8.86,8.86,8.86,10.64,11.52,11.52,10.64,8.42,8.42,8.42,8.42
N_22_19,N_24_17,2.4702386128875338,4.05,4.05,4.05,4.05,4.05,4.05,6.72,6.72,7.9,7.9,4.94,4.94,4.94,4.94,4.94,4.94,7.31,8.5,8.5,7.31,4.35,4.35,4.35,4.35
N_22_19,N_21_19,6.356574887993943,6.48,6.48,6.48,6.48,6.48,6.48,9.92,9.92,11.44,11.44,7.63,7.63,7.63,7.63,7.63,7.63,10.68,12.2,12.2,10.68,6.87,6.87,6.87,6.87
N_22_2,N_22_1,5.554514295304535,5.67,5.67,5.67,5.67,5.67,5.67,8.67,8.67,10.0,10.0,6.67,6.67,6.67,6.67,6.67,6.67,9.33,10.66,10.66,9.33,6.0,6.0,6.0,6.0
N_22_2,N_19_2,6.317600376935866,6.44,6.44,6.44,6.44,6.44,6.44,9.86,9.86,11.37,11.37,7.58,7.58,7.58,7.58,7.58,7.58,10.61,12.13,12.13,10.61,6.82,6.82,6.82,6.82
N_22_2,N_24_4,5.4201714102165806,5.53,5.53,5.53,5.53,5.53,5.53,8.46,8.46,9.76,9.76,6.5,6.5,6.5,6.5,6.5,6.5,9.11,10.41,10.41,9.11,5.85,5.85,5.85,5.85
N_22_2,N_23_1,13.781332600551911,7.65,7.65,7.65,7.65,7.65,7.65,9.51,9.51,10.34,10.34,8.27,8.27,8.27,8.27,8.27,8.27,9.92,10.75,10.75,9.92,7.86,7.86,7.86,7.86
N_22_2,N_22_0,0.8725794187925919,1.43,1.43,1.43,1.43,1.43,1.43,2.37,2.37,2.79,2.79,1.75,1.75,1.75,1.75,1.75,1.75,2.58,3.0,3.0,2.58,1.54,1.54,1.54,1.54
N_22_2,N_24_0,9.851551618521437,5.47,5.47,5.47,5.47,5.47,5.47,6.8,6.8,7.39,7.39,5.91,5.91,5.91,5.91,5.91,5.91,7.09,7.68,7.68,7.09,5.62,5.62,5.62,5.62
N_22_20,N_21_18,4.9451598169670765,5.04,5.04,5.04,5.04,5.04,5.04,7.71,7.71,8.9,8.9,5.93,5.93,5.93,5.93,5.93,5.93,8.31,9.49,9.49,8.31,5.34,5.34,5.34,5.34
N_22_20,N_21_22,3.5454416805143696,3.62,3.62,3.62,3.62,3.62,3.62,5.53,5.53,6.38,6.38,4.25,4.25,4.25,4.25,4.25,4.25,5.96,6.81,6.81,5.96,3.83,3.83,3.83,3.83
N_22_20,N_22_19,10.598619900530684,5.88,5.88,5.88,5.88,5.88,5.88,7.31,7.31,7.95,7.95,6.36,6.36,6.36,6.36,6.36,6.36,7.63,8.27,8.27,7.63,6.04,6.04,6.04,6.04
N_22_20,N_20_20,1.7864930938971542,2.93,2.93,2.93,2.93,2.93,2.93,4.86,4.86,5.72,5.72,3.57,3.57,3.57,3.57,3.57,3.57,5.29,6.15,6.15,5.29,3.14,3.14,3.14,3.14
N_22_20,N_22_21,5.46450255243678,5.57,5.57,5.57,5.57,5.57,5.57,8.52,8.52,9.84,9.84,6.56,6.56,6.56,6.56,6.56,6.56,9.18,10.49,10.49,9.18,5.9,5.9,5.9,5.9
N_22_20,N_20_18,3.577771429544639,3.65,3.65,3.65,3.65,3.65,3.65,5.58,5.58,6.44,6.44,4.29,4.29,4.29,4.29,4.29,4.29,6.01,6.87,6.87,6.01,3.86,3.86,3.86,3.86
N_22_21,N_20_23,4.5403862775004855,4.63,4.63,4.63,4.63,4.63,4.63,7.08,7.08,8.17,8.17,5.45,5.45,5.45,5.45,5.45,5.45,7.63,8.72,8.72,7.63,4.9,4.9,4.9,4.9
N_22_21,N_21_23,14.231741646565276,7.9,7.9,7.9,7.9,7.9,7.9,9.82,9.82,10.67,10.67,8.54,8.54,8.54,8.54,8.54,8.54,10.25,11.1,11.1,10.25,8.11,8.11,8.11,8.11
N_22_21,N_22_20,5.46450255243678,5.57,5.57,5.57,5.57,5.57,5.57,8.52,8.52,9.84,9.84,6.56,6.56,6.56,6.56,6.56,6.56,9.18,10.49,10.49,9.18,5.9,5.9,5.9,5.9
N_22_21,N_23_23,13.799060548491767,7.66,7.66,7.66,7.66,7.66,7.66,9.52,9.52,10.35,10.35,8.28,8.28,8.28,8.28,8.28,8.28,9.94,10.76,10.76,9.94,7.87,7.87,7.87,7.87
N_22_21,N_21_19,10.678003368384266,5.93,5.93,5.93,5.93,5.93,5.93,7.37,7.37,8.01,8.01,6.41,6.41,6.41,6.41,6.41,6.41,7.69,8.33,8.33,7.69,6.09,6.09,6.09,6.09
N_22_21,N_21_21,3.8604489281851206,3.94,3.94,3.94,3.94,3.94,3.94,6.02,6.02,6.95,6.95,4.63,4.63,4.63,4.63,4.63,4.63,6.49,7.41,7.41,6.49,4.17,4.17,4.17,4.17
N_22_22,N_21_21,5.419660786181344,5.53,5.53,5.53,5.53,5.53,5.53,8.45,8.45,9.76,9.76,6.5,6.5,6.5,6.5,6.5,6.5,9.11,10.41,10.41,9.11,5.85,5.85,5.85,5.85
N_22_22,N_23_24,9.703765064149577,5.39,5.39,5.39,5.39,5.39,5.39,6.7,6.7,7.28,7.28,5.82,5.82,5.82,5.82,5.82,5.82,6.99,7.57,7.57,6.99,5.53,5.53,5.53,5.53
N_22_22,N_20_21,6.8627873960830055,7.0,7.0,7.0,7.0,7.0,7.0,10.71,10.71,12.35,12.35,8.24,8.24,8.24,8.24,8.24,8.24,11.53,13.18,13.18,11.53,7.41,7.41,7.41,7.41
N_22_22,N_21_20,5.461343749209616,5.57,5.57,5.57,5.57,5.57,5.57,8.52,8.52,9.83,9.83,6.55,6.55,6.55,6.55,6.55,6.55,9.18,10.49,10.49,9.18,5.9,5.9,5.9,5.9
N_22_22,N_24_20,3.138429154585257,3.2,3.2,3.2,3.2,3.2,3.2,4.9,4.9,5.65,5.65,3.77,3.77,3.77,3.77,3.77,3.77,5.27,6.03,6.03,5.27,3.39,3.39,3.39,3.39
N_22_22,N_20_20,8.764099556426382,4.86,4.86,4.86,4.86,4.86,4.86,6.05,6.05,6.57,6.57,5.26,5.26,5.26,5.26,5.26,5.26,6.31,6.84,6.84,6.31,5.0,5.0,5.0,5.0
N_22_23,N_20_22,4.225573010590029,4.31,4.31,4.31,4.31,4.31,4.31,6.59,6.59,7.61,7.61,5.07,5.07,5.07,5.07,5.07,5.07,7.1,8.11,8.11,7.1,4.56,4.56,4.56,4.56
N_22_23,N_24_22,0.78939950205464,1.29,1.29,1.29,1.29,1.29,1.29,2.15,2.15,2.53,2.53,1.58,1.58,1.58,1.58,1.58,1.58,2.34,2.72,2.72,2.34,1.39,1.39,1.39,1.39
N_22_23,N_22_22,6.42731418569441,6.56,6.56,6.56,6.56,6.56,6.56,10.03,10.03,11.57,11.57,7.71,7.71,7.71,7.71,7.71,7.71,10.8,12.34,12.34,10.8,6.94,6.94,6.94,6.94
N_22_23,N_24_25,10.523821383785998,5.84,5.84,5.84,5.84,5.84,5.84,7.26,7.26,7.89,7.89,6.31,6.31,6.31,6.31,6.31,6.31,7.58,8.21,8.21,7.58,6.0,6.0,6.0,6.0
N_22_23,N_23_21,3.576282928655184,3.65,3.65,3.65,3.65,3.65,3.65,5.58,5.58,6.44,6.44,4.29,4.29,4.29,4.29,4.29,4.29,6.01,6.87,6.87,6.01,3.86,3.86,3.86,3.86
N_22_23,N_21_25,1.0397562050123335,1.71,1.71,1.71,1.71,1.71,1.71,2.83,2.83,3.33,3.33,2.08,2.08,2.08,2.08,2.08,2.08,3.08,3.58,3.58,3.08,1.83,1.83,1.83,1.83
N_22_24,N_24_26,4.200431785589459,4.28,4.28,4.28,4.28,4.28,4.28,6.55,6.55,7.56,7.56,5.04,5.04,5.04,5.04,5.04,5.04,7.06,8.06,8.06,7.06,4.54,4.54,4.54,4.54
N_22_24,N_20_26,1.8542544712712843,3.04,3.04,3.04,3.04,3.04,3.04,5.04,5.04,5.93,5.93,3.71,3.71,3.71,3.71,3.71,3.71,5.49,6.38,6.38,5.49,3.26,3.26,3.26,3.26
N_22_24,N_22_27,5.768167178603717,5.88,5.88,5.88,5.88,5.88,5.88,9.0,9.0,10.38,10.38,6.92,6.92,6.92,6.92,6.92,6.92,9.69,11.07,11.07,9.69,6.23,6.23,6.23,6.23
N_22_24,N_21_24,4.529059709222775,4.62,4.62,4.62,4.62,4.62,4.62,7.07,7.07,8.15,8.15,5.43,5.43,5.43,5.43,5.43,5.43,7.61,8.7,8.7,7.61,4.89,4.89,4.89,4.89
N_22_24,N_24_23,12.671903861858553,7.03,7.03,7.03,7.03,7.03,7.03,8.74,8.74,9.5,9.5,7.6,7.6,7.6,7.6,7.6,7.6,9.12,9.88,9.88,9.12,7.22,7.22,7.22,7.22
N_22_25,N_19_25,13.632152348038487,7.57,7.57,7.57,7.57,7.57,7.57,9.41,9.41,10.22,10.22,8.18,8.18,8.18,8.18,8.18,8.18,9.82,10.63,10.63,9.82,7.77,7.77,7.77,7.77
N_22_25,N_21_26,12.492284600372358,6.93,6.93,6.93,6.93,6.93,6.93,8.62,8.62,9.37,9.37,7.5,7.5,7.5,7.5,7.5,7.5,8.99,9.74,9.74,8.99,7.12,7.12,7.12,7.12
N_22_25,N_23_27,4.035271615494358,4.12,4.12,4.12,4.12,4.12,4.12,6.3,6.3,7.26,7.26,4.84,4.84,4.84,4.84,4.84,4.84,6.78,7.75,7.75,6.78,4.36,4.36,4.36,4.36
N_22_25,N_24_24,13.746050637971194,7.63,7.63,7.63,7.63,7.63,7.63,9.48,9.48,10.31,10.31,8.25,8.25,8.25,8.25,8.25,8.25,9.9,10.72,10.72,9.9,7.84,7.84,7.84,7.84
N_22_25,N_22_26,11.951885817697258,6.63,6.63,6.63,6.63,6.63,6.63,8.25,8.25,8.96,8.96,7.17,7.17,7.17,7.17,7.17,7.17,8.61,9.32,9.32,8.61,6.81,6.81,6.81,6.81
N_22_25,N_20_26,3.343016130840278,3.41,3.41,3.41,3.41,3.41,3.41,5.22,5.22,6.02,6.02,4.01,4.01,4.01,4.01,4.01,4.01,5.62,6.42,6.42,5.62,3.61,3.61,3.61,3.61
N_22_25,N_22_28,11.99896422891944,6.66,6.66,6.66,6.66,6.66,6.66,8.28,8.28,9.0,9.0,7.2,7.2,7.2,7.2,7.2,7.2,8.64,9.36,9.36,8.64,6.84,6.84,6.84,6.84
N_22_26,N_22_25,11.951885817697258,6.63,6.63,6.63,6.63,6.63,6.63,8.25,8.25,8.96,8.96,7.17,7.17,7.17,7.17,7.17,7.17,8.61,9.32,9.32,8.61,6.81,6.81,6.81,6.81
N_22_26,N_23_24,3.592136821580407,3.66,3.66,3.66,3.66,3.66,3.66,5.6,5.6,6.47,6.47,4.31,4.31,4.31,4.31,4.31,4.31,6.03,6.9,6.9,6.03,3.88,3.88,3.88,3.88
N_22_26,N_19_26,14.98509750638528,8.32,8.32,8.32,8.32,8.32,8.32,10.34,10.34,11.24,11.24,8.99,8.99,8.99,8.99,8.99,8.99,10.79,11.69,11.69,10.79,8.54,8.54,8.54,8.54
N_22_26,N_23_25,5.745276926124108,5.86,5.86,5.86,5.86,5.86,5.86,8.96,8.96,10.34,10.34,6.89,6.89,6.89,6.89,6.89,6.89,9.65,11.03,11.03,9.65,6.2,6.2,6.2,6.2
N_22_26,N_20_25,1.2185592338839526,2.0,2.0,2.0,2.0,2.0,2.0,3.31,3.31,3.9,3.9,2.44,2.44,2.44,2.44,2.44,2.44,3.61,4.19,4.19,3.61,2.14,2.14,2.14,2.14
N_22_26,N_24_27,2.0227249893218877,3.32,3.32,3.32,3.32,3.32,3.32,5.5,5.5,6.47,6.47,4.05,4.05,4.05,4.05,4.05,4.05,5.99,6.96,6.96,5.99,3.56,3.56,3.56,3.56
N_22_27,N_22_24,5.768167178603717,5.88,5.88,5.88,5.88,5.88,5.88,9.0,9.0,10.38,10.38,6.92,6.92,6.92,6.92,6.92,6.92,9.69,11.07,11.07,9.69,6.23,6.23,6.23,6.23
N_22_27,N_21_27,6.0118742806131396,6.13,6.13,6.13,6.13,6.13,6.13,9.38,9.38,10.82,10.82,7.21,7.21,7.21,7.21,7.21,7.21,10.1,11.54,11.54,10.1,6.49,6.49,6.49,6.49
N_22_27,N_22_30,0.7777274353133288,1.28,1.28,1.28,1.28,1.28,1.28,2.12,2.12,2.49,2.49,1.56,1.56,1.56,1.56,1.56,1.56,2.3,2.68,2.68,2.3,1.37,1.37,1.37,1.37
N_22_27,N_23_29,1.9843291168163595,3.25,3.25,3.25,3.25,3.25,3.25,5.4,5.4,6.35,6.35,3.97,3.97,3.97,3.97,3.97,3.97,5.87,6.83,6.83,5.87,3.49,3.49,3.49,3.49
N_22_27,N_23_25,6.093337493454506,6.22,6.22,6.22,6.22,6.22,6.22,9.51,9.51,10.97,10.97,7.31,7.31,7.31,7.31,7.31,7.31,10.24,11.7,11.7,10.24,6.58,6.58,6.58,6.58
N_22_28,N_24_30,3.977274088653691,4.06,4.06,4.06,4.06,4.06,4.06,6.2,6.2,7.16,7.16,4.77,4.77,4.77,4.77,4.77,4.77,6.68,7.64,7.64,6.68,4.3,4.3,4.3,4.3
N_22_28,N_24_26,1.5467827451583813,2.54,2.54,2.54,2.54,2.54,2.54,4.21,4.21,4.95,4.95,3.09,3.09,3.09,3.09,3.09,3.09,4.58,5.32,5.32,4.58,2.72,2.72,2.72,2.72
N_22_28,N_24_29,12.228903404526946,6.79,6.79,6.79,6.79,6.79,6.79,8.44,8.44,9.17,9.17,7.34,7.34,7.34,7.34,7.34,7.34,8.8,9.54,9.54,8.8,6.97,6.97,6.97,6.97
N_22_28,N_22_27,4.31890435520555,4.41,4.41,4.41,4.41,4.41,4.41,6.74,6.74,7.77,7.77,5.18,5.18,5.18,5.18,5.18,5.18,7.26,8.29,8.29,7.26,4.66,4.66,4.66,4.66
N_22_28,N_20_27,6.219423452289281,6.34,6.34,6.34,6.34,6.34,6.34,9.7,9.7,11.19,11.19,7.46,7.46,7.46,7.46,7.46,7.46,10.45,11.94,11.94,10.45,6.72,6.72,6.72,6.72
N_22_28,N_21_28,12.451453803616907,6.91,6.91,6.91,6.91,6.91,6.91,8.59,8.59,9.34,9.34,7.47,7.47,7.47,7.47,7.47,7.47,8.97,9.71,9.71,8.97,7.1,7.1,7.1,7.1
N_22_28,N_23_30,3.273654352516497,3.34,3.34,3.34,3.34,3.34,3.34,5.11,5.11,5.89,5.89,3.93,3.93,3.93,3.93,3.93,3.93,5.5,6.29,6.29,5.5,3.54,3.54,3.54,3.54
N_22_29,N_20_30,13.843274723337508,7.68,7.68,7.68,7.68,7.68,7.68,9.55,9.55,10.38,10.38,8.31,8.31,8.31,8.31,8.31,8.31,9.97,10.8,10.8,9.97,7.89,7.89,7.89,7.89
N_22_29,N_21_27,14.18168476838806,7.87,7.87,7.87,7.87,7.87,7.87,9.79,9.79,10.64,10.64,8.51,8.51,8.51,8.51,8.51,8.51,10.21,11.06,11.06,10.21,8.08,8.08,8.08,8.08
N_22_29,N_19_29,3.6088301813796315,3.68,3.68,3.68,3.68,3.68,3.68,5.63,5.63,6.5,6.5,4.33,4.33,4.33,4.33,4.33,4.33,6.06,6.93,6.93,6.06,3.9,3.9,3.9,3.9
N_22_29,N_23_30,11.12716851514015,6.18,6.18,6.18,6.18,6.18,6.18,7.68,7.68,8.35,8.35,6.68,6.68,6.68,6.68,6.68,6.68,8.01,8.68,8.68,8.01,6.34,6.34,6.34,6.34
N_22_29,N_20_29,8.007900148965735,4.44,4.44,4.44,4.44,4.44,4.44,5.53,5.53,6.01,6.01,4.8,4.8,4.8,4.8,4.8,4.8,5.77,6.25,6.25,5.77,4.56,4.56,4.56,4.56
N_22_29,N_24_31,6.548970284164779,6.68,6.68,6.68,6.68,6.68,6.68,10.22,10.22,11.79,11.79,7.86,7.86,7.86,7.86,7.86,7.86,11.0,12.57,12.57,11.0,7.07,7.07,7.07,7.07
N_22_3,N_20_5,4.066220214173381,4.15,4.15,4.15,4.15,4.15,4.15,6.34,6.34,7.32,7.32,4.88,4.88,4.88,4.88,4.88,4.88,6.83,7.81,7.81,6.83,4.39,4.39,4.39,4.39
N_22_3,N_21_2,3.8254802652170197,3.9,3.9,3.9,3.9,3.9,3.9,5.97,5.97,6.89,6.89,4.59,4.59,4.59,4.59,4.59,4.59,6.43,7.34,7.34,6.43,4.13,4.13,4.13,4.13
N_22_3,N_24_1,6.753072442693808,6.89,6.89,6.89,6.89,6.89,6.89,10.53,10.53,12.16,12.16,8.1,8.1,8.1,8.1,8.1,8.1,11.35,12.97,12.97,11.35,7.29,7.29,7.29,7.29
N_22_3,N_22_5,6.898211339931606,7.04,7.04,7.04,7.04,7.04,7.04,10.76,10.76,12.42,12.42,8.28,8.28,8.28,8.28,8.28,8.28,11.59,13.24,13.24,11.59,7.45,7.45,7.45,7.45
N_22_30,N_20_28,14.099499787604612,7.83,7.83,7.83,7.83,7.83,7.83,9.73,9.73,10.57,10.57,8.46,8.46,8.46,8.46,8.46,8.46,10.15,11.0,11.0,10.15,8.04,8.04,8.04,8.04
N_22_30,N_20_30,3.7650513304628372,3.84,3.84,3.84,3.84,3.84,3.84,5.87,5.87,6.78,6.78,4.52,4.52,4.52,4.52,4.52,4.52,6.33,7.23,7.23,6.33,4.07,4.07,4.07,4.07
N_22_30,N_21_32,1.9224575962497215,3.15,3.15,3.15,3.15,3.15,3.15,5.23,5.23,6.15,6.15,3.84,3.84,3.84,3.84,3.84,3.84,5.69,6.61,6.61,5.69,3.38,3.38,3.38,3.38
N_22_30,N_22_27,0.7777274353133288,1.28,1.28,1.28,1.28,1.28,1.28,2.12,2.12,2.49,2.49,1.56,1.56,1.56,1.56,1.56,1.56,2.3,2.68,2.68,2.3,1.37,1.37,1.37,1.37
N_22_30,N_21_30,5.98255043945835,6.1,6.1,6.1,6.1,6.1,6.1,9.33,9.33,10.77,10.77,7.18,7.18,7.18,7.18,7.18,7.18,10.05,11.49,11.49,10.05,6.46,6.46,6.46,6.46
N_22_31,N_20_33,10.656380595205167,5.91,5.91,5.91,5.91,5.91,5.91,7.35,7.35,7.99,7.99,6.39,6.39,6.39,6.39,6.39,6.39,7.67,8.31,8.31,7.67,6.07,6.07,6.07,6.07
N_22_31,N_21_30,2.4569388097495732,4.03,4.03,4.03,4.03,4.03,4.03,6.68,6.68,7.86,7.86,4.91,4.91,4.91,4.91,4.91,4.91,7.27,8.45,8.45,7.27,4.32,4.32,4.32,4.32
N_22_31,N_24_30,12.438091621539893,6.9,6.9,6.9,6.9,6.9,6.9,8.58,8.58,9.33,9.33,7.46,7.46,7.46,7.46,7.46,7.46,8.96,9.7,9.7,8.96,7.09,7.09,7.09,7.09
N_22_31,N_24_33,0.7141418549722318,1.17,1.17,1.17,1.17,1.17,1.17,1.94,1.94,2.29,2.29,1.43,1.43,1.43,1.43,1.43,1.43,2.11,2.46,2.46,2.11,1.26,1.26,1.26,1.26
N_22_31,N_20_29,10.56165662031281,5.86,5.86,5.86,5.86,5.86,5.86,7.29,7.29,7.92,7.92,6.34,6.34,6.34,6.34,6.34,6.34,7.6,8.24,8.24,7.6,6.02,6.02,6.02,6.02
N_22_32,N_20_32,12.868162932009028,7.14,7.14,7.14,7.14,7.14,7.14,8.88,8.88,9.65,9.65,7.72,7.72,7.72,7.72,7.72,7.72,9.27,10.04,10.04,9.27,7.33,7.33,7.33,7.33
N_22_32,N_20_33,13.524937775353019,7.51,7.51,7.51,7.51,7.51,7.51,9.33,9.33,10.14,10.14,8.11,8.11,8.11,8.11,8.11,8.11,9.74,10.55,10.55,9.74,7.71,7.71,7.71,7.71
N_22_32,N_22_29,6.389216048070953,6.52,6.52,6.52,6.52,6.52,6.52,9.97,9.97,11.5,11.5,7.67,7.67,7.67,7.67,7.67,7.67,10.73,12.27,12.27,10.73,6.9,6.9,6.9,6.9
N_22_32,N_20_30,4.404329566117594,4.49,4.49,4.49,4.49,4.49,4.49,6.87,6.87,7.93,7.93,5.29,5.29,5.29,5.29,5.29,5.29,7.4,8.46,8.46,7.4,4.76,4.76,4.76,4.76
N_22_32,N_23_31,3.610571022508315,3.68,3.68,3.68,3.68,3.68,3.68,5.63,5.63,6.5,6.5,4.33,4.33,4.33,4.33,4.33,4.33,6.07,6.93,6.93,6.07,3.9,3.9,3.9,3.9
N_22_33,N_22_34,2.4471086285348895,4.01,4.01,4.01,4.01,4.01,4.01,6.66,6.66,7.83,7.83,4.89,4.89,4.89,4.89,4.89,4.89,7.24,8.42,8.42,7.24,4.31,4.31,4.31,4.31
N_22_33,N_24_34,4.087500924220533,4.17,4.17,4.17,4.17,4.17,4.17,6.38,6.38,7.36,7.36,4.91,4.91,4.91,4.91,4.91,4.91,6.87,7.85,7.85,6.87,4.41,4.41,4.41,4.41
N_22_33,N_21_31,13.08240742187897,7.26,7.26,7.26,7.26,7.26,7.26,9.03,9.03,9.81,9.81,7.85,7.85,7.85,7.85,7.85,7.85,9.42,10.2,10.2,9.42,7.46,7.46,7.46,7.46
N_22_33,N_20_34,5.190735016833555,5.29,5.29,5.29,5.29,5.29,5.29,8.1,8.1,9.34,9.34,6.23,6.23,6.23,6.23,6.23,6.23,8.72,9.97,9.97,8.72,5.61,5.61,5.61,5.61
N_22_33,N_23_35,10.353948954749177,5.75,5.75,5.75,5.75,5.75,5.75,7.14,7.14,7.77,7.77,6.21,6.21,6.21,6.21,6.21,6.21,7.45,8.08,8.08,7.45,5.9,5.9,5.9,5.9
N_22_33,N_19_33,1.709202494297248,2.8,2.8,2.8,2.8,2.8,2.8,4.65,4.65,5.47,5.47,3.42,3.42,3.42,3.42,3.42,3.42,5.06,5.88,5.88,5.06,3.01,3.01,3.01,3.01
N_22_34,N_20_35,5.202923059645867,5.31,5.31,5.31,5.31,5.31,5.31,8.12,8.12,9.37,9.37,6.24,6.24,6.24,6.24,6.24,6.24,8.74,9.99,9.99,8.74,5.62,5.62,5.62,5.62
N_22_34,N_22_33,2.4471086285348895,4.01,4.01,4.01,4.01,4.01,4.01,6.66,6.66,7.83,7.83,4.89,4.89,4.89,4.89,4.89,4.89,7.24,8.42,8.42,7.24,4.31,4.31,4.31,4.31
N_22_34,N_21_35,9.577431137573289,5.32,5.32,5.32,5.32,5.32,5.32,6.61,6.61,7.18,7.18,5.75,5.75,5.75,5.75,5.75,5.75,6.9,7.47,7.47,6.9,5.46,5.46,5.46,5.46
N_22_34,N_24_34,5.00177117807959,5.1,5.1,5.1,5.1,5.1,5.1,7.8,7.8,9.0,9.0,6.0,6.0,6.0,6.0,6.0,6.0,8.4,9.6,9.6,8.4,5.4,5.4,5.4,5.4
N_22_34,N_20_34,1.9480313072319757,3.19,3.19,3.19,3.19,3.19,3.19,5.3,5.3,6.23,6.23,3.9,3.9,3.9,3.9,3.9,3.9,5.77,6.7,6.7,5.77,3.43,3.43,3.43,3.43
N_22_35,N_21_35,3.754208233146911,3.83,3.83,3.83,3.83,3.83,3.83,5.86,5.86,6.76,6.76,4.51,4.51,4.51,4.51,4.51,4.51,6.31,7.21,7.21,6.31,4.05,4.05,4.05,4.05
N_22_35,N_20_35,3.2038308176682992,3.27,3.27,3.27,3.27,3.27,3.27,5.0,5.0,5.77,5.77,3.84,3.84,3.84,3.84,3.84,3.84,5.38,6.15,6.15,5.38,3.46,3.46,3.46,3.46
N_22_35,N_24_34,1.3477678895621192,2.21,2.21,2.21,2.21,2.21,2.21,3.67,3.67,4.31,4.31,2.7,2.7,2.7,2.7,2.7,2.7,3.99,4.64,4.64,3.99,2.37,2.37,2.37,2.37
N_22_36,N_23_37,14.557507472663424,8.08,8.08,8.08,8.08,8.08,8.08,10.04,10.04,10.92,10.92,8.73,8.73,8.73,8.73,8.73,8.73,10.48,11.35,11.35,10.48,8.3,8.3,8.3,8.3
N_22_36,N_21_38,13.251487156964927,7.35,7.35,7.35,7.35,7.35,7.35,9.14,9.14,9.94,9.94,7.95,7.95,7.95,7.95,7.95,7.95,9.54,10.34,10.34,9.54,7.55,7.55,7.55,7.55
N_22_36,N_21_35,13.758449683088386,7.64,7.64,7.64,7.64,7.64,7.64,9.49,9.49,10.32,10.32,8.26,8.26,8.26,8.26,8.26,8.26,9.91,10.73,10.73,9.91,7.84,7.84,7.84,7.84
N_22_36,N_23_36,3.182348721643516,3.25,3.25,3.25,3.25,3.25,3.25,4.96,4.96,5.73,5.73,3.82,3.82,3.82,3.82,3.82,3.82,5.35,6.11,6.11,5.35,3.44,3.44,3.44,3.44
N_22_37,N_20_36,12.835123342717996,7.12,7.12,7.12,7.12,7.12,7.12,8.86,8.86,9.63,9.63,7.7,7.7,7.7,7.7,7.7,7.7,9.24,10.01,10.01,9.24,7.32,7.32,7.32,7.32
N_22_37,N_21_39,5.684649897669414,5.8,5.8,5.8,5.8,5.8,5.8,8.87,8.87,10.23,10.23,6.82,6.82,6.82,6.82,6.82,6.82,9.55,10.91,10.91,9.55,6.14,6.14,6.14,6.14
N_22_37,N_20_35,5.824675205927487,5.94,5.94,5.94,5.94,5.94,5.94,9.09,9.09,10.48,10.48,6.99,6.99,6.99,6.99,6.99,6.99,9.79,11.18,11.18,9.79,6.29,6.29,6.29,6.29
N_22_37,N_19_37,1.6162234176469523,2.65,2.65,2.65,2.65,2.65,2.65,4.4,4.4,5.17,5.17,3.23,3.23,3.23,3.23,3.23,3.23,4.78,5.56,5.56,4.78,2.84,2.84,2.84,2.84
N_22_37,N_21_36,8.96321274679696,4.97,4.97,4.97,4.97,4.97,4.97,6.18,6.18,6.72,6.72,5.38,5.38,5.38,5.38,5.38,5.38,6.45,6.99,6.99,6.45,5.11,5.11,5.11,5.11
N_22_37,N_24_37,5.860235489210415,5.98,5.98,5.98,5.98,5.98,5.98,9.14,9.14,10.55,10.55,7.03,7.03,7.03,7.03,7.03,7.03,9.85,11.25,11.25,9.85,6.33,6.33,6.33,6.33
N_22_37,N_24_38,0.7115672443323131,1.17,1.17,1.17,1.17,1.17,1.17,1.94,1.94,2.28,2.28,1.42,1.42,1.42,1.42,1.42,1.42,2.11,2.45,2.45,2.11,1.25,1.25,1.25,1.25
N_22_37,N_22_36,3.444272779798425,3.51,3.51,3.51,3.51,3.51,3.51,5.37,5.37,6.2,6.2,4.13,4.13,4.13,4.13,4.13,4.13,5.79,6.61,6.61,5.79,3.72,3.72,3.72,3.72
N_22_38,N_20_37,6.35473063526697,6.48,6.48,6.48,6.48,6.48,6.48,9.91,9.91,11.44,11.44,7.63,7.63,7.63,7.63,7.63,7.63,10.68,12.2,12.2,10.68,6.86,6.86,6.86,6.86
N_22_38,N_21_37,5.188119531122576,5.29,5.29,5.29,5.29,5.29,5.29,8.09,8.09,9.34,9.34,6.23,6.23,6.23,6.23,6.23,6.23,8.72,9.96,9.96,8.72,5.6,5.6,5.6,5.6
N_22_38,N_22_35,4.465345614682976,4.55,4.55,4.55,4.55,4.55,4.55,6.97,6.97,8.04,8.04,5.36,5.36,5.36,5.36,5.36,5.36,7.5,8.57,8.57,7.5,4.82,4.82,4.82,4.82
N_22_38,N_23_37,1.5010025952976618,2.46,2.46,2.46,2.46,2.46,2.46,4.08,4.08,4.8,4.8,3.0,3.0,3.0,3.0,3.0,3.0,4.44,5.16,5.16,4.44,2.64,2.64,2.64,2.64
N_22_39,N_21_39,14.031572232058707,7.79,7.79,7.79,7.79,7.79,7.79,9.68,9.68,10.52,10.52,8.42,8.42,8.42,8.42,8.42,8.42,10.1,10.94,10.94,10.1,8.0,8.0,8.0,8.0
N_22_39,N_20_38,6.387663735624937,6.52,6.52,6.52,6.52,6.52,6.52,9.96,9.96,11.5,11.5,7.67,7.67,7.67,7.67,7.67,7.67,10.73,12.26,12.26,10.73,6.9,6.9,6.9,6.9
N_22_39,N_23_37,3.079692405132459,3.14,3.14,3.14,3.14,3.14,3.14,4.8,4.8,5.54,5.54,3.7,3.7,3.7,3.7,3.7,3.7,5.17,5.91,5.91,5.17,3.33,3.33,3.33,3.33
N_22_39,N_24_37,4.42602923710028,4.51,4.51,4.51,4.51,4.51,4.51,6.9,6.9,7.97,7.97,5.31,5.31,5.31,5.31,5.31,5.31,7.44,8.5,8.5,7.44,4.78,4.78,4.78,4.78
N_22_39,N_23_38,3.9836312704701475,4.06,4.06,4.06,4.06,4.06,4.06,6.21,6.21,7.17,7.17,4.78,4.78,4.78,4.78,4.78,4.78,6.69,7.65,7.65,6.69,4.3,4.3,4.3,4.3
N_22_39,N_21_38,1.2293542429355002,2.02,2.02,2.02,2.02,2.02,2.02,3.34,3.34,3.93,3.93,2.46,2.46,2.46,2.46,2.46,2.46,3.64,4.23,4.23,3.64,2.16,2.16,2.16,2.16
N_22_4,N_22_1,5.928994694226878,6.05,6.05,6.05,6.05,6.05,6.05,9.25,9.25,10.67,10.67,7.11,7.11,7.11,7.11,7.11,7.11,9.96,11.38,11.38,9.96,6.4,6.4,6.4,6.4
N_22_4,N_21_3,6.462810135547262,6.59,6.59,6.59,6.59,6.59,6.59,10.08,10.08,11.63,11.63,7.76,7.76,7.76,7.76,7.76,7.76,10.86,12.41,12.41,10.86,6.98,6.98,6.98,6.98
N_22_4,N_22_5,13.98695618696395,7.76,7.76,7.76,7.76,7.76,7.76,9.65,9.65,10.49,10.49,8.39,8.39,8.39,8.39,8.39,8.39,10.07,10.91,10.91,10.07,7.97,7.97,7.97,7.97
N_22_4,N_22_6,8.071532287523109,4.48,4.48,4.48,4.48,4.48,4.48,5.57,5.57,6.05,6.05,4.84,4.84,4.84,4.84,4.84,4.84,5.81,6.3,6.3,5.81,4.6,4.6,4.6,4.6
N_22_4,N_22_3,5.402748072426585,5.51,5.51,5.51,5.51,5.51,5.51,8.43,8.43,9.72,9.72,6.48,6.48,6.48,6.48,6.48,6.48,9.08,10.37,10.37,9.08,5.83,5.83,5.83,5.83
N_22_4,N_23_4,1.1327856459938235,1.86,1.86,1.86,1.86,1.86,1.86,3.08,3.08,3.62,3.62,2.27,2.27,2.27,2.27,2.27,2.27,3.35,3.9,3.9,3.35,1.99,1.99,1.99,1.99
N_22_5,N_20_7,6.724773220066233,6.86,6.86,6.86,6.86,6.86,6.86,10.49,10.49,12.1,12.1,8.07,8.07,8.07,8.07,8.07,8.07,11.3,12.91,12.91,11.3,7.26,7.26,7.26,7.26
N_22_5,N_22_3,6.898211339931606,7.04,7.04,7.04,7.04,7.04,7.04,10.76,10.76,12.42,12.42,8.28,8.28,8.28,8.28,8.28,8.28,11.59,13.24,13.24,11.59,7.45,7.45,7.45,7.45
N_22_5,N_22_4,13.98695618696395,7.76,7.76,7.76,7.76,7.76,7.76,9.65,9.65,10.49,10.49,8.39,8.39,8.39,8.39,8.39,8.39,10.07,10.91,10.91,10.07,7.97,7.97,7.97,7.97
N_22_5,N_21_4,1.3412222304877142,2.2,2.2,2.2,2.2,2.2,2.2,3.65,3.65,4.29,4.29,2.68,2.68,2.68,2.68,2.68,2.68,3.97,4.61,4.61,3.97,2.36,2.36,2.36,2.36
N_22_6,N_19_6,0.609545043227361,1.0,1.0,1.0,1.0,1.0,1.0,1.66,1.66,1.95,1.95,1.22,1.22,1.22,1.22,1.22,1.22,1.8,2.1,2.1,1.8,1.07,1.07,1.07,1.07
N_22_6,N_21_6,14.478180384046729,8.04,8.04,8.04,8.04,8.04,8.04,9.99,9.99,10.86,10.86,8.69,8.69,8.69,8.69,8.69,8.69,10.42,11.29,11.29,10.42,8.25,8.25,8.25,8.25
N_22_6,N_21_5,4.991002157529881,5.09,5.09,5.09,5.09,5.09,5.09,7.79,7.79,8.98,8.98,5.99,5.99,5.99,5.99,5.99,5.99,8.38,9.58,9.58,8.38,5.39,5.39,5.39,5.39
N_22_6,N_21_8,3.6190579049700657,3.69,3.69,3.69,3.69,3.69,3.69,5.65,5.65,6.51,6.51,4.34,4.34,4.34,4.34,4.34,4.34,6.08,6.95,6.95,6.08,3.91,3.91,3.91,3.91
N_22_6,N_23_4,6.049708922846514,6.17,6.17,6.17,6.17,6.17,6.17,9.44,9.44,10.89,10.89,7.26,7.26,7.26,7.26,7.26,7.26,10.16,11.62,11.62,10.16,6.53,6.53,6.53,6.53
N_22_6,N_24_5,3.908330998848438,3.99,3.99,3.99,3.99,3.99,3.99,6.1,6.1,7.03,7.03,4.69,4.69,4.69,4.69,4.69,4.69,6.57,7.5,7.5,6.57,4.22,4.22,4.22,4.22
N_22_7,N_21_6,10.41439394683709,5.78,5.78,5.78,5.78,5.78,5.78,7.19,7.19,7.81,7.81,6.25,6.25,6.25,6.25,6.25,6.25,7.5,8.12,8.12,7.5,5.94,5.94,5.94,5.94
N_22_7,N_22_5,12.652056299586748,7.02,7.02,7.02,7.02,7.02,7.02,8.73,8.73,9.49,9.49,7.59,7.59,7.59,7.59,7.59,7.59,9.11,9.87,9.87,9.11,7.21,7.21,7.21,7.21
N_22_7,N_22_10,10.226351195188382,5.68,5.68,5.68,5.68,5.68,5.68,7.06,7.06,7.67,7.67,6.14,6.14,6.14,6.14,6.14,6.14,7.36,7.98,7.98,7.36,5.83,5.83,5.83,5.83
N_22_7,N_20_8,6.105266755393517,6.23,6.23,6.23,6.23,6.23,6.23,9.52,9.52,10.99,10.99,7.33,7.33,7.33,7.33,7.33,7.33,10.26,11.72,11.72,10.26,6.59,6.59,6.59,6.59
N_22_7,N_24_7,8.510271809129092,4.72,4.72,4.72,4.72,4.72,4.72,5.87,5.87,6.38,6.38,5.11,5.11,5.11,5.11,5.11,5.11,6.13,6.64,6.64,6.13,4.85,4.85,4.85,4.85
N_22_7,N_20_7,1.911355651304405,3.13,3.13,3.13,3.13,3.13,3.13,5.2,5.2,6.12,6.12,3.82,3.82,3.82,3.82,3.82,3.82,5.66,6.58,6.58,5.66,3.36,3.36,3.36,3.36
N_22_8,N_21_8,4.910747174529046,5.01,5.01,5.01,5.01,5.01,5.01,7.66,7.66,8.84,8.84,5.89,5.89,5.89,5.89,5.89,5.89,8.25,9.43,9.43,8.25,5.3,5.3,5.3,5.3
N_22_8,N_20_7,3.5752673589657182,3.65,3.65,3.65,3.65,3.65,3.65,5.58,5.58,6.44,6.44,4.29,4.29,4.29,4.29,4.29,4.29,6.01,6.86,6.86,6.01,3.86,3.86,3.86,3.86
N_22_8,N_22_7,1.9128136516590002,3.14,3.14,3.14,3.14,3.14,3.14,5.2,5.2,6.12,6.12,3.83,3.83,3.83,3.83,3.83,3.83,5.66,6.58,6.58,5.66,3.37,3.37,3.37,3.37
N_22_8,N_21_9,11.839428974451614,6.57,6.57,6.57,6.57,6.57,6.57,8.17,8.17,8.88,8.88,7.1,7.1,7.1,7.1,7.1,7.1,8.52,9.23,9.23,8.52,6.75,6.75,6.75,6.75
N_22_8,N_24_7,5.766514216016625,5.88,5.88,5.88,5.88,5.88,5.88,9.0,9.0,10.38,10.38,6.92,6.92,6.92,6.92,6.92,6.92,9.69,11.07,11.07,9.69,6.23,6.23,6.23,6.23
N_22_8,N_19_8,14.251815398805563,7.91,7.91,7.91,7.91,7.91,7.91,9.83,9.83,10.69,10.69,8.55,8.55,8.55,8.55,8.55,8.55,10.26,11.12,11.12,10.26,8.12,8.12,8.12,8.12
N_22_9,N_20_7,4.479756355945051,4.57,4.57,4.57,4.57,4.57,4.57,6.99,6.99,8.06,8.06,5.38,5.38,5.38,5.38,5.38,5.38,7.53,8.6,8.6,7.53,4.84,4.84,4.84,4.84
N_22_9,N_22_10,2.068497859118251,3.39,3.39,3.39,3.39,3.39,3.39,5.63,5.63,6.62,6.62,4.14,4.14,4.14,4.14,4.14,4.14,6.12,7.12,7.12,6.12,3.64,3.64,3.64,3.64
N_22_9,N_22_12,14.375870638623029,7.98,7.98,7.98,7.98,7.98,7.98,9.92,9.92,10.78,10.78,8.63,8.63,8.63,8.63,8.63,8.63,10.35,11.21,11.21,10.35,8.19,8.19,8.19,8.19
N_22_9,N_23_11,5.968814822548866,6.09,6.09,6.09,6.09,6.09,6.09,9.31,9.31,10.74,10.74,7.16,7.16,7.16,7.16,7.16,7.16,10.03,11.46,11.46,10.03,6.45,6.45,6.45,6.45
N_22_9,N_21_7,6.4150176778248555,6.54,6.54,6.54,6.54,6.54,6.54,10.01,10.01,11.55,11.55,7.7,7.7,7.7,7.7,7.7,7.7,10.78,12.32,12.32,10.78,6.93,6.93,6.93,6.93
N_22_9,N_24_8,8.061841958760427,4.47,4.47,4.47,4.47,4.47,4.47,5.56,5.56,6.05,6.05,4.84,4.84,4.84,4.84,4.84,4.84,5.8,6.29,6.29,5.8,4.6,4.6,4.6,4.6
N_22_9,N_20_8,5.946981533577739,6.07,6.07,6.07,6.07,6.07,6.07,9.28,9.28,10.7,10.7,7.14,7.14,7.14,7.14,7.14,7.14,9.99,11.42,11.42,9.99,6.42,6.42,6.42,6.42
N_23_0,N_22_0,4.283940068255827,4.37,4.37,4.37,4.37,4.37,4.37,6.68,6.68,7.71,7.71,5.14,5.14,5.14,5.14,5.14,5.14,7.2,8.23,8.23,7.2,4.63,4.63,4.63,4.63
N_23_0,N_21_1,9.266493725314723,5.14,5.14,5.14,5.14,5.14,5.14,6.39,6.39,6.95,6.95,5.56,5.56,5.56,5.56,5.56,5.56,6.67,7.23,7.23,6.67,5.28,5.28,5.28,5.28
N_23_0,N_23_3,6.3491734007071825,6.48,6.48,6.48,6.48,6.48,6.48,9.9,9.9,11.43,11.43,7.62,7.62,7.62,7.62,7.62,7.62,10.67,12.19,12.19,10.67,6.86,6.86,6.86,6.86
N_23_0,N_21_0,8.41745410072182,4.67,4.67,4.67,4.67,4.67,4.67,5.81,5.81,6.31,6.31,5.05,5.05,5.05,5.05,5.05,5.05,6.06,6.57,6.57,6.06,4.8,4.8,4.8,4.8
N_23_0,N_21_2,0.7944500816188056,1.3,1.3,1.3,1.3,1.3,1.3,2.16,2.16,2.54,2.54,1.59,1.59,1.59,1.59,1.59,1.59,2.35,2.73,2.73,2.35,1.4,1.4,1.4,1.4
N_23_0,N_24_1,6.343666448139803,6.47,6.47,6.47,6.47,6.47,6.47,9.9,9.9,11.42,11.42,7.61,7.61,7.61,7.61,7.61,7.61,10.66,12.18,12.18,10.66,6.85,6.85,6.85,6.85
N_23_0,N_24_0,4.960383010683249,5.06,5.06,5.06,5.06,5.06,5.06,7.74,7.74,8.93,8.93,5.95,5.95,5.95,5.95,5.95,5.95,8.33,9.52,9.52,8.33,5.36,5.36,5.36,5.36
N_23_0,N_22_1,0.7132159087499139,1.17,1.17,1.17,1.17,1.17,1.17,1.94,1.94,2.28,2.28,1.43,1.43,1.43,1.43,1.43,1.43,2.11,2.45,2.45,2.11,1.26,1.26,1.26,1.26
N_23_1,N_21_0,1.8009736968620644,2.95,2.95,2.95,2.95,2.95,2.95,4.9,4.9,5.76,5.76,3.6,3.6,3.6,3.6,3.6,3.6,5.33,6.2,6.2,5.33,3.17,3.17,3.17,3.17
N_23_1,N_21_3,13.151583977122261,7.3,7.3,7.3,7.3,7.3,7.3,9.07,9.07,9.86,9.86,7.89,7.89,7.89,7.89,7.89,7.89,9.47,10.26,10.26,9.47,7.5,7.5,7.5,7.5
N_23_1,N_23_3,2.1710913989667775,3.56,3.56,3.56,3.56,3.56,3.56,5.91,5.91,6.95,6.95,4.34,4.34,4.34,4.34,4.34,4.34,6.43,7.47,7.47,6.43,3.82,3.82,3.82,3.82
N_23_1,N_22_2,12.091598980094084,6.71,6.71,6.71,6.71,6.71,6.71,8.34,8.34,9.07,9.07,7.25,7.25,7.25,7.25,7.25,7.25,8.71,9.43,9.43,8.71,6.89,6.89,6.89,6.89
N_23_1,N_23_4,14.289421381512879,7.93,7.93,7.93,7.93,7.93,7.93,9.86,9.86,10.72,10.72,8.57,8.57,8.57,8.57,8.57,8.57,10.29,11.15,11.15,10.29,8.14,8.14,8.14,8.14
N_23_10,N_22_10,11.883963615026806,6.6,6.6,6.6,6.6,6.6,6.6,8.2,8.2,8.91,8.91,7.13,7.13,7.13,7.13,7.13,7.13,8.56,9.27,9.27,8.56,6.77,6.77,6.77,6.77
N_23_10,N_21_8,1.3912964446409635,2.28,2.28,2.28,2.28,2.28,2.28,3.78,3.78,4.45,4.45,2.78,2.78,2.78,2.78,2.78,2.78,4.12,4.79,4.79,4.12,2.45,2.45,2.45,2.45
N_23_10,N_21_12,1.870501771729891,3.07,3.07,3.07,3.07,3.07,3.07,5.09,5.09,5.99,5.99,3.74,3.74,3.74,3.74,3.74,3.74,5.54,6.43,6.43,5.54,3.29,3.29,3.29,3.29
N_23_10,N_24_10,13.845915125398829,7.68,7.68,7.68,7.68,7.68,7.68,9.55,9.55,10.38,10.38,8.31,8.31,8.31,8.31,8.31,8.31,9.97,10.8,10.8,9.97,7.89,7.89,7.89,7.89
N_23_10,N_21_10,1.2534702357288015,2.06,2.06,2.06,2.06,2.06,2.06,3.41,3.41,4.01,4.01,2.51,2.51,2.51,2.51,2.51,2.51,3.71,4.31,4.31,3.71,2.21,2.21,2.21,2.21
N_23_10,N_22_9,13.658379384010933,7.58,7.58,7.58,7.58,7.58,7.58,9.42,9.42,10.24,10.24,8.2,8.2,8.2,8.2,8.2,8.2,9.83,10.65,10.65,9.83,7.79,7.79,7.79,7.79
N_23_10,N_21_9,11.105208829288323,6.16,6.16,6.16,6.16,6.16,6.16,7.66,7.66,8.33,8.33,6.66,6.66,6.66,6.66,6.66,6.66,8.0,8.66,8.66,8.0,6.33,6.33,6.33,6.33
N_23_10,N_22_11,0.5106587490429169,0.84,0.84,0.84,0.84,0.84,0.84,1.39,1.39,1.63,1.63,1.02,1.02,1.02,1.02,1.02,1.02,1.51,1.76,1.76,1.51,0.9,0.9,0.9,0.9
N_23_11,N_21_9,6.965225927773435,7.1,7.1,7.1,7.1,7.1,7.1,10.87,10.87,12.54,12.54,8.36,8.36,8.36,8.36,8.36,8.36,11.7,13.37,13.37,11.7,7.52,7.52,7.52,7.52
N_23_11,N_23_10,3.348026548625985,3.41,3.41,3.41,3.41,3.41,3.41,5.22,5.22,6.03,6.03,4.02,4.02,4.02,4.02,4.02,4.02,5.62,6.43,6.43,5.62,3.62,3.62,3.62,3.62
N_23_11,N_21_12,10.713316869403874,5.95,5.95,5.95,5.95,5.95,5.95,7.39,7.39,8.03,8.03,6.43,6.43,6.43,6.43,6.43,6.43,7.71,8.36,8.36,7.71,6.11,6.11,6.11,6.11
N_23_11,N_23_9,14.824581462195729,8.23,8.23,8.23,8.23,8.23,8.23,10.23,10.23,11.12,11.12,8.89,8.89,8.89,8.89,8.89,8.89,10.67,11.56,11.56,10.67,8.45,8.45,8.45,8.45
N_23_11,N_21_11,3.5017545768751255,3.57,3.57,3.57,3.57,3.57,3.57,5.46,5.46,6.3,6.3,4.2,4.2,4.2,4.2,4.2,4.2,5.88,6.72,6.72,5.88,3.78,3.78,3.78,3.78
N_23_11,N_23_14,4.580531407769968,4.67,4.67,4.67,4.67,4.67,4.67,7.15,7.15,8.24,8.24,5.5,5.5,5.5,5.5,5.5,5.5,7.7,8.79,8.79,7.7,4.95,4.95,4.95,4.95
N_23_12,N_21_12,14.83286220739635,8.23,8.23,8.23,8.23,8.23,8.23,10.23,10.23,11.12,11.12,8.9,8.9,8.9,8.9,8.9,8.9,10.68,11.57,11.57,10.68,8.45,8.45,8.45,8.45
N_23_12,N_22_10,4.253843730137922,4.34,4.34,4.34,4.34,4.34,4.34,6.64,6.64,7.66,7.66,5.1,5.1,5.1,5.1,5.1,5.1,7.15,8.17,8.17,7.15,4.59,4.59,4.59,4.59
N_23_12,N_22_12,4.831284719194142,4.93,4.93,4.93,4.93,4.93,4.93,7.54,7.54,8.7,8.7,5.8,5.8,5.8,5.8,5.8,5.8,8.12,9.28,9.28,8.12,5.22,5.22,5.22,5.22
N_23_12,N_22_13,4.980646818689028,5.08,5.08,5.08,5.08,5.08,5.08,7.77,7.77,8.97,8.97,5.98,5.98,5.98,5.98,5.98,5.98,8.37,9.56,9.56,8.37,5.38,5.38,5.38,5.38
N_23_13,N_21_12,1.4390848636194469,2.36,2.36,2.36,2.36,2.36,2.36,3.91,3.91,4.61,4.61,2.88,2.88,2.88,2.88,2.88,2.88,4.26,4.95,4.95,4.26,2.53,2.53,2.53,2.53
N_23_13,N_22_11,6.65547895534619,6.79,6.79,6.79,6.79,6.79,6.79,10.38,10.38,11.98,11.98,7.99,7.99,7.99,7.99,7.99,7.99,11.18,12.78,12.78,11.18,7.19,7.19,7.19,7.19
N_23_13,N_22_13,9.098142172690267,5.05,5.05,5.05,5.05,5.05,5.05,6.28,6.28,6.82,6.82,5.46,5.46,5.46,5.46,5.46,5.46,6.55,7.1,7.1,6.55,5.19,5.19,5.19,5.19
N_23_13,N_22_14,9.213192090734271,5.11,5.11,5.11,5.11,5.11,5.11,6.36,6.36,6.91,6.91,5.53,5.53,5.53,5.53,5.53,5.53,6.63,7.19,7.19,6.63,5.25,5.25,5.25,5.25
N_23_13,N_23_12,8.470649594703012,4.7,4.7,4.7,4.7,4.7,4.7,5.84,5.84,6.35,6.35,5.08,5.08,5.08,5.08,5.08,5.08,6.1,6.61,6.61,6.1,4.83,4.83,4.83,4.83
N_23_14,N_21_14,3.9164607184163285,3.99,3.99,3.99,3.99,3.99,3.99,6.11,6.11,7.05,7.05,4.7,4.7,4.7,4.7,4.7,4.7,6.58,7.52,7.52,6.58,4.23,4.23,4.23,4.23
N_23_14,N_22_12,4.961113164681,5.06,5.06,5.06,5.06,5.06,5.06,7.74,7.74,8.93,8.93,5.95,5.95,5.95,5.95,5.95,5.95,8.33,9.53,9.53,8.33,5.36,5.36,5.36,5.36
N_23_14,N_22_16,1.4007255236157645,2.3,2.3,2.3,2.3,2.3,2.3,3.81,3.81,4.48,4.48,2.8,2.8,2.8,2.8,2.8,2.8,4.15,4.82,4.82,4.15,2.47,2.47,2.47,2.47
N_23_14,N_23_11,4.580531407769968,4.67,4.67,4.67,4.67,4.67,4.67,7.15,7.15,8.24,8.24,5.5,5.5,5.5,5.5,5.5,5.5,7.7,8.79,8.79,7.7,4.95,4.95,4.95,4.95
N_23_14,N_21_13,6.0202120475698955,6.14,6.14,6.14,6.14,6.14,6.14,9.39,9.39,10.84,10.84,7.22,7.22,7.22,7.22,7.22,7.22,10.11,11.56,11.56,10.11,6.5,6.5,6.5,6.5
N_23_15,N_22_16,0.6150644189764709,1.01,1.01,1.01,1.01,1.01,1.01,1.67,1.67,1.97,1.97,1.23,1.23,1.23,1.23,1.23,1.23,1.82,2.12,2.12,1.82,1.08,1.08,1.08,1.08
N_23_15,N_23_13,4.571287194283513,4.66,4.66,4.66,4.66,4.66,4.66,7.13,7.13,8.23,8.23,5.49,5.49,5.49,5.49,5.49,5.49,7.68,8.78,8.78,7.68,4.94,4.94,4.94,4.94
N_23_15,N_24_16,5.459152285274783,5.57,5.57,5.57,5.57,5.57,5.57,8.52,8.52,9.83,9.83,6.55,6.55,6.55,6.55,6.55,6.55,9.17,10.48,10.48,9.17,5.9,5.9,5.9,5.9
N_23_15,N_21_16,9.699088035291924,5.38,5.38,5.38,5.38,5.38,5.38,6.69,6.69,7.27,7.27,5.82,5.82,5.82,5.82,5.82,5.82,6.98,7.57,7.57,6.98,5.53,5.53,5.53,5.53
N_23_15,N_23_18,11.367854820329697,6.31,6.31,6.31,6.31,6.31,6.31,7.84,7.84,8.53,8.53,6.82,6.82,6.82,6.82,6.82,6.82,8.18,8.87,8.87,8.18,6.48,6.48,6.48,6.48
N_23_15,N_22_13,3.640212448405222,3.71,3.71,3.71,3.71,3.71,3.71,5.68,5.68,6.55,6.55,4.37,4.37,4.37,4.37,4.37,4.37,6.12,6.99,6.99,6.12,3.93,3.93,3.93,3.93
N_23_15,N_22_14,5.38119023367387,5.49,5.49,5.49,5.49,5.49,5.49,8.39,8.39,9.69,9.69,6.46,6.46,6.46,6.46,6.46,6.46,9.04,10.33,10.33,9.04,5.81,5.81,5.81,5.81
N_23_16,N_20_16,14.256559629783487,7.91,7.91,7.91,7.91,7.91,7.91,9.84,9.84,10.69,10.69,8.55,8.55,8.55,8.55,8.55,8.55,10.26,11.12,11.12,10.26,8.13,8.13,8.13,8.13
N_23_16,N_21_14,13.793712076948609,7.66,7.66,7.66,7.66,7.66,7.66,9.52,9.52,10.35,10.35,8.28,8.28,8.28,8.28,8.28,8.28,9.93,10.76,10.76,9.93,7.86,7.86,7.86,7.86
N_23_16,N_23_13,1.0481389533497771,1.72,1.72,1.72,1.72,1.72,1.72,2.85,2.85,3.35,3.35,2.1,2.1,2.1,2.1,2.1,2.1,3.1,3.61,3.61,3.1,1.84,1.84,1.84,1.84
N_23_16,N_23_17,5.034783769534686,5.14,5.14,5.14,5.14,5.14,5.14,7.85,7.85,9.06,9.06,6.04,6.04,6.04,6.04,6.04,6.04,8.46,9.67,9.67,8.46,5.44,5.44,5.44,5.44
N_23_16,N_21_18,8.720199326284927,4.84,4.84,4.84,4.84,4.84,4.84,6.02,6.02,6.54,6.54,5.23,5.23,5.23,5.23,5.23,5.23,6.28,6.8,6.8,6.28,4.97,4.97,4.97,4.97
N_23_17,N_22_15,3.9733972467037124,4.05,4.05,4.05,4.05,4.05,4.05,6.2,6.2,7.15,7.15,4.77,4.77,4.77,4.77,4.77,4.77,6.68,7.63,7.63,6.68,4.29,4.29,4.29,4.29
N_23_17,N_22_17,2.3380922272743745,3.83,3.83,3.83,3.83,3.83,3.83,6.36,6.36,7.48,7.48,4.68,4.68,4.68,4.68,4.68,4.68,6.92,8.04,8.04,6.92,4.12,4.12,4.12,4.12
N_23_17,N_20_17,6.440239379759577,6.57,6.57,6.57,6.57,6.57,6.57,10.05,10.05,11.59,11.59,7.73,7.73,7.73,7.73,7.73,7.73,10.82,12.37,12.37,10.82,6.96,6.96,6.96,6.96
N_23_17,N_24_17,3.558296057592854,3.63,3.63,3.63,3.63,3.63,3.63,5.55,5.55,6.4,6.4,4.27,4.27,4.27,4.27,4.27,4.27,5.98,6.83,6.83,5.98,3.84,3.84,3.84,3.84
N_23_17,N_22_19,9.664339487726483,5.36,5.36,5.36,5.36,5.36,5.36,6.67,6.67,7.25,7.25,5.8,5.8,5.8,5.8,5.8,5.8,6.96,7.54,7.54,6.96,5.51,5.51,5.51,5.51
N_23_17,N_24_18,4.766466393623187,4.86,4.86,4.86,4.86,4.86,4.86,7.44,7.44,8.58,8.58,5.72,5.72,5.72,5.72,5.72,5.72,8.01,9.15,9.15,8.01,5.15,5.15,5.15,5.15
N_23_18,N_22_18,11.467079749814596,6.36,6.36,6.36,6.36,6.36,6.36,7.91,7.91,8.6,8.6,6.88,6.88,6.88,6.88,6.88,6.88,8.26,8.94,8.94,8.26,6.54,6.54,6.54,6.54
N_23_18,N_23_15,11.367854820329697,6.31,6.31,6.31,6.31,6.31,6.31,7.84,7.84,8.53,8.53,6.82,6.82,6.82,6.82,6.82,6.82,8.18,8.87,8.87,8.18,6.48,6.48,6.48,6.48
N_23_18,N_22_20,6.876508683187474,7.01,7.01,7.01,7.01,7.01,7.01,10.73,10.73,12.38,12.38,8.25,8.25,8.25,8.25,8.25,8.25,11.55,13.2,13.2,11.55,7.43,7.43,7.43,7.43
N_23_18,N_22_17,5.536189418500776,5.65,5.65,5.65,5.65,5.65,5.65,8.64,8.64,9.97,9.97,6.64,6.64,6.64,6.64,6.64,6.64,9.3,10.63,10.63,9.3,5.98,5.98,5.98,5.98
N_23_18,N_21_18,9.462787197264978,5.25,5.25,5.25,5.25,5.25,5.25,6.53,6.53,7.1,7.1,5.68,5.68,5.68,5.68,5.68,5.68,6.81,7.38,7.38,6.81,5.39,5.39,5.39,5.39
N_23_18,N_23_21,12.12697446274192,6.73,6.73,6.73,6.73,6.73,6.73,8.37,8.37,9.1,9.1,7.28,7.28,7.28,7.28,7.28,7.28,8.73,9.46,9.46,8.73,6.91,6.91,6.91,6.91
N_23_18,N_20_18,4.431873764771433,4.52,4.52,4.52,4.52,4.52,4.52,6.91,6.91,7.98,7.98,5.32,5.32,5.32,5.32,5.32,5.32,7.45,8.51,8.51,7.45,4.79,4.79,4.79,4.79
N_23_19,N_21_17,4.841529040311093,4.94,4.94,4.94,4.94,4.94,4.94,7.55,7.55,8.71,8.71,5.81,5.81,5.81,5.81,5.81,5.81,8.13,9.3,9.3,8.13,5.23,5.23,5.23,5.23
N_23_19,N_21_21,3.173406913248604,3.24,3.24,3.24,3.24,3.24,3.24,4.95,4.95,5.71,5.71,3.81,3.81,3.81,3.81,3.81,3.81,5.33,6.09,6.09,5.33,3.43,3.43,3.43,3.43
N_23_19,N_23_18,4.911303762643804,5.01,5.01,5.01,5.01,5.01,5.01,7.66,7.66,8.84,8.84,5.89,5.89,5.89,5.89,5.89,5.89,8.25,9.43,9.43,8.25,5.3,5.3,5.3,5.3
N_23_19,N_22_20,13.177592505182382,7.31,7.31,7.31,7.31,7.31,7.31,9.09,9.09,9.88,9.88,7.91,7.91,7.91,7.91,7.91,7.91,9.49,10.28,10.28,9.49,7.51,7.51,7.51,7.51
N_23_19,N_23_21,5.633848595157297,5.75,5.75,5.75,5.75,5.75,5.75,8.79,8.79,10.14,10.14,6.76,6.76,6.76,6.76,6.76,6.76,9.46,10.82,10.82,9.46,6.08,6.08,6.08,6.08
N_23_19,N_22_21,6.6959110861035125,6.83,6.83,6.83,6.83,6.83,6.83,10.45,10.45,12.05,12.05,8.04,8.04,8.04,8.04,8.04,8.04,11.25,12.86,12.86,11.25,7.23,7.23,7.23,7.23
N_23_2,N_22_0,3.683876758245964,3.76,3.76,3.76,3.76,3.76,3.76,5.75,5.75,6.63,6.63,4.42,4.42,4.42,4.42,4.42,4.42,6.19,7.07,7.07,6.19,3.98,3.98,3.98,3.98
N_23_2,N_23_5,10.878324086374942,6.04,6.04,6.04,6.04,6.04,6.04,7.51,7.51,8.16,8.16,6.53,6.53,6.53,6.53,6.53,6.53,7.83,8.49,8.49,7.83,6.2,6.2,6.2,6.2
N_23_2,N_23_4,9.261960711500299,5.14,5.14,5.14,5.14,5.14,5.14,6.39,6.39,6.95,6.95,5.56,5.56,5.56,5.56,5.56,5.56,6.67,7.22,7.22,6.67,5.28,5.28,5.28,5.28
N_23_2,N_21_1,0.8390541194814283,1.38,1.38,1.38,1.38,1.38,1.38,2.28,2.28,2.68,2.68,1.68,1.68,1.68,1.68,1.68,1.68,2.48,2.89,2.89,2.48,1.48,1.48,1.48,1.48
N_23_2,N_23_3,0.6743790252130255,1.11,1.11,1.11,1.11,1.11,1.11,1.83,1.83,2.16,2.16,1.35,1.35,1.35,1.35,1.35,1.35,2.0,2.32,2.32,2.0,1.19,1.19,1.19,1.19
N_23_2,N_21_3,8.080112699541651,4.48,4.48,4.48,4.48,4.48,4.48,5.58,5.58,6.06,6.06,4.85,4.85,4.85,4.85,4.85,4.85,5.82,6.3,6.3,5.82,4.61,4.61,4.61,4.61
N_23_20,N_23_17,9.621195244056453,5.34,5.34,5.34,5.34,5.34,5.34,6.64,6.64,7.22,7.22,5.77,5.77,5.77,5.77,5.77,5.77,6.93,7.5,7.5,6.93,5.48,5.48,5.48,5.48
N_23_20,N_22_18,3.3376087717688327,3.4,3.4,3.4,3.4,3.4,3.4,5.21,5.21,6.01,6.01,4.01,4.01,4.01,4.01,4.01,4.01,5.61,6.41,6.41,5.61,3.6,3.6,3.6,3.6
N_23_20,N_21_21,3.8031687897069246,3.88,3.88,3.88,3.88,3.88,3.88,5.93,5.93,6.85,6.85,4.56,4.56,4.56,4.56,4.56,4.56,6.39,7.3,7.3,6.39,4.11,4.11,4.11,4.11
N_23_20,N_22_21,10.085150404680352,5.6,5.6,5.6,5.6,5.6,5.6,6.96,6.96,7.56,7.56,6.05,6.05,6.05,6.05,6.05,6.05,7.26,7.87,7.87,7.26,5.75,5.75,5.75,5.75
N_23_20,N_22_22,12.143203672434012,6.74,6.74,6.74,6.74,6.74,6.74,8.38,8.38,9.11,9.11,7.29,7.29,7.29,7.29,7.29,7.29,8.74,9.47,9.47,8.74,6.92,6.92,6.92,6.92
N_23_20,N_23_19,8.327438361489058,4.62,4.62,4.62,4.62,4.62,4.62,5.75,5.75,6.25,6.25,5.0,5.0,5.0,5.0,5.0,5.0,6.0,6.5,6.5,6.0,4.75,4.75,4.75,4.75
N_23_21,N_21_20,1.0515758928406136,1.72,1.72,1.72,1.72,1.72,1.72,2.86,2.86,3.37,3.37,2.1,2.1,2.1,2.1,2.1,2.1,3.11,3.62,3.62,3.11,1.85,1.85,1.85,1.85
N_23_21,N_22_23,3.576282928655184,3.65,3.65,3.65,3.65,3.65,3.65,5.58,5.58,6.44,6.44,4.29,4.29,4.29,4.29,4.29,4.29,6.01,6.87,6.87,6.01,3.86,3.86,3.86,3.86
N_23_21,N_23_18,12.12697446274192,6.73,6.73,6.73,6.73,6.73,6.73,8.37,8.37,9.1,9.1,7.28,7.28,7.28,7.28,7.28,7.28,8.73,9.46,9.46,8.73,6.91,6.91,6.91,6.91
N_23_21,N_24_23,12.00710034578257,6.66,6.66,6.66,6.66,6.66,6.66,8.28,8.28,9.01,9.01,7.2,7.2,7.2,7.2,7.2,7.2,8.65,9.37,9.37,8.65,6.84,6.84,6.84,6.84
N_23_21,N_22_20,9.899638324719778,5.49,5.49,5.49,5.49,5.49,5.49,6.83,6.83,7.42,7.42,5.94,5.94,5.94,5.94,5.94,5.94,7.13,7.72,7.72,7.13,5.64,5.64,5.64,5.64
N_23_21,N_24_19,1.846593351830902,3.03,3.03,3.03,3.03,3.03,3.03,5.02,5.02,5.91,5.91,3.69,3.69,3.69,3.69,3.69,3.69,5.47,6.35,6.35,5.47,3.25,3.25,3.25,3.25
N_23_22,N_24_21,5.633969423018684,5.75,5.75,5.75,5.75,5.75,5.75,8.79,8.79,10.14,10.14,6.76,6.76,6.76,6.76,6.76,6.76,9.47,10.82,10.82,9.47,6.08,6.08,6.08,6.08
N_23_22,N_22_20,6.804087770587898,6.94,6.94,6.94,6.94,6.94,6.94,10.61,10.61,12.25,12.25,8.16,8.16,8.16,8.16,8.16,8.16,11.43,13.06,13.06,11.43,7.35,7.35,7.35,7.35
N_23_22,N_24_22,4.687959368784817,4.78,4.78,4.78,4.78,4.78,4.78,7.31,7.31,8.44,8.44,5.63,5.63,5.63,5.63,5.63,5.63,7.88,9.0,9.0,7.88,5.06,5.06,5.06,5.06
N_23_22,N_22_22,5.4176206675862515,5.53,5.53,5.53,5.53,5.53,5.53,8.45,8.45,9.75,9.75,6.5,6.5,6.5,6.5,6.5,6.5,9.1,10.4,10.4,9.1,5.85,5.85,5.85,5.85
N_23_22,N_21_22,2.1375789087629795,3.51,3.51,3.51,3.51,3.51,3.51,5.81,5.81,6.84,6.84,4.28,4.28,4.28,4.28,4.28,4.28,6.33,7.35,7.35,6.33,3.76,3.76,3.76,3.76
N_23_23,N_21_23,1.6014601345507296,2.63,2.63,2.63,2.63,2.63,2.63,4.36,4.36,5.12,5.12,3.2,3.2,3.2,3.2,3.2,3.2,4.74,5.51,5.51,4.74,2.82,2.82,2.82,2.82
N_23_23,N_22_21,13.799060548491767,7.66,7.66,7.66,7.66,7.66,7.66,9.52,9.52,10.35,10.35,8.28,8.28,8.28,8.28,8.28,8.28,9.94,10.76,10.76,9.94,7.87,7.87,7.87,7.87
N_23_23,N_23_24,4.781185308326854,4.88,4.88,4.88,4.88,4.88,4.88,7.46,7.46,8.61,8.61,5.74,5.74,5.74,5.74,5.74,5.74,8.03,9.18,9.18,8.03,5.16,5.16,5.16,5.16
N_23_23,N_24_21,13.380077060114381,7.43,7.43,7.43,7.43,7.43,7.43,9.23,9.23,10.04,10.04,8.03,8.03,8.03,8.03,8.03,8.03,9.63,10.44,10.44,9.63,7.63,7.63,7.63,7.63
N_23_24,N_22_22,9.703765064149577,5.39,5.39,5.39,5.39,5.39,5.39,6.7,6.7,7.28,7.28,5.82,5.82,5.82,5.82,5.82,5.82,6.99,7.57,7.57,6.99,5.53,5.53,5.53,5.53
N_23_24,N_23_23,4.781185308326854,4.88,4.88,4.88,4.88,4.88,4.88,7.46,7.46,8.61,8.61,5.74,5.74,5.74,5.74,5.74,5.74,8.03,9.18,9.18,8.03,5.16,5.16,5.16,5.16
N_23_24,N_21_24,5.271279872699452,5.38,5.38,5.38,5.38,5.38,5.38,8.22,8.22,9.49,9.49,6.33,6.33,6.33,6.33,6.33,6.33,8.86,10.12,10.12,8.86,5.69,5.69,5.69,5.69
N_23_25,N_22_27,4.114108509852166,4.2,4.2,4.2,4.2,4.2,4.2,6.42,6.42,7.41,7.41,4.94,4.94,4.94,4.94,4.94,4.94,6.91,7.9,7.9,6.91,4.44,4.44,4.44,4.44
N_23_25,N_22_26,3.0640137742528037,3.13,3.13,3.13,3.13,3.13,3.13,4.78,4.78,5.52,5.52,3.68,3.68,3.68,3.68,3.68,3.68,5.15,5.88,5.88,5.15,3.31,3.31,3.31,3.31
N_23_25,N_24_24,3.88149802318083,3.96,3.96,3.96,3.96,3.96,3.96,6.06,6.06,6.99,6.99,4.66,4.66,4.66,4.66,4.66,4.66,6.52,7.45,7.45,6.52,4.19,4.19,4.19,4.19
N_23_25,N_24_27,10.991387362401014,6.1,6.1,6.1,6.1,6.1,6.1,7.58,7.58,8.24,8.24,6.59,6.59,6.59,6.59,6.59,6.59,7.91,8.57,8.57,7.91,6.27,6.27,6.27,6.27
N_23_26,N_23_23,1.012814430834314,1.66,1.66,1.66,1.66,1.66,1.66,2.75,2.75,3.24,3.24,2.03,2.03,2.03,2.03,2.03,2.03,3.0,3.48,3.48,3.0,1.78,1.78,1.78,1.78
N_23_26,N_23_29,5.717746373320791,5.83,5.83,5.83,5.83,5.83,5.83,8.92,8.92,10.29,10.29,6.86,6.86,6.86,6.86,6.86,6.86,9.61,10.98,10.98,9.61,6.18,6.18,6.18,6.18
N_23_26,N_22_24,11.874168846549944,6.59,6.59,6.59,6.59,6.59,6.59,8.19,8.19,8.91,8.91,7.12,7.12,7.12,7.12,7.12,7.12,8.55,9.26,9.26,8.55,6.77,6.77,6.77,6.77
N_23_26,N_24_26,0.6342871243915407,1.04,1.04,1.04,1.04,1.04,1.04,1.73,1.73,2.03,2.03,1.27,1.27,1.27,1.27,1.27,1.27,1.88,2.18,2.18,1.88,1.12,1.12,1.12,1.12
N_23_26,N_23_24,0.6742558407704116,1.11,1.11,1.11,1.11,1.11,1.11,1.83,1.83,2.16,2.16,1.35,1.35,1.35,1.35,1.35,1.35,2.0,2.32,2.32,2.0,1.19,1.19,1.19,1.19
N_23_26,N_24_27,5.4357150665299105,5.54,5.54,5.54,5.54,5.54,5.54,8.48,8.48,9.78,9.78,6.52,6.52,6.52,6.52,6.52,6.52,9.13,10.44,10.44,9.13,5.87,5.87,5.87,5.87
N_23_26,N_22_28,11.169680277464133,6.2,6.2,6.2,6.2,6.2,6.2,7.71,7.71,8.38,8.38,6.7,6.7,6.7,6.7,6.7,6.7,8.04,8.71,8.71,8.04,6.37,6.37,6.37,6.37
N_23_26,N_21_26,13.901863066628394,7.72,7.72,7.72,7.72,7.72,7.72,9.59,9.59,10.43,10.43,8.34,8.34,8.34,8.34,8.34,8.34,10.01,10.84,10.84,10.01,7.92,7.92,7.92,7.92
N_23_27,N_22_25,4.035271615494358,4.12,4.12,4.12,4.12,4.12,4.12,6.3,6.3,7.26,7.26,4.84,4.84,4.84,4.84,4.84,4.84,6.78,7.75,7.75,6.78,4.36,4.36,4.36,4.36
N_23_27,N_24_29,3.9825885060809263,4.06,4.06,4.06,4.06,4.06,4.06,6.21,6.21,7.17,7.17,4.78,4.78,4.78,4.78,4.78,4.78,6.69,7.65,7.65,6.69,4.3,4.3,4.3,4.3
N_23_27,N_23_25,4.760126461561677,4.86,4.86,4.86,4.86,4.86,4.86,7.43,7.43,8.57,8.57,5.71,5.71,5.71,5.71,5.71,5.71,8.0,9.14,9.14,8.0,5.14,5.14,5.14,5.14
N_23_28,N_21_29,4.317961534150028,4.4,4.4,4.4,4.4,4.4,4.4,6.74,6.74,7.77,7.77,5.18,5.18,5.18,5.18,5.18,5.18,7.25,8.29,8.29,7.25,4.66,4.66,4.66,4.66
N_23_28,N_24_26,1.2744216542054443,2.09,2.09,2.09,2.09,2.09,2.09,3.47,3.47,4.08,4.08,2.55,2.55,2.55,2.55,2.55,2.55,3.77,4.38,4.38,3.77,2.24,2.24,2.24,2.24
N_23_28,N_24_28,3.817401328822372,3.89,3.89,3.89,3.89,3.89,3.89,5.96,5.96,6.87,6.87,4.58,4.58,4.58,4.58,4.58,4.58,6.41,7.33,7.33,6.41,4.12,4.12,4.12,4.12
N_23_28,N_21_26,11.60526081066725,6.44,6.44,6.44,6.44,6.44,6.44,8.01,8.01,8.7,8.7,6.96,6.96,6.96,6.96,6.96,6.96,8.36,9.05,9.05,8.36,6.61,6.61,6.61,6.61
N_23_28,N_22_27,2.0118777823683303,3.3,3.3,3.3,3.3,3.3,3.3,5.47,5.47,6.44,6.44,4.02,4.02,4.02,4.02,4.02,4.02,5.96,6.92,6.92,5.96,3.54,3.54,3.54,3.54
N_23_28,N_22_29,13.906842330130846,7.72,7.72,7.72,7.72,7.72,7.72,9.6,9.6,10.43,10.43,8.34,8.34,8.34,8.34,8.34,8.34,10.01,10.85,10.85,10.01,7.93,7.93,7.93,7.93
N_23_28,N_24_30,6.392642111239054,6.52,6.52,6.52,6.52,6.52,6.52,9.97,9.97,11.51,11.51,7.67,7.67,7.67,7.67,7.67,7.67,10.74,12.27,12.27,10.74,6.9,6.9,6.9,6.9
N_23_28,N_24_27,5.28400680834205,5.39,5.39,5.39,5.39,5.39,5.39,8.24,8.24,9.51,9.51,6.34,6.34,6.34,6.34,6.34,6.34,8.88,10.15,10.15,8.88,5.71,5.71,5.71,5.71
N_23_29,N_21_27,14.167560291387879,7.86,7.86,7.86,7.86,7.86,7.86,9.78,9.78,10.63,10.63,8.5,8.5,8.5,8.5,8.5,8.5,10.2,11.05,11.05,10.2,8.08,8.08,8.08,8.08
N_23_29,N_21_30,4.072029834538297,4.15,4.15,4.15,4.15,4.15,4.15,6.35,6.35,7.33,7.33,4.89,4.89,4.89,4.89,4.89,4.89,6.84,7.82,7.82,6.84,4.4,4.4,4.4,4.4
N_23_29,N_22_27,1.9843291168163595,3.25,3.25,3.25,3.25,3.25,3.25,5.4,5.4,6.35,6.35,3.97,3.97,3.97,3.97,3.97,3.97,5.87,6.83,6.83,5.87,3.49,3.49,3.49,3.49
N_23_29,N_23_26,5.717746373320791,5.83,5.83,5.83,5.83,5.83,5.83,8.92,8.92,10.29,10.29,6.86,6.86,6.86,6.86,6.86,6.86,9.61,10.98,10.98,9.61,6.18,6.18,6.18,6.18
N_23_29,N_24_29,6.848629286174954,6.99,6.99,6.99,6.99,6.99,6.99,10.68,10.68,12.33,12.33,8.22,8.22,8.22,8.22,8.22,8.22,11.51,13.15,13.15,11.51,7.4,7.4,7.4,7.4
N_23_29,N_22_31,9.341604989800883,5.18,5.18,5.18,5.18,5.18,5.18,6.45,6.45,7.01,7.01,5.6,5.6,5.6,5.6,5.6,5.6,6.73,7.29,7.29,6.73,5.32,5.32,5.32,5.32
N_23_3,N_21_3,0.9047133471989925,1.48,1.48,1.48,1.48,1.48,1.48,2.46,2.46,2.9,2.9,1.81,1.81,1.81,1.81,1.81,1.81,2.68,3.11,3.11,2.68,1.59,1.59,1.59,1.59
N_23_3,N_22_1,11.068522849059963,6.14,6.14,6.14,6.14,6.14,6.14,7.64,7.64,8.3,8.3,6.64,6.64,6.64,6.64,6.64,6.64,7.97,8.63,8.63,7.97,6.31,6.31,6.31,6.31
N_23_3,N_23_0,6.3491734007071825,6.48,6.48,6.48,6.48,6.48,6.48,9.9,9.9,11.43,11.43,7.62,7.62,7.62,7.62,7.62,7.62,10.67,12.19,12.19,10.67,6.86,6.86,6.86,6.86
N_23_3,N_23_2,0.6743790252130255,1.11,1.11,1.11,1.11,1.11,1.11,1.83,1.83,2.16,2.16,1.35,1.35,1.35,1.35,1.35,1.35,2.0,2.32,2.32,2.0,1.19,1.19,1.19,1.19
N_23_3,N_21_5,12.11118587883977,6.72,6.72,6.72,6.72,6.72,6.72,8.36,8.36,9.08,9.08,7.27,7.27,7.27,7.27,7.27,7.27,8.72,9.45,9.45,8.72,6.9,6.9,6.9,6.9
N_23_3,N_22_4,12.868192278888142,7.14,7.14,7.14,7.14,7.14,7.14,8.88,8.88,9.65,9.65,7.72,7.72,7.72,7.72,7.72,7.72,9.27,10.04,10.04,9.27,7.33,7.33,7.33,7.33
N_23_30,N_21_31,10.638882477074747,5.9,5.9,5.9,5.9,5.9,5.9,7.34,7.34,7.98,7.98,6.38,6.38,6.38,6.38,6.38,6.38,7.66,8.3,8.3,7.66,6.06,6.06,6.06,6.06
N_23_30,N_22_28,3.273654352516497,3.34,3.34,3.34,3.34,3.34,3.34,5.11,5.11,5.89,5.89,3.93,3.93,3.93,3.93,3.93,3.93,5.5,6.29,6.29,5.5,3.54,3.54,3.54,3.54
N_23_30,N_23_33,1.3783784089960294,2.26,2.26,2.26,2.26,2.26,2.26,3.75,3.75,4.41,4.41,2.76,2.76,2.76,2.76,2.76,2.76,4.08,4.74,4.74,4.08,2.43,2.43,2.43,2.43
N_23_30,N_24_31,12.250807223569701,6.8,6.8,6.8,6.8,6.8,6.8,8.45,8.45,9.19,9.19,7.35,7.35,7.35,7.35,7.35,7.35,8.82,9.56,9.56,8.82,6.98,6.98,6.98,6.98
N_23_30,N_23_31,0.9640005165548797,1.58,1.58,1.58,1.58,1.58,1.58,2.62,2.62,3.08,3.08,1.93,1.93,1.93,1.93,1.93,1.93,2.85,3.32,3.32,2.85,1.7,1.7,1.7,1.7
N_23_30,N_23_27,4.11174427445796,4.19,4.19,4.19,4.19,4.19,4.19,6.41,6.41,7.4,7.4,4.93,4.93,4.93,4.93,4.93,4.93,6.91,7.89,7.89,6.91,4.44,4.44,4.44,4.44
N_23_31,N_21_29,8.252375644337864,4.58,4.58,4.58,4.58,4.58,4.58,5.69,5.69,6.19,6.19,4.95,4.95,4.95,4.95,4.95,4.95,5.94,6.44,6.44,5.94,4.7,4.7,4.7,4.7
N_23_31,N_22_32,3.610571022508315,3.68,3.68,3.68,3.68,3.68,3.68,5.63,5.63,6.5,6.5,4.33,4.33,4.33,4.33,4.33,4.33,6.07,6.93,6.93,6.07,3.9,3.9,3.9,3.9
N_23_31,N_23_30,4.010390993430743,4.09,4.09,4.09,4.09,4.09,4.09,6.26,6.26,7.22,7.22,4.81,4.81,4.81,4.81,4.81,4.81,6.74,7.7,7.7,6.74,4.33,4.33,4.33,4.33
N_23_31,N_22_30,1.8163395545172223,2.98,2.98,2.98,2.98,2.98,2.98,4.94,4.94,5.81,5.81,3.63,3.63,3.63,3.63,3.63,3.63,5.38,6.25,6.25,5.38,3.2,3.2,3.2,3.2
N_23_31,N_23_32,3.3726144828965534,3.44,3.44,3.44,3.44,3.44,3.44,5.26,5.26,6.07,6.07,4.05,4.05,4.05,4.05,4.05,4.05,5.67,6.48,6.48,5.67,3.64,3.64,3.64,3.64
N_23_32,N_23_31,3.3726144828965534,3.44,3.44,3.44,3.44,3.44,3.44,5.26,5.26,6.07,6.07,4.05,4.05,4.05,4.05,4.05,4.05,5.67,6.48,6.48,5.67,3.64,3.64,3.64,3.64
N_23_32,N_22_34,9.15923081490746,5.08,5.08,5.08,5.08,5.08,5.08,6.32,6.32,6.87,6.87,5.5,5.5,5.5,5.5,5.5,5.5,6.59,7.14,7.14,6.59,5.22,5.22,5.22,5.22
N_23_32,N_24_32,6.331694313858371,6.46,6.46,6.46,6.46,6.46,6.46,9.88,9.88,11.4,11.4,7.6,7.6,7.6,7.6,7.6,7.6,10.64,12.16,12.16,10.64,6.84,6.84,6.84,6.84
N_23_32,N_24_30,6.786105574077091,6.92,6.92,6.92,6.92,6.92,6.92,10.59,10.59,12.21,12.21,8.14,8.14,8.14,8.14,8.14,8.14,11.4,13.03,13.03,11.4,7.33,7.33,7.33,7.33
N_23_32,N_23_29,9.031136152255392,5.01,5.01,5.01,5.01,5.01,5.01,6.23,6.23,6.77,6.77,5.42,5.42,5.42,5.42,5.42,5.42,6.5,7.04,7.04,6.5,5.15,5.15,5.15,5.15
N_23_33,N_21_32,4.184290096502357,4.27,4.27,4.27,4.27,4.27,4.27,6.53,6.53,7.53,7.53,5.02,5.02,5.02,5.02,5.02,5.02,7.03,8.03,8.03,7.03,4.52,4.52,4.52,4.52
N_23_33,N_21_35,9.129055565407048,5.07,5.07,5.07,5.07,5.07,5.07,6.3,6.3,6.85,6.85,5.48,5.48,5.48,5.48,5.48,5.48,6.57,7.12,7.12,6.57,5.2,5.2,5.2,5.2
N_23_33,N_23_30,1.3783784089960294,2.26,2.26,2.26,2.26,2.26,2.26,3.75,3.75,4.41,4.41,2.76,2.76,2.76,2.76,2.76,2.76,4.08,4.74,4.74,4.08,2.43,2.43,2.43,2.43
N_23_34,N_20_34,6.178313229563268,6.3,6.3,6.3,6.3,6.3,6.3,9.64,9.64,11.12,11.12,7.41,7.41,7.41,7.41,7.41,7.41,10.38,11.86,11.86,10.38,6.67,6.67,6.67,6.67
N_23_34,N_22_33,1.2629703824253986,2.07,2.07,2.07,2.07,2.07,2.07,3.44,3.44,4.04,4.04,2.53,2.53,2.53,2.53,2.53,2.53,3.74,4.34,4.34,3.74,2.22,2.22,2.22,2.22
N_23_34,N_22_34,4.3360315262770595,4.42,4.42,4.42,4.42,4.42,4.42,6.76,6.76,7.8,7.8,5.2,5.2,5.2,5.2,5.2,5.2,7.28,8.33,8.33,7.28,4.68,4.68,4.68,4.68
N_23_34,N_21_32,1.4691059425471762,2.41,2.41,2.41,2.41,2.41,2.41,4.0,4.0,4.7,4.7,2.94,2.94,2.94,2.94,2.94,2.94,4.35,5.05,5.05,4.35,2.59,2.59,2.59,2.59
N_23_34,N_23_33,13.150492900793632,7.3,7.3,7.3,7.3,7.3,7.3,9.07,9.07,9.86,9.86,7.89,7.89,7.89,7.89,7.89,7.89,9.47,10.26,10.26,9.47,7.5,7.5,7.5,7.5
N_23_34,N_24_36,5.63099873490942,5.74,5.74,5.74,5.74,5.74,5.74,8.78,8.78,10.14,10.14,6.76,6.76,6.76,6.76,6.76,6.76,9.46,10.81,10.81,9.46,6.08,6.08,6.08,6.08
N_23_34,N_23_37,4.495739973036933,4.59,4.59,4.59,4.59,4.59,4.59,7.01,7.01,8.09,8.09,5.39,5.39,5.39,5.39,5.39,5.39,7.55,8.63,8.63,7.55,4.86,4.86,4.86,4.86
N_23_35,N_22_33,10.353948954749177,5.75,5.75,5.75,5.75,5.75,5.75,7.14,7.14,7.77,7.77,6.21,6.21,6.21,6.21,6.21,6.21,7.45,8.08,8.08,7.45,5.9,5.9,5.9,5.9
N_23_35,N_22_35,4.7954372465839725,4.89,4.89,4.89,4.89,4.89,4.89,7.48,7.48,8.63,8.63,5.75,5.75,5.75,5.75,5.75,5.75,8.06,9.21,9.21,8.06,5.18,5.18,5.18,5.18
N_23_35,N_21_37,3.969132196171064,4.05,4.05,4.05,4.05,4.05,4.05,6.19,6.19,7.14,7.14,4.76,4.76,4.76,4.76,4.76,4.76,6.67,7.62,7.62,6.67,4.29,4.29,4.29,4.29
N_23_35,N_23_36,2.282794545437482,3.74,3.74,3.74,3.74,3.74,3.74,6.21,6.21,7.3,7.3,4.57,4.57,4.57,4.57,4.57,4.57,6.76,7.85,7.85,6.76,4.02,4.02,4.02,4.02
N_23_35,N_22_34,3.8892235666036963,3.97,3.97,3.97,3.97,3.97,3.97,6.07,6.07,7.0,7.0,4.67,4.67,4.67,4.67,4.67,4.67,6.53,7.47,7.47,6.53,4.2,4.2,4.2,4.2
N_23_35,N_24_36,13.277294625000017,7.37,7.37,7.37,7.37,7.37,7.37,9.16,9.16,9.96,9.96,7.97,7.97,7.97,7.97,7.97,7.97,9.56,10.36,10.36,9.56,7.57,7.57,7.57,7.57
N_23_35,N_22_37,2.079545697081338,3.41,3.41,3.41,3.41,3.41,3.41,5.66,5.66,6.65,6.65,4.16,4.16,4.16,4.16,4.16,4.16,6.16,7.15,7.15,6.16,3.66,3.66,3.66,3.66
N_23_35,N_21_34,8.113878345461794,4.5,4.5,4.5,4.5,4.5,4.5,5.6,5.6,6.09,6.09,4.87,4.87,4.87,4.87,4.87,4.87,5.84,6.33,6.33,5.84,4.62,4.62,4.62,4.62
N_23_36,N_23_35,2.282794545437482,3.74,3.74,3.74,3.74,3.74,3.74,6.21,6.21,7.3,7.3,4.57,4.57,4.57,4.57,4.57,4.57,6.76,7.85,7.85,6.76,4.02,4.02,4.02,4.02
N_23_36,N_21_37,0.9616421673877169,1.58,1.58,1.58,1.58,1.58,1.58,2.62,2.62,3.08,3.08,1.92,1.92,1.92,1.92,1.92,1.92,2.85,3.31,3.31,2.85,1.69,1.69,1.69,1.69
N_23_36,N_21_36,4.854370850453347,4.95,4.95,4.95,4.95,4.95,4.95,7.57,7.57,8.74,8.74,5.83,5.83,5.83,5.83,5.83,5.83,8.16,9.32,9.32,8.16,5.24,5.24,5.24,5.24
N_23_36,N_24_38,1.3155052555159301,2.16,2.16,2.16,2.16,2.16,2.16,3.58,3.58,4.21,4.21,2.63,2.63,2.63,2.63,2.63,2.63,3.89,4.53,4.53,3.89,2.32,2.32,2.32,2.32
N_23_37,N_22_38,1.5010025952976618,2.46,2.46,2.46,2.46,2.46,2.46,4.08,4.08,4.8,4.8,3.0,3.0,3.0,3.0,3.0,3.0,4.44,5.16,5.16,4.44,2.64,2.64,2.64,2.64
N_23_37,N_23_34,4.495739973036933,4.59,4.59,4.59,4.59,4.59,4.59,7.01,7.01,8.09,8.09,5.39,5.39,5.39,5.39,5.39,5.39,7.55,8.63,8.63,7.55,4.86,4.86,4.86,4.86
N_23_37,N_22_36,3.2906858315020315,3.36,3.36,3.36,3.36,3.36,3.36,5.13,5.13,5.92,5.92,3.95,3.95,3.95,3.95,3.95,3.95,5.53,6.32,6.32,5.53,3.55,3.55,3.55,3.55
N_23_37,N_21_36,1.666813767078242,2.73,2.73,2.73,2.73,2.73,2.73,4.53,4.53,5.33,5.33,3.33,3.33,3.33,3.33,3.33,3.33,4.93,5.73,5.73,4.93,2.93,2.93,2.93,2.93
N_23_37,N_21_39,1.253910684738648,2.06,2.06,2.06,2.06,2.06,2.06,3.41,3.41,4.01,4.01,2.51,2.51,2.51,2.51,2.51,2.51,3.71,4.31,4.31,3.71,2.21,2.21,2.21,2.21
N_23_38,N_22_37,8.849926320682565,4.91,4.91,4.91,4.91,4.91,4.91,6.11,6.11,6.64,6.64,5.31,5.31,5.31,5.31,5.31,5.31,6.37,6.9,6.9,6.37,5.04,5.04,5.04,5.04
N_23_38,N_24_39,11.662801203375233,6.47,6.47,6.47,6.47,6.47,6.47,8.05,8.05,8.75,8.75,7.0,7.0,7.0,7.0,7.0,7.0,8.4,9.1,9.1,8.4,6.65,6.65,6.65,6.65
N_23_38,N_24_38,12.256060977963278,6.8,6.8,6.8,6.8,6.8,6.8,8.46,8.46,9.19,9.19,7.35,7.35,7.35,7.35,7.35,7.35,8.82,9.56,9.56,8.82,6.99,6.99,6.99,6.99
N_23_38,N_22_39,5.412490145202881,5.52,5.52,5.52,5.52,5.52,5.52,8.44,8.44,9.74,9.74,6.49,6.49,6.49,6.49,6.49,6.49,9.09,10.39,10.39,9.09,5.85,5.85,5.85,5.85
N_23_38,N_22_36,1.6989811522459655,2.79,2.79,2.79,2.79,2.79,2.79,4.62,4.62,5.44,5.44,3.4,3.4,3.4,3.4,3.4,3.4,5.03,5.84,5.84,5.03,2.99,2.99,2.99,2.99
N_23_38,N_21_38,8.06890469942478,4.48,4.48,4.48,4.48,4.48,4.48,5.57,5.57,6.05,6.05,4.84,4.84,4.84,4.84,4.84,4.84,5.81,6.29,6.29,5.81,4.6,4.6,4.6,4.6
N_23_38,N_20_38,10.08243590107331,5.6,5.6,5.6,5.6,5.6,5.6,6.96,6.96,7.56,7.56,6.05,6.05,6.05,6.05,6.05,6.05,7.26,7.86,7.86,7.26,5.75,5.75,5.75,5.75
N_23_39,N_21_39,3.3768031638373674,3.44,3.44,3.44,3.44,3.44,3.44,5.27,5.27,6.08,6.08,4.05,4.05,4.05,4.05,4.05,4.05,5.67,6.48,6.48,5.67,3.65,3.65,3.65,3.65
N_23_39,N_21_37,8.827461414909203,4.9,4.9,4.9,4.9,4.9,4.9,6.09,6.09,6.62,6.62,5.3,5.3,5.3,5.3,5.3,5.3,6.36,6.89,6.89,6.36,5.03,5.03,5.03,5.03
N_23_39,N_20_39,1.491412286779242,2.45,2.45,2.45,2.45,2.45,2.45,4.06,4.06,4.77,4.77,2.98,2.98,2.98,2.98,2.98,2.98,4.41,5.13,5.13,4.41,2.62,2.62,2.62,2.62
N_23_39,N_21_38,5.17425618976585,5.28,5.28,5.28,5.28,5.28,5.28,8.07,8.07,9.31,9.31,6.21,6.21,6.21,6.21,6.21,6.21,8.69,9.93,9.93,8.69,5.59,5.59,5.59,5.59
N_23_39,N_23_37,5.160584760748707,5.26,5.26,5.26,5.26,5.26,5.26,8.05,8.05,9.29,9.29,6.19,6.19,6.19,6.19,6.19,6.19,8.67,9.91,9.91,8.67,5.57,5.57,5.57,5.57
N_23_4,N_21_3,10.629763344176359,5.9,5.9,5.9,5.9,5.9,5.9,7.33,7.33,7.97,7.97,6.38,6.38,6.38,6.38,6.38,6.38,7.65,8.29,8.29,7.65,6.06,6.06,6.06,6.06
N_23_4,N_22_4,1.1327856459938235,1.86,1.86,1.86,1.86,1.86,1.86,3.08,3.08,3.62,3.62,2.27,2.27,2.27,2.27,2.27,2.27,3.35,3.9,3.9,3.35,1.99,1.99,1.99,1.99
N_23_4,N_23_2,9.261960711500299,5.14,5.14,5.14,5.14,5.14,5.14,6.39,6.39,6.95,6.95,5.56,5.56,5.56,5.56,5.56,5.56,6.67,7.22,7.22,6.67,5.28,5.28,5.28,5.28
N_23_5,N_23_2,10.878324086374942,6.04,6.04,6.04,6.04,6.04,6.04,7.51,7.51,8.16,8.16,6.53,6.53,6.53,6.53,6.53,6.53,7.83,8.49,8.49,7.83,6.2,6.2,6.2,6.2
N_23_5,N_22_3,4.6339647295785,4.73,4.73,4.73,4.73,4.73,4.73,7.23,7.23,8.34,8.34,5.56,5.56,5.56,5.56,5.56,5.56,7.79,8.9,8.9,7.79,5.0,5.0,5.0,5.0
N_23_5,N_23_8,5.287483791506455,5.39,5.39,5.39,5.39,5.39,5.39,8.25,8.25,9.52,9.52,6.34,6.34,6.34,6.34,6.34,6.34,8.88,10.15,10.15,8.88,5.71,5.71,5.71,5.71
N_23_5,N_20_5,13.35136896790163,7.41,7.41,7.41,7.41,7.41,7.41,9.21,9.21,10.01,10.01,8.01,8.01,8.01,8.01,8.01,8.01,9.61,10.41,10.41,9.61,7.61,7.61,7.61,7.61
N_23_6,N_23_3,11.473404477770208,6.37,6.37,6.37,6.37,6.37,6.37,7.92,7.92,8.61,8.61,6.88,6.88,6.88,6.88,6.88,6.88,8.26,8.95,8.95,8.26,6.54,6.54,6.54,6.54
N_23_6,N_23_4,3.2930983452894997,3.36,3.36,3.36,3.36,3.36,3.36,5.14,5.14,5.93,5.93,3.95,3.95,3.95,3.95,3.95,3.95,5.53,6.32,6.32,5.53,3.56,3.56,3.56,3.56
N_23_6,N_22_6,3.9030229872180136,3.98,3.98,3.98,3.98,3.98,3.98,6.09,6.09,7.03,7.03,4.68,4.68,4.68,4.68,4.68,4.68,6.56,7.49,7.49,6.56,4.22,4.22,4.22,4.22
N_23_6,N_23_9,5.6529636138480495,5.77,5.77,5.77,5.77,5.77,5.77,8.82,8.82,10.18,10.18,6.78,6.78,6.78,6.78,6.78,6.78,9.5,10.85,10.85,9.5,6.11,6.11,6.11,6.11
N_23_6,N_24_7,10.334681576738372,5.74,5.74,5.74,5.74,5.74,5.74,7.13,7.13,7.75,7.75,6.2,6.2,6.2,6.2,6.2,6.2,7.44,8.06,8.06,7.44,5.89,5.89,5.89,5.89
N_23_6,N_21_8,1.6952404636477454,2.78,2.78,2.78,2.78,2.78,2.78,4.61,4.61,5.42,5.42,3.39,3.39,3.39,3.39,3.39,3.39,5.02,5.83,5.83,5.02,2.98,2.98,2.98,2.98
N_23_6,N_24_4,11.389954726052535,6.32,6.32,6.32,6.32,6.32,6.32,7.86,7.86,8.54,8.54,6.83,6.83,6.83,6.83,6.83,6.83,8.2,8.88,8.88,8.2,6.49,6.49,6.49,6.49
N_23_7,N_23_6,3.2627556897105268,3.33,3.33,3.33,3.33,3.33,3.33,5.09,5.09,5.87,5.87,3.92,3.92,3.92,3.92,3.92,3.92,5.48,6.26,6.26,5.48,3.52,3.52,3.52,3.52
N_23_7,N_24_6,13.85858480850646,7.69,7.69,7.69,7.69,7.69,7.69,9.56,9.56,10.39,10.39,8.32,8.32,8.32,8.32,8.32,8.32,9.98,10.81,10.81,9.98,7.9,7.9,7.9,7.9
N_23_7,N_23_5,13.299389148191405,7.38,7.38,7.38,7.38,7.38,7.38,9.18,9.18,9.97,9.97,7.98,7.98,7.98,7.98,7.98,7.98,9.58,10.37,10.37,9.58,7.58,7.58,7.58,7.58
N_23_8,N_24_10,3.293498234699499,3.36,3.36,3.36,3.36,3.36,3.36,5.14,5.14,5.93,5.93,3.95,3.95,3.95,3.95,3.95,3.95,5.53,6.32,6.32,5.53,3.56,3.56,3.56,3.56
N_23_8,N_23_11,4.377252618858717,4.46,4.46,4.46,4.46,4.46,4.46,6.83,6.83,7.88,7.88,5.25,5.25,5.25,5.25,5.25,5.25,7.35,8.4,8.4,7.35,4.73,4.73,4.73,4.73
N_23_8,N_23_7,13.156242680954364,7.3,7.3,7.3,7.3,7.3,7.3,9.08,9.08,9.87,9.87,7.89,7.89,7.89,7.89,7.89,7.89,9.47,10.26,10.26,9.47,7.5,7.5,7.5,7.5
N_23_9,N_23_11,14.824581462195729,8.23,8.23,8.23,8.23,8.23,8.23,10.23,10.23,11.12,11.12,8.89,8.89,8.89,8.89,8.89,8.89,10.67,11.56,11.56,10.67,8.45,8.45,8.45,8.45
N_23_9,N_22_7,4.247032943881441,4.33,4.33,4.33,4.33,4.33,4.33,6.63,6.63,7.64,7.64,5.1,5.1,5.1,5.1,5.1,5.1,7.14,8.15,8.15,7.14,4.59,4.59,4.59,4.59
N_23_9,N_21_9,2.4889220559766816,4.08,4.08,4.08,4.08,4.08,4.08,6.77,6.77,7.96,7.96,4.98,4.98,4.98,4.98,4.98,4.98,7.37,8.56,8.56,7.37,4.38,4.38,4.38,4.38
N_23_9,N_23_12,1.9236865423013523,3.15,3.15,3.15,3.15,3.15,3.15,5.23,5.23,6.16,6.16,3.85,3.85,3.85,3.85,3.85,3.85,5.69,6.62,6.62,5.69,3.39,3.39,3.39,3.39
N_23_9,N_21_8,11.777393543488797,6.54,6.54,6.54,6.54,6.54,6.54,8.13,8.13,8.83,8.83,7.07,7.07,7.07,7.07,7.07,7.07,8.48,9.19,9.19,8.48,6.71,6.71,6.71,6.71
N_23_9,N_21_10,4.574624978570505,4.67,4.67,4.67,4.67,4.67,4.67,7.14,7.14,8.23,8.23,5.49,5.49,5.49,5.49,5.49,5.49,7.69,8.78,8.78,7.69,4.94,4.94,4.94,4.94
N_23_9,N_24_8,1.962769896386647,3.22,3.22,3.22,3.22,3.22,3.22,5.34,5.34,6.28,6.28,3.93,3.93,3.93,3.93,3.93,3.93,5.81,6.75,6.75,5.81,3.45,3.45,3.45,3.45
N_23_9,N_24_9,6.283070908307677,6.41,6.41,6.41,6.41,6.41,6.41,9.8,9.8,11.31,11.31,7.54,7.54,7.54,7.54,7.54,7.54,10.56,12.06,12.06,10.56,6.79,6.79,6.79,6.79
N_24_0,N_22_2,9.851551618521437,5.47,5.47,5.47,5.47,5.47,5.47,6.8,6.8,7.39,7.39,5.91,5.91,5.91,5.91,5.91,5.91,7.09,7.68,7.68,7.09,5.62,5.62,5.62,5.62
N_24_0,N_23_0,4.960383010683249,5.06,5.06,5.06,5.06,5.06,5.06,7.74,7.74,8.93,8.93,5.95,5.95,5.95,5.95,5.95,5.95,8.33,9.52,9.52,8.33,5.36,5.36,5.36,5.36
N_24_0,N_24_2,12.884701634687357,7.15,7.15,7.15,7.15,7.15,7.15,8.89,8.89,9.66,9.66,7.73,7.73,7.73,7.73,7.73,7.73,9.28,10.05,10.05,9.28,7.34,7.34,7.34,7.34
N_24_0,N_24_3,1.9447498207797107,3.19,3.19,3.19,3.19,3.19,3.19,5.29,5.29,6.22,6.22,3.89,3.89,3.89,3.89,3.89,3.89,5.76,6.69,6.69,5.76,3.42,3.42,3.42,3.42
N_24_1,N_21_1,9.95060142410686,5.52,5.52,5.52,5.52,5.52,5.52,6.87,6.87,7.46,7.46,5.97,5.97,5.97,5.97,5.97,5.97,7.16,7.76,7.76,7.16,5.67,5.67,5.67,5.67
N_24_1,N_22_0,1.1553834749647012,1.89,1.89,1.89,1.89,1.89,1.89,3.14,3.14,3.7,3.7,2.31,2.31,2.31,2.31,2.31,2.31,3.42,3.97,3.97,3.42,2.03,2.03,2.03,2.03
N_24_1,N_22_3,6.753072442693808,6.89,6.89,6.89,6.89,6.89,6.89,10.53,10.53,12.16,12.16,8.1,8.1,8.1,8.1,8.1,8.1,11.35,12.97,12.97,11.35,7.29,7.29,7.29,7.29
N_24_1,N_24_3,13.038839770515873,7.24,7.24,7.24,7.24,7.24,7.24,9.0,9.0,9.78,9.78,7.82,7.82,7.82,7.82,7.82,7.82,9.39,10.17,10.17,9.39,7.43,7.43,7.43,7.43
N_24_1,N_24_2,6.875284971075061,7.01,7.01,7.01,7.01,7.01,7.01,10.73,10.73,12.38,12.38,8.25,8.25,8.25,8.25,8.25,8.25,11.55,13.2,13.2,11.55,7.43,7.43,7.43,7.43
N_24_1,N_23_0,12.75649215288066,7.08,7.08,7.08,7.08,7.08,7.08,8.8,8.8,9.57,9.57,7.65,7.65,7.65,7.65,7.65,7.65,9.18,9.95,9.95,9.18,7.27,7.27,7.27,7.27
N_24_10,N_23_10,13.845915125398829,7.68,7.68,7.68,7.68,7.68,7.68,9.55,9.55,10.38,10.38,8.31,8.31,8.31,8.31,8.31,8.31,9.97,10.8,10.8,9.97,7.89,7.89,7.89,7.89
N_24_10,N_24_9,4.371640895694773,4.46,4.46,4.46,4.46,4.46,4.46,6.82,6.82,7.87,7.87,5.25,5.25,5.25,5.25,5.25,5.25,7.34,8.39,8.39,7.34,4.72,4.72,4.72,4.72
N_24_10,N_22_9,12.606977163516984,7.0,7.0,7.0,7.0,7.0,7.0,8.7,8.7,9.46,9.46,7.56,7.56,7.56,7.56,7.56,7.56,9.08,9.83,9.83,9.08,7.19,7.19,7.19,7.19
N_24_11,N_22_13,6.807891853828336,6.94,6.94,6.94,6.94,6.94,6.94,10.62,10.62,12.25,12.25,8.17,8.17,8.17,8.17,8.17,8.17,11.44,13.07,13.07,11.44,7.35,7.35,7.35,7.35
N_24_11,N_24_10,11.361733876801033,6.31,6.31,6.31,6.31,6.31,6.31,7.84,7.84,8.52,8.52,6.82,6.82,6.82,6.82,6.82,6.82,8.18,8.86,8.86,8.18,6.48,6.48,6.48,6.48
N_24_11,N_23_12,6.454172835702376,6.58,6.58,6.58,6.58,6.58,6.58,10.07,10.07,11.62,11.62,7.75,7.75,7.75,7.75,7.75,7.75,10.84,12.39,12.39,10.84,6.97,6.97,6.97,6.97
N_24_12,N_22_10,6.45390796981394,6.58,6.58,6.58,6.58,6.58,6.58,10.07,10.07,11.62,11.62,7.74,7.74,7.74,7.74,7.74,7.74,10.84,12.39,12.39,10.84,6.97,6.97,6.97,6.97
N_24_12,N_23_13,2.4956043423440164,4.09,4.09,4.09,4.09,4.09,4.09,6.79,6.79,7.99,7.99,4.99,4.99,4.99,4.99,4.99,4.99,7.39,8.58,8.58,7.39,4.39,4.39,4.39,4.39
N_24_12,N_24_10,3.992788711986448,4.07,4.07,4.07,4.07,4.07,4.07,6.23,6.23,7.19,7.19,4.79,4.79,4.79,4.79,4.79,4.79,6.71,7.67,7.67,6.71,4.31,4.31,4.31,4.31
N_24_12,N_24_11,6.691396355711699,6.83,6.83,6.83,6.83,6.83,6.83,10.44,10.44,12.04,12.04,8.03,8.03,8.03,8.03,8.03,8.03,11.24,12.85,12.85,11.24,7.23,7.23,7.23,7.23
N_24_12,N_24_14,0.7757357917583032,1.27,1.27,1.27,1.27,1.27,1.27,2.11,2.11,2.48,2.48,1.55,1.55,1.55,1.55,1.55,1.55,2.3,2.67,2.67,2.3,1.37,1.37,1.37,1.37
N_24_13,N_22_12,6.01693488716779,6.14,6.14,6.14,6.14,6.14,6.14,9.39,9.39,10.83,10.83,7.22,7.22,7.22,7.22,7.22,7.22,10.11,11.55,11.55,10.11,6.5,6.5,6.5,6.5
N_24_13,N_22_14,10.773586375792831,5.98,5.98,5.98,5.98,5.98,5.98,7.43,7.43,8.08,8.08,6.46,6.46,6.46,6.46,6.46,6.46,7.76,8.4,8.4,7.76,6.14,6.14,6.14,6.14
N_24_13,N_23_13,1.2419291443231224,2.04,2.04,2.04,2.04,2.04,2.04,3.38,3.38,3.97,3.97,2.48,2.48,2.48,2.48,2.48,2.48,3.68,4.27,4.27,3.68,2.19,2.19,2.19,2.19
N_24_13,N_24_14,5.5642841782489425,5.68,5.68,5.68,5.68,5.68,5.68,8.68,8.68,10.02,10.02,6.68,6.68,6.68,6.68,6.68,6.68,9.35,10.68,10.68,9.35,6.01,6.01,6.01,6.01
N_24_13,N_22_13,6.34967872524304,6.48,6.48,6.48,6.48,6.48,6.48,9.91,9.91,11.43,11.43,7.62,7.62,7.62,7.62,7.62,7.62,10.67,12.19,12.19,10.67,6.86,6.86,6.86,6.86
N_24_13,N_24_15,3.043795968877706,3.1,3.1,3.1,3.1,3.1,3.1,4.75,4.75,5.48,5.48,3.65,3.65,3.65,3.65,3.65,3.65,5.11,5.84,5.84,5.11,3.29,3.29,3.29,3.29
N_24_14,N_22_12,3.4446475160892907,3.51,3.51,3.51,3.51,3.51,3.51,5.37,5.37,6.2,6.2,4.13,4.13,4.13,4.13,4.13,4.13,5.79,6.61,6.61,5.79,3.72,3.72,3.72,3.72
N_24_14,N_24_12,0.7757357917583032,1.27,1.27,1.27,1.27,1.27,1.27,2.11,2.11,2.48,2.48,1.55,1.55,1.55,1.55,1.55,1.55,2.3,2.67,2.67,2.3,1.37,1.37,1.37,1.37
N_24_14,N_24_13,5.5642841782489425,5.68,5.68,5.68,5.68,5.68,5.68,8.68,8.68,10.02,10.02,6.68,6.68,6.68,6.68,6.68,6.68,9.35,10.68,10.68,9.35,6.01,6.01,6.01,6.01
N_24_14,N_23_13,4.484109746468773,4.57,4.57,4.57,4.57,4.57,4.57,7.0,7.0,8.07,8.07,5.38,5.38,5.38,5.38,5.38,5.38,7.53,8.61,8.61,7.53,4.84,4.84,4.84,4.84
N_24_14,N_24_15,3.9250608640154634,4.0,4.0,4.0,4.0,4.0,4.0,6.12,6.12,7.07,7.07,4.71,4.71,4.71,4.71,4.71,4.71,6.59,7.54,7.54,6.59,4.24,4.24,4.24,4.24
N_24_14,N_23_14,3.7466917326800764,3.82,3.82,3.82,3.82,3.82,3.82,5.84,5.84,6.74,6.74,4.5,4.5,4.5,4.5,4.5,4.5,6.29,7.19,7.19,6.29,4.05,4.05,4.05,4.05
N_24_15,N_24_13,3.043795968877706,3.1,3.1,3.1,3.1,3.1,3.1,4.75,4.75,5.48,5.48,3.65,3.65,3.65,3.65,3.65,3.65,5.11,5.84,5.84,5.11,3.29,3.29,3.29,3.29
N_24_15,N_24_14,3.9250608640154634,4.0,4.0,4.0,4.0,4.0,4.0,6.12,6.12,7.07,7.07,4.71,4.71,4.71,4.71,4.71,4.71,6.59,7.54,7.54,6.59,4.24,4.24,4.24,4.24
N_24_15,N_22_17,5.77394316450695,5.89,5.89,5.89,5.89,5.89,5.89,9.01,9.01,10.39,10.39,6.93,6.93,6.93,6.93,6.93,6.93,9.7,11.09,11.09,9.7,6.24,6.24,6.24,6.24
N_24_15,N_23_15,8.633940583992675,4.79,4.79,4.79,4.79,4.79,4.79,5.96,5.96,6.48,6.48,5.18,5.18,5.18,5.18,5.18,5.18,6.22,6.73,6.73,6.22,4.92,4.92,4.92,4.92
N_24_15,N_24_16,3.483102462243028,3.55,3.55,3.55,3.55,3.55,3.55,5.43,5.43,6.27,6.27,4.18,4.18,4.18,4.18,4.18,4.18,5.85,6.69,6.69,5.85,3.76,3.76,3.76,3.76
N_24_15,N_24_17,5.517001937341421,5.63,5.63,5.63,5.63,5.63,5.63,8.61,8.61,9.93,9.93,6.62,6.62,6.62,6.62,6.62,6.62,9.27,10.59,10.59,9.27,5.96,5.96,5.96,5.96
N_24_16,N_24_15,3.483102462243028,3.55,3.55,3.55,3.55,3.55,3.55,5.43,5.43,6.27,6.27,4.18,4.18,4.18,4.18,4.18,4.18,5.85,6.69,6.69,5.85,3.76,3.76,3.76,3.76
N_24_16,N_22_17,4.519544691207159,4.61,4.61,4.61,4.61,4.61,4.61,7.05,7.05,8.14,8.14,5.42,5.42,5.42,5.42,5.42,5.42,7.59,8.68,8.68,7.59,4.88,4.88,4.88,4.88
N_24_16,N_24_19,0.705097851319016,1.16,1.16,1.16,1.16,1.16,1.16,1.92,1.92,2.26,2.26,1.41,1.41,1.41,1.41,1.41,1.41,2.09,2.43,2.43,2.09,1.24,1.24,1.24,1.24
N_24_16,N_22_14,11.792325377176704,6.54,6.54,6.54,6.54,6.54,6.54,8.14,8.14,8.84,8.84,7.08,7.08,7.08,7.08,7.08,7.08,8.49,9.2,9.2,8.49,6.72,6.72,6.72,6.72
N_24_16,N_22_16,11.14236815307922,6.18,6.18,6.18,6.18,6.18,6.18,7.69,7.69,8.36,8.36,6.69,6.69,6.69,6.69,6.69,6.69,8.02,8.69,8.69,8.02,6.35,6.35,6.35,6.35
N_24_16,N_24_14,6.607190487429666,6.74,6.74,6.74,6.74,6.74,6.74,10.31,10.31,11.89,11.89,7.93,7.93,7.93,7.93,7.93,7.93,11.1,12.69,12.69,11.1,7.14,7.14,7.14,7.14
N_24_16,N_21_16,10.473236252355866,5.81,5.81,5.81,5.81,5.81,5.81,7.23,7.23,7.85,7.85,6.28,6.28,6.28,6.28,6.28,6.28,7.54,8.17,8.17,7.54,5.97,5.97,5.97,5.97
N_24_17,N_22_15,9.98384945313768,5.54,5.54,5.54,5.54,5.54,5.54,6.89,6.89,7.49,7.49,5.99,5.99,5.99,5.99,5.99,5.99,7.19,7.79,7.79,7.19,5.69,5.69,5.69,5.69
N_24_17,N_23_17,3.558296057592854,3.63,3.63,3.63,3.63,3.63,3.63,5.55,5.55,6.4,6.4,4.27,4.27,4.27,4.27,4.27,4.27,5.98,6.83,6.83,5.98,3.84,3.84,3.84,3.84
N_24_17,N_24_15,5.517001937341421,5.63,5.63,5.63,5.63,5.63,5.63,8.61,8.61,9.93,9.93,6.62,6.62,6.62,6.62,6.62,6.62,9.27,10.59,10.59,9.27,5.96,5.96,5.96,5.96
N_24_17,N_23_19,3.215874354447752,3.28,3.28,3.28,3.28,3.28,3.28,5.02,5.02,5.79,5.79,3.86,3.86,3.86,3.86,3.86,3.86,5.4,6.17,6.17,5.4,3.47,3.47,3.47,3.47
N_24_18,N_22_18,1.6506889374816631,2.71,2.71,2.71,2.71,2.71,2.71,4.49,4.49,5.28,5.28,3.3,3.3,3.3,3.3,3.3,3.3,4.89,5.68,5.68,4.89,2.91,2.91,2.91,2.91
N_24_18,N_24_17,1.9638458452424035,3.22,3.22,3.22,3.22,3.22,3.22,5.34,5.34,6.28,6.28,3.93,3.93,3.93,3.93,3.93,3.93,5.81,6.76,6.76,5.81,3.46,3.46,3.46,3.46
N_24_18,N_23_20,13.681553410285098,7.59,7.59,7.59,7.59,7.59,7.59,9.44,9.44,10.26,10.26,8.21,8.21,8.21,8.21,8.21,8.21,9.85,10.67,10.67,9.85,7.8,7.8,7.8,7.8
N_24_19,N_23_21,1.846593351830902,3.03,3.03,3.03,3.03,3.03,3.03,5.02,5.02,5.91,5.91,3.69,3.69,3.69,3.69,3.69,3.69,5.47,6.35,6.35,5.47,3.25,3.25,3.25,3.25
N_24_19,N_24_16,0.705097851319016,1.16,1.16,1.16,1.16,1.16,1.16,1.92,1.92,2.26,2.26,1.41,1.41,1.41,1.41,1.41,1.41,2.09,2.43,2.43,2.09,1.24,1.24,1.24,1.24
N_24_19,N_21_19,4.5533730353467075,4.64,4.64,4.64,4.64,4.64,4.64,7.1,7.1,8.2,8.2,5.46,5.46,5.46,5.46,5.46,5.46,7.65,8.74,8.74,7.65,4.92,4.92,4.92,4.92
N_24_19,N_24_18,14.167747573970884,7.86,7.86,7.86,7.86,7.86,7.86,9.78,9.78,10.63,10.63,8.5,8.5,8.5,8.5,8.5,8.5,10.2,11.05,11.05,10.2,8.08,8.08,8.08,8.08
N_24_19,N_22_19,5.508805086331148,5.62,5.62,5.62,5.62,5.62,5.62,8.59,8.59,9.92,9.92,6.61,6.61,6.61,6.61,6.61,6.61,9.25,10.58,10.58,9.25,5.95,5.95,5.95,5.95
N_24_2,N_24_0,12.884701634687357,7.15,7.15,7.15,7.15,7.15,7.15,8.89,8.89,9.66,9.66,7.73,7.73,7.73,7.73,7.73,7.73,9.28,10.05,10.05,9.28,7.34,7.34,7.34,7.34
N_24_2,N_24_1,6.875284971075061,7.01,7.01,7.01,7.01,7.01,7.01,10.73,10.73,12.38,12.38,8.25,8.25,8.25,8.25,8.25,8.25,11.55,13.2,13.2,11.55,7.43,7.43,7.43,7.43
N_24_2,N_22_0,3.9774426178794706,4.06,4.06,4.06,4.06,4.06,4.06,6.2,6.2,7.16,7.16,4.77,4.77,4.77,4.77,4.77,4.77,6.68,7.64,7.64,6.68,4.3,4.3,4.3,4.3
N_24_2,N_22_1,5.254647796917217,5.36,5.36,5.36,5.36,5.36,5.36,8.2,8.2,9.46,9.46,6.31,6.31,6.31,6.31,6.31,6.31,8.83,10.09,10.09,8.83,5.68,5.68,5.68,5.68
N_24_2,N_23_2,4.7299465980788735,4.82,4.82,4.82,4.82,4.82,4.82,7.38,7.38,8.51,8.51,5.68,5.68,5.68,5.68,5.68,5.68,7.95,9.08,9.08,7.95,5.11,5.11,5.11,5.11
N_24_2,N_22_2,13.72165799890157,7.62,7.62,7.62,7.62,7.62,7.62,9.47,9.47,10.29,10.29,8.23,8.23,8.23,8.23,8.23,8.23,9.88,10.7,10.7,9.88,7.82,7.82,7.82,7.82
N_24_20,N_22_22,3.138429154585257,3.2,3.2,3.2,3.2,3.2,3.2,4.9,4.9,5.65,5.65,3.77,3.77,3.77,3.77,3.77,3.77,5.27,6.03,6.03,5.27,3.39,3.39,3.39,3.39
N_24_20,N_24_17,6.261908602559062,6.39,6.39,6.39,6.39,6.39,6.39,9.77,9.77,11.27,11.27,7.51,7.51,7.51,7.51,7.51,7.51,10.52,12.02,12.02,10.52,6.76,6.76,6.76,6.76
N_24_20,N_24_18,1.4203786607989974,2.33,2.33,2.33,2.33,2.33,2.33,3.86,3.86,4.55,4.55,2.84,2.84,2.84,2.84,2.84,2.84,4.2,4.89,4.89,4.2,2.5,2.5,2.5,2.5
N_24_21,N_23_22,5.633969423018684,5.75,5.75,5.75,5.75,5.75,5.75,8.79,8.79,10.14,10.14,6.76,6.76,6.76,6.76,6.76,6.76,9.47,10.82,10.82,9.47,6.08,6.08,6.08,6.08
N_24_21,N_23_23,13.380077060114381,7.43,7.43,7.43,7.43,7.43,7.43,9.23,9.23,10.04,10.04,8.03,8.03,8.03,8.03,8.03,8.03,9.63,10.44,10.44,9.63,7.63,7.63,7.63,7.63
N_24_21,N_22_21,8.65744512349021,4.8,4.8,4.8,4.8,4.8,4.8,5.97,5.97,6.49,6.49,5.19,5.19,5.19,5.19,5.19,5.19,6.23,6.75,6.75,6.23,4.93,4.93,4.93,4.93
N_24_21,N_22_20,10.962958837434138,6.08,6.08,6.08,6.08,6.08,6.08,7.56,7.56,8.22,8.22,6.58,6.58,6.58,6.58,6.58,6.58,7.89,8.55,8.55,7.89,6.25,6.25,6.25,6.25
N_24_21,N_24_22,3.7007487272103337,3.77,3.77,3.77,3.77,3.77,3.77,5.77,5.77,6.66,6.66,4.44,4.44,4.44,4.44,4.44,4.44,6.22,7.11,7.11,6.22,4.0,4.0,4.0,4.0
N_24_21,N_24_23,14.730691500592656,8.18,8.18,8.18,8.18,8.18,8.18,10.16,10.16,11.05,11.05,8.84,8.84,8.84,8.84,8.84,8.84,10.61,11.49,11.49,10.61,8.4,8.4,8.4,8.4
N_24_21,N_22_23,12.13692746815755,6.74,6.74,6.74,6.74,6.74,6.74,8.37,8.37,9.1,9.1,7.28,7.28,7.28,7.28,7.28,7.28,8.74,9.47,9.47,8.74,6.92,6.92,6.92,6.92
N_24_22,N_22_23,0.78939950205464,1.29,1.29,1.29,1.29,1.29,1.29,2.15,2.15,2.53,2.53,1.58,1.58,1.58,1.58,1.58,1.58,2.34,2.72,2.72,2.34,1.39,1.39,1.39,1.39
N_24_22,N_23_22,4.687959368784817,4.78,4.78,4.78,4.78,4.78,4.78,7.31,7.31,8.44,8.44,5.63,5.63,5.63,5.63,5.63,5.63,7.88,9.0,9.0,7.88,5.06,5.06,5.06,5.06
N_24_22,N_24_21,3.7007487272103337,3.77,3.77,3.77,3.77,3.77,3.77,5.77,5.77,6.66,6.66,4.44,4.44,4.44,4.44,4.44,4.44,6.22,7.11,7.11,6.22,4.0,4.0,4.0,4.0
N_24_22,N_24_19,8.026461236300669,4.45,4.45,4.45,4.45,4.45,4.45,5.54,5.54,6.02,6.02,4.82,4.82,4.82,4.82,4.82,4.82,5.78,6.26,6.26,5.78,4.58,4.58,4.58,4.58
N_24_22,N_22_22,6.938725300009694,7.08,7.08,7.08,7.08,7.08,7.08,10.82,10.82,12.49,12.49,8.33,8.33,8.33,8.33,8.33,8.33,11.66,13.32,13.32,11.66,7.49,7.49,7.49,7.49
N_24_22,N_22_24,13.414197722886328,7.44,7.44,7.44,7.44,7.44,7.44,9.26,9.26,10.06,10.06,8.05,8.05,8.05,8.05,8.05,8.05,9.66,10.46,10.46,9.66,7.65,7.65,7.65,7.65
N_24_23,N_21_23,3.8851490642023703,3.96,3.96,3.96,3.96,3.96,3.96,6.06,6.06,6.99,6.99,4.66,4.66,4.66,4.66,4.66,4.66,6.53,7.46,7.46,6.53,4.2,4.2,4.2,4.2
N_24_23,N_22_24,12.671903861858553,7.03,7.03,7.03,7.03,7.03,7.03,8.74,8.74,9.5,9.5,7.6,7.6,7.6,7.6,7.6,7.6,9.12,9.88,9.88,9.12,7.22,7.22,7.22,7.22
N_24_23,N_23_21,12.00710034578257,6.66,6.66,6.66,6.66,6.66,6.66,8.28,8.28,9.01,9.01,7.2,7.2,7.2,7.2,7.2,7.2,8.65,9.37,9.37,8.65,6.84,6.84,6.84,6.84
N_24_23,N_24_21,14.730691500592656,8.18,8.18,8.18,8.18,8.18,8.18,10.16,10.16,11.05,11.05,8.84,8.84,8.84,8.84,8.84,8.84,10.61,11.49,11.49,10.61,8.4,8.4,8.4,8.4
N_24_23,N_23_24,3.113108602926525,3.18,3.18,3.18,3.18,3.18,3.18,4.86,4.86,5.6,5.6,3.74,3.74,3.74,3.74,3.74,3.74,5.23,5.98,5.98,5.23,3.36,3.36,3.36,3.36
N_24_23,N_24_26,11.909581843991157,6.61,6.61,6.61,6.61,6.61,6.61,8.22,8.22,8.93,8.93,7.15,7.15,7.15,7.15,7.15,7.15,8.57,9.29,9.29,8.57,6.79,6.79,6.79,6.79
N_24_24,N_22_25,13.746050637971194,7.63,7.63,7.63,7.63,7.63,7.63,9.48,9.48,10.31,10.31,8.25,8.25,8.25,8.25,8.25,8.25,9.9,10.72,10.72,9.9,7.84,7.84,7.84,7.84
N_24_24,N_23_25,3.88149802318083,3.96,3.96,3.96,3.96,3.96,3.96,6.06,6.06,6.99,6.99,4.66,4.66,4.66,4.66,4.66,4.66,6.52,7.45,7.45,6.52,4.19,4.19,4.19,4.19
N_24_24,N_22_22,4.1900446929909165,4.27,4.27,4.27,4.27,4.27,4.27,6.54,6.54,7.54,7.54,5.03,5.03,5.03,5.03,5.03,5.03,7.04,8.04,8.04,7.04,4.53,4.53,4.53,4.53
N_24_24,N_24_23,1.0404972734824214,1.71,1.71,1.71,1.71,1.71,1.71,2.83,2.83,3.33,3.33,2.08,2.08,2.08,2.08,2.08,2.08,3.08,3.58,3.58,3.08,1.83,1.83,1.83,1.83
N_24_24,N_22_24,1.446485665164906,2.37,2.37,2.37,2.37,2.37,2.37,3.93,3.93,4.63,4.63,2.89,2.89,2.89,2.89,2.89,2.89,4.28,4.98,4.98,4.28,2.55,2.55,2.55,2.55
N_24_24,N_21_24,4.485001074349125,4.57,4.57,4.57,4.57,4.57,4.57,7.0,7.0,8.07,8.07,5.38,5.38,5.38,5.38,5.38,5.38,7.53,8.61,8.61,7.53,4.84,4.84,4.84,4.84
N_24_25,N_22_23,10.523821383785998,5.84,5.84,5.84,5.84,5.84,5.84,7.26,7.26,7.89,7.89,6.31,6.31,6.31,6.31,6.31,6.31,7.58,8.21,8.21,7.58,6.0,6.0,6.0,6.0
N_24_25,N_22_27,11.134716599217509,6.18,6.18,6.18,6.18,6.18,6.18,7.68,7.68,8.35,8.35,6.68,6.68,6.68,6.68,6.68,6.68,8.02,8.69,8.69,8.02,6.35,6.35,6.35,6.35
N_24_25,N_22_25,5.344791746403747,5.45,5.45,5.45,5.45,5.45,5.45,8.34,8.34,9.62,9.62,6.41,6.41,6.41,6.41,6.41,6.41,8.98,10.26,10.26,8.98,5.77,5.77,5.77,5.77
N_24_25,N_23_25,2.4618803648214724,4.04,4.04,4.04,4.04,4.04,4.04,6.7,6.7,7.88,7.88,4.92,4.92,4.92,4.92,4.92,4.92,7.29,8.47,8.47,7.29,4.33,4.33,4.33,4.33
N_24_25,N_24_28,4.937621019737769,5.04,5.04,5.04,5.04,5.04,5.04,7.7,7.7,8.89,8.89,5.93,5.93,5.93,5.93,5.93,5.93,8.3,9.48,9.48,8.3,5.33,5.33,5.33,5.33
N_24_25,N_21_25,4.111185426775025,4.19,4.19,4.19,4.19,4.19,4.19,6.41,6.41,7.4,7.4,4.93,4.93,4.93,4.93,4.93,4.93,6.91,7.89,7.89,6.91,4.44,4.44,4.44,4.44
N_24_25,N_23_24,4.030749845467271,4.11,4.11,4.11,4.11,4.11,4.11,6.29,6.29,7.26,7.26,4.84,4.84,4.84,4.84,4.84,4.84,6.77,7.74,7.74,6.77,4.35,4.35,4.35,4.35
N_24_25,N_24_23,3.1375267979287296,3.2,3.2,3.2,3.2,3.2,3.2,4.89,4.89,5.65,5.65,3.77,3.77,3.77,3.77,3.77,3.77,5.27,6.02,6.02,5.27,3.39,3.39,3.39,3.39
N_24_26,N_22_24,4.200431785589459,4.28,4.28,4.28,4.28,4.28,4.28,6.55,6.55,7.56,7.56,5.04,5.04,5.04,5.04,5.04,5.04,7.06,8.06,8.06,7.06,4.54,4.54,4.54,4.54
N_24_26,N_22_28,1.5467827451583813,2.54,2.54,2.54,2.54,2.54,2.54,4.21,4.21,4.95,4.95,3.09,3.09,3.09,3.09,3.09,3.09,4.58,5.32,5.32,4.58,2.72,2.72,2.72,2.72
N_24_26,N_23_26,0.6342871243915407,1.04,1.04,1.04,1.04,1.04,1.04,1.73,1.73,2.03,2.03,1.27,1.27,1.27,1.27,1.27,1.27,1.88,2.18,2.18,1.88,1.12,1.12,1.12,1.12
N_24_26,N_24_23,11.909581843991157,6.61,6.61,6.61,6.61,6.61,6.61,8.22,8.22,8.93,8.93,7.15,7.15,7.15,7.15,7.15,7.15,8.57,9.29,9.29,8.57,6.79,6.79,6.79,6.79
N_24_27,N_22_26,2.0227249893218877,3.32,3.32,3.32,3.32,3.32,3.32,5.5,5.5,6.47,6.47,4.05,4.05,4.05,4.05,4.05,4.05,5.99,6.96,6.96,5.99,3.56,3.56,3.56,3.56
N_24_27,N_23_25,10.991387362401014,6.1,6.1,6.1,6.1,6.1,6.1,7.58,7.58,8.24,8.24,6.59,6.59,6.59,6.59,6.59,6.59,7.91,8.57,8.57,7.91,6.27,6.27,6.27,6.27
N_24_27,N_23_26,5.4357150665299105,5.54,5.54,5.54,5.54,5.54,5.54,8.48,8.48,9.78,9.78,6.52,6.52,6.52,6.52,6.52,6.52,9.13,10.44,10.44,9.13,5.87,5.87,5.87,5.87
N_24_27,N_23_28,5.28400680834205,5.39,5.39,5.39,5.39,5.39,5.39,8.24,8.24,9.51,9.51,6.34,6.34,6.34,6.34,6.34,6.34,8.88,10.15,10.15,8.88,5.71,5.71,5.71,5.71
N_24_28,N_23_28,3.817401328822372,3.89,3.89,3.89,3.89,3.89,3.89,5.96,5.96,6.87,6.87,4.58,4.58,4.58,4.58,4.58,4.58,6.41,7.33,7.33,6.41,4.12,4.12,4.12,4.12
N_24_28,N_24_25,4.937621019737769,5.04,5.04,5.04,5.04,5.04,5.04,7.7,7.7,8.89,8.89,5.93,5.93,5.93,5.93,5.93,5.93,8.3,9.48,9.48,8.3,5.33,5.33,5.33,5.33
N_24_28,N_24_30,14.226525966107904,7.9,7.9,7.9,7.9,7.9,7.9,9.82,9.82,10.67,10.67,8.54,8.54,8.54,8.54,8.54,8.54,10.24,11.1,11.1,10.24,8.11,8.11,8.11,8.11
N_24_28,N_22_27,5.86052973452494,5.98,5.98,5.98,5.98,5.98,5.98,9.14,9.14,10.55,10.55,7.03,7.03,7.03,7.03,7.03,7.03,9.85,11.25,11.25,9.85,6.33,6.33,6.33,6.33
N_24_28,N_21_28,5.004747883270845,5.1,5.1,5.1,5.1,5.1,5.1,7.81,7.81,9.01,9.01,6.01,6.01,6.01,6.01,6.01,6.01,8.41,9.61,9.61,8.41,5.41,5.41,5.41,5.41
N_24_29,N_22_28,12.228903404526946,6.79,6.79,6.79,6.79,6.79,6.79,8.44,8.44,9.17,9.17,7.34,7.34,7.34,7.34,7.34,7.34,8.8,9.54,9.54,8.8,6.97,6.97,6.97,6.97
N_24_29,N_23_27,3.9825885060809263,4.06,4.06,4.06,4.06,4.06,4.06,6.21,6.21,7.17,7.17,4.78,4.78,4.78,4.78,4.78,4.78,6.69,7.65,7.65,6.69,4.3,4.3,4.3,4.3
N_24_29,N_23_30,3.308139890058327,3.37,3.37,3.37,3.37,3.37,3.37,5.16,5.16,5.95,5.95,3.97,3.97,3.97,3.97,3.97,3.97,5.56,6.35,6.35,5.56,3.57,3.57,3.57,3.57
N_24_3,N_21_3,6.243635483404192,6.37,6.37,6.37,6.37,6.37,6.37,9.74,9.74,11.24,11.24,7.49,7.49,7.49,7.49,7.49,7.49,10.49,11.99,11.99,10.49,6.74,6.74,6.74,6.74
N_24_3,N_24_0,1.9447498207797107,3.19,3.19,3.19,3.19,3.19,3.19,5.29,5.29,6.22,6.22,3.89,3.89,3.89,3.89,3.89,3.89,5.76,6.69,6.69,5.76,3.42,3.42,3.42,3.42
N_24_3,N_24_1,13.038839770515873,7.24,7.24,7.24,7.24,7.24,7.24,9.0,9.0,9.78,9.78,7.82,7.82,7.82,7.82,7.82,7.82,9.39,10.17,10.17,9.39,7.43,7.43,7.43,7.43
N_24_3,N_22_2,5.269476049394737,5.37,5.37,5.37,5.37,5.37,5.37,8.22,8.22,9.49,9.49,6.32,6.32,6.32,6.32,6.32,6.32,8.85,10.12,10.12,8.85,5.69,5.69,5.69,5.69
N_24_30,N_22_28,3.977274088653691,4.06,4.06,4.06,4.06,4.06,4.06,6.2,6.2,7.16,7.16,4.77,4.77,4.77,4.77,4.77,4.77,6.68,7.64,7.64,6.68,4.3,4.3,4.3,4.3
N_24_30,N_22_31,12.438091621539893,6.9,6.9,6.9,6.9,6.9,6.9,8.58,8.58,9.33,9.33,7.46,7.46,7.46,7.46,7.46,7.46,8.96,9.7,9.7,8.96,7.09,7.09,7.09,7.09
N_24_30,N_23_32,6.786105574077091,6.92,6.92,6.92,6.92,6.92,6.92,10.59,10.59,12.21,12.21,8.14,8.14,8.14,8.14,8.14,8.14,11.4,13.03,13.03,11.4,7.33,7.33,7.33,7.33
N_24_31,N_21_31,9.0614433522514,5.03,5.03,5.03,5.03,5.03,5.03,6.25,6.25,6.8,6.8,5.44,5.44,5.44,5.44,5.44,5.44,6.52,7.07,7.07,6.52,5.17,5.17,5.17,5.17
N_24_31,N_22_29,6.548970284164779,6.68,6.68,6.68,6.68,6.68,6.68,10.22,10.22,11.79,11.79,7.86,7.86,7.86,7.86,7.86,7.86,11.0,12.57,12.57,11.0,7.07,7.07,7.07,7.07
N_24_31,N_23_30,12.250807223569701,6.8,6.8,6.8,6.8,6.8,6.8,8.45,8.45,9.19,9.19,7.35,7.35,7.35,7.35,7.35,7.35,8.82,9.56,9.56,8.82,6.98,6.98,6.98,6.98
N_24_31,N_24_34,4.311113081920381,4.4,4.4,4.4,4.4,4.4,4.4,6.73,6.73,7.76,7.76,5.17,5.17,5.17,5.17,5.17,5.17,7.24,8.28,8.28,7.24,4.66,4.66,4.66,4.66
N_24_31,N_24_32,1.2041301295142783,1.97,1.97,1.97,1.97,1.97,1.97,3.28,3.28,3.85,3.85,2.41,2.41,2.41,2.41,2.41,2.41,3.56,4.14,4.14,3.56,2.12,2.12,2.12,2.12
N_24_31,N_23_31,11.291822016363394,6.27,6.27,6.27,6.27,6.27,6.27,7.79,7.79,8.47,8.47,6.78,6.78,6.78,6.78,6.78,6.78,8.13,8.81,8.81,8.13,6.44,6.44,6.44,6.44
N_24_32,N_23_32,4.021415988358739,4.1,4.1,4.1,4.1,4.1,4.1,6.27,6.27,7.24,7.24,4.83,4.83,4.83,4.83,4.83,4.83,6.76,7.72,7.72,6.76,4.34,4.34,4.34,4.34
N_24_32,N_24_31,9.796814680330634,5.44,5.44,5.44,5.44,5.44,5.44,6.76,6.76,7.35,7.35,5.88,5.88,5.88,5.88,5.88,5.88,7.05,7.64,7.64,7.05,5.58,5.58,5.58,5.58
N_24_32,N_24_30,11.58604510963782,6.43,6.43,6.43,6.43,6.43,6.43,7.99,7.99,8.69,8.69,6.95,6.95,6.95,6.95,6.95,6.95,8.34,9.04,9.04,8.34,6.6,6.6,6.6,6.6
N_24_32,N_22_31,0.5098765513855261,0.84,0.84,0.84,0.84,0.84,0.84,1.39,1.39,1.63,1.63,1.02,1.02,1.02,1.02,1.02,1.02,1.51,1.75,1.75,1.51,0.9,0.9,0.9,0.9
N_24_32,N_24_34,0.9031818438959667,1.48,1.48,1.48,1.48,1.48,1.48,2.46,2.46,2.89,2.89,1.81,1.81,1.81,1.81,1.81,1.81,2.67,3.11,3.11,2.67,1.59,1.59,1.59,1.59
N_24_32,N_22_32,4.703202426939862,4.8,4.8,4.8,4.8,4.8,4.8,7.34,7.34,8.47,8.47,5.64,5.64,5.64,5.64,5.64,5.64,7.9,9.03,9.03,7.9,5.08,5.08,5.08,5.08
N_24_32,N_22_34,10.22794192093667,5.68,5.68,5.68,5.68,5.68,5.68,7.06,7.06,7.67,7.67,6.14,6.14,6.14,6.14,6.14,6.14,7.36,7.98,7.98,7.36,5.83,5.83,5.83,5.83
N_24_32,N_21_32,8.444660776618473,4.69,4.69,4.69,4.69,4.69,4.69,5.83,5.83,6.33,6.33,5.07,5.07,5.07,5.07,5.07,5.07,6.08,6.59,6.59,6.08,4.81,4.81,4.81,4.81
N_24_33,N_22_31,0.7141418549722318,1.17,1.17,1.17,1.17,1.17,1.17,1.94,1.94,2.29,2.29,1.43,1.43,1.43,1.43,1.43,1.43,2.11,2.46,2.46,2.11,1.26,1.26,1.26,1.26
N_24_33,N_24_35,5.943537906845632,6.06,6.06,6.06,6.06,6.06,6.06,9.27,9.27,10.7,10.7,7.13,7.13,7.13,7.13,7.13,7.13,9.99,11.41,11.41,9.99,6.42,6.42,6.42,6.42
N_24_33,N_22_35,2.053718162665521,3.37,3.37,3.37,3.37,3.37,3.37,5.59,5.59,6.57,6.57,4.11,4.11,4.11,4.11,4.11,4.11,6.08,7.06,7.06,6.08,3.61,3.61,3.61,3.61
N_24_33,N_23_32,9.883803737728401,5.49,5.49,5.49,5.49,5.49,5.49,6.82,6.82,7.41,7.41,5.93,5.93,5.93,5.93,5.93,5.93,7.12,7.71,7.71,7.12,5.63,5.63,5.63,5.63
N_24_33,N_23_33,4.733033437668384,4.83,4.83,4.83,4.83,4.83,4.83,7.38,7.38,8.52,8.52,5.68,5.68,5.68,5.68,5.68,5.68,7.95,9.09,9.09,7.95,5.11,5.11,5.11,5.11
N_24_33,N_22_34,5.385506584787098,5.49,5.49,5.49,5.49,5.49,5.49,8.4,8.4,9.69,9.69,6.46,6.46,6.46,6.46,6.46,6.46,9.05,10.34,10.34,9.05,5.82,5.82,5.82,5.82
N_24_34,N_22_33,4.087500924220533,4.17,4.17,4.17,4.17,4.17,4.17,6.38,6.38,7.36,7.36,4.91,4.91,4.91,4.91,4.91,4.91,6.87,7.85,7.85,6.87,4.41,4.41,4.41,4.41
N_24_34,N_24_32,0.9031818438959667,1.48,1.48,1.48,1.48,1.48,1.48,2.46,2.46,2.89,2.89,1.81,1.81,1.81,1.81,1.81,1.81,2.67,3.11,3.11,2.67,1.59,1.59,1.59,1.59
N_24_34,N_24_31,14.400610762057166,7.99,7.99,7.99,7.99,7.99,7.99,9.94,9.94,10.8,10.8,8.64,8.64,8.64,8.64,8.64,8.64,10.37,11.23,11.23,10.37,8.21,8.21,8.21,8.21
N_24_34,N_23_35,6.08029602103355,6.2,6.2,6.2,6.2,6.2,6.2,9.49,9.49,10.94,10.94,7.3,7.3,7.3,7.3,7.3,7.3,10.21,11.67,11.67,10.21,6.57,6.57,6.57,6.57
N_24_34,N_22_36,6.9514284881782356,7.09,7.09,7.09,7.09,7.09,7.09,10.84,10.84,12.51,12.51,8.34,8.34,8.34,8.34,8.34,8.34,11.68,13.35,13.35,11.68,7.51,7.51,7.51,7.51
N_24_34,N_24_37,10.253076512276063,5.69,5.69,5.69,5.69,5.69,5.69,7.07,7.07,7.69,7.69,6.15,6.15,6.15,6.15,6.15,6.15,7.38,8.0,8.0,7.38,5.84,5.84,5.84,5.84
N_24_35,N_24_33,5.943537906845632,6.06,6.06,6.06,6.06,6.06,6.06,9.27,9.27,10.7,10.7,7.13,7.13,7.13,7.13,7.13,7.13,9.99,11.41,11.41,9.99,6.42,6.42,6.42,6.42
N_24_35,N_24_37,12.554715283985367,6.97,6.97,6.97,6.97,6.97,6.97,8.66,8.66,9.42,9.42,7.53,7.53,7.53,7.53,7.53,7.53,9.04,9.79,9.79,9.04,7.16,7.16,7.16,7.16
N_24_35,N_22_34,9.632877981559398,5.35,5.35,5.35,5.35,5.35,5.35,6.65,6.65,7.22,7.22,5.78,5.78,5.78,5.78,5.78,5.78,6.94,7.51,7.51,6.94,5.49,5.49,5.49,5.49
N_24_35,N_23_33,1.7009292241179526,2.79,2.79,2.79,2.79,2.79,2.79,4.63,4.63,5.44,5.44,3.4,3.4,3.4,3.4,3.4,3.4,5.03,5.85,5.85,5.03,2.99,2.99,2.99,2.99
N_24_35,N_23_35,4.121466684655076,4.2,4.2,4.2,4.2,4.2,4.2,6.43,6.43,7.42,7.42,4.95,4.95,4.95,4.95,4.95,4.95,6.92,7.91,7.91,6.92,4.45,4.45,4.45,4.45
N_24_35,N_22_35,9.3384685956738,5.18,5.18,5.18,5.18,5.18,5.18,6.44,6.44,7.0,7.0,5.6,5.6,5.6,5.6,5.6,5.6,6.72,7.28,7.28,6.72,5.32,5.32,5.32,5.32
N_24_36,N_21_36,6.531055806867437,6.66,6.66,6.66,6.66,6.66,6.66,10.19,10.19,11.76,11.76,7.84,7.84,7.84,7.84,7.84,7.84,10.97,12.54,12.54,10.97,7.05,7.05,7.05,7.05
N_24_36,N_23_34,5.63099873490942,5.74,5.74,5.74,5.74,5.74,5.74,8.78,8.78,10.14,10.14,6.76,6.76,6.76,6.76,6.76,6.76,9.46,10.81,10.81,9.46,6.08,6.08,6.08,6.08
N_24_36,N_23_35,13.277294625000017,7.37,7.37,7.37,7.37,7.37,7.37,9.16,9.16,9.96,9.96,7.97,7.97,7.97,7.97,7.97,7.97,9.56,10.36,10.36,9.56,7.57,7.57,7.57,7.57
N_24_36,N_24_35,0.7273575761363806,1.19,1.19,1.19,1.19,1.19,1.19,1.98,1.98,2.33,2.33,1.45,1.45,1.45,1.45,1.45,1.45,2.15,2.5,2.5,2.15,1.28,1.28,1.28,1.28
N_24_36,N_24_38,4.701442889506044,4.8,4.8,4.8,4.8,4.8,4.8,7.33,7.33,8.46,8.46,5.64,5.64,5.64,5.64,5.64,5.64,7.9,9.03,9.03,7.9,5.08,5.08,5.08,5.08
N_24_36,N_24_39,1.5453616637235064,2.53,2.53,2.53,2.53,2.53,2.53,4.2,4.2,4.95,4.95,3.09,3.09,3.09,3.09,3.09,3.09,4.57,5.32,5.32,4.57,2.72,2.72,2.72,2.72
N_24_36,N_22_37,11.653875651078689,6.47,6.47,6.47,6.47,6.47,6.47,8.04,8.04,8.74,8.74,6.99,6.99,6.99,6.99,6.99,6.99,8.39,9.09,9.09,8.39,6.64,6.64,6.64,6.64
N_24_37,N_22_37,5.860235489210415,5.98,5.98,5.98,5.98,5.98,5.98,9.14,9.14,10.55,10.55,7.03,7.03,7.03,7.03,7.03,7.03,9.85,11.25,11.25,9.85,6.33,6.33,6.33,6.33
N_24_37,N_22_39,4.42602923710028,4.51,4.51,4.51,4.51,4.51,4.51,6.9,6.9,7.97,7.97,5.31,5.31,5.31,5.31,5.31,5.31,7.44,8.5,8.5,7.44,4.78,4.78,4.78,4.78
N_24_37,N_24_34,10.253076512276063,5.69,5.69,5.69,5.69,5.69,5.69,7.07,7.07,7.69,7.69,6.15,6.15,6.15,6.15,6.15,6.15,7.38,8.0,8.0,7.38,5.84,5.84,5.84,5.84
N_24_37,N_23_35,4.442378035860406,4.53,4.53,4.53,4.53,4.53,4.53,6.93,6.93,8.0,8.0,5.33,5.33,5.33,5.33,5.33,5.33,7.46,8.53,8.53,7.46,4.8,4.8,4.8,4.8
N_24_37,N_22_35,6.026976027487244,6.15,6.15,6.15,6.15,6.15,6.15,9.4,9.4,10.85,10.85,7.23,7.23,7.23,7.23,7.23,7.23,10.13,11.57,11.57,10.13,6.51,6.51,6.51,6.51
N_24_37,N_22_36,0.919573934356227,1.51,1.51,1.51,1.51,1.51,1.51,2.5,2.5,2.94,2.94,1.84,1.84,1.84,1.84,1.84,1.84,2.72,3.16,3.16,2.72,1.62,1.62,1.62,1.62
N_24_38,N_22_37,0.7115672443323131,1.17,1.17,1.17,1.17,1.17,1.17,1.94,1.94,2.28,2.28,1.42,1.42,1.42,1.42,1.42,1.42,2.11,2.45,2.45,2.11,1.25,1.25,1.25,1.25
N_24_38,N_23_36,1.3155052555159301,2.16,2.16,2.16,2.16,2.16,2.16,3.58,3.58,4.21,4.21,2.63,2.63,2.63,2.63,2.63,2.63,3.89,4.53,4.53,3.89,2.32,2.32,2.32,2.32
N_24_38,N_23_38,12.256060977963278,6.8,6.8,6.8,6.8,6.8,6.8,8.46,8.46,9.19,9.19,7.35,7.35,7.35,7.35,7.35,7.35,8.82,9.56,9.56,8.82,6.99,6.99,6.99,6.99
N_24_38,N_24_36,4.701442889506044,4.8,4.8,4.8,4.8,4.8,4.8,7.33,7.33,8.46,8.46,5.64,5.64,5.64,5.64,5.64,5.64,7.9,9.03,9.03,7.9,5.08,5.08,5.08,5.08
N_24_38,N_23_37,2.028712482606293,3.33,3.33,3.33,3.33,3.33,3.33,5.52,5.52,6.49,6.49,4.06,4.06,4.06,4.06,4.06,4.06,6.0,6.98,6.98,6.0,3.57,3.57,3.57,3.57
N_24_38,N_24_39,5.491430179737787,5.6,5.6,5.6,5.6,5.6,5.6,8.57,8.57,9.88,9.88,6.59,6.59,6.59,6.59,6.59,6.59,9.23,10.54,10.54,9.23,5.93,5.93,5.93,5.93
N_24_38,N_22_39,10.942859303168635,6.07,6.07,6.07,6.07,6.07,6.07,7.55,7.55,8.21,8.21,6.57,6.57,6.57,6.57,6.57,6.57,7.88,8.54,8.54,7.88,6.24,6.24,6.24,6.24
N_24_38,N_23_39,13.074529014608874,7.26,7.26,7.26,7.26,7.26,7.26,9.02,9.02,9.81,9.81,7.84,7.84,7.84,7.84,7.84,7.84,9.41,10.2,10.2,9.41,7.45,7.45,7.45,7.45
N_24_39,N_21_39,11.110363544279476,6.17,6.17,6.17,6.17,6.17,6.17,7.67,7.67,8.33,8.33,6.67,6.67,6.67,6.67,6.67,6.67,8.0,8.67,8.67,8.0,6.33,6.33,6.33,6.33
N_24_39,N_24_36,1.5453616637235064,2.53,2.53,2.53,2.53,2.53,2.53,4.2,4.2,4.95,4.95,3.09,3.09,3.09,3.09,3.09,3.09,4.57,5.32,5.32,4.57,2.72,2.72,2.72,2.72
N_24_39,N_24_38,5.491430179737787,5.6,5.6,5.6,5.6,5.6,5.6,8.57,8.57,9.88,9.88,6.59,6.59,6.59,6.59,6.59,6.59,9.23,10.54,10.54,9.23,5.93,5.93,5.93,5.93
N_24_39,N_22_37,12.75516760194802,7.08,7.08,7.08,7.08,7.08,7.08,8.8,8.8,9.57,9.57,7.65,7.65,7.65,7.65,7.65,7.65,9.18,9.95,9.95,9.18,7.27,7.27,7.27,7.27
N_24_39,N_24_37,2.2458422005095064,3.68,3.68,3.68,3.68,3.68,3.68,6.11,6.11,7.19,7.19,4.49,4.49,4.49,4.49,4.49,4.49,6.65,7.73,7.73,6.65,3.95,3.95,3.95,3.95
N_24_39,N_23_37,4.792083980310822,4.89,4.89,4.89,4.89,4.89,4.89,7.48,7.48,8.63,8.63,5.75,5.75,5.75,5.75,5.75,5.75,8.05,9.2,9.2,8.05,5.18,5.18,5.18,5.18
N_24_39,N_22_38,6.239679231226905,6.36,6.36,6.36,6.36,6.36,6.36,9.73,9.73,11.23,11.23,7.49,7.49,7.49,7.49,7.49,7.49,10.48,11.98,11.98,10.48,6.74,6.74,6.74,6.74
N_24_4,N_22_2,5.4201714102165806,5.53,5.53,5.53,5.53,5.53,5.53,8.46,8.46,9.76,9.76,6.5,6.5,6.5,6.5,6.5,6.5,9.11,10.41,10.41,9.11,5.85,5.85,5.85,5.85
N_24_4,N_23_6,11.389954726052535,6.32,6.32,6.32,6.32,6.32,6.32,7.86,7.86,8.54,8.54,6.83,6.83,6.83,6.83,6.83,6.83,8.2,8.88,8.88,8.2,6.49,6.49,6.49,6.49
N_24_4,N_23_2,1.9978939326127012,3.28,3.28,3.28,3.28,3.28,3.28,5.43,5.43,6.39,6.39,4.0,4.0,4.0,4.0,4.0,4.0,5.91,6.87,6.87,5.91,3.52,3.52,3.52,3.52
N_24_4,N_22_3,12.08229866961847,6.71,6.71,6.71,6.71,6.71,6.71,8.34,8.34,9.06,9.06,7.25,7.25,7.25,7.25,7.25,7.25,8.7,9.42,9.42,8.7,6.89,6.89,6.89,6.89
N_24_4,N_24_3,5.231305407912459,5.34,5.34,5.34,5.34,5.34,5.34,8.16,8.16,9.42,9.42,6.28,6.28,6.28,6.28,6.28,6.28,8.79,10.04,10.04,8.79,5.65,5.65,5.65,5.65
N_24_4,N_24_7,5.434097998204994,5.54,5.54,5.54,5.54,5.54,5.54,8.48,8.48,9.78,9.78,6.52,6.52,6.52,6.52,6.52,6.52,9.13,10.43,10.43,9.13,5.87,5.87,5.87,5.87
N_24_4,N_24_6,5.022111811148362,5.12,5.12,5.12,5.12,5.12,5.12,7.83,7.83,9.04,9.04,6.03,6.03,6.03,6.03,6.03,6.03,8.44,9.64,9.64,8.44,5.42,5.42,5.42,5.42
N_24_5,N_22_6,3.908330998848438,3.99,3.99,3.99,3.99,3.99,3.99,6.1,6.1,7.03,7.03,4.69,4.69,4.69,4.69,4.69,4.69,6.57,7.5,7.5,6.57,4.22,4.22,4.22,4.22
N_24_5,N_21_5,14.54957928077263,8.08,8.08,8.08,8.08,8.08,8.08,10.04,10.04,10.91,10.91,8.73,8.73,8.73,8.73,8.73,8.73,10.48,11.35,11.35,10.48,8.29,8.29,8.29,8.29
N_24_5,N_22_7,5.528139348319906,5.64,5.64,5.64,5.64,5.64,5.64,8.62,8.62,9.95,9.95,6.63,6.63,6.63,6.63,6.63,6.63,9.29,10.61,10.61,9.29,5.97,5.97,5.97,5.97
N_24_5,N_23_4,14.149457846961624,7.85,7.85,7.85,7.85,7.85,7.85,9.76,9.76,10.61,10.61,8.49,8.49,8.49,8.49,8.49,8.49,10.19,11.04,11.04,10.19,8.07,8.07,8.07,8.07
N_24_6,N_23_7,13.85858480850646,7.69,7.69,7.69,7.69,7.69,7.69,9.56,9.56,10.39,10.39,8.32,8.32,8.32,8.32,8.32,8.32,9.98,10.81,10.81,9.98,7.9,7.9,7.9,7.9
N_24_6,N_24_4,5.022111811148362,5.12,5.12,5.12,5.12,5.12,5.12,7.83,7.83,9.04,9.04,6.03,6.03,6.03,6.03,6.03,6.03,8.44,9.64,9.64,8.44,5.42,5.42,5.42,5.42
N_24_6,N_22_4,3.586938279553643,3.66,3.66,3.66,3.66,3.66,3.66,5.6,5.6,6.46,6.46,4.3,4.3,4.3,4.3,4.3,4.3,6.03,6.89,6.89,6.03,3.87,3.87,3.87,3.87
N_24_6,N_22_8,5.426781531973647,5.54,5.54,5.54,5.54,5.54,5.54,8.47,8.47,9.77,9.77,6.51,6.51,6.51,6.51,6.51,6.51,9.12,10.42,10.42,9.12,5.86,5.86,5.86,5.86
N_24_6,N_23_4,12.945080716756479,7.18,7.18,7.18,7.18,7.18,7.18,8.93,8.93,9.71,9.71,7.77,7.77,7.77,7.77,7.77,7.77,9.32,10.1,10.1,9.32,7.38,7.38,7.38,7.38
N_24_6,N_24_3,1.8227058843342685,2.99,2.99,2.99,2.99,2.99,2.99,4.96,4.96,5.83,5.83,3.65,3.65,3.65,3.65,3.65,3.65,5.4,6.27,6.27,5.4,3.21,3.21,3.21,3.21
N_24_6,N_24_5,3.1848806811156987,3.25,3.25,3.25,3.25,3.25,3.25,4.97,4.97,5.73,5.73,3.82,3.82,3.82,3.82,3.82,3.82,5.35,6.11,6.11,5.35,3.44,3.44,3.44,3.44
N_24_6,N_22_5,11.435808586294392,6.35,6.35,6.35,6.35,6.35,6.35,7.89,7.89,8.58,8.58,6.86,6.86,6.86,6.86,6.86,6.86,8.23,8.92,8.92,8.23,6.52,6.52,6.52,6.52
N_24_7,N_22_7,8.510271809129092,4.72,4.72,4.72,4.72,4.72,4.72,5.87,5.87,6.38,6.38,5.11,5.11,5.11,5.11,5.11,5.11,6.13,6.64,6.64,6.13,4.85,4.85,4.85,4.85
N_24_7,N_22_8,5.766514216016625,5.88,5.88,5.88,5.88,5.88,5.88,9.0,9.0,10.38,10.38,6.92,6.92,6.92,6.92,6.92,6.92,9.69,11.07,11.07,9.69,6.23,6.23,6.23,6.23
N_24_7,N_23_6,10.334681576738372,5.74,5.74,5.74,5.74,5.74,5.74,7.13,7.13,7.75,7.75,6.2,6.2,6.2,6.2,6.2,6.2,7.44,8.06,8.06,7.44,5.89,5.89,5.89,5.89
N_24_7,N_22_9,10.304887185855547,5.72,5.72,5.72,5.72,5.72,5.72,7.11,7.11,7.73,7.73,6.18,6.18,6.18,6.18,6.18,6.18,7.42,8.04,8.04,7.42,5.87,5.87,5.87,5.87
N_24_7,N_24_9,6.070526996800057,6.19,6.19,6.19,6.19,6.19,6.19,9.47,9.47,10.93,10.93,7.28,7.28,7.28,7.28,7.28,7.28,10.2,11.66,11.66,10.2,6.56,6.56,6.56,6.56
N_24_7,N_24_4,5.702007439052286,5.82,5.82,5.82,5.82,5.82,5.82,8.9,8.9,10.26,10.26,6.84,6.84,6.84,6.84,6.84,6.84,9.58,10.95,10.95,9.58,6.16,6.16,6.16,6.16
N_24_7,N_23_9,5.84363337821269,5.96,5.96,5.96,5.96,5.96,5.96,9.12,9.12,10.52,10.52,7.01,7.01,7.01,7.01,7.01,7.01,9.82,11.22,11.22,9.82,6.31,6.31,6.31,6.31
N_24_8,N_22_9,8.061841958760427,4.47,4.47,4.47,4.47,4.47,4.47,5.56,5.56,6.05,6.05,4.84,4.84,4.84,4.84,4.84,4.84,5.8,6.29,6.29,5.8,4.6,4.6,4.6,4.6
N_24_8,N_23_9,1.962769896386647,3.22,3.22,3.22,3.22,3.22,3.22,5.34,5.34,6.28,6.28,3.93,3.93,3.93,3.93,3.93,3.93,5.81,6.75,6.75,5.81,3.45,3.45,3.45,3.45
N_24_8,N_24_7,2.0865576017305862,3.42,3.42,3.42,3.42,3.42,3.42,5.68,5.68,6.68,6.68,4.17,4.17,4.17,4.17,4.17,4.17,6.18,7.18,7.18,6.18,3.67,3.67,3.67,3.67
N_24_8,N_22_8,4.297197390430725,4.38,4.38,4.38,4.38,4.38,4.38,6.7,6.7,7.73,7.73,5.16,5.16,5.16,5.16,5.16,5.16,7.22,8.25,8.25,7.22,4.64,4.64,4.64,4.64
N_24_8,N_22_7,2.0528887291821096,3.37,3.37,3.37,3.37,3.37,3.37,5.58,5.58,6.57,6.57,4.11,4.11,4.11,4.11,4.11,4.11,6.08,7.06,7.06,6.08,3.61,3.61,3.61,3.61
N_24_8,N_22_6,5.331117291416827,5.44,5.44,5.44,5.44,5.44,5.44,8.32,8.32,9.6,9.6,6.4,6.4,6.4,6.4,6.4,6.4,8.96,10.24,10.24,8.96,5.76,5.76,5.76,5.76
N_24_9,N_23_9,6.283070908307677,6.41,6.41,6.41,6.41,6.41,6.41,9.8,9.8,11.31,11.31,7.54,7.54,7.54,7.54,7.54,7.54,10.56,12.06,12.06,10.56,6.79,6.79,6.79,6.79
N_24_9,N_24_7,6.070526996800057,6.19,6.19,6.19,6.19,6.19,6.19,9.47,9.47,10.93,10.93,7.28,7.28,7.28,7.28,7.28,7.28,10.2,11.66,11.66,10.2,6.56,6.56,6.56,6.56
N_24_9,N_21_9,4.1737778194171105,4.26,4.26,4.26,4.26,4.26,4.26,6.51,6.51,7.51,7.51,5.01,5.01,5.01,5.01,5.01,5.01,7.01,8.01,8.01,7.01,4.51,4.51,4.51,4.51
N_24_9,N_24_6,2.138805549921858,3.51,3.51,3.51,3.51,3.51,3.51,5.82,5.82,6.84,6.84,4.28,4.28,4.28,4.28,4.28,4.28,6.33,7.36,7.36,6.33,3.76,3.76,3.76,3.76
N_2_0,N_1_0,8.960351760773758,4.97,4.97,4.97,4.97,4.97,4.97,6.18,6.18,6.72,6.72,5.38,5.38,5.38,5.38,5.38,5.38,6.45,6.99,6.99,6.45,5.11,5.11,5.11,5.11
N_2_0,N_4_2,4.992877851904973,5.09,5.09,5.09,5.09,5.09,5.09,7.79,7.79,8.99,8.99,5.99,5.99,5.99,5.99,5.99,5.99,8.39,9.59,9.59,8.39,5.39,5.39,5.39,5.39
N_2_0,N_3_1,1.7028399245442754,2.79,2.79,2.79,2.79,2.79,2.79,4.63,4.63,5.45,5.45,3.41,3.41,3.41,3.41,3.41,3.41,5.04,5.86,5.86,5.04,3.0,3.0,3.0,3.0
N_2_0,N_5_0,11.074275721867755,6.15,6.15,6.15,6.15,6.15,6.15,7.64,7.64,8.31,8.31,6.64,6.64,6.64,6.64,6.64,6.64,7.97,8.64,8.64,7.97,6.31,6.31,6.31,6.31
N_2_1,N_0_2,10.4287163346097,5.79,5.79,5.79,5.79,5.79,5.79,7.2,7.2,7.82,7.82,6.26,6.26,6.26,6.26,6.26,6.26,7.51,8.13,8.13,7.51,5.94,5.94,5.94,5.94
N_2_1,N_0_3,5.332311792160882,5.44,5.44,5.44,5.44,5.44,5.44,8.32,8.32,9.6,9.6,6.4,6.4,6.4,6.4,6.4,6.4,8.96,10.24,10.24,8.96,5.76,5.76,5.76,5.76
N_2_1,N_3_0,11.265946376120105,6.25,6.25,6.25,6.25,6.25,6.25,7.77,7.77,8.45,8.45,6.76,6.76,6.76,6.76,6.76,6.76,8.11,8.79,8.79,8.11,6.42,6.42,6.42,6.42
N_2_1,N_2_0,10.690104588314245,5.93,5.93,5.93,5.93,5.93,5.93,7.38,7.38,8.02,8.02,6.41,6.41,6.41,6.41,6.41,6.41,7.7,8.34,8.34,7.7,6.09,6.09,6.09,6.09
N_2_1,N_1_0,9.236801855937301,5.13,5.13,5.13,5.13,5.13,5.13,6.37,6.37,6.93,6.93,5.54,5.54,5.54,5.54,5.54,5.54,6.65,7.2,7.2,6.65,5.26,5.26,5.26,5.26
N_2_1,N_2_2,5.289207588336962,5.39,5.39,5.39,5.39,5.39,5.39,8.25,8.25,9.52,9.52,6.35,6.35,6.35,6.35,6.35,6.35,8.89,10.16,10.16,8.89,5.71,5.71,5.71,5.71
N_2_1,N_1_2,6.686312455746876,6.82,6.82,6.82,6.82,6.82,6.82,10.43,10.43,12.04,12.04,8.02,8.02,8.02,8.02,8.02,8.02,11.23,12.84,12.84,11.23,7.22,7.22,7.22,7.22
N_2_10,N_0_10,6.245990727390426,6.37,6.37,6.37,6.37,6.37,6.37,9.74,9.74,11.24,11.24,7.5,7.5,7.5,7.5,7.5,7.5,10.49,11.99,11.99,10.49,6.75,6.75,6.75,6.75
N_2_10,N_0_9,6.234919154525043,6.36,6.36,6.36,6.36,6.36,6.36,9.73,9.73,11.22,11.22,7.48,7.48,7.48,7.48,7.48,7.48,10.47,11.97,11.97,10.47,6.73,6.73,6.73,6.73
N_2_10,N_1_10,4.228392996329029,4.31,4.31,4.31,4.31,4.31,4.31,6.6,6.6,7.61,7.61,5.07,5.07,5.07,5.07,5.07,5.07,7.1,8.12,8.12,7.1,4.57,4.57,4.57,4.57
N_2_11,N_0_10,9.396288836006319,5.21,5.21,5.21,5.21,5.21,5.21,6.48,6.48,7.05,7.05,5.64,5.64,5.64,5.64,5.64,5.64,6.77,7.33,7.33,6.77,5.36,5.36,5.36,5.36
N_2_11,N_4_13,6.73129420724813,6.87,6.87,6.87,6.87,6.87,6.87,10.5,10.5,12.12,12.12,8.08,8.08,8.08,8.08,8.08,8.08,11.31,12.92,12.92,11.31,7.27,7.27,7.27,7.27
N_2_11,N_2_10,5.340570133461679,5.45,5.45,5.45,5.45,5.45,5.45,8.33,8.33,9.61,9.61,6.41,6.41,6.41,6.41,6.41,6.41,8.97,10.25,10.25,8.97,5.77,5.77,5.77,5.77
N_2_11,N_2_8,11.904811756572439,6.61,6.61,6.61,6.61,6.61,6.61,8.21,8.21,8.93,8.93,7.14,7.14,7.14,7.14,7.14,7.14,8.57,9.29,9.29,8.57,6.79,6.79,6.79,6.79
N_2_11,N_4_10,4.838718775603601,4.94,4.94,4.94,4.94,4.94,4.94,7.55,7.55,8.71,8.71,5.81,5.81,5.81,5.81,5.81,5.81,8.13,9.29,9.29,8.13,5.23,5.23,5.23,5.23
N_2_11,N_0_11,4.661951494630067,4.76,4.76,4.76,4.76,4.76,4.76,7.27,7.27,8.39,8.39,5.59,5.59,5.59,5.59,5.59,5.59,7.83,8.95,8.95,7.83,5.03,5.03,5.03,5.03
N_2_11,N_3_9,8.976848959786246,4.98,4.98,4.98,4.98,4.98,4.98,6.19,6.19,6.73,6.73,5.39,5.39,5.39,5.39,5.39,5.39,6.46,7.0,7.0,6.46,5.12,5.12,5.12,5.12
N_2_12,N_1_14,4.910405731081627,5.01,5.01,5.01,5.01,5.01,5.01,7.66,7.66,8.84,8.84,5.89,5.89,5.89,5.89,5.89,5.89,8.25,9.43,9.43,8.25,5.3,5.3,5.3,5.3
N_2_12,N_0_11,1.7285363684917512,2.83,2.83,2.83,2.83,2.83,2.83,4.7,4.7,5.53,5.53,3.46,3.46,3.46,3.46,3.46,3.46,5.12,5.95,5.95,5.12,3.04,3.04,3.04,3.04
N_2_12,N_3_13,4.104312712378873,4.19,4.19,4.19,4.19,4.19,4.19,6.4,6.4,7.39,7.39,4.93,4.93,4.93,4.93,4.93,4.93,6.9,7.88,7.88,6.9,4.43,4.43,4.43,4.43
N_2_12,N_0_12,8.188312450926526,4.54,4.54,4.54,4.54,4.54,4.54,5.65,5.65,6.14,6.14,4.91,4.91,4.91,4.91,4.91,4.91,5.9,6.39,6.39,5.9,4.67,4.67,4.67,4.67
N_2_12,N_1_13,14.008427809575446,7.77,7.77,7.77,7.77,7.77,7.77,9.67,9.67,10.51,10.51,8.41,8.41,8.41,8.41,8.41,8.41,10.09,10.93,10.93,10.09,7.98,7.98,7.98,7.98
N_2_12,N_2_11,4.581811574338843,4.67,4.67,4.67,4.67,4.67,4.67,7.15,7.15,8.25,8.25,5.5,5.5,5.5,5.5,5.5,5.5,7.7,8.8,8.8,7.7,4.95,4.95,4.95,4.95
N_2_13,N_0_11,3.3157080242218715,3.38,3.38,3.38,3.38,3.38,3.38,5.17,5.17,5.97,5.97,3.98,3.98,3.98,3.98,3.98,3.98,5.57,6.37,6.37,5.57,3.58,3.58,3.58,3.58
N_2_13,N_1_12,3.574517908226028,3.65,3.65,3.65,3.65,3.65,3.65,5.58,5.58,6.43,6.43,4.29,4.29,4.29,4.29,4.29,4.29,6.01,6.86,6.86,6.01,3.86,3.86,3.86,3.86
N_2_13,N_2_11,6.523194589099532,6.65,6.65,6.65,6.65,6.65,6.65,10.18,10.18,11.74,11.74,7.83,7.83,7.83,7.83,7.83,7.83,10.96,12.52,12.52,10.96,7.05,7.05,7.05,7.05
N_2_13,N_0_12,14.008204987505254,7.77,7.77,7.77,7.77,7.77,7.77,9.67,9.67,10.51,10.51,8.4,8.4,8.4,8.4,8.4,8.4,10.09,10.93,10.93,10.09,7.98,7.98,7.98,7.98
N_2_13,N_2_12,1.146752744950058,1.88,1.88,1.88,1.88,1.88,1.88,3.12,3.12,3.67,3.67,2.29,2.29,2.29,2.29,2.29,2.29,3.39,3.94,3.94,3.39,2.02,2.02,2.02,2.02
N_2_13,N_3_13,4.338090221383425,4.42,4.42,4.42,4.42,4.42,4.42,6.77,6.77,7.81,7.81,5.21,5.21,5.21,5.21,5.21,5.21,7.29,8.33,8.33,7.29,4.69,4.69,4.69,4.69
N_2_14,N_0_14,11.878150060817166,6.59,6.59,6.59,6.59,6.59,6.59,8.2,8.2,8.91,8.91,7.13,7.13,7.13,7.13,7.13,7.13,8.55,9.26,9.26,8.55,6.77,6.77,6.77,6.77
N_2_14,N_1_12,3.344756513600075,3.41,3.41,3.41,3.41,3.41,3.41,5.22,5.22,6.02,6.02,4.01,4.01,4.01,4.01,4.01,4.01,5.62,6.42,6.42,5.62,3.61,3.61,3.61,3.61
N_2_14,N_4_16,13.806210327042724,7.66,7.66,7.66,7.66,7.66,7.66,9.53,9.53,10.35,10.35,8.28,8.28,8.28,8.28,8.28,8.28,9.94,10.77,10.77,9.94,7.87,7.87,7.87,7.87
N_2_14,N_3_13,9.825000553405106,5.45,5.45,5.45,5.45,5.45,5.45,6.78,6.78,7.37,7.37,5.9,5.9,5.9,5.9,5.9,5.9,7.07,7.66,7.66,7.07,5.6,5.6,5.6,5.6
N_2_14,N_2_12,4.267260677029379,4.35,4.35,4.35,4.35,4.35,4.35,6.66,6.66,7.68,7.68,5.12,5.12,5.12,5.12,5.12,5.12,7.17,8.19,8.19,7.17,4.61,4.61,4.61,4.61
N_2_14,N_0_16,0.5161544574724619,0.85,0.85,0.85,0.85,0.85,0.85,1.4,1.4,1.65,1.65,1.03,1.03,1.03,1.03,1.03,1.03,1.53,1.78,1.78,1.53,0.91,0.91,0.91,0.91
N_2_15,N_1_14,12.583830111398093,6.98,6.98,6.98,6.98,6.98,6.98,8.68,8.68,9.44,9.44,7.55,7.55,7.55,7.55,7.55,7.55,9.06,9.82,9.82,9.06,7.17,7.17,7.17,7.17
N_2_15,N_2_17,5.329188408980004,5.44,5.44,5.44,5.44,5.44,5.44,8.31,8.31,9.59,9.59,6.4,6.4,6.4,6.4,6.4,6.4,8.95,10.23,10.23,8.95,5.76,5.76,5.76,5.76
N_2_15,N_2_13,1.0003412698036425,1.64,1.64,1.64,1.64,1.64,1.64,2.72,2.72,3.2,3.2,2.0,2.0,2.0,2.0,2.0,2.0,2.96,3.44,3.44,2.96,1.76,1.76,1.76,1.76
N_2_15,N_3_16,3.68332098815761,3.76,3.76,3.76,3.76,3.76,3.76,5.75,5.75,6.63,6.63,4.42,4.42,4.42,4.42,4.42,4.42,6.19,7.07,7.07,6.19,3.98,3.98,3.98,3.98
N_2_15,N_1_13,1.4717704772715539,2.41,2.41,2.41,2.41,2.41,2.41,4.0,4.0,4.71,4.71,2.94,2.94,2.94,2.94,2.94,2.94,4.36,5.06,5.06,4.36,2.59,2.59,2.59,2.59
N_2_15,N_1_17,3.389271230856696,3.46,3.46,3.46,3.46,3.46,3.46,5.29,5.29,6.1,6.1,4.07,4.07,4.07,4.07,4.07,4.07,5.69,6.51,6.51,5.69,3.66,3.66,3.66,3.66
N_2_16,N_0_15,9.292803297688542,5.16,5.16,5.16,5.16,5.16,5.16,6.41,6.41,6.97,6.97,5.58,5.58,5.58,5.58,5.58,5.58,6.69,7.25,7.25,6.69,5.3,5.3,5.3,5.3
N_2_16,N_0_14,1.363474426780324,2.24,2.24,2.24,2.24,2.24,2.24,3.71,3.71,4.36,4.36,2.73,2.73,2.73,2.73,2.73,2.73,4.04,4.69,4.69,4.04,2.4,2.4,2.4,2.4
N_2_16,N_3_14,6.769523630593335,6.9,6.9,6.9,6.9,6.9,6.9,10.56,10.56,12.19,12.19,8.12,8.12,8.12,8.12,8.12,8.12,11.37,13.0,13.0,11.37,7.31,7.31,7.31,7.31
N_2_16,N_2_18,10.285086508159242,5.71,5.71,5.71,5.71,5.71,5.71,7.1,7.1,7.71,7.71,6.17,6.17,6.17,6.17,6.17,6.17,7.41,8.02,8.02,7.41,5.86,5.86,5.86,5.86
N_2_16,N_0_17,13.186303099014125,7.32,7.32,7.32,7.32,7.32,7.32,9.1,9.1,9.89,9.89,7.91,7.91,7.91,7.91,7.91,7.91,9.49,10.29,10.29,9.49,7.52,7.52,7.52,7.52
N_2_17,N_0_19,8.057241841630686,4.47,4.47,4.47,4.47,4.47,4.47,5.56,5.56,6.04,6.04,4.83,4.83,4.83,4.83,4.83,4.83,5.8,6.28,6.28,5.8,4.59,4.59,4.59,4.59
N_2_17,N_1_15,5.128562668509896,5.23,5.23,5.23,5.23,5.23,5.23,8.0,8.0,9.23,9.23,6.15,6.15,6.15,6.15,6.15,6.15,8.62,9.85,9.85,8.62,5.54,5.54,5.54,5.54
N_2_17,N_1_16,4.370525951757479,4.46,4.46,4.46,4.46,4.46,4.46,6.82,6.82,7.87,7.87,5.24,5.24,5.24,5.24,5.24,5.24,7.34,8.39,8.39,7.34,4.72,4.72,4.72,4.72
N_2_18,N_0_19,3.1946325317186237,3.26,3.26,3.26,3.26,3.26,3.26,4.98,4.98,5.75,5.75,3.83,3.83,3.83,3.83,3.83,3.83,5.37,6.13,6.13,5.37,3.45,3.45,3.45,3.45
N_2_18,N_1_17,3.769772357577828,3.85,3.85,3.85,3.85,3.85,3.85,5.88,5.88,6.79,6.79,4.52,4.52,4.52,4.52,4.52,4.52,6.33,7.24,7.24,6.33,4.07,4.07,4.07,4.07
N_2_18,N_0_18,5.0680925959000716,5.17,5.17,5.17,5.17,5.17,5.17,7.91,7.91,9.12,9.12,6.08,6.08,6.08,6.08,6.08,6.08,8.51,9.73,9.73,8.51,5.47,5.47,5.47,5.47
N_2_18,N_2_17,9.502740719230973,5.27,5.27,5.27,5.27,5.27,5.27,6.56,6.56,7.13,7.13,5.7,5.7,5.7,5.7,5.7,5.7,6.84,7.41,7.41,6.84,5.42,5.42,5.42,5.42
N_2_18,N_2_15,4.342140252363796,4.43,4.43,4.43,4.43,4.43,4.43,6.77,6.77,7.82,7.82,5.21,5.21,5.21,5.21,5.21,5.21,7.29,8.34,8.34,7.29,4.69,4.69,4.69,4.69
N_2_18,N_2_20,4.333026263899816,4.42,4.42,4.42,4.42,4.42,4.42,6.76,6.76,7.8,7.8,5.2,5.2,5.2,5.2,5.2,5.2,7.28,8.32,8.32,7.28,4.68,4.68,4.68,4.68
N_2_18,N_3_19,10.798094660705381,5.99,5.99,5.99,5.99,5.99,5.99,7.45,7.45,8.1,8.1,6.48,6.48,6.48,6.48,6.48,6.48,7.77,8.42,8.42,7.77,6.15,6.15,6.15,6.15
N_2_19,N_1_17,4.61460563379719,4.71,4.71,4.71,4.71,4.71,4.71,7.2,7.2,8.31,8.31,5.54,5.54,5.54,5.54,5.54,5.54,7.75,8.86,8.86,7.75,4.98,4.98,4.98,4.98
N_2_19,N_1_18,6.0920129621059615,6.21,6.21,6.21,6.21,6.21,6.21,9.5,9.5,10.97,10.97,7.31,7.31,7.31,7.31,7.31,7.31,10.23,11.7,11.7,10.23,6.58,6.58,6.58,6.58
N_2_19,N_2_17,11.303283988033552,6.27,6.27,6.27,6.27,6.27,6.27,7.8,7.8,8.48,8.48,6.78,6.78,6.78,6.78,6.78,6.78,8.14,8.82,8.82,8.14,6.44,6.44,6.44,6.44
N_2_19,N_4_20,6.0975881246362675,6.22,6.22,6.22,6.22,6.22,6.22,9.51,9.51,10.98,10.98,7.32,7.32,7.32,7.32,7.32,7.32,10.24,11.71,11.71,10.24,6.59,6.59,6.59,6.59
N_2_19,N_0_20,1.241852623433979,2.04,2.04,2.04,2.04,2.04,2.04,3.38,3.38,3.97,3.97,2.48,2.48,2.48,2.48,2.48,2.48,3.68,4.27,4.27,3.68,2.19,2.19,2.19,2.19
N_2_19,N_1_19,1.0350221468199086,1.7,1.7,1.7,1.7,1.7,1.7,2.82,2.82,3.31,3.31,2.07,2.07,2.07,2.07,2.07,2.07,3.06,3.56,3.56,3.06,1.82,1.82,1.82,1.82
N_2_2,N_0_0,3.4447474412969536,3.51,3.51,3.51,3.51,3.51,3.51,5.37,5.37,6.2,6.2,4.13,4.13,4.13,4.13,4.13,4.13,5.79,6.61,6.61,5.79,3.72,3.72,3.72,3.72
N_2_2,N_0_1,3.74925564719353,3.82,3.82,3.82,3.82,3.82,3.82,5.85,5.85,6.75,6.75,4.5,4.5,4.5,4.5,4.5,4.5,6.3,7.2,7.2,6.3,4.05,4.05,4.05,4.05
N_2_2,N_1_2,11.59979041432948,6.44,6.44,6.44,6.44,6.44,6.44,8.0,8.0,8.7,8.7,6.96,6.96,6.96,6.96,6.96,6.96,8.35,9.05,9.05,8.35,6.61,6.61,6.61,6.61
N_2_2,N_2_1,5.289207588336962,5.39,5.39,5.39,5.39,5.39,5.39,8.25,8.25,9.52,9.52,6.35,6.35,6.35,6.35,6.35,6.35,8.89,10.16,10.16,8.89,5.71,5.71,5.71,5.71
N_2_2,N_1_3,5.244772064106471,5.35,5.35,5.35,5.35,5.35,5.35,8.18,8.18,9.44,9.44,6.29,6.29,6.29,6.29,6.29,6.29,8.81,10.07,10.07,8.81,5.66,5.66,5.66,5.66
N_2_20,N_0_21,6.364668499833057,6.49,6.49,6.49,6.49,6.49,6.49,9.93,9.93,11.46,11.46,7.64,7.64,7.64,7.64,7.64,7.64,10.69,12.22,12.22,10.69,6.87,6.87,6.87,6.87
N_2_20,N_2_18,4.333026263899816,4.42,4.42,4.42,4.42,4.42,4.42,6.76,6.76,7.8,7.8,5.2,5.2,5.2,5.2,5.2,5.2,7.28,8.32,8.32,7.28,4.68,4.68,4.68,4.68
N_2_20,N_4_18,3.8500099462326216,3.93,3.93,3.93,3.93,3.93,3.93,6.01,6.01,6.93,6.93,4.62,4.62,4.62,4.62,4.62,4.62,6.47,7.39,7.39,6.47,4.16,4.16,4.16,4.16
N_2_20,N_1_19,3.9854040345178805,4.07,4.07,4.07,4.07,4.07,4.07,6.22,6.22,7.17,7.17,4.78,4.78,4.78,4.78,4.78,4.78,6.7,7.65,7.65,6.7,4.3,4.3,4.3,4.3
N_2_20,N_0_18,3.4050723729519956,3.47,3.47,3.47,3.47,3.47,3.47,5.31,5.31,6.13,6.13,4.09,4.09,4.09,4.09,4.09,4.09,5.72,6.54,6.54,5.72,3.68,3.68,3.68,3.68
N_2_20,N_4_19,11.958547318672554,6.64,6.64,6.64,6.64,6.64,6.64,8.25,8.25,8.97,8.97,7.18,7.18,7.18,7.18,7.18,7.18,8.61,9.33,9.33,8.61,6.82,6.82,6.82,6.82
N_2_21,N_3_22,8.412515098606887,4.67,4.67,4.67,4.67,4.67,4.67,5.8,5.8,6.31,6.31,5.05,5.05,5.05,5.05,5.05,5.05,6.06,6.56,6.56,6.06,4.8,4.8,4.8,4.8
N_2_21,N_4_22,6.093066752078143,6.21,6.21,6.21,6.21,6.21,6.21,9.51,9.51,10.97,10.97,7.31,7.31,7.31,7.31,7.31,7.31,10.24,11.7,11.7,10.24,6.58,6.58,6.58,6.58
N_2_21,N_2_24,12.294812105337426,6.82,6.82,6.82,6.82,6.82,6.82,8.48,8.48,9.22,9.22,7.38,7.38,7.38,7.38,7.38,7.38,8.85,9.59,9.59,8.85,7.01,7.01,7.01,7.01
N_2_21,N_3_23,2.3076719151672496,3.78,3.78,3.78,3.78,3.78,3.78,6.28,6.28,7.38,7.38,4.62,4.62,4.62,4.62,4.62,4.62,6.83,7.94,7.94,6.83,4.06,4.06,4.06,4.06
N_2_21,N_0_23,1.2731949796067996,2.09,2.09,2.09,2.09,2.09,2.09,3.46,3.46,4.07,4.07,2.55,2.55,2.55,2.55,2.55,2.55,3.77,4.38,4.38,3.77,2.24,2.24,2.24,2.24
N_2_21,N_2_22,8.922704382646717,4.95,4.95,4.95,4.95,4.95,4.95,6.16,6.16,6.69,6.69,5.35,5.35,5.35,5.35,5.35,5.35,6.42,6.96,6.96,6.42,5.09,5.09,5.09,5.09
N_2_22,N_0_21,3.6820482469866374,3.76,3.76,3.76,3.76,3.76,3.76,5.74,5.74,6.63,6.63,4.42,4.42,4.42,4.42,4.42,4.42,6.19,7.07,7.07,6.19,3.98,3.98,3.98,3.98
N_2_22,N_0_22,1.9716745425373627,3.23,3.23,3.23,3.23,3.23,3.23,5.36,5.36,6.31,6.31,3.94,3.94,3.94,3.94,3.94,3.94,5.84,6.78,6.78,5.84,3.47,3.47,3.47,3.47
N_2_22,N_1_20,2.124835769730512,3.48,3.48,3.48,3.48,3.48,3.48,5.78,5.78,6.8,6.8,4.25,4.25,4.25,4.25,4.25,4.25,6.29,7.31,7.31,6.29,3.74,3.74,3.74,3.74
N_2_22,N_2_21,8.922704382646717,4.95,4.95,4.95,4.95,4.95,4.95,6.16,6.16,6.69,6.69,5.35,5.35,5.35,5.35,5.35,5.35,6.42,6.96,6.96,6.42,5.09,5.09,5.09,5.09
N_2_23,N_0_22,14.384869126468072,7.98,7.98,7.98,7.98,7.98,7.98,9.93,9.93,10.79,10.79,8.63,8.63,8.63,8.63,8.63,8.63,10.36,11.22,11.22,10.36,8.2,8.2,8.2,8.2
N_2_23,N_0_23,1.2890649112817265,2.11,2.11,2.11,2.11,2.11,2.11,3.51,3.51,4.13,4.13,2.58,2.58,2.58,2.58,2.58,2.58,3.82,4.43,4.43,3.82,2.27,2.27,2.27,2.27
N_2_23,N_0_25,0.7683998920181354,1.26,1.26,1.26,1.26,1.26,1.26,2.09,2.09,2.46,2.46,1.54,1.54,1.54,1.54,1.54,1.54,2.27,2.64,2.64,2.27,1.35,1.35,1.35,1.35
N_2_23,N_1_23,3.1314459176325573,3.19,3.19,3.19,3.19,3.19,3.19,4.89,4.89,5.64,5.64,3.76,3.76,3.76,3.76,3.76,3.76,5.26,6.01,6.01,5.26,3.38,3.38,3.38,3.38
N_2_23,N_3_22,10.449330445355702,5.8,5.8,5.8,5.8,5.8,5.8,7.21,7.21,7.84,7.84,6.27,6.27,6.27,6.27,6.27,6.27,7.52,8.15,8.15,7.52,5.96,5.96,5.96,5.96
N_2_24,N_0_23,1.0422654439959516,1.71,1.71,1.71,1.71,1.71,1.71,2.83,2.83,3.34,3.34,2.08,2.08,2.08,2.08,2.08,2.08,3.09,3.59,3.59,3.09,1.83,1.83,1.83,1.83
N_2_24,N_1_25,9.16594678368954,5.09,5.09,5.09,5.09,5.09,5.09,6.32,6.32,6.87,6.87,5.5,5.5,5.5,5.5,5.5,5.5,6.6,7.15,7.15,6.6,5.22,5.22,5.22,5.22
N_2_24,N_1_26,8.489177332331442,4.71,4.71,4.71,4.71,4.71,4.71,5.86,5.86,6.37,6.37,5.09,5.09,5.09,5.09,5.09,5.09,6.11,6.62,6.62,6.11,4.84,4.84,4.84,4.84
N_2_24,N_1_24,1.5909905850461488,2.61,2.61,2.61,2.61,2.61,2.61,4.33,4.33,5.09,5.09,3.18,3.18,3.18,3.18,3.18,3.18,4.71,5.47,5.47,4.71,2.8,2.8,2.8,2.8
N_2_25,N_2_26,2.3516592252115895,3.86,3.86,3.86,3.86,3.86,3.86,6.4,6.4,7.53,7.53,4.7,4.7,4.7,4.7,4.7,4.7,6.96,8.09,8.09,6.96,4.14,4.14,4.14,4.14
N_2_25,N_4_27,3.1319215222594057,3.19,3.19,3.19,3.19,3.19,3.19,4.89,4.89,5.64,5.64,3.76,3.76,3.76,3.76,3.76,3.76,5.26,6.01,6.01,5.26,3.38,3.38,3.38,3.38
N_2_25,N_2_24,1.7044434702330156,2.8,2.8,2.8,2.8,2.8,2.8,4.64,4.64,5.45,5.45,3.41,3.41,3.41,3.41,3.41,3.41,5.05,5.86,5.86,5.05,3.0,3.0,3.0,3.0
N_2_25,N_5_25,14.683411731715685,8.15,8.15,8.15,8.15,8.15,8.15,10.13,10.13,11.01,11.01,8.81,8.81,8.81,8.81,8.81,8.81,10.57,11.45,11.45,10.57,8.37,8.37,8.37,8.37
N_2_25,N_0_26,14.267230899624721,7.92,7.92,7.92,7.92,7.92,7.92,9.84,9.84,10.7,10.7,8.56,8.56,8.56,8.56,8.56,8.56,10.27,11.13,11.13,10.27,8.13,8.13,8.13,8.13
N_2_25,N_1_27,4.044532534127091,4.13,4.13,4.13,4.13,4.13,4.13,6.31,6.31,7.28,7.28,4.85,4.85,4.85,4.85,4.85,4.85,6.79,7.77,7.77,6.79,4.37,4.37,4.37,4.37
N_2_26,N_0_27,6.955351847581236,7.09,7.09,7.09,7.09,7.09,7.09,10.85,10.85,12.52,12.52,8.35,8.35,8.35,8.35,8.35,8.35,11.68,13.35,13.35,11.68,7.51,7.51,7.51,7.51
N_2_26,N_0_28,3.3637665778067514,3.43,3.43,3.43,3.43,3.43,3.43,5.25,5.25,6.05,6.05,4.04,4.04,4.04,4.04,4.04,4.04,5.65,6.46,6.46,5.65,3.63,3.63,3.63,3.63
N_2_26,N_1_26,14.30750817188077,7.94,7.94,7.94,7.94,7.94,7.94,9.87,9.87,10.73,10.73,8.58,8.58,8.58,8.58,8.58,8.58,10.3,11.16,11.16,10.3,8.16,8.16,8.16,8.16
N_2_27,N_0_28,3.230947123730099,3.3,3.3,3.3,3.3,3.3,3.3,5.04,5.04,5.82,5.82,3.88,3.88,3.88,3.88,3.88,3.88,5.43,6.2,6.2,5.43,3.49,3.49,3.49,3.49
N_2_27,N_1_25,3.9450882540087817,4.02,4.02,4.02,4.02,4.02,4.02,6.15,6.15,7.1,7.1,4.73,4.73,4.73,4.73,4.73,4.73,6.63,7.57,7.57,6.63,4.26,4.26,4.26,4.26
N_2_27,N_1_26,2.3677732452333027,3.88,3.88,3.88,3.88,3.88,3.88,6.44,6.44,7.58,7.58,4.74,4.74,4.74,4.74,4.74,4.74,7.01,8.15,8.15,7.01,4.17,4.17,4.17,4.17
N_2_27,N_2_30,0.9262535269521595,1.52,1.52,1.52,1.52,1.52,1.52,2.52,2.52,2.96,2.96,1.85,1.85,1.85,1.85,1.85,1.85,2.74,3.19,3.19,2.74,1.63,1.63,1.63,1.63
N_2_28,N_1_26,6.581530893370516,6.71,6.71,6.71,6.71,6.71,6.71,10.27,10.27,11.85,11.85,7.9,7.9,7.9,7.9,7.9,7.9,11.06,12.64,12.64,11.06,7.11,7.11,7.11,7.11
N_2_28,N_1_27,5.0236615795976824,5.12,5.12,5.12,5.12,5.12,5.12,7.84,7.84,9.04,9.04,6.03,6.03,6.03,6.03,6.03,6.03,8.44,9.65,9.65,8.44,5.43,5.43,5.43,5.43
N_2_28,N_3_26,9.987712220392002,5.54,5.54,5.54,5.54,5.54,5.54,6.89,6.89,7.49,7.49,5.99,5.99,5.99,5.99,5.99,5.99,7.19,7.79,7.79,7.19,5.69,5.69,5.69,5.69
N_2_28,N_4_28,3.329604682924785,3.4,3.4,3.4,3.4,3.4,3.4,5.19,5.19,5.99,5.99,4.0,4.0,4.0,4.0,4.0,4.0,5.59,6.39,6.39,5.59,3.6,3.6,3.6,3.6
N_2_29,N_2_31,1.4330893692932944,2.35,2.35,2.35,2.35,2.35,2.35,3.9,3.9,4.59,4.59,2.87,2.87,2.87,2.87,2.87,2.87,4.24,4.93,4.93,4.24,2.52,2.52,2.52,2.52
N_2_29,N_2_28,4.103668943661344,4.19,4.19,4.19,4.19,4.19,4.19,6.4,6.4,7.39,7.39,4.92,4.92,4.92,4.92,4.92,4.92,6.89,7.88,7.88,6.89,4.43,4.43,4.43,4.43
N_2_29,N_0_30,1.351837655759256,2.22,2.22,2.22,2.22,2.22,2.22,3.68,3.68,4.33,4.33,2.7,2.7,2.7,2.7,2.7,2.7,4.0,4.65,4.65,4.0,2.38,2.38,2.38,2.38
N_2_29,N_4_30,6.927899210144226,7.07,7.07,7.07,7.07,7.07,7.07,10.81,10.81,12.47,12.47,8.31,8.31,8.31,8.31,8.31,8.31,11.64,13.3,13.3,11.64,7.48,7.48,7.48,7.48
N_2_29,N_0_31,0.5612510199732217,0.92,0.92,0.92,0.92,0.92,0.92,1.53,1.53,1.8,1.8,1.12,1.12,1.12,1.12,1.12,1.12,1.66,1.93,1.93,1.66,0.99,0.99,0.99,0.99
N_2_29,N_2_26,1.9015123803983471,3.12,3.12,3.12,3.12,3.12,3.12,5.17,5.17,6.08,6.08,3.8,3.8,3.8,3.8,3.8,3.8,5.63,6.54,6.54,5.63,3.35,3.35,3.35,3.35
N_2_3,N_0_3,8.706276991647549,4.83,4.83,4.83,4.83,4.83,4.83,6.01,6.01,6.53,6.53,5.22,5.22,5.22,5.22,5.22,5.22,6.27,6.79,6.79,6.27,4.96,4.96,4.96,4.96
N_2_3,N_1_3,4.128179942850386,4.21,4.21,4.21,4.21,4.21,4.21,6.44,6.44,7.43,7.43,4.95,4.95,4.95,4.95,4.95,4.95,6.94,7.93,7.93,6.94,4.46,4.46,4.46,4.46
N_2_3,N_1_1,14.117753245353436,7.84,7.84,7.84,7.84,7.84,7.84,9.74,9.74,10.59,10.59,8.47,8.47,8.47,8.47,8.47,8.47,10.16,11.01,11.01,10.16,8.05,8.05,8.05,8.05
N_2_3,N_4_3,3.33201242369593,3.4,3.4,3.4,3.4,3.4,3.4,5.2,5.2,6.0,6.0,4.0,4.0,4.0,4.0,4.0,4.0,5.6,6.4,6.4,5.6,3.6,3.6,3.6,3.6
N_2_3,N_0_5,4.097817543483722,4.18,4.18,4.18,4.18,4.18,4.18,6.39,6.39,7.38,7.38,4.92,4.92,4.92,4.92,4.92,4.92,6.88,7.87,7.87,6.88,4.43,4.43,4.43,4.43
N_2_3,N_0_2,13.728882444251413,7.62,7.62,7.62,7.62,7.62,7.62,9.47,9.47,10.3,10.3,8.24,8.24,8.24,8.24,8.24,8.24,9.88,10.71,10.71,9.88,7.83,7.83,7.83,7.83
N_2_3,N_3_2,1.3419586250356719,2.2,2.2,2.2,2.2,2.2,2.2,3.65,3.65,4.29,4.29,2.68,2.68,2.68,2.68,2.68,2.68,3.97,4.62,4.62,3.97,2.36,2.36,2.36,2.36
N_2_3,N_2_6,12.903035831329667,7.16,7.16,7.16,7.16,7.16,7.16,8.9,8.9,9.68,9.68,7.74,7.74,7.74,7.74,7.74,7.74,9.29,10.06,10.06,9.29,7.35,7.35,7.35,7.35
N_2_30,N_1_31,4.649364567643441,4.74,4.74,4.74,4.74,4.74,4.74,7.25,7.25,8.37,8.37,5.58,5.58,5.58,5.58,5.58,5.58,7.81,8.93,8.93,7.81,5.02,5.02,5.02,5.02
N_2_30,N_2_27,0.9262535269521595,1.52,1.52,1.52,1.52,1.52,1.52,2.52,2.52,2.96,2.96,1.85,1.85,1.85,1.85,1.85,1.85,2.74,3.19,3.19,2.74,1.63,1.63,1.63,1.63
N_2_30,N_2_33,8.999776697646821,4.99,4.99,4.99,4.99,4.99,4.99,6.21,6.21,6.75,6.75,5.4,5.4,5.4,5.4,5.4,5.4,6.48,7.02,7.02,6.48,5.13,5.13,5.13,5.13
N_2_31,N_0_29,1.254992699260198,2.06,2.06,2.06,2.06,2.06,2.06,3.41,3.41,4.02,4.02,2.51,2.51,2.51,2.51,2.51,2.51,3.71,4.32,4.32,3.71,2.21,2.21,2.21,2.21
N_2_31,N_0_30,4.654240825787214,4.75,4.75,4.75,4.75,4.75,4.75,7.26,7.26,8.38,8.38,5.59,5.59,5.59,5.59,5.59,5.59,7.82,8.94,8.94,7.82,5.03,5.03,5.03,5.03
N_2_31,N_0_33,3.812509965023545,3.89,3.89,3.89,3.89,3.89,3.89,5.95,5.95,6.86,6.86,4.58,4.58,4.58,4.58,4.58,4.58,6.41,7.32,7.32,6.41,4.12,4.12,4.12,4.12
N_2_32,N_0_34,1.5842737107027103,2.6,2.6,2.6,2.6,2.6,2.6,4.31,4.31,5.07,5.07,3.17,3.17,3.17,3.17,3.17,3.17,4.69,5.45,5.45,4.69,2.79,2.79,2.79,2.79
N_2_32,N_1_32,6.572170132006393,6.7,6.7,6.7,6.7,6.7,6.7,10.25,10.25,11.83,11.83,7.89,7.89,7.89,7.89,7.89,7.89,11.04,12.62,12.62,11.04,7.1,7.1,7.1,7.1
N_2_32,N_3_33,1.6130490896186862,2.65,2.65,2.65,2.65,2.65,2.65,4.39,4.39,5.16,5.16,3.23,3.23,3.23,3.23,3.23,3.23,4.77,5.55,5.55,4.77,2.84,2.84,2.84,2.84
N_2_32,N_4_32,5.096763409384015,5.2,5.2,5.2,5.2,5.2,5.2,7.95,7.95,9.17,9.17,6.12,6.12,6.12,6.12,6.12,6.12,8.56,9.79,9.79,8.56,5.5,5.5,5.5,5.5
N_2_33,N_0_31,14.002788670011146,7.77,7.77,7.77,7.77,7.77,7.77,9.66,9.66,10.5,10.5,8.4,8.4,8.4,8.4,8.4,8.4,10.08,10.92,10.92,10.08,7.98,7.98,7.98,7.98
N_2_33,N_1_33,6.053776977753926,6.17,6.17,6.17,6.17,6.17,6.17,9.44,9.44,10.9,10.9,7.26,7.26,7.26,7.26,7.26,7.26,10.17,11.62,11.62,10.17,6.54,6.54,6.54,6.54
N_2_33,N_2_30,8.999776697646821,4.99,4.99,4.99,4.99,4.99,4.99,6.21,6.21,6.75,6.75,5.4,5.4,5.4,5.4,5.4,5.4,6.48,7.02,7.02,6.48,5.13,5.13,5.13,5.13
N_2_33,N_3_35,3.7011446978152525,3.78,3.78,3.78,3.78,3.78,3.78,5.77,5.77,6.66,6.66,4.44,4.44,4.44,4.44,4.44,4.44,6.22,7.11,7.11,6.22,4.0,4.0,4.0,4.0
N_2_33,N_2_34,10.69868118728765,5.94,5.94,5.94,5.94,5.94,5.94,7.38,7.38,8.02,8.02,6.42,6.42,6.42,6.42,6.42,6.42,7.7,8.34,8.34,7.7,6.1,6.1,6.1,6.1
N_2_34,N_0_34,13.042194715334656,7.24,7.24,7.24,7.24,7.24,7.24,9.0,9.0,9.78,9.78,7.83,7.83,7.83,7.83,7.83,7.83,9.39,10.17,10.17,9.39,7.43,7.43,7.43,7.43
N_2_34,N_0_35,14.426341911213079,8.01,8.01,8.01,8.01,8.01,8.01,9.95,9.95,10.82,10.82,8.66,8.66,8.66,8.66,8.66,8.66,10.39,11.25,11.25,10.39,8.22,8.22,8.22,8.22
N_2_34,N_1_34,2.125994307849246,3.49,3.49,3.49,3.49,3.49,3.49,5.78,5.78,6.8,6.8,4.25,4.25,4.25,4.25,4.25,4.25,6.29,7.31,7.31,6.29,3.74,3.74,3.74,3.74
N_2_34,N_1_35,11.928805031167467,6.62,6.62,6.62,6.62,6.62,6.62,8.23,8.23,8.95,8.95,7.16,7.16,7.16,7.16,7.16,7.16,8.59,9.3,9.3,8.59,6.8,6.8,6.8,6.8
N_2_34,N_1_36,2.3299331440476587,3.82,3.82,3.82,3.82,3.82,3.82,6.34,6.34,7.46,7.46,4.66,4.66,4.66,4.66,4.66,4.66,6.9,8.01,8.01,6.9,4.1,4.1,4.1,4.1
N_2_35,N_4_34,3.9623709390618864,4.04,4.04,4.04,4.04,4.04,4.04,6.18,6.18,7.13,7.13,4.75,4.75,4.75,4.75,4.75,4.75,6.66,7.61,7.61,6.66,4.28,4.28,4.28,4.28
N_2_35,N_5_35,11.108365217266673,6.17,6.17,6.17,6.17,6.17,6.17,7.66,7.66,8.33,8.33,6.67,6.67,6.67,6.67,6.67,6.67,8.0,8.66,8.66,8.0,6.33,6.33,6.33,6.33
N_2_35,N_2_33,3.5756065083789634,3.65,3.65,3.65,3.65,3.65,3.65,5.58,5.58,6.44,6.44,4.29,4.29,4.29,4.29,4.29,4.29,6.01,6.87,6.87,6.01,3.86,3.86,3.86,3.86
N_2_35,N_4_33,1.3365094015580734,2.19,2.19,2.19,2.19,2.19,2.19,3.64,3.64,4.28,4.28,2.67,2.67,2.67,2.67,2.67,2.67,3.96,4.6,4.6,3.96,2.35,2.35,2.35,2.35
N_2_35,N_1_35,14.292428187004173,7.93,7.93,7.93,7.93,7.93,7.93,9.86,9.86,10.72,10.72,8.58,8.58,8.58,8.58,8.58,8.58,10.29,11.15,11.15,10.29,8.15,8.15,8.15,8.15
N_2_35,N_3_37,5.540073097362986,5.65,5.65,5.65,5.65,5.65,5.65,8.64,8.64,9.97,9.97,6.65,6.65,6.65,6.65,6.65,6.65,9.31,10.64,10.64,9.31,5.98,5.98,5.98,5.98
N_2_36,N_3_35,11.585986405859678,6.43,6.43,6.43,6.43,6.43,6.43,7.99,7.99,8.69,8.69,6.95,6.95,6.95,6.95,6.95,6.95,8.34,9.04,9.04,8.34,6.6,6.6,6.6,6.6
N_2_36,N_1_38,11.180584400639432,6.21,6.21,6.21,6.21,6.21,6.21,7.71,7.71,8.39,8.39,6.71,6.71,6.71,6.71,6.71,6.71,8.05,8.72,8.72,8.05,6.37,6.37,6.37,6.37
N_2_36,N_4_38,10.316958087638438,5.73,5.73,5.73,5.73,5.73,5.73,7.12,7.12,7.74,7.74,6.19,6.19,6.19,6.19,6.19,6.19,7.43,8.05,8.05,7.43,5.88,5.88,5.88,5.88
N_2_36,N_0_35,1.7007051722409183,2.79,2.79,2.79,2.79,2.79,2.79,4.63,4.63,5.44,5.44,3.4,3.4,3.4,3.4,3.4,3.4,5.03,5.85,5.85,5.03,2.99,2.99,2.99,2.99
N_2_36,N_4_37,4.834143557601828,4.93,4.93,4.93,4.93,4.93,4.93,7.54,7.54,8.7,8.7,5.8,5.8,5.8,5.8,5.8,5.8,8.12,9.28,9.28,8.12,5.22,5.22,5.22,5.22
N_2_36,N_4_34,3.115177046780965,3.18,3.18,3.18,3.18,3.18,3.18,4.86,4.86,5.61,5.61,3.74,3.74,3.74,3.74,3.74,3.74,5.23,5.98,5.98,5.23,3.36,3.36,3.36,3.36
N_2_37,N_1_36,3.4972936783411916,3.57,3.57,3.57,3.57,3.57,3.57,5.46,5.46,6.3,6.3,4.2,4.2,4.2,4.2,4.2,4.2,5.88,6.71,6.71,5.88,3.78,3.78,3.78,3.78
N_2_37,N_1_38,4.15642352649164,4.24,4.24,4.24,4.24,4.24,4.24,6.48,6.48,7.48,7.48,4.99,4.99,4.99,4.99,4.99,4.99,6.98,7.98,7.98,6.98,4.49,4.49,4.49,4.49
N_2_37,N_1_39,3.9054392887976803,3.98,3.98,3.98,3.98,3.98,3.98,6.09,6.09,7.03,7.03,4.69,4.69,4.69,4.69,4.69,4.69,6.56,7.5,7.5,6.56,4.22,4.22,4.22,4.22
N_2_37,N_4_36,0.7796429038807877,1.28,1.28,1.28,1.28,1.28,1.28,2.12,2.12,2.49,2.49,1.56,1.56,1.56,1.56,1.56,1.56,2.31,2.68,2.68,2.31,1.37,1.37,1.37,1.37
N_2_37,N_0_36,14.17222423725657,7.87,7.87,7.87,7.87,7.87,7.87,9.78,9.78,10.63,10.63,8.5,8.5,8.5,8.5,8.5,8.5,10.2,11.05,11.05,10.2,8.08,8.08,8.08,8.08
N_2_37,N_1_37,9.105521438229541,5.05,5.05,5.05,5.05,5.05,5.05,6.28,6.28,6.83,6.83,5.46,5.46,5.46,5.46,5.46,5.46,6.56,7.1,7.1,6.56,5.19,5.19,5.19,5.19
N_2_38,N_0_38,5.642687630059502,5.76,5.76,5.76,5.76,5.76,5.76,8.8,8.8,10.16,10.16,6.77,6.77,6.77,6.77,6.77,6.77,9.48,10.83,10.83,9.48,6.09,6.09,6.09,6.09
N_2_38,N_1_37,3.7946551282181664,3.87,3.87,3.87,3.87,3.87,3.87,5.92,5.92,6.83,6.83,4.55,4.55,4.55,4.55,4.55,4.55,6.38,7.29,7.29,6.38,4.1,4.1,4.1,4.1
N_2_38,N_1_38,12.822189284632252,7.12,7.12,7.12,7.12,7.12,7.12,8.85,8.85,9.62,9.62,7.69,7.69,7.69,7.69,7.69,7.69,9.23,10.0,10.0,9.23,7.31,7.31,7.31,7.31
N_2_38,N_1_39,6.962071026391173,7.1,7.1,7.1,7.1,7.1,7.1,10.86,10.86,12.53,12.53,8.35,8.35,8.35,8.35,8.35,8.35,11.7,13.37,13.37,11.7,7.52,7.52,7.52,7.52
N_2_38,N_2_35,8.883413327752404,4.93,4.93,4.93,4.93,4.93,4.93,6.13,6.13,6.66,6.66,5.33,5.33,5.33,5.33,5.33,5.33,6.4,6.93,6.93,6.4,5.06,5.06,5.06,5.06
N_2_39,N_1_39,5.523298525907084,5.63,5.63,5.63,5.63,5.63,5.63,8.62,8.62,9.94,9.94,6.63,6.63,6.63,6.63,6.63,6.63,9.28,10.6,10.6,9.28,5.97,5.97,5.97,5.97
N_2_39,N_2_38,5.685697721989115,5.8,5.8,5.8,5.8,5.8,5.8,8.87,8.87,10.23,10.23,6.82,6.82,6.82,6.82,6.82,6.82,9.55,10.92,10.92,9.55,6.14,6.14,6.14,6.14
N_2_39,N_1_38,5.571947820291479,5.68,5.68,5.68,5.68,5.68,5.68,8.69,8.69,10.03,10.03,6.69,6.69,6.69,6.69,6.69,6.69,9.36,10.7,10.7,9.36,6.02,6.02,6.02,6.02
N_2_39,N_5_39,4.957636106139281,5.06,5.06,5.06,5.06,5.06,5.06,7.73,7.73,8.92,8.92,5.95,5.95,5.95,5.95,5.95,5.95,8.33,9.52,9.52,8.33,5.35,5.35,5.35,5.35
N_2_39,N_2_36,3.0082466619650967,3.07,3.07,3.07,3.07,3.07,3.07,4.69,4.69,5.41,5.41,3.61,3.61,3.61,3.61,3.61,3.61,5.05,5.78,5.78,5.05,3.25,3.25,3.25,3.25
N_2_39,N_1_37,12.07237070453329,6.7,6.7,6.7,6.7,6.7,6.7,8.33,8.33,9.05,9.05,7.24,7.24,7.24,7.24,7.24,7.24,8.69,9.42,9.42,8.69,6.88,6.88,6.88,6.88
N_2_4,N_1_6,10.990047576339158,6.1,6.1,6.1,6.1,6.1,6.1,7.58,7.58,8.24,8.24,6.59,6.59,6.59,6.59,6.59,6.59,7.91,8.57,8.57,7.91,6.26,6.26,6.26,6.26
N_2_4,N_3_4,10.695495274336837,5.94,5.94,5.94,5.94,5.94,5.94,7.38,7.38,8.02,8.02,6.42,6.42,6.42,6.42,6.42,6.42,7.7,8.34,8.34,7.7,6.1,6.1,6.1,6.1
N_2_4,N_0_3,6.127359793617565,6.25,6.25,6.25,6.25,6.25,6.25,9.56,9.56,11.03,11.03,7.35,7.35,7.35,7.35,7.35,7.35,10.29,11.76,11.76,10.29,6.62,6.62,6.62,6.62
N_2_4,N_1_3,10.637911275233158,5.9,5.9,5.9,5.9,5.9,5.9,7.34,7.34,7.98,7.98,6.38,6.38,6.38,6.38,6.38,6.38,7.66,8.3,8.3,7.66,6.06,6.06,6.06,6.06
N_2_4,N_1_5,9.715439923909047,5.39,5.39,5.39,5.39,5.39,5.39,6.7,6.7,7.29,7.29,5.83,5.83,5.83,5.83,5.83,5.83,7.0,7.58,7.58,7.0,5.54,5.54,5.54,5.54
N_2_5,N_1_3,3.5624448633768853,3.63,3.63,3.63,3.63,3.63,3.63,5.56,5.56,6.41,6.41,4.27,4.27,4.27,4.27,4.27,4.27,5.98,6.84,6.84,5.98,3.85,3.85,3.85,3.85
N_2_5,N_4_7,6.285467556127703,6.41,6.41,6.41,6.41,6.41,6.41,9.81,9.81,11.31,11.31,7.54,7.54,7.54,7.54,7.54,7.54,10.56,12.07,12.07,10.56,6.79,6.79,6.79,6.79
N_2_5,N_3_5,3.2197762252920703,3.28,3.28,3.28,3.28,3.28,3.28,5.02,5.02,5.8,5.8,3.86,3.86,3.86,3.86,3.86,3.86,5.41,6.18,6.18,5.41,3.48,3.48,3.48,3.48
N_2_5,N_4_6,5.499790312644068,5.61,5.61,5.61,5.61,5.61,5.61,8.58,8.58,9.9,9.9,6.6,6.6,6.6,6.6,6.6,6.6,9.24,10.56,10.56,9.24,5.94,5.94,5.94,5.94
N_2_5,N_2_3,12.726207038738877,7.06,7.06,7.06,7.06,7.06,7.06,8.78,8.78,9.54,9.54,7.64,7.64,7.64,7.64,7.64,7.64,9.16,9.93,9.93,9.16,7.25,7.25,7.25,7.25
N_2_5,N_4_5,5.719010648946789,5.83,5.83,5.83,5.83,5.83,5.83,8.92,8.92,10.29,10.29,6.86,6.86,6.86,6.86,6.86,6.86,9.61,10.98,10.98,9.61,6.18,6.18,6.18,6.18
N_2_6,N_1_4,2.2668827080138154,3.72,3.72,3.72,3.72,3.72,3.72,6.17,6.17,7.25,7.25,4.53,4.53,4.53,4.53,4.53,4.53,6.71,7.8,7.8,6.71,3.99,3.99,3.99,3.99
N_2_6,N_1_5,3.340512135611643,3.41,3.41,3.41,3.41,3.41,3.41,5.21,5.21,6.01,6.01,4.01,4.01,4.01,4.01,4.01,4.01,5.61,6.41,6.41,5.61,3.61,3.61,3.61,3.61
N_2_6,N_2_3,12.903035831329667,7.16,7.16,7.16,7.16,7.16,7.16,8.9,8.9,9.68,9.68,7.74,7.74,7.74,7.74,7.74,7.74,9.29,10.06,10.06,9.29,7.35,7.35,7.35,7.35
N_2_6,N_0_5,6.64645935589016,6.78,6.78,6.78,6.78,6.78,6.78,10.37,10.37,11.96,11.96,7.98,7.98,7.98,7.98,7.98,7.98,11.17,12.76,12.76,11.17,7.18,7.18,7.18,7.18
N_2_6,N_0_4,9.06555335405408,5.03,5.03,5.03,5.03,5.03,5.03,6.26,6.26,6.8,6.8,5.44,5.44,5.44,5.44,5.44,5.44,6.53,7.07,7.07,6.53,5.17,5.17,5.17,5.17
N_2_6,N_1_8,8.202426035498961,4.55,4.55,4.55,4.55,4.55,4.55,5.66,5.66,6.15,6.15,4.92,4.92,4.92,4.92,4.92,4.92,5.91,6.4,6.4,5.91,4.68,4.68,4.68,4.68
N_2_7,N_1_5,14.236929636432158,7.9,7.9,7.9,7.9,7.9,7.9,9.82,9.82,10.68,10.68,8.54,8.54,8.54,8.54,8.54,8.54,10.25,11.1,11.1,10.25,8.12,8.12,8.12,8.12
N_2_7,N_2_9,12.781078871179567,7.09,7.09,7.09,7.09,7.09,7.09,8.82,8.82,9.59,9.59,7.67,7.67,7.67,7.67,7.67,7.67,9.2,9.97,9.97,9.2,7.29,7.29,7.29,7.29
N_2_7,N_2_10,6.529538601202717,6.66,6.66,6.66,6.66,6.66,6.66,10.19,10.19,11.75,11.75,7.84,7.84,7.84,7.84,7.84,7.84,10.97,12.54,12.54,10.97,7.05,7.05,7.05,7.05
N_2_8,N_0_10,4.8584915989881505,4.96,4.96,4.96,4.96,4.96,4.96,7.58,7.58,8.75,8.75,5.83,5.83,5.83,5.83,5.83,5.83,8.16,9.33,9.33,8.16,5.25,5.25,5.25,5.25
N_2_8,N_0_8,5.7085573315635365,5.82,5.82,5.82,5.82,5.82,5.82,8.91,8.91,10.28,10.28,6.85,6.85,6.85,6.85,6.85,6.85,9.59,10.96,10.96,9.59,6.17,6.17,6.17,6.17
N_2_8,N_1_6,6.116122750371997,6.24,6.24,6.24,6.24,6.24,6.24,9.54,9.54,11.01,11.01,7.34,7.34,7.34,7.34,7.34,7.34,10.28,11.74,11.74,10.28,6.61,6.61,6.61,6.61
N_2_8,N_2_11,11.904811756572439,6.61,6.61,6.61,6.61,6.61,6.61,8.21,8.21,8.93,8.93,7.14,7.14,7.14,7.14,7.14,7.14,8.57,9.29,9.29,8.57,6.79,6.79,6.79,6.79
N_2_8,N_3_7,0.9412147248124494,1.54,1.54,1.54,1.54,1.54,1.54,2.56,2.56,3.01,3.01,1.88,1.88,1.88,1.88,1.88,1.88,2.79,3.24,3.24,2.79,1.66,1.66,1.66,1.66
N_2_8,N_3_10,14.651275804944031,8.13,8.13,8.13,8.13,8.13,8.13,10.11,10.11,10.99,10.99,8.79,8.79,8.79,8.79,8.79,8.79,10.55,11.43,11.43,10.55,8.35,8.35,8.35,8.35
N_2_9,N_1_8,13.8078737764852,7.66,7.66,7.66,7.66,7.66,7.66,9.53,9.53,10.36,10.36,8.28,8.28,8.28,8.28,8.28,8.28,9.94,10.77,10.77,9.94,7.87,7.87,7.87,7.87
N_2_9,N_2_7,12.781078871179567,7.09,7.09,7.09,7.09,7.09,7.09,8.82,8.82,9.59,9.59,7.67,7.67,7.67,7.67,7.67,7.67,9.2,9.97,9.97,9.2,7.29,7.29,7.29,7.29
N_2_9,N_0_10,6.834295553364626,6.97,6.97,6.97,6.97,6.97,6.97,10.66,10.66,12.3,12.3,8.2,8.2,8.2,8.2,8.2,8.2,11.48,13.12,13.12,11.48,7.38,7.38,7.38,7.38
N_2_9,N_2_12,6.715237180405939,6.85,6.85,6.85,6.85,6.85,6.85,10.48,10.48,12.09,12.09,8.06,8.06,8.06,8.06,8.06,8.06,11.28,12.89,12.89,11.28,7.25,7.25,7.25,7.25
N_2_9,N_5_9,12.705174761859002,7.05,7.05,7.05,7.05,7.05,7.05,8.77,8.77,9.53,9.53,7.62,7.62,7.62,7.62,7.62,7.62,9.15,9.91,9.91,9.15,7.24,7.24,7.24,7.24
N_2_9,N_4_8,6.002775265196266,6.12,6.12,6.12,6.12,6.12,6.12,9.36,9.36,10.8,10.8,7.2,7.2,7.2,7.2,7.2,7.2,10.08,11.53,11.53,10.08,6.48,6.48,6.48,6.48
N_3_0,N_1_0,6.05186542460371,6.17,6.17,6.17,6.17,6.17,6.17,9.44,9.44,10.89,10.89,7.26,7.26,7.26,7.26,7.26,7.26,10.17,11.62,11.62,10.17,6.54,6.54,6.54,6.54
N_3_0,N_2_1,11.265946376120105,6.25,6.25,6.25,6.25,6.25,6.25,7.77,7.77,8.45,8.45,6.76,6.76,6.76,6.76,6.76,6.76,8.11,8.79,8.79,8.11,6.42,6.42,6.42,6.42
N_3_0,N_3_3,4.204647107037491,4.29,4.29,4.29,4.29,4.29,4.29,6.56,6.56,7.57,7.57,5.05,5.05,5.05,5.05,5.05,5.05,7.06,8.07,8.07,7.06,4.54,4.54,4.54,4.54
N_3_0,N_2_2,13.511954697751888,7.5,7.5,7.5,7.5,7.5,7.5,9.32,9.32,10.13,10.13,8.11,8.11,8.11,8.11,8.11,8.11,9.73,10.54,10.54,9.73,7.7,7.7,7.7,7.7
N_3_0,N_5_1,2.3698362835437283,3.89,3.89,3.89,3.89,3.89,3.89,6.45,6.45,7.58,7.58,4.74,4.74,4.74,4.74,4.74,4.74,7.01,8.15,8.15,7.01,4.17,4.17,4.17,4.17
N_3_1,N_0_1,8.010950351533793,4.45,4.45,4.45,4.45,4.45,4.45,5.53,5.53,6.01,6.01,4.81,4.81,4.81,4.81,4.81,4.81,5.77,6.25,6.25,5.77,4.57,4.57,4.57,4.57
N_3_1,N_2_1,5.722537184979794,5.84,5.84,5.84,5.84,5.84,5.84,8.93,8.93,10.3,10.3,6.87,6.87,6.87,6.87,6.87,6.87,9.61,10.99,10.99,9.61,6.18,6.18,6.18,6.18
N_3_1,N_3_3,0.7880365516866932,1.29,1.29,1.29,1.29,1.29,1.29,2.14,2.14,2.52,2.52,1.58,1.58,1.58,1.58,1.58,1.58,2.33,2.71,2.71,2.33,1.39,1.39,1.39,1.39
N_3_1,N_1_0,5.924546357418029,6.04,6.04,6.04,6.04,6.04,6.04,9.24,9.24,10.66,10.66,7.11,7.11,7.11,7.11,7.11,7.11,9.95,11.38,11.38,9.95,6.4,6.4,6.4,6.4
N_3_1,N_5_0,11.97170220234258,6.64,6.64,6.64,6.64,6.64,6.64,8.26,8.26,8.98,8.98,7.18,7.18,7.18,7.18,7.18,7.18,8.62,9.34,9.34,8.62,6.82,6.82,6.82,6.82
N_3_10,N_2_8,14.651275804944031,8.13,8.13,8.13,8.13,8.13,8.13,10.11,10.11,10.99,10.99,8.79,8.79,8.79,8.79,8.79,8.79,10.55,11.43,11.43,10.55,8.35,8.35,8.35,8.35
N_3_10,N_3_8,4.073687080338603,4.16,4.16,4.16,4.16,4.16,4.16,6.35,6.35,7.33,7.33,4.89,4.89,4.89,4.89,4.89,4.89,6.84,7.82,7.82,6.84,4.4,4.4,4.4,4.4
N_3_10,N_3_9,14.752827645001895,8.19,8.19,8.19,8.19,8.19,8.19,10.18,10.18,11.06,11.06,8.85,8.85,8.85,8.85,8.85,8.85,10.62,11.51,11.51,10.62,8.41,8.41,8.41,8.41
N_3_10,N_5_12,13.26916647320698,7.36,7.36,7.36,7.36,7.36,7.36,9.16,9.16,9.95,9.95,7.96,7.96,7.96,7.96,7.96,7.96,9.55,10.35,10.35,9.55,7.56,7.56,7.56,7.56
N_3_10,N_1_11,5.305028807551434,5.41,5.41,5.41,5.41,5.41,5.41,8.28,8.28,9.55,9.55,6.37,6.37,6.37,6.37,6.37,6.37,8.91,10.19,10.19,8.91,5.73,5.73,5.73,5.73
N_3_10,N_0_10,1.580514693338454,2.59,2.59,2.59,2.59,2.59,2.59,4.3,4.3,5.06,5.06,3.16,3.16,3.16,3.16,3.16,3.16,4.68,5.44,5.44,4.68,2.78,2.78,2.78,2.78
N_3_11,N_1_12,4.789129314930998,4.88,4.88,4.88,4.88,4.88,4.88,7.47,7.47,8.62,8.62,5.75,5.75,5.75,5.75,5.75,5.75,8.05,9.2,9.2,8.05,5.17,5.17,5.17,5.17
N_3_11,N_5_9,3.374326852205299,3.44,3.44,3.44,3.44,3.44,3.44,5.26,5.26,6.07,6.07,4.05,4.05,4.05,4.05,4.05,4.05,5.67,6.48,6.48,5.67,3.64,3.64,3.64,3.64
N_3_11,N_6_11,8.349429456696592,4.63,4.63,4.63,4.63,4.63,4.63,5.76,5.76,6.26,6.26,5.01,5.01,5.01,5.01,5.01,5.01,6.01,6.51,6.51,6.01,4.76,4.76,4.76,4.76
N_3_12,N_0_12,2.3958087572061726,3.93,3.93,3.93,3.93,3.93,3.93,6.52,6.52,7.67,7.67,4.79,4.79,4.79,4.79,4.79,4.79,7.09,8.24,8.24,7.09,4.22,4.22,4.22,4.22
N_3_12,N_1_11,3.9354580568635003,4.01,4.01,4.01,4.01,4.01,4.01,6.14,6.14,7.08,7.08,4.72,4.72,4.72,4.72,4.72,4.72,6.61,7.56,7.56,6.61,4.25,4.25,4.25,4.25
N_3_12,N_1_14,0.9705618455290206,1.59,1.59,1.59,1.59,1.59,1.59,2.64,2.64,3.11,3.11,1.94,1.94,1.94,1.94,1.94,1.94,2.87,3.34,3.34,2.87,1.71,1.71,1.71,1.71
N_3_12,N_6_12,10.439996673462302,5.79,5.79,5.79,5.79,5.79,5.79,7.2,7.2,7.83,7.83,6.26,6.26,6.26,6.26,6.26,6.26,7.52,8.14,8.14,7.52,5.95,5.95,5.95,5.95
N_3_13,N_2_12,4.104312712378873,4.19,4.19,4.19,4.19,4.19,4.19,6.4,6.4,7.39,7.39,4.93,4.93,4.93,4.93,4.93,4.93,6.9,7.88,7.88,6.9,4.43,4.43,4.43,4.43
N_3_13,N_2_13,4.338090221383425,4.42,4.42,4.42,4.42,4.42,4.42,6.77,6.77,7.81,7.81,5.21,5.21,5.21,5.21,5.21,5.21,7.29,8.33,8.33,7.29,4.69,4.69,4.69,4.69
N_3_13,N_4_11,4.789514723717864,4.89,4.89,4.89,4.89,4.89,4.89,7.47,7.47,8.62,8.62,5.75,5.75,5.75,5.75,5.75,5.75,8.05,9.2,9.2,8.05,5.17,5.17,5.17,5.17
N_3_14,N_1_12,9.567357490988257,5.31,5.31,5.31,5.31,5.31,5.31,6.6,6.6,7.18,7.18,5.74,5.74,5.74,5.74,5.74,5.74,6.89,7.46,7.46,6.89,5.45,5.45,5.45,5.45
N_3_14,N_3_17,1.2707602149030675,2.08,2.08,2.08,2.08,2.08,2.08,3.46,3.46,4.07,4.07,2.54,2.54,2.54,2.54,2.54,2.54,3.76,4.37,4.37,3.76,2.24,2.24,2.24,2.24
N_3_14,N_2_12,5.085265046416659,5.19,5.19,5.19,5.19,5.19,5.19,7.93,7.93,9.15,9.15,6.1,6.1,6.1,6.1,6.1,6.1,8.54,9.76,9.76,8.54,5.49,5.49,5.49,5.49
N_3_14,N_4_16,8.45971019815976,4.7,4.7,4.7,4.7,4.7,4.7,5.84,5.84,6.34,6.34,5.08,5.08,5.08,5.08,5.08,5.08,6.09,6.6,6.6,6.09,4.82,4.82,4.82,4.82
N_3_14,N_1_14,6.459350080134984,6.59,6.59,6.59,6.59,6.59,6.59,10.08,10.08,11.63,11.63,7.75,7.75,7.75,7.75,7.75,7.75,10.85,12.4,12.4,10.85,6.98,6.98,6.98,6.98
N_3_15,N_0_15,0.6108257000355541,1.0,1.0,1.0,1.0,1.0,1.0,1.66,1.66,1.95,1.95,1.22,1.22,1.22,1.22,1.22,1.22,1.81,2.1,2.1,1.81,1.08,1.08,1.08,1.08
N_3_15,N_4_17,5.637832616031952,5.75,5.75,5.75,5.75,5.75,5.75,8.8,8.8,10.15,10.15,6.77,6.77,6.77,6.77,6.77,6.77,9.47,10.82,10.82,9.47,6.09,6.09,6.09,6.09
N_3_15,N_4_14,1.9007981640395197,3.12,3.12,3.12,3.12,3.12,3.12,5.17,5.17,6.08,6.08,3.8,3.8,3.8,3.8,3.8,3.8,5.63,6.54,6.54,5.63,3.35,3.35,3.35,3.35
N_3_16,N_2_15,3.68332098815761,3.76,3.76,3.76,3.76,3.76,3.76,5.75,5.75,6.63,6.63,4.42,4.42,4.42,4.42,4.42,4.42,6.19,7.07,7.07,6.19,3.98,3.98,3.98,3.98
N_3_16,N_3_15,8.487426597370202,4.71,4.71,4.71,4.71,4.71,4.71,5.86,5.86,6.37,6.37,5.09,5.09,5.09,5.09,5.09,5.09,6.11,6.62,6.62,6.11,4.84,4.84,4.84,4.84
N_3_16,N_3_17,3.2449200202407393,3.31,3.31,3.31,3.31,3.31,3.31,5.06,5.06,5.84,5.84,3.89,3.89,3.89,3.89,3.89,3.89,5.45,6.23,6.23,5.45,3.5,3.5,3.5,3.5
N_3_16,N_1_18,1.2412333778051705,2.04,2.04,2.04,2.04,2.04,2.04,3.38,3.38,3.97,3.97,2.48,2.48,2.48,2.48,2.48,2.48,3.67,4.27,4.27,3.67,2.18,2.18,2.18,2.18
N_3_17,N_3_14,1.2707602149030675,2.08,2.08,2.08,2.08,2.08,2.08,3.46,3.46,4.07,4.07,2.54,2.54,2.54,2.54,2.54,2.54,3.76,4.37,4.37,3.76,2.24,2.24,2.24,2.24
N_3_17,N_3_16,3.2449200202407393,3.31,3.31,3.31,3.31,3.31,3.31,5.06,5.06,5.84,5.84,3.89,3.89,3.89,3.89,3.89,3.89,5.45,6.23,6.23,5.45,3.5,3.5,3.5,3.5
N_3_17,N_4_17,8.89790166804983,4.94,4.94,4.94,4.94,4.94,4.94,6.14,6.14,6.67,6.67,5.34,5.34,5.34,5.34,5.34,5.34,6.41,6.94,6.94,6.41,5.07,5.07,5.07,5.07
N_3_17,N_4_18,6.686166834531305,6.82,6.82,6.82,6.82,6.82,6.82,10.43,10.43,12.04,12.04,8.02,8.02,8.02,8.02,8.02,8.02,11.23,12.84,12.84,11.23,7.22,7.22,7.22,7.22
N_3_17,N_2_17,3.2459140720552244,3.31,3.31,3.31,3.31,3.31,3.31,5.06,5.06,5.84,5.84,3.9,3.9,3.9,3.9,3.9,3.9,5.45,6.23,6.23,5.45,3.51,3.51,3.51,3.51
N_3_17,N_4_19,8.512283506515246,4.72,4.72,4.72,4.72,4.72,4.72,5.87,5.87,6.38,6.38,5.11,5.11,5.11,5.11,5.11,5.11,6.13,6.64,6.64,6.13,4.85,4.85,4.85,4.85
N_3_17,N_2_15,4.114632253075012,4.2,4.2,4.2,4.2,4.2,4.2,6.42,6.42,7.41,7.41,4.94,4.94,4.94,4.94,4.94,4.94,6.91,7.9,7.9,6.91,4.44,4.44,4.44,4.44
N_3_18,N_1_17,6.9575245658207265,7.1,7.1,7.1,7.1,7.1,7.1,10.85,10.85,12.52,12.52,8.35,8.35,8.35,8.35,8.35,8.35,11.69,13.36,13.36,11.69,7.51,7.51,7.51,7.51
N_3_18,N_1_18,8.053216296129799,4.47,4.47,4.47,4.47,4.47,4.47,5.56,5.56,6.04,6.04,4.83,4.83,4.83,4.83,4.83,4.83,5.8,6.28,6.28,5.8,4.59,4.59,4.59,4.59
N_3_18,N_1_19,4.3110645771711225,4.4,4.4,4.4,4.4,4.4,4.4,6.73,6.73,7.76,7.76,5.17,5.17,5.17,5.17,5.17,5.17,7.24,8.28,8.28,7.24,4.66,4.66,4.66,4.66
N_3_18,N_1_20,4.626878568410743,4.72,4.72,4.72,4.72,4.72,4.72,7.22,7.22,8.33,8.33,5.55,5.55,5.55,5.55,5.55,5.55,7.77,8.88,8.88,7.77,5.0,5.0,5.0,5.0
N_3_18,N_3_16,5.725045751858582,5.84,5.84,5.84,5.84,5.84,5.84,8.93,8.93,10.31,10.31,6.87,6.87,6.87,6.87,6.87,6.87,9.62,10.99,10.99,9.62,6.18,6.18,6.18,6.18
N_3_18,N_2_20,10.013004485166451,5.56,5.56,5.56,5.56,5.56,5.56,6.91,6.91,7.51,7.51,6.01,6.01,6.01,6.01,6.01,6.01,7.21,7.81,7.81,7.21,5.71,5.71,5.71,5.71
N_3_19,N_2_19,4.912963022940215,5.01,5.01,5.01,5.01,5.01,5.01,7.66,7.66,8.84,8.84,5.9,5.9,5.9,5.9,5.9,5.9,8.25,9.43,9.43,8.25,5.31,5.31,5.31,5.31
N_3_19,N_5_20,8.798123622998778,4.88,4.88,4.88,4.88,4.88,4.88,6.07,6.07,6.6,6.6,5.28,5.28,5.28,5.28,5.28,5.28,6.33,6.86,6.86,6.33,5.01,5.01,5.01,5.01
N_3_19,N_5_17,3.4571575845067506,3.53,3.53,3.53,3.53,3.53,3.53,5.39,5.39,6.22,6.22,4.15,4.15,4.15,4.15,4.15,4.15,5.81,6.64,6.64,5.81,3.73,3.73,3.73,3.73
N_3_19,N_5_19,5.98088651007709,6.1,6.1,6.1,6.1,6.1,6.1,9.33,9.33,10.77,10.77,7.18,7.18,7.18,7.18,7.18,7.18,10.05,11.48,11.48,10.05,6.46,6.46,6.46,6.46
N_3_19,N_2_18,12.96187428982279,7.19,7.19,7.19,7.19,7.19,7.19,8.94,8.94,9.72,9.72,7.78,7.78,7.78,7.78,7.78,7.78,9.33,10.11,10.11,9.33,7.39,7.39,7.39,7.39
N_3_2,N_0_2,14.825579707896487,8.23,8.23,8.23,8.23,8.23,8.23,10.23,10.23,11.12,11.12,8.9,8.9,8.9,8.9,8.9,8.9,10.67,11.56,11.56,10.67,8.45,8.45,8.45,8.45
N_3_2,N_2_3,1.3419586250356719,2.2,2.2,2.2,2.2,2.2,2.2,3.65,3.65,4.29,4.29,2.68,2.68,2.68,2.68,2.68,2.68,3.97,4.62,4.62,3.97,2.36,2.36,2.36,2.36
N_3_2,N_1_3,1.7002460090352751,2.79,2.79,2.79,2.79,2.79,2.79,4.62,4.62,5.44,5.44,3.4,3.4,3.4,3.4,3.4,3.4,5.03,5.85,5.85,5.03,2.99,2.99,2.99,2.99
N_3_2,N_2_2,4.887974666659068,4.99,4.99,4.99,4.99,4.99,4.99,7.63,7.63,8.8,8.8,5.87,5.87,5.87,5.87,5.87,5.87,8.21,9.38,9.38,8.21,5.28,5.28,5.28,5.28
N_3_20,N_1_20,14.222800688041094,7.89,7.89,7.89,7.89,7.89,7.89,9.81,9.81,10.67,10.67,8.53,8.53,8.53,8.53,8.53,8.53,10.24,11.09,11.09,10.24,8.11,8.11,8.11,8.11
N_3_20,N_1_19,1.4961199562223337,2.45,2.45,2.45,2.45,2.45,2.45,4.07,4.07,4.79,4.79,2.99,2.99,2.99,2.99,2.99,2.99,4.43,5.15,5.15,4.43,2.63,2.63,2.63,2.63
N_3_20,N_4_21,13.67590803087263,7.59,7.59,7.59,7.59,7.59,7.59,9.44,9.44,10.26,10.26,8.21,8.21,8.21,8.21,8.21,8.21,9.85,10.67,10.67,9.85,7.8,7.8,7.8,7.8
N_3_20,N_5_18,5.63131589118392,5.74,5.74,5.74,5.74,5.74,5.74,8.78,8.78,10.14,10.14,6.76,6.76,6.76,6.76,6.76,6.76,9.46,10.81,10.81,9.46,6.08,6.08,6.08,6.08
N_3_20,N_4_18,3.198517980765125,3.26,3.26,3.26,3.26,3.26,3.26,4.99,4.99,5.76,5.76,3.84,3.84,3.84,3.84,3.84,3.84,5.37,6.14,6.14,5.37,3.45,3.45,3.45,3.45
N_3_20,N_1_21,6.159642965122105,6.28,6.28,6.28,6.28,6.28,6.28,9.61,9.61,11.09,11.09,7.39,7.39,7.39,7.39,7.39,7.39,10.35,11.83,11.83,10.35,6.65,6.65,6.65,6.65
N_3_21,N_1_20,5.454591282845516,5.56,5.56,5.56,5.56,5.56,5.56,8.51,8.51,9.82,9.82,6.55,6.55,6.55,6.55,6.55,6.55,9.16,10.47,10.47,9.16,5.89,5.89,5.89,5.89
N_3_21,N_1_21,14.741666935029583,8.18,8.18,8.18,8.18,8.18,8.18,10.17,10.17,11.06,11.06,8.85,8.85,8.85,8.85,8.85,8.85,10.61,11.5,11.5,10.61,8.4,8.4,8.4,8.4
N_3_21,N_5_20,0.6788183287840261,1.11,1.11,1.11,1.11,1.11,1.11,1.85,1.85,2.17,2.17,1.36,1.36,1.36,1.36,1.36,1.36,2.01,2.34,2.34,2.01,1.19,1.19,1.19,1.19
N_3_21,N_2_21,5.357331605327584,5.46,5.46,5.46,5.46,5.46,5.46,8.36,8.36,9.64,9.64,6.43,6.43,6.43,6.43,6.43,6.43,9.0,10.29,10.29,9.0,5.79,5.79,5.79,5.79
N_3_21,N_4_23,3.9391845484365966,4.02,4.02,4.02,4.02,4.02,4.02,6.15,6.15,7.09,7.09,4.73,4.73,4.73,4.73,4.73,4.73,6.62,7.56,7.56,6.62,4.25,4.25,4.25,4.25
N_3_21,N_0_21,5.908473730193123,6.03,6.03,6.03,6.03,6.03,6.03,9.22,9.22,10.64,10.64,7.09,7.09,7.09,7.09,7.09,7.09,9.93,11.34,11.34,9.93,6.38,6.38,6.38,6.38
N_3_21,N_3_23,6.295798764577343,6.42,6.42,6.42,6.42,6.42,6.42,9.82,9.82,11.33,11.33,7.55,7.55,7.55,7.55,7.55,7.55,10.58,12.09,12.09,10.58,6.8,6.8,6.8,6.8
N_3_22,N_1_20,2.093204898637439,3.43,3.43,3.43,3.43,3.43,3.43,5.69,5.69,6.7,6.7,4.19,4.19,4.19,4.19,4.19,4.19,6.2,7.2,7.2,6.2,3.68,3.68,3.68,3.68
N_3_22,N_2_21,8.412515098606887,4.67,4.67,4.67,4.67,4.67,4.67,5.8,5.8,6.31,6.31,5.05,5.05,5.05,5.05,5.05,5.05,6.06,6.56,6.56,6.06,4.8,4.8,4.8,4.8
N_3_22,N_2_23,6.243097993205411,6.37,6.37,6.37,6.37,6.37,6.37,9.74,9.74,11.24,11.24,7.49,7.49,7.49,7.49,7.49,7.49,10.49,11.99,11.99,10.49,6.74,6.74,6.74,6.74
N_3_23,N_2_21,2.3076719151672496,3.78,3.78,3.78,3.78,3.78,3.78,6.28,6.28,7.38,7.38,4.62,4.62,4.62,4.62,4.62,4.62,6.83,7.94,7.94,6.83,4.06,4.06,4.06,4.06
N_3_23,N_2_22,3.8112119914490066,3.89,3.89,3.89,3.89,3.89,3.89,5.95,5.95,6.86,6.86,4.57,4.57,4.57,4.57,4.57,4.57,6.4,7.32,7.32,6.4,4.12,4.12,4.12,4.12
N_3_23,N_1_25,6.914927933797483,7.05,7.05,7.05,7.05,7.05,7.05,10.79,10.79,12.45,12.45,8.3,8.3,8.3,8.3,8.3,8.3,11.62,13.28,13.28,11.62,7.47,7.47,7.47,7.47
N_3_23,N_1_21,3.499167941421152,3.57,3.57,3.57,3.57,3.57,3.57,5.46,5.46,6.3,6.3,4.2,4.2,4.2,4.2,4.2,4.2,5.88,6.72,6.72,5.88,3.78,3.78,3.78,3.78
N_3_23,N_1_24,5.425616479896918,5.53,5.53,5.53,5.53,5.53,5.53,8.46,8.46,9.77,9.77,6.51,6.51,6.51,6.51,6.51,6.51,9.12,10.42,10.42,9.12,5.86,5.86,5.86,5.86
N_3_23,N_4_21,6.4540574060672,6.58,6.58,6.58,6.58,6.58,6.58,10.07,10.07,11.62,11.62,7.74,7.74,7.74,7.74,7.74,7.74,10.84,12.39,12.39,10.84,6.97,6.97,6.97,6.97
N_3_24,N_0_24,9.11240713513291,5.06,5.06,5.06,5.06,5.06,5.06,6.29,6.29,6.83,6.83,5.47,5.47,5.47,5.47,5.47,5.47,6.56,7.11,7.11,6.56,5.19,5.19,5.19,5.19
N_3_24,N_5_26,5.058892960274294,5.16,5.16,5.16,5.16,5.16,5.16,7.89,7.89,9.11,9.11,6.07,6.07,6.07,6.07,6.07,6.07,8.5,9.71,9.71,8.5,5.46,5.46,5.46,5.46
N_3_24,N_4_24,12.89465890686591,7.16,7.16,7.16,7.16,7.16,7.16,8.9,8.9,9.67,9.67,7.74,7.74,7.74,7.74,7.74,7.74,9.28,10.06,10.06,9.28,7.35,7.35,7.35,7.35
N_3_24,N_1_23,3.3425011023760542,3.41,3.41,3.41,3.41,3.41,3.41,5.21,5.21,6.02,6.02,4.01,4.01,4.01,4.01,4.01,4.01,5.62,6.42,6.42,5.62,3.61,3.61,3.61,3.61
N_3_24,N_2_26,0.8380161551723078,1.37,1.37,1.37,1.37,1.37,1.37,2.28,2.28,2.68,2.68,1.68,1.68,1.68,1.68,1.68,1.68,2.48,2.88,2.88,2.48,1.47,1.47,1.47,1.47
N_3_24,N_1_25,5.703913208603581,5.82,5.82,5.82,5.82,5.82,5.82,8.9,8.9,10.27,10.27,6.84,6.84,6.84,6.84,6.84,6.84,9.58,10.95,10.95,9.58,6.16,6.16,6.16,6.16
N_3_25,N_0_25,6.713819384068069,6.85,6.85,6.85,6.85,6.85,6.85,10.47,10.47,12.08,12.08,8.06,8.06,8.06,8.06,8.06,8.06,11.28,12.89,12.89,11.28,7.25,7.25,7.25,7.25
N_3_25,N_1_26,4.990803650580782,5.09,5.09,5.09,5.09,5.09,5.09,7.79,7.79,8.98,8.98,5.99,5.99,5.99,5.99,5.99,5.99,8.38,9.58,9.58,8.38,5.39,5.39,5.39,5.39
N_3_25,N_5_26,1.2387150222002266,2.03,2.03,2.03,2.03,2.03,2.03,3.37,3.37,3.96,3.96,2.48,2.48,2.48,2.48,2.48,2.48,3.67,4.26,4.26,3.67,2.18,2.18,2.18,2.18
N_3_25,N_2_25,8.205283764525829,4.55,4.55,4.55,4.55,4.55,4.55,5.66,5.66,6.15,6.15,4.92,4.92,4.92,4.92,4.92,4.92,5.91,6.4,6.4,5.91,4.68,4.68,4.68,4.68
N_3_25,N_2_23,6.740271517363453,6.88,6.88,6.88,6.88,6.88,6.88,10.51,10.51,12.13,12.13,8.09,8.09,8.09,8.09,8.09,8.09,11.32,12.94,12.94,11.32,7.28,7.28,7.28,7.28
N_3_25,N_3_23,6.5677664860255875,6.7,6.7,6.7,6.7,6.7,6.7,10.25,10.25,11.82,11.82,7.88,7.88,7.88,7.88,7.88,7.88,11.03,12.61,12.61,11.03,7.09,7.09,7.09,7.09
N_3_25,N_5_24,5.205744224271546,5.31,5.31,5.31,5.31,5.31,5.31,8.12,8.12,9.37,9.37,6.25,6.25,6.25,6.25,6.25,6.25,8.75,10.0,10.0,8.75,5.62,5.62,5.62,5.62
N_3_25,N_5_27,13.76075378040616,7.64,7.64,7.64,7.64,7.64,7.64,9.49,9.49,10.32,10.32,8.26,8.26,8.26,8.26,8.26,8.26,9.91,10.73,10.73,9.91,7.84,7.84,7.84,7.84
N_3_26,N_2_28,9.987712220392002,5.54,5.54,5.54,5.54,5.54,5.54,6.89,6.89,7.49,7.49,5.99,5.99,5.99,5.99,5.99,5.99,7.19,7.79,7.79,7.19,5.69,5.69,5.69,5.69
N_3_26,N_6_26,4.8522221443777696,4.95,4.95,4.95,4.95,4.95,4.95,7.57,7.57,8.73,8.73,5.82,5.82,5.82,5.82,5.82,5.82,8.15,9.32,9.32,8.15,5.24,5.24,5.24,5.24
N_3_26,N_5_26,8.116622212660237,4.5,4.5,4.5,4.5,4.5,4.5,5.6,5.6,6.09,6.09,4.87,4.87,4.87,4.87,4.87,4.87,5.84,6.33,6.33,5.84,4.63,4.63,4.63,4.63
N_3_26,N_1_25,8.864438337920065,4.92,4.92,4.92,4.92,4.92,4.92,6.12,6.12,6.65,6.65,5.32,5.32,5.32,5.32,5.32,5.32,6.38,6.91,6.91,6.38,5.05,5.05,5.05,5.05
N_3_26,N_3_29,12.435340636166552,6.9,6.9,6.9,6.9,6.9,6.9,8.58,8.58,9.33,9.33,7.46,7.46,7.46,7.46,7.46,7.46,8.95,9.7,9.7,8.95,7.09,7.09,7.09,7.09
N_3_27,N_4_25,8.952710536768315,4.97,4.97,4.97,4.97,4.97,4.97,6.18,6.18,6.71,6.71,5.37,5.37,5.37,5.37,5.37,5.37,6.45,6.98,6.98,6.45,5.1,5.1,5.1,5.1
N_3_27,N_1_26,10.69426297812505,5.94,5.94,5.94,5.94,5.94,5.94,7.38,7.38,8.02,8.02,6.42,6.42,6.42,6.42,6.42,6.42,7.7,8.34,8.34,7.7,6.1,6.1,6.1,6.1
N_3_27,N_1_25,12.912243125099772,7.17,7.17,7.17,7.17,7.17,7.17,8.91,8.91,9.68,9.68,7.75,7.75,7.75,7.75,7.75,7.75,9.3,10.07,10.07,9.3,7.36,7.36,7.36,7.36
N_3_27,N_3_26,4.878294138467035,4.98,4.98,4.98,4.98,4.98,4.98,7.61,7.61,8.78,8.78,5.85,5.85,5.85,5.85,5.85,5.85,8.2,9.37,9.37,8.2,5.27,5.27,5.27,5.27
N_3_27,N_2_29,6.976569295671064,7.12,7.12,7.12,7.12,7.12,7.12,10.88,10.88,12.56,12.56,8.37,8.37,8.37,8.37,8.37,8.37,11.72,13.4,13.4,11.72,7.53,7.53,7.53,7.53
N_3_28,N_3_30,12.587214700907182,6.99,6.99,6.99,6.99,6.99,6.99,8.69,8.69,9.44,9.44,7.55,7.55,7.55,7.55,7.55,7.55,9.06,9.82,9.82,9.06,7.17,7.17,7.17,7.17
N_3_28,N_2_30,1.8253200325775334,2.99,2.99,2.99,2.99,2.99,2.99,4.96,4.96,5.84,5.84,3.65,3.65,3.65,3.65,3.65,3.65,5.4,6.28,6.28,5.4,3.21,3.21,3.21,3.21
N_3_28,N_3_25,1.5282266765628254,2.51,2.51,2.51,2.51,2.51,2.51,4.16,4.16,4.89,4.89,3.06,3.06,3.06,3.06,3.06,3.06,4.52,5.26,5.26,4.52,2.69,2.69,2.69,2.69
N_3_29,N_3_26,12.435340636166552,6.9,6.9,6.9,6.9,6.9,6.9,8.58,8.58,9.33,9.33,7.46,7.46,7.46,7.46,7.46,7.46,8.95,9.7,9.7,8.95,7.09,7.09,7.09,7.09
N_3_29,N_6_29,11.555247785953021,6.41,6.41,6.41,6.41,6.41,6.41,7.97,7.97,8.67,8.67,6.93,6.93,6.93,6.93,6.93,6.93,8.32,9.01,9.01,8.32,6.59,6.59,6.59,6.59
N_3_29,N_1_29,13.411976957222464,7.44,7.44,7.44,7.44,7.44,7.44,9.25,9.25,10.06,10.06,8.05,8.05,8.05,8.05,8.05,8.05,9.66,10.46,10.46,9.66,7.64,7.64,7.64,7.64
N_3_29,N_4_27,5.440336095120092,5.55,5.55,5.55,5.55,5.55,5.55,8.49,8.49,9.79,9.79,6.53,6.53,6.53,6.53,6.53,6.53,9.14,10.45,10.45,9.14,5.88,5.88,5.88,5.88
N_3_3,N_0_3,13.66634728477436,7.58,7.58,7.58,7.58,7.58,7.58,9.43,9.43,10.25,10.25,8.2,8.2,8.2,8.2,8.2,8.2,9.84,10.66,10.66,9.84,7.79,7.79,7.79,7.79
N_3_3,N_3_1,0.7880365516866932,1.29,1.29,1.29,1.29,1.29,1.29,2.14,2.14,2.52,2.52,1.58,1.58,1.58,1.58,1.58,1.58,2.33,2.71,2.71,2.33,1.39,1.39,1.39,1.39
N_3_3,N_3_6,9.205507341208769,5.11,5.11,5.11,5.11,5.11,5.11,6.35,6.35,6.9,6.9,5.52,5.52,5.52,5.52,5.52,5.52,6.63,7.18,7.18,6.63,5.25,5.25,5.25,5.25
N_3_3,N_1_1,3.7846040894730257,3.86,3.86,3.86,3.86,3.86,3.86,5.9,5.9,6.81,6.81,4.54,4.54,4.54,4.54,4.54,4.54,6.36,7.27,7.27,6.36,4.09,4.09,4.09,4.09
N_3_3,N_1_3,3.9091061030232406,3.99,3.99,3.99,3.99,3.99,3.99,6.1,6.1,7.04,7.04,4.69,4.69,4.69,4.69,4.69,4.69,6.57,7.51,7.51,6.57,4.22,4.22,4.22,4.22
N_3_30,N_1_30,9.928233551496975,5.51,5.51,5.51,5.51,5.51,5.51,6.85,6.85,7.45,7.45,5.96,5.96,5.96,5.96,5.96,5.96,7.15,7.74,7.74,7.15,5.66,5.66,5.66,5.66
N_3_30,N_2_29,6.837685780594557,6.97,6.97,6.97,6.97,6.97,6.97,10.67,10.67,12.31,12.31,8.21,8.21,8.21,8.21,8.21,8.21,11.49,13.13,13.13,11.49,7.38,7.38,7.38,7.38
N_3_30,N_5_29,9.588830897160086,5.32,5.32,5.32,5.32,5.32,5.32,6.62,6.62,7.19,7.19,5.75,5.75,5.75,5.75,5.75,5.75,6.9,7.48,7.48,6.9,5.47,5.47,5.47,5.47
N_3_30,N_3_32,1.6932500938299782,2.78,2.78,2.78,2.78,2.78,2.78,4.61,4.61,5.42,5.42,3.39,3.39,3.39,3.39,3.39,3.39,5.01,5.82,5.82,5.01,2.98,2.98,2.98,2.98
N_3_30,N_1_28,2.001193575433952,3.28,3.28,3.28,3.28,3.28,3.28,5.44,5.44,6.4,6.4,4.0,4.0,4.0,4.0,4.0,4.0,5.92,6.88,6.88,5.92,3.52,3.52,3.52,3.52
N_3_30,N_5_30,1.1612234888686344,1.9,1.9,1.9,1.9,1.9,1.9,3.16,3.16,3.72,3.72,2.32,2.32,2.32,2.32,2.32,2.32,3.44,3.99,3.99,3.44,2.04,2.04,2.04,2.04
N_3_30,N_1_32,6.6225905448368305,6.76,6.76,6.76,6.76,6.76,6.76,10.33,10.33,11.92,11.92,7.95,7.95,7.95,7.95,7.95,7.95,11.13,12.72,12.72,11.13,7.15,7.15,7.15,7.15
N_3_30,N_5_32,10.468149863427364,5.81,5.81,5.81,5.81,5.81,5.81,7.22,7.22,7.85,7.85,6.28,6.28,6.28,6.28,6.28,6.28,7.54,8.17,8.17,7.54,5.97,5.97,5.97,5.97
N_3_31,N_6_31,1.0190881286847702,1.67,1.67,1.67,1.67,1.67,1.67,2.77,2.77,3.26,3.26,2.04,2.04,2.04,2.04,2.04,2.04,3.02,3.51,3.51,3.02,1.79,1.79,1.79,1.79
N_3_31,N_2_32,2.0963726580683666,3.44,3.44,3.44,3.44,3.44,3.44,5.7,5.7,6.71,6.71,4.19,4.19,4.19,4.19,4.19,4.19,6.21,7.21,7.21,6.21,3.69,3.69,3.69,3.69
N_3_31,N_1_30,5.338401264910409,5.45,5.45,5.45,5.45,5.45,5.45,8.33,8.33,9.61,9.61,6.41,6.41,6.41,6.41,6.41,6.41,8.97,10.25,10.25,8.97,5.77,5.77,5.77,5.77
N_3_31,N_5_31,12.658935482152845,7.03,7.03,7.03,7.03,7.03,7.03,8.73,8.73,9.49,9.49,7.6,7.6,7.6,7.6,7.6,7.6,9.11,9.87,9.87,9.11,7.22,7.22,7.22,7.22
N_3_31,N_3_34,4.429916540165677,4.52,4.52,4.52,4.52,4.52,4.52,6.91,6.91,7.97,7.97,5.32,5.32,5.32,5.32,5.32,5.32,7.44,8.51,8.51,7.44,4.78,4.78,4.78,4.78
N_3_31,N_2_29,11.176288313342358,6.2,6.2,6.2,6.2,6.2,6.2,7.71,7.71,8.38,8.38,6.71,6.71,6.71,6.71,6.71,6.71,8.05,8.72,8.72,8.05,6.37,6.37,6.37,6.37
N_3_32,N_0_32,1.4578417526847316,2.39,2.39,2.39,2.39,2.39,2.39,3.97,3.97,4.67,4.67,2.92,2.92,2.92,2.92,2.92,2.92,4.32,5.01,5.01,4.32,2.57,2.57,2.57,2.57
N_3_32,N_1_32,11.099685878536555,6.16,6.16,6.16,6.16,6.16,6.16,7.66,7.66,8.32,8.32,6.66,6.66,6.66,6.66,6.66,6.66,7.99,8.66,8.66,7.99,6.33,6.33,6.33,6.33
N_3_32,N_1_33,5.102876249507912,5.2,5.2,5.2,5.2,5.2,5.2,7.96,7.96,9.19,9.19,6.12,6.12,6.12,6.12,6.12,6.12,8.57,9.8,9.8,8.57,5.51,5.51,5.51,5.51
N_3_32,N_2_31,4.768301766880005,4.86,4.86,4.86,4.86,4.86,4.86,7.44,7.44,8.58,8.58,5.72,5.72,5.72,5.72,5.72,5.72,8.01,9.16,9.16,8.01,5.15,5.15,5.15,5.15
N_3_32,N_2_34,6.731637271023118,6.87,6.87,6.87,6.87,6.87,6.87,10.5,10.5,12.12,12.12,8.08,8.08,8.08,8.08,8.08,8.08,11.31,12.92,12.92,11.31,7.27,7.27,7.27,7.27
N_3_33,N_2_32,1.6130490896186862,2.65,2.65,2.65,2.65,2.65,2.65,4.39,4.39,5.16,5.16,3.23,3.23,3.23,3.23,3.23,3.23,4.77,5.55,5.55,4.77,2.84,2.84,2.84,2.84
N_3_33,N_4_34,2.404536526807979,3.94,3.94,3.94,3.94,3.94,3.94,6.54,6.54,7.69,7.69,4.81,4.81,4.81,4.81,4.81,4.81,7.12,8.27,8.27,7.12,4.23,4.23,4.23,4.23
N_3_33,N_3_34,6.311138623219703,6.44,6.44,6.44,6.44,6.44,6.44,9.85,9.85,11.36,11.36,7.57,7.57,7.57,7.57,7.57,7.57,10.6,12.12,12.12,10.6,6.82,6.82,6.82,6.82
N_3_33,N_5_34,6.8290789138817285,6.97,6.97,6.97,6.97,6.97,6.97,10.65,10.65,12.29,12.29,8.19,8.19,8.19,8.19,8.19,8.19,11.47,13.11,13.11,11.47,7.38,7.38,7.38,7.38
N_3_33,N_1_34,6.743039908720598,6.88,6.88,6.88,6.88,6.88,6.88,10.52,10.52,12.14,12.14,8.09,8.09,8.09,8.09,8.09,8.09,11.33,12.95,12.95,11.33,7.28,7.28,7.28,7.28
N_3_33,N_6_33,3.2287372393980522,3.29,3.29,3.29,3.29,3.29,3.29,5.04,5.04,5.81,5.81,3.87,3.87,3.87,3.87,3.87,3.87,5.42,6.2,6.2,5.42,3.49,3.49,3.49,3.49
N_3_33,N_2_33,1.301475723054706,2.13,2.13,2.13,2.13,2.13,2.13,3.54,3.54,4.16,4.16,2.6,2.6,2.6,2.6,2.6,2.6,3.85,4.48,4.48,3.85,2.29,2.29,2.29,2.29
N_3_34,N_3_33,6.311138623219703,6.44,6.44,6.44,6.44,6.44,6.44,9.85,9.85,11.36,11.36,7.57,7.57,7.57,7.57,7.57,7.57,10.6,12.12,12.12,10.6,6.82,6.82,6.82,6.82
N_3_34,N_6_34,3.776330020883683,3.85,3.85,3.85,3.85,3.85,3.85,5.89,5.89,6.8,6.8,4.53,4.53,4.53,4.53,4.53,4.53,6.34,7.25,7.25,6.34,4.08,4.08,4.08,4.08
N_3_34,N_1_36,0.9062465525701158,1.49,1.49,1.49,1.49,1.49,1.49,2.46,2.46,2.9,2.9,1.81,1.81,1.81,1.81,1.81,1.81,2.68,3.12,3.12,2.68,1.59,1.59,1.59,1.59
N_3_35,N_0_35,6.179745328333867,6.3,6.3,6.3,6.3,6.3,6.3,9.64,9.64,11.12,11.12,7.42,7.42,7.42,7.42,7.42,7.42,10.38,11.87,11.87,10.38,6.67,6.67,6.67,6.67
N_3_35,N_1_34,12.988348756762765,7.21,7.21,7.21,7.21,7.21,7.21,8.96,8.96,9.74,9.74,7.79,7.79,7.79,7.79,7.79,7.79,9.35,10.13,10.13,9.35,7.4,7.4,7.4,7.4
N_3_35,N_1_36,6.765906409979898,6.9,6.9,6.9,6.9,6.9,6.9,10.55,10.55,12.18,12.18,8.12,8.12,8.12,8.12,8.12,8.12,11.37,12.99,12.99,11.37,7.31,7.31,7.31,7.31
N_3_35,N_2_33,3.7011446978152525,3.78,3.78,3.78,3.78,3.78,3.78,5.77,5.77,6.66,6.66,4.44,4.44,4.44,4.44,4.44,4.44,6.22,7.11,7.11,6.22,4.0,4.0,4.0,4.0
N_3_35,N_5_36,9.132065896426404,5.07,5.07,5.07,5.07,5.07,5.07,6.3,6.3,6.85,6.85,5.48,5.48,5.48,5.48,5.48,5.48,6.58,7.12,7.12,6.58,5.21,5.21,5.21,5.21
N_3_35,N_5_35,5.741233367156497,5.86,5.86,5.86,5.86,5.86,5.86,8.96,8.96,10.33,10.33,6.89,6.89,6.89,6.89,6.89,6.89,9.65,11.02,11.02,9.65,6.2,6.2,6.2,6.2
N_3_36,N_3_35,5.729778571463253,5.84,5.84,5.84,5.84,5.84,5.84,8.94,8.94,10.31,10.31,6.88,6.88,6.88,6.88,6.88,6.88,9.63,11.0,11.0,9.63,6.19,6.19,6.19,6.19
N_3_36,N_5_38,4.168070058413061,4.25,4.25,4.25,4.25,4.25,4.25,6.5,6.5,7.5,7.5,5.0,5.0,5.0,5.0,5.0,5.0,7.0,8.0,8.0,7.0,4.5,4.5,4.5,4.5
N_3_36,N_4_34,6.361950031787028,6.49,6.49,6.49,6.49,6.49,6.49,9.92,9.92,11.45,11.45,7.63,7.63,7.63,7.63,7.63,7.63,10.69,12.21,12.21,10.69,6.87,6.87,6.87,6.87
N_3_37,N_1_39,6.364109759281828,6.49,6.49,6.49,6.49,6.49,6.49,9.93,9.93,11.46,11.46,7.64,7.64,7.64,7.64,7.64,7.64,10.69,12.22,12.22,10.69,6.87,6.87,6.87,6.87
N_3_37,N_2_35,5.540073097362986,5.65,5.65,5.65,5.65,5.65,5.65,8.64,8.64,9.97,9.97,6.65,6.65,6.65,6.65,6.65,6.65,9.31,10.64,10.64,9.31,5.98,5.98,5.98,5.98
N_3_37,N_4_36,4.586403281904188,4.68,4.68,4.68,4.68,4.68,4.68,7.15,7.15,8.26,8.26,5.5,5.5,5.5,5.5,5.5,5.5,7.71,8.81,8.81,7.71,4.95,4.95,4.95,4.95
N_3_37,N_3_36,4.088802457109356,4.17,4.17,4.17,4.17,4.17,4.17,6.38,6.38,7.36,7.36,4.91,4.91,4.91,4.91,4.91,4.91,6.87,7.85,7.85,6.87,4.42,4.42,4.42,4.42
N_3_37,N_1_37,3.822861768995002,3.9,3.9,3.9,3.9,3.9,3.9,5.96,5.96,6.88,6.88,4.59,4.59,4.59,4.59,4.59,4.59,6.42,7.34,7.34,6.42,4.13,4.13,4.13,4.13
N_3_38,N_1_38,2.024390210543864,3.32,3.32,3.32,3.32,3.32,3.32,5.51,5.51,6.48,6.48,4.05,4.05,4.05,4.05,4.05,4.05,5.99,6.96,6.96,5.99,3.56,3.56,3.56,3.56
N_3_38,N_4_36,13.252397903762791,7.36,7.36,7.36,7.36,7.36,7.36,9.14,9.14,9.94,9.94,7.95,7.95,7.95,7.95,7.95,7.95,9.54,10.34,10.34,9.54,7.55,7.55,7.55,7.55
N_3_38,N_1_37,10.62707865551669,5.9,5.9,5.9,5.9,5.9,5.9,7.33,7.33,7.97,7.97,6.38,6.38,6.38,6.38,6.38,6.38,7.65,8.29,8.29,7.65,6.06,6.06,6.06,6.06
N_3_38,N_3_36,3.59558901199466,3.67,3.67,3.67,3.67,3.67,3.67,5.61,5.61,6.47,6.47,4.31,4.31,4.31,4.31,4.31,4.31,6.04,6.9,6.9,6.04,3.88,3.88,3.88,3.88
N_3_38,N_3_39,5.187619631560414,5.29,5.29,5.29,5.29,5.29,5.29,8.09,8.09,9.34,9.34,6.23,6.23,6.23,6.23,6.23,6.23,8.72,9.96,9.96,8.72,5.6,5.6,5.6,5.6
N_3_39,N_3_38,5.187619631560414,5.29,5.29,5.29,5.29,5.29,5.29,8.09,8.09,9.34,9.34,6.23,6.23,6.23,6.23,6.23,6.23,8.72,9.96,9.96,8.72,5.6,5.6,5.6,5.6
N_3_39,N_5_39,11.957381999024433,6.64,6.64,6.64,6.64,6.64,6.64,8.25,8.25,8.97,8.97,7.17,7.17,7.17,7.17,7.17,7.17,8.61,9.33,9.33,8.61,6.82,6.82,6.82,6.82
N_3_39,N_1_39,14.568880877717557,8.09,8.09,8.09,8.09,8.09,8.09,10.05,10.05,10.93,10.93,8.74,8.74,8.74,8.74,8.74,8.74,10.49,11.36,11.36,10.49,8.3,8.3,8.3,8.3
N_3_39,N_2_39,10.662629292917465,5.92,5.92,5.92,5.92,5.92,5.92,7.36,7.36,8.0,8.0,6.4,6.4,6.4,6.4,6.4,6.4,7.68,8.32,8.32,7.68,6.08,6.08,6.08,6.08
N_3_39,N_1_37,5.370043865037884,5.48,5.48,5.48,5.48,5.48,5.48,8.38,8.38,9.67,9.67,6.44,6.44,6.44,6.44,6.44,6.44,9.02,10.31,10.31,9.02,5.8,5.8,5.8,5.8
N_3_4,N_1_6,3.9924460702249194,4.07,4.07,4.07,4.07,4.07,4.07,6.23,6.23,7.19,7.19,4.79,4.79,4.79,4.79,4.79,4.79,6.71,7.67,7.67,6.71,4.31,4.31,4.31,4.31
N_3_4,N_2_4,10.695495274336837,5.94,5.94,5.94,5.94,5.94,5.94,7.38,7.38,8.02,8.02,6.42,6.42,6.42,6.42,6.42,6.42,7.7,8.34,8.34,7.7,6.1,6.1,6.1,6.1
N_3_4,N_2_6,8.044938316223057,4.46,4.46,4.46,4.46,4.46,4.46,5.55,5.55,6.03,6.03,4.83,4.83,4.83,4.83,4.83,4.83,5.79,6.28,6.28,5.79,4.59,4.59,4.59,4.59
N_3_5,N_2_5,3.2197762252920703,3.28,3.28,3.28,3.28,3.28,3.28,5.02,5.02,5.8,5.8,3.86,3.86,3.86,3.86,3.86,3.86,5.41,6.18,6.18,5.41,3.48,3.48,3.48,3.48
N_3_5,N_0_5,3.9453095030543444,4.02,4.02,4.02,4.02,4.02,4.02,6.15,6.15,7.1,7.1,4.73,4.73,4.73,4.73,4.73,4.73,6.63,7.57,7.57,6.63,4.26,4.26,4.26,4.26
N_3_5,N_4_5,3.465316077712136,3.53,3.53,3.53,3.53,3.53,3.53,5.41,5.41,6.24,6.24,4.16,4.16,4.16,4.16,4.16,4.16,5.82,6.65,6.65,5.82,3.74,3.74,3.74,3.74
N_3_5,N_6_5,4.661094747486221,4.75,4.75,4.75,4.75,4.75,4.75,7.27,7.27,8.39,8.39,5.59,5.59,5.59,5.59,5.59,5.59,7.83,8.95,8.95,7.83,5.03,5.03,5.03,5.03
N_3_5,N_5_4,5.338617245983344,5.45,5.45,5.45,5.45,5.45,5.45,8.33,8.33,9.61,9.61,6.41,6.41,6.41,6.41,6.41,6.41,8.97,10.25,10.25,8.97,5.77,5.77,5.77,5.77
N_3_5,N_3_6,10.812075051325461,6.0,6.0,6.0,6.0,6.0,6.0,7.46,7.46,8.11,8.11,6.49,6.49,6.49,6.49,6.49,6.49,7.78,8.43,8.43,7.78,6.16,6.16,6.16,6.16
N_3_6,N_1_4,3.6428652929613787,3.72,3.72,3.72,3.72,3.72,3.72,5.68,5.68,6.56,6.56,4.37,4.37,4.37,4.37,4.37,4.37,6.12,6.99,6.99,6.12,3.93,3.93,3.93,3.93
N_3_6,N_1_5,6.165853147666139,6.29,6.29,6.29,6.29,6.29,6.29,9.62,9.62,11.1,11.1,7.4,7.4,7.4,7.4,7.4,7.4,10.36,11.84,11.84,10.36,6.66,6.66,6.66,6.66
N_3_6,N_1_8,3.253639909302647,3.32,3.32,3.32,3.32,3.32,3.32,5.08,5.08,5.86,5.86,3.9,3.9,3.9,3.9,3.9,3.9,5.47,6.25,6.25,5.47,3.51,3.51,3.51,3.51
N_3_6,N_0_6,3.8191741027689345,3.9,3.9,3.9,3.9,3.9,3.9,5.96,5.96,6.87,6.87,4.58,4.58,4.58,4.58,4.58,4.58,6.42,7.33,7.33,6.42,4.12,4.12,4.12,4.12
N_3_6,N_2_4,12.759837178685888,7.08,7.08,7.08,7.08,7.08,7.08,8.8,8.8,9.57,9.57,7.66,7.66,7.66,7.66,7.66,7.66,9.19,9.95,9.95,9.19,7.27,7.27,7.27,7.27
N_3_6,N_4_8,6.116541150115797,6.24,6.24,6.24,6.24,6.24,6.24,9.54,9.54,11.01,11.01,7.34,7.34,7.34,7.34,7.34,7.34,10.28,11.74,11.74,10.28,6.61,6.61,6.61,6.61
N_3_6,N_4_7,12.696596255271604,7.05,7.05,7.05,7.05,7.05,7.05,8.76,8.76,9.52,9.52,7.62,7.62,7.62,7.62,7.62,7.62,9.14,9.9,9.9,9.14,7.24,7.24,7.24,7.24
N_3_7,N_1_5,12.535663967399941,6.96,6.96,6.96,6.96,6.96,6.96,8.65,8.65,9.4,9.4,7.52,7.52,7.52,7.52,7.52,7.52,9.03,9.78,9.78,9.03,7.15,7.15,7.15,7.15
N_3_7,N_1_6,6.233919700709892,6.36,6.36,6.36,6.36,6.36,6.36,9.72,9.72,11.22,11.22,7.48,7.48,7.48,7.48,7.48,7.48,10.47,11.97,11.97,10.47,6.73,6.73,6.73,6.73
N_3_7,N_3_5,9.539225268400829,5.29,5.29,5.29,5.29,5.29,5.29,6.58,6.58,7.15,7.15,5.72,5.72,5.72,5.72,5.72,5.72,6.87,7.44,7.44,6.87,5.44,5.44,5.44,5.44
N_3_7,N_4_5,0.9556746840710126,1.57,1.57,1.57,1.57,1.57,1.57,2.6,2.6,3.06,3.06,1.91,1.91,1.91,1.91,1.91,1.91,2.83,3.29,3.29,2.83,1.68,1.68,1.68,1.68
N_3_7,N_4_8,3.315031730100746,3.38,3.38,3.38,3.38,3.38,3.38,5.17,5.17,5.97,5.97,3.98,3.98,3.98,3.98,3.98,3.98,5.57,6.36,6.36,5.57,3.58,3.58,3.58,3.58
N_3_7,N_4_7,1.9936399452699511,3.27,3.27,3.27,3.27,3.27,3.27,5.42,5.42,6.38,6.38,3.99,3.99,3.99,3.99,3.99,3.99,5.9,6.86,6.86,5.9,3.51,3.51,3.51,3.51
N_3_8,N_0_8,3.827469304833258,3.9,3.9,3.9,3.9,3.9,3.9,5.97,5.97,6.89,6.89,4.59,4.59,4.59,4.59,4.59,4.59,6.43,7.35,7.35,6.43,4.13,4.13,4.13,4.13
N_3_8,N_3_10,4.073687080338603,4.16,4.16,4.16,4.16,4.16,4.16,6.35,6.35,7.33,7.33,4.89,4.89,4.89,4.89,4.89,4.89,6.84,7.82,7.82,6.84,4.4,4.4,4.4,4.4
N_3_8,N_5_10,8.86854043327389,4.92,4.92,4.92,4.92,4.92,4.92,6.12,6.12,6.65,6.65,5.32,5.32,5.32,5.32,5.32,5.32,6.39,6.92,6.92,6.39,5.06,5.06,5.06,5.06
N_3_8,N_5_9,8.799488970074432,4.88,4.88,4.88,4.88,4.88,4.88,6.07,6.07,6.6,6.6,5.28,5.28,5.28,5.28,5.28,5.28,6.34,6.86,6.86,6.34,5.02,5.02,5.02,5.02
N_3_8,N_4_8,6.784001004710154,6.92,6.92,6.92,6.92,6.92,6.92,10.58,10.58,12.21,12.21,8.14,8.14,8.14,8.14,8.14,8.14,11.4,13.03,13.03,11.4,7.33,7.33,7.33,7.33
N_3_8,N_1_6,1.4609169413844616,2.4,2.4,2.4,2.4,2.4,2.4,3.97,3.97,4.67,4.67,2.92,2.92,2.92,2.92,2.92,2.92,4.32,5.03,5.03,4.32,2.57,2.57,2.57,2.57
N_3_8,N_1_10,5.916393333377202,6.03,6.03,6.03,6.03,6.03,6.03,9.23,9.23,10.65,10.65,7.1,7.1,7.1,7.1,7.1,7.1,9.94,11.36,11.36,9.94,6.39,6.39,6.39,6.39
N_3_8,N_2_9,4.008177364845,4.09,4.09,4.09,4.09,4.09,4.09,6.25,6.25,7.21,7.21,4.81,4.81,4.81,4.81,4.81,4.81,6.73,7.7,7.7,6.73,4.33,4.33,4.33,4.33
N_3_9,N_2_11,8.976848959786246,4.98,4.98,4.98,4.98,4.98,4.98,6.19,6.19,6.73,6.73,5.39,5.39,5.39,5.39,5.39,5.39,6.46,7.0,7.0,6.46,5.12,5.12,5.12,5.12
N_3_9,N_3_10,14.752827645001895,8.19,8.19,8.19,8.19,8.19,8.19,10.18,10.18,11.06,11.06,8.85,8.85,8.85,8.85,8.85,8.85,10.62,11.51,11.51,10.62,8.41,8.41,8.41,8.41
N_3_9,N_3_11,9.478815223447217,5.26,5.26,5.26,5.26,5.26,5.26,6.54,6.54,7.11,7.11,5.69,5.69,5.69,5.69,5.69,5.69,6.82,7.39,7.39,6.82,5.4,5.4,5.4,5.4
N_3_9,N_5_10,2.2305147306109347,3.66,3.66,3.66,3.66,3.66,3.66,6.07,6.07,7.14,7.14,4.46,4.46,4.46,4.46,4.46,4.46,6.6,7.67,7.67,6.6,3.93,3.93,3.93,3.93
N_3_9,N_5_8,0.6894257961683485,1.13,1.13,1.13,1.13,1.13,1.13,1.88,1.88,2.21,2.21,1.38,1.38,1.38,1.38,1.38,1.38,2.04,2.37,2.37,2.04,1.21,1.21,1.21,1.21
N_3_9,N_3_12,6.820336233571867,6.96,6.96,6.96,6.96,6.96,6.96,10.64,10.64,12.28,12.28,8.18,8.18,8.18,8.18,8.18,8.18,11.46,13.1,13.1,11.46,7.37,7.37,7.37,7.37
N_4_0,N_1_0,5.758965930656413,5.87,5.87,5.87,5.87,5.87,5.87,8.98,8.98,10.37,10.37,6.91,6.91,6.91,6.91,6.91,6.91,9.68,11.06,11.06,9.68,6.22,6.22,6.22,6.22
N_4_0,N_2_0,5.340989680694102,5.45,5.45,5.45,5.45,5.45,5.45,8.33,8.33,9.61,9.61,6.41,6.41,6.41,6.41,6.41,6.41,8.97,10.25,10.25,8.97,5.77,5.77,5.77,5.77
N_4_0,N_6_1,0.8333793237462548,1.37,1.37,1.37,1.37,1.37,1.37,2.27,2.27,2.67,2.67,1.67,1.67,1.67,1.67,1.67,1.67,2.47,2.87,2.87,2.47,1.47,1.47,1.47,1.47
N_4_0,N_6_2,5.572007770040577,5.68,5.68,5.68,5.68,5.68,5.68,8.69,8.69,10.03,10.03,6.69,6.69,6.69,6.69,6.69,6.69,9.36,10.7,10.7,9.36,6.02,6.02,6.02,6.02
N_4_1,N_4_2,3.18163595528818,3.25,3.25,3.25,3.25,3.25,3.25,4.96,4.96,5.73,5.73,3.82,3.82,3.82,3.82,3.82,3.82,5.35,6.11,6.11,5.35,3.44,3.44,3.44,3.44
N_4_1,N_3_3,0.9853452217015866,1.62,1.62,1.62,1.62,1.62,1.62,2.68,2.68,3.15,3.15,1.97,1.97,1.97,1.97,1.97,1.97,2.92,3.39,3.39,2.92,1.73,1.73,1.73,1.73
N_4_1,N_6_0,5.998940327639983,6.12,6.12,6.12,6.12,6.12,6.12,9.36,9.36,10.8,10.8,7.2,7.2,7.2,7.2,7.2,7.2,10.08,11.52,11.52,10.08,6.48,6.48,6.48,6.48
N_4_1,N_2_0,5.014088577774389,5.11,5.11,5.11,5.11,5.11,5.11,7.82,7.82,9.03,9.03,6.02,6.02,6.02,6.02,6.02,6.02,8.42,9.63,9.63,8.42,5.42,5.42,5.42,5.42
N_4_1,N_5_0,6.870743537555006,7.01,7.01,7.01,7.01,7.01,7.01,10.72,10.72,12.37,12.37,8.24,8.24,8.24,8.24,8.24,8.24,11.54,13.19,13.19,11.54,7.42,7.42,7.42,7.42
N_4_10,N_1_10,14.048859780796764,7.8,7.8,7.8,7.8,7.8,7.8,9.69,9.69,10.54,10.54,8.43,8.43,8.43,8.43,8.43,8.43,10.12,10.96,10.96,10.12,8.01,8.01,8.01,8.01
N_4_10,N_2_11,4.838718775603601,4.94,4.94,4.94,4.94,4.94,4.94,7.55,7.55,8.71,8.71,5.81,5.81,5.81,5.81,5.81,5.81,8.13,9.29,9.29,8.13,5.23,5.23,5.23,5.23
N_4_10,N_2_8,0.7125873687699509,1.17,1.17,1.17,1.17,1.17,1.17,1.94,1.94,2.28,2.28,1.43,1.43,1.43,1.43,1.43,1.43,2.11,2.45,2.45,2.11,1.25,1.25,1.25,1.25
N_4_10,N_6_9,9.315087332134787,5.17,5.17,5.17,5.17,5.17,5.17,6.43,6.43,6.99,6.99,5.59,5.59,5.59,5.59,5.59,5.59,6.71,7.27,7.27,6.71,5.31,5.31,5.31,5.31
N_4_10,N_6_11,11.793999990568718,6.55,6.55,6.55,6.55,6.55,6.55,8.14,8.14,8.85,8.85,7.08,7.08,7.08,7.08,7.08,7.08,8.49,9.2,9.2,8.49,6.72,6.72,6.72,6.72
N_4_10,N_5_8,4.432030000037193,4.52,4.52,4.52,4.52,4.52,4.52,6.91,6.91,7.98,7.98,5.32,5.32,5.32,5.32,5.32,5.32,7.45,8.51,8.51,7.45,4.79,4.79,4.79,4.79
N_4_10,N_5_10,13.407922587424599,7.44,7.44,7.44,7.44,7.44,7.44,9.25,9.25,10.06,10.06,8.04,8.04,8.04,8.04,8.04,8.04,9.65,10.46,10.46,9.65,7.64,7.64,7.64,7.64
N_4_11,N_3_13,4.789514723717864,4.89,4.89,4.89,4.89,4.89,4.89,7.47,7.47,8.62,8.62,5.75,5.75,5.75,5.75,5.75,5.75,8.05,9.2,9.2,8.05,5.17,5.17,5.17,5.17
N_4_11,N_5_12,0.5642208987832567,0.93,0.93,0.93,0.93,0.93,0.93,1.53,1.53,1.81,1.81,1.13,1.13,1.13,1.13,1.13,1.13,1.67,1.94,1.94,1.67,0.99,0.99,0.99,0.99
N_4_11,N_5_11,6.464974617238104,6.59,6.59,6.59,6.59,6.59,6.59,10.09,10.09,11.64,11.64,7.76,7.76,7.76,7.76,7.76,7.76,10.86,12.41,12.41,10.86,6.98,6.98,6.98,6.98
N_4_11,N_4_9,5.544204645645612,5.66,5.66,5.66,5.66,5.66,5.66,8.65,8.65,9.98,9.98,6.65,6.65,6.65,6.65,6.65,6.65,9.31,10.64,10.64,9.31,5.99,5.99,5.99,5.99
N_4_11,N_2_10,6.78283219815596,6.92,6.92,6.92,6.92,6.92,6.92,10.58,10.58,12.21,12.21,8.14,8.14,8.14,8.14,8.14,8.14,11.4,13.02,13.02,11.4,7.33,7.33,7.33,7.33
N_4_11,N_5_10,5.032889099847433,5.13,5.13,5.13,5.13,5.13,5.13,7.85,7.85,9.06,9.06,6.04,6.04,6.04,6.04,6.04,6.04,8.46,9.66,9.66,8.46,5.44,5.44,5.44,5.44
N_4_12,N_5_11,0.6226618202298089,1.02,1.02,1.02,1.02,1.02,1.02,1.69,1.69,1.99,1.99,1.25,1.25,1.25,1.25,1.25,1.25,1.84,2.14,2.14,1.84,1.1,1.1,1.1,1.1
N_4_12,N_7_12,13.134637517056014,7.29,7.29,7.29,7.29,7.29,7.29,9.06,9.06,9.85,9.85,7.88,7.88,7.88,7.88,7.88,7.88,9.46,10.25,10.25,9.46,7.49,7.49,7.49,7.49
N_4_12,N_6_13,3.057664099161164,3.12,3.12,3.12,3.12,3.12,3.12,4.77,4.77,5.5,5.5,3.67,3.67,3.67,3.67,3.67,3.67,5.14,5.87,5.87,5.14,3.3,3.3,3.3,3.3
N_4_12,N_3_14,13.536318683400953,7.51,7.51,7.51,7.51,7.51,7.51,9.34,9.34,10.15,10.15,8.12,8.12,8.12,8.12,8.12,8.12,9.75,10.56,10.56,9.75,7.72,7.72,7.72,7.72
N_4_12,N_4_9,13.325454673202097,7.4,7.4,7.4,7.4,7.4,7.4,9.19,9.19,9.99,9.99,8.0,8.0,8.0,8.0,8.0,8.0,9.59,10.39,10.39,9.59,7.6,7.6,7.6,7.6
N_4_12,N_2_13,0.8106026898235388,1.33,1.33,1.33,1.33,1.33,1.33,2.2,2.2,2.59,2.59,1.62,1.62,1.62,1.62,1.62,1.62,2.4,2.79,2.79,2.4,1.43,1.43,1.43,1.43
N_4_12,N_3_10,12.851890779708132,7.13,7.13,7.13,7.13,7.13,7.13,8.87,8.87,9.64,9.64,7.71,7.71,7.71,7.71,7.71,7.71,9.25,10.02,10.02,9.25,7.33,7.33,7.33,7.33
N_4_13,N_2_11,6.73129420724813,6.87,6.87,6.87,6.87,6.87,6.87,10.5,10.5,12.12,12.12,8.08,8.08,8.08,8.08,8.08,8.08,11.31,12.92,12.92,11.31,7.27,7.27,7.27,7.27
N_4_13,N_4_16,1.4349161988337547,2.35,2.35,2.35,2.35,2.35,2.35,3.9,3.9,4.59,4.59,2.87,2.87,2.87,2.87,2.87,2.87,4.25,4.94,4.94,4.25,2.53,2.53,2.53,2.53
N_4_13,N_1_13,0.7684702619922448,1.26,1.26,1.26,1.26,1.26,1.26,2.09,2.09,2.46,2.46,1.54,1.54,1.54,1.54,1.54,1.54,2.27,2.64,2.64,2.27,1.35,1.35,1.35,1.35
N_4_13,N_6_13,1.8687543963408126,3.06,3.06,3.06,3.06,3.06,3.06,5.08,5.08,5.98,5.98,3.74,3.74,3.74,3.74,3.74,3.74,5.53,6.43,6.43,5.53,3.29,3.29,3.29,3.29
N_4_13,N_3_13,6.2986074441398205,6.42,6.42,6.42,6.42,6.42,6.42,9.83,9.83,11.34,11.34,7.56,7.56,7.56,7.56,7.56,7.56,10.58,12.09,12.09,10.58,6.8,6.8,6.8,6.8
N_4_13,N_6_11,14.312725206856905,7.94,7.94,7.94,7.94,7.94,7.94,9.88,9.88,10.73,10.73,8.59,8.59,8.59,8.59,8.59,8.59,10.31,11.16,11.16,10.31,8.16,8.16,8.16,8.16
N_4_13,N_6_14,9.397438021213876,5.22,5.22,5.22,5.22,5.22,5.22,6.48,6.48,7.05,7.05,5.64,5.64,5.64,5.64,5.64,5.64,6.77,7.33,7.33,6.77,5.36,5.36,5.36,5.36
N_4_13,N_4_11,3.724954389016298,3.8,3.8,3.8,3.8,3.8,3.8,5.81,5.81,6.7,6.7,4.47,4.47,4.47,4.47,4.47,4.47,6.26,7.15,7.15,6.26,4.02,4.02,4.02,4.02
N_4_14,N_3_15,1.9007981640395197,3.12,3.12,3.12,3.12,3.12,3.12,5.17,5.17,6.08,6.08,3.8,3.8,3.8,3.8,3.8,3.8,5.63,6.54,6.54,5.63,3.35,3.35,3.35,3.35
N_4_14,N_4_13,4.222175005877512,4.31,4.31,4.31,4.31,4.31,4.31,6.59,6.59,7.6,7.6,5.07,5.07,5.07,5.07,5.07,5.07,7.09,8.11,8.11,7.09,4.56,4.56,4.56,4.56
N_4_14,N_2_12,3.5951851395981342,3.67,3.67,3.67,3.67,3.67,3.67,5.61,5.61,6.47,6.47,4.31,4.31,4.31,4.31,4.31,4.31,6.04,6.9,6.9,6.04,3.88,3.88,3.88,3.88
N_4_14,N_7_14,3.7106986794587162,3.78,3.78,3.78,3.78,3.78,3.78,5.79,5.79,6.68,6.68,4.45,4.45,4.45,4.45,4.45,4.45,6.23,7.12,7.12,6.23,4.01,4.01,4.01,4.01
N_4_14,N_5_15,9.339208158932642,5.18,5.18,5.18,5.18,5.18,5.18,6.44,6.44,7.0,7.0,5.6,5.6,5.6,5.6,5.6,5.6,6.72,7.28,7.28,6.72,5.32,5.32,5.32,5.32
N_4_15,N_2_17,5.480888663074806,5.59,5.59,5.59,5.59,5.59,5.59,8.55,8.55,9.87,9.87,6.58,6.58,6.58,6.58,6.58,6.58,9.21,10.52,10.52,9.21,5.92,5.92,5.92,5.92
N_4_15,N_5_13,3.0832942262222405,3.14,3.14,3.14,3.14,3.14,3.14,4.81,4.81,5.55,5.55,3.7,3.7,3.7,3.7,3.7,3.7,5.18,5.92,5.92,5.18,3.33,3.33,3.33,3.33
N_4_15,N_5_17,6.331455380371477,6.46,6.46,6.46,6.46,6.46,6.46,9.88,9.88,11.4,11.4,7.6,7.6,7.6,7.6,7.6,7.6,10.64,12.16,12.16,10.64,6.84,6.84,6.84,6.84
N_4_15,N_6_16,6.896324865791746,7.03,7.03,7.03,7.03,7.03,7.03,10.76,10.76,12.41,12.41,8.28,8.28,8.28,8.28,8.28,8.28,11.59,13.24,13.24,11.59,7.45,7.45,7.45,7.45
N_4_16,N_2_14,13.806210327042724,7.66,7.66,7.66,7.66,7.66,7.66,9.53,9.53,10.35,10.35,8.28,8.28,8.28,8.28,8.28,8.28,9.94,10.77,10.77,9.94,7.87,7.87,7.87,7.87
N_4_16,N_4_13,1.4349161988337547,2.35,2.35,2.35,2.35,2.35,2.35,3.9,3.9,4.59,4.59,2.87,2.87,2.87,2.87,2.87,2.87,4.25,4.94,4.94,4.25,2.53,2.53,2.53,2.53
N_4_16,N_5_14,4.360891827165148,4.45,4.45,4.45,4.45,4.45,4.45,6.8,6.8,7.85,7.85,5.23,5.23,5.23,5.23,5.23,5.23,7.33,8.37,8.37,7.33,4.71,4.71,4.71,4.71
N_4_16,N_6_17,2.471910197806387,4.05,4.05,4.05,4.05,4.05,4.05,6.72,6.72,7.91,7.91,4.94,4.94,4.94,4.94,4.94,4.94,7.32,8.5,8.5,7.32,4.35,4.35,4.35,4.35
N_4_16,N_6_16,4.607860614864886,4.7,4.7,4.7,4.7,4.7,4.7,7.19,7.19,8.29,8.29,5.53,5.53,5.53,5.53,5.53,5.53,7.74,8.85,8.85,7.74,4.98,4.98,4.98,4.98
N_4_16,N_1_16,1.3593989677723328,2.23,2.23,2.23,2.23,2.23,2.23,3.7,3.7,4.35,4.35,2.72,2.72,2.72,2.72,2.72,2.72,4.02,4.68,4.68,4.02,2.39,2.39,2.39,2.39
N_4_16,N_2_16,4.03285641840056,4.11,4.11,4.11,4.11,4.11,4.11,6.29,6.29,7.26,7.26,4.84,4.84,4.84,4.84,4.84,4.84,6.78,7.74,7.74,6.78,4.36,4.36,4.36,4.36
N_4_16,N_3_18,4.830304315694573,4.93,4.93,4.93,4.93,4.93,4.93,7.54,7.54,8.69,8.69,5.8,5.8,5.8,5.8,5.8,5.8,8.11,9.27,9.27,8.11,5.22,5.22,5.22,5.22
N_4_17,N_3_15,5.637832616031952,5.75,5.75,5.75,5.75,5.75,5.75,8.8,8.8,10.15,10.15,6.77,6.77,6.77,6.77,6.77,6.77,9.47,10.82,10.82,9.47,6.09,6.09,6.09,6.09
N_4_17,N_2_15,10.370945509791486,5.76,5.76,5.76,5.76,5.76,5.76,7.16,7.16,7.78,7.78,6.22,6.22,6.22,6.22,6.22,6.22,7.47,8.09,8.09,7.47,5.91,5.91,5.91,5.91
N_4_17,N_3_17,6.7747311598063344,6.91,6.91,6.91,6.91,6.91,6.91,10.57,10.57,12.19,12.19,8.13,8.13,8.13,8.13,8.13,8.13,11.38,13.01,13.01,11.38,7.32,7.32,7.32,7.32
N_4_17,N_2_18,5.6487454859176625,5.76,5.76,5.76,5.76,5.76,5.76,8.81,8.81,10.17,10.17,6.78,6.78,6.78,6.78,6.78,6.78,9.49,10.85,10.85,9.49,6.1,6.1,6.1,6.1
N_4_17,N_6_16,1.8661812123760877,3.06,3.06,3.06,3.06,3.06,3.06,5.08,5.08,5.97,5.97,3.73,3.73,3.73,3.73,3.73,3.73,5.52,6.42,6.42,5.52,3.28,3.28,3.28,3.28
N_4_17,N_4_16,6.878626941607921,7.02,7.02,7.02,7.02,7.02,7.02,10.73,10.73,12.38,12.38,8.25,8.25,8.25,8.25,8.25,8.25,11.56,13.21,13.21,11.56,7.43,7.43,7.43,7.43
N_4_18,N_2_20,3.8500099462326216,3.93,3.93,3.93,3.93,3.93,3.93,6.01,6.01,6.93,6.93,4.62,4.62,4.62,4.62,4.62,4.62,6.47,7.39,7.39,6.47,4.16,4.16,4.16,4.16
N_4_18,N_3_17,6.686166834531305,6.82,6.82,6.82,6.82,6.82,6.82,10.43,10.43,12.04,12.04,8.02,8.02,8.02,8.02,8.02,8.02,11.23,12.84,12.84,11.23,7.22,7.22,7.22,7.22
N_4_18,N_3_20,3.198517980765125,3.26,3.26,3.26,3.26,3.26,3.26,4.99,4.99,5.76,5.76,3.84,3.84,3.84,3.84,3.84,3.84,5.37,6.14,6.14,5.37,3.45,3.45,3.45,3.45
N_4_18,N_2_16,14.712761910505947,8.17,8.17,8.17,8.17,8.17,8.17,10.15,10.15,11.03,11.03,8.83,8.83,8.83,8.83,8.83,8.83,10.59,11.48,11.48,10.59,8.39,8.39,8.39,8.39
N_4_18,N_2_19,6.921350564426312,7.06,7.06,7.06,7.06,7.06,7.06,10.8,10.8,12.46,12.46,8.31,8.31,8.31,8.31,8.31,8.31,11.63,13.29,13.29,11.63,7.48,7.48,7.48,7.48
N_4_18,N_6_17,10.266082868718005,5.7,5.7,5.7,5.7,5.7,5.7,7.08,7.08,7.7,7.7,6.16,6.16,6.16,6.16,6.16,6.16,7.39,8.01,8.01,7.39,5.85,5.85,5.85,5.85
N_4_18,N_5_16,5.978272711409022,6.1,6.1,6.1,6.1,6.1,6.1,9.33,9.33,10.76,10.76,7.17,7.17,7.17,7.17,7.17,7.17,10.04,11.48,11.48,10.04,6.46,6.46,6.46,6.46
N_4_18,N_4_20,1.101709000977311,1.81,1.81,1.81,1.81,1.81,1.81,3.0,3.0,3.53,3.53,2.2,2.2,2.2,2.2,2.2,2.2,3.26,3.79,3.79,3.26,1.94,1.94,1.94,1.94
N_4_19,N_2_20,11.958547318672554,6.64,6.64,6.64,6.64,6.64,6.64,8.25,8.25,8.97,8.97,7.18,7.18,7.18,7.18,7.18,7.18,8.61,9.33,9.33,8.61,6.82,6.82,6.82,6.82
N_4_19,N_4_20,3.3362366547238236,3.4,3.4,3.4,3.4,3.4,3.4,5.2,5.2,6.01,6.01,4.0,4.0,4.0,4.0,4.0,4.0,5.6,6.41,6.41,5.6,3.6,3.6,3.6,3.6
N_4_19,N_2_17,3.0061351585117584,3.07,3.07,3.07,3.07,3.07,3.07,4.69,4.69,5.41,5.41,3.61,3.61,3.61,3.61,3.61,3.61,5.05,5.77,5.77,5.05,3.25,3.25,3.25,3.25
N_4_2,N_2_0,4.992877851904973,5.09,5.09,5.09,5.09,5.09,5.09,7.79,7.79,8.99,8.99,5.99,5.99,5.99,5.99,5.99,5.99,8.39,9.59,9.59,8.39,5.39,5.39,5.39,5.39
N_4_2,N_4_1,3.18163595528818,3.25,3.25,3.25,3.25,3.25,3.25,4.96,4.96,5.73,5.73,3.82,3.82,3.82,3.82,3.82,3.82,5.35,6.11,6.11,5.35,3.44,3.44,3.44,3.44
N_4_2,N_5_0,6.1235320746227915,6.25,6.25,6.25,6.25,6.25,6.25,9.55,9.55,11.02,11.02,7.35,7.35,7.35,7.35,7.35,7.35,10.29,11.76,11.76,10.29,6.61,6.61,6.61,6.61
N_4_20,N_2_19,6.0975881246362675,6.22,6.22,6.22,6.22,6.22,6.22,9.51,9.51,10.98,10.98,7.32,7.32,7.32,7.32,7.32,7.32,10.24,11.71,11.71,10.24,6.59,6.59,6.59,6.59
N_4_20,N_6_22,0.8461186688423461,1.39,1.39,1.39,1.39,1.39,1.39,2.3,2.3,2.71,2.71,1.69,1.69,1.69,1.69,1.69,1.69,2.5,2.91,2.91,2.5,1.49,1.49,1.49,1.49
N_4_20,N_6_18,9.715020944196034,5.39,5.39,5.39,5.39,5.39,5.39,6.7,6.7,7.29,7.29,5.83,5.83,5.83,5.83,5.83,5.83,6.99,7.58,7.58,6.99,5.54,5.54,5.54,5.54
N_4_20,N_5_21,5.786481620107297,5.9,5.9,5.9,5.9,5.9,5.9,9.03,9.03,10.42,10.42,6.94,6.94,6.94,6.94,6.94,6.94,9.72,11.11,11.11,9.72,6.25,6.25,6.25,6.25
N_4_21,N_3_20,13.67590803087263,7.59,7.59,7.59,7.59,7.59,7.59,9.44,9.44,10.26,10.26,8.21,8.21,8.21,8.21,8.21,8.21,9.85,10.67,10.67,9.85,7.8,7.8,7.8,7.8
N_4_21,N_3_23,6.4540574060672,6.58,6.58,6.58,6.58,6.58,6.58,10.07,10.07,11.62,11.62,7.74,7.74,7.74,7.74,7.74,7.74,10.84,12.39,12.39,10.84,6.97,6.97,6.97,6.97
N_4_21,N_5_23,4.125570208579963,4.21,4.21,4.21,4.21,4.21,4.21,6.44,6.44,7.43,7.43,4.95,4.95,4.95,4.95,4.95,4.95,6.93,7.92,7.92,6.93,4.46,4.46,4.46,4.46
N_4_21,N_6_22,14.708083108559508,8.16,8.16,8.16,8.16,8.16,8.16,10.15,10.15,11.03,11.03,8.82,8.82,8.82,8.82,8.82,8.82,10.59,11.47,11.47,10.59,8.38,8.38,8.38,8.38
N_4_22,N_3_20,4.490402620983958,4.58,4.58,4.58,4.58,4.58,4.58,7.01,7.01,8.08,8.08,5.39,5.39,5.39,5.39,5.39,5.39,7.54,8.62,8.62,7.54,4.85,4.85,4.85,4.85
N_4_22,N_6_22,3.968672625567472,4.05,4.05,4.05,4.05,4.05,4.05,6.19,6.19,7.14,7.14,4.76,4.76,4.76,4.76,4.76,4.76,6.67,7.62,7.62,6.67,4.29,4.29,4.29,4.29
N_4_22,N_4_23,9.70916313437623,5.39,5.39,5.39,5.39,5.39,5.39,6.7,6.7,7.28,7.28,5.83,5.83,5.83,5.83,5.83,5.83,6.99,7.57,7.57,6.99,5.53,5.53,5.53,5.53
N_4_22,N_4_20,1.8093882599059503,2.97,2.97,2.97,2.97,2.97,2.97,4.92,4.92,5.79,5.79,3.62,3.62,3.62,3.62,3.62,3.62,5.36,6.22,6.22,5.36,3.18,3.18,3.18,3.18
N_4_22,N_6_23,14.67681770221929,8.15,8.15,8.15,8.15,8.15,8.15,10.13,10.13,11.01,11.01,8.81,8.81,8.81,8.81,8.81,8.81,10.57,11.45,11.45,10.57,8.37,8.37,8.37,8.37
N_4_23,N_3_21,3.9391845484365966,4.02,4.02,4.02,4.02,4.02,4.02,6.15,6.15,7.09,7.09,4.73,4.73,4.73,4.73,4.73,4.73,6.62,7.56,7.56,6.62,4.25,4.25,4.25,4.25
N_4_23,N_7_23,8.712616218476972,4.84,4.84,4.84,4.84,4.84,4.84,6.01,6.01,6.53,6.53,5.23,5.23,5.23,5.23,5.23,5.23,6.27,6.8,6.8,6.27,4.97,4.97,4.97,4.97
N_4_23,N_2_25,5.995503066827703,6.12,6.12,6.12,6.12,6.12,6.12,9.35,9.35,10.79,10.79,7.19,7.19,7.19,7.19,7.19,7.19,10.07,11.51,11.51,10.07,6.48,6.48,6.48,6.48
N_4_24,N_3_24,12.89465890686591,7.16,7.16,7.16,7.16,7.16,7.16,8.9,8.9,9.67,9.67,7.74,7.74,7.74,7.74,7.74,7.74,9.28,10.06,10.06,9.28,7.35,7.35,7.35,7.35
N_4_24,N_2_24,5.848059181367374,5.97,5.97,5.97,5.97,5.97,5.97,9.12,9.12,10.53,10.53,7.02,7.02,7.02,7.02,7.02,7.02,9.82,11.23,11.23,9.82,6.32,6.32,6.32,6.32
N_4_24,N_2_23,5.4015955801655915,5.51,5.51,5.51,5.51,5.51,5.51,8.43,8.43,9.72,9.72,6.48,6.48,6.48,6.48,6.48,6.48,9.07,10.37,10.37,9.07,5.83,5.83,5.83,5.83
N_4_24,N_2_25,5.475296678179484,5.58,5.58,5.58,5.58,5.58,5.58,8.54,8.54,9.86,9.86,6.57,6.57,6.57,6.57,6.57,6.57,9.2,10.51,10.51,9.2,5.91,5.91,5.91,5.91
N_4_24,N_4_25,9.628693229269892,5.34,5.34,5.34,5.34,5.34,5.34,6.64,6.64,7.22,7.22,5.78,5.78,5.78,5.78,5.78,5.78,6.93,7.51,7.51,6.93,5.49,5.49,5.49,5.49
N_4_24,N_4_22,5.2970061810127405,5.4,5.4,5.4,5.4,5.4,5.4,8.26,8.26,9.53,9.53,6.36,6.36,6.36,6.36,6.36,6.36,8.9,10.17,10.17,8.9,5.72,5.72,5.72,5.72
N_4_25,N_1_25,0.906373013857062,1.49,1.49,1.49,1.49,1.49,1.49,2.47,2.47,2.9,2.9,1.81,1.81,1.81,1.81,1.81,1.81,2.68,3.12,3.12,2.68,1.6,1.6,1.6,1.6
N_4_25,N_3_27,8.952710536768315,4.97,4.97,4.97,4.97,4.97,4.97,6.18,6.18,6.71,6.71,5.37,5.37,5.37,5.37,5.37,5.37,6.45,6.98,6.98,6.45,5.1,5.1,5.1,5.1
N_4_25,N_4_24,9.628693229269892,5.34,5.34,5.34,5.34,5.34,5.34,6.64,6.64,7.22,7.22,5.78,5.78,5.78,5.78,5.78,5.78,6.93,7.51,7.51,6.93,5.49,5.49,5.49,5.49
N_4_26,N_7_26,4.923403341923347,5.02,5.02,5.02,5.02,5.02,5.02,7.68,7.68,8.86,8.86,5.91,5.91,5.91,5.91,5.91,5.91,8.27,9.45,9.45,8.27,5.32,5.32,5.32,5.32
N_4_26,N_5_27,3.3283468943020864,3.39,3.39,3.39,3.39,3.39,3.39,5.19,5.19,5.99,5.99,3.99,3.99,3.99,3.99,3.99,3.99,5.59,6.39,6.39,5.59,3.59,3.59,3.59,3.59
N_4_26,N_5_25,6.019128765445993,6.14,6.14,6.14,6.14,6.14,6.14,9.39,9.39,10.83,10.83,7.22,7.22,7.22,7.22,7.22,7.22,10.11,11.56,11.56,10.11,6.5,6.5,6.5,6.5
N_4_26,N_5_28,6.468256320492253,6.6,6.6,6.6,6.6,6.6,6.6,10.09,10.09,11.64,11.64,7.76,7.76,7.76,7.76,7.76,7.76,10.87,12.42,12.42,10.87,6.99,6.99,6.99,6.99
N_4_27,N_3_29,5.440336095120092,5.55,5.55,5.55,5.55,5.55,5.55,8.49,8.49,9.79,9.79,6.53,6.53,6.53,6.53,6.53,6.53,9.14,10.45,10.45,9.14,5.88,5.88,5.88,5.88
N_4_27,N_4_25,4.955837415169994,5.05,5.05,5.05,5.05,5.05,5.05,7.73,7.73,8.92,8.92,5.95,5.95,5.95,5.95,5.95,5.95,8.33,9.52,9.52,8.33,5.35,5.35,5.35,5.35
N_4_27,N_5_27,5.490471238098477,5.6,5.6,5.6,5.6,5.6,5.6,8.57,8.57,9.88,9.88,6.59,6.59,6.59,6.59,6.59,6.59,9.22,10.54,10.54,9.22,5.93,5.93,5.93,5.93
N_4_27,N_5_26,1.5450289443669998,2.53,2.53,2.53,2.53,2.53,2.53,4.2,4.2,4.94,4.94,3.09,3.09,3.09,3.09,3.09,3.09,4.57,5.31,5.31,4.57,2.72,2.72,2.72,2.72
N_4_27,N_4_28,6.893863620638139,7.03,7.03,7.03,7.03,7.03,7.03,10.75,10.75,12.41,12.41,8.27,8.27,8.27,8.27,8.27,8.27,11.58,13.24,13.24,11.58,7.45,7.45,7.45,7.45
N_4_27,N_4_24,1.6080011275292354,2.64,2.64,2.64,2.64,2.64,2.64,4.37,4.37,5.15,5.15,3.22,3.22,3.22,3.22,3.22,3.22,4.76,5.53,5.53,4.76,2.83,2.83,2.83,2.83
N_4_27,N_6_27,5.075316960796809,5.18,5.18,5.18,5.18,5.18,5.18,7.92,7.92,9.14,9.14,6.09,6.09,6.09,6.09,6.09,6.09,8.53,9.74,9.74,8.53,5.48,5.48,5.48,5.48
N_4_27,N_1_27,1.2535795936095049,2.06,2.06,2.06,2.06,2.06,2.06,3.41,3.41,4.01,4.01,2.51,2.51,2.51,2.51,2.51,2.51,3.71,4.31,4.31,3.71,2.21,2.21,2.21,2.21
N_4_28,N_2_28,3.329604682924785,3.4,3.4,3.4,3.4,3.4,3.4,5.19,5.19,5.99,5.99,4.0,4.0,4.0,4.0,4.0,4.0,5.59,6.39,6.39,5.59,3.6,3.6,3.6,3.6
N_4_28,N_6_29,6.505206238328678,6.64,6.64,6.64,6.64,6.64,6.64,10.15,10.15,11.71,11.71,7.81,7.81,7.81,7.81,7.81,7.81,10.93,12.49,12.49,10.93,7.03,7.03,7.03,7.03
N_4_28,N_3_29,3.968650817217675,4.05,4.05,4.05,4.05,4.05,4.05,6.19,6.19,7.14,7.14,4.76,4.76,4.76,4.76,4.76,4.76,6.67,7.62,7.62,6.67,4.29,4.29,4.29,4.29
N_4_28,N_5_27,12.113403649244745,6.72,6.72,6.72,6.72,6.72,6.72,8.36,8.36,9.09,9.09,7.27,7.27,7.27,7.27,7.27,7.27,8.72,9.45,9.45,8.72,6.9,6.9,6.9,6.9
N_4_28,N_5_30,11.605072931951014,6.44,6.44,6.44,6.44,6.44,6.44,8.01,8.01,8.7,8.7,6.96,6.96,6.96,6.96,6.96,6.96,8.36,9.05,9.05,8.36,6.61,6.61,6.61,6.61
N_4_28,N_4_25,1.0903840376537726,1.79,1.79,1.79,1.79,1.79,1.79,2.97,2.97,3.49,3.49,2.18,2.18,2.18,2.18,2.18,2.18,3.23,3.75,3.75,3.23,1.92,1.92,1.92,1.92
N_4_29,N_4_27,1.7332778125974,2.84,2.84,2.84,2.84,2.84,2.84,4.71,4.71,5.55,5.55,3.47,3.47,3.47,3.47,3.47,3.47,5.13,5.96,5.96,5.13,3.05,3.05,3.05,3.05
N_4_29,N_6_31,5.455645517975974,5.56,5.56,5.56,5.56,5.56,5.56,8.51,8.51,9.82,9.82,6.55,6.55,6.55,6.55,6.55,6.55,9.17,10.47,10.47,9.17,5.89,5.89,5.89,5.89
N_4_29,N_2_28,4.279066695470169,4.36,4.36,4.36,4.36,4.36,4.36,6.68,6.68,7.7,7.7,5.13,5.13,5.13,5.13,5.13,5.13,7.19,8.22,8.22,7.19,4.62,4.62,4.62,4.62
N_4_3,N_4_6,2.3354360862787757,3.83,3.83,3.83,3.83,3.83,3.83,6.35,6.35,7.47,7.47,4.67,4.67,4.67,4.67,4.67,4.67,6.91,8.03,8.03,6.91,4.11,4.11,4.11,4.11
N_4_3,N_6_1,1.261070768386449,2.07,2.07,2.07,2.07,2.07,2.07,3.43,3.43,4.04,4.04,2.52,2.52,2.52,2.52,2.52,2.52,3.73,4.34,4.34,3.73,2.22,2.22,2.22,2.22
N_4_3,N_2_4,14.266200805278777,7.92,7.92,7.92,7.92,7.92,7.92,9.84,9.84,10.7,10.7,8.56,8.56,8.56,8.56,8.56,8.56,10.27,11.13,11.13,10.27,8.13,8.13,8.13,8.13
N_4_3,N_5_4,1.953420348859374,3.2,3.2,3.2,3.2,3.2,3.2,5.31,5.31,6.25,6.25,3.91,3.91,3.91,3.91,3.91,3.91,5.78,6.72,6.72,5.78,3.44,3.44,3.44,3.44
N_4_3,N_6_5,9.75041103316831,5.41,5.41,5.41,5.41,5.41,5.41,6.73,6.73,7.31,7.31,5.85,5.85,5.85,5.85,5.85,5.85,7.02,7.61,7.61,7.02,5.56,5.56,5.56,5.56
N_4_3,N_4_1,11.748830594046172,6.52,6.52,6.52,6.52,6.52,6.52,8.11,8.11,8.81,8.81,7.05,7.05,7.05,7.05,7.05,7.05,8.46,9.16,9.16,8.46,6.7,6.7,6.7,6.7
N_4_30,N_2_29,6.927899210144226,7.07,7.07,7.07,7.07,7.07,7.07,10.81,10.81,12.47,12.47,8.31,8.31,8.31,8.31,8.31,8.31,11.64,13.3,13.3,11.64,7.48,7.48,7.48,7.48
N_4_30,N_5_28,6.040253464361108,6.16,6.16,6.16,6.16,6.16,6.16,9.42,9.42,10.87,10.87,7.25,7.25,7.25,7.25,7.25,7.25,10.15,11.6,11.6,10.15,6.52,6.52,6.52,6.52
N_4_30,N_3_29,5.813836759365699,5.93,5.93,5.93,5.93,5.93,5.93,9.07,9.07,10.46,10.46,6.98,6.98,6.98,6.98,6.98,6.98,9.77,11.16,11.16,9.77,6.28,6.28,6.28,6.28
N_4_30,N_4_33,14.721141744537048,8.17,8.17,8.17,8.17,8.17,8.17,10.16,10.16,11.04,11.04,8.83,8.83,8.83,8.83,8.83,8.83,10.6,11.48,11.48,10.6,8.39,8.39,8.39,8.39
N_4_30,N_2_32,1.0346627318688744,1.7,1.7,1.7,1.7,1.7,1.7,2.81,2.81,3.31,3.31,2.07,2.07,2.07,2.07,2.07,2.07,3.06,3.56,3.56,3.06,1.82,1.82,1.82,1.82
N_4_30,N_4_31,3.5152715222265907,3.59,3.59,3.59,3.59,3.59,3.59,5.48,5.48,6.33,6.33,4.22,4.22,4.22,4.22,4.22,4.22,5.91,6.75,6.75,5.91,3.8,3.8,3.8,3.8
N_4_31,N_5_33,13.482229601668456,7.48,7.48,7.48,7.48,7.48,7.48,9.3,9.3,10.11,10.11,8.09,8.09,8.09,8.09,8.09,8.09,9.71,10.52,10.52,9.71,7.68,7.68,7.68,7.68
N_4_31,N_3_29,1.026980019377994,1.68,1.68,1.68,1.68,1.68,1.68,2.79,2.79,3.29,3.29,2.05,2.05,2.05,2.05,2.05,2.05,3.04,3.53,3.53,3.04,1.81,1.81,1.81,1.81
N_4_31,N_5_31,6.918920982092237,7.06,7.06,7.06,7.06,7.06,7.06,10.79,10.79,12.45,12.45,8.3,8.3,8.3,8.3,8.3,8.3,11.62,13.28,13.28,11.62,7.47,7.47,7.47,7.47
N_4_31,N_3_30,12.057002694629553,6.69,6.69,6.69,6.69,6.69,6.69,8.32,8.32,9.04,9.04,7.23,7.23,7.23,7.23,7.23,7.23,8.68,9.4,9.4,8.68,6.87,6.87,6.87,6.87
N_4_31,N_6_32,11.51873519870912,6.39,6.39,6.39,6.39,6.39,6.39,7.95,7.95,8.64,8.64,6.91,6.91,6.91,6.91,6.91,6.91,8.29,8.98,8.98,8.29,6.57,6.57,6.57,6.57
N_4_31,N_6_31,4.742606353525596,4.84,4.84,4.84,4.84,4.84,4.84,7.4,7.4,8.54,8.54,5.69,5.69,5.69,5.69,5.69,5.69,7.97,9.11,9.11,7.97,5.12,5.12,5.12,5.12
N_4_32,N_2_32,5.096763409384015,5.2,5.2,5.2,5.2,5.2,5.2,7.95,7.95,9.17,9.17,6.12,6.12,6.12,6.12,6.12,6.12,8.56,9.79,9.79,8.56,5.5,5.5,5.5,5.5
N_4_32,N_5_31,6.538883509879835,6.67,6.67,6.67,6.67,6.67,6.67,10.2,10.2,11.77,11.77,7.85,7.85,7.85,7.85,7.85,7.85,10.99,12.55,12.55,10.99,7.06,7.06,7.06,7.06
N_4_32,N_4_31,6.472544616267969,6.6,6.6,6.6,6.6,6.6,6.6,10.1,10.1,11.65,11.65,7.77,7.77,7.77,7.77,7.77,7.77,10.87,12.43,12.43,10.87,6.99,6.99,6.99,6.99
N_4_32,N_5_32,9.956095415159767,5.53,5.53,5.53,5.53,5.53,5.53,6.87,6.87,7.47,7.47,5.97,5.97,5.97,5.97,5.97,5.97,7.17,7.77,7.77,7.17,5.67,5.67,5.67,5.67
N_4_32,N_2_31,13.272653714794782,7.37,7.37,7.37,7.37,7.37,7.37,9.16,9.16,9.95,9.95,7.96,7.96,7.96,7.96,7.96,7.96,9.56,10.35,10.35,9.56,7.57,7.57,7.57,7.57
N_4_33,N_2_35,1.3365094015580734,2.19,2.19,2.19,2.19,2.19,2.19,3.64,3.64,4.28,4.28,2.67,2.67,2.67,2.67,2.67,2.67,3.96,4.6,4.6,3.96,2.35,2.35,2.35,2.35
N_4_33,N_4_30,14.721141744537048,8.17,8.17,8.17,8.17,8.17,8.17,10.16,10.16,11.04,11.04,8.83,8.83,8.83,8.83,8.83,8.83,10.6,11.48,11.48,10.6,8.39,8.39,8.39,8.39
N_4_33,N_4_34,0.966716875249527,1.59,1.59,1.59,1.59,1.59,1.59,2.63,2.63,3.09,3.09,1.93,1.93,1.93,1.93,1.93,1.93,2.86,3.33,3.33,2.86,1.7,1.7,1.7,1.7
N_4_33,N_1_33,5.354095827293605,5.46,5.46,5.46,5.46,5.46,5.46,8.35,8.35,9.64,9.64,6.42,6.42,6.42,6.42,6.42,6.42,8.99,10.28,10.28,8.99,5.78,5.78,5.78,5.78
N_4_33,N_6_32,1.31767877152908,2.16,2.16,2.16,2.16,2.16,2.16,3.58,3.58,4.22,4.22,2.64,2.64,2.64,2.64,2.64,2.64,3.9,4.53,4.53,3.9,2.32,2.32,2.32,2.32
N_4_33,N_6_34,11.95079601794234,6.63,6.63,6.63,6.63,6.63,6.63,8.25,8.25,8.96,8.96,7.17,7.17,7.17,7.17,7.17,7.17,8.6,9.32,9.32,8.6,6.81,6.81,6.81,6.81
N_4_34,N_2_35,3.9623709390618864,4.04,4.04,4.04,4.04,4.04,4.04,6.18,6.18,7.13,7.13,4.75,4.75,4.75,4.75,4.75,4.75,6.66,7.61,7.61,6.66,4.28,4.28,4.28,4.28
N_4_34,N_2_36,3.115177046780965,3.18,3.18,3.18,3.18,3.18,3.18,4.86,4.86,5.61,5.61,3.74,3.74,3.74,3.74,3.74,3.74,5.23,5.98,5.98,5.23,3.36,3.36,3.36,3.36
N_4_34,N_3_33,2.404536526807979,3.94,3.94,3.94,3.94,3.94,3.94,6.54,6.54,7.69,7.69,4.81,4.81,4.81,4.81,4.81,4.81,7.12,8.27,8.27,7.12,4.23,4.23,4.23,4.23
N_4_34,N_3_36,6.361950031787028,6.49,6.49,6.49,6.49,6.49,6.49,9.92,9.92,11.45,11.45,7.63,7.63,7.63,7.63,7.63,7.63,10.69,12.21,12.21,10.69,6.87,6.87,6.87,6.87
N_4_34,N_4_33,0.966716875249527,1.59,1.59,1.59,1.59,1.59,1.59,2.63,2.63,3.09,3.09,1.93,1.93,1.93,1.93,1.93,1.93,2.86,3.33,3.33,2.86,1.7,1.7,1.7,1.7
N_4_34,N_6_36,9.718285393823804,5.39,5.39,5.39,5.39,5.39,5.39,6.71,6.71,7.29,7.29,5.83,5.83,5.83,5.83,5.83,5.83,7.0,7.58,7.58,7.0,5.54,5.54,5.54,5.54
N_4_35,N_1_35,2.279273009205223,3.74,3.74,3.74,3.74,3.74,3.74,6.2,6.2,7.29,7.29,4.56,4.56,4.56,4.56,4.56,4.56,6.75,7.84,7.84,6.75,4.01,4.01,4.01,4.01
N_4_35,N_2_36,3.3173976609424054,3.38,3.38,3.38,3.38,3.38,3.38,5.18,5.18,5.97,5.97,3.98,3.98,3.98,3.98,3.98,3.98,5.57,6.37,6.37,5.57,3.58,3.58,3.58,3.58
N_4_35,N_5_33,14.563397961430486,8.08,8.08,8.08,8.08,8.08,8.08,10.05,10.05,10.92,10.92,8.74,8.74,8.74,8.74,8.74,8.74,10.49,11.36,11.36,10.49,8.3,8.3,8.3,8.3
N_4_35,N_4_38,6.149166426334359,6.27,6.27,6.27,6.27,6.27,6.27,9.59,9.59,11.07,11.07,7.38,7.38,7.38,7.38,7.38,7.38,10.33,11.81,11.81,10.33,6.64,6.64,6.64,6.64
N_4_35,N_4_37,6.695063099352907,6.83,6.83,6.83,6.83,6.83,6.83,10.44,10.44,12.05,12.05,8.03,8.03,8.03,8.03,8.03,8.03,11.25,12.85,12.85,11.25,7.23,7.23,7.23,7.23
N_4_35,N_7_35,5.149796179191396,5.25,5.25,5.25,5.25,5.25,5.25,8.03,8.03,9.27,9.27,6.18,6.18,6.18,6.18,6.18,6.18,8.65,9.89,9.89,8.65,5.56,5.56,5.56,5.56
N_4_36,N_2_37,0.7796429038807877,1.28,1.28,1.28,1.28,1.28,1.28,2.12,2.12,2.49,2.49,1.56,1.56,1.56,1.56,1.56,1.56,2.31,2.68,2.68,2.31,1.37,1.37,1.37,1.37
N_4_36,N_3_37,4.586403281904188,4.68,4.68,4.68,4.68,4.68,4.68,7.15,7.15,8.26,8.26,5.5,5.5,5.5,5.5,5.5,5.5,7.71,8.81,8.81,7.71,4.95,4.95,4.95,4.95
N_4_36,N_3_38,13.252397903762791,7.36,7.36,7.36,7.36,7.36,7.36,9.14,9.14,9.94,9.94,7.95,7.95,7.95,7.95,7.95,7.95,9.54,10.34,10.34,9.54,7.55,7.55,7.55,7.55
N_4_36,N_2_36,4.2731741986257274,4.36,4.36,4.36,4.36,4.36,4.36,6.67,6.67,7.69,7.69,5.13,5.13,5.13,5.13,5.13,5.13,7.18,8.2,8.2,7.18,4.62,4.62,4.62,4.62
N_4_36,N_4_37,4.743321159800306,4.84,4.84,4.84,4.84,4.84,4.84,7.4,7.4,8.54,8.54,5.69,5.69,5.69,5.69,5.69,5.69,7.97,9.11,9.11,7.97,5.12,5.12,5.12,5.12
N_4_36,N_2_38,4.762398854773892,4.86,4.86,4.86,4.86,4.86,4.86,7.43,7.43,8.57,8.57,5.71,5.71,5.71,5.71,5.71,5.71,8.0,9.14,9.14,8.0,5.14,5.14,5.14,5.14
N_4_37,N_5_38,6.1675212009283165,6.29,6.29,6.29,6.29,6.29,6.29,9.62,9.62,11.1,11.1,7.4,7.4,7.4,7.4,7.4,7.4,10.36,11.84,11.84,10.36,6.66,6.66,6.66,6.66
N_4_37,N_6_39,5.400809561234503,5.51,5.51,5.51,5.51,5.51,5.51,8.43,8.43,9.72,9.72,6.48,6.48,6.48,6.48,6.48,6.48,9.07,10.37,10.37,9.07,5.83,5.83,5.83,5.83
N_4_37,N_3_37,3.195279495946336,3.26,3.26,3.26,3.26,3.26,3.26,4.98,4.98,5.75,5.75,3.83,3.83,3.83,3.83,3.83,3.83,5.37,6.13,6.13,5.37,3.45,3.45,3.45,3.45
N_4_37,N_4_36,4.743575711694563,4.84,4.84,4.84,4.84,4.84,4.84,7.4,7.4,8.54,8.54,5.69,5.69,5.69,5.69,5.69,5.69,7.97,9.11,9.11,7.97,5.12,5.12,5.12,5.12
N_4_37,N_6_36,2.1089287643696126,3.46,3.46,3.46,3.46,3.46,3.46,5.74,5.74,6.75,6.75,4.22,4.22,4.22,4.22,4.22,4.22,6.24,7.25,7.25,6.24,3.71,3.71,3.71,3.71
N_4_37,N_5_36,1.0491885991112389,1.72,1.72,1.72,1.72,1.72,1.72,2.85,2.85,3.36,3.36,2.1,2.1,2.1,2.1,2.1,2.1,3.11,3.61,3.61,3.11,1.85,1.85,1.85,1.85
N_4_38,N_2_36,10.316958087638438,5.73,5.73,5.73,5.73,5.73,5.73,7.12,7.12,7.74,7.74,6.19,6.19,6.19,6.19,6.19,6.19,7.43,8.05,8.05,7.43,5.88,5.88,5.88,5.88
N_4_38,N_4_35,6.149166426334359,6.27,6.27,6.27,6.27,6.27,6.27,9.59,9.59,11.07,11.07,7.38,7.38,7.38,7.38,7.38,7.38,10.33,11.81,11.81,10.33,6.64,6.64,6.64,6.64
N_4_38,N_5_37,1.1901006288088618,1.95,1.95,1.95,1.95,1.95,1.95,3.24,3.24,3.81,3.81,2.38,2.38,2.38,2.38,2.38,2.38,3.52,4.09,4.09,3.52,2.09,2.09,2.09,2.09
N_4_38,N_4_36,0.5818058194973208,0.95,0.95,0.95,0.95,0.95,0.95,1.58,1.58,1.86,1.86,1.16,1.16,1.16,1.16,1.16,1.16,1.72,2.0,2.0,1.72,1.02,1.02,1.02,1.02
N_4_38,N_3_38,6.962252479878085,7.1,7.1,7.1,7.1,7.1,7.1,10.86,10.86,12.53,12.53,8.35,8.35,8.35,8.35,8.35,8.35,11.7,13.37,13.37,11.7,7.52,7.52,7.52,7.52
N_4_38,N_4_39,8.95223114890266,4.97,4.97,4.97,4.97,4.97,4.97,6.18,6.18,6.71,6.71,5.37,5.37,5.37,5.37,5.37,5.37,6.45,6.98,6.98,6.45,5.1,5.1,5.1,5.1
N_4_39,N_1_39,5.051820951565324,5.15,5.15,5.15,5.15,5.15,5.15,7.88,7.88,9.09,9.09,6.06,6.06,6.06,6.06,6.06,6.06,8.49,9.7,9.7,8.49,5.46,5.46,5.46,5.46
N_4_39,N_4_38,8.95223114890266,4.97,4.97,4.97,4.97,4.97,4.97,6.18,6.18,6.71,6.71,5.37,5.37,5.37,5.37,5.37,5.37,6.45,6.98,6.98,6.45,5.1,5.1,5.1,5.1
N_4_39,N_4_37,6.701947023952018,6.84,6.84,6.84,6.84,6.84,6.84,10.46,10.46,12.06,12.06,8.04,8.04,8.04,8.04,8.04,8.04,11.26,12.87,12.87,11.26,7.24,7.24,7.24,7.24
N_4_39,N_2_37,5.951452047901563,6.07,6.07,6.07,6.07,6.07,6.07,9.28,9.28,10.71,10.71,7.14,7.14,7.14,7.14,7.14,7.14,10.0,11.43,11.43,10.0,6.43,6.43,6.43,6.43
N_4_39,N_6_38,4.283929309924091,4.37,4.37,4.37,4.37,4.37,4.37,6.68,6.68,7.71,7.71,5.14,5.14,5.14,5.14,5.14,5.14,7.2,8.23,8.23,7.2,4.63,4.63,4.63,4.63
N_4_39,N_4_36,6.353723634968975,6.48,6.48,6.48,6.48,6.48,6.48,9.91,9.91,11.44,11.44,7.62,7.62,7.62,7.62,7.62,7.62,10.67,12.2,12.2,10.67,6.86,6.86,6.86,6.86
N_4_4,N_5_5,2.160272007337121,3.54,3.54,3.54,3.54,3.54,3.54,5.88,5.88,6.91,6.91,4.32,4.32,4.32,4.32,4.32,4.32,6.39,7.43,7.43,6.39,3.8,3.8,3.8,3.8
N_4_4,N_3_4,5.250306180029135,5.36,5.36,5.36,5.36,5.36,5.36,8.19,8.19,9.45,9.45,6.3,6.3,6.3,6.3,6.3,6.3,8.82,10.08,10.08,8.82,5.67,5.67,5.67,5.67
N_4_4,N_2_6,11.534107040261615,6.4,6.4,6.4,6.4,6.4,6.4,7.96,7.96,8.65,8.65,6.92,6.92,6.92,6.92,6.92,6.92,8.3,9.0,9.0,8.3,6.57,6.57,6.57,6.57
N_4_4,N_3_6,3.2740867183559157,3.34,3.34,3.34,3.34,3.34,3.34,5.11,5.11,5.89,5.89,3.93,3.93,3.93,3.93,3.93,3.93,5.5,6.29,6.29,5.5,3.54,3.54,3.54,3.54
N_4_5,N_2_5,5.719010648946789,5.83,5.83,5.83,5.83,5.83,5.83,8.92,8.92,10.29,10.29,6.86,6.86,6.86,6.86,6.86,6.86,9.61,10.98,10.98,9.61,6.18,6.18,6.18,6.18
N_4_5,N_6_3,3.146801635068917,3.21,3.21,3.21,3.21,3.21,3.21,4.91,4.91,5.66,5.66,3.78,3.78,3.78,3.78,3.78,3.78,5.29,6.04,6.04,5.29,3.4,3.4,3.4,3.4
N_4_5,N_4_3,13.556540608097183,7.52,7.52,7.52,7.52,7.52,7.52,9.35,9.35,10.17,10.17,8.13,8.13,8.13,8.13,8.13,8.13,9.76,10.57,10.57,9.76,7.73,7.73,7.73,7.73
N_4_5,N_5_5,0.9453102198837773,1.55,1.55,1.55,1.55,1.55,1.55,2.57,2.57,3.02,3.02,1.89,1.89,1.89,1.89,1.89,1.89,2.8,3.25,3.25,2.8,1.66,1.66,1.66,1.66
N_4_5,N_4_2,5.6289708463141075,5.74,5.74,5.74,5.74,5.74,5.74,8.78,8.78,10.13,10.13,6.75,6.75,6.75,6.75,6.75,6.75,9.46,10.81,10.81,9.46,6.08,6.08,6.08,6.08
N_4_5,N_6_6,2.101406180317362,3.45,3.45,3.45,3.45,3.45,3.45,5.72,5.72,6.72,6.72,4.2,4.2,4.2,4.2,4.2,4.2,6.22,7.23,7.23,6.22,3.7,3.7,3.7,3.7
N_4_6,N_2_5,5.499790312644068,5.61,5.61,5.61,5.61,5.61,5.61,8.58,8.58,9.9,9.9,6.6,6.6,6.6,6.6,6.6,6.6,9.24,10.56,10.56,9.24,5.94,5.94,5.94,5.94
N_4_6,N_3_5,2.032999504919893,3.33,3.33,3.33,3.33,3.33,3.33,5.53,5.53,6.51,6.51,4.07,4.07,4.07,4.07,4.07,4.07,6.02,6.99,6.99,6.02,3.58,3.58,3.58,3.58
N_4_6,N_6_8,12.642486255633054,7.02,7.02,7.02,7.02,7.02,7.02,8.72,8.72,9.48,9.48,7.59,7.59,7.59,7.59,7.59,7.59,9.1,9.86,9.86,9.1,7.21,7.21,7.21,7.21
N_4_6,N_3_6,5.776937560336578,5.89,5.89,5.89,5.89,5.89,5.89,9.01,9.01,10.4,10.4,6.93,6.93,6.93,6.93,6.93,6.93,9.71,11.09,11.09,9.71,6.24,6.24,6.24,6.24
N_4_6,N_6_5,14.598089952446347,8.1,8.1,8.1,8.1,8.1,8.1,10.07,10.07,10.95,10.95,8.76,8.76,8.76,8.76,8.76,8.76,10.51,11.39,11.39,10.51,8.32,8.32,8.32,8.32
N_4_6,N_2_6,4.6051634625960105,4.7,4.7,4.7,4.7,4.7,4.7,7.18,7.18,8.29,8.29,5.53,5.53,5.53,5.53,5.53,5.53,7.74,8.84,8.84,7.74,4.97,4.97,4.97,4.97
N_4_6,N_6_7,5.592631160211677,5.7,5.7,5.7,5.7,5.7,5.7,8.72,8.72,10.07,10.07,6.71,6.71,6.71,6.71,6.71,6.71,9.4,10.74,10.74,9.4,6.04,6.04,6.04,6.04
N_4_7,N_1_7,4.249574695577902,4.33,4.33,4.33,4.33,4.33,4.33,6.63,6.63,7.65,7.65,5.1,5.1,5.1,5.1,5.1,5.1,7.14,8.16,8.16,7.14,4.59,4.59,4.59,4.59
N_4_7,N_2_5,6.285467556127703,6.41,6.41,6.41,6.41,6.41,6.41,9.81,9.81,11.31,11.31,7.54,7.54,7.54,7.54,7.54,7.54,10.56,12.07,12.07,10.56,6.79,6.79,6.79,6.79
N_4_7,N_3_6,12.696596255271604,7.05,7.05,7.05,7.05,7.05,7.05,8.76,8.76,9.52,9.52,7.62,7.62,7.62,7.62,7.62,7.62,9.14,9.9,9.9,9.14,7.24,7.24,7.24,7.24
N_4_7,N_3_7,1.9936399452699511,3.27,3.27,3.27,3.27,3.27,3.27,5.42,5.42,6.38,6.38,3.99,3.99,3.99,3.99,3.99,3.99,5.9,6.86,6.86,5.9,3.51,3.51,3.51,3.51
N_4_7,N_3_9,1.224250747680158,2.01,2.01,2.01,2.01,2.01,2.01,3.33,3.33,3.92,3.92,2.45,2.45,2.45,2.45,2.45,2.45,3.62,4.21,4.21,3.62,2.15,2.15,2.15,2.15
N_4_8,N_3_6,6.116541150115797,6.24,6.24,6.24,6.24,6.24,6.24,9.54,9.54,11.01,11.01,7.34,7.34,7.34,7.34,7.34,7.34,10.28,11.74,11.74,10.28,6.61,6.61,6.61,6.61
N_4_8,N_3_7,3.315031730100746,3.38,3.38,3.38,3.38,3.38,3.38,5.17,5.17,5.97,5.97,3.98,3.98,3.98,3.98,3.98,3.98,5.57,6.36,6.36,5.57,3.58,3.58,3.58,3.58
N_4_8,N_3_8,6.784001004710154,6.92,6.92,6.92,6.92,6.92,6.92,10.58,10.58,12.21,12.21,8.14,8.14,8.14,8.14,8.14,8.14,11.4,13.03,13.03,11.4,7.33,7.33,7.33,7.33
N_4_8,N_2_10,2.4941826012105253,4.09,4.09,4.09,4.09,4.09,4.09,6.78,6.78,7.98,7.98,4.99,4.99,4.99,4.99,4.99,4.99,7.38,8.58,8.58,7.38,4.39,4.39,4.39,4.39
N_4_8,N_2_9,4.0179417052725945,4.1,4.1,4.1,4.1,4.1,4.1,6.27,6.27,7.23,7.23,4.82,4.82,4.82,4.82,4.82,4.82,6.75,7.71,7.71,6.75,4.34,4.34,4.34,4.34
N_4_8,N_2_7,4.956559143077262,5.06,5.06,5.06,5.06,5.06,5.06,7.73,7.73,8.92,8.92,5.95,5.95,5.95,5.95,5.95,5.95,8.33,9.52,9.52,8.33,5.35,5.35,5.35,5.35
N_4_9,N_4_12,13.325454673202097,7.4,7.4,7.4,7.4,7.4,7.4,9.19,9.19,9.99,9.99,8.0,8.0,8.0,8.0,8.0,8.0,9.59,10.39,10.39,9.59,7.6,7.6,7.6,7.6
N_4_9,N_4_6,10.435542257952859,5.79,5.79,5.79,5.79,5.79,5.79,7.2,7.2,7.83,7.83,6.26,6.26,6.26,6.26,6.26,6.26,7.51,8.14,8.14,7.51,5.95,5.95,5.95,5.95
N_4_9,N_6_11,3.1572546886795307,3.22,3.22,3.22,3.22,3.22,3.22,4.93,4.93,5.68,5.68,3.79,3.79,3.79,3.79,3.79,3.79,5.3,6.06,6.06,5.3,3.41,3.41,3.41,3.41
N_4_9,N_5_8,6.760468852019835,6.9,6.9,6.9,6.9,6.9,6.9,10.55,10.55,12.17,12.17,8.11,8.11,8.11,8.11,8.11,8.11,11.36,12.98,12.98,11.36,7.3,7.3,7.3,7.3
N_4_9,N_4_11,4.078841286141397,4.16,4.16,4.16,4.16,4.16,4.16,6.36,6.36,7.34,7.34,4.89,4.89,4.89,4.89,4.89,4.89,6.85,7.83,7.83,6.85,4.41,4.41,4.41,4.41
N_5_0,N_2_0,11.074275721867755,6.15,6.15,6.15,6.15,6.15,6.15,7.64,7.64,8.31,8.31,6.64,6.64,6.64,6.64,6.64,6.64,7.97,8.64,8.64,7.97,6.31,6.31,6.31,6.31
N_5_0,N_4_2,6.1235320746227915,6.25,6.25,6.25,6.25,6.25,6.25,9.55,9.55,11.02,11.02,7.35,7.35,7.35,7.35,7.35,7.35,10.29,11.76,11.76,10.29,6.61,6.61,6.61,6.61
N_5_0,N_7_2,5.7074236646290615,5.82,5.82,5.82,5.82,5.82,5.82,8.9,8.9,10.27,10.27,6.85,6.85,6.85,6.85,6.85,6.85,9.59,10.96,10.96,9.59,6.16,6.16,6.16,6.16
N_5_0,N_3_0,10.99905398046709,6.1,6.1,6.1,6.1,6.1,6.1,7.59,7.59,8.25,8.25,6.6,6.6,6.6,6.6,6.6,6.6,7.92,8.58,8.58,7.92,6.27,6.27,6.27,6.27
N_5_0,N_3_1,5.695226931440342,5.81,5.81,5.81,5.81,5.81,5.81,8.88,8.88,10.25,10.25,6.83,6.83,6.83,6.83,6.83,6.83,9.57,10.93,10.93,9.57,6.15,6.15,6.15,6.15
N_5_1,N_3_0,2.3698362835437283,3.89,3.89,3.89,3.89,3.89,3.89,6.45,6.45,7.58,7.58,4.74,4.74,4.74,4.74,4.74,4.74,7.01,8.15,8.15,7.01,4.17,4.17,4.17,4.17
N_5_1,N_7_2,9.326930666937667,5.18,5.18,5.18,5.18,5.18,5.18,6.44,6.44,7.0,7.0,5.6,5.6,5.6,5.6,5.6,5.6,6.72,7.28,7.28,6.72,5.32,5.32,5.32,5.32
N_5_1,N_2_1,1.1197749400879218,1.84,1.84,1.84,1.84,1.84,1.84,3.05,3.05,3.58,3.58,2.24,2.24,2.24,2.24,2.24,2.24,3.31,3.85,3.85,3.31,1.97,1.97,1.97,1.97
N_5_10,N_3_8,8.86854043327389,4.92,4.92,4.92,4.92,4.92,4.92,6.12,6.12,6.65,6.65,5.32,5.32,5.32,5.32,5.32,5.32,6.39,6.92,6.92,6.39,5.06,5.06,5.06,5.06
N_5_10,N_3_9,2.2305147306109347,3.66,3.66,3.66,3.66,3.66,3.66,6.07,6.07,7.14,7.14,4.46,4.46,4.46,4.46,4.46,4.46,6.6,7.67,7.67,6.6,3.93,3.93,3.93,3.93
N_5_10,N_4_10,13.407922587424599,7.44,7.44,7.44,7.44,7.44,7.44,9.25,9.25,10.06,10.06,8.04,8.04,8.04,8.04,8.04,8.04,9.65,10.46,10.46,9.65,7.64,7.64,7.64,7.64
N_5_10,N_4_11,5.032889099847433,5.13,5.13,5.13,5.13,5.13,5.13,7.85,7.85,9.06,9.06,6.04,6.04,6.04,6.04,6.04,6.04,8.46,9.66,9.66,8.46,5.44,5.44,5.44,5.44
N_5_10,N_5_12,1.6214396776819104,2.66,2.66,2.66,2.66,2.66,2.66,4.41,4.41,5.19,5.19,3.24,3.24,3.24,3.24,3.24,3.24,4.8,5.58,5.58,4.8,2.85,2.85,2.85,2.85
N_5_10,N_7_9,1.52733232340375,2.5,2.5,2.5,2.5,2.5,2.5,4.15,4.15,4.89,4.89,3.05,3.05,3.05,3.05,3.05,3.05,4.52,5.25,5.25,4.52,2.69,2.69,2.69,2.69
N_5_10,N_6_9,6.7943341729540405,6.93,6.93,6.93,6.93,6.93,6.93,10.6,10.6,12.23,12.23,8.15,8.15,8.15,8.15,8.15,8.15,11.41,13.05,13.05,11.41,7.34,7.34,7.34,7.34
N_5_11,N_4_12,0.6226618202298089,1.02,1.02,1.02,1.02,1.02,1.02,1.69,1.69,1.99,1.99,1.25,1.25,1.25,1.25,1.25,1.25,1.84,2.14,2.14,1.84,1.1,1.1,1.1,1.1
N_5_11,N_6_12,8.757438042007879,4.86,4.86,4.86,4.86,4.86,4.86,6.04,6.04,6.57,6.57,5.25,5.25,5.25,5.25,5.25,5.25,6.31,6.83,6.83,6.31,4.99,4.99,4.99,4.99
N_5_11,N_7_9,5.270435059250257,5.38,5.38,5.38,5.38,5.38,5.38,8.22,8.22,9.49,9.49,6.32,6.32,6.32,6.32,6.32,6.32,8.85,10.12,10.12,8.85,5.69,5.69,5.69,5.69
N_5_11,N_4_9,2.120023945252542,3.48,3.48,3.48,3.48,3.48,3.48,5.77,5.77,6.78,6.78,4.24,4.24,4.24,4.24,4.24,4.24,6.28,7.29,7.29,6.28,3.73,3.73,3.73,3.73
N_5_11,N_7_10,6.032893084251257,6.15,6.15,6.15,6.15,6.15,6.15,9.41,9.41,10.86,10.86,7.24,7.24,7.24,7.24,7.24,7.24,10.14,11.58,11.58,10.14,6.52,6.52,6.52,6.52
N_5_12,N_3_10,13.26916647320698,7.36,7.36,7.36,7.36,7.36,7.36,9.16,9.16,9.95,9.95,7.96,7.96,7.96,7.96,7.96,7.96,9.55,10.35,10.35,9.55,7.56,7.56,7.56,7.56
N_5_12,N_5_10,1.6214396776819104,2.66,2.66,2.66,2.66,2.66,2.66,4.41,4.41,5.19,5.19,3.24,3.24,3.24,3.24,3.24,3.24,4.8,5.58,5.58,4.8,2.85,2.85,2.85,2.85
N_5_12,N_3_12,9.442542745681987,5.24,5.24,5.24,5.24,5.24,5.24,6.52,6.52,7.08,7.08,5.67,5.67,5.67,5.67,5.67,5.67,6.8,7.37,7.37,6.8,5.38,5.38,5.38,5.38
N_5_12,N_5_9,4.7782366525382205,4.87,4.87,4.87,4.87,4.87,4.87,7.45,7.45,8.6,8.6,5.73,5.73,5.73,5.73,5.73,5.73,8.03,9.17,9.17,8.03,5.16,5.16,5.16,5.16
N_5_12,N_8_12,4.20363294423589,4.29,4.29,4.29,4.29,4.29,4.29,6.56,6.56,7.57,7.57,5.04,5.04,5.04,5.04,5.04,5.04,7.06,8.07,8.07,7.06,4.54,4.54,4.54,4.54
N_5_12,N_3_11,4.11783331221209,4.2,4.2,4.2,4.2,4.2,4.2,6.42,6.42,7.41,7.41,4.94,4.94,4.94,4.94,4.94,4.94,6.92,7.91,7.91,6.92,4.45,4.45,4.45,4.45
N_5_13,N_4_15,3.0832942262222405,3.14,3.14,3.14,3.14,3.14,3.14,4.81,4.81,5.55,5.55,3.7,3.7,3.7,3.7,3.7,3.7,5.18,5.92,5.92,5.18,3.33,3.33,3.33,3.33
N_5_13,N_5_14,6.513798856070958,6.64,6.64,6.64,6.64,6.64,6.64,10.16,10.16,11.72,11.72,7.82,7.82,7.82,7.82,7.82,7.82,10.94,12.51,12.51,10.94,7.03,7.03,7.03,7.03
N_5_13,N_3_13,14.355563494416566,7.97,7.97,7.97,7.97,7.97,7.97,9.91,9.91,10.77,10.77,8.61,8.61,8.61,8.61,8.61,8.61,10.34,11.2,11.2,10.34,8.18,8.18,8.18,8.18
N_5_13,N_3_12,6.965538305693503,7.1,7.1,7.1,7.1,7.1,7.1,10.87,10.87,12.54,12.54,8.36,8.36,8.36,8.36,8.36,8.36,11.7,13.37,13.37,11.7,7.52,7.52,7.52,7.52
N_5_13,N_3_15,3.43362951193226,3.5,3.5,3.5,3.5,3.5,3.5,5.36,5.36,6.18,6.18,4.12,4.12,4.12,4.12,4.12,4.12,5.77,6.59,6.59,5.77,3.71,3.71,3.71,3.71
N_5_13,N_4_12,4.508865777980722,4.6,4.6,4.6,4.6,4.6,4.6,7.03,7.03,8.12,8.12,5.41,5.41,5.41,5.41,5.41,5.41,7.57,8.66,8.66,7.57,4.87,4.87,4.87,4.87
N_5_13,N_4_14,4.932731402548185,5.03,5.03,5.03,5.03,5.03,5.03,7.7,7.7,8.88,8.88,5.92,5.92,5.92,5.92,5.92,5.92,8.29,9.47,9.47,8.29,5.33,5.33,5.33,5.33
N_5_14,N_4_16,4.360891827165148,4.45,4.45,4.45,4.45,4.45,4.45,6.8,6.8,7.85,7.85,5.23,5.23,5.23,5.23,5.23,5.23,7.33,8.37,8.37,7.33,4.71,4.71,4.71,4.71
N_5_14,N_5_13,6.513798856070958,6.64,6.64,6.64,6.64,6.64,6.64,10.16,10.16,11.72,11.72,7.82,7.82,7.82,7.82,7.82,7.82,10.94,12.51,12.51,10.94,7.03,7.03,7.03,7.03
N_5_14,N_7_12,4.0268104259597735,4.11,4.11,4.11,4.11,4.11,4.11,6.28,6.28,7.25,7.25,4.83,4.83,4.83,4.83,4.83,4.83,6.77,7.73,7.73,6.77,4.35,4.35,4.35,4.35
N_5_14,N_5_17,12.12175632484347,6.73,6.73,6.73,6.73,6.73,6.73,8.36,8.36,9.09,9.09,7.27,7.27,7.27,7.27,7.27,7.27,8.73,9.45,9.45,8.73,6.91,6.91,6.91,6.91
N_5_14,N_5_15,13.025468299861636,7.23,7.23,7.23,7.23,7.23,7.23,8.99,8.99,9.77,9.77,7.82,7.82,7.82,7.82,7.82,7.82,9.38,10.16,10.16,9.38,7.42,7.42,7.42,7.42
N_5_14,N_3_12,12.772115388088167,7.09,7.09,7.09,7.09,7.09,7.09,8.81,8.81,9.58,9.58,7.66,7.66,7.66,7.66,7.66,7.66,9.2,9.96,9.96,9.2,7.28,7.28,7.28,7.28
N_5_15,N_5_14,13.025468299861636,7.23,7.23,7.23,7.23,7.23,7.23,8.99,8.99,9.77,9.77,7.82,7.82,7.82,7.82,7.82,7.82,9.38,10.16,10.16,9.38,7.42,7.42,7.42,7.42
N_5_15,N_3_15,0.7844030198391849,1.29,1.29,1.29,1.29,1.29,1.29,2.13,2.13,2.51,2.51,1.57,1.57,1.57,1.57,1.57,1.57,2.32,2.7,2.7,2.32,1.38,1.38,1.38,1.38
N_5_15,N_5_12,1.4247430753301382,2.34,2.34,2.34,2.34,2.34,2.34,3.88,3.88,4.56,4.56,2.85,2.85,2.85,2.85,2.85,2.85,4.22,4.9,4.9,4.22,2.51,2.51,2.51,2.51
N_5_15,N_5_18,2.3445469326764767,3.85,3.85,3.85,3.85,3.85,3.85,6.38,6.38,7.5,7.5,4.69,4.69,4.69,4.69,4.69,4.69,6.94,8.07,8.07,6.94,4.13,4.13,4.13,4.13
N_5_15,N_7_14,14.309297619654327,7.94,7.94,7.94,7.94,7.94,7.94,9.87,9.87,10.73,10.73,8.59,8.59,8.59,8.59,8.59,8.59,10.3,11.16,11.16,10.3,8.16,8.16,8.16,8.16
N_5_15,N_2_15,13.57123216259577,7.53,7.53,7.53,7.53,7.53,7.53,9.36,9.36,10.18,10.18,8.14,8.14,8.14,8.14,8.14,8.14,9.77,10.59,10.59,9.77,7.74,7.74,7.74,7.74
N_5_15,N_4_17,11.999707424229335,6.66,6.66,6.66,6.66,6.66,6.66,8.28,8.28,9.0,9.0,7.2,7.2,7.2,7.2,7.2,7.2,8.64,9.36,9.36,8.64,6.84,6.84,6.84,6.84
N_5_16,N_4_16,4.352287737079747,4.44,4.44,4.44,4.44,4.44,4.44,6.79,6.79,7.83,7.83,5.22,5.22,5.22,5.22,5.22,5.22,7.31,8.36,8.36,7.31,4.7,4.7,4.7,4.7
N_5_16,N_6_18,6.0859533158024455,6.21,6.21,6.21,6.21,6.21,6.21,9.49,9.49,10.95,10.95,7.3,7.3,7.3,7.3,7.3,7.3,10.22,11.69,11.69,10.22,6.57,6.57,6.57,6.57
N_5_16,N_7_14,14.132572674307752,7.84,7.84,7.84,7.84,7.84,7.84,9.75,9.75,10.6,10.6,8.48,8.48,8.48,8.48,8.48,8.48,10.18,11.02,11.02,10.18,8.06,8.06,8.06,8.06
N_5_16,N_6_14,6.629384690755819,6.76,6.76,6.76,6.76,6.76,6.76,10.34,10.34,11.93,11.93,7.96,7.96,7.96,7.96,7.96,7.96,11.14,12.73,12.73,11.14,7.16,7.16,7.16,7.16
N_5_16,N_4_14,11.80155867123458,6.55,6.55,6.55,6.55,6.55,6.55,8.14,8.14,8.85,8.85,7.08,7.08,7.08,7.08,7.08,7.08,8.5,9.21,9.21,8.5,6.73,6.73,6.73,6.73
N_5_16,N_7_16,4.470573351181365,4.56,4.56,4.56,4.56,4.56,4.56,6.97,6.97,8.05,8.05,5.36,5.36,5.36,5.36,5.36,5.36,7.51,8.58,8.58,7.51,4.83,4.83,4.83,4.83
N_5_16,N_3_16,4.928764121719043,5.03,5.03,5.03,5.03,5.03,5.03,7.69,7.69,8.87,8.87,5.91,5.91,5.91,5.91,5.91,5.91,8.28,9.46,9.46,8.28,5.32,5.32,5.32,5.32
N_5_17,N_4_15,6.331455380371477,6.46,6.46,6.46,6.46,6.46,6.46,9.88,9.88,11.4,11.4,7.6,7.6,7.6,7.6,7.6,7.6,10.64,12.16,12.16,10.64,6.84,6.84,6.84,6.84
N_5_17,N_5_14,12.12175632484347,6.73,6.73,6.73,6.73,6.73,6.73,8.36,8.36,9.09,9.09,7.27,7.27,7.27,7.27,7.27,7.27,8.73,9.45,9.45,8.73,6.91,6.91,6.91,6.91
N_5_17,N_6_18,1.006740056587318,1.65,1.65,1.65,1.65,1.65,1.65,2.74,2.74,3.22,3.22,2.01,2.01,2.01,2.01,2.01,2.01,2.98,3.46,3.46,2.98,1.77,1.77,1.77,1.77
N_5_17,N_5_19,5.524787025311012,5.64,5.64,5.64,5.64,5.64,5.64,8.62,8.62,9.94,9.94,6.63,6.63,6.63,6.63,6.63,6.63,9.28,10.61,10.61,9.28,5.97,5.97,5.97,5.97
N_5_17,N_2_17,3.461213253618901,3.53,3.53,3.53,3.53,3.53,3.53,5.4,5.4,6.23,6.23,4.15,4.15,4.15,4.15,4.15,4.15,5.81,6.65,6.65,5.81,3.74,3.74,3.74,3.74
N_5_17,N_7_18,4.614847316071543,4.71,4.71,4.71,4.71,4.71,4.71,7.2,7.2,8.31,8.31,5.54,5.54,5.54,5.54,5.54,5.54,7.75,8.86,8.86,7.75,4.98,4.98,4.98,4.98
N_5_17,N_6_17,9.958707225107288,5.53,5.53,5.53,5.53,5.53,5.53,6.87,6.87,7.47,7.47,5.98,5.98,5.98,5.98,5.98,5.98,7.17,7.77,7.77,7.17,5.68,5.68,5.68,5.68
N_5_17,N_4_19,1.8121101385770975,2.97,2.97,2.97,2.97,2.97,2.97,4.93,4.93,5.8,5.8,3.62,3.62,3.62,3.62,3.62,3.62,5.36,6.23,6.23,5.36,3.19,3.19,3.19,3.19
N_5_18,N_3_20,5.63131589118392,5.74,5.74,5.74,5.74,5.74,5.74,8.78,8.78,10.14,10.14,6.76,6.76,6.76,6.76,6.76,6.76,9.46,10.81,10.81,9.46,6.08,6.08,6.08,6.08
N_5_18,N_5_15,2.3445469326764767,3.85,3.85,3.85,3.85,3.85,3.85,6.38,6.38,7.5,7.5,4.69,4.69,4.69,4.69,4.69,4.69,6.94,8.07,8.07,6.94,4.13,4.13,4.13,4.13
N_5_18,N_7_17,2.2175704992292697,3.64,3.64,3.64,3.64,3.64,3.64,6.03,6.03,7.1,7.1,4.44,4.44,4.44,4.44,4.44,4.44,6.56,7.63,7.63,6.56,3.9,3.9,3.9,3.9
N_5_18,N_7_16,3.868866230359593,3.95,3.95,3.95,3.95,3.95,3.95,6.04,6.04,6.96,6.96,4.64,4.64,4.64,4.64,4.64,4.64,6.5,7.43,7.43,6.5,4.18,4.18,4.18,4.18
N_5_18,N_4_16,10.411069160022713,5.78,5.78,5.78,5.78,5.78,5.78,7.18,7.18,7.81,7.81,6.25,6.25,6.25,6.25,6.25,6.25,7.5,8.12,8.12,7.5,5.93,5.93,5.93,5.93
N_5_18,N_3_16,4.820056634973033,4.92,4.92,4.92,4.92,4.92,4.92,7.52,7.52,8.68,8.68,5.78,5.78,5.78,5.78,5.78,5.78,8.1,9.25,9.25,8.1,5.21,5.21,5.21,5.21
N_5_19,N_3_19,5.98088651007709,6.1,6.1,6.1,6.1,6.1,6.1,9.33,9.33,10.77,10.77,7.18,7.18,7.18,7.18,7.18,7.18,10.05,11.48,11.48,10.05,6.46,6.46,6.46,6.46
N_5_19,N_5_17,5.524787025311012,5.64,5.64,5.64,5.64,5.64,5.64,8.62,8.62,9.94,9.94,6.63,6.63,6.63,6.63,6.63,6.63,9.28,10.61,10.61,9.28,5.97,5.97,5.97,5.97
N_5_19,N_7_18,5.306460833850155,5.41,5.41,5.41,5.41,5.41,5.41,8.28,8.28,9.55,9.55,6.37,6.37,6.37,6.37,6.37,6.37,8.91,10.19,10.19,8.91,5.73,5.73,5.73,5.73
N_5_19,N_7_19,6.7730933126503405,6.91,6.91,6.91,6.91,6.91,6.91,10.57,10.57,12.19,12.19,8.13,8.13,8.13,8.13,8.13,8.13,11.38,13.0,13.0,11.38,7.31,7.31,7.31,7.31
N_5_19,N_8_19,5.319880038810268,5.43,5.43,5.43,5.43,5.43,5.43,8.3,8.3,9.58,9.58,6.38,6.38,6.38,6.38,6.38,6.38,8.94,10.21,10.21,8.94,5.75,5.75,5.75,5.75
N_5_19,N_7_17,12.79696801797732,7.1,7.1,7.1,7.1,7.1,7.1,8.83,8.83,9.6,9.6,7.68,7.68,7.68,7.68,7.68,7.68,9.21,9.98,9.98,9.21,7.29,7.29,7.29,7.29
N_5_2,N_7_2,3.8204824200124463,3.9,3.9,3.9,3.9,3.9,3.9,5.96,5.96,6.88,6.88,4.58,4.58,4.58,4.58,4.58,4.58,6.42,7.34,7.34,6.42,4.13,4.13,4.13,4.13
N_5_2,N_7_4,0.7886301782168226,1.29,1.29,1.29,1.29,1.29,1.29,2.15,2.15,2.52,2.52,1.58,1.58,1.58,1.58,1.58,1.58,2.33,2.71,2.71,2.33,1.39,1.39,1.39,1.39
N_5_2,N_3_3,3.7349505090517323,3.81,3.81,3.81,3.81,3.81,3.81,5.83,5.83,6.72,6.72,4.48,4.48,4.48,4.48,4.48,4.48,6.27,7.17,7.17,6.27,4.03,4.03,4.03,4.03
N_5_2,N_4_2,4.776156993799182,4.87,4.87,4.87,4.87,4.87,4.87,7.45,7.45,8.6,8.6,5.73,5.73,5.73,5.73,5.73,5.73,8.02,9.17,9.17,8.02,5.16,5.16,5.16,5.16
N_5_2,N_2_2,14.624467395727589,8.12,8.12,8.12,8.12,8.12,8.12,10.09,10.09,10.97,10.97,8.77,8.77,8.77,8.77,8.77,8.77,10.53,11.41,11.41,10.53,8.34,8.34,8.34,8.34
N_5_2,N_3_1,0.7464054097237651,1.22,1.22,1.22,1.22,1.22,1.22,2.03,2.03,2.39,2.39,1.49,1.49,1.49,1.49,1.49,1.49,2.21,2.57,2.57,2.21,1.31,1.31,1.31,1.31
N_5_20,N_3_19,8.798123622998778,4.88,4.88,4.88,4.88,4.88,4.88,6.07,6.07,6.6,6.6,5.28,5.28,5.28,5.28,5.28,5.28,6.33,6.86,6.86,6.33,5.01,5.01,5.01,5.01
N_5_20,N_3_21,0.6788183287840261,1.11,1.11,1.11,1.11,1.11,1.11,1.85,1.85,2.17,2.17,1.36,1.36,1.36,1.36,1.36,1.36,2.01,2.34,2.34,2.01,1.19,1.19,1.19,1.19
N_5_20,N_4_21,6.939642696807136,7.08,7.08,7.08,7.08,7.08,7.08,10.83,10.83,12.49,12.49,8.33,8.33,8.33,8.33,8.33,8.33,11.66,13.32,13.32,11.66,7.49,7.49,7.49,7.49
N_5_20,N_5_23,14.4199117274295,8.0,8.0,8.0,8.0,8.0,8.0,9.95,9.95,10.81,10.81,8.65,8.65,8.65,8.65,8.65,8.65,10.38,11.25,11.25,10.38,8.22,8.22,8.22,8.22
N_5_21,N_4_20,5.786481620107297,5.9,5.9,5.9,5.9,5.9,5.9,9.03,9.03,10.42,10.42,6.94,6.94,6.94,6.94,6.94,6.94,9.72,11.11,11.11,9.72,6.25,6.25,6.25,6.25
N_5_21,N_7_21,4.362570829552678,4.45,4.45,4.45,4.45,4.45,4.45,6.81,6.81,7.85,7.85,5.24,5.24,5.24,5.24,5.24,5.24,7.33,8.38,8.38,7.33,4.71,4.71,4.71,4.71
N_5_21,N_3_19,1.7635023557162797,2.89,2.89,2.89,2.89,2.89,2.89,4.8,4.8,5.64,5.64,3.53,3.53,3.53,3.53,3.53,3.53,5.22,6.07,6.07,5.22,3.1,3.1,3.1,3.1
N_5_21,N_6_20,10.450442483586063,5.8,5.8,5.8,5.8,5.8,5.8,7.21,7.21,7.84,7.84,6.27,6.27,6.27,6.27,6.27,6.27,7.52,8.15,8.15,7.52,5.96,5.96,5.96,5.96
N_5_22,N_4_21,9.743745052918765,5.41,5.41,5.41,5.41,5.41,5.41,6.72,6.72,7.31,7.31,5.85,5.85,5.85,5.85,5.85,5.85,7.02,7.6,7.6,7.02,5.55,5.55,5.55,5.55
N_5_22,N_6_20,6.6078576415578585,6.74,6.74,6.74,6.74,6.74,6.74,10.31,10.31,11.89,11.89,7.93,7.93,7.93,7.93,7.93,7.93,11.1,12.69,12.69,11.1,7.14,7.14,7.14,7.14
N_5_22,N_5_19,2.3071339626018483,3.78,3.78,3.78,3.78,3.78,3.78,6.28,6.28,7.38,7.38,4.61,4.61,4.61,4.61,4.61,4.61,6.83,7.94,7.94,6.83,4.06,4.06,4.06,4.06
N_5_22,N_4_22,2.3450072885878015,3.85,3.85,3.85,3.85,3.85,3.85,6.38,6.38,7.5,7.5,4.69,4.69,4.69,4.69,4.69,4.69,6.94,8.07,8.07,6.94,4.13,4.13,4.13,4.13
N_5_22,N_5_24,5.6473325530206715,5.76,5.76,5.76,5.76,5.76,5.76,8.81,8.81,10.17,10.17,6.78,6.78,6.78,6.78,6.78,6.78,9.49,10.84,10.84,9.49,6.1,6.1,6.1,6.1
N_5_22,N_6_23,5.097933881781584,5.2,5.2,5.2,5.2,5.2,5.2,7.95,7.95,9.18,9.18,6.12,6.12,6.12,6.12,6.12,6.12,8.56,9.79,9.79,8.56,5.51,5.51,5.51,5.51
N_5_23,N_4_21,4.125570208579963,4.21,4.21,4.21,4.21,4.21,4.21,6.44,6.44,7.43,7.43,4.95,4.95,4.95,4.95,4.95,4.95,6.93,7.92,7.92,6.93,4.46,4.46,4.46,4.46
N_5_23,N_5_20,14.4199117274295,8.0,8.0,8.0,8.0,8.0,8.0,9.95,9.95,10.81,10.81,8.65,8.65,8.65,8.65,8.65,8.65,10.38,11.25,11.25,10.38,8.22,8.22,8.22,8.22
N_5_23,N_6_21,3.0775445498282132,3.14,3.14,3.14,3.14,3.14,3.14,4.8,4.8,5.54,5.54,3.69,3.69,3.69,3.69,3.69,3.69,5.17,5.91,5.91,5.17,3.32,3.32,3.32,3.32
N_5_23,N_4_25,11.689497332376819,6.49,6.49,6.49,6.49,6.49,6.49,8.07,8.07,8.77,8.77,7.01,7.01,7.01,7.01,7.01,7.01,8.42,9.12,9.12,8.42,6.66,6.66,6.66,6.66
N_5_24,N_3_25,5.205744224271546,5.31,5.31,5.31,5.31,5.31,5.31,8.12,8.12,9.37,9.37,6.25,6.25,6.25,6.25,6.25,6.25,8.75,10.0,10.0,8.75,5.62,5.62,5.62,5.62
N_5_24,N_5_22,5.6473325530206715,5.76,5.76,5.76,5.76,5.76,5.76,8.81,8.81,10.17,10.17,6.78,6.78,6.78,6.78,6.78,6.78,9.49,10.84,10.84,9.49,6.1,6.1,6.1,6.1
N_5_24,N_3_26,6.497784598662482,6.63,6.63,6.63,6.63,6.63,6.63,10.14,10.14,11.7,11.7,7.8,7.8,7.8,7.8,7.8,7.8,10.92,12.48,12.48,10.92,7.02,7.02,7.02,7.02
N_5_24,N_5_25,6.119675758411741,6.24,6.24,6.24,6.24,6.24,6.24,9.55,9.55,11.02,11.02,7.34,7.34,7.34,7.34,7.34,7.34,10.28,11.75,11.75,10.28,6.61,6.61,6.61,6.61
N_5_24,N_4_23,5.722183751200207,5.84,5.84,5.84,5.84,5.84,5.84,8.93,8.93,10.3,10.3,6.87,6.87,6.87,6.87,6.87,6.87,9.61,10.99,10.99,9.61,6.18,6.18,6.18,6.18
N_5_24,N_4_24,13.776656540897529,7.65,7.65,7.65,7.65,7.65,7.65,9.51,9.51,10.33,10.33,8.27,8.27,8.27,8.27,8.27,8.27,9.92,10.75,10.75,9.92,7.85,7.85,7.85,7.85
N_5_24,N_5_21,3.2216086531067325,3.29,3.29,3.29,3.29,3.29,3.29,5.03,5.03,5.8,5.8,3.87,3.87,3.87,3.87,3.87,3.87,5.41,6.19,6.19,5.41,3.48,3.48,3.48,3.48
N_5_25,N_4_26,6.019128765445993,6.14,6.14,6.14,6.14,6.14,6.14,9.39,9.39,10.83,10.83,7.22,7.22,7.22,7.22,7.22,7.22,10.11,11.56,11.56,10.11,6.5,6.5,6.5,6.5
N_5_25,N_5_24,6.119675758411741,6.24,6.24,6.24,6.24,6.24,6.24,9.55,9.55,11.02,11.02,7.34,7.34,7.34,7.34,7.34,7.34,10.28,11.75,11.75,10.28,6.61,6.61,6.61,6.61
N_5_25,N_2_25,0.8070583228635786,1.32,1.32,1.32,1.32,1.32,1.32,2.2,2.2,2.58,2.58,1.61,1.61,1.61,1.61,1.61,1.61,2.39,2.78,2.78,2.39,1.42,1.42,1.42,1.42
N_5_26,N_3_24,5.058892960274294,5.16,5.16,5.16,5.16,5.16,5.16,7.89,7.89,9.11,9.11,6.07,6.07,6.07,6.07,6.07,6.07,8.5,9.71,9.71,8.5,5.46,5.46,5.46,5.46
N_5_26,N_3_26,8.116622212660237,4.5,4.5,4.5,4.5,4.5,4.5,5.6,5.6,6.09,6.09,4.87,4.87,4.87,4.87,4.87,4.87,5.84,6.33,6.33,5.84,4.63,4.63,4.63,4.63
N_5_26,N_4_28,13.938700392368863,7.74,7.74,7.74,7.74,7.74,7.74,9.62,9.62,10.45,10.45,8.36,8.36,8.36,8.36,8.36,8.36,10.04,10.87,10.87,10.04,7.95,7.95,7.95,7.95
N_5_26,N_5_27,4.411326501558062,4.5,4.5,4.5,4.5,4.5,4.5,6.88,6.88,7.94,7.94,5.29,5.29,5.29,5.29,5.29,5.29,7.41,8.47,8.47,7.41,4.76,4.76,4.76,4.76
N_5_26,N_7_28,3.015003407935521,3.08,3.08,3.08,3.08,3.08,3.08,4.7,4.7,5.43,5.43,3.62,3.62,3.62,3.62,3.62,3.62,5.07,5.79,5.79,5.07,3.26,3.26,3.26,3.26
N_5_27,N_3_25,13.76075378040616,7.64,7.64,7.64,7.64,7.64,7.64,9.49,9.49,10.32,10.32,8.26,8.26,8.26,8.26,8.26,8.26,9.91,10.73,10.73,9.91,7.84,7.84,7.84,7.84
N_5_27,N_4_27,5.490471238098477,5.6,5.6,5.6,5.6,5.6,5.6,8.57,8.57,9.88,9.88,6.59,6.59,6.59,6.59,6.59,6.59,9.22,10.54,10.54,9.22,5.93,5.93,5.93,5.93
N_5_27,N_5_26,4.411326501558062,4.5,4.5,4.5,4.5,4.5,4.5,6.88,6.88,7.94,7.94,5.29,5.29,5.29,5.29,5.29,5.29,7.41,8.47,8.47,7.41,4.76,4.76,4.76,4.76
N_5_27,N_6_26,3.4427976606762116,3.51,3.51,3.51,3.51,3.51,3.51,5.37,5.37,6.2,6.2,4.13,4.13,4.13,4.13,4.13,4.13,5.78,6.61,6.61,5.78,3.72,3.72,3.72,3.72
N_5_27,N_2_27,3.7340740054555748,3.81,3.81,3.81,3.81,3.81,3.81,5.83,5.83,6.72,6.72,4.48,4.48,4.48,4.48,4.48,4.48,6.27,7.17,7.17,6.27,4.03,4.03,4.03,4.03
N_5_27,N_4_29,3.952895360673186,4.03,4.03,4.03,4.03,4.03,4.03,6.17,6.17,7.12,7.12,4.74,4.74,4.74,4.74,4.74,4.74,6.64,7.59,7.59,6.64,4.27,4.27,4.27,4.27
N_5_28,N_4_26,6.468256320492253,6.6,6.6,6.6,6.6,6.6,6.6,10.09,10.09,11.64,11.64,7.76,7.76,7.76,7.76,7.76,7.76,10.87,12.42,12.42,10.87,6.99,6.99,6.99,6.99
N_5_28,N_4_30,6.040253464361108,6.16,6.16,6.16,6.16,6.16,6.16,9.42,9.42,10.87,10.87,7.25,7.25,7.25,7.25,7.25,7.25,10.15,11.6,11.6,10.15,6.52,6.52,6.52,6.52
N_5_28,N_3_27,1.7452718004097898,2.86,2.86,2.86,2.86,2.86,2.86,4.75,4.75,5.58,5.58,3.49,3.49,3.49,3.49,3.49,3.49,5.17,6.0,6.0,5.17,3.07,3.07,3.07,3.07
N_5_28,N_4_27,5.414405166342444,5.52,5.52,5.52,5.52,5.52,5.52,8.45,8.45,9.75,9.75,6.5,6.5,6.5,6.5,6.5,6.5,9.1,10.4,10.4,9.1,5.85,5.85,5.85,5.85
N_5_28,N_7_28,3.441270570086194,3.51,3.51,3.51,3.51,3.51,3.51,5.37,5.37,6.19,6.19,4.13,4.13,4.13,4.13,4.13,4.13,5.78,6.61,6.61,5.78,3.72,3.72,3.72,3.72
N_5_28,N_7_29,6.405638405900752,6.53,6.53,6.53,6.53,6.53,6.53,9.99,9.99,11.53,11.53,7.69,7.69,7.69,7.69,7.69,7.69,10.76,12.3,12.3,10.76,6.92,6.92,6.92,6.92
N_5_29,N_3_30,9.588830897160086,5.32,5.32,5.32,5.32,5.32,5.32,6.62,6.62,7.19,7.19,5.75,5.75,5.75,5.75,5.75,5.75,6.9,7.48,7.48,6.9,5.47,5.47,5.47,5.47
N_5_29,N_6_27,4.9115290169477355,5.01,5.01,5.01,5.01,5.01,5.01,7.66,7.66,8.84,8.84,5.89,5.89,5.89,5.89,5.89,5.89,8.25,9.43,9.43,8.25,5.3,5.3,5.3,5.3
N_5_29,N_3_31,1.3110351172379104,2.15,2.15,2.15,2.15,2.15,2.15,3.57,3.57,4.2,4.2,2.62,2.62,2.62,2.62,2.62,2.62,3.88,4.51,4.51,3.88,2.31,2.31,2.31,2.31
N_5_29,N_3_27,2.1665787568453108,3.55,3.55,3.55,3.55,3.55,3.55,5.89,5.89,6.93,6.93,4.33,4.33,4.33,4.33,4.33,4.33,6.41,7.45,7.45,6.41,3.81,3.81,3.81,3.81
N_5_29,N_5_28,9.076528045981371,5.04,5.04,5.04,5.04,5.04,5.04,6.26,6.26,6.81,6.81,5.45,5.45,5.45,5.45,5.45,5.45,6.54,7.08,7.08,6.54,5.17,5.17,5.17,5.17
N_5_29,N_4_30,5.398381418911484,5.51,5.51,5.51,5.51,5.51,5.51,8.42,8.42,9.72,9.72,6.48,6.48,6.48,6.48,6.48,6.48,9.07,10.36,10.36,9.07,5.83,5.83,5.83,5.83
N_5_3,N_2_3,3.5034948861124016,3.57,3.57,3.57,3.57,3.57,3.57,5.47,5.47,6.31,6.31,4.2,4.2,4.2,4.2,4.2,4.2,5.89,6.73,6.73,5.89,3.78,3.78,3.78,3.78
N_5_3,N_5_4,14.852239991051807,8.24,8.24,8.24,8.24,8.24,8.24,10.25,10.25,11.14,11.14,8.91,8.91,8.91,8.91,8.91,8.91,10.69,11.58,11.58,10.69,8.47,8.47,8.47,8.47
N_5_3,N_7_1,1.045794761901723,1.72,1.72,1.72,1.72,1.72,1.72,2.84,2.84,3.35,3.35,2.09,2.09,2.09,2.09,2.09,2.09,3.1,3.6,3.6,3.1,1.84,1.84,1.84,1.84
N_5_3,N_3_3,12.026459945521712,6.67,6.67,6.67,6.67,6.67,6.67,8.3,8.3,9.02,9.02,7.22,7.22,7.22,7.22,7.22,7.22,8.66,9.38,9.38,8.66,6.86,6.86,6.86,6.86
N_5_30,N_3_30,1.1612234888686344,1.9,1.9,1.9,1.9,1.9,1.9,3.16,3.16,3.72,3.72,2.32,2.32,2.32,2.32,2.32,2.32,3.44,3.99,3.99,3.44,2.04,2.04,2.04,2.04
N_5_30,N_4_28,11.605072931951014,6.44,6.44,6.44,6.44,6.44,6.44,8.01,8.01,8.7,8.7,6.96,6.96,6.96,6.96,6.96,6.96,8.36,9.05,9.05,8.36,6.61,6.61,6.61,6.61
N_5_30,N_5_33,9.419546589275797,5.23,5.23,5.23,5.23,5.23,5.23,6.5,6.5,7.06,7.06,5.65,5.65,5.65,5.65,5.65,5.65,6.78,7.35,7.35,6.78,5.37,5.37,5.37,5.37
N_5_30,N_5_27,8.265549130158105,4.59,4.59,4.59,4.59,4.59,4.59,5.7,5.7,6.2,6.2,4.96,4.96,4.96,4.96,4.96,4.96,5.95,6.45,6.45,5.95,4.71,4.71,4.71,4.71
N_5_30,N_2_30,10.104297987349241,5.61,5.61,5.61,5.61,5.61,5.61,6.97,6.97,7.58,7.58,6.06,6.06,6.06,6.06,6.06,6.06,7.28,7.88,7.88,7.28,5.76,5.76,5.76,5.76
N_5_30,N_3_28,13.884977381784084,7.71,7.71,7.71,7.71,7.71,7.71,9.58,9.58,10.41,10.41,8.33,8.33,8.33,8.33,8.33,8.33,10.0,10.83,10.83,10.0,7.91,7.91,7.91,7.91
N_5_31,N_4_30,3.9247906709882585,4.0,4.0,4.0,4.0,4.0,4.0,6.12,6.12,7.06,7.06,4.71,4.71,4.71,4.71,4.71,4.71,6.59,7.54,7.54,6.59,4.24,4.24,4.24,4.24
N_5_31,N_4_29,4.108706424220345,4.19,4.19,4.19,4.19,4.19,4.19,6.41,6.41,7.4,7.4,4.93,4.93,4.93,4.93,4.93,4.93,6.9,7.89,7.89,6.9,4.44,4.44,4.44,4.44
N_5_31,N_6_29,5.6874753412593595,5.8,5.8,5.8,5.8,5.8,5.8,8.87,8.87,10.24,10.24,6.82,6.82,6.82,6.82,6.82,6.82,9.55,10.92,10.92,9.55,6.14,6.14,6.14,6.14
N_5_32,N_3_30,10.468149863427364,5.81,5.81,5.81,5.81,5.81,5.81,7.22,7.22,7.85,7.85,6.28,6.28,6.28,6.28,6.28,6.28,7.54,8.17,8.17,7.54,5.97,5.97,5.97,5.97
N_5_32,N_5_29,3.4058834566215825,3.47,3.47,3.47,3.47,3.47,3.47,5.31,5.31,6.13,6.13,4.09,4.09,4.09,4.09,4.09,4.09,5.72,6.54,6.54,5.72,3.68,3.68,3.68,3.68
N_5_32,N_7_30,11.329571780069415,6.29,6.29,6.29,6.29,6.29,6.29,7.82,7.82,8.5,8.5,6.8,6.8,6.8,6.8,6.8,6.8,8.16,8.84,8.84,8.16,6.46,6.46,6.46,6.46
N_5_32,N_7_32,5.15493465585435,5.26,5.26,5.26,5.26,5.26,5.26,8.04,8.04,9.28,9.28,6.19,6.19,6.19,6.19,6.19,6.19,8.66,9.9,9.9,8.66,5.57,5.57,5.57,5.57
N_5_33,N_4_35,14.563397961430486,8.08,8.08,8.08,8.08,8.08,8.08,10.05,10.05,10.92,10.92,8.74,8.74,8.74,8.74,8.74,8.74,10.49,11.36,11.36,10.49,8.3,8.3,8.3,8.3
N_5_33,N_5_30,9.419546589275797,5.23,5.23,5.23,5.23,5.23,5.23,6.5,6.5,7.06,7.06,5.65,5.65,5.65,5.65,5.65,5.65,6.78,7.35,7.35,6.78,5.37,5.37,5.37,5.37
N_5_33,N_5_36,5.793057681689478,5.91,5.91,5.91,5.91,5.91,5.91,9.04,9.04,10.43,10.43,6.95,6.95,6.95,6.95,6.95,6.95,9.73,11.12,11.12,9.73,6.26,6.26,6.26,6.26
N_5_33,N_4_31,12.533411962723267,6.96,6.96,6.96,6.96,6.96,6.96,8.65,8.65,9.4,9.4,7.52,7.52,7.52,7.52,7.52,7.52,9.02,9.78,9.78,9.02,7.14,7.14,7.14,7.14
N_5_33,N_4_34,10.386222755557982,5.76,5.76,5.76,5.76,5.76,5.76,7.17,7.17,7.79,7.79,6.23,6.23,6.23,6.23,6.23,6.23,7.48,8.1,8.1,7.48,5.92,5.92,5.92,5.92
N_5_34,N_3_33,6.8290789138817285,6.97,6.97,6.97,6.97,6.97,6.97,10.65,10.65,12.29,12.29,8.19,8.19,8.19,8.19,8.19,8.19,11.47,13.11,13.11,11.47,7.38,7.38,7.38,7.38
N_5_34,N_5_35,2.448212997144187,4.02,4.02,4.02,4.02,4.02,4.02,6.66,6.66,7.83,7.83,4.9,4.9,4.9,4.9,4.9,4.9,7.25,8.42,8.42,7.25,4.31,4.31,4.31,4.31
N_5_34,N_7_33,0.7201503713903064,1.18,1.18,1.18,1.18,1.18,1.18,1.96,1.96,2.3,2.3,1.44,1.44,1.44,1.44,1.44,1.44,2.13,2.48,2.48,2.13,1.27,1.27,1.27,1.27
N_5_34,N_7_35,1.1281179243019568,1.85,1.85,1.85,1.85,1.85,1.85,3.07,3.07,3.61,3.61,2.26,2.26,2.26,2.26,2.26,2.26,3.34,3.88,3.88,3.34,1.99,1.99,1.99,1.99
N_5_34,N_4_35,14.52274214287343,8.06,8.06,8.06,8.06,8.06,8.06,10.02,10.02,10.89,10.89,8.71,8.71,8.71,8.71,8.71,8.71,10.46,11.33,11.33,10.46,8.28,8.28,8.28,8.28
N_5_34,N_7_34,14.711547006700318,8.16,8.16,8.16,8.16,8.16,8.16,10.15,10.15,11.03,11.03,8.83,8.83,8.83,8.83,8.83,8.83,10.59,11.48,11.48,10.59,8.39,8.39,8.39,8.39
N_5_34,N_7_36,9.94367007067097,5.52,5.52,5.52,5.52,5.52,5.52,6.86,6.86,7.46,7.46,5.97,5.97,5.97,5.97,5.97,5.97,7.16,7.76,7.76,7.16,5.67,5.67,5.67,5.67
N_5_34,N_8_34,1.3611665535021513,2.23,2.23,2.23,2.23,2.23,2.23,3.7,3.7,4.36,4.36,2.72,2.72,2.72,2.72,2.72,2.72,4.03,4.68,4.68,4.03,2.4,2.4,2.4,2.4
N_5_35,N_2_35,11.108365217266673,6.17,6.17,6.17,6.17,6.17,6.17,7.66,7.66,8.33,8.33,6.67,6.67,6.67,6.67,6.67,6.67,8.0,8.66,8.66,8.0,6.33,6.33,6.33,6.33
N_5_35,N_3_35,5.741233367156497,5.86,5.86,5.86,5.86,5.86,5.86,8.96,8.96,10.33,10.33,6.89,6.89,6.89,6.89,6.89,6.89,9.65,11.02,11.02,9.65,6.2,6.2,6.2,6.2
N_5_35,N_5_34,2.448212997144187,4.02,4.02,4.02,4.02,4.02,4.02,6.66,6.66,7.83,7.83,4.9,4.9,4.9,4.9,4.9,4.9,7.25,8.42,8.42,7.25,4.31,4.31,4.31,4.31
N_5_35,N_4_34,4.680107641090347,4.77,4.77,4.77,4.77,4.77,4.77,7.3,7.3,8.42,8.42,5.62,5.62,5.62,5.62,5.62,5.62,7.86,8.99,8.99,7.86,5.05,5.05,5.05,5.05
N_5_35,N_5_36,1.1121438769973435,1.82,1.82,1.82,1.82,1.82,1.82,3.03,3.03,3.56,3.56,2.22,2.22,2.22,2.22,2.22,2.22,3.29,3.83,3.83,3.29,1.96,1.96,1.96,1.96
N_5_35,N_3_37,4.689832837104162,4.78,4.78,4.78,4.78,4.78,4.78,7.32,7.32,8.44,8.44,5.63,5.63,5.63,5.63,5.63,5.63,7.88,9.0,9.0,7.88,5.07,5.07,5.07,5.07
N_5_36,N_3_35,9.132065896426404,5.07,5.07,5.07,5.07,5.07,5.07,6.3,6.3,6.85,6.85,5.48,5.48,5.48,5.48,5.48,5.48,6.58,7.12,7.12,6.58,5.21,5.21,5.21,5.21
N_5_36,N_5_33,5.793057681689478,5.91,5.91,5.91,5.91,5.91,5.91,9.04,9.04,10.43,10.43,6.95,6.95,6.95,6.95,6.95,6.95,9.73,11.12,11.12,9.73,6.26,6.26,6.26,6.26
N_5_36,N_5_35,1.1121438769973435,1.82,1.82,1.82,1.82,1.82,1.82,3.03,3.03,3.56,3.56,2.22,2.22,2.22,2.22,2.22,2.22,3.29,3.83,3.83,3.29,1.96,1.96,1.96,1.96
N_5_37,N_4_38,1.1901006288088618,1.95,1.95,1.95,1.95,1.95,1.95,3.24,3.24,3.81,3.81,2.38,2.38,2.38,2.38,2.38,2.38,3.52,4.09,4.09,3.52,2.09,2.09,2.09,2.09
N_5_37,N_3_39,5.145211302002174,5.25,5.25,5.25,5.25,5.25,5.25,8.03,8.03,9.26,9.26,6.17,6.17,6.17,6.17,6.17,6.17,8.64,9.88,9.88,8.64,5.56,5.56,5.56,5.56
N_5_37,N_6_37,5.096021623440826,5.2,5.2,5.2,5.2,5.2,5.2,7.95,7.95,9.17,9.17,6.12,6.12,6.12,6.12,6.12,6.12,8.56,9.78,9.78,8.56,5.5,5.5,5.5,5.5
N_5_37,N_3_36,1.9290713144581786,3.16,3.16,3.16,3.16,3.16,3.16,5.25,5.25,6.17,6.17,3.86,3.86,3.86,3.86,3.86,3.86,5.71,6.64,6.64,5.71,3.4,3.4,3.4,3.4
N_5_37,N_6_38,12.468229769800686,6.92,6.92,6.92,6.92,6.92,6.92,8.6,8.6,9.35,9.35,7.48,7.48,7.48,7.48,7.48,7.48,8.98,9.73,9.73,8.98,7.11,7.11,7.11,7.11
N_5_37,N_6_39,6.774558450722749,6.91,6.91,6.91,6.91,6.91,6.91,10.57,10.57,12.19,12.19,8.13,8.13,8.13,8.13,8.13,8.13,11.38,13.01,13.01,11.38,7.32,7.32,7.32,7.32
N_5_37,N_6_35,9.352087983539029,5.19,5.19,5.19,5.19,5.19,5.19,6.45,6.45,7.01,7.01,5.61,5.61,5.61,5.61,5.61,5.61,6.73,7.29,7.29,6.73,5.33,5.33,5.33,5.33
N_5_37,N_5_34,3.070970459762514,3.13,3.13,3.13,3.13,3.13,3.13,4.79,4.79,5.53,5.53,3.69,3.69,3.69,3.69,3.69,3.69,5.16,5.9,5.9,5.16,3.32,3.32,3.32,3.32
N_5_38,N_4_37,6.1675212009283165,6.29,6.29,6.29,6.29,6.29,6.29,9.62,9.62,11.1,11.1,7.4,7.4,7.4,7.4,7.4,7.4,10.36,11.84,11.84,10.36,6.66,6.66,6.66,6.66
N_5_38,N_4_38,8.247230236282462,4.58,4.58,4.58,4.58,4.58,4.58,5.69,5.69,6.19,6.19,4.95,4.95,4.95,4.95,4.95,4.95,5.94,6.43,6.43,5.94,4.7,4.7,4.7,4.7
N_5_38,N_3_36,5.892871004875192,6.01,6.01,6.01,6.01,6.01,6.01,9.19,9.19,10.61,10.61,7.07,7.07,7.07,7.07,7.07,7.07,9.9,11.31,11.31,9.9,6.36,6.36,6.36,6.36
N_5_38,N_6_39,11.92830713364023,6.62,6.62,6.62,6.62,6.62,6.62,8.23,8.23,8.95,8.95,7.16,7.16,7.16,7.16,7.16,7.16,8.59,9.3,9.3,8.59,6.8,6.8,6.8,6.8
N_5_38,N_5_37,0.66800216473619,1.1,1.1,1.1,1.1,1.1,1.1,1.82,1.82,2.14,2.14,1.34,1.34,1.34,1.34,1.34,1.34,1.98,2.3,2.3,1.98,1.18,1.18,1.18,1.18
N_5_38,N_3_39,4.404377152587035,4.49,4.49,4.49,4.49,4.49,4.49,6.87,6.87,7.93,7.93,5.29,5.29,5.29,5.29,5.29,5.29,7.4,8.46,8.46,7.4,4.76,4.76,4.76,4.76
N_5_38,N_6_36,4.608682757831461,4.7,4.7,4.7,4.7,4.7,4.7,7.19,7.19,8.3,8.3,5.53,5.53,5.53,5.53,5.53,5.53,7.74,8.85,8.85,7.74,4.98,4.98,4.98,4.98
N_5_38,N_3_37,13.253458444966627,7.36,7.36,7.36,7.36,7.36,7.36,9.14,9.14,9.94,9.94,7.95,7.95,7.95,7.95,7.95,7.95,9.54,10.34,10.34,9.54,7.55,7.55,7.55,7.55
N_5_39,N_2_39,4.957636106139281,5.06,5.06,5.06,5.06,5.06,5.06,7.73,7.73,8.92,8.92,5.95,5.95,5.95,5.95,5.95,5.95,8.33,9.52,9.52,8.33,5.35,5.35,5.35,5.35
N_5_39,N_3_39,11.957381999024433,6.64,6.64,6.64,6.64,6.64,6.64,8.25,8.25,8.97,8.97,7.17,7.17,7.17,7.17,7.17,7.17,8.61,9.33,9.33,8.61,6.82,6.82,6.82,6.82
N_5_39,N_5_37,3.3976866417684595,3.47,3.47,3.47,3.47,3.47,3.47,5.3,5.3,6.12,6.12,4.08,4.08,4.08,4.08,4.08,4.08,5.71,6.52,6.52,5.71,3.67,3.67,3.67,3.67
N_5_39,N_4_37,3.4330614981622296,3.5,3.5,3.5,3.5,3.5,3.5,5.36,5.36,6.18,6.18,4.12,4.12,4.12,4.12,4.12,4.12,5.77,6.59,6.59,5.77,3.71,3.71,3.71,3.71
N_5_4,N_3_5,5.338617245983344,5.45,5.45,5.45,5.45,5.45,5.45,8.33,8.33,9.61,9.61,6.41,6.41,6.41,6.41,6.41,6.41,8.97,10.25,10.25,8.97,5.77,5.77,5.77,5.77
N_5_4,N_4_3,1.953420348859374,3.2,3.2,3.2,3.2,3.2,3.2,5.31,5.31,6.25,6.25,3.91,3.91,3.91,3.91,3.91,3.91,5.78,6.72,6.72,5.78,3.44,3.44,3.44,3.44
N_5_4,N_5_3,14.852239991051807,8.24,8.24,8.24,8.24,8.24,8.24,10.25,10.25,11.14,11.14,8.91,8.91,8.91,8.91,8.91,8.91,10.69,11.58,11.58,10.69,8.47,8.47,8.47,8.47
N_5_4,N_5_7,4.983901900096583,5.08,5.08,5.08,5.08,5.08,5.08,7.77,7.77,8.97,8.97,5.98,5.98,5.98,5.98,5.98,5.98,8.37,9.57,9.57,8.37,5.38,5.38,5.38,5.38
N_5_4,N_6_4,10.642545727504618,5.91,5.91,5.91,5.91,5.91,5.91,7.34,7.34,7.98,7.98,6.39,6.39,6.39,6.39,6.39,6.39,7.66,8.3,8.3,7.66,6.07,6.07,6.07,6.07
N_5_4,N_7_4,13.588337954542641,7.54,7.54,7.54,7.54,7.54,7.54,9.38,9.38,10.19,10.19,8.15,8.15,8.15,8.15,8.15,8.15,9.78,10.6,10.6,9.78,7.75,7.75,7.75,7.75
N_5_5,N_4_4,2.160272007337121,3.54,3.54,3.54,3.54,3.54,3.54,5.88,5.88,6.91,6.91,4.32,4.32,4.32,4.32,4.32,4.32,6.39,7.43,7.43,6.39,3.8,3.8,3.8,3.8
N_5_5,N_6_6,4.549943749684212,4.64,4.64,4.64,4.64,4.64,4.64,7.1,7.1,8.19,8.19,5.46,5.46,5.46,5.46,5.46,5.46,7.64,8.74,8.74,7.64,4.91,4.91,4.91,4.91
N_5_5,N_6_3,3.77860568044264,3.85,3.85,3.85,3.85,3.85,3.85,5.89,5.89,6.8,6.8,4.53,4.53,4.53,4.53,4.53,4.53,6.35,7.25,7.25,6.35,4.08,4.08,4.08,4.08
N_5_5,N_8_5,4.510368441246815,4.6,4.6,4.6,4.6,4.6,4.6,7.04,7.04,8.12,8.12,5.41,5.41,5.41,5.41,5.41,5.41,7.58,8.66,8.66,7.58,4.87,4.87,4.87,4.87
N_5_6,N_4_5,0.7045779663775522,1.16,1.16,1.16,1.16,1.16,1.16,1.92,1.92,2.25,2.25,1.41,1.41,1.41,1.41,1.41,1.41,2.09,2.42,2.42,2.09,1.24,1.24,1.24,1.24
N_5_6,N_4_4,6.088811214627544,6.21,6.21,6.21,6.21,6.21,6.21,9.5,9.5,10.96,10.96,7.31,7.31,7.31,7.31,7.31,7.31,10.23,11.69,11.69,10.23,6.58,6.58,6.58,6.58
N_5_6,N_2_6,1.1736284802772063,1.92,1.92,1.92,1.92,1.92,1.92,3.19,3.19,3.76,3.76,2.35,2.35,2.35,2.35,2.35,2.35,3.47,4.04,4.04,3.47,2.07,2.07,2.07,2.07
N_5_7,N_5_4,4.983901900096583,5.08,5.08,5.08,5.08,5.08,5.08,7.77,7.77,8.97,8.97,5.98,5.98,5.98,5.98,5.98,5.98,8.37,9.57,9.57,8.37,5.38,5.38,5.38,5.38
N_5_7,N_3_8,6.316511140813091,6.44,6.44,6.44,6.44,6.44,6.44,9.85,9.85,11.37,11.37,7.58,7.58,7.58,7.58,7.58,7.58,10.61,12.13,12.13,10.61,6.82,6.82,6.82,6.82
N_5_7,N_5_6,1.0636964038423615,1.74,1.74,1.74,1.74,1.74,1.74,2.89,2.89,3.4,3.4,2.13,2.13,2.13,2.13,2.13,2.13,3.15,3.66,3.66,3.15,1.87,1.87,1.87,1.87
N_5_7,N_7_5,9.120494750102706,5.06,5.06,5.06,5.06,5.06,5.06,6.29,6.29,6.84,6.84,5.47,5.47,5.47,5.47,5.47,5.47,6.57,7.11,7.11,6.57,5.2,5.2,5.2,5.2
N_5_7,N_6_9,3.5967010632473855,3.67,3.67,3.67,3.67,3.67,3.67,5.61,5.61,6.47,6.47,4.32,4.32,4.32,4.32,4.32,4.32,6.04,6.91,6.91,6.04,3.88,3.88,3.88,3.88
N_5_7,N_6_7,0.8827856887010768,1.45,1.45,1.45,1.45,1.45,1.45,2.4,2.4,2.82,2.82,1.77,1.77,1.77,1.77,1.77,1.77,2.61,3.04,3.04,2.61,1.55,1.55,1.55,1.55
N_5_8,N_3_9,0.6894257961683485,1.13,1.13,1.13,1.13,1.13,1.13,1.88,1.88,2.21,2.21,1.38,1.38,1.38,1.38,1.38,1.38,2.04,2.37,2.37,2.04,1.21,1.21,1.21,1.21
N_5_8,N_4_10,4.432030000037193,4.52,4.52,4.52,4.52,4.52,4.52,6.91,6.91,7.98,7.98,5.32,5.32,5.32,5.32,5.32,5.32,7.45,8.51,8.51,7.45,4.79,4.79,4.79,4.79
N_5_8,N_4_9,6.760468852019835,6.9,6.9,6.9,6.9,6.9,6.9,10.55,10.55,12.17,12.17,8.11,8.11,8.11,8.11,8.11,8.11,11.36,12.98,12.98,11.36,7.3,7.3,7.3,7.3
N_5_8,N_8_8,9.845859975959364,5.46,5.46,5.46,5.46,5.46,5.46,6.79,6.79,7.38,7.38,5.91,5.91,5.91,5.91,5.91,5.91,7.09,7.68,7.68,7.09,5.61,5.61,5.61,5.61
N_5_8,N_6_9,5.977428618792903,6.1,6.1,6.1,6.1,6.1,6.1,9.32,9.32,10.76,10.76,7.17,7.17,7.17,7.17,7.17,7.17,10.04,11.48,11.48,10.04,6.46,6.46,6.46,6.46
N_5_8,N_5_5,2.1084748774706528,3.46,3.46,3.46,3.46,3.46,3.46,5.74,5.74,6.75,6.75,4.22,4.22,4.22,4.22,4.22,4.22,6.24,7.25,7.25,6.24,3.71,3.71,3.71,3.71
N_5_8,N_5_9,6.387995628953397,6.52,6.52,6.52,6.52,6.52,6.52,9.97,9.97,11.5,11.5,7.67,7.67,7.67,7.67,7.67,7.67,10.73,12.26,12.26,10.73,6.9,6.9,6.9,6.9
N_5_8,N_5_10,5.396989886254506,5.5,5.5,5.5,5.5,5.5,5.5,8.42,8.42,9.71,9.71,6.48,6.48,6.48,6.48,6.48,6.48,9.07,10.36,10.36,9.07,5.83,5.83,5.83,5.83
N_5_9,N_3_11,3.374326852205299,3.44,3.44,3.44,3.44,3.44,3.44,5.26,5.26,6.07,6.07,4.05,4.05,4.05,4.05,4.05,4.05,5.67,6.48,6.48,5.67,3.64,3.64,3.64,3.64
N_5_9,N_3_8,8.799488970074432,4.88,4.88,4.88,4.88,4.88,4.88,6.07,6.07,6.6,6.6,5.28,5.28,5.28,5.28,5.28,5.28,6.34,6.86,6.86,6.34,5.02,5.02,5.02,5.02
N_5_9,N_5_8,6.387995628953397,6.52,6.52,6.52,6.52,6.52,6.52,9.97,9.97,11.5,11.5,7.67,7.67,7.67,7.67,7.67,7.67,10.73,12.26,12.26,10.73,6.9,6.9,6.9,6.9
N_5_9,N_7_7,12.453266201994637,6.91,6.91,6.91,6.91,6.91,6.91,8.59,8.59,9.34,9.34,7.47,7.47,7.47,7.47,7.47,7.47,8.97,9.71,9.71,8.97,7.1,7.1,7.1,7.1
N_5_9,N_4_7,3.0089058074271002,3.07,3.07,3.07,3.07,3.07,3.07,4.69,4.69,5.42,5.42,3.61,3.61,3.61,3.61,3.61,3.61,5.05,5.78,5.78,5.05,3.25,3.25,3.25,3.25
N_6_0,N_4_1,5.998940327639983,6.12,6.12,6.12,6.12,6.12,6.12,9.36,9.36,10.8,10.8,7.2,7.2,7.2,7.2,7.2,7.2,10.08,11.52,11.52,10.08,6.48,6.48,6.48,6.48
N_6_0,N_6_1,9.385527638584115,5.21,5.21,5.21,5.21,5.21,5.21,6.48,6.48,7.04,7.04,5.63,5.63,5.63,5.63,5.63,5.63,6.76,7.32,7.32,6.76,5.35,5.35,5.35,5.35
N_6_0,N_8_1,2.0258549289468664,3.32,3.32,3.32,3.32,3.32,3.32,5.51,5.51,6.48,6.48,4.05,4.05,4.05,4.05,4.05,4.05,6.0,6.97,6.97,6.0,3.57,3.57,3.57,3.57
N_6_0,N_6_2,3.5005730970610953,3.57,3.57,3.57,3.57,3.57,3.57,5.46,5.46,6.3,6.3,4.2,4.2,4.2,4.2,4.2,4.2,5.88,6.72,6.72,5.88,3.78,3.78,3.78,3.78
N_6_0,N_5_0,5.645569443008801,5.76,5.76,5.76,5.76,5.76,5.76,8.81,8.81,10.16,10.16,6.77,6.77,6.77,6.77,6.77,6.77,9.48,10.84,10.84,9.48,6.1,6.1,6.1,6.1
N_6_0,N_5_2,8.382568547017556,4.65,4.65,4.65,4.65,4.65,4.65,5.78,5.78,6.29,6.29,5.03,5.03,5.03,5.03,5.03,5.03,6.04,6.54,6.54,6.04,4.78,4.78,4.78,4.78
N_6_1,N_4_0,0.8333793237462548,1.37,1.37,1.37,1.37,1.37,1.37,2.27,2.27,2.67,2.67,1.67,1.67,1.67,1.67,1.67,1.67,2.47,2.87,2.87,2.47,1.47,1.47,1.47,1.47
N_6_1,N_4_3,1.261070768386449,2.07,2.07,2.07,2.07,2.07,2.07,3.43,3.43,4.04,4.04,2.52,2.52,2.52,2.52,2.52,2.52,3.73,4.34,4.34,3.73,2.22,2.22,2.22,2.22
N_6_1,N_6_0,9.385527638584115,5.21,5.21,5.21,5.21,5.21,5.21,6.48,6.48,7.04,7.04,5.63,5.63,5.63,5.63,5.63,5.63,6.76,7.32,7.32,6.76,5.35,5.35,5.35,5.35
N_6_1,N_5_1,0.6416167468474356,1.05,1.05,1.05,1.05,1.05,1.05,1.75,1.75,2.05,2.05,1.28,1.28,1.28,1.28,1.28,1.28,1.9,2.21,2.21,1.9,1.13,1.13,1.13,1.13
N_6_1,N_7_2,9.174807764488392,5.09,5.09,5.09,5.09,5.09,5.09,6.33,6.33,6.88,6.88,5.5,5.5,5.5,5.5,5.5,5.5,6.61,7.16,7.16,6.61,5.23,5.23,5.23,5.23
N_6_1,N_7_0,3.934971211561655,4.01,4.01,4.01,4.01,4.01,4.01,6.14,6.14,7.08,7.08,4.72,4.72,4.72,4.72,4.72,4.72,6.61,7.56,7.56,6.61,4.25,4.25,4.25,4.25
N_6_1,N_7_3,3.1818931206370276,3.25,3.25,3.25,3.25,3.25,3.25,4.96,4.96,5.73,5.73,3.82,3.82,3.82,3.82,3.82,3.82,5.35,6.11,6.11,5.35,3.44,3.44,3.44,3.44
N_6_1,N_4_1,0.982871772163944,1.61,1.61,1.61,1.61,1.61,1.61,2.67,2.67,3.15,3.15,1.97,1.97,1.97,1.97,1.97,1.97,2.91,3.38,3.38,2.91,1.73,1.73,1.73,1.73
N_6_10,N_6_11,1.257142048700115,2.06,2.06,2.06,2.06,2.06,2.06,3.42,3.42,4.02,4.02,2.51,2.51,2.51,2.51,2.51,2.51,3.72,4.32,4.32,3.72,2.21,2.21,2.21,2.21
N_6_10,N_6_9,5.07530148598379,5.18,5.18,5.18,5.18,5.18,5.18,7.92,7.92,9.14,9.14,6.09,6.09,6.09,6.09,6.09,6.09,8.53,9.74,9.74,8.53,5.48,5.48,5.48,5.48
N_6_10,N_5_10,8.485354663961228,4.71,4.71,4.71,4.71,4.71,4.71,5.85,5.85,6.36,6.36,5.09,5.09,5.09,5.09,5.09,5.09,6.11,6.62,6.62,6.11,4.84,4.84,4.84,4.84
N_6_10,N_7_8,4.621150040868629,4.71,4.71,4.71,4.71,4.71,4.71,7.21,7.21,8.32,8.32,5.55,5.55,5.55,5.55,5.55,5.55,7.76,8.87,8.87,7.76,4.99,4.99,4.99,4.99
N_6_10,N_8_9,2.3427063508634802,3.84,3.84,3.84,3.84,3.84,3.84,6.37,6.37,7.5,7.5,4.69,4.69,4.69,4.69,4.69,4.69,6.93,8.06,8.06,6.93,4.12,4.12,4.12,4.12
N_6_11,N_3_11,8.349429456696592,4.63,4.63,4.63,4.63,4.63,4.63,5.76,5.76,6.26,6.26,5.01,5.01,5.01,5.01,5.01,5.01,6.01,6.51,6.51,6.01,4.76,4.76,4.76,4.76
N_6_11,N_4_10,11.793999990568718,6.55,6.55,6.55,6.55,6.55,6.55,8.14,8.14,8.85,8.85,7.08,7.08,7.08,7.08,7.08,7.08,8.49,9.2,9.2,8.49,6.72,6.72,6.72,6.72
N_6_11,N_4_9,3.1572546886795307,3.22,3.22,3.22,3.22,3.22,3.22,4.93,4.93,5.68,5.68,3.79,3.79,3.79,3.79,3.79,3.79,5.3,6.06,6.06,5.3,3.41,3.41,3.41,3.41
N_6_11,N_6_10,1.257142048700115,2.06,2.06,2.06,2.06,2.06,2.06,3.42,3.42,4.02,4.02,2.51,2.51,2.51,2.51,2.51,2.51,3.72,4.32,4.32,3.72,2.21,2.21,2.21,2.21
N_6_11,N_5_13,3.6808848059747707,3.75,3.75,3.75,3.75,3.75,3.75,5.74,5.74,6.63,6.63,4.42,4.42,4.42,4.42,4.42,4.42,6.18,7.07,7.07,6.18,3.98,3.98,3.98,3.98
N_6_11,N_5_11,8.602917042476625,4.77,4.77,4.77,4.77,4.77,4.77,5.94,5.94,6.45,6.45,5.16,5.16,5.16,5.16,5.16,5.16,6.19,6.71,6.71,6.19,4.9,4.9,4.9,4.9
N_6_12,N_3_12,10.439996673462302,5.79,5.79,5.79,5.79,5.79,5.79,7.2,7.2,7.83,7.83,6.26,6.26,6.26,6.26,6.26,6.26,7.52,8.14,8.14,7.52,5.95,5.95,5.95,5.95
N_6_12,N_5_11,8.757438042007879,4.86,4.86,4.86,4.86,4.86,4.86,6.04,6.04,6.57,6.57,5.25,5.25,5.25,5.25,5.25,5.25,6.31,6.83,6.83,6.31,4.99,4.99,4.99,4.99
N_6_12,N_8_12,5.77892714133761,5.89,5.89,5.89,5.89,5.89,5.89,9.02,9.02,10.4,10.4,6.93,6.93,6.93,6.93,6.93,6.93,9.71,11.1,11.1,9.71,6.24,6.24,6.24,6.24
N_6_12,N_6_14,12.385554126125047,6.87,6.87,6.87,6.87,6.87,6.87,8.55,8.55,9.29,9.29,7.43,7.43,7.43,7.43,7.43,7.43,8.92,9.66,9.66,8.92,7.06,7.06,7.06,7.06
N_6_12,N_8_11,10.701417789037759,5.94,5.94,5.94,5.94,5.94,5.94,7.38,7.38,8.03,8.03,6.42,6.42,6.42,6.42,6.42,6.42,7.71,8.35,8.35,7.71,6.1,6.1,6.1,6.1
N_6_13,N_4_13,1.8687543963408126,3.06,3.06,3.06,3.06,3.06,3.06,5.08,5.08,5.98,5.98,3.74,3.74,3.74,3.74,3.74,3.74,5.53,6.43,6.43,5.53,3.29,3.29,3.29,3.29
N_6_13,N_8_15,0.8068676868938913,1.32,1.32,1.32,1.32,1.32,1.32,2.19,2.19,2.58,2.58,1.61,1.61,1.61,1.61,1.61,1.61,2.39,2.78,2.78,2.39,1.42,1.42,1.42,1.42
N_6_13,N_8_14,1.6068162389581653,2.64,2.64,2.64,2.64,2.64,2.64,4.37,4.37,5.14,5.14,3.21,3.21,3.21,3.21,3.21,3.21,4.76,5.53,5.53,4.76,2.83,2.83,2.83,2.83
N_6_13,N_5_15,8.547686203846563,4.74,4.74,4.74,4.74,4.74,4.74,5.9,5.9,6.41,6.41,5.13,5.13,5.13,5.13,5.13,5.13,6.15,6.67,6.67,6.15,4.87,4.87,4.87,4.87
N_6_13,N_4_11,12.03554860804459,6.68,6.68,6.68,6.68,6.68,6.68,8.3,8.3,9.03,9.03,7.22,7.22,7.22,7.22,7.22,7.22,8.67,9.39,9.39,8.67,6.86,6.86,6.86,6.86
N_6_13,N_5_11,1.4632101046653239,2.4,2.4,2.4,2.4,2.4,2.4,3.98,3.98,4.68,4.68,2.93,2.93,2.93,2.93,2.93,2.93,4.33,5.03,5.03,4.33,2.58,2.58,2.58,2.58
N_6_14,N_4_13,9.397438021213876,5.22,5.22,5.22,5.22,5.22,5.22,6.48,6.48,7.05,7.05,5.64,5.64,5.64,5.64,5.64,5.64,6.77,7.33,7.33,6.77,5.36,5.36,5.36,5.36
N_6_14,N_5_12,4.602576470632133,4.69,4.69,4.69,4.69,4.69,4.69,7.18,7.18,8.28,8.28,5.52,5.52,5.52,5.52,5.52,5.52,7.73,8.84,8.84,7.73,4.97,4.97,4.97,4.97
N_6_14,N_6_13,5.383880479570044,5.49,5.49,5.49,5.49,5.49,5.49,8.4,8.4,9.69,9.69,6.46,6.46,6.46,6.46,6.46,6.46,9.04,10.34,10.34,9.04,5.81,5.81,5.81,5.81
N_6_15,N_6_13,3.694538306874935,3.77,3.77,3.77,3.77,3.77,3.77,5.76,5.76,6.65,6.65,4.43,4.43,4.43,4.43,4.43,4.43,6.21,7.09,7.09,6.21,3.99,3.99,3.99,3.99
N_6_15,N_4_17,12.667664256404567,7.03,7.03,7.03,7.03,7.03,7.03,8.74,8.74,9.5,9.5,7.6,7.6,7.6,7.6,7.6,7.6,9.12,9.88,9.88,9.12,7.22,7.22,7.22,7.22
N_6_15,N_4_13,3.4443437357909183,3.51,3.51,3.51,3.51,3.51,3.51,5.37,5.37,6.2,6.2,4.13,4.13,4.13,4.13,4.13,4.13,5.79,6.61,6.61,5.79,3.72,3.72,3.72,3.72
N_6_15,N_6_12,13.725833827904765,7.62,7.62,7.62,7.62,7.62,7.62,9.47,9.47,10.29,10.29,8.24,8.24,8.24,8.24,8.24,8.24,9.88,10.71,10.71,9.88,7.82,7.82,7.82,7.82
N_6_15,N_6_17,6.384351896805162,6.51,6.51,6.51,6.51,6.51,6.51,9.96,9.96,11.49,11.49,7.66,7.66,7.66,7.66,7.66,7.66,10.73,12.26,12.26,10.73,6.9,6.9,6.9,6.9
N_6_15,N_8_15,6.151125200163676,6.27,6.27,6.27,6.27,6.27,6.27,9.6,9.6,11.07,11.07,7.38,7.38,7.38,7.38,7.38,7.38,10.33,11.81,11.81,10.33,6.64,6.64,6.64,6.64
N_6_15,N_5_17,5.507197753020227,5.62,5.62,5.62,5.62,5.62,5.62,8.59,8.59,9.91,9.91,6.61,6.61,6.61,6.61,6.61,6.61,9.25,10.57,10.57,9.25,5.95,5.95,5.95,5.95
N_6_15,N_5_15,2.2108314220754517,3.63,3.63,3.63,3.63,3.63,3.63,6.01,6.01,7.07,7.07,4.42,4.42,4.42,4.42,4.42,4.42,6.54,7.61,7.61,6.54,3.89,3.89,3.89,3.89
N_6_16,N_4_16,4.607860614864886,4.7,4.7,4.7,4.7,4.7,4.7,7.19,7.19,8.29,8.29,5.53,5.53,5.53,5.53,5.53,5.53,7.74,8.85,8.85,7.74,4.98,4.98,4.98,4.98
N_6_16,N_4_17,1.8661812123760877,3.06,3.06,3.06,3.06,3.06,3.06,5.08,5.08,5.97,5.97,3.73,3.73,3.73,3.73,3.73,3.73,5.52,6.42,6.42,5.52,3.28,3.28,3.28,3.28
N_6_16,N_4_18,4.650767769100614,4.74,4.74,4.74,4.74,4.74,4.74,7.26,7.26,8.37,8.37,5.58,5.58,5.58,5.58,5.58,5.58,7.81,8.93,8.93,7.81,5.02,5.02,5.02,5.02
N_6_16,N_8_18,4.268039754767398,4.35,4.35,4.35,4.35,4.35,4.35,6.66,6.66,7.68,7.68,5.12,5.12,5.12,5.12,5.12,5.12,7.17,8.19,8.19,7.17,4.61,4.61,4.61,4.61
N_6_17,N_5_17,9.958707225107288,5.53,5.53,5.53,5.53,5.53,5.53,6.87,6.87,7.47,7.47,5.98,5.98,5.98,5.98,5.98,5.98,7.17,7.77,7.77,7.17,5.68,5.68,5.68,5.68
N_6_17,N_6_15,6.384351896805162,6.51,6.51,6.51,6.51,6.51,6.51,9.96,9.96,11.49,11.49,7.66,7.66,7.66,7.66,7.66,7.66,10.73,12.26,12.26,10.73,6.9,6.9,6.9,6.9
N_6_17,N_8_18,4.69424225410053,4.79,4.79,4.79,4.79,4.79,4.79,7.32,7.32,8.45,8.45,5.63,5.63,5.63,5.63,5.63,5.63,7.89,9.01,9.01,7.89,5.07,5.07,5.07,5.07
N_6_17,N_5_16,1.7189784138061839,2.82,2.82,2.82,2.82,2.82,2.82,4.68,4.68,5.5,5.5,3.44,3.44,3.44,3.44,3.44,3.44,5.09,5.91,5.91,5.09,3.03,3.03,3.03,3.03
N_6_17,N_6_20,1.3690908294009425,2.25,2.25,2.25,2.25,2.25,2.25,3.72,3.72,4.38,4.38,2.74,2.74,2.74,2.74,2.74,2.74,4.05,4.71,4.71,4.05,2.41,2.41,2.41,2.41
N_6_17,N_6_18,9.577297281256813,5.32,5.32,5.32,5.32,5.32,5.32,6.61,6.61,7.18,7.18,5.75,5.75,5.75,5.75,5.75,5.75,6.9,7.47,7.47,6.9,5.46,5.46,5.46,5.46
N_6_17,N_7_15,12.000956201100413,6.66,6.66,6.66,6.66,6.66,6.66,8.28,8.28,9.0,9.0,7.2,7.2,7.2,7.2,7.2,7.2,8.64,9.36,9.36,8.64,6.84,6.84,6.84,6.84
N_6_18,N_4_20,9.715020944196034,5.39,5.39,5.39,5.39,5.39,5.39,6.7,6.7,7.29,7.29,5.83,5.83,5.83,5.83,5.83,5.83,6.99,7.58,7.58,6.99,5.54,5.54,5.54,5.54
N_6_18,N_6_17,9.577297281256813,5.32,5.32,5.32,5.32,5.32,5.32,6.61,6.61,7.18,7.18,5.75,5.75,5.75,5.75,5.75,5.75,6.9,7.47,7.47,6.9,5.46,5.46,5.46,5.46
N_6_18,N_5_19,5.080944606018695,5.18,5.18,5.18,5.18,5.18,5.18,7.93,7.93,9.15,9.15,6.1,6.1,6.1,6.1,6.1,6.1,8.54,9.76,9.76,8.54,5.49,5.49,5.49,5.49
N_6_18,N_6_20,14.452563548303765,8.02,8.02,8.02,8.02,8.02,8.02,9.97,9.97,10.84,10.84,8.67,8.67,8.67,8.67,8.67,8.67,10.41,11.27,11.27,10.41,8.24,8.24,8.24,8.24
N_6_19,N_3_19,5.639704280547356,5.75,5.75,5.75,5.75,5.75,5.75,8.8,8.8,10.15,10.15,6.77,6.77,6.77,6.77,6.77,6.77,9.47,10.83,10.83,9.47,6.09,6.09,6.09,6.09
N_6_19,N_8_17,6.639385145564569,6.77,6.77,6.77,6.77,6.77,6.77,10.36,10.36,11.95,11.95,7.97,7.97,7.97,7.97,7.97,7.97,11.15,12.75,12.75,11.15,7.17,7.17,7.17,7.17
N_6_19,N_8_21,11.370372092087019,6.31,6.31,6.31,6.31,6.31,6.31,7.85,7.85,8.53,8.53,6.82,6.82,6.82,6.82,6.82,6.82,8.19,8.87,8.87,8.19,6.48,6.48,6.48,6.48
N_6_19,N_7_21,3.6869217432229022,3.76,3.76,3.76,3.76,3.76,3.76,5.75,5.75,6.64,6.64,4.42,4.42,4.42,4.42,4.42,4.42,6.19,7.08,7.08,6.19,3.98,3.98,3.98,3.98
N_6_19,N_4_20,9.06360839389771,5.03,5.03,5.03,5.03,5.03,5.03,6.25,6.25,6.8,6.8,5.44,5.44,5.44,5.44,5.44,5.44,6.53,7.07,7.07,6.53,5.17,5.17,5.17,5.17
N_6_19,N_7_17,10.73121446129689,5.96,5.96,5.96,5.96,5.96,5.96,7.4,7.4,8.05,8.05,6.44,6.44,6.44,6.44,6.44,6.44,7.73,8.37,8.37,7.73,6.12,6.12,6.12,6.12
N_6_19,N_7_19,10.887194136157952,6.04,6.04,6.04,6.04,6.04,6.04,7.51,7.51,8.17,8.17,6.53,6.53,6.53,6.53,6.53,6.53,7.84,8.49,8.49,7.84,6.21,6.21,6.21,6.21
N_6_2,N_4_0,5.572007770040577,5.68,5.68,5.68,5.68,5.68,5.68,8.69,8.69,10.03,10.03,6.69,6.69,6.69,6.69,6.69,6.69,9.36,10.7,10.7,9.36,6.02,6.02,6.02,6.02
N_6_2,N_4_1,2.205429845733479,3.62,3.62,3.62,3.62,3.62,3.62,6.0,6.0,7.06,7.06,4.41,4.41,4.41,4.41,4.41,4.41,6.53,7.59,7.59,6.53,3.88,3.88,3.88,3.88
N_6_2,N_9_2,5.257300137331201,5.36,5.36,5.36,5.36,5.36,5.36,8.2,8.2,9.46,9.46,6.31,6.31,6.31,6.31,6.31,6.31,8.83,10.09,10.09,8.83,5.68,5.68,5.68,5.68
N_6_2,N_8_4,13.03868161261136,7.24,7.24,7.24,7.24,7.24,7.24,9.0,9.0,9.78,9.78,7.82,7.82,7.82,7.82,7.82,7.82,9.39,10.17,10.17,9.39,7.43,7.43,7.43,7.43
N_6_2,N_5_2,8.450734223100469,4.69,4.69,4.69,4.69,4.69,4.69,5.83,5.83,6.34,6.34,5.07,5.07,5.07,5.07,5.07,5.07,6.08,6.59,6.59,6.08,4.82,4.82,4.82,4.82
N_6_2,N_7_1,2.4263506520154694,3.98,3.98,3.98,3.98,3.98,3.98,6.6,6.6,7.76,7.76,4.85,4.85,4.85,4.85,4.85,4.85,7.18,8.35,8.35,7.18,4.27,4.27,4.27,4.27
N_6_20,N_5_21,10.450442483586063,5.8,5.8,5.8,5.8,5.8,5.8,7.21,7.21,7.84,7.84,6.27,6.27,6.27,6.27,6.27,6.27,7.52,8.15,8.15,7.52,5.96,5.96,5.96,5.96
N_6_20,N_5_22,6.6078576415578585,6.74,6.74,6.74,6.74,6.74,6.74,10.31,10.31,11.89,11.89,7.93,7.93,7.93,7.93,7.93,7.93,11.1,12.69,12.69,11.1,7.14,7.14,7.14,7.14
N_6_20,N_6_17,1.3690908294009425,2.25,2.25,2.25,2.25,2.25,2.25,3.72,3.72,4.38,4.38,2.74,2.74,2.74,2.74,2.74,2.74,4.05,4.71,4.71,4.05,2.41,2.41,2.41,2.41
N_6_21,N_5_23,3.0775445498282132,3.14,3.14,3.14,3.14,3.14,3.14,4.8,4.8,5.54,5.54,3.69,3.69,3.69,3.69,3.69,3.69,5.17,5.91,5.91,5.17,3.32,3.32,3.32,3.32
N_6_21,N_7_22,2.0249933886476583,3.32,3.32,3.32,3.32,3.32,3.32,5.51,5.51,6.48,6.48,4.05,4.05,4.05,4.05,4.05,4.05,5.99,6.97,6.97,5.99,3.56,3.56,3.56,3.56
N_6_21,N_6_20,3.735568016847055,3.81,3.81,3.81,3.81,3.81,3.81,5.83,5.83,6.72,6.72,4.48,4.48,4.48,4.48,4.48,4.48,6.28,7.17,7.17,6.28,4.03,4.03,4.03,4.03
N_6_22,N_4_20,0.8461186688423461,1.39,1.39,1.39,1.39,1.39,1.39,2.3,2.3,2.71,2.71,1.69,1.69,1.69,1.69,1.69,1.69,2.5,2.91,2.91,2.5,1.49,1.49,1.49,1.49
N_6_22,N_4_21,14.708083108559508,8.16,8.16,8.16,8.16,8.16,8.16,10.15,10.15,11.03,11.03,8.82,8.82,8.82,8.82,8.82,8.82,10.59,11.47,11.47,10.59,8.38,8.38,8.38,8.38
N_6_22,N_4_22,3.968672625567472,4.05,4.05,4.05,4.05,4.05,4.05,6.19,6.19,7.14,7.14,4.76,4.76,4.76,4.76,4.76,4.76,6.67,7.62,7.62,6.67,4.29,4.29,4.29,4.29
N_6_22,N_5_22,12.965621830049077,7.2,7.2,7.2,7.2,7.2,7.2,8.95,8.95,9.72,9.72,7.78,7.78,7.78,7.78,7.78,7.78,9.34,10.11,10.11,9.34,7.39,7.39,7.39,7.39
N_6_22,N_6_23,3.323056221972736,3.39,3.39,3.39,3.39,3.39,3.39,5.18,5.18,5.98,5.98,3.99,3.99,3.99,3.99,3.99,3.99,5.58,6.38,6.38,5.58,3.59,3.59,3.59,3.59
N_6_22,N_8_23,5.754542366795723,5.87,5.87,5.87,5.87,5.87,5.87,8.98,8.98,10.36,10.36,6.91,6.91,6.91,6.91,6.91,6.91,9.67,11.05,11.05,9.67,6.21,6.21,6.21,6.21
N_6_23,N_5_22,5.097933881781584,5.2,5.2,5.2,5.2,5.2,5.2,7.95,7.95,9.18,9.18,6.12,6.12,6.12,6.12,6.12,6.12,8.56,9.79,9.79,8.56,5.51,5.51,5.51,5.51
N_6_23,N_6_22,3.323056221972736,3.39,3.39,3.39,3.39,3.39,3.39,5.18,5.18,5.98,5.98,3.99,3.99,3.99,3.99,3.99,3.99,5.58,6.38,6.38,5.58,3.59,3.59,3.59,3.59
N_6_23,N_8_21,11.198276447625892,6.22,6.22,6.22,6.22,6.22,6.22,7.73,7.73,8.4,8.4,6.72,6.72,6.72,6.72,6.72,6.72,8.06,8.73,8.73,8.06,6.38,6.38,6.38,6.38
N_6_23,N_6_26,3.566183264536282,3.64,3.64,3.64,3.64,3.64,3.64,5.56,5.56,6.42,6.42,4.28,4.28,4.28,4.28,4.28,4.28,5.99,6.85,6.85,5.99,3.85,3.85,3.85,3.85
N_6_24,N_5_24,11.250154391154567,6.24,6.24,6.24,6.24,6.24,6.24,7.76,7.76,8.44,8.44,6.75,6.75,6.75,6.75,6.75,6.75,8.1,8.78,8.78,8.1,6.41,6.41,6.41,6.41
N_6_24,N_8_25,4.160599463843672,4.24,4.24,4.24,4.24,4.24,4.24,6.49,6.49,7.49,7.49,4.99,4.99,4.99,4.99,4.99,4.99,6.99,7.99,7.99,6.99,4.49,4.49,4.49,4.49
N_6_24,N_7_24,3.3994095125555344,3.47,3.47,3.47,3.47,3.47,3.47,5.3,5.3,6.12,6.12,4.08,4.08,4.08,4.08,4.08,4.08,5.71,6.53,6.53,5.71,3.67,3.67,3.67,3.67
N_6_24,N_4_25,10.850517526978745,6.02,6.02,6.02,6.02,6.02,6.02,7.49,7.49,8.14,8.14,6.51,6.51,6.51,6.51,6.51,6.51,7.81,8.46,8.46,7.81,6.18,6.18,6.18,6.18
N_6_24,N_8_22,2.1602710886791012,3.54,3.54,3.54,3.54,3.54,3.54,5.88,5.88,6.91,6.91,4.32,4.32,4.32,4.32,4.32,4.32,6.39,7.43,7.43,6.39,3.8,3.8,3.8,3.8
N_6_24,N_4_23,8.907157481238448,4.94,4.94,4.94,4.94,4.94,4.94,6.15,6.15,6.68,6.68,5.34,5.34,5.34,5.34,5.34,5.34,6.41,6.95,6.95,6.41,5.08,5.08,5.08,5.08
N_6_24,N_7_25,4.271404529157769,4.36,4.36,4.36,4.36,4.36,4.36,6.66,6.66,7.69,7.69,5.13,5.13,5.13,5.13,5.13,5.13,7.18,8.2,8.2,7.18,4.61,4.61,4.61,4.61
N_6_24,N_6_21,6.224214595793051,6.35,6.35,6.35,6.35,6.35,6.35,9.71,9.71,11.2,11.2,7.47,7.47,7.47,7.47,7.47,7.47,10.46,11.95,11.95,10.46,6.72,6.72,6.72,6.72
N_6_25,N_8_23,1.9803400048206143,3.25,3.25,3.25,3.25,3.25,3.25,5.39,5.39,6.34,6.34,3.96,3.96,3.96,3.96,3.96,3.96,5.86,6.81,6.81,5.86,3.49,3.49,3.49,3.49
N_6_25,N_4_26,1.1121250167033672,1.82,1.82,1.82,1.82,1.82,1.82,3.02,3.02,3.56,3.56,2.22,2.22,2.22,2.22,2.22,2.22,3.29,3.83,3.83,3.29,1.96,1.96,1.96,1.96
N_6_25,N_7_25,10.379036569767177,5.76,5.76,5.76,5.76,5.76,5.76,7.16,7.16,7.78,7.78,6.23,6.23,6.23,6.23,6.23,6.23,7.47,8.1,8.1,7.47,5.92,5.92,5.92,5.92
N_6_25,N_8_27,10.548926832728535,5.85,5.85,5.85,5.85,5.85,5.85,7.28,7.28,7.91,7.91,6.33,6.33,6.33,6.33,6.33,6.33,7.6,8.23,8.23,7.6,6.01,6.01,6.01,6.01
N_6_25,N_3_25,14.402448112571868,7.99,7.99,7.99,7.99,7.99,7.99,9.94,9.94,10.8,10.8,8.64,8.64,8.64,8.64,8.64,8.64,10.37,11.23,11.23,10.37,8.21,8.21,8.21,8.21
N_6_25,N_7_24,1.1386825964829677,1.87,1.87,1.87,1.87,1.87,1.87,3.1,3.1,3.64,3.64,2.28,2.28,2.28,2.28,2.28,2.28,3.37,3.92,3.92,3.37,2.0,2.0,2.0,2.0
N_6_25,N_6_22,1.4260136849481073,2.34,2.34,2.34,2.34,2.34,2.34,3.88,3.88,4.56,4.56,2.85,2.85,2.85,2.85,2.85,2.85,4.22,4.91,4.91,4.22,2.51,2.51,2.51,2.51
N_6_25,N_6_27,3.7086731613238437,3.78,3.78,3.78,3.78,3.78,3.78,5.79,5.79,6.68,6.68,4.45,4.45,4.45,4.45,4.45,4.45,6.23,7.12,7.12,6.23,4.01,4.01,4.01,4.01
N_6_26,N_3_26,4.8522221443777696,4.95,4.95,4.95,4.95,4.95,4.95,7.57,7.57,8.73,8.73,5.82,5.82,5.82,5.82,5.82,5.82,8.15,9.32,9.32,8.15,5.24,5.24,5.24,5.24
N_6_26,N_6_27,5.810072729840183,5.93,5.93,5.93,5.93,5.93,5.93,9.06,9.06,10.46,10.46,6.97,6.97,6.97,6.97,6.97,6.97,9.76,11.16,11.16,9.76,6.27,6.27,6.27,6.27
N_6_26,N_5_24,5.6430035153280915,5.76,5.76,5.76,5.76,5.76,5.76,8.8,8.8,10.16,10.16,6.77,6.77,6.77,6.77,6.77,6.77,9.48,10.83,10.83,9.48,6.09,6.09,6.09,6.09
N_6_27,N_5_29,4.9115290169477355,5.01,5.01,5.01,5.01,5.01,5.01,7.66,7.66,8.84,8.84,5.89,5.89,5.89,5.89,5.89,5.89,8.25,9.43,9.43,8.25,5.3,5.3,5.3,5.3
N_6_27,N_6_25,3.7086731613238437,3.78,3.78,3.78,3.78,3.78,3.78,5.79,5.79,6.68,6.68,4.45,4.45,4.45,4.45,4.45,4.45,6.23,7.12,7.12,6.23,4.01,4.01,4.01,4.01
N_6_27,N_5_28,4.000456491861894,4.08,4.08,4.08,4.08,4.08,4.08,6.24,6.24,7.2,7.2,4.8,4.8,4.8,4.8,4.8,4.8,6.72,7.68,7.68,6.72,4.32,4.32,4.32,4.32
N_6_27,N_6_26,3.3510525821840864,3.42,3.42,3.42,3.42,3.42,3.42,5.23,5.23,6.03,6.03,4.02,4.02,4.02,4.02,4.02,4.02,5.63,6.43,6.43,5.63,3.62,3.62,3.62,3.62
N_6_27,N_6_29,6.915623959666557,7.05,7.05,7.05,7.05,7.05,7.05,10.79,10.79,12.45,12.45,8.3,8.3,8.3,8.3,8.3,8.3,11.62,13.28,13.28,11.62,7.47,7.47,7.47,7.47
N_6_28,N_7_26,14.918725188410074,8.28,8.28,8.28,8.28,8.28,8.28,10.29,10.29,11.19,11.19,8.95,8.95,8.95,8.95,8.95,8.95,10.74,11.64,11.64,10.74,8.5,8.5,8.5,8.5
N_6_28,N_8_27,3.4233094674489966,3.49,3.49,3.49,3.49,3.49,3.49,5.34,5.34,6.16,6.16,4.11,4.11,4.11,4.11,4.11,4.11,5.75,6.57,6.57,5.75,3.7,3.7,3.7,3.7
N_6_28,N_5_26,13.859710767907758,7.69,7.69,7.69,7.69,7.69,7.69,9.56,9.56,10.39,10.39,8.32,8.32,8.32,8.32,8.32,8.32,9.98,10.81,10.81,9.98,7.9,7.9,7.9,7.9
N_6_28,N_6_27,5.309264388199354,5.42,5.42,5.42,5.42,5.42,5.42,8.28,8.28,9.56,9.56,6.37,6.37,6.37,6.37,6.37,6.37,8.92,10.19,10.19,8.92,5.73,5.73,5.73,5.73
N_6_28,N_7_28,4.866169247184173,4.96,4.96,4.96,4.96,4.96,4.96,7.59,7.59,8.76,8.76,5.84,5.84,5.84,5.84,5.84,5.84,8.18,9.34,9.34,8.18,5.26,5.26,5.26,5.26
N_6_28,N_8_28,1.8918633668712865,3.1,3.1,3.1,3.1,3.1,3.1,5.15,5.15,6.05,6.05,3.78,3.78,3.78,3.78,3.78,3.78,5.6,6.51,6.51,5.6,3.33,3.33,3.33,3.33
N_6_28,N_4_30,2.212601540222263,3.63,3.63,3.63,3.63,3.63,3.63,6.02,6.02,7.08,7.08,4.43,4.43,4.43,4.43,4.43,4.43,6.55,7.61,7.61,6.55,3.89,3.89,3.89,3.89
N_6_29,N_3_29,11.555247785953021,6.41,6.41,6.41,6.41,6.41,6.41,7.97,7.97,8.67,8.67,6.93,6.93,6.93,6.93,6.93,6.93,8.32,9.01,9.01,8.32,6.59,6.59,6.59,6.59
N_6_29,N_4_28,6.505206238328678,6.64,6.64,6.64,6.64,6.64,6.64,10.15,10.15,11.71,11.71,7.81,7.81,7.81,7.81,7.81,7.81,10.93,12.49,12.49,10.93,7.03,7.03,7.03,7.03
N_6_29,N_7_27,4.985765832286641,5.09,5.09,5.09,5.09,5.09,5.09,7.78,7.78,8.97,8.97,5.98,5.98,5.98,5.98,5.98,5.98,8.38,9.57,9.57,8.38,5.38,5.38,5.38,5.38
N_6_29,N_4_31,5.4468779519096975,5.56,5.56,5.56,5.56,5.56,5.56,8.5,8.5,9.8,9.8,6.54,6.54,6.54,6.54,6.54,6.54,9.15,10.46,10.46,9.15,5.88,5.88,5.88,5.88
N_6_29,N_5_31,6.295450219428208,6.42,6.42,6.42,6.42,6.42,6.42,9.82,9.82,11.33,11.33,7.55,7.55,7.55,7.55,7.55,7.55,10.58,12.09,12.09,10.58,6.8,6.8,6.8,6.8
N_6_3,N_4_5,3.146801635068917,3.21,3.21,3.21,3.21,3.21,3.21,4.91,4.91,5.66,5.66,3.78,3.78,3.78,3.78,3.78,3.78,5.29,6.04,6.04,5.29,3.4,3.4,3.4,3.4
N_6_3,N_5_5,3.77860568044264,3.85,3.85,3.85,3.85,3.85,3.85,5.89,5.89,6.8,6.8,4.53,4.53,4.53,4.53,4.53,4.53,6.35,7.25,7.25,6.35,4.08,4.08,4.08,4.08
N_6_3,N_6_5,13.602325306351341,7.55,7.55,7.55,7.55,7.55,7.55,9.39,9.39,10.2,10.2,8.16,8.16,8.16,8.16,8.16,8.16,9.79,10.61,10.61,9.79,7.75,7.75,7.75,7.75
N_6_3,N_5_1,5.609037665116881,5.72,5.72,5.72,5.72,5.72,5.72,8.75,8.75,10.1,10.1,6.73,6.73,6.73,6.73,6.73,6.73,9.42,10.77,10.77,9.42,6.06,6.06,6.06,6.06
N_6_3,N_4_1,1.7736608193909889,2.91,2.91,2.91,2.91,2.91,2.91,4.82,4.82,5.68,5.68,3.55,3.55,3.55,3.55,3.55,3.55,5.25,6.1,6.1,5.25,3.12,3.12,3.12,3.12
N_6_30,N_8_32,6.820980509919633,6.96,6.96,6.96,6.96,6.96,6.96,10.64,10.64,12.28,12.28,8.19,8.19,8.19,8.19,8.19,8.19,11.46,13.1,13.1,11.46,7.37,7.37,7.37,7.37
N_6_30,N_6_29,1.8043094824243182,2.96,2.96,2.96,2.96,2.96,2.96,4.91,4.91,5.77,5.77,3.61,3.61,3.61,3.61,3.61,3.61,5.34,6.21,6.21,5.34,3.18,3.18,3.18,3.18
N_6_30,N_5_28,4.863883509209505,4.96,4.96,4.96,4.96,4.96,4.96,7.59,7.59,8.75,8.75,5.84,5.84,5.84,5.84,5.84,5.84,8.17,9.34,9.34,8.17,5.25,5.25,5.25,5.25
N_6_30,N_8_31,14.448441079278107,8.02,8.02,8.02,8.02,8.02,8.02,9.97,9.97,10.84,10.84,8.67,8.67,8.67,8.67,8.67,8.67,10.4,11.27,11.27,10.4,8.24,8.24,8.24,8.24
N_6_30,N_8_28,12.603122556051495,6.99,6.99,6.99,6.99,6.99,6.99,8.7,8.7,9.45,9.45,7.56,7.56,7.56,7.56,7.56,7.56,9.07,9.83,9.83,9.07,7.18,7.18,7.18,7.18
N_6_31,N_4_29,5.455645517975974,5.56,5.56,5.56,5.56,5.56,5.56,8.51,8.51,9.82,9.82,6.55,6.55,6.55,6.55,6.55,6.55,9.17,10.47,10.47,9.17,5.89,5.89,5.89,5.89
N_6_31,N_5_31,6.848021183557648,6.98,6.98,6.98,6.98,6.98,6.98,10.68,10.68,12.33,12.33,8.22,8.22,8.22,8.22,8.22,8.22,11.5,13.15,13.15,11.5,7.4,7.4,7.4,7.4
N_6_31,N_5_33,4.570351818652779,4.66,4.66,4.66,4.66,4.66,4.66,7.13,7.13,8.23,8.23,5.48,5.48,5.48,5.48,5.48,5.48,7.68,8.78,8.78,7.68,4.94,4.94,4.94,4.94
N_6_31,N_7_29,4.254247894714943,4.34,4.34,4.34,4.34,4.34,4.34,6.64,6.64,7.66,7.66,5.11,5.11,5.11,5.11,5.11,5.11,7.15,8.17,8.17,7.15,4.59,4.59,4.59,4.59
N_6_31,N_7_33,3.475524553201898,3.55,3.55,3.55,3.55,3.55,3.55,5.42,5.42,6.26,6.26,4.17,4.17,4.17,4.17,4.17,4.17,5.84,6.67,6.67,5.84,3.75,3.75,3.75,3.75
N_6_31,N_7_30,12.159648707731094,6.75,6.75,6.75,6.75,6.75,6.75,8.39,8.39,9.12,9.12,7.3,7.3,7.3,7.3,7.3,7.3,8.75,9.48,9.48,8.75,6.93,6.93,6.93,6.93
N_6_32,N_4_33,1.31767877152908,2.16,2.16,2.16,2.16,2.16,2.16,3.58,3.58,4.22,4.22,2.64,2.64,2.64,2.64,2.64,2.64,3.9,4.53,4.53,3.9,2.32,2.32,2.32,2.32
N_6_32,N_5_31,14.820625187189705,8.23,8.23,8.23,8.23,8.23,8.23,10.23,10.23,11.12,11.12,8.89,8.89,8.89,8.89,8.89,8.89,10.67,11.56,11.56,10.67,8.45,8.45,8.45,8.45
N_6_32,N_9_32,1.2209023768246292,2.0,2.0,2.0,2.0,2.0,2.0,3.32,3.32,3.91,3.91,2.44,2.44,2.44,2.44,2.44,2.44,3.61,4.2,4.2,3.61,2.15,2.15,2.15,2.15
N_6_32,N_7_33,4.566511783336313,4.66,4.66,4.66,4.66,4.66,4.66,7.12,7.12,8.22,8.22,5.48,5.48,5.48,5.48,5.48,5.48,7.67,8.77,8.77,7.67,4.93,4.93,4.93,4.93
N_6_32,N_4_32,11.946029184348664,6.63,6.63,6.63,6.63,6.63,6.63,8.24,8.24,8.96,8.96,7.17,7.17,7.17,7.17,7.17,7.17,8.6,9.32,9.32,8.6,6.81,6.81,6.81,6.81
N_6_32,N_5_34,6.826207537498106,6.96,6.96,6.96,6.96,6.96,6.96,10.65,10.65,12.29,12.29,8.19,8.19,8.19,8.19,8.19,8.19,11.47,13.11,13.11,11.47,7.37,7.37,7.37,7.37
N_6_32,N_8_34,6.023299181035028,6.14,6.14,6.14,6.14,6.14,6.14,9.4,9.4,10.84,10.84,7.23,7.23,7.23,7.23,7.23,7.23,10.12,11.56,11.56,10.12,6.51,6.51,6.51,6.51
N_6_32,N_6_33,3.118654889988883,3.18,3.18,3.18,3.18,3.18,3.18,4.87,4.87,5.61,5.61,3.74,3.74,3.74,3.74,3.74,3.74,5.24,5.99,5.99,5.24,3.37,3.37,3.37,3.37
N_6_33,N_3_33,3.2287372393980522,3.29,3.29,3.29,3.29,3.29,3.29,5.04,5.04,5.81,5.81,3.87,3.87,3.87,3.87,3.87,3.87,5.42,6.2,6.2,5.42,3.49,3.49,3.49,3.49
N_6_33,N_7_33,0.9244919673456666,1.52,1.52,1.52,1.52,1.52,1.52,2.51,2.51,2.96,2.96,1.85,1.85,1.85,1.85,1.85,1.85,2.74,3.18,3.18,2.74,1.63,1.63,1.63,1.63
N_6_33,N_5_32,11.488933141611664,6.38,6.38,6.38,6.38,6.38,6.38,7.93,7.93,8.62,8.62,6.89,6.89,6.89,6.89,6.89,6.89,8.27,8.96,8.96,8.27,6.55,6.55,6.55,6.55
N_6_33,N_5_34,5.68865687583725,5.8,5.8,5.8,5.8,5.8,5.8,8.87,8.87,10.24,10.24,6.83,6.83,6.83,6.83,6.83,6.83,9.56,10.92,10.92,9.56,6.14,6.14,6.14,6.14
N_6_33,N_6_36,12.5231620368234,6.95,6.95,6.95,6.95,6.95,6.95,8.64,8.64,9.39,9.39,7.51,7.51,7.51,7.51,7.51,7.51,9.02,9.77,9.77,9.02,7.14,7.14,7.14,7.14
N_6_33,N_7_35,0.8833723452174418,1.45,1.45,1.45,1.45,1.45,1.45,2.4,2.4,2.83,2.83,1.77,1.77,1.77,1.77,1.77,1.77,2.61,3.04,3.04,2.61,1.55,1.55,1.55,1.55
N_6_34,N_3_34,3.776330020883683,3.85,3.85,3.85,3.85,3.85,3.85,5.89,5.89,6.8,6.8,4.53,4.53,4.53,4.53,4.53,4.53,6.34,7.25,7.25,6.34,4.08,4.08,4.08,4.08
N_6_34,N_6_33,4.831646227039663,4.93,4.93,4.93,4.93,4.93,4.93,7.54,7.54,8.7,8.7,5.8,5.8,5.8,5.8,5.8,5.8,8.12,9.28,9.28,8.12,5.22,5.22,5.22,5.22
N_6_34,N_4_34,6.754204211116074,6.89,6.89,6.89,6.89,6.89,6.89,10.54,10.54,12.16,12.16,8.11,8.11,8.11,8.11,8.11,8.11,11.35,12.97,12.97,11.35,7.29,7.29,7.29,7.29
N_6_34,N_4_36,0.6342701309350984,1.04,1.04,1.04,1.04,1.04,1.04,1.73,1.73,2.03,2.03,1.27,1.27,1.27,1.27,1.27,1.27,1.88,2.18,2.18,1.88,1.12,1.12,1.12,1.12
N_6_34,N_4_35,8.270710001816738,4.59,4.59,4.59,4.59,4.59,4.59,5.71,5.71,6.2,6.2,4.96,4.96,4.96,4.96,4.96,4.96,5.95,6.45,6.45,5.95,4.71,4.71,4.71,4.71
N_6_34,N_9_34,1.0057028131088421,1.65,1.65,1.65,1.65,1.65,1.65,2.74,2.74,3.22,3.22,2.01,2.01,2.01,2.01,2.01,2.01,2.98,3.46,3.46,2.98,1.77,1.77,1.77,1.77
N_6_34,N_5_34,5.396530493367413,5.5,5.5,5.5,5.5,5.5,5.5,8.42,8.42,9.71,9.71,6.48,6.48,6.48,6.48,6.48,6.48,9.07,10.36,10.36,9.07,5.83,5.83,5.83,5.83
N_6_34,N_7_32,1.2647850987661111,2.07,2.07,2.07,2.07,2.07,2.07,3.44,3.44,4.05,4.05,2.53,2.53,2.53,2.53,2.53,2.53,3.74,4.35,4.35,3.74,2.23,2.23,2.23,2.23
N_6_35,N_5_37,9.352087983539029,5.19,5.19,5.19,5.19,5.19,5.19,6.45,6.45,7.01,7.01,5.61,5.61,5.61,5.61,5.61,5.61,6.73,7.29,7.29,6.73,5.33,5.33,5.33,5.33
N_6_35,N_7_37,1.521815705793702,2.5,2.5,2.5,2.5,2.5,2.5,4.14,4.14,4.87,4.87,3.04,3.04,3.04,3.04,3.04,3.04,4.5,5.24,5.24,4.5,2.68,2.68,2.68,2.68
N_6_35,N_4_33,4.118913089687558,4.2,4.2,4.2,4.2,4.2,4.2,6.43,6.43,7.41,7.41,4.94,4.94,4.94,4.94,4.94,4.94,6.92,7.91,7.91,6.92,4.45,4.45,4.45,4.45
N_6_35,N_7_34,10.002503412538005,5.55,5.55,5.55,5.55,5.55,5.55,6.9,6.9,7.5,7.5,6.0,6.0,6.0,6.0,6.0,6.0,7.2,7.8,7.8,7.2,5.7,5.7,5.7,5.7
N_6_36,N_4_34,9.718285393823804,5.39,5.39,5.39,5.39,5.39,5.39,6.71,6.71,7.29,7.29,5.83,5.83,5.83,5.83,5.83,5.83,7.0,7.58,7.58,7.0,5.54,5.54,5.54,5.54
N_6_36,N_6_33,12.5231620368234,6.95,6.95,6.95,6.95,6.95,6.95,8.64,8.64,9.39,9.39,7.51,7.51,7.51,7.51,7.51,7.51,9.02,9.77,9.77,9.02,7.14,7.14,7.14,7.14
N_6_36,N_5_38,4.462699338891191,4.55,4.55,4.55,4.55,4.55,4.55,6.96,6.96,8.03,8.03,5.36,5.36,5.36,5.36,5.36,5.36,7.5,8.57,8.57,7.5,4.82,4.82,4.82,4.82
N_6_36,N_8_38,14.167274533921944,7.86,7.86,7.86,7.86,7.86,7.86,9.78,9.78,10.63,10.63,8.5,8.5,8.5,8.5,8.5,8.5,10.2,11.05,11.05,10.2,8.08,8.08,8.08,8.08
N_6_37,N_5_37,5.096021623440826,5.2,5.2,5.2,5.2,5.2,5.2,7.95,7.95,9.17,9.17,6.12,6.12,6.12,6.12,6.12,6.12,8.56,9.78,9.78,8.56,5.5,5.5,5.5,5.5
N_6_37,N_8_36,4.666296759786618,4.76,4.76,4.76,4.76,4.76,4.76,7.28,7.28,8.4,8.4,5.6,5.6,5.6,5.6,5.6,5.6,7.84,8.96,8.96,7.84,5.04,5.04,5.04,5.04
N_6_37,N_4_38,6.470109106685452,6.6,6.6,6.6,6.6,6.6,6.6,10.09,10.09,11.65,11.65,7.76,7.76,7.76,7.76,7.76,7.76,10.87,12.42,12.42,10.87,6.99,6.99,6.99,6.99
N_6_37,N_8_35,14.33417313772255,7.96,7.96,7.96,7.96,7.96,7.96,9.89,9.89,10.75,10.75,8.6,8.6,8.6,8.6,8.6,8.6,10.32,11.18,11.18,10.32,8.17,8.17,8.17,8.17
N_6_38,N_5_37,12.468229769800686,6.92,6.92,6.92,6.92,6.92,6.92,8.6,8.6,9.35,9.35,7.48,7.48,7.48,7.48,7.48,7.48,8.98,9.73,9.73,8.98,7.11,7.11,7.11,7.11
N_6_38,N_3_38,3.0052392286539114,3.07,3.07,3.07,3.07,3.07,3.07,4.69,4.69,5.41,5.41,3.61,3.61,3.61,3.61,3.61,3.61,5.05,5.77,5.77,5.05,3.25,3.25,3.25,3.25
N_6_38,N_7_36,5.581895098565398,5.69,5.69,5.69,5.69,5.69,5.69,8.71,8.71,10.05,10.05,6.7,6.7,6.7,6.7,6.7,6.7,9.38,10.72,10.72,9.38,6.03,6.03,6.03,6.03
N_6_38,N_4_36,5.17099498257968,5.27,5.27,5.27,5.27,5.27,5.27,8.07,8.07,9.31,9.31,6.21,6.21,6.21,6.21,6.21,6.21,8.69,9.93,9.93,8.69,5.58,5.58,5.58,5.58
N_6_38,N_6_36,12.829815923238618,7.12,7.12,7.12,7.12,7.12,7.12,8.85,8.85,9.62,9.62,7.7,7.7,7.7,7.7,7.7,7.7,9.24,10.01,10.01,9.24,7.31,7.31,7.31,7.31
N_6_38,N_9_38,4.2224575280981345,4.31,4.31,4.31,4.31,4.31,4.31,6.59,6.59,7.6,7.6,5.07,5.07,5.07,5.07,5.07,5.07,7.09,8.11,8.11,7.09,4.56,4.56,4.56,4.56
N_6_39,N_4_37,5.400809561234503,5.51,5.51,5.51,5.51,5.51,5.51,8.43,8.43,9.72,9.72,6.48,6.48,6.48,6.48,6.48,6.48,9.07,10.37,10.37,9.07,5.83,5.83,5.83,5.83
N_6_39,N_5_37,6.774558450722749,6.91,6.91,6.91,6.91,6.91,6.91,10.57,10.57,12.19,12.19,8.13,8.13,8.13,8.13,8.13,8.13,11.38,13.01,13.01,11.38,7.32,7.32,7.32,7.32
N_6_39,N_8_38,10.792366970648041,5.99,5.99,5.99,5.99,5.99,5.99,7.45,7.45,8.09,8.09,6.48,6.48,6.48,6.48,6.48,6.48,7.77,8.42,8.42,7.77,6.15,6.15,6.15,6.15
N_6_39,N_7_39,3.3423996262879405,3.41,3.41,3.41,3.41,3.41,3.41,5.21,5.21,6.02,6.02,4.01,4.01,4.01,4.01,4.01,4.01,5.62,6.42,6.42,5.62,3.61,3.61,3.61,3.61
N_6_39,N_6_36,5.224657863966243,5.33,5.33,5.33,5.33,5.33,5.33,8.15,8.15,9.4,9.4,6.27,6.27,6.27,6.27,6.27,6.27,8.78,10.03,10.03,8.78,5.64,5.64,5.64,5.64
N_6_39,N_8_39,12.917158974926911,7.17,7.17,7.17,7.17,7.17,7.17,8.91,8.91,9.69,9.69,7.75,7.75,7.75,7.75,7.75,7.75,9.3,10.08,10.08,9.3,7.36,7.36,7.36,7.36
N_6_4,N_5_4,10.642545727504618,5.91,5.91,5.91,5.91,5.91,5.91,7.34,7.34,7.98,7.98,6.39,6.39,6.39,6.39,6.39,6.39,7.66,8.3,8.3,7.66,6.07,6.07,6.07,6.07
N_6_4,N_8_2,4.812046816926834,4.91,4.91,4.91,4.91,4.91,4.91,7.51,7.51,8.66,8.66,5.77,5.77,5.77,5.77,5.77,5.77,8.08,9.24,9.24,8.08,5.2,5.2,5.2,5.2
N_6_4,N_7_2,1.324567736435495,2.17,2.17,2.17,2.17,2.17,2.17,3.6,3.6,4.24,4.24,2.65,2.65,2.65,2.65,2.65,2.65,3.92,4.56,4.56,3.92,2.33,2.33,2.33,2.33
N_6_4,N_3_4,3.269494536268436,3.33,3.33,3.33,3.33,3.33,3.33,5.1,5.1,5.89,5.89,3.92,3.92,3.92,3.92,3.92,3.92,5.49,6.28,6.28,5.49,3.53,3.53,3.53,3.53
N_6_4,N_8_6,2.3503077775315013,3.85,3.85,3.85,3.85,3.85,3.85,6.39,6.39,7.52,7.52,4.7,4.7,4.7,4.7,4.7,4.7,6.96,8.09,8.09,6.96,4.14,4.14,4.14,4.14
N_6_4,N_4_6,6.260968181673743,6.39,6.39,6.39,6.39,6.39,6.39,9.77,9.77,11.27,11.27,7.51,7.51,7.51,7.51,7.51,7.51,10.52,12.02,12.02,10.52,6.76,6.76,6.76,6.76
N_6_5,N_3_5,4.661094747486221,4.75,4.75,4.75,4.75,4.75,4.75,7.27,7.27,8.39,8.39,5.59,5.59,5.59,5.59,5.59,5.59,7.83,8.95,8.95,7.83,5.03,5.03,5.03,5.03
N_6_5,N_4_6,14.598089952446347,8.1,8.1,8.1,8.1,8.1,8.1,10.07,10.07,10.95,10.95,8.76,8.76,8.76,8.76,8.76,8.76,10.51,11.39,11.39,10.51,8.32,8.32,8.32,8.32
N_6_5,N_6_3,13.602325306351341,7.55,7.55,7.55,7.55,7.55,7.55,9.39,9.39,10.2,10.2,8.16,8.16,8.16,8.16,8.16,8.16,9.79,10.61,10.61,9.79,7.75,7.75,7.75,7.75
N_6_5,N_8_7,11.22498675227964,6.23,6.23,6.23,6.23,6.23,6.23,7.75,7.75,8.42,8.42,6.73,6.73,6.73,6.73,6.73,6.73,8.08,8.76,8.76,8.08,6.4,6.4,6.4,6.4
N_6_5,N_8_5,6.748281518631062,6.88,6.88,6.88,6.88,6.88,6.88,10.53,10.53,12.15,12.15,8.1,8.1,8.1,8.1,8.1,8.1,11.34,12.96,12.96,11.34,7.29,7.29,7.29,7.29
N_6_5,N_5_5,1.344521899838613,2.21,2.21,2.21,2.21,2.21,2.21,3.66,3.66,4.3,4.3,2.69,2.69,2.69,2.69,2.69,2.69,3.98,4.63,4.63,3.98,2.37,2.37,2.37,2.37
N_6_6,N_4_5,2.101406180317362,3.45,3.45,3.45,3.45,3.45,3.45,5.72,5.72,6.72,6.72,4.2,4.2,4.2,4.2,4.2,4.2,6.22,7.23,7.23,6.22,3.7,3.7,3.7,3.7
N_6_6,N_5_5,4.549943749684212,4.64,4.64,4.64,4.64,4.64,4.64,7.1,7.1,8.19,8.19,5.46,5.46,5.46,5.46,5.46,5.46,7.64,8.74,8.74,7.64,4.91,4.91,4.91,4.91
N_6_6,N_8_8,6.123906760910124,6.25,6.25,6.25,6.25,6.25,6.25,9.55,9.55,11.02,11.02,7.35,7.35,7.35,7.35,7.35,7.35,10.29,11.76,11.76,10.29,6.61,6.61,6.61,6.61
N_6_6,N_5_4,11.108969886048905,6.17,6.17,6.17,6.17,6.17,6.17,7.67,7.67,8.33,8.33,6.67,6.67,6.67,6.67,6.67,6.67,8.0,8.66,8.66,8.0,6.33,6.33,6.33,6.33
N_6_7,N_5_7,0.8827856887010768,1.45,1.45,1.45,1.45,1.45,1.45,2.4,2.4,2.82,2.82,1.77,1.77,1.77,1.77,1.77,1.77,2.61,3.04,3.04,2.61,1.55,1.55,1.55,1.55
N_6_7,N_3_7,12.117615344270478,6.73,6.73,6.73,6.73,6.73,6.73,8.36,8.36,9.09,9.09,7.27,7.27,7.27,7.27,7.27,7.27,8.72,9.45,9.45,8.72,6.91,6.91,6.91,6.91
N_6_7,N_4_6,14.692018089714729,8.15,8.15,8.15,8.15,8.15,8.15,10.14,10.14,11.02,11.02,8.82,8.82,8.82,8.82,8.82,8.82,10.58,11.46,11.46,10.58,8.37,8.37,8.37,8.37
N_6_7,N_8_9,3.6836617375386194,3.76,3.76,3.76,3.76,3.76,3.76,5.75,5.75,6.63,6.63,4.42,4.42,4.42,4.42,4.42,4.42,6.19,7.07,7.07,6.19,3.98,3.98,3.98,3.98
N_6_8,N_4_6,2.22320450947911,3.65,3.65,3.65,3.65,3.65,3.65,6.05,6.05,7.11,7.11,4.45,4.45,4.45,4.45,4.45,4.45,6.58,7.65,7.65,6.58,3.91,3.91,3.91,3.91
N_6_8,N_8_8,12.741996072009474,7.07,7.07,7.07,7.07,7.07,7.07,8.79,8.79,9.56,9.56,7.65,7.65,7.65,7.65,7.65,7.65,9.17,9.94,9.94,9.17,7.26,7.26,7.26,7.26
N_6_8,N_5_10,5.6732481418688785,5.79,5.79,5.79,5.79,5.79,5.79,8.85,8.85,10.21,10.21,6.81,6.81,6.81,6.81,6.81,6.81,9.53,10.89,10.89,9.53,6.13,6.13,6.13,6.13
N_6_8,N_4_8,6.274025713382507,6.4,6.4,6.4,6.4,6.4,6.4,9.79,9.79,11.29,11.29,7.53,7.53,7.53,7.53,7.53,7.53,10.54,12.05,12.05,10.54,6.78,6.78,6.78,6.78
N_6_8,N_3_8,5.3074999574437705,5.41,5.41,5.41,5.41,5.41,5.41,8.28,8.28,9.55,9.55,6.37,6.37,6.37,6.37,6.37,6.37,8.92,10.19,10.19,8.92,5.73,5.73,5.73,5.73
N_6_8,N_6_6,3.209261292777486,3.27,3.27,3.27,3.27,3.27,3.27,5.01,5.01,5.78,5.78,3.85,3.85,3.85,3.85,3.85,3.85,5.39,6.16,6.16,5.39,3.47,3.47,3.47,3.47
N_6_9,N_5_10,6.7943341729540405,6.93,6.93,6.93,6.93,6.93,6.93,10.6,10.6,12.23,12.23,8.15,8.15,8.15,8.15,8.15,8.15,11.41,13.05,13.05,11.41,7.34,7.34,7.34,7.34
N_6_9,N_5_7,3.5967010632473855,3.67,3.67,3.67,3.67,3.67,3.67,5.61,5.61,6.47,6.47,4.32,4.32,4.32,4.32,4.32,4.32,6.04,6.91,6.91,6.04,3.88,3.88,3.88,3.88
N_6_9,N_6_10,5.07530148598379,5.18,5.18,5.18,5.18,5.18,5.18,7.92,7.92,9.14,9.14,6.09,6.09,6.09,6.09,6.09,6.09,8.53,9.74,9.74,8.53,5.48,5.48,5.48,5.48
N_6_9,N_8_7,1.5961217114994393,2.62,2.62,2.62,2.62,2.62,2.62,4.34,4.34,5.11,5.11,3.19,3.19,3.19,3.19,3.19,3.19,4.72,5.49,5.49,4.72,2.81,2.81,2.81,2.81
N_6_9,N_8_11,6.873542251117161,7.01,7.01,7.01,7.01,7.01,7.01,10.72,10.72,12.37,12.37,8.25,8.25,8.25,8.25,8.25,8.25,11.55,13.2,13.2,11.55,7.42,7.42,7.42,7.42
N_6_9,N_7_10,1.4409607346615612,2.36,2.36,2.36,2.36,2.36,2.36,3.92,3.92,4.61,4.61,2.88,2.88,2.88,2.88,2.88,2.88,4.27,4.96,4.96,4.27,2.54,2.54,2.54,2.54
N_6_9,N_4_11,5.159329541922833,5.26,5.26,5.26,5.26,5.26,5.26,8.05,8.05,9.29,9.29,6.19,6.19,6.19,6.19,6.19,6.19,8.67,9.91,9.91,8.67,5.57,5.57,5.57,5.57
N_7_0,N_10_0,5.0432994779486435,5.14,5.14,5.14,5.14,5.14,5.14,7.87,7.87,9.08,9.08,6.05,6.05,6.05,6.05,6.05,6.05,8.47,9.68,9.68,8.47,5.45,5.45,5.45,5.45
N_7_0,N_6_1,3.934971211561655,4.01,4.01,4.01,4.01,4.01,4.01,6.14,6.14,7.08,7.08,4.72,4.72,4.72,4.72,4.72,4.72,6.61,7.56,7.56,6.61,4.25,4.25,4.25,4.25
N_7_0,N_5_2,9.28213071445566,5.15,5.15,5.15,5.15,5.15,5.15,6.4,6.4,6.96,6.96,5.57,5.57,5.57,5.57,5.57,5.57,6.68,7.24,7.24,6.68,5.29,5.29,5.29,5.29
N_7_0,N_6_0,9.89996678686857,5.49,5.49,5.49,5.49,5.49,5.49,6.83,6.83,7.42,7.42,5.94,5.94,5.94,5.94,5.94,5.94,7.13,7.72,7.72,7.13,5.64,5.64,5.64,5.64
N_7_0,N_8_1,6.5882230156937,6.72,6.72,6.72,6.72,6.72,6.72,10.28,10.28,11.86,11.86,7.91,7.91,7.91,7.91,7.91,7.91,11.07,12.65,12.65,11.07,7.12,7.12,7.12,7.12
N_7_0,N_8_0,2.1778516237118466,3.57,3.57,3.57,3.57,3.57,3.57,5.92,5.92,6.97,6.97,4.36,4.36,4.36,4.36,4.36,4.36,6.45,7.49,7.49,6.45,3.83,3.83,3.83,3.83
N_7_0,N_6_2,5.596211898882965,5.71,5.71,5.71,5.71,5.71,5.71,8.73,8.73,10.07,10.07,6.72,6.72,6.72,6.72,6.72,6.72,9.4,10.74,10.74,9.4,6.04,6.04,6.04,6.04
N_7_1,N_6_2,2.4263506520154694,3.98,3.98,3.98,3.98,3.98,3.98,6.6,6.6,7.76,7.76,4.85,4.85,4.85,4.85,4.85,4.85,7.18,8.35,8.35,7.18,4.27,4.27,4.27,4.27
N_7_1,N_5_3,6.562084404138899,6.69,6.69,6.69,6.69,6.69,6.69,10.24,10.24,11.81,11.81,7.87,7.87,7.87,7.87,7.87,7.87,11.02,12.6,12.6,11.02,7.09,7.09,7.09,7.09
N_7_1,N_9_2,5.408267689793235,5.52,5.52,5.52,5.52,5.52,5.52,8.44,8.44,9.73,9.73,6.49,6.49,6.49,6.49,6.49,6.49,9.09,10.38,10.38,9.09,5.84,5.84,5.84,5.84
N_7_1,N_8_3,5.653953045339773,5.77,5.77,5.77,5.77,5.77,5.77,8.82,8.82,10.18,10.18,6.78,6.78,6.78,6.78,6.78,6.78,9.5,10.86,10.86,9.5,6.11,6.11,6.11,6.11
N_7_1,N_9_0,3.8351794258108103,3.91,3.91,3.91,3.91,3.91,3.91,5.98,5.98,6.9,6.9,4.6,4.6,4.6,4.6,4.6,4.6,6.44,7.36,7.36,6.44,4.14,4.14,4.14,4.14
N_7_10,N_5_11,6.032893084251257,6.15,6.15,6.15,6.15,6.15,6.15,9.41,9.41,10.86,10.86,7.24,7.24,7.24,7.24,7.24,7.24,10.14,11.58,11.58,10.14,6.52,6.52,6.52,6.52
N_7_10,N_6_9,1.4409607346615612,2.36,2.36,2.36,2.36,2.36,2.36,3.92,3.92,4.61,4.61,2.88,2.88,2.88,2.88,2.88,2.88,4.27,4.96,4.96,4.27,2.54,2.54,2.54,2.54
N_7_10,N_8_9,3.959969546431642,4.04,4.04,4.04,4.04,4.04,4.04,6.18,6.18,7.13,7.13,4.75,4.75,4.75,4.75,4.75,4.75,6.65,7.6,7.6,6.65,4.28,4.28,4.28,4.28
N_7_11,N_4_11,2.327180901923297,3.82,3.82,3.82,3.82,3.82,3.82,6.33,6.33,7.45,7.45,4.65,4.65,4.65,4.65,4.65,4.65,6.89,8.01,8.01,6.89,4.1,4.1,4.1,4.1
N_7_11,N_6_13,0.6348115583791689,1.04,1.04,1.04,1.04,1.04,1.04,1.73,1.73,2.03,2.03,1.27,1.27,1.27,1.27,1.27,1.27,1.88,2.18,2.18,1.88,1.12,1.12,1.12,1.12
N_7_11,N_6_11,4.137075254268988,4.22,4.22,4.22,4.22,4.22,4.22,6.45,6.45,7.45,7.45,4.96,4.96,4.96,4.96,4.96,4.96,6.95,7.94,7.94,6.95,4.47,4.47,4.47,4.47
N_7_11,N_5_9,1.3367396174081119,2.19,2.19,2.19,2.19,2.19,2.19,3.64,3.64,4.28,4.28,2.67,2.67,2.67,2.67,2.67,2.67,3.96,4.6,4.6,3.96,2.35,2.35,2.35,2.35
N_7_11,N_5_12,3.4205593505519176,3.49,3.49,3.49,3.49,3.49,3.49,5.34,5.34,6.16,6.16,4.1,4.1,4.1,4.1,4.1,4.1,5.75,6.57,6.57,5.75,3.69,3.69,3.69,3.69
N_7_11,N_7_9,12.889699541780008,7.15,7.15,7.15,7.15,7.15,7.15,8.89,8.89,9.67,9.67,7.73,7.73,7.73,7.73,7.73,7.73,9.28,10.05,10.05,9.28,7.35,7.35,7.35,7.35
N_7_12,N_4_12,13.134637517056014,7.29,7.29,7.29,7.29,7.29,7.29,9.06,9.06,9.85,9.85,7.88,7.88,7.88,7.88,7.88,7.88,9.46,10.25,10.25,9.46,7.49,7.49,7.49,7.49
N_7_12,N_5_14,4.0268104259597735,4.11,4.11,4.11,4.11,4.11,4.11,6.28,6.28,7.25,7.25,4.83,4.83,4.83,4.83,4.83,4.83,6.77,7.73,7.73,6.77,4.35,4.35,4.35,4.35
N_7_12,N_7_9,3.304105965439726,3.37,3.37,3.37,3.37,3.37,3.37,5.15,5.15,5.95,5.95,3.96,3.96,3.96,3.96,3.96,3.96,5.55,6.34,6.34,5.55,3.57,3.57,3.57,3.57
N_7_12,N_6_13,5.819571660169794,5.94,5.94,5.94,5.94,5.94,5.94,9.08,9.08,10.48,10.48,6.98,6.98,6.98,6.98,6.98,6.98,9.78,11.17,11.17,9.78,6.29,6.29,6.29,6.29
N_7_12,N_8_14,6.645328817526282,6.78,6.78,6.78,6.78,6.78,6.78,10.37,10.37,11.96,11.96,7.97,7.97,7.97,7.97,7.97,7.97,11.16,12.76,12.76,11.16,7.18,7.18,7.18,7.18
N_7_12,N_6_14,1.0450177846865842,1.71,1.71,1.71,1.71,1.71,1.71,2.84,2.84,3.34,3.34,2.09,2.09,2.09,2.09,2.09,2.09,3.09,3.59,3.59,3.09,1.84,1.84,1.84,1.84
N_7_13,N_9_11,0.9159703234949819,1.5,1.5,1.5,1.5,1.5,1.5,2.49,2.49,2.93,2.93,1.83,1.83,1.83,1.83,1.83,1.83,2.71,3.15,3.15,2.71,1.61,1.61,1.61,1.61
N_7_13,N_9_14,4.7459151738930565,4.84,4.84,4.84,4.84,4.84,4.84,7.4,7.4,8.54,8.54,5.7,5.7,5.7,5.7,5.7,5.7,7.97,9.11,9.11,7.97,5.13,5.13,5.13,5.13
N_7_13,N_8_11,6.717869725009771,6.85,6.85,6.85,6.85,6.85,6.85,10.48,10.48,12.09,12.09,8.06,8.06,8.06,8.06,8.06,8.06,11.29,12.9,12.9,11.29,7.26,7.26,7.26,7.26
N_7_13,N_10_13,3.544736100062006,3.62,3.62,3.62,3.62,3.62,3.62,5.53,5.53,6.38,6.38,4.25,4.25,4.25,4.25,4.25,4.25,5.96,6.81,6.81,5.96,3.83,3.83,3.83,3.83
N_7_14,N_9_12,1.0319195782799537,1.69,1.69,1.69,1.69,1.69,1.69,2.81,2.81,3.3,3.3,2.06,2.06,2.06,2.06,2.06,2.06,3.05,3.55,3.55,3.05,1.82,1.82,1.82,1.82
N_7_14,N_5_16,2.008784558724548,3.29,3.29,3.29,3.29,3.29,3.29,5.46,5.46,6.43,6.43,4.02,4.02,4.02,4.02,4.02,4.02,5.95,6.91,6.91,5.95,3.54,3.54,3.54,3.54
N_7_14,N_10_14,4.473131670961935,4.56,4.56,4.56,4.56,4.56,4.56,6.98,6.98,8.05,8.05,5.37,5.37,5.37,5.37,5.37,5.37,7.51,8.59,8.59,7.51,4.83,4.83,4.83,4.83
N_7_15,N_6_17,12.000956201100413,6.66,6.66,6.66,6.66,6.66,6.66,8.28,8.28,9.0,9.0,7.2,7.2,7.2,7.2,7.2,7.2,8.64,9.36,9.36,8.64,6.84,6.84,6.84,6.84
N_7_15,N_5_16,2.120213112952742,3.48,3.48,3.48,3.48,3.48,3.48,5.77,5.77,6.78,6.78,4.24,4.24,4.24,4.24,4.24,4.24,6.28,7.29,7.29,6.28,3.73,3.73,3.73,3.73
N_7_15,N_6_16,12.964300514329366,7.2,7.2,7.2,7.2,7.2,7.2,8.95,8.95,9.72,9.72,7.78,7.78,7.78,7.78,7.78,7.78,9.33,10.11,10.11,9.33,7.39,7.39,7.39,7.39
N_7_15,N_8_14,13.087746201431084,7.26,7.26,7.26,7.26,7.26,7.26,9.03,9.03,9.82,9.82,7.85,7.85,7.85,7.85,7.85,7.85,9.42,10.21,10.21,9.42,7.46,7.46,7.46,7.46
N_7_15,N_5_13,4.161415067560727,4.24,4.24,4.24,4.24,4.24,4.24,6.49,6.49,7.49,7.49,4.99,4.99,4.99,4.99,4.99,4.99,6.99,7.99,7.99,6.99,4.49,4.49,4.49,4.49
N_7_15,N_6_14,6.1589887648927535,6.28,6.28,6.28,6.28,6.28,6.28,9.61,9.61,11.09,11.09,7.39,7.39,7.39,7.39,7.39,7.39,10.35,11.83,11.83,10.35,6.65,6.65,6.65,6.65
N_7_15,N_6_13,2.0915275879184625,3.43,3.43,3.43,3.43,3.43,3.43,5.69,5.69,6.69,6.69,4.18,4.18,4.18,4.18,4.18,4.18,6.19,7.19,7.19,6.19,3.68,3.68,3.68,3.68
N_7_15,N_10_15,8.727992682970935,4.84,4.84,4.84,4.84,4.84,4.84,6.02,6.02,6.55,6.55,5.24,5.24,5.24,5.24,5.24,5.24,6.28,6.81,6.81,6.28,4.97,4.97,4.97,4.97
N_7_16,N_5_18,3.868866230359593,3.95,3.95,3.95,3.95,3.95,3.95,6.04,6.04,6.96,6.96,4.64,4.64,4.64,4.64,4.64,4.64,6.5,7.43,7.43,6.5,4.18,4.18,4.18,4.18
N_7_16,N_8_18,12.9817284736649,7.2,7.2,7.2,7.2,7.2,7.2,8.96,8.96,9.74,9.74,7.79,7.79,7.79,7.79,7.79,7.79,9.35,10.13,10.13,9.35,7.4,7.4,7.4,7.4
N_7_16,N_7_19,12.828485489943947,7.12,7.12,7.12,7.12,7.12,7.12,8.85,8.85,9.62,9.62,7.7,7.7,7.7,7.7,7.7,7.7,9.24,10.01,10.01,9.24,7.31,7.31,7.31,7.31
N_7_16,N_7_17,4.408997104604811,4.5,4.5,4.5,4.5,4.5,4.5,6.88,6.88,7.94,7.94,5.29,5.29,5.29,5.29,5.29,5.29,7.41,8.47,8.47,7.41,4.76,4.76,4.76,4.76
N_7_16,N_9_16,3.1160296800901723,3.18,3.18,3.18,3.18,3.18,3.18,4.86,4.86,5.61,5.61,3.74,3.74,3.74,3.74,3.74,3.74,5.23,5.98,5.98,5.23,3.37,3.37,3.37,3.37
N_7_17,N_5_18,2.2175704992292697,3.64,3.64,3.64,3.64,3.64,3.64,6.03,6.03,7.1,7.1,4.44,4.44,4.44,4.44,4.44,4.44,6.56,7.63,7.63,6.56,3.9,3.9,3.9,3.9
N_7_17,N_5_19,12.79696801797732,7.1,7.1,7.1,7.1,7.1,7.1,8.83,8.83,9.6,9.6,7.68,7.68,7.68,7.68,7.68,7.68,9.21,9.98,9.98,9.21,7.29,7.29,7.29,7.29
N_7_17,N_6_19,10.73121446129689,5.96,5.96,5.96,5.96,5.96,5.96,7.4,7.4,8.05,8.05,6.44,6.44,6.44,6.44,6.44,6.44,7.73,8.37,8.37,7.73,6.12,6.12,6.12,6.12
N_7_17,N_7_16,4.408997104604811,4.5,4.5,4.5,4.5,4.5,4.5,6.88,6.88,7.94,7.94,5.29,5.29,5.29,5.29,5.29,5.29,7.41,8.47,8.47,7.41,4.76,4.76,4.76,4.76
N_7_17,N_6_18,13.049384695420095,7.24,7.24,7.24,7.24,7.24,7.24,9.0,9.0,9.79,9.79,7.83,7.83,7.83,7.83,7.83,7.83,9.4,10.18,10.18,9.4,7.44,7.44,7.44,7.44
N_7_17,N_8_18,13.314447579022112,7.39,7.39,7.39,7.39,7.39,7.39,9.19,9.19,9.99,9.99,7.99,7.99,7.99,7.99,7.99,7.99,9.59,10.39,10.39,9.59,7.59,7.59,7.59,7.59
N_7_17,N_9_18,3.2133641636511228,3.28,3.28,3.28,3.28,3.28,3.28,5.01,5.01,5.78,5.78,3.86,3.86,3.86,3.86,3.86,3.86,5.4,6.17,6.17,5.4,3.47,3.47,3.47,3.47
N_7_17,N_5_17,6.992846342196953,7.13,7.13,7.13,7.13,7.13,7.13,10.91,10.91,12.59,12.59,8.39,8.39,8.39,8.39,8.39,8.39,11.75,13.43,13.43,11.75,7.55,7.55,7.55,7.55
N_7_18,N_5_17,4.614847316071543,4.71,4.71,4.71,4.71,4.71,4.71,7.2,7.2,8.31,8.31,5.54,5.54,5.54,5.54,5.54,5.54,7.75,8.86,8.86,7.75,4.98,4.98,4.98,4.98
N_7_18,N_5_19,5.306460833850155,5.41,5.41,5.41,5.41,5.41,5.41,8.28,8.28,9.55,9.55,6.37,6.37,6.37,6.37,6.37,6.37,8.91,10.19,10.19,8.91,5.73,5.73,5.73,5.73
N_7_18,N_5_20,4.472363545378444,4.56,4.56,4.56,4.56,4.56,4.56,6.98,6.98,8.05,8.05,5.37,5.37,5.37,5.37,5.37,5.37,7.51,8.59,8.59,7.51,4.83,4.83,4.83,4.83
N_7_18,N_6_18,6.59189576792166,6.72,6.72,6.72,6.72,6.72,6.72,10.28,10.28,11.87,11.87,7.91,7.91,7.91,7.91,7.91,7.91,11.07,12.66,12.66,11.07,7.12,7.12,7.12,7.12
N_7_18,N_8_18,5.273383866049638,5.38,5.38,5.38,5.38,5.38,5.38,8.23,8.23,9.49,9.49,6.33,6.33,6.33,6.33,6.33,6.33,8.86,10.12,10.12,8.86,5.7,5.7,5.7,5.7
N_7_18,N_9_18,4.471378207964243,4.56,4.56,4.56,4.56,4.56,4.56,6.98,6.98,8.05,8.05,5.37,5.37,5.37,5.37,5.37,5.37,7.51,8.59,8.59,7.51,4.83,4.83,4.83,4.83
N_7_18,N_8_17,5.594153143167212,5.71,5.71,5.71,5.71,5.71,5.71,8.73,8.73,10.07,10.07,6.71,6.71,6.71,6.71,6.71,6.71,9.4,10.74,10.74,9.4,6.04,6.04,6.04,6.04
N_7_19,N_5_19,6.7730933126503405,6.91,6.91,6.91,6.91,6.91,6.91,10.57,10.57,12.19,12.19,8.13,8.13,8.13,8.13,8.13,8.13,11.38,13.0,13.0,11.38,7.31,7.31,7.31,7.31
N_7_19,N_7_16,12.828485489943947,7.12,7.12,7.12,7.12,7.12,7.12,8.85,8.85,9.62,9.62,7.7,7.7,7.7,7.7,7.7,7.7,9.24,10.01,10.01,9.24,7.31,7.31,7.31,7.31
N_7_19,N_5_18,3.385122772266454,3.45,3.45,3.45,3.45,3.45,3.45,5.28,5.28,6.09,6.09,4.06,4.06,4.06,4.06,4.06,4.06,5.69,6.5,6.5,5.69,3.66,3.66,3.66,3.66
N_7_19,N_6_18,3.7398961512008717,3.81,3.81,3.81,3.81,3.81,3.81,5.83,5.83,6.73,6.73,4.49,4.49,4.49,4.49,4.49,4.49,6.28,7.18,7.18,6.28,4.04,4.04,4.04,4.04
N_7_19,N_9_18,1.4828520610242517,2.43,2.43,2.43,2.43,2.43,2.43,4.03,4.03,4.75,4.75,2.97,2.97,2.97,2.97,2.97,2.97,4.39,5.1,5.1,4.39,2.61,2.61,2.61,2.61
N_7_2,N_5_0,5.7074236646290615,5.82,5.82,5.82,5.82,5.82,5.82,8.9,8.9,10.27,10.27,6.85,6.85,6.85,6.85,6.85,6.85,9.59,10.96,10.96,9.59,6.16,6.16,6.16,6.16
N_7_2,N_5_1,9.326930666937667,5.18,5.18,5.18,5.18,5.18,5.18,6.44,6.44,7.0,7.0,5.6,5.6,5.6,5.6,5.6,5.6,6.72,7.28,7.28,6.72,5.32,5.32,5.32,5.32
N_7_2,N_5_2,3.8204824200124463,3.9,3.9,3.9,3.9,3.9,3.9,5.96,5.96,6.88,6.88,4.58,4.58,4.58,4.58,4.58,4.58,6.42,7.34,7.34,6.42,4.13,4.13,4.13,4.13
N_7_2,N_6_4,1.324567736435495,2.17,2.17,2.17,2.17,2.17,2.17,3.6,3.6,4.24,4.24,2.65,2.65,2.65,2.65,2.65,2.65,3.92,4.56,4.56,3.92,2.33,2.33,2.33,2.33
N_7_2,N_7_4,5.9513067302708755,6.07,6.07,6.07,6.07,6.07,6.07,9.28,9.28,10.71,10.71,7.14,7.14,7.14,7.14,7.14,7.14,10.0,11.43,11.43,10.0,6.43,6.43,6.43,6.43
N_7_2,N_6_1,0.519213851344356,0.85,0.85,0.85,0.85,0.85,0.85,1.41,1.41,1.66,1.66,1.04,1.04,1.04,1.04,1.04,1.04,1.54,1.79,1.79,1.54,0.91,0.91,0.91,0.91
N_7_20,N_9_19,13.721096108475104,7.62,7.62,7.62,7.62,7.62,7.62,9.47,9.47,10.29,10.29,8.23,8.23,8.23,8.23,8.23,8.23,9.88,10.7,10.7,9.88,7.82,7.82,7.82,7.82
N_7_20,N_8_19,8.954068315054034,4.97,4.97,4.97,4.97,4.97,4.97,6.18,6.18,6.72,6.72,5.37,5.37,5.37,5.37,5.37,5.37,6.45,6.98,6.98,6.45,5.1,5.1,5.1,5.1
N_7_20,N_10_20,9.077042931872773,5.04,5.04,5.04,5.04,5.04,5.04,6.26,6.26,6.81,6.81,5.45,5.45,5.45,5.45,5.45,5.45,6.54,7.08,7.08,6.54,5.17,5.17,5.17,5.17
N_7_20,N_5_21,11.875817174466778,6.59,6.59,6.59,6.59,6.59,6.59,8.19,8.19,8.91,8.91,7.13,7.13,7.13,7.13,7.13,7.13,8.55,9.26,9.26,8.55,6.77,6.77,6.77,6.77
N_7_20,N_8_21,2.063456969169576,3.38,3.38,3.38,3.38,3.38,3.38,5.61,5.61,6.6,6.6,4.13,4.13,4.13,4.13,4.13,4.13,6.11,7.1,7.1,6.11,3.63,3.63,3.63,3.63
N_7_21,N_5_21,4.362570829552678,4.45,4.45,4.45,4.45,4.45,4.45,6.81,6.81,7.85,7.85,5.24,5.24,5.24,5.24,5.24,5.24,7.33,8.38,8.38,7.33,4.71,4.71,4.71,4.71
N_7_21,N_6_19,3.6869217432229022,3.76,3.76,3.76,3.76,3.76,3.76,5.75,5.75,6.64,6.64,4.42,4.42,4.42,4.42,4.42,4.42,6.19,7.08,7.08,6.19,3.98,3.98,3.98,3.98
N_7_21,N_7_19,9.15796967845202,5.08,5.08,5.08,5.08,5.08,5.08,6.32,6.32,6.87,6.87,5.49,5.49,5.49,5.49,5.49,5.49,6.59,7.14,7.14,6.59,5.22,5.22,5.22,5.22
N_7_21,N_9_23,3.8152651936561104,3.89,3.89,3.89,3.89,3.89,3.89,5.95,5.95,6.87,6.87,4.58,4.58,4.58,4.58,4.58,4.58,6.41,7.33,7.33,6.41,4.12,4.12,4.12,4.12
N_7_22,N_6_21,2.0249933886476583,3.32,3.32,3.32,3.32,3.32,3.32,5.51,5.51,6.48,6.48,4.05,4.05,4.05,4.05,4.05,4.05,5.99,6.97,6.97,5.99,3.56,3.56,3.56,3.56
N_7_22,N_8_23,9.518707166204996,5.28,5.28,5.28,5.28,5.28,5.28,6.57,6.57,7.14,7.14,5.71,5.71,5.71,5.71,5.71,5.71,6.85,7.42,7.42,6.85,5.43,5.43,5.43,5.43
N_7_22,N_7_21,1.9541201117134197,3.2,3.2,3.2,3.2,3.2,3.2,5.32,5.32,6.25,6.25,3.91,3.91,3.91,3.91,3.91,3.91,5.78,6.72,6.72,5.78,3.44,3.44,3.44,3.44
N_7_22,N_7_23,14.71370694831931,8.17,8.17,8.17,8.17,8.17,8.17,10.15,10.15,11.04,11.04,8.83,8.83,8.83,8.83,8.83,8.83,10.59,11.48,11.48,10.59,8.39,8.39,8.39,8.39
N_7_22,N_7_20,6.450310427726367,6.58,6.58,6.58,6.58,6.58,6.58,10.06,10.06,11.61,11.61,7.74,7.74,7.74,7.74,7.74,7.74,10.84,12.38,12.38,10.84,6.97,6.97,6.97,6.97
N_7_22,N_9_21,10.102749696497579,5.61,5.61,5.61,5.61,5.61,5.61,6.97,6.97,7.58,7.58,6.06,6.06,6.06,6.06,6.06,6.06,7.27,7.88,7.88,7.27,5.76,5.76,5.76,5.76
N_7_23,N_10_23,2.0416607851562487,3.35,3.35,3.35,3.35,3.35,3.35,5.55,5.55,6.53,6.53,4.08,4.08,4.08,4.08,4.08,4.08,6.04,7.02,7.02,6.04,3.59,3.59,3.59,3.59
N_7_23,N_7_22,14.71370694831931,8.17,8.17,8.17,8.17,8.17,8.17,10.15,10.15,11.04,11.04,8.83,8.83,8.83,8.83,8.83,8.83,10.59,11.48,11.48,10.59,8.39,8.39,8.39,8.39
N_7_23,N_9_21,6.8325985220996355,6.97,6.97,6.97,6.97,6.97,6.97,10.66,10.66,12.3,12.3,8.2,8.2,8.2,8.2,8.2,8.2,11.48,13.12,13.12,11.48,7.38,7.38,7.38,7.38
N_7_23,N_7_24,1.4494985158733538,2.38,2.38,2.38,2.38,2.38,2.38,3.94,3.94,4.64,4.64,2.9,2.9,2.9,2.9,2.9,2.9,4.29,4.99,4.99,4.29,2.55,2.55,2.55,2.55
N_7_23,N_6_25,13.008907537695173,7.22,7.22,7.22,7.22,7.22,7.22,8.98,8.98,9.76,9.76,7.81,7.81,7.81,7.81,7.81,7.81,9.37,10.15,10.15,9.37,7.42,7.42,7.42,7.42
N_7_23,N_7_20,3.613984386864482,3.69,3.69,3.69,3.69,3.69,3.69,5.64,5.64,6.51,6.51,4.34,4.34,4.34,4.34,4.34,4.34,6.07,6.94,6.94,6.07,3.9,3.9,3.9,3.9
N_7_23,N_6_23,3.608095295014788,3.68,3.68,3.68,3.68,3.68,3.68,5.63,5.63,6.49,6.49,4.33,4.33,4.33,4.33,4.33,4.33,6.06,6.93,6.93,6.06,3.9,3.9,3.9,3.9
N_7_24,N_6_25,1.1386825964829677,1.87,1.87,1.87,1.87,1.87,1.87,3.1,3.1,3.64,3.64,2.28,2.28,2.28,2.28,2.28,2.28,3.37,3.92,3.92,3.37,2.0,2.0,2.0,2.0
N_7_24,N_7_23,1.4494985158733538,2.38,2.38,2.38,2.38,2.38,2.38,3.94,3.94,4.64,4.64,2.9,2.9,2.9,2.9,2.9,2.9,4.29,4.99,4.99,4.29,2.55,2.55,2.55,2.55
N_7_24,N_5_23,5.430141904381973,5.54,5.54,5.54,5.54,5.54,5.54,8.47,8.47,9.77,9.77,6.52,6.52,6.52,6.52,6.52,6.52,9.12,10.43,10.43,9.12,5.86,5.86,5.86,5.86
N_7_25,N_6_24,4.271404529157769,4.36,4.36,4.36,4.36,4.36,4.36,6.66,6.66,7.69,7.69,5.13,5.13,5.13,5.13,5.13,5.13,7.18,8.2,8.2,7.18,4.61,4.61,4.61,4.61
N_7_25,N_9_26,3.7916029170050374,3.87,3.87,3.87,3.87,3.87,3.87,5.91,5.91,6.82,6.82,4.55,4.55,4.55,4.55,4.55,4.55,6.37,7.28,7.28,6.37,4.09,4.09,4.09,4.09
N_7_25,N_7_22,13.910660201417993,7.72,7.72,7.72,7.72,7.72,7.72,9.6,9.6,10.43,10.43,8.35,8.35,8.35,8.35,8.35,8.35,10.02,10.85,10.85,10.02,7.93,7.93,7.93,7.93
N_7_25,N_5_24,6.558209435180329,6.69,6.69,6.69,6.69,6.69,6.69,10.23,10.23,11.8,11.8,7.87,7.87,7.87,7.87,7.87,7.87,11.02,12.59,12.59,11.02,7.08,7.08,7.08,7.08
N_7_26,N_4_26,4.923403341923347,5.02,5.02,5.02,5.02,5.02,5.02,7.68,7.68,8.86,8.86,5.91,5.91,5.91,5.91,5.91,5.91,8.27,9.45,9.45,8.27,5.32,5.32,5.32,5.32
N_7_26,N_6_28,14.918725188410074,8.28,8.28,8.28,8.28,8.28,8.28,10.29,10.29,11.19,11.19,8.95,8.95,8.95,8.95,8.95,8.95,10.74,11.64,11.64,10.74,8.5,8.5,8.5,8.5
N_7_26,N_7_24,4.424282888065724,4.51,4.51,4.51,4.51,4.51,4.51,6.9,6.9,7.96,7.96,5.31,5.31,5.31,5.31,5.31,5.31,7.43,8.49,8.49,7.43,4.78,4.78,4.78,4.78
N_7_26,N_7_29,12.34144291568601,6.85,6.85,6.85,6.85,6.85,6.85,8.52,8.52,9.26,9.26,7.4,7.4,7.4,7.4,7.4,7.4,8.89,9.63,9.63,8.89,7.03,7.03,7.03,7.03
N_7_26,N_9_24,4.683322214535564,4.78,4.78,4.78,4.78,4.78,4.78,7.31,7.31,8.43,8.43,5.62,5.62,5.62,5.62,5.62,5.62,7.87,8.99,8.99,7.87,5.06,5.06,5.06,5.06
N_7_26,N_8_28,10.175698188212973,5.65,5.65,5.65,5.65,5.65,5.65,7.02,7.02,7.63,7.63,6.11,6.11,6.11,6.11,6.11,6.11,7.33,7.94,7.94,7.33,5.8,5.8,5.8,5.8
N_7_27,N_6_29,4.985765832286641,5.09,5.09,5.09,5.09,5.09,5.09,7.78,7.78,8.97,8.97,5.98,5.98,5.98,5.98,5.98,5.98,8.38,9.57,9.57,8.38,5.38,5.38,5.38,5.38
N_7_27,N_10_27,1.0469400512763956,1.72,1.72,1.72,1.72,1.72,1.72,2.85,2.85,3.35,3.35,2.09,2.09,2.09,2.09,2.09,2.09,3.1,3.6,3.6,3.1,1.84,1.84,1.84,1.84
N_7_27,N_7_30,5.846844979099898,5.96,5.96,5.96,5.96,5.96,5.96,9.12,9.12,10.52,10.52,7.02,7.02,7.02,7.02,7.02,7.02,9.82,11.23,11.23,9.82,6.31,6.31,6.31,6.31
N_7_27,N_8_28,13.367067520457176,7.42,7.42,7.42,7.42,7.42,7.42,9.22,9.22,10.03,10.03,8.02,8.02,8.02,8.02,8.02,8.02,9.62,10.43,10.43,9.62,7.62,7.62,7.62,7.62
N_7_27,N_5_28,3.422596647064937,3.49,3.49,3.49,3.49,3.49,3.49,5.34,5.34,6.16,6.16,4.11,4.11,4.11,4.11,4.11,4.11,5.75,6.57,6.57,5.75,3.7,3.7,3.7,3.7
N_7_28,N_5_26,3.015003407935521,3.08,3.08,3.08,3.08,3.08,3.08,4.7,4.7,5.43,5.43,3.62,3.62,3.62,3.62,3.62,3.62,5.07,5.79,5.79,5.07,3.26,3.26,3.26,3.26
N_7_28,N_6_28,4.866169247184173,4.96,4.96,4.96,4.96,4.96,4.96,7.59,7.59,8.76,8.76,5.84,5.84,5.84,5.84,5.84,5.84,8.18,9.34,9.34,8.18,5.26,5.26,5.26,5.26
N_7_28,N_6_29,6.566529872072993,6.7,6.7,6.7,6.7,6.7,6.7,10.24,10.24,11.82,11.82,7.88,7.88,7.88,7.88,7.88,7.88,11.03,12.61,12.61,11.03,7.09,7.09,7.09,7.09
N_7_28,N_9_27,3.4730509847991904,3.54,3.54,3.54,3.54,3.54,3.54,5.42,5.42,6.25,6.25,4.17,4.17,4.17,4.17,4.17,4.17,5.83,6.67,6.67,5.83,3.75,3.75,3.75,3.75
N_7_28,N_6_26,2.2194953143334875,3.64,3.64,3.64,3.64,3.64,3.64,6.04,6.04,7.1,7.1,4.44,4.44,4.44,4.44,4.44,4.44,6.57,7.64,7.64,6.57,3.91,3.91,3.91,3.91
N_7_29,N_5_28,6.405638405900752,6.53,6.53,6.53,6.53,6.53,6.53,9.99,9.99,11.53,11.53,7.69,7.69,7.69,7.69,7.69,7.69,10.76,12.3,12.3,10.76,6.92,6.92,6.92,6.92
N_7_29,N_6_31,4.254247894714943,4.34,4.34,4.34,4.34,4.34,4.34,6.64,6.64,7.66,7.66,5.11,5.11,5.11,5.11,5.11,5.11,7.15,8.17,8.17,7.15,4.59,4.59,4.59,4.59
N_7_29,N_7_26,12.34144291568601,6.85,6.85,6.85,6.85,6.85,6.85,8.52,8.52,9.26,9.26,7.4,7.4,7.4,7.4,7.4,7.4,8.89,9.63,9.63,8.89,7.03,7.03,7.03,7.03
N_7_29,N_7_30,2.1139095578685785,3.47,3.47,3.47,3.47,3.47,3.47,5.75,5.75,6.76,6.76,4.23,4.23,4.23,4.23,4.23,4.23,6.26,7.27,7.27,6.26,3.72,3.72,3.72,3.72
N_7_29,N_7_32,1.8533170859916677,3.04,3.04,3.04,3.04,3.04,3.04,5.04,5.04,5.93,5.93,3.71,3.71,3.71,3.71,3.71,3.71,5.49,6.38,6.38,5.49,3.26,3.26,3.26,3.26
N_7_3,N_6_1,3.1818931206370276,3.25,3.25,3.25,3.25,3.25,3.25,4.96,4.96,5.73,5.73,3.82,3.82,3.82,3.82,3.82,3.82,5.35,6.11,6.11,5.35,3.44,3.44,3.44,3.44
N_7_3,N_7_5,5.60653221181752,5.72,5.72,5.72,5.72,5.72,5.72,8.75,8.75,10.09,10.09,6.73,6.73,6.73,6.73,6.73,6.73,9.42,10.76,10.76,9.42,6.06,6.06,6.06,6.06
N_7_3,N_5_3,5.974978472956623,6.09,6.09,6.09,6.09,6.09,6.09,9.32,9.32,10.75,10.75,7.17,7.17,7.17,7.17,7.17,7.17,10.04,11.47,11.47,10.04,6.45,6.45,6.45,6.45
N_7_30,N_10_30,3.559718034305668,3.63,3.63,3.63,3.63,3.63,3.63,5.55,5.55,6.41,6.41,4.27,4.27,4.27,4.27,4.27,4.27,5.98,6.83,6.83,5.98,3.84,3.84,3.84,3.84
N_7_30,N_5_32,11.329571780069415,6.29,6.29,6.29,6.29,6.29,6.29,7.82,7.82,8.5,8.5,6.8,6.8,6.8,6.8,6.8,6.8,8.16,8.84,8.84,8.16,6.46,6.46,6.46,6.46
N_7_30,N_6_31,12.159648707731094,6.75,6.75,6.75,6.75,6.75,6.75,8.39,8.39,9.12,9.12,7.3,7.3,7.3,7.3,7.3,7.3,8.75,9.48,9.48,8.75,6.93,6.93,6.93,6.93
N_7_30,N_7_27,5.846844979099898,5.96,5.96,5.96,5.96,5.96,5.96,9.12,9.12,10.52,10.52,7.02,7.02,7.02,7.02,7.02,7.02,9.82,11.23,11.23,9.82,6.31,6.31,6.31,6.31
N_7_30,N_7_29,2.1139095578685785,3.47,3.47,3.47,3.47,3.47,3.47,5.75,5.75,6.76,6.76,4.23,4.23,4.23,4.23,4.23,4.23,6.26,7.27,7.27,6.26,3.72,3.72,3.72,3.72
N_7_30,N_5_29,5.772693597993872,5.89,5.89,5.89,5.89,5.89,5.89,9.01,9.01,10.39,10.39,6.93,6.93,6.93,6.93,6.93,6.93,9.7,11.08,11.08,9.7,6.23,6.23,6.23,6.23
N_7_31,N_10_31,12.291396917715119,6.82,6.82,6.82,6.82,6.82,6.82,8.48,8.48,9.22,9.22,7.37,7.37,7.37,7.37,7.37,7.37,8.85,9.59,9.59,8.85,7.01,7.01,7.01,7.01
N_7_31,N_7_34,4.1747347157653625,4.26,4.26,4.26,4.26,4.26,4.26,6.51,6.51,7.51,7.51,5.01,5.01,5.01,5.01,5.01,5.01,7.01,8.02,8.02,7.01,4.51,4.51,4.51,4.51
N_7_31,N_6_31,2.0031462117537746,3.29,3.29,3.29,3.29,3.29,3.29,5.45,5.45,6.41,6.41,4.01,4.01,4.01,4.01,4.01,4.01,5.93,6.89,6.89,5.93,3.53,3.53,3.53,3.53
N_7_31,N_8_32,6.87674586038972,7.01,7.01,7.01,7.01,7.01,7.01,10.73,10.73,12.38,12.38,8.25,8.25,8.25,8.25,8.25,8.25,11.55,13.2,13.2,11.55,7.43,7.43,7.43,7.43
N_7_31,N_5_31,10.399564640074168,5.77,5.77,5.77,5.77,5.77,5.77,7.18,7.18,7.8,7.8,6.24,6.24,6.24,6.24,6.24,6.24,7.49,8.11,8.11,7.49,5.93,5.93,5.93,5.93
N_7_32,N_5_32,5.15493465585435,5.26,5.26,5.26,5.26,5.26,5.26,8.04,8.04,9.28,9.28,6.19,6.19,6.19,6.19,6.19,6.19,8.66,9.9,9.9,8.66,5.57,5.57,5.57,5.57
N_7_32,N_7_29,1.8533170859916677,3.04,3.04,3.04,3.04,3.04,3.04,5.04,5.04,5.93,5.93,3.71,3.71,3.71,3.71,3.71,3.71,5.49,6.38,6.38,5.49,3.26,3.26,3.26,3.26
N_7_32,N_6_32,13.125980374222316,7.28,7.28,7.28,7.28,7.28,7.28,9.06,9.06,9.84,9.84,7.88,7.88,7.88,7.88,7.88,7.88,9.45,10.24,10.24,9.45,7.48,7.48,7.48,7.48
N_7_33,N_5_34,0.7201503713903064,1.18,1.18,1.18,1.18,1.18,1.18,1.96,1.96,2.3,2.3,1.44,1.44,1.44,1.44,1.44,1.44,2.13,2.48,2.48,2.13,1.27,1.27,1.27,1.27
N_7_33,N_6_31,3.475524553201898,3.55,3.55,3.55,3.55,3.55,3.55,5.42,5.42,6.26,6.26,4.17,4.17,4.17,4.17,4.17,4.17,5.84,6.67,6.67,5.84,3.75,3.75,3.75,3.75
N_7_33,N_6_33,0.9244919673456666,1.52,1.52,1.52,1.52,1.52,1.52,2.51,2.51,2.96,2.96,1.85,1.85,1.85,1.85,1.85,1.85,2.74,3.18,3.18,2.74,1.63,1.63,1.63,1.63
N_7_33,N_9_31,3.359448751772966,3.43,3.43,3.43,3.43,3.43,3.43,5.24,5.24,6.05,6.05,4.03,4.03,4.03,4.03,4.03,4.03,5.64,6.45,6.45,5.64,3.63,3.63,3.63,3.63
N_7_33,N_7_34,12.378593243206273,6.87,6.87,6.87,6.87,6.87,6.87,8.54,8.54,9.28,9.28,7.43,7.43,7.43,7.43,7.43,7.43,8.91,9.66,9.66,8.91,7.06,7.06,7.06,7.06
N_7_33,N_5_35,2.1008309460464627,3.45,3.45,3.45,3.45,3.45,3.45,5.71,5.71,6.72,6.72,4.2,4.2,4.2,4.2,4.2,4.2,6.22,7.23,7.23,6.22,3.7,3.7,3.7,3.7
N_7_33,N_4_33,3.5990066464893657,3.67,3.67,3.67,3.67,3.67,3.67,5.61,5.61,6.48,6.48,4.32,4.32,4.32,4.32,4.32,4.32,6.05,6.91,6.91,6.05,3.89,3.89,3.89,3.89
N_7_33,N_7_32,1.583643603354591,2.6,2.6,2.6,2.6,2.6,2.6,4.31,4.31,5.07,5.07,3.17,3.17,3.17,3.17,3.17,3.17,4.69,5.45,5.45,4.69,2.79,2.79,2.79,2.79
N_7_34,N_5_34,14.711547006700318,8.16,8.16,8.16,8.16,8.16,8.16,10.15,10.15,11.03,11.03,8.83,8.83,8.83,8.83,8.83,8.83,10.59,11.48,11.48,10.59,8.39,8.39,8.39,8.39
N_7_34,N_6_35,10.002503412538005,5.55,5.55,5.55,5.55,5.55,5.55,6.9,6.9,7.5,7.5,6.0,6.0,6.0,6.0,6.0,6.0,7.2,7.8,7.8,7.2,5.7,5.7,5.7,5.7
N_7_34,N_6_36,2.2306093273744967,3.66,3.66,3.66,3.66,3.66,3.66,6.07,6.07,7.14,7.14,4.46,4.46,4.46,4.46,4.46,4.46,6.6,7.67,7.67,6.6,3.93,3.93,3.93,3.93
N_7_34,N_5_36,5.37807021372304,5.49,5.49,5.49,5.49,5.49,5.49,8.39,8.39,9.68,9.68,6.45,6.45,6.45,6.45,6.45,6.45,9.04,10.33,10.33,9.04,5.81,5.81,5.81,5.81
N_7_34,N_8_36,3.008116259802617,3.07,3.07,3.07,3.07,3.07,3.07,4.69,4.69,5.41,5.41,3.61,3.61,3.61,3.61,3.61,3.61,5.05,5.78,5.78,5.05,3.25,3.25,3.25,3.25
N_7_34,N_7_37,14.921918503311671,8.28,8.28,8.28,8.28,8.28,8.28,10.3,10.3,11.19,11.19,8.95,8.95,8.95,8.95,8.95,8.95,10.74,11.64,11.64,10.74,8.51,8.51,8.51,8.51
N_7_35,N_4_35,5.149796179191396,5.25,5.25,5.25,5.25,5.25,5.25,8.03,8.03,9.27,9.27,6.18,6.18,6.18,6.18,6.18,6.18,8.65,9.89,9.89,8.65,5.56,5.56,5.56,5.56
N_7_35,N_5_34,1.1281179243019568,1.85,1.85,1.85,1.85,1.85,1.85,3.07,3.07,3.61,3.61,2.26,2.26,2.26,2.26,2.26,2.26,3.34,3.88,3.88,3.34,1.99,1.99,1.99,1.99
N_7_35,N_7_33,14.999922015154988,8.32,8.32,8.32,8.32,8.32,8.32,10.35,10.35,11.25,11.25,9.0,9.0,9.0,9.0,9.0,9.0,10.8,11.7,11.7,10.8,8.55,8.55,8.55,8.55
N_7_35,N_5_35,1.9560180231269744,3.21,3.21,3.21,3.21,3.21,3.21,5.32,5.32,6.26,6.26,3.91,3.91,3.91,3.91,3.91,3.91,5.79,6.73,6.73,5.79,3.44,3.44,3.44,3.44
N_7_35,N_7_32,1.7650460324739157,2.89,2.89,2.89,2.89,2.89,2.89,4.8,4.8,5.65,5.65,3.53,3.53,3.53,3.53,3.53,3.53,5.22,6.07,6.07,5.22,3.11,3.11,3.11,3.11
N_7_35,N_9_33,14.519950320300815,8.06,8.06,8.06,8.06,8.06,8.06,10.02,10.02,10.89,10.89,8.71,8.71,8.71,8.71,8.71,8.71,10.45,11.33,11.33,10.45,8.28,8.28,8.28,8.28
N_7_35,N_5_33,5.908295147743656,6.03,6.03,6.03,6.03,6.03,6.03,9.22,9.22,10.63,10.63,7.09,7.09,7.09,7.09,7.09,7.09,9.93,11.34,11.34,9.93,6.38,6.38,6.38,6.38
N_7_35,N_7_36,14.78238545465448,8.2,8.2,8.2,8.2,8.2,8.2,10.2,10.2,11.09,11.09,8.87,8.87,8.87,8.87,8.87,8.87,10.64,11.53,11.53,10.64,8.43,8.43,8.43,8.43
N_7_36,N_5_34,9.94367007067097,5.52,5.52,5.52,5.52,5.52,5.52,6.86,6.86,7.46,7.46,5.97,5.97,5.97,5.97,5.97,5.97,7.16,7.76,7.76,7.16,5.67,5.67,5.67,5.67
N_7_36,N_5_35,2.0370719241690516,3.34,3.34,3.34,3.34,3.34,3.34,5.54,5.54,6.52,6.52,4.07,4.07,4.07,4.07,4.07,4.07,6.03,7.01,7.01,6.03,3.59,3.59,3.59,3.59
N_7_36,N_6_38,12.780059180789955,7.09,7.09,7.09,7.09,7.09,7.09,8.82,8.82,9.59,9.59,7.67,7.67,7.67,7.67,7.67,7.67,9.2,9.97,9.97,9.2,7.28,7.28,7.28,7.28
N_7_36,N_9_35,13.29908999983104,7.38,7.38,7.38,7.38,7.38,7.38,9.18,9.18,9.97,9.97,7.98,7.98,7.98,7.98,7.98,7.98,9.58,10.37,10.37,9.58,7.58,7.58,7.58,7.58
N_7_37,N_6_35,1.521815705793702,2.5,2.5,2.5,2.5,2.5,2.5,4.14,4.14,4.87,4.87,3.04,3.04,3.04,3.04,3.04,3.04,4.5,5.24,5.24,4.5,2.68,2.68,2.68,2.68
N_7_37,N_7_34,14.921918503311671,8.28,8.28,8.28,8.28,8.28,8.28,10.3,10.3,11.19,11.19,8.95,8.95,8.95,8.95,8.95,8.95,10.74,11.64,11.64,10.74,8.51,8.51,8.51,8.51
N_7_37,N_6_37,4.217873738432674,4.3,4.3,4.3,4.3,4.3,4.3,6.58,6.58,7.59,7.59,5.06,5.06,5.06,5.06,5.06,5.06,7.09,8.1,8.1,7.09,4.56,4.56,4.56,4.56
N_7_37,N_7_36,4.390452684738194,4.48,4.48,4.48,4.48,4.48,4.48,6.85,6.85,7.9,7.9,5.27,5.27,5.27,5.27,5.27,5.27,7.38,8.43,8.43,7.38,4.74,4.74,4.74,4.74
N_7_37,N_8_38,5.69279050420171,5.81,5.81,5.81,5.81,5.81,5.81,8.88,8.88,10.25,10.25,6.83,6.83,6.83,6.83,6.83,6.83,9.56,10.93,10.93,9.56,6.15,6.15,6.15,6.15
N_7_38,N_9_38,3.013969596001641,3.07,3.07,3.07,3.07,3.07,3.07,4.7,4.7,5.43,5.43,3.62,3.62,3.62,3.62,3.62,3.62,5.06,5.79,5.79,5.06,3.26,3.26,3.26,3.26
N_7_38,N_5_39,10.151318969852554,5.63,5.63,5.63,5.63,5.63,5.63,7.0,7.0,7.61,7.61,6.09,6.09,6.09,6.09,6.09,6.09,7.31,7.92,7.92,7.31,5.79,5.79,5.79,5.79
N_7_38,N_7_35,3.244040494737107,3.31,3.31,3.31,3.31,3.31,3.31,5.06,5.06,5.84,5.84,3.89,3.89,3.89,3.89,3.89,3.89,5.45,6.23,6.23,5.45,3.5,3.5,3.5,3.5
N_7_38,N_8_36,12.280194602473586,6.82,6.82,6.82,6.82,6.82,6.82,8.47,8.47,9.21,9.21,7.37,7.37,7.37,7.37,7.37,7.37,8.84,9.58,9.58,8.84,7.0,7.0,7.0,7.0
N_7_39,N_6_39,3.3423996262879405,3.41,3.41,3.41,3.41,3.41,3.41,5.21,5.21,6.02,6.02,4.01,4.01,4.01,4.01,4.01,4.01,5.62,6.42,6.42,5.62,3.61,3.61,3.61,3.61
N_7_39,N_7_38,1.422892969153609,2.33,2.33,2.33,2.33,2.33,2.33,3.87,3.87,4.55,4.55,2.85,2.85,2.85,2.85,2.85,2.85,4.21,4.89,4.89,4.21,2.5,2.5,2.5,2.5
N_7_39,N_7_37,13.324184986014341,7.39,7.39,7.39,7.39,7.39,7.39,9.19,9.19,9.99,9.99,7.99,7.99,7.99,7.99,7.99,7.99,9.59,10.39,10.39,9.59,7.59,7.59,7.59,7.59
N_7_39,N_8_39,8.605789609467713,4.78,4.78,4.78,4.78,4.78,4.78,5.94,5.94,6.45,6.45,5.16,5.16,5.16,5.16,5.16,5.16,6.2,6.71,6.71,6.2,4.91,4.91,4.91,4.91
N_7_4,N_5_2,0.7886301782168226,1.29,1.29,1.29,1.29,1.29,1.29,2.15,2.15,2.52,2.52,1.58,1.58,1.58,1.58,1.58,1.58,2.33,2.71,2.71,2.33,1.39,1.39,1.39,1.39
N_7_4,N_7_2,5.9513067302708755,6.07,6.07,6.07,6.07,6.07,6.07,9.28,9.28,10.71,10.71,7.14,7.14,7.14,7.14,7.14,7.14,10.0,11.43,11.43,10.0,6.43,6.43,6.43,6.43
N_7_4,N_6_3,3.922192639622073,4.0,4.0,4.0,4.0,4.0,4.0,6.12,6.12,7.06,7.06,4.71,4.71,4.71,4.71,4.71,4.71,6.59,7.53,7.53,6.59,4.24,4.24,4.24,4.24
N_7_4,N_7_7,4.6009873497289675,4.69,4.69,4.69,4.69,4.69,4.69,7.18,7.18,8.28,8.28,5.52,5.52,5.52,5.52,5.52,5.52,7.73,8.83,8.83,7.73,4.97,4.97,4.97,4.97
N_7_4,N_5_4,3.9235113103792982,4.0,4.0,4.0,4.0,4.0,4.0,6.12,6.12,7.06,7.06,4.71,4.71,4.71,4.71,4.71,4.71,6.59,7.53,7.53,6.59,4.24,4.24,4.24,4.24
N_7_5,N_4_5,3.044562198731238,3.11,3.11,3.11,3.11,3.11,3.11,4.75,4.75,5.48,5.48,3.65,3.65,3.65,3.65,3.65,3.65,5.11,5.85,5.85,5.11,3.29,3.29,3.29,3.29
N_7_5,N_7_2,13.331642973248439,7.4,7.4,7.4,7.4,7.4,7.4,9.2,9.2,10.0,10.0,8.0,8.0,8.0,8.0,8.0,8.0,9.6,10.4,10.4,9.6,7.6,7.6,7.6,7.6
N_7_5,N_8_6,5.149624612547084,5.25,5.25,5.25,5.25,5.25,5.25,8.03,8.03,9.27,9.27,6.18,6.18,6.18,6.18,6.18,6.18,8.65,9.89,9.89,8.65,5.56,5.56,5.56,5.56
N_7_5,N_6_7,9.966515321805629,5.53,5.53,5.53,5.53,5.53,5.53,6.88,6.88,7.47,7.47,5.98,5.98,5.98,5.98,5.98,5.98,7.18,7.77,7.77,7.18,5.68,5.68,5.68,5.68
N_7_6,N_10_6,13.909054100082395,7.72,7.72,7.72,7.72,7.72,7.72,9.6,9.6,10.43,10.43,8.35,8.35,8.35,8.35,8.35,8.35,10.01,10.85,10.85,10.01,7.93,7.93,7.93,7.93
N_7_6,N_7_7,6.327995052670265,6.45,6.45,6.45,6.45,6.45,6.45,9.87,9.87,11.39,11.39,7.59,7.59,7.59,7.59,7.59,7.59,10.63,12.15,12.15,10.63,6.83,6.83,6.83,6.83
N_7_6,N_6_5,5.66275118877674,5.78,5.78,5.78,5.78,5.78,5.78,8.83,8.83,10.19,10.19,6.8,6.8,6.8,6.8,6.8,6.8,9.51,10.87,10.87,9.51,6.12,6.12,6.12,6.12
N_7_6,N_9_6,12.345068400211785,6.85,6.85,6.85,6.85,6.85,6.85,8.52,8.52,9.26,9.26,7.41,7.41,7.41,7.41,7.41,7.41,8.89,9.63,9.63,8.89,7.04,7.04,7.04,7.04
N_7_6,N_5_4,10.262461829511897,5.7,5.7,5.7,5.7,5.7,5.7,7.08,7.08,7.7,7.7,6.16,6.16,6.16,6.16,6.16,6.16,7.39,8.0,8.0,7.39,5.85,5.85,5.85,5.85
N_7_6,N_6_8,4.801208829826683,4.9,4.9,4.9,4.9,4.9,4.9,7.49,7.49,8.64,8.64,5.76,5.76,5.76,5.76,5.76,5.76,8.07,9.22,9.22,8.07,5.19,5.19,5.19,5.19
N_7_7,N_5_9,12.453266201994637,6.91,6.91,6.91,6.91,6.91,6.91,8.59,8.59,9.34,9.34,7.47,7.47,7.47,7.47,7.47,7.47,8.97,9.71,9.71,8.97,7.1,7.1,7.1,7.1
N_7_7,N_7_6,6.327995052670265,6.45,6.45,6.45,6.45,6.45,6.45,9.87,9.87,11.39,11.39,7.59,7.59,7.59,7.59,7.59,7.59,10.63,12.15,12.15,10.63,6.83,6.83,6.83,6.83
N_7_7,N_9_8,12.15704031712312,6.75,6.75,6.75,6.75,6.75,6.75,8.39,8.39,9.12,9.12,7.29,7.29,7.29,7.29,7.29,7.29,8.75,9.48,9.48,8.75,6.93,6.93,6.93,6.93
N_7_7,N_5_8,5.696770620960173,5.81,5.81,5.81,5.81,5.81,5.81,8.89,8.89,10.25,10.25,6.84,6.84,6.84,6.84,6.84,6.84,9.57,10.94,10.94,9.57,6.15,6.15,6.15,6.15
N_7_7,N_8_5,6.117509635707652,6.24,6.24,6.24,6.24,6.24,6.24,9.54,9.54,11.01,11.01,7.34,7.34,7.34,7.34,7.34,7.34,10.28,11.75,11.75,10.28,6.61,6.61,6.61,6.61
N_7_7,N_4_7,3.5110671023017703,3.58,3.58,3.58,3.58,3.58,3.58,5.48,5.48,6.32,6.32,4.21,4.21,4.21,4.21,4.21,4.21,5.9,6.74,6.74,5.9,3.79,3.79,3.79,3.79
N_7_8,N_6_10,4.621150040868629,4.71,4.71,4.71,4.71,4.71,4.71,7.21,7.21,8.32,8.32,5.55,5.55,5.55,5.55,5.55,5.55,7.76,8.87,8.87,7.76,4.99,4.99,4.99,4.99
N_7_8,N_5_9,0.5019393448697171,0.82,0.82,0.82,0.82,0.82,0.82,1.37,1.37,1.61,1.61,1.0,1.0,1.0,1.0,1.0,1.0,1.49,1.73,1.73,1.49,0.88,0.88,0.88,0.88
N_7_8,N_7_5,9.026454612580046,5.01,5.01,5.01,5.01,5.01,5.01,6.23,6.23,6.77,6.77,5.42,5.42,5.42,5.42,5.42,5.42,6.5,7.04,7.04,6.5,5.15,5.15,5.15,5.15
N_7_8,N_9_6,8.722143599963042,4.84,4.84,4.84,4.84,4.84,4.84,6.02,6.02,6.54,6.54,5.23,5.23,5.23,5.23,5.23,5.23,6.28,6.8,6.8,6.28,4.97,4.97,4.97,4.97
N_7_8,N_5_10,3.968053785191307,4.05,4.05,4.05,4.05,4.05,4.05,6.19,6.19,7.14,7.14,4.76,4.76,4.76,4.76,4.76,4.76,6.67,7.62,7.62,6.67,4.29,4.29,4.29,4.29
N_7_9,N_7_11,12.889699541780008,7.15,7.15,7.15,7.15,7.15,7.15,8.89,8.89,9.67,9.67,7.73,7.73,7.73,7.73,7.73,7.73,9.28,10.05,10.05,9.28,7.35,7.35,7.35,7.35
N_7_9,N_7_12,3.304105965439726,3.37,3.37,3.37,3.37,3.37,3.37,5.15,5.15,5.95,5.95,3.96,3.96,3.96,3.96,3.96,3.96,5.55,6.34,6.34,5.55,3.57,3.57,3.57,3.57
N_7_9,N_8_10,9.047319152715176,5.02,5.02,5.02,5.02,5.02,5.02,6.24,6.24,6.79,6.79,5.43,5.43,5.43,5.43,5.43,5.43,6.51,7.06,7.06,6.51,5.16,5.16,5.16,5.16
N_7_9,N_9_10,9.025299498096922,5.01,5.01,5.01,5.01,5.01,5.01,6.23,6.23,6.77,6.77,5.42,5.42,5.42,5.42,5.42,5.42,6.5,7.04,7.04,6.5,5.14,5.14,5.14,5.14
N_7_9,N_5_7,3.816095601921362,3.89,3.89,3.89,3.89,3.89,3.89,5.95,5.95,6.87,6.87,4.58,4.58,4.58,4.58,4.58,4.58,6.41,7.33,7.33,6.41,4.12,4.12,4.12,4.12
N_7_9,N_5_8,13.200335300049298,7.33,7.33,7.33,7.33,7.33,7.33,9.11,9.11,9.9,9.9,7.92,7.92,7.92,7.92,7.92,7.92,9.5,10.3,10.3,9.5,7.52,7.52,7.52,7.52
N_7_9,N_8_8,5.627246939978882,5.74,5.74,5.74,5.74,5.74,5.74,8.78,8.78,10.13,10.13,6.75,6.75,6.75,6.75,6.75,6.75,9.45,10.8,10.8,9.45,6.08,6.08,6.08,6.08
N_8_0,N_7_0,2.1778516237118466,3.57,3.57,3.57,3.57,3.57,3.57,5.92,5.92,6.97,6.97,4.36,4.36,4.36,4.36,4.36,4.36,6.45,7.49,7.49,6.45,3.83,3.83,3.83,3.83
N_8_0,N_10_0,8.072635658953681,4.48,4.48,4.48,4.48,4.48,4.48,5.57,5.57,6.05,6.05,4.84,4.84,4.84,4.84,4.84,4.84,5.81,6.3,6.3,5.81,4.6,4.6,4.6,4.6
N_8_0,N_8_3,5.879989891355824,6.0,6.0,6.0,6.0,6.0,6.0,9.17,9.17,10.58,10.58,7.06,7.06,7.06,7.06,7.06,7.06,9.88,11.29,11.29,9.88,6.35,6.35,6.35,6.35
N_8_1,N_10_3,4.076334317075828,4.16,4.16,4.16,4.16,4.16,4.16,6.36,6.36,7.34,7.34,4.89,4.89,4.89,4.89,4.89,4.89,6.85,7.83,7.83,6.85,4.4,4.4,4.4,4.4
N_8_1,N_6_0,2.0258549289468664,3.32,3.32,3.32,3.32,3.32,3.32,5.51,5.51,6.48,6.48,4.05,4.05,4.05,4.05,4.05,4.05,6.0,6.97,6.97,6.0,3.57,3.57,3.57,3.57
N_8_1,N_7_0,6.5882230156937,6.72,6.72,6.72,6.72,6.72,6.72,10.28,10.28,11.86,11.86,7.91,7.91,7.91,7.91,7.91,7.91,11.07,12.65,12.65,11.07,7.12,7.12,7.12,7.12
N_8_1,N_6_2,6.147568071368055,6.27,6.27,6.27,6.27,6.27,6.27,9.59,9.59,11.07,11.07,7.38,7.38,7.38,7.38,7.38,7.38,10.33,11.8,11.8,10.33,6.64,6.64,6.64,6.64
N_8_1,N_9_0,9.384792651754184,5.21,5.21,5.21,5.21,5.21,5.21,6.48,6.48,7.04,7.04,5.63,5.63,5.63,5.63,5.63,5.63,6.76,7.32,7.32,6.76,5.35,5.35,5.35,5.35
N_8_10,N_10_9,6.528732390909177,6.66,6.66,6.66,6.66,6.66,6.66,10.18,10.18,11.75,11.75,7.83,7.83,7.83,7.83,7.83,7.83,10.97,12.54,12.54,10.97,7.05,7.05,7.05,7.05
N_8_10,N_6_10,6.7790378842216565,6.91,6.91,6.91,6.91,6.91,6.91,10.58,10.58,12.2,12.2,8.13,8.13,8.13,8.13,8.13,8.13,11.39,13.02,13.02,11.39,7.32,7.32,7.32,7.32
N_8_10,N_11_10,5.290400058924986,5.4,5.4,5.4,5.4,5.4,5.4,8.25,8.25,9.52,9.52,6.35,6.35,6.35,6.35,6.35,6.35,8.89,10.16,10.16,8.89,5.71,5.71,5.71,5.71
N_8_10,N_6_12,4.379082081269945,4.47,4.47,4.47,4.47,4.47,4.47,6.83,6.83,7.88,7.88,5.25,5.25,5.25,5.25,5.25,5.25,7.36,8.41,8.41,7.36,4.73,4.73,4.73,4.73
N_8_10,N_10_8,4.770008222529897,4.87,4.87,4.87,4.87,4.87,4.87,7.44,7.44,8.59,8.59,5.72,5.72,5.72,5.72,5.72,5.72,8.01,9.16,9.16,8.01,5.15,5.15,5.15,5.15
N_8_10,N_6_8,4.797439767198044,4.89,4.89,4.89,4.89,4.89,4.89,7.48,7.48,8.64,8.64,5.76,5.76,5.76,5.76,5.76,5.76,8.06,9.21,9.21,8.06,5.18,5.18,5.18,5.18
N_8_10,N_8_8,6.0146063429041465,6.13,6.13,6.13,6.13,6.13,6.13,9.38,9.38,10.83,10.83,7.22,7.22,7.22,7.22,7.22,7.22,10.1,11.55,11.55,10.1,6.5,6.5,6.5,6.5
N_8_10,N_10_12,1.0468778348790344,1.72,1.72,1.72,1.72,1.72,1.72,2.85,2.85,3.35,3.35,2.09,2.09,2.09,2.09,2.09,2.09,3.1,3.6,3.6,3.1,1.84,1.84,1.84,1.84
N_8_11,N_10_12,0.9046364127947994,1.48,1.48,1.48,1.48,1.48,1.48,2.46,2.46,2.89,2.89,1.81,1.81,1.81,1.81,1.81,1.81,2.68,3.11,3.11,2.68,1.59,1.59,1.59,1.59
N_8_11,N_10_9,12.713091126293989,7.06,7.06,7.06,7.06,7.06,7.06,8.77,8.77,9.53,9.53,7.63,7.63,7.63,7.63,7.63,7.63,9.15,9.92,9.92,9.15,7.25,7.25,7.25,7.25
N_8_11,N_6_12,10.701417789037759,5.94,5.94,5.94,5.94,5.94,5.94,7.38,7.38,8.03,8.03,6.42,6.42,6.42,6.42,6.42,6.42,7.71,8.35,8.35,7.71,6.1,6.1,6.1,6.1
N_8_12,N_5_12,4.20363294423589,4.29,4.29,4.29,4.29,4.29,4.29,6.56,6.56,7.57,7.57,5.04,5.04,5.04,5.04,5.04,5.04,7.06,8.07,8.07,7.06,4.54,4.54,4.54,4.54
N_8_12,N_6_12,5.77892714133761,5.89,5.89,5.89,5.89,5.89,5.89,9.02,9.02,10.4,10.4,6.93,6.93,6.93,6.93,6.93,6.93,9.71,11.1,11.1,9.71,6.24,6.24,6.24,6.24
N_8_12,N_11_12,3.0027670831891986,3.06,3.06,3.06,3.06,3.06,3.06,4.68,4.68,5.4,5.4,3.6,3.6,3.6,3.6,3.6,3.6,5.04,5.77,5.77,5.04,3.24,3.24,3.24,3.24
N_8_12,N_9_13,0.9238751154681952,1.52,1.52,1.52,1.52,1.52,1.52,2.51,2.51,2.96,2.96,1.85,1.85,1.85,1.85,1.85,1.85,2.73,3.18,3.18,2.73,1.63,1.63,1.63,1.63
N_8_12,N_8_14,4.838223440358418,4.93,4.93,4.93,4.93,4.93,4.93,7.55,7.55,8.71,8.71,5.81,5.81,5.81,5.81,5.81,5.81,8.13,9.29,9.29,8.13,5.23,5.23,5.23,5.23
N_8_13,N_9_11,11.647936546916103,6.46,6.46,6.46,6.46,6.46,6.46,8.04,8.04,8.74,8.74,6.99,6.99,6.99,6.99,6.99,6.99,8.39,9.09,9.09,8.39,6.64,6.64,6.64,6.64
N_8_13,N_9_13,8.917155026761048,4.95,4.95,4.95,4.95,4.95,4.95,6.15,6.15,6.69,6.69,5.35,5.35,5.35,5.35,5.35,5.35,6.42,6.96,6.96,6.42,5.08,5.08,5.08,5.08
N_8_13,N_10_15,5.6460306465951415,5.76,5.76,5.76,5.76,5.76,5.76,8.81,8.81,10.16,10.16,6.78,6.78,6.78,6.78,6.78,6.78,9.49,10.84,10.84,9.49,6.1,6.1,6.1,6.1
N_8_13,N_6_15,1.5312498407631416,2.51,2.51,2.51,2.51,2.51,2.51,4.16,4.16,4.9,4.9,3.06,3.06,3.06,3.06,3.06,3.06,4.53,5.27,5.27,4.53,2.69,2.69,2.69,2.69
N_8_13,N_8_14,14.03824807838637,7.79,7.79,7.79,7.79,7.79,7.79,9.69,9.69,10.53,10.53,8.42,8.42,8.42,8.42,8.42,8.42,10.11,10.95,10.95,10.11,8.0,8.0,8.0,8.0
N_8_14,N_6_13,1.6068162389581653,2.64,2.64,2.64,2.64,2.64,2.64,4.37,4.37,5.14,5.14,3.21,3.21,3.21,3.21,3.21,3.21,4.76,5.53,5.53,4.76,2.83,2.83,2.83,2.83
N_8_14,N_7_12,6.645328817526282,6.78,6.78,6.78,6.78,6.78,6.78,10.37,10.37,11.96,11.96,7.97,7.97,7.97,7.97,7.97,7.97,11.16,12.76,12.76,11.16,7.18,7.18,7.18,7.18
N_8_14,N_7_15,13.087746201431084,7.26,7.26,7.26,7.26,7.26,7.26,9.03,9.03,9.82,9.82,7.85,7.85,7.85,7.85,7.85,7.85,9.42,10.21,10.21,9.42,7.46,7.46,7.46,7.46
N_8_14,N_8_13,14.03824807838637,7.79,7.79,7.79,7.79,7.79,7.79,9.69,9.69,10.53,10.53,8.42,8.42,8.42,8.42,8.42,8.42,10.11,10.95,10.95,10.11,8.0,8.0,8.0,8.0
N_8_14,N_8_12,5.896093469073691,6.01,6.01,6.01,6.01,6.01,6.01,9.2,9.2,10.61,10.61,7.08,7.08,7.08,7.08,7.08,7.08,9.91,11.32,11.32,9.91,6.37,6.37,6.37,6.37
N_8_14,N_5_14,3.4832565657969354,3.55,3.55,3.55,3.55,3.55,3.55,5.43,5.43,6.27,6.27,4.18,4.18,4.18,4.18,4.18,4.18,5.85,6.69,6.69,5.85,3.76,3.76,3.76,3.76
N_8_15,N_6_13,0.8068676868938913,1.32,1.32,1.32,1.32,1.32,1.32,2.19,2.19,2.58,2.58,1.61,1.61,1.61,1.61,1.61,1.61,2.39,2.78,2.78,2.39,1.42,1.42,1.42,1.42
N_8_15,N_8_12,1.9039894059511002,3.12,3.12,3.12,3.12,3.12,3.12,5.18,5.18,6.09,6.09,3.81,3.81,3.81,3.81,3.81,3.81,5.64,6.55,6.55,5.64,3.35,3.35,3.35,3.35
N_8_15,N_6_17,14.739872508771278,8.18,8.18,8.18,8.18,8.18,8.18,10.17,10.17,11.05,11.05,8.84,8.84,8.84,8.84,8.84,8.84,10.61,11.5,11.5,10.61,8.4,8.4,8.4,8.4
N_8_15,N_5_15,0.6484515482545818,1.06,1.06,1.06,1.06,1.06,1.06,1.76,1.76,2.08,2.08,1.3,1.3,1.3,1.3,1.3,1.3,1.92,2.23,2.23,1.92,1.14,1.14,1.14,1.14
N_8_16,N_9_14,14.426973799422935,8.01,8.01,8.01,8.01,8.01,8.01,9.95,9.95,10.82,10.82,8.66,8.66,8.66,8.66,8.66,8.66,10.39,11.25,11.25,10.39,8.22,8.22,8.22,8.22
N_8_16,N_8_18,10.90159760805184,6.05,6.05,6.05,6.05,6.05,6.05,7.52,7.52,8.18,8.18,6.54,6.54,6.54,6.54,6.54,6.54,7.85,8.5,8.5,7.85,6.21,6.21,6.21,6.21
N_8_16,N_7_17,8.229774881509437,4.57,4.57,4.57,4.57,4.57,4.57,5.68,5.68,6.17,6.17,4.94,4.94,4.94,4.94,4.94,4.94,5.93,6.42,6.42,5.93,4.69,4.69,4.69,4.69
N_8_16,N_7_15,10.718307876164936,5.95,5.95,5.95,5.95,5.95,5.95,7.4,7.4,8.04,8.04,6.43,6.43,6.43,6.43,6.43,6.43,7.72,8.36,8.36,7.72,6.11,6.11,6.11,6.11
N_8_17,N_6_19,6.639385145564569,6.77,6.77,6.77,6.77,6.77,6.77,10.36,10.36,11.95,11.95,7.97,7.97,7.97,7.97,7.97,7.97,11.15,12.75,12.75,11.15,7.17,7.17,7.17,7.17
N_8_17,N_7_18,5.594153143167212,5.71,5.71,5.71,5.71,5.71,5.71,8.73,8.73,10.07,10.07,6.71,6.71,6.71,6.71,6.71,6.71,9.4,10.74,10.74,9.4,6.04,6.04,6.04,6.04
N_8_17,N_8_19,10.500240624591823,5.83,5.83,5.83,5.83,5.83,5.83,7.25,7.25,7.88,7.88,6.3,6.3,6.3,6.3,6.3,6.3,7.56,8.19,8.19,7.56,5.99,5.99,5.99,5.99
N_8_17,N_8_18,4.981285410547529,5.08,5.08,5.08,5.08,5.08,5.08,7.77,7.77,8.97,8.97,5.98,5.98,5.98,5.98,5.98,5.98,8.37,9.56,9.56,8.37,5.38,5.38,5.38,5.38
N_8_17,N_10_18,11.004337255032459,6.11,6.11,6.11,6.11,6.11,6.11,7.59,7.59,8.25,8.25,6.6,6.6,6.6,6.6,6.6,6.6,7.92,8.58,8.58,7.92,6.27,6.27,6.27,6.27
N_8_17,N_8_15,9.991422561645201,5.55,5.55,5.55,5.55,5.55,5.55,6.89,6.89,7.49,7.49,5.99,5.99,5.99,5.99,5.99,5.99,7.19,7.79,7.79,7.19,5.7,5.7,5.7,5.7
N_8_18,N_6_16,4.268039754767398,4.35,4.35,4.35,4.35,4.35,4.35,6.66,6.66,7.68,7.68,5.12,5.12,5.12,5.12,5.12,5.12,7.17,8.19,8.19,7.17,4.61,4.61,4.61,4.61
N_8_18,N_6_17,4.69424225410053,4.79,4.79,4.79,4.79,4.79,4.79,7.32,7.32,8.45,8.45,5.63,5.63,5.63,5.63,5.63,5.63,7.89,9.01,9.01,7.89,5.07,5.07,5.07,5.07
N_8_18,N_7_16,12.9817284736649,7.2,7.2,7.2,7.2,7.2,7.2,8.96,8.96,9.74,9.74,7.79,7.79,7.79,7.79,7.79,7.79,9.35,10.13,10.13,9.35,7.4,7.4,7.4,7.4
N_8_18,N_7_17,13.314447579022112,7.39,7.39,7.39,7.39,7.39,7.39,9.19,9.19,9.99,9.99,7.99,7.99,7.99,7.99,7.99,7.99,9.59,10.39,10.39,9.59,7.59,7.59,7.59,7.59
N_8_18,N_7_18,5.273383866049638,5.38,5.38,5.38,5.38,5.38,5.38,8.23,8.23,9.49,9.49,6.33,6.33,6.33,6.33,6.33,6.33,8.86,10.12,10.12,8.86,5.7,5.7,5.7,5.7
N_8_19,N_10_17,5.043127517703887,5.14,5.14,5.14,5.14,5.14,5.14,7.87,7.87,9.08,9.08,6.05,6.05,6.05,6.05,6.05,6.05,8.47,9.68,9.68,8.47,5.45,5.45,5.45,5.45
N_8_19,N_5_19,5.319880038810268,5.43,5.43,5.43,5.43,5.43,5.43,8.3,8.3,9.58,9.58,6.38,6.38,6.38,6.38,6.38,6.38,8.94,10.21,10.21,8.94,5.75,5.75,5.75,5.75
N_8_19,N_7_19,4.4095876821827025,4.5,4.5,4.5,4.5,4.5,4.5,6.88,6.88,7.94,7.94,5.29,5.29,5.29,5.29,5.29,5.29,7.41,8.47,8.47,7.41,4.76,4.76,4.76,4.76
N_8_19,N_7_17,12.760731605297963,7.08,7.08,7.08,7.08,7.08,7.08,8.8,8.8,9.57,9.57,7.66,7.66,7.66,7.66,7.66,7.66,9.19,9.95,9.95,9.19,7.27,7.27,7.27,7.27
N_8_19,N_9_19,6.6347266707337536,6.77,6.77,6.77,6.77,6.77,6.77,10.35,10.35,11.94,11.94,7.96,7.96,7.96,7.96,7.96,7.96,11.15,12.74,12.74,11.15,7.17,7.17,7.17,7.17
N_8_19,N_10_18,3.526811739573205,3.6,3.6,3.6,3.6,3.6,3.6,5.5,5.5,6.35,6.35,4.23,4.23,4.23,4.23,4.23,4.23,5.93,6.77,6.77,5.93,3.81,3.81,3.81,3.81
N_8_2,N_6_4,4.812046816926834,4.91,4.91,4.91,4.91,4.91,4.91,7.51,7.51,8.66,8.66,5.77,5.77,5.77,5.77,5.77,5.77,8.08,9.24,9.24,8.08,5.2,5.2,5.2,5.2
N_8_2,N_10_2,0.858283181729854,1.41,1.41,1.41,1.41,1.41,1.41,2.33,2.33,2.75,2.75,1.72,1.72,1.72,1.72,1.72,1.72,2.54,2.95,2.95,2.54,1.51,1.51,1.51,1.51
N_8_2,N_8_0,5.508403019119919,5.62,5.62,5.62,5.62,5.62,5.62,8.59,8.59,9.92,9.92,6.61,6.61,6.61,6.61,6.61,6.61,9.25,10.58,10.58,9.25,5.95,5.95,5.95,5.95
N_8_2,N_10_1,4.56213765158712,4.65,4.65,4.65,4.65,4.65,4.65,7.12,7.12,8.21,8.21,5.47,5.47,5.47,5.47,5.47,5.47,7.66,8.76,8.76,7.66,4.93,4.93,4.93,4.93
N_8_20,N_10_18,1.1546018434522378,1.89,1.89,1.89,1.89,1.89,1.89,3.14,3.14,3.69,3.69,2.31,2.31,2.31,2.31,2.31,2.31,3.42,3.97,3.97,3.42,2.03,2.03,2.03,2.03
N_8_20,N_10_19,5.367583053345106,5.47,5.47,5.47,5.47,5.47,5.47,8.37,8.37,9.66,9.66,6.44,6.44,6.44,6.44,6.44,6.44,9.02,10.31,10.31,9.02,5.8,5.8,5.8,5.8
N_8_20,N_9_22,0.6696047055864287,1.1,1.1,1.1,1.1,1.1,1.1,1.82,1.82,2.14,2.14,1.34,1.34,1.34,1.34,1.34,1.34,1.98,2.3,2.3,1.98,1.18,1.18,1.18,1.18
N_8_20,N_5_20,6.074912182067643,6.2,6.2,6.2,6.2,6.2,6.2,9.48,9.48,10.93,10.93,7.29,7.29,7.29,7.29,7.29,7.29,10.21,11.66,11.66,10.21,6.56,6.56,6.56,6.56
N_8_20,N_8_22,6.071974700380593,6.19,6.19,6.19,6.19,6.19,6.19,9.47,9.47,10.93,10.93,7.29,7.29,7.29,7.29,7.29,7.29,10.2,11.66,11.66,10.2,6.56,6.56,6.56,6.56
N_8_21,N_6_19,11.370372092087019,6.31,6.31,6.31,6.31,6.31,6.31,7.85,7.85,8.53,8.53,6.82,6.82,6.82,6.82,6.82,6.82,8.19,8.87,8.87,8.19,6.48,6.48,6.48,6.48
N_8_21,N_7_20,2.063456969169576,3.38,3.38,3.38,3.38,3.38,3.38,5.61,5.61,6.6,6.6,4.13,4.13,4.13,4.13,4.13,4.13,6.11,7.1,7.1,6.11,3.63,3.63,3.63,3.63
N_8_21,N_7_19,3.5900706148829875,3.66,3.66,3.66,3.66,3.66,3.66,5.6,5.6,6.46,6.46,4.31,4.31,4.31,4.31,4.31,4.31,6.03,6.89,6.89,6.03,3.88,3.88,3.88,3.88
N_8_21,N_10_21,13.794626207645244,7.66,7.66,7.66,7.66,7.66,7.66,9.52,9.52,10.35,10.35,8.28,8.28,8.28,8.28,8.28,8.28,9.93,10.76,10.76,9.93,7.86,7.86,7.86,7.86
N_8_21,N_10_20,11.646992230767038,6.46,6.46,6.46,6.46,6.46,6.46,8.04,8.04,8.74,8.74,6.99,6.99,6.99,6.99,6.99,6.99,8.39,9.08,9.08,8.39,6.64,6.64,6.64,6.64
N_8_21,N_7_23,5.477204689648741,5.59,5.59,5.59,5.59,5.59,5.59,8.54,8.54,9.86,9.86,6.57,6.57,6.57,6.57,6.57,6.57,9.2,10.52,10.52,9.2,5.92,5.92,5.92,5.92
N_8_22,N_10_21,2.334518965140881,3.83,3.83,3.83,3.83,3.83,3.83,6.35,6.35,7.47,7.47,4.67,4.67,4.67,4.67,4.67,4.67,6.91,8.03,8.03,6.91,4.11,4.11,4.11,4.11
N_8_22,N_6_24,2.1602710886791012,3.54,3.54,3.54,3.54,3.54,3.54,5.88,5.88,6.91,6.91,4.32,4.32,4.32,4.32,4.32,4.32,6.39,7.43,7.43,6.39,3.8,3.8,3.8,3.8
N_8_22,N_8_20,6.071974700380593,6.19,6.19,6.19,6.19,6.19,6.19,9.47,9.47,10.93,10.93,7.29,7.29,7.29,7.29,7.29,7.29,10.2,11.66,11.66,10.2,6.56,6.56,6.56,6.56
N_8_22,N_8_23,8.888127633029296,4.93,4.93,4.93,4.93,4.93,4.93,6.13,6.13,6.67,6.67,5.33,5.33,5.33,5.33,5.33,5.33,6.4,6.93,6.93,6.4,5.07,5.07,5.07,5.07
N_8_22,N_6_21,12.231720899018509,6.79,6.79,6.79,6.79,6.79,6.79,8.44,8.44,9.17,9.17,7.34,7.34,7.34,7.34,7.34,7.34,8.81,9.54,9.54,8.81,6.97,6.97,6.97,6.97
N_8_23,N_10_23,4.178069058875691,4.26,4.26,4.26,4.26,4.26,4.26,6.52,6.52,7.52,7.52,5.01,5.01,5.01,5.01,5.01,5.01,7.02,8.02,8.02,7.02,4.51,4.51,4.51,4.51
N_8_23,N_7_22,9.518707166204996,5.28,5.28,5.28,5.28,5.28,5.28,6.57,6.57,7.14,7.14,5.71,5.71,5.71,5.71,5.71,5.71,6.85,7.42,7.42,6.85,5.43,5.43,5.43,5.43
N_8_23,N_9_21,5.1236147030375125,5.23,5.23,5.23,5.23,5.23,5.23,7.99,7.99,9.22,9.22,6.15,6.15,6.15,6.15,6.15,6.15,8.61,9.84,9.84,8.61,5.53,5.53,5.53,5.53
N_8_23,N_8_20,5.725822952425519,5.84,5.84,5.84,5.84,5.84,5.84,8.93,8.93,10.31,10.31,6.87,6.87,6.87,6.87,6.87,6.87,9.62,10.99,10.99,9.62,6.18,6.18,6.18,6.18
N_8_23,N_6_25,8.763344962686338,4.86,4.86,4.86,4.86,4.86,4.86,6.05,6.05,6.57,6.57,5.26,5.26,5.26,5.26,5.26,5.26,6.31,6.84,6.84,6.31,5.0,5.0,5.0,5.0
N_8_24,N_8_23,6.8014008859749575,6.94,6.94,6.94,6.94,6.94,6.94,10.61,10.61,12.24,12.24,8.16,8.16,8.16,8.16,8.16,8.16,11.43,13.06,13.06,11.43,7.35,7.35,7.35,7.35
N_8_24,N_5_24,6.968562140881729,7.11,7.11,7.11,7.11,7.11,7.11,10.87,10.87,12.54,12.54,8.36,8.36,8.36,8.36,8.36,8.36,11.71,13.38,13.38,11.71,7.53,7.53,7.53,7.53
N_8_24,N_10_26,10.175714761525343,5.65,5.65,5.65,5.65,5.65,5.65,7.02,7.02,7.63,7.63,6.11,6.11,6.11,6.11,6.11,6.11,7.33,7.94,7.94,7.33,5.8,5.8,5.8,5.8
N_8_25,N_7_24,4.740592699637737,4.84,4.84,4.84,4.84,4.84,4.84,7.4,7.4,8.53,8.53,5.69,5.69,5.69,5.69,5.69,5.69,7.96,9.1,9.1,7.96,5.12,5.12,5.12,5.12
N_8_25,N_10_23,5.129107628122094,5.23,5.23,5.23,5.23,5.23,5.23,8.0,8.0,9.23,9.23,6.15,6.15,6.15,6.15,6.15,6.15,8.62,9.85,9.85,8.62,5.54,5.54,5.54,5.54
N_8_25,N_8_23,1.0984561491154565,1.8,1.8,1.8,1.8,1.8,1.8,2.99,2.99,3.52,3.52,2.2,2.2,2.2,2.2,2.2,2.2,3.25,3.78,3.78,3.25,1.93,1.93,1.93,1.93
N_8_25,N_9_24,1.3934922081087593,2.29,2.29,2.29,2.29,2.29,2.29,3.79,3.79,4.46,4.46,2.79,2.79,2.79,2.79,2.79,2.79,4.12,4.79,4.79,4.12,2.45,2.45,2.45,2.45
N_8_25,N_5_25,12.380381385300057,6.87,6.87,6.87,6.87,6.87,6.87,8.54,8.54,9.29,9.29,7.43,7.43,7.43,7.43,7.43,7.43,8.91,9.66,9.66,8.91,7.06,7.06,7.06,7.06
N_8_25,N_9_25,13.894027372828544,7.71,7.71,7.71,7.71,7.71,7.71,9.59,9.59,10.42,10.42,8.34,8.34,8.34,8.34,8.34,8.34,10.0,10.84,10.84,10.0,7.92,7.92,7.92,7.92
N_8_26,N_10_25,1.2109439990272612,1.99,1.99,1.99,1.99,1.99,1.99,3.29,3.29,3.88,3.88,2.42,2.42,2.42,2.42,2.42,2.42,3.58,4.17,4.17,3.58,2.13,2.13,2.13,2.13
N_8_26,N_7_28,1.2639024396445402,2.07,2.07,2.07,2.07,2.07,2.07,3.44,3.44,4.04,4.04,2.53,2.53,2.53,2.53,2.53,2.53,3.74,4.35,4.35,3.74,2.22,2.22,2.22,2.22
N_8_26,N_8_28,4.247554012275366,4.33,4.33,4.33,4.33,4.33,4.33,6.63,6.63,7.65,7.65,5.1,5.1,5.1,5.1,5.1,5.1,7.14,8.16,8.16,7.14,4.59,4.59,4.59,4.59
N_8_26,N_9_28,12.166114304735334,6.75,6.75,6.75,6.75,6.75,6.75,8.39,8.39,9.12,9.12,7.3,7.3,7.3,7.3,7.3,7.3,8.76,9.49,9.49,8.76,6.93,6.93,6.93,6.93
N_8_26,N_9_25,6.243096295669135,6.37,6.37,6.37,6.37,6.37,6.37,9.74,9.74,11.24,11.24,7.49,7.49,7.49,7.49,7.49,7.49,10.49,11.99,11.99,10.49,6.74,6.74,6.74,6.74
N_8_26,N_9_26,3.9083264416065164,3.99,3.99,3.99,3.99,3.99,3.99,6.1,6.1,7.03,7.03,4.69,4.69,4.69,4.69,4.69,4.69,6.57,7.5,7.5,6.57,4.22,4.22,4.22,4.22
N_8_26,N_5_26,12.064398866369263,6.7,6.7,6.7,6.7,6.7,6.7,8.32,8.32,9.05,9.05,7.24,7.24,7.24,7.24,7.24,7.24,8.69,9.41,9.41,8.69,6.88,6.88,6.88,6.88
N_8_27,N_10_29,1.3143407216808913,2.16,2.16,2.16,2.16,2.16,2.16,3.58,3.58,4.21,4.21,2.63,2.63,2.63,2.63,2.63,2.63,3.89,4.52,4.52,3.89,2.31,2.31,2.31,2.31
N_8_27,N_6_28,3.4233094674489966,3.49,3.49,3.49,3.49,3.49,3.49,5.34,5.34,6.16,6.16,4.11,4.11,4.11,4.11,4.11,4.11,5.75,6.57,6.57,5.75,3.7,3.7,3.7,3.7
N_8_27,N_9_29,12.973882876126668,7.2,7.2,7.2,7.2,7.2,7.2,8.95,8.95,9.73,9.73,7.78,7.78,7.78,7.78,7.78,7.78,9.34,10.12,10.12,9.34,7.4,7.4,7.4,7.4
N_8_27,N_10_28,0.7312072421067362,1.2,1.2,1.2,1.2,1.2,1.2,1.99,1.99,2.34,2.34,1.46,1.46,1.46,1.46,1.46,1.46,2.16,2.52,2.52,2.16,1.29,1.29,1.29,1.29
N_8_28,N_6_30,12.603122556051495,6.99,6.99,6.99,6.99,6.99,6.99,8.7,8.7,9.45,9.45,7.56,7.56,7.56,7.56,7.56,7.56,9.07,9.83,9.83,9.07,7.18,7.18,7.18,7.18
N_8_28,N_7_27,13.367067520457176,7.42,7.42,7.42,7.42,7.42,7.42,9.22,9.22,10.03,10.03,8.02,8.02,8.02,8.02,8.02,8.02,9.62,10.43,10.43,9.62,7.62,7.62,7.62,7.62
N_8_28,N_6_29,9.44717653692019,5.24,5.24,5.24,5.24,5.24,5.24,6.52,6.52,7.09,7.09,5.67,5.67,5.67,5.67,5.67,5.67,6.8,7.37,7.37,6.8,5.38,5.38,5.38,5.38
N_8_28,N_9_30,6.767203535985308,6.9,6.9,6.9,6.9,6.9,6.9,10.56,10.56,12.18,12.18,8.12,8.12,8.12,8.12,8.12,8.12,11.37,12.99,12.99,11.37,7.31,7.31,7.31,7.31
N_8_29,N_7_27,14.94729099308975,8.3,8.3,8.3,8.3,8.3,8.3,10.31,10.31,11.21,11.21,8.97,8.97,8.97,8.97,8.97,8.97,10.76,11.66,11.66,10.76,8.52,8.52,8.52,8.52
N_8_29,N_9_28,14.769376302263868,8.2,8.2,8.2,8.2,8.2,8.2,10.19,10.19,11.08,11.08,8.86,8.86,8.86,8.86,8.86,8.86,10.63,11.52,11.52,10.63,8.42,8.42,8.42,8.42
N_8_29,N_5_29,3.5082363522327613,3.58,3.58,3.58,3.58,3.58,3.58,5.47,5.47,6.31,6.31,4.21,4.21,4.21,4.21,4.21,4.21,5.89,6.74,6.74,5.89,3.79,3.79,3.79,3.79
N_8_29,N_10_28,2.2174347617685544,3.64,3.64,3.64,3.64,3.64,3.64,6.03,6.03,7.1,7.1,4.43,4.43,4.43,4.43,4.43,4.43,6.56,7.63,7.63,6.56,3.9,3.9,3.9,3.9
N_8_29,N_7_31,1.5743699247394953,2.58,2.58,2.58,2.58,2.58,2.58,4.28,4.28,5.04,5.04,3.15,3.15,3.15,3.15,3.15,3.15,4.66,5.42,5.42,4.66,2.77,2.77,2.77,2.77
N_8_29,N_6_28,6.050230247985242,6.17,6.17,6.17,6.17,6.17,6.17,9.44,9.44,10.89,10.89,7.26,7.26,7.26,7.26,7.26,7.26,10.16,11.62,11.62,10.16,6.53,6.53,6.53,6.53
N_8_3,N_10_1,4.6365373934714995,4.73,4.73,4.73,4.73,4.73,4.73,7.23,7.23,8.35,8.35,5.56,5.56,5.56,5.56,5.56,5.56,7.79,8.9,8.9,7.79,5.01,5.01,5.01,5.01
N_8_3,N_10_3,2.214222374876605,3.63,3.63,3.63,3.63,3.63,3.63,6.02,6.02,7.09,7.09,4.43,4.43,4.43,4.43,4.43,4.43,6.55,7.62,7.62,6.55,3.9,3.9,3.9,3.9
N_8_3,N_10_5,13.69818352288128,7.6,7.6,7.6,7.6,7.6,7.6,9.45,9.45,10.27,10.27,8.22,8.22,8.22,8.22,8.22,8.22,9.86,10.68,10.68,9.86,7.81,7.81,7.81,7.81
N_8_3,N_7_1,5.653953045339773,5.77,5.77,5.77,5.77,5.77,5.77,8.82,8.82,10.18,10.18,6.78,6.78,6.78,6.78,6.78,6.78,9.5,10.86,10.86,9.5,6.11,6.11,6.11,6.11
N_8_3,N_6_1,1.0542345431190436,1.73,1.73,1.73,1.73,1.73,1.73,2.87,2.87,3.37,3.37,2.11,2.11,2.11,2.11,2.11,2.11,3.12,3.63,3.63,3.12,1.86,1.86,1.86,1.86
N_8_3,N_5_3,3.4498605718191464,3.52,3.52,3.52,3.52,3.52,3.52,5.38,5.38,6.21,6.21,4.14,4.14,4.14,4.14,4.14,4.14,5.8,6.62,6.62,5.8,3.73,3.73,3.73,3.73
N_8_3,N_9_2,6.440854334781692,6.57,6.57,6.57,6.57,6.57,6.57,10.05,10.05,11.59,11.59,7.73,7.73,7.73,7.73,7.73,7.73,10.82,12.37,12.37,10.82,6.96,6.96,6.96,6.96
N_8_3,N_9_5,14.768100670201465,8.2,8.2,8.2,8.2,8.2,8.2,10.19,10.19,11.08,11.08,8.86,8.86,8.86,8.86,8.86,8.86,10.63,11.52,11.52,10.63,8.42,8.42,8.42,8.42
N_8_30,N_7_30,12.358653938227949,6.86,6.86,6.86,6.86,6.86,6.86,8.53,8.53,9.27,9.27,7.42,7.42,7.42,7.42,7.42,7.42,8.9,9.64,9.64,8.9,7.04,7.04,7.04,7.04
N_8_30,N_10_29,6.68558430982832,6.82,6.82,6.82,6.82,6.82,6.82,10.43,10.43,12.03,12.03,8.02,8.02,8.02,8.02,8.02,8.02,11.23,12.84,12.84,11.23,7.22,7.22,7.22,7.22
N_8_30,N_6_32,0.8868425027965001,1.45,1.45,1.45,1.45,1.45,1.45,2.41,2.41,2.84,2.84,1.77,1.77,1.77,1.77,1.77,1.77,2.63,3.05,3.05,2.63,1.56,1.56,1.56,1.56
N_8_30,N_9_31,4.986178939857068,5.09,5.09,5.09,5.09,5.09,5.09,7.78,7.78,8.98,8.98,5.98,5.98,5.98,5.98,5.98,5.98,8.38,9.57,9.57,8.38,5.39,5.39,5.39,5.39
N_8_30,N_6_29,5.078666999708739,5.18,5.18,5.18,5.18,5.18,5.18,7.92,7.92,9.14,9.14,6.09,6.09,6.09,6.09,6.09,6.09,8.53,9.75,9.75,8.53,5.48,5.48,5.48,5.48
N_8_30,N_7_32,3.8383988547587404,3.92,3.92,3.92,3.92,3.92,3.92,5.99,5.99,6.91,6.91,4.61,4.61,4.61,4.61,4.61,4.61,6.45,7.37,7.37,6.45,4.15,4.15,4.15,4.15
N_8_30,N_10_32,3.8344745884373523,3.91,3.91,3.91,3.91,3.91,3.91,5.98,5.98,6.9,6.9,4.6,4.6,4.6,4.6,4.6,4.6,6.44,7.36,7.36,6.44,4.14,4.14,4.14,4.14
N_8_31,N_10_29,6.122065718510608,6.24,6.24,6.24,6.24,6.24,6.24,9.55,9.55,11.02,11.02,7.35,7.35,7.35,7.35,7.35,7.35,10.29,11.75,11.75,10.29,6.61,6.61,6.61,6.61
N_8_31,N_6_30,14.448441079278107,8.02,8.02,8.02,8.02,8.02,8.02,9.97,9.97,10.84,10.84,8.67,8.67,8.67,8.67,8.67,8.67,10.4,11.27,11.27,10.4,8.24,8.24,8.24,8.24
N_8_31,N_8_32,8.573982816693238,4.76,4.76,4.76,4.76,4.76,4.76,5.92,5.92,6.43,6.43,5.14,5.14,5.14,5.14,5.14,5.14,6.17,6.69,6.69,6.17,4.89,4.89,4.89,4.89
N_8_31,N_6_32,5.102759270877163,5.2,5.2,5.2,5.2,5.2,5.2,7.96,7.96,9.18,9.18,6.12,6.12,6.12,6.12,6.12,6.12,8.57,9.8,9.8,8.57,5.51,5.51,5.51,5.51
N_8_31,N_10_31,13.245686347720529,7.35,7.35,7.35,7.35,7.35,7.35,9.14,9.14,9.93,9.93,7.95,7.95,7.95,7.95,7.95,7.95,9.54,10.33,10.33,9.54,7.55,7.55,7.55,7.55
N_8_31,N_9_33,12.329322122737668,6.84,6.84,6.84,6.84,6.84,6.84,8.51,8.51,9.25,9.25,7.4,7.4,7.4,7.4,7.4,7.4,8.88,9.62,9.62,8.88,7.03,7.03,7.03,7.03
N_8_32,N_6_30,6.820980509919633,6.96,6.96,6.96,6.96,6.96,6.96,10.64,10.64,12.28,12.28,8.19,8.19,8.19,8.19,8.19,8.19,11.46,13.1,13.1,11.46,7.37,7.37,7.37,7.37
N_8_32,N_8_31,8.573982816693238,4.76,4.76,4.76,4.76,4.76,4.76,5.92,5.92,6.43,6.43,5.14,5.14,5.14,5.14,5.14,5.14,6.17,6.69,6.69,6.17,4.89,4.89,4.89,4.89
N_8_32,N_10_32,5.289183389571013,5.39,5.39,5.39,5.39,5.39,5.39,8.25,8.25,9.52,9.52,6.35,6.35,6.35,6.35,6.35,6.35,8.89,10.16,10.16,8.89,5.71,5.71,5.71,5.71
N_8_33,N_10_31,12.440777205564247,6.9,6.9,6.9,6.9,6.9,6.9,8.58,8.58,9.33,9.33,7.46,7.46,7.46,7.46,7.46,7.46,8.96,9.7,9.7,8.96,7.09,7.09,7.09,7.09
N_8_33,N_9_34,1.7408997712161953,2.86,2.86,2.86,2.86,2.86,2.86,4.74,4.74,5.57,5.57,3.48,3.48,3.48,3.48,3.48,3.48,5.15,5.99,5.99,5.15,3.06,3.06,3.06,3.06
N_8_33,N_10_32,6.011685927081233,6.13,6.13,6.13,6.13,6.13,6.13,9.38,9.38,10.82,10.82,7.21,7.21,7.21,7.21,7.21,7.21,10.1,11.54,11.54,10.1,6.49,6.49,6.49,6.49
N_8_33,N_6_32,1.3878628107616677,2.28,2.28,2.28,2.28,2.28,2.28,3.77,3.77,4.44,4.44,2.78,2.78,2.78,2.78,2.78,2.78,4.11,4.77,4.77,4.11,2.44,2.44,2.44,2.44
N_8_33,N_7_34,4.955570681896958,5.05,5.05,5.05,5.05,5.05,5.05,7.73,7.73,8.92,8.92,5.95,5.95,5.95,5.95,5.95,5.95,8.33,9.51,9.51,8.33,5.35,5.35,5.35,5.35
N_8_34,N_10_34,3.6125083924977455,3.68,3.68,3.68,3.68,3.68,3.68,5.64,5.64,6.5,6.5,4.34,4.34,4.34,4.34,4.34,4.34,6.07,6.94,6.94,6.07,3.9,3.9,3.9,3.9
N_8_34,N_10_35,3.39923566023047,3.47,3.47,3.47,3.47,3.47,3.47,5.3,5.3,6.12,6.12,4.08,4.08,4.08,4.08,4.08,4.08,5.71,6.53,6.53,5.71,3.67,3.67,3.67,3.67
N_8_34,N_6_32,6.023299181035028,6.14,6.14,6.14,6.14,6.14,6.14,9.4,9.4,10.84,10.84,7.23,7.23,7.23,7.23,7.23,7.23,10.12,11.56,11.56,10.12,6.51,6.51,6.51,6.51
N_8_35,N_6_37,14.33417313772255,7.96,7.96,7.96,7.96,7.96,7.96,9.89,9.89,10.75,10.75,8.6,8.6,8.6,8.6,8.6,8.6,10.32,11.18,11.18,10.32,8.17,8.17,8.17,8.17
N_8_35,N_9_34,5.6232905906861,5.74,5.74,5.74,5.74,5.74,5.74,8.77,8.77,10.12,10.12,6.75,6.75,6.75,6.75,6.75,6.75,9.45,10.8,10.8,9.45,6.07,6.07,6.07,6.07
N_8_35,N_8_37,6.27705912540458,6.4,6.4,6.4,6.4,6.4,6.4,9.79,9.79,11.3,11.3,7.53,7.53,7.53,7.53,7.53,7.53,10.55,12.05,12.05,10.55,6.78,6.78,6.78,6.78
N_8_35,N_7_33,1.9891631167874748,3.26,3.26,3.26,3.26,3.26,3.26,5.41,5.41,6.37,6.37,3.98,3.98,3.98,3.98,3.98,3.98,5.89,6.84,6.84,5.89,3.5,3.5,3.5,3.5
N_8_35,N_10_34,2.118297036562513,3.47,3.47,3.47,3.47,3.47,3.47,5.76,5.76,6.78,6.78,4.24,4.24,4.24,4.24,4.24,4.24,6.27,7.29,7.29,6.27,3.73,3.73,3.73,3.73
N_8_35,N_6_36,2.314248804043853,3.8,3.8,3.8,3.8,3.8,3.8,6.29,6.29,7.41,7.41,4.63,4.63,4.63,4.63,4.63,4.63,6.85,7.96,7.96,6.85,4.07,4.07,4.07,4.07
N_8_36,N_6_37,4.666296759786618,4.76,4.76,4.76,4.76,4.76,4.76,7.28,7.28,8.4,8.4,5.6,5.6,5.6,5.6,5.6,5.6,7.84,8.96,8.96,7.84,5.04,5.04,5.04,5.04
N_8_36,N_10_34,13.633106691414051,7.57,7.57,7.57,7.57,7.57,7.57,9.41,9.41,10.22,10.22,8.18,8.18,8.18,8.18,8.18,8.18,9.82,10.63,10.63,9.82,7.77,7.77,7.77,7.77
N_8_36,N_8_35,6.767396033779923,6.9,6.9,6.9,6.9,6.9,6.9,10.56,10.56,12.18,12.18,8.12,8.12,8.12,8.12,8.12,8.12,11.37,12.99,12.99,11.37,7.31,7.31,7.31,7.31
N_8_36,N_6_34,3.02916551752679,3.09,3.09,3.09,3.09,3.09,3.09,4.73,4.73,5.45,5.45,3.63,3.63,3.63,3.63,3.63,3.63,5.09,5.82,5.82,5.09,3.27,3.27,3.27,3.27
N_8_36,N_8_39,13.105780063090814,7.27,7.27,7.27,7.27,7.27,7.27,9.04,9.04,9.83,9.83,7.86,7.86,7.86,7.86,7.86,7.86,9.44,10.22,10.22,9.44,7.47,7.47,7.47,7.47
N_8_37,N_10_39,0.7692720288612656,1.26,1.26,1.26,1.26,1.26,1.26,2.09,2.09,2.46,2.46,1.54,1.54,1.54,1.54,1.54,1.54,2.28,2.65,2.65,2.28,1.35,1.35,1.35,1.35
N_8_37,N_8_35,6.27705912540458,6.4,6.4,6.4,6.4,6.4,6.4,9.79,9.79,11.3,11.3,7.53,7.53,7.53,7.53,7.53,7.53,10.55,12.05,12.05,10.55,6.78,6.78,6.78,6.78
N_8_37,N_10_36,13.675585090563048,7.59,7.59,7.59,7.59,7.59,7.59,9.44,9.44,10.26,10.26,8.21,8.21,8.21,8.21,8.21,8.21,9.85,10.67,10.67,9.85,7.8,7.8,7.8,7.8
N_8_37,N_9_35,1.128452138652798,1.85,1.85,1.85,1.85,1.85,1.85,3.07,3.07,3.61,3.61,2.26,2.26,2.26,2.26,2.26,2.26,3.34,3.88,3.88,3.34,1.99,1.99,1.99,1.99
N_8_37,N_9_36,3.564609390724042,3.64,3.64,3.64,3.64,3.64,3.64,5.56,5.56,6.42,6.42,4.28,4.28,4.28,4.28,4.28,4.28,5.99,6.84,6.84,5.99,3.85,3.85,3.85,3.85
N_8_38,N_10_36,0.8187907949643298,1.34,1.34,1.34,1.34,1.34,1.34,2.23,2.23,2.62,2.62,1.64,1.64,1.64,1.64,1.64,1.64,2.42,2.82,2.82,2.42,1.44,1.44,1.44,1.44
N_8_38,N_6_36,14.167274533921944,7.86,7.86,7.86,7.86,7.86,7.86,9.78,9.78,10.63,10.63,8.5,8.5,8.5,8.5,8.5,8.5,10.2,11.05,11.05,10.2,8.08,8.08,8.08,8.08
N_8_38,N_6_39,10.792366970648041,5.99,5.99,5.99,5.99,5.99,5.99,7.45,7.45,8.09,8.09,6.48,6.48,6.48,6.48,6.48,6.48,7.77,8.42,8.42,7.77,6.15,6.15,6.15,6.15
N_8_38,N_7_37,5.69279050420171,5.81,5.81,5.81,5.81,5.81,5.81,8.88,8.88,10.25,10.25,6.83,6.83,6.83,6.83,6.83,6.83,9.56,10.93,10.93,9.56,6.15,6.15,6.15,6.15
N_8_38,N_9_39,0.8931320283150088,1.46,1.46,1.46,1.46,1.46,1.46,2.43,2.43,2.86,2.86,1.79,1.79,1.79,1.79,1.79,1.79,2.64,3.07,3.07,2.64,1.57,1.57,1.57,1.57
N_8_38,N_6_37,6.272647047511234,6.4,6.4,6.4,6.4,6.4,6.4,9.79,9.79,11.29,11.29,7.53,7.53,7.53,7.53,7.53,7.53,10.54,12.04,12.04,10.54,6.77,6.77,6.77,6.77
N_8_39,N_10_38,2.1886348792085046,3.59,3.59,3.59,3.59,3.59,3.59,5.95,5.95,7.0,7.0,4.38,4.38,4.38,4.38,4.38,4.38,6.48,7.53,7.53,6.48,3.85,3.85,3.85,3.85
N_8_39,N_6_39,12.917158974926911,7.17,7.17,7.17,7.17,7.17,7.17,8.91,8.91,9.69,9.69,7.75,7.75,7.75,7.75,7.75,7.75,9.3,10.08,10.08,9.3,7.36,7.36,7.36,7.36
N_8_39,N_7_39,8.605789609467713,4.78,4.78,4.78,4.78,4.78,4.78,5.94,5.94,6.45,6.45,5.16,5.16,5.16,5.16,5.16,5.16,6.2,6.71,6.71,6.2,4.91,4.91,4.91,4.91
N_8_39,N_8_36,13.105780063090814,7.27,7.27,7.27,7.27,7.27,7.27,9.04,9.04,9.83,9.83,7.86,7.86,7.86,7.86,7.86,7.86,9.44,10.22,10.22,9.44,7.47,7.47,7.47,7.47
N_8_39,N_9_39,1.024741628645347,1.68,1.68,1.68,1.68,1.68,1.68,2.79,2.79,3.28,3.28,2.05,2.05,2.05,2.05,2.05,2.05,3.03,3.53,3.53,3.03,1.8,1.8,1.8,1.8
N_8_4,N_10_2,5.818819215800701,5.94,5.94,5.94,5.94,5.94,5.94,9.08,9.08,10.47,10.47,6.98,6.98,6.98,6.98,6.98,6.98,9.78,11.17,11.17,9.78,6.28,6.28,6.28,6.28
N_8_4,N_6_2,13.03868161261136,7.24,7.24,7.24,7.24,7.24,7.24,9.0,9.0,9.78,9.78,7.82,7.82,7.82,7.82,7.82,7.82,9.39,10.17,10.17,9.39,7.43,7.43,7.43,7.43
N_8_4,N_6_5,3.742917947784851,3.82,3.82,3.82,3.82,3.82,3.82,5.84,5.84,6.74,6.74,4.49,4.49,4.49,4.49,4.49,4.49,6.29,7.19,7.19,6.29,4.04,4.04,4.04,4.04
N_8_5,N_10_5,13.251295130690377,7.35,7.35,7.35,7.35,7.35,7.35,9.14,9.14,9.94,9.94,7.95,7.95,7.95,7.95,7.95,7.95,9.54,10.34,10.34,9.54,7.55,7.55,7.55,7.55
N_8_5,N_5_5,4.510368441246815,4.6,4.6,4.6,4.6,4.6,4.6,7.04,7.04,8.12,8.12,5.41,5.41,5.41,5.41,5.41,5.41,7.58,8.66,8.66,7.58,4.87,4.87,4.87,4.87
N_8_5,N_6_5,6.748281518631062,6.88,6.88,6.88,6.88,6.88,6.88,10.53,10.53,12.15,12.15,8.1,8.1,8.1,8.1,8.1,8.1,11.34,12.96,12.96,11.34,7.29,7.29,7.29,7.29
N_8_5,N_7_7,6.117509635707652,6.24,6.24,6.24,6.24,6.24,6.24,9.54,9.54,11.01,11.01,7.34,7.34,7.34,7.34,7.34,7.34,10.28,11.75,11.75,10.28,6.61,6.61,6.61,6.61
N_8_6,N_10_4,6.7420483098501425,6.88,6.88,6.88,6.88,6.88,6.88,10.52,10.52,12.14,12.14,8.09,8.09,8.09,8.09,8.09,8.09,11.33,12.94,12.94,11.33,7.28,7.28,7.28,7.28
N_8_6,N_11_6,5.527430429987344,5.64,5.64,5.64,5.64,5.64,5.64,8.62,8.62,9.95,9.95,6.63,6.63,6.63,6.63,6.63,6.63,9.29,10.61,10.61,9.29,5.97,5.97,5.97,5.97
N_8_6,N_6_4,2.3503077775315013,3.85,3.85,3.85,3.85,3.85,3.85,6.39,6.39,7.52,7.52,4.7,4.7,4.7,4.7,4.7,4.7,6.96,8.09,8.09,6.96,4.14,4.14,4.14,4.14
N_8_6,N_9_8,11.471705796202185,6.37,6.37,6.37,6.37,6.37,6.37,7.92,7.92,8.6,8.6,6.88,6.88,6.88,6.88,6.88,6.88,8.26,8.95,8.95,8.26,6.54,6.54,6.54,6.54
N_8_6,N_9_4,4.205562843125088,4.29,4.29,4.29,4.29,4.29,4.29,6.56,6.56,7.57,7.57,5.05,5.05,5.05,5.05,5.05,5.05,7.07,8.07,8.07,7.07,4.54,4.54,4.54,4.54
N_8_6,N_7_4,14.782896618350922,8.2,8.2,8.2,8.2,8.2,8.2,10.2,10.2,11.09,11.09,8.87,8.87,8.87,8.87,8.87,8.87,10.64,11.53,11.53,10.64,8.43,8.43,8.43,8.43
N_8_7,N_10_6,4.714031257602937,4.81,4.81,4.81,4.81,4.81,4.81,7.35,7.35,8.49,8.49,5.66,5.66,5.66,5.66,5.66,5.66,7.92,9.05,9.05,7.92,5.09,5.09,5.09,5.09
N_8_7,N_11_7,3.8330498807846793,3.91,3.91,3.91,3.91,3.91,3.91,5.98,5.98,6.9,6.9,4.6,4.6,4.6,4.6,4.6,4.6,6.44,7.36,7.36,6.44,4.14,4.14,4.14,4.14
N_8_7,N_6_5,11.22498675227964,6.23,6.23,6.23,6.23,6.23,6.23,7.75,7.75,8.42,8.42,6.73,6.73,6.73,6.73,6.73,6.73,8.08,8.76,8.76,8.08,6.4,6.4,6.4,6.4
N_8_7,N_6_9,1.5961217114994393,2.62,2.62,2.62,2.62,2.62,2.62,4.34,4.34,5.11,5.11,3.19,3.19,3.19,3.19,3.19,3.19,4.72,5.49,5.49,4.72,2.81,2.81,2.81,2.81
N_8_7,N_9_8,1.0126576609269453,1.66,1.66,1.66,1.66,1.66,1.66,2.75,2.75,3.24,3.24,2.03,2.03,2.03,2.03,2.03,2.03,3.0,3.48,3.48,3.0,1.78,1.78,1.78,1.78
N_8_7,N_10_7,11.447135219048267,6.35,6.35,6.35,6.35,6.35,6.35,7.9,7.9,8.59,8.59,6.87,6.87,6.87,6.87,6.87,6.87,8.24,8.93,8.93,8.24,6.52,6.52,6.52,6.52
N_8_8,N_10_10,8.974644761487433,4.98,4.98,4.98,4.98,4.98,4.98,6.19,6.19,6.73,6.73,5.38,5.38,5.38,5.38,5.38,5.38,6.46,7.0,7.0,6.46,5.12,5.12,5.12,5.12
N_8_8,N_10_6,9.241981289417842,5.13,5.13,5.13,5.13,5.13,5.13,6.38,6.38,6.93,6.93,5.55,5.55,5.55,5.55,5.55,5.55,6.65,7.21,7.21,6.65,5.27,5.27,5.27,5.27
N_8_8,N_10_8,3.0293223448673805,3.09,3.09,3.09,3.09,3.09,3.09,4.73,4.73,5.45,5.45,3.64,3.64,3.64,3.64,3.64,3.64,5.09,5.82,5.82,5.09,3.27,3.27,3.27,3.27
N_8_8,N_6_6,6.123906760910124,6.25,6.25,6.25,6.25,6.25,6.25,9.55,9.55,11.02,11.02,7.35,7.35,7.35,7.35,7.35,7.35,10.29,11.76,11.76,10.29,6.61,6.61,6.61,6.61
N_8_8,N_7_9,5.627246939978882,5.74,5.74,5.74,5.74,5.74,5.74,8.78,8.78,10.13,10.13,6.75,6.75,6.75,6.75,6.75,6.75,9.45,10.8,10.8,9.45,6.08,6.08,6.08,6.08
N_8_9,N_6_10,2.3427063508634802,3.84,3.84,3.84,3.84,3.84,3.84,6.37,6.37,7.5,7.5,4.69,4.69,4.69,4.69,4.69,4.69,6.93,8.06,8.06,6.93,4.12,4.12,4.12,4.12
N_8_9,N_9_9,1.0503570110364888,1.72,1.72,1.72,1.72,1.72,1.72,2.86,2.86,3.36,3.36,2.1,2.1,2.1,2.1,2.1,2.1,3.11,3.61,3.61,3.11,1.85,1.85,1.85,1.85
N_8_9,N_6_7,9.260003945069919,5.14,5.14,5.14,5.14,5.14,5.14,6.39,6.39,6.95,6.95,5.56,5.56,5.56,5.56,5.56,5.56,6.67,7.22,7.22,6.67,5.28,5.28,5.28,5.28
N_8_9,N_8_7,0.5515120195966214,0.9,0.9,0.9,0.9,0.9,0.9,1.5,1.5,1.76,1.76,1.1,1.1,1.1,1.1,1.1,1.1,1.63,1.9,1.9,1.63,0.97,0.97,0.97,0.97
N_9_0,N_7_1,3.8351794258108103,3.91,3.91,3.91,3.91,3.91,3.91,5.98,5.98,6.9,6.9,4.6,4.6,4.6,4.6,4.6,4.6,6.44,7.36,7.36,6.44,4.14,4.14,4.14,4.14
N_9_0,N_8_1,9.384792651754184,5.21,5.21,5.21,5.21,5.21,5.21,6.48,6.48,7.04,7.04,5.63,5.63,5.63,5.63,5.63,5.63,6.76,7.32,7.32,6.76,5.35,5.35,5.35,5.35
N_9_0,N_8_2,5.771471376845939,5.89,5.89,5.89,5.89,5.89,5.89,9.0,9.0,10.39,10.39,6.93,6.93,6.93,6.93,6.93,6.93,9.7,11.08,11.08,9.7,6.23,6.23,6.23,6.23
N_9_0,N_7_0,6.2309909137655985,6.36,6.36,6.36,6.36,6.36,6.36,9.72,9.72,11.22,11.22,7.48,7.48,7.48,7.48,7.48,7.48,10.47,11.96,11.96,10.47,6.73,6.73,6.73,6.73
N_9_0,N_8_0,3.4977835351753876,3.57,3.57,3.57,3.57,3.57,3.57,5.46,5.46,6.3,6.3,4.2,4.2,4.2,4.2,4.2,4.2,5.88,6.72,6.72,5.88,3.78,3.78,3.78,3.78
N_9_0,N_10_2,6.640190451374757,6.77,6.77,6.77,6.77,6.77,6.77,10.36,10.36,11.95,11.95,7.97,7.97,7.97,7.97,7.97,7.97,11.16,12.75,12.75,11.16,7.17,7.17,7.17,7.17
N_9_1,N_10_3,3.33858285950971,3.41,3.41,3.41,3.41,3.41,3.41,5.21,5.21,6.01,6.01,4.01,4.01,4.01,4.01,4.01,4.01,5.61,6.41,6.41,5.61,3.61,3.61,3.61,3.61
N_9_1,N_7_1,12.749438861865977,7.08,7.08,7.08,7.08,7.08,7.08,8.8,8.8,9.56,9.56,7.65,7.65,7.65,7.65,7.65,7.65,9.18,9.94,9.94,9.18,7.27,7.27,7.27,7.27
N_9_1,N_8_3,1.373181580480898,2.25,2.25,2.25,2.25,2.25,2.25,3.74,3.74,4.39,4.39,2.75,2.75,2.75,2.75,2.75,2.75,4.06,4.72,4.72,4.06,2.42,2.42,2.42,2.42
N_9_1,N_6_1,10.485250674758209,5.82,5.82,5.82,5.82,5.82,5.82,7.23,7.23,7.86,7.86,6.29,6.29,6.29,6.29,6.29,6.29,7.55,8.18,8.18,7.55,5.98,5.98,5.98,5.98
N_9_1,N_7_0,3.738663609946451,3.81,3.81,3.81,3.81,3.81,3.81,5.83,5.83,6.73,6.73,4.49,4.49,4.49,4.49,4.49,4.49,6.28,7.18,7.18,6.28,4.04,4.04,4.04,4.04
N_9_1,N_8_0,5.742244524324021,5.86,5.86,5.86,5.86,5.86,5.86,8.96,8.96,10.34,10.34,6.89,6.89,6.89,6.89,6.89,6.89,9.65,11.03,11.03,9.65,6.2,6.2,6.2,6.2
N_9_10,N_11_11,9.850499805704104,5.47,5.47,5.47,5.47,5.47,5.47,6.8,6.8,7.39,7.39,5.91,5.91,5.91,5.91,5.91,5.91,7.09,7.68,7.68,7.09,5.61,5.61,5.61,5.61
N_9_10,N_6_10,12.960251773412892,7.19,7.19,7.19,7.19,7.19,7.19,8.94,8.94,9.72,9.72,7.78,7.78,7.78,7.78,7.78,7.78,9.33,10.11,10.11,9.33,7.39,7.39,7.39,7.39
N_9_10,N_7_11,5.3408144634798465,5.45,5.45,5.45,5.45,5.45,5.45,8.33,8.33,9.61,9.61,6.41,6.41,6.41,6.41,6.41,6.41,8.97,10.25,10.25,8.97,5.77,5.77,5.77,5.77
N_9_10,N_11_8,4.301360748323626,4.39,4.39,4.39,4.39,4.39,4.39,6.71,6.71,7.74,7.74,5.16,5.16,5.16,5.16,5.16,5.16,7.23,8.26,8.26,7.23,4.65,4.65,4.65,4.65
N_9_10,N_7_8,5.617628313759198,5.73,5.73,5.73,5.73,5.73,5.73,8.76,8.76,10.11,10.11,6.74,6.74,6.74,6.74,6.74,6.74,9.44,10.79,10.79,9.44,6.07,6.07,6.07,6.07
N_9_11,N_12_11,3.000737361820868,3.06,3.06,3.06,3.06,3.06,3.06,4.68,4.68,5.4,5.4,3.6,3.6,3.6,3.6,3.6,3.6,5.04,5.76,5.76,5.04,3.24,3.24,3.24,3.24
N_9_11,N_7_13,0.9159703234949819,1.5,1.5,1.5,1.5,1.5,1.5,2.49,2.49,2.93,2.93,1.83,1.83,1.83,1.83,1.83,1.83,2.71,3.15,3.15,2.71,1.61,1.61,1.61,1.61
N_9_11,N_8_13,11.647936546916103,6.46,6.46,6.46,6.46,6.46,6.46,8.04,8.04,8.74,8.74,6.99,6.99,6.99,6.99,6.99,6.99,8.39,9.09,9.09,8.39,6.64,6.64,6.64,6.64
N_9_11,N_7_11,6.73508696237684,6.87,6.87,6.87,6.87,6.87,6.87,10.51,10.51,12.12,12.12,8.08,8.08,8.08,8.08,8.08,8.08,11.31,12.93,12.93,11.31,7.27,7.27,7.27,7.27
N_9_11,N_8_11,3.7196786513905913,3.79,3.79,3.79,3.79,3.79,3.79,5.8,5.8,6.7,6.7,4.46,4.46,4.46,4.46,4.46,4.46,6.25,7.14,7.14,6.25,4.02,4.02,4.02,4.02
N_9_11,N_8_12,3.5047641163118213,3.57,3.57,3.57,3.57,3.57,3.57,5.47,5.47,6.31,6.31,4.21,4.21,4.21,4.21,4.21,4.21,5.89,6.73,6.73,5.89,3.79,3.79,3.79,3.79
N_9_12,N_10_10,5.843015837975198,5.96,5.96,5.96,5.96,5.96,5.96,9.12,9.12,10.52,10.52,7.01,7.01,7.01,7.01,7.01,7.01,9.82,11.22,11.22,9.82,6.31,6.31,6.31,6.31
N_9_12,N_7_14,1.0319195782799537,1.69,1.69,1.69,1.69,1.69,1.69,2.81,2.81,3.3,3.3,2.06,2.06,2.06,2.06,2.06,2.06,3.05,3.55,3.55,3.05,1.82,1.82,1.82,1.82
N_9_12,N_10_11,3.5302873312675347,3.6,3.6,3.6,3.6,3.6,3.6,5.51,5.51,6.35,6.35,4.24,4.24,4.24,4.24,4.24,4.24,5.93,6.78,6.78,5.93,3.81,3.81,3.81,3.81
N_9_12,N_7_12,4.687094082206221,4.78,4.78,4.78,4.78,4.78,4.78,7.31,7.31,8.44,8.44,5.62,5.62,5.62,5.62,5.62,5.62,7.87,9.0,9.0,7.87,5.06,5.06,5.06,5.06
N_9_12,N_8_10,4.37402429883593,4.46,4.46,4.46,4.46,4.46,4.46,6.82,6.82,7.87,7.87,5.25,5.25,5.25,5.25,5.25,5.25,7.35,8.4,8.4,7.35,4.72,4.72,4.72,4.72
N_9_12,N_8_13,11.152821995440725,6.19,6.19,6.19,6.19,6.19,6.19,7.7,7.7,8.36,8.36,6.69,6.69,6.69,6.69,6.69,6.69,8.03,8.7,8.7,8.03,6.36,6.36,6.36,6.36
N_9_12,N_11_13,6.164939165735888,6.29,6.29,6.29,6.29,6.29,6.29,9.62,9.62,11.1,11.1,7.4,7.4,7.4,7.4,7.4,7.4,10.36,11.84,11.84,10.36,6.66,6.66,6.66,6.66
N_9_12,N_8_14,9.084052468678847,5.04,5.04,5.04,5.04,5.04,5.04,6.27,6.27,6.81,6.81,5.45,5.45,5.45,5.45,5.45,5.45,6.54,7.09,7.09,6.54,5.18,5.18,5.18,5.18
N_9_13,N_11_15,4.500119526819769,4.59,4.59,4.59,4.59,4.59,4.59,7.02,7.02,8.1,8.1,5.4,5.4,5.4,5.4,5.4,5.4,7.56,8.64,8.64,7.56,4.86,4.86,4.86,4.86
N_9_13,N_8_12,0.9238751154681952,1.52,1.52,1.52,1.52,1.52,1.52,2.51,2.51,2.96,2.96,1.85,1.85,1.85,1.85,1.85,1.85,2.73,3.18,3.18,2.73,1.63,1.63,1.63,1.63
N_9_13,N_8_13,8.917155026761048,4.95,4.95,4.95,4.95,4.95,4.95,6.15,6.15,6.69,6.69,5.35,5.35,5.35,5.35,5.35,5.35,6.42,6.96,6.96,6.42,5.08,5.08,5.08,5.08
N_9_13,N_10_12,6.853703687674161,6.99,6.99,6.99,6.99,6.99,6.99,10.69,10.69,12.34,12.34,8.22,8.22,8.22,8.22,8.22,8.22,11.51,13.16,13.16,11.51,7.4,7.4,7.4,7.4
N_9_14,N_11_16,5.846423326835925,5.96,5.96,5.96,5.96,5.96,5.96,9.12,9.12,10.52,10.52,7.02,7.02,7.02,7.02,7.02,7.02,9.82,11.23,11.23,9.82,6.31,6.31,6.31,6.31
N_9_14,N_7_13,4.7459151738930565,4.84,4.84,4.84,4.84,4.84,4.84,7.4,7.4,8.54,8.54,5.7,5.7,5.7,5.7,5.7,5.7,7.97,9.11,9.11,7.97,5.13,5.13,5.13,5.13
N_9_14,N_9_16,8.621560995235276,4.78,4.78,4.78,4.78,4.78,4.78,5.95,5.95,6.47,6.47,5.17,5.17,5.17,5.17,5.17,5.17,6.21,6.72,6.72,6.21,4.91,4.91,4.91,4.91
N_9_14,N_10_16,5.2366216874438525,5.34,5.34,5.34,5.34,5.34,5.34,8.17,8.17,9.43,9.43,6.28,6.28,6.28,6.28,6.28,6.28,8.8,10.05,10.05,8.8,5.66,5.66,5.66,5.66
N_9_14,N_6_14,13.027380980950564,7.23,7.23,7.23,7.23,7.23,7.23,8.99,8.99,9.77,9.77,7.82,7.82,7.82,7.82,7.82,7.82,9.38,10.16,10.16,9.38,7.43,7.43,7.43,7.43
N_9_14,N_10_15,10.736783295064539,5.96,5.96,5.96,5.96,5.96,5.96,7.41,7.41,8.05,8.05,6.44,6.44,6.44,6.44,6.44,6.44,7.73,8.37,8.37,7.73,6.12,6.12,6.12,6.12
N_9_14,N_9_15,14.566906111780092,8.08,8.08,8.08,8.08,8.08,8.08,10.05,10.05,10.93,10.93,8.74,8.74,8.74,8.74,8.74,8.74,10.49,11.36,11.36,10.49,8.3,8.3,8.3,8.3
N_9_14,N_9_11,8.479969923776444,4.71,4.71,4.71,4.71,4.71,4.71,5.85,5.85,6.36,6.36,5.09,5.09,5.09,5.09,5.09,5.09,6.11,6.61,6.61,6.11,4.83,4.83,4.83,4.83
N_9_15,N_11_13,2.3945077372453882,3.93,3.93,3.93,3.93,3.93,3.93,6.51,6.51,7.66,7.66,4.79,4.79,4.79,4.79,4.79,4.79,7.09,8.24,8.24,7.09,4.21,4.21,4.21,4.21
N_9_15,N_11_14,1.5785719726610448,2.59,2.59,2.59,2.59,2.59,2.59,4.29,4.29,5.05,5.05,3.16,3.16,3.16,3.16,3.16,3.16,4.67,5.43,5.43,4.67,2.78,2.78,2.78,2.78
N_9_15,N_11_16,1.370754869105528,2.25,2.25,2.25,2.25,2.25,2.25,3.73,3.73,4.39,4.39,2.74,2.74,2.74,2.74,2.74,2.74,4.06,4.72,4.72,4.06,2.41,2.41,2.41,2.41
N_9_16,N_11_16,8.560278156870618,4.75,4.75,4.75,4.75,4.75,4.75,5.91,5.91,6.42,6.42,5.14,5.14,5.14,5.14,5.14,5.14,6.16,6.68,6.68,6.16,4.88,4.88,4.88,4.88
N_9_16,N_7_16,3.1160296800901723,3.18,3.18,3.18,3.18,3.18,3.18,4.86,4.86,5.61,5.61,3.74,3.74,3.74,3.74,3.74,3.74,5.23,5.98,5.98,5.23,3.37,3.37,3.37,3.37
N_9_16,N_8_16,6.010762237188846,6.13,6.13,6.13,6.13,6.13,6.13,9.38,9.38,10.82,10.82,7.21,7.21,7.21,7.21,7.21,7.21,10.1,11.54,11.54,10.1,6.49,6.49,6.49,6.49
N_9_16,N_9_13,4.616722740187223,4.71,4.71,4.71,4.71,4.71,4.71,7.2,7.2,8.31,8.31,5.54,5.54,5.54,5.54,5.54,5.54,7.76,8.86,8.86,7.76,4.99,4.99,4.99,4.99
N_9_16,N_8_18,13.90326474331836,7.72,7.72,7.72,7.72,7.72,7.72,9.59,9.59,10.43,10.43,8.34,8.34,8.34,8.34,8.34,8.34,10.01,10.84,10.84,10.01,7.92,7.92,7.92,7.92
N_9_17,N_10_19,2.4451184719347845,4.01,4.01,4.01,4.01,4.01,4.01,6.65,6.65,7.82,7.82,4.89,4.89,4.89,4.89,4.89,4.89,7.24,8.41,8.41,7.24,4.3,4.3,4.3,4.3
N_9_17,N_11_18,4.031279059277601,4.11,4.11,4.11,4.11,4.11,4.11,6.29,6.29,7.26,7.26,4.84,4.84,4.84,4.84,4.84,4.84,6.77,7.74,7.74,6.77,4.35,4.35,4.35,4.35
N_9_17,N_11_19,2.1726694199233787,3.56,3.56,3.56,3.56,3.56,3.56,5.91,5.91,6.95,6.95,4.35,4.35,4.35,4.35,4.35,4.35,6.43,7.47,7.47,6.43,3.82,3.82,3.82,3.82
N_9_17,N_10_17,5.3970839327702205,5.51,5.51,5.51,5.51,5.51,5.51,8.42,8.42,9.71,9.71,6.48,6.48,6.48,6.48,6.48,6.48,9.07,10.36,10.36,9.07,5.83,5.83,5.83,5.83
N_9_17,N_7_18,12.157182764219261,6.75,6.75,6.75,6.75,6.75,6.75,8.39,8.39,9.12,9.12,7.29,7.29,7.29,7.29,7.29,7.29,8.75,9.48,9.48,8.75,6.93,6.93,6.93,6.93
N_9_17,N_8_18,5.732397457750337,5.85,5.85,5.85,5.85,5.85,5.85,8.94,8.94,10.32,10.32,6.88,6.88,6.88,6.88,6.88,6.88,9.63,11.01,11.01,9.63,6.19,6.19,6.19,6.19
N_9_17,N_7_17,6.41895014948704,6.55,6.55,6.55,6.55,6.55,6.55,10.01,10.01,11.55,11.55,7.7,7.7,7.7,7.7,7.7,7.7,10.78,12.32,12.32,10.78,6.93,6.93,6.93,6.93
N_9_18,N_10_18,6.6077640370330855,6.74,6.74,6.74,6.74,6.74,6.74,10.31,10.31,11.89,11.89,7.93,7.93,7.93,7.93,7.93,7.93,11.1,12.69,12.69,11.1,7.14,7.14,7.14,7.14
N_9_18,N_10_19,5.021711055443103,5.12,5.12,5.12,5.12,5.12,5.12,7.83,7.83,9.04,9.04,6.03,6.03,6.03,6.03,6.03,6.03,8.44,9.64,9.64,8.44,5.42,5.42,5.42,5.42
N_9_18,N_11_20,9.25922460108897,5.14,5.14,5.14,5.14,5.14,5.14,6.39,6.39,6.94,6.94,5.56,5.56,5.56,5.56,5.56,5.56,6.67,7.22,7.22,6.67,5.28,5.28,5.28,5.28
N_9_18,N_8_16,6.168955021915615,6.29,6.29,6.29,6.29,6.29,6.29,9.62,9.62,11.1,11.1,7.4,7.4,7.4,7.4,7.4,7.4,10.36,11.84,11.84,10.36,6.66,6.66,6.66,6.66
N_9_18,N_7_18,4.50012547577229,4.59,4.59,4.59,4.59,4.59,4.59,7.02,7.02,8.1,8.1,5.4,5.4,5.4,5.4,5.4,5.4,7.56,8.64,8.64,7.56,4.86,4.86,4.86,4.86
N_9_18,N_10_16,4.561891449043139,4.65,4.65,4.65,4.65,4.65,4.65,7.12,7.12,8.21,8.21,5.47,5.47,5.47,5.47,5.47,5.47,7.66,8.76,8.76,7.66,4.93,4.93,4.93,4.93
N_9_18,N_7_17,0.6277528697064041,1.03,1.03,1.03,1.03,1.03,1.03,1.71,1.71,2.01,2.01,1.26,1.26,1.26,1.26,1.26,1.26,1.86,2.16,2.16,1.86,1.1,1.1,1.1,1.1
N_9_18,N_11_17,5.151097928943089,5.25,5.25,5.25,5.25,5.25,5.25,8.04,8.04,9.27,9.27,6.18,6.18,6.18,6.18,6.18,6.18,8.65,9.89,9.89,8.65,5.56,5.56,5.56,5.56
N_9_19,N_10_18,5.490870095568418,5.6,5.6,5.6,5.6,5.6,5.6,8.57,8.57,9.88,9.88,6.59,6.59,6.59,6.59,6.59,6.59,9.22,10.54,10.54,9.22,5.93,5.93,5.93,5.93
N_9_19,N_10_20,14.192567613574756,7.88,7.88,7.88,7.88,7.88,7.88,9.79,9.79,10.64,10.64,8.52,8.52,8.52,8.52,8.52,8.52,10.22,11.07,11.07,10.22,8.09,8.09,8.09,8.09
N_9_19,N_7_20,13.721096108475104,7.62,7.62,7.62,7.62,7.62,7.62,9.47,9.47,10.29,10.29,8.23,8.23,8.23,8.23,8.23,8.23,9.88,10.7,10.7,9.88,7.82,7.82,7.82,7.82
N_9_19,N_8_19,6.6347266707337536,6.77,6.77,6.77,6.77,6.77,6.77,10.35,10.35,11.94,11.94,7.96,7.96,7.96,7.96,7.96,7.96,11.15,12.74,12.74,11.15,7.17,7.17,7.17,7.17
N_9_19,N_8_17,4.203206590021971,4.29,4.29,4.29,4.29,4.29,4.29,6.56,6.56,7.57,7.57,5.04,5.04,5.04,5.04,5.04,5.04,7.06,8.07,8.07,7.06,4.54,4.54,4.54,4.54
N_9_19,N_6_19,4.307127728932272,4.39,4.39,4.39,4.39,4.39,4.39,6.72,6.72,7.75,7.75,5.17,5.17,5.17,5.17,5.17,5.17,7.24,8.27,8.27,7.24,4.65,4.65,4.65,4.65
N_9_19,N_9_16,9.858467456032075,5.47,5.47,5.47,5.47,5.47,5.47,6.8,6.8,7.39,7.39,5.92,5.92,5.92,5.92,5.92,5.92,7.1,7.69,7.69,7.1,5.62,5.62,5.62,5.62
N_9_2,N_6_2,5.257300137331201,5.36,5.36,5.36,5.36,5.36,5.36,8.2,8.2,9.46,9.46,6.31,6.31,6.31,6.31,6.31,6.31,8.83,10.09,10.09,8.83,5.68,5.68,5.68,5.68
N_9_2,N_7_1,5.408267689793235,5.52,5.52,5.52,5.52,5.52,5.52,8.44,8.44,9.73,9.73,6.49,6.49,6.49,6.49,6.49,6.49,9.09,10.38,10.38,9.09,5.84,5.84,5.84,5.84
N_9_2,N_8_3,6.440854334781692,6.57,6.57,6.57,6.57,6.57,6.57,10.05,10.05,11.59,11.59,7.73,7.73,7.73,7.73,7.73,7.73,10.82,12.37,12.37,10.82,6.96,6.96,6.96,6.96
N_9_2,N_8_0,0.8312176386548897,1.36,1.36,1.36,1.36,1.36,1.36,2.26,2.26,2.66,2.66,1.66,1.66,1.66,1.66,1.66,1.66,2.46,2.86,2.86,2.46,1.46,1.46,1.46,1.46
N_9_2,N_10_0,4.021440206829572,4.1,4.1,4.1,4.1,4.1,4.1,6.27,6.27,7.24,7.24,4.83,4.83,4.83,4.83,4.83,4.83,6.76,7.72,7.72,6.76,4.34,4.34,4.34,4.34
N_9_2,N_11_4,9.759172742049788,5.42,5.42,5.42,5.42,5.42,5.42,6.73,6.73,7.32,7.32,5.86,5.86,5.86,5.86,5.86,5.86,7.03,7.61,7.61,7.03,5.56,5.56,5.56,5.56
N_9_2,N_9_0,10.042875327590695,5.57,5.57,5.57,5.57,5.57,5.57,6.93,6.93,7.53,7.53,6.03,6.03,6.03,6.03,6.03,6.03,7.23,7.83,7.83,7.23,5.72,5.72,5.72,5.72
N_9_2,N_12_2,4.7251750958882806,4.82,4.82,4.82,4.82,4.82,4.82,7.37,7.37,8.51,8.51,5.67,5.67,5.67,5.67,5.67,5.67,7.94,9.07,9.07,7.94,5.1,5.1,5.1,5.1
N_9_20,N_10_19,3.5228331457606474,3.59,3.59,3.59,3.59,3.59,3.59,5.5,5.5,6.34,6.34,4.23,4.23,4.23,4.23,4.23,4.23,5.92,6.76,6.76,5.92,3.8,3.8,3.8,3.8
N_9_20,N_10_20,1.2899973764438388,2.12,2.12,2.12,2.12,2.12,2.12,3.51,3.51,4.13,4.13,2.58,2.58,2.58,2.58,2.58,2.58,3.82,4.44,4.44,3.82,2.27,2.27,2.27,2.27
N_9_20,N_7_18,6.955563670025377,7.09,7.09,7.09,7.09,7.09,7.09,10.85,10.85,12.52,12.52,8.35,8.35,8.35,8.35,8.35,8.35,11.69,13.35,13.35,11.69,7.51,7.51,7.51,7.51
N_9_20,N_9_21,1.9191448921360763,3.15,3.15,3.15,3.15,3.15,3.15,5.22,5.22,6.14,6.14,3.84,3.84,3.84,3.84,3.84,3.84,5.68,6.6,6.6,5.68,3.38,3.38,3.38,3.38
N_9_21,N_10_20,10.883945444073156,6.04,6.04,6.04,6.04,6.04,6.04,7.51,7.51,8.16,8.16,6.53,6.53,6.53,6.53,6.53,6.53,7.84,8.49,8.49,7.84,6.2,6.2,6.2,6.2
N_9_21,N_10_23,4.278074716564637,4.36,4.36,4.36,4.36,4.36,4.36,6.67,6.67,7.7,7.7,5.13,5.13,5.13,5.13,5.13,5.13,7.19,8.21,8.21,7.19,4.62,4.62,4.62,4.62
N_9_21,N_7_23,6.8325985220996355,6.97,6.97,6.97,6.97,6.97,6.97,10.66,10.66,12.3,12.3,8.2,8.2,8.2,8.2,8.2,8.2,11.48,13.12,13.12,11.48,7.38,7.38,7.38,7.38
N_9_21,N_8_23,5.1236147030375125,5.23,5.23,5.23,5.23,5.23,5.23,7.99,7.99,9.22,9.22,6.15,6.15,6.15,6.15,6.15,6.15,8.61,9.84,9.84,8.61,5.53,5.53,5.53,5.53
N_9_21,N_9_20,1.9191448921360763,3.15,3.15,3.15,3.15,3.15,3.15,5.22,5.22,6.14,6.14,3.84,3.84,3.84,3.84,3.84,3.84,5.68,6.6,6.6,5.68,3.38,3.38,3.38,3.38
N_9_21,N_11_22,4.398286922548057,4.49,4.49,4.49,4.49,4.49,4.49,6.86,6.86,7.92,7.92,5.28,5.28,5.28,5.28,5.28,5.28,7.39,8.44,8.44,7.39,4.75,4.75,4.75,4.75
N_9_22,N_11_20,14.595234178538824,8.1,8.1,8.1,8.1,8.1,8.1,10.07,10.07,10.95,10.95,8.76,8.76,8.76,8.76,8.76,8.76,10.51,11.38,11.38,10.51,8.32,8.32,8.32,8.32
N_9_22,N_12_22,5.9262930422082505,6.04,6.04,6.04,6.04,6.04,6.04,9.25,9.25,10.67,10.67,7.11,7.11,7.11,7.11,7.11,7.11,9.96,11.38,11.38,9.96,6.4,6.4,6.4,6.4
N_9_22,N_7_22,3.883301169876709,3.96,3.96,3.96,3.96,3.96,3.96,6.06,6.06,6.99,6.99,4.66,4.66,4.66,4.66,4.66,4.66,6.52,7.46,7.46,6.52,4.19,4.19,4.19,4.19
N_9_22,N_8_20,13.258194298088544,7.36,7.36,7.36,7.36,7.36,7.36,9.15,9.15,9.94,9.94,7.95,7.95,7.95,7.95,7.95,7.95,9.55,10.34,10.34,9.55,7.56,7.56,7.56,7.56
N_9_22,N_10_24,0.7174699217297651,1.18,1.18,1.18,1.18,1.18,1.18,1.95,1.95,2.3,2.3,1.43,1.43,1.43,1.43,1.43,1.43,2.12,2.47,2.47,2.12,1.26,1.26,1.26,1.26
N_9_22,N_9_24,4.356608891593703,4.44,4.44,4.44,4.44,4.44,4.44,6.8,6.8,7.84,7.84,5.23,5.23,5.23,5.23,5.23,5.23,7.32,8.36,8.36,7.32,4.71,4.71,4.71,4.71
N_9_23,N_7_21,3.8152651936561104,3.89,3.89,3.89,3.89,3.89,3.89,5.95,5.95,6.87,6.87,4.58,4.58,4.58,4.58,4.58,4.58,6.41,7.33,7.33,6.41,4.12,4.12,4.12,4.12
N_9_23,N_9_20,6.6173127118892126,6.75,6.75,6.75,6.75,6.75,6.75,10.32,10.32,11.91,11.91,7.94,7.94,7.94,7.94,7.94,7.94,11.12,12.71,12.71,11.12,7.15,7.15,7.15,7.15
N_9_23,N_11_22,3.088682634190319,3.15,3.15,3.15,3.15,3.15,3.15,4.82,4.82,5.56,5.56,3.71,3.71,3.71,3.71,3.71,3.71,5.19,5.93,5.93,5.19,3.34,3.34,3.34,3.34
N_9_23,N_9_24,10.28104271234794,5.71,5.71,5.71,5.71,5.71,5.71,7.09,7.09,7.71,7.71,6.17,6.17,6.17,6.17,6.17,6.17,7.4,8.02,8.02,7.4,5.86,5.86,5.86,5.86
N_9_23,N_7_23,6.760706190432486,6.9,6.9,6.9,6.9,6.9,6.9,10.55,10.55,12.17,12.17,8.11,8.11,8.11,8.11,8.11,8.11,11.36,12.98,12.98,11.36,7.3,7.3,7.3,7.3
N_9_24,N_11_22,13.979482912731973,7.76,7.76,7.76,7.76,7.76,7.76,9.65,9.65,10.48,10.48,8.39,8.39,8.39,8.39,8.39,8.39,10.07,10.9,10.9,10.07,7.97,7.97,7.97,7.97
N_9_24,N_7_26,4.683322214535564,4.78,4.78,4.78,4.78,4.78,4.78,7.31,7.31,8.43,8.43,5.62,5.62,5.62,5.62,5.62,5.62,7.87,8.99,8.99,7.87,5.06,5.06,5.06,5.06
N_9_24,N_9_23,10.28104271234794,5.71,5.71,5.71,5.71,5.71,5.71,7.09,7.09,7.71,7.71,6.17,6.17,6.17,6.17,6.17,6.17,7.4,8.02,8.02,7.4,5.86,5.86,5.86,5.86
N_9_24,N_11_26,0.666458184984688,1.09,1.09,1.09,1.09,1.09,1.09,1.81,1.81,2.13,2.13,1.33,1.33,1.33,1.33,1.33,1.33,1.97,2.29,2.29,1.97,1.17,1.17,1.17,1.17
N_9_24,N_8_25,1.4072799812182852,2.31,2.31,2.31,2.31,2.31,2.31,3.83,3.83,4.5,4.5,2.81,2.81,2.81,2.81,2.81,2.81,4.17,4.84,4.84,4.17,2.48,2.48,2.48,2.48
N_9_24,N_10_22,9.261597788355285,5.14,5.14,5.14,5.14,5.14,5.14,6.39,6.39,6.95,6.95,5.56,5.56,5.56,5.56,5.56,5.56,6.67,7.22,7.22,6.67,5.28,5.28,5.28,5.28
N_9_25,N_8_25,13.894027372828544,7.71,7.71,7.71,7.71,7.71,7.71,9.59,9.59,10.42,10.42,8.34,8.34,8.34,8.34,8.34,8.34,10.0,10.84,10.84,10.0,7.92,7.92,7.92,7.92
N_9_25,N_8_26,6.243096295669135,6.37,6.37,6.37,6.37,6.37,6.37,9.74,9.74,11.24,11.24,7.49,7.49,7.49,7.49,7.49,7.49,10.49,11.99,11.99,10.49,6.74,6.74,6.74,6.74
N_9_25,N_6_25,10.771613767622627,5.98,5.98,5.98,5.98,5.98,5.98,7.43,7.43,8.08,8.08,6.46,6.46,6.46,6.46,6.46,6.46,7.76,8.4,8.4,7.76,6.14,6.14,6.14,6.14
N_9_25,N_9_28,6.136485228965521,6.26,6.26,6.26,6.26,6.26,6.26,9.57,9.57,11.05,11.05,7.36,7.36,7.36,7.36,7.36,7.36,10.31,11.78,11.78,10.31,6.63,6.63,6.63,6.63
N_9_26,N_11_27,12.824749861988295,7.12,7.12,7.12,7.12,7.12,7.12,8.85,8.85,9.62,9.62,7.69,7.69,7.69,7.69,7.69,7.69,9.23,10.0,10.0,9.23,7.31,7.31,7.31,7.31
N_9_26,N_7_25,3.7916029170050374,3.87,3.87,3.87,3.87,3.87,3.87,5.91,5.91,6.82,6.82,4.55,4.55,4.55,4.55,4.55,4.55,6.37,7.28,7.28,6.37,4.09,4.09,4.09,4.09
N_9_26,N_8_26,3.9083264416065164,3.99,3.99,3.99,3.99,3.99,3.99,6.1,6.1,7.03,7.03,4.69,4.69,4.69,4.69,4.69,4.69,6.57,7.5,7.5,6.57,4.22,4.22,4.22,4.22
N_9_26,N_11_28,9.666812181812467,5.37,5.37,5.37,5.37,5.37,5.37,6.67,6.67,7.25,7.25,5.8,5.8,5.8,5.8,5.8,5.8,6.96,7.54,7.54,6.96,5.51,5.51,5.51,5.51
N_9_26,N_9_24,4.47321801483341,4.56,4.56,4.56,4.56,4.56,4.56,6.98,6.98,8.05,8.05,5.37,5.37,5.37,5.37,5.37,5.37,7.52,8.59,8.59,7.52,4.83,4.83,4.83,4.83
N_9_26,N_7_28,6.482041181711411,6.61,6.61,6.61,6.61,6.61,6.61,10.11,10.11,11.67,11.67,7.78,7.78,7.78,7.78,7.78,7.78,10.89,12.45,12.45,10.89,7.0,7.0,7.0,7.0
N_9_26,N_9_27,2.2994164866478495,3.77,3.77,3.77,3.77,3.77,3.77,6.25,6.25,7.36,7.36,4.6,4.6,4.6,4.6,4.6,4.6,6.81,7.91,7.91,6.81,4.05,4.05,4.05,4.05
N_9_27,N_10_27,0.7523719972770795,1.23,1.23,1.23,1.23,1.23,1.23,2.05,2.05,2.41,2.41,1.5,1.5,1.5,1.5,1.5,1.5,2.23,2.59,2.59,2.23,1.32,1.32,1.32,1.32
N_9_27,N_11_28,0.8797389048944377,1.44,1.44,1.44,1.44,1.44,1.44,2.39,2.39,2.82,2.82,1.76,1.76,1.76,1.76,1.76,1.76,2.6,3.03,3.03,2.6,1.55,1.55,1.55,1.55
N_9_27,N_7_28,3.4730509847991904,3.54,3.54,3.54,3.54,3.54,3.54,5.42,5.42,6.25,6.25,4.17,4.17,4.17,4.17,4.17,4.17,5.83,6.67,6.67,5.83,3.75,3.75,3.75,3.75
N_9_28,N_11_29,9.617126023185456,5.34,5.34,5.34,5.34,5.34,5.34,6.64,6.64,7.21,7.21,5.77,5.77,5.77,5.77,5.77,5.77,6.92,7.5,7.5,6.92,5.48,5.48,5.48,5.48
N_9_28,N_8_26,12.166114304735334,6.75,6.75,6.75,6.75,6.75,6.75,8.39,8.39,9.12,9.12,7.3,7.3,7.3,7.3,7.3,7.3,8.76,9.49,9.49,8.76,6.93,6.93,6.93,6.93
N_9_28,N_9_25,6.136485228965521,6.26,6.26,6.26,6.26,6.26,6.26,9.57,9.57,11.05,11.05,7.36,7.36,7.36,7.36,7.36,7.36,10.31,11.78,11.78,10.31,6.63,6.63,6.63,6.63
N_9_28,N_11_26,6.569919849196291,6.7,6.7,6.7,6.7,6.7,6.7,10.25,10.25,11.83,11.83,7.88,7.88,7.88,7.88,7.88,7.88,11.04,12.61,12.61,11.04,7.1,7.1,7.1,7.1
N_9_28,N_7_29,3.9893948947630657,4.07,4.07,4.07,4.07,4.07,4.07,6.22,6.22,7.18,7.18,4.79,4.79,4.79,4.79,4.79,4.79,6.7,7.66,7.66,6.7,4.31,4.31,4.31,4.31
N_9_28,N_9_30,3.847529411167667,3.92,3.92,3.92,3.92,3.92,3.92,6.0,6.0,6.93,6.93,4.62,4.62,4.62,4.62,4.62,4.62,6.46,7.39,7.39,6.46,4.16,4.16,4.16,4.16
N_9_29,N_11_29,6.065133680064211,6.19,6.19,6.19,6.19,6.19,6.19,9.46,9.46,10.92,10.92,7.28,7.28,7.28,7.28,7.28,7.28,10.19,11.65,11.65,10.19,6.55,6.55,6.55,6.55
N_9_29,N_7_29,4.567830389139848,4.66,4.66,4.66,4.66,4.66,4.66,7.13,7.13,8.22,8.22,5.48,5.48,5.48,5.48,5.48,5.48,7.67,8.77,8.77,7.67,4.93,4.93,4.93,4.93
N_9_29,N_11_27,6.5229448869238045,6.65,6.65,6.65,6.65,6.65,6.65,10.18,10.18,11.74,11.74,7.83,7.83,7.83,7.83,7.83,7.83,10.96,12.52,12.52,10.96,7.04,7.04,7.04,7.04
N_9_29,N_11_30,14.59254401213428,8.1,8.1,8.1,8.1,8.1,8.1,10.07,10.07,10.94,10.94,8.76,8.76,8.76,8.76,8.76,8.76,10.51,11.38,11.38,10.51,8.32,8.32,8.32,8.32
N_9_29,N_10_29,12.631466297294423,7.01,7.01,7.01,7.01,7.01,7.01,8.72,8.72,9.47,9.47,7.58,7.58,7.58,7.58,7.58,7.58,9.09,9.85,9.85,9.09,7.2,7.2,7.2,7.2
N_9_29,N_7_28,8.900692864115179,4.94,4.94,4.94,4.94,4.94,4.94,6.14,6.14,6.68,6.68,5.34,5.34,5.34,5.34,5.34,5.34,6.41,6.94,6.94,6.41,5.07,5.07,5.07,5.07
N_9_3,N_10_2,1.6119075230967765,2.64,2.64,2.64,2.64,2.64,2.64,4.38,4.38,5.16,5.16,3.22,3.22,3.22,3.22,3.22,3.22,4.77,5.54,5.54,4.77,2.84,2.84,2.84,2.84
N_9_3,N_11_1,1.1355718744674508,1.86,1.86,1.86,1.86,1.86,1.86,3.09,3.09,3.63,3.63,2.27,2.27,2.27,2.27,2.27,2.27,3.36,3.91,3.91,3.36,2.0,2.0,2.0,2.0
N_9_3,N_11_5,4.624865343176477,4.72,4.72,4.72,4.72,4.72,4.72,7.21,7.21,8.32,8.32,5.55,5.55,5.55,5.55,5.55,5.55,7.77,8.88,8.88,7.77,4.99,4.99,4.99,4.99
N_9_3,N_10_1,14.50346696308301,8.05,8.05,8.05,8.05,8.05,8.05,10.01,10.01,10.88,10.88,8.7,8.7,8.7,8.7,8.7,8.7,10.44,11.31,11.31,10.44,8.27,8.27,8.27,8.27
N_9_3,N_7_5,5.095531238968141,5.2,5.2,5.2,5.2,5.2,5.2,7.95,7.95,9.17,9.17,6.11,6.11,6.11,6.11,6.11,6.11,8.56,9.78,9.78,8.56,5.5,5.5,5.5,5.5
N_9_30,N_10_28,4.5321738915082115,4.62,4.62,4.62,4.62,4.62,4.62,7.07,7.07,8.16,8.16,5.44,5.44,5.44,5.44,5.44,5.44,7.61,8.7,8.7,7.61,4.89,4.89,4.89,4.89
N_9_30,N_10_29,4.495640838772577,4.59,4.59,4.59,4.59,4.59,4.59,7.01,7.01,8.09,8.09,5.39,5.39,5.39,5.39,5.39,5.39,7.55,8.63,8.63,7.55,4.86,4.86,4.86,4.86
N_9_30,N_11_32,6.696852827613709,6.83,6.83,6.83,6.83,6.83,6.83,10.45,10.45,12.05,12.05,8.04,8.04,8.04,8.04,8.04,8.04,11.25,12.86,12.86,11.25,7.23,7.23,7.23,7.23
N_9_31,N_10_30,3.9612083107139777,4.04,4.04,4.04,4.04,4.04,4.04,6.18,6.18,7.13,7.13,4.75,4.75,4.75,4.75,4.75,4.75,6.65,7.61,7.61,6.65,4.28,4.28,4.28,4.28
N_9_31,N_10_32,3.3521653750361784,3.42,3.42,3.42,3.42,3.42,3.42,5.23,5.23,6.03,6.03,4.02,4.02,4.02,4.02,4.02,4.02,5.63,6.44,6.44,5.63,3.62,3.62,3.62,3.62
N_9_31,N_8_30,4.986178939857068,5.09,5.09,5.09,5.09,5.09,5.09,7.78,7.78,8.98,8.98,5.98,5.98,5.98,5.98,5.98,5.98,8.38,9.57,9.57,8.38,5.39,5.39,5.39,5.39
N_9_31,N_8_33,5.988030203154201,6.11,6.11,6.11,6.11,6.11,6.11,9.34,9.34,10.78,10.78,7.19,7.19,7.19,7.19,7.19,7.19,10.06,11.5,11.5,10.06,6.47,6.47,6.47,6.47
N_9_31,N_9_33,4.6642614197421715,4.76,4.76,4.76,4.76,4.76,4.76,7.28,7.28,8.4,8.4,5.6,5.6,5.6,5.6,5.6,5.6,7.84,8.96,8.96,7.84,5.04,5.04,5.04,5.04
N_9_32,N_10_30,4.345134615551261,4.43,4.43,4.43,4.43,4.43,4.43,6.78,6.78,7.82,7.82,5.21,5.21,5.21,5.21,5.21,5.21,7.3,8.34,8.34,7.3,4.69,4.69,4.69,4.69
N_9_32,N_11_34,14.18381620605199,7.87,7.87,7.87,7.87,7.87,7.87,9.79,9.79,10.64,10.64,8.51,8.51,8.51,8.51,8.51,8.51,10.21,11.06,11.06,10.21,8.08,8.08,8.08,8.08
N_9_32,N_6_32,1.2209023768246292,2.0,2.0,2.0,2.0,2.0,2.0,3.32,3.32,3.91,3.91,2.44,2.44,2.44,2.44,2.44,2.44,3.61,4.2,4.2,3.61,2.15,2.15,2.15,2.15
N_9_32,N_9_34,3.709775011261342,3.78,3.78,3.78,3.78,3.78,3.78,5.79,5.79,6.68,6.68,4.45,4.45,4.45,4.45,4.45,4.45,6.23,7.12,7.12,6.23,4.01,4.01,4.01,4.01
N_9_33,N_10_34,4.079908598148757,4.16,4.16,4.16,4.16,4.16,4.16,6.36,6.36,7.34,7.34,4.9,4.9,4.9,4.9,4.9,4.9,6.85,7.83,7.83,6.85,4.41,4.41,4.41,4.41
N_9_33,N_7_35,14.519950320300815,8.06,8.06,8.06,8.06,8.06,8.06,10.02,10.02,10.89,10.89,8.71,8.71,8.71,8.71,8.71,8.71,10.45,11.33,11.33,10.45,8.28,8.28,8.28,8.28
N_9_33,N_9_31,4.6642614197421715,4.76,4.76,4.76,4.76,4.76,4.76,7.28,7.28,8.4,8.4,5.6,5.6,5.6,5.6,5.6,5.6,7.84,8.96,8.96,7.84,5.04,5.04,5.04,5.04
N_9_33,N_8_33,11.88579135647961,6.6,6.6,6.6,6.6,6.6,6.6,8.2,8.2,8.91,8.91,7.13,7.13,7.13,7.13,7.13,7.13,8.56,9.27,9.27,8.56,6.77,6.77,6.77,6.77
N_9_33,N_9_30,12.489758728095918,6.93,6.93,6.93,6.93,6.93,6.93,8.62,8.62,9.37,9.37,7.49,7.49,7.49,7.49,7.49,7.49,8.99,9.74,9.74,8.99,7.12,7.12,7.12,7.12
N_9_33,N_9_32,5.952174834123193,6.07,6.07,6.07,6.07,6.07,6.07,9.29,9.29,10.71,10.71,7.14,7.14,7.14,7.14,7.14,7.14,10.0,11.43,11.43,10.0,6.43,6.43,6.43,6.43
N_9_34,N_10_32,3.707297066253843,3.78,3.78,3.78,3.78,3.78,3.78,5.78,5.78,6.67,6.67,4.45,4.45,4.45,4.45,4.45,4.45,6.23,7.12,7.12,6.23,4.0,4.0,4.0,4.0
N_9_34,N_6_34,1.0057028131088421,1.65,1.65,1.65,1.65,1.65,1.65,2.74,2.74,3.22,3.22,2.01,2.01,2.01,2.01,2.01,2.01,2.98,3.46,3.46,2.98,1.77,1.77,1.77,1.77
N_9_34,N_8_33,1.7408997712161953,2.86,2.86,2.86,2.86,2.86,2.86,4.74,4.74,5.57,5.57,3.48,3.48,3.48,3.48,3.48,3.48,5.15,5.99,5.99,5.15,3.06,3.06,3.06,3.06
N_9_34,N_8_35,5.6232905906861,5.74,5.74,5.74,5.74,5.74,5.74,8.77,8.77,10.12,10.12,6.75,6.75,6.75,6.75,6.75,6.75,9.45,10.8,10.8,9.45,6.07,6.07,6.07,6.07
N_9_34,N_9_32,3.709775011261342,3.78,3.78,3.78,3.78,3.78,3.78,5.79,5.79,6.68,6.68,4.45,4.45,4.45,4.45,4.45,4.45,6.23,7.12,7.12,6.23,4.01,4.01,4.01,4.01
N_9_34,N_9_36,9.615307882384196,5.34,5.34,5.34,5.34,5.34,5.34,6.63,6.63,7.21,7.21,5.77,5.77,5.77,5.77,5.77,5.77,6.92,7.5,7.5,6.92,5.48,5.48,5.48,5.48
N_9_35,N_11_36,9.315535215641559,5.17,5.17,5.17,5.17,5.17,5.17,6.43,6.43,6.99,6.99,5.59,5.59,5.59,5.59,5.59,5.59,6.71,7.27,7.27,6.71,5.31,5.31,5.31,5.31
N_9_35,N_7_36,13.29908999983104,7.38,7.38,7.38,7.38,7.38,7.38,9.18,9.18,9.97,9.97,7.98,7.98,7.98,7.98,7.98,7.98,9.58,10.37,10.37,9.58,7.58,7.58,7.58,7.58
N_9_35,N_8_37,1.128452138652798,1.85,1.85,1.85,1.85,1.85,1.85,3.07,3.07,3.61,3.61,2.26,2.26,2.26,2.26,2.26,2.26,3.34,3.88,3.88,3.34,1.99,1.99,1.99,1.99
N_9_35,N_6_35,5.250175657238889,5.36,5.36,5.36,5.36,5.36,5.36,8.19,8.19,9.45,9.45,6.3,6.3,6.3,6.3,6.3,6.3,8.82,10.08,10.08,8.82,5.67,5.67,5.67,5.67
N_9_36,N_10_36,6.209059136180384,6.33,6.33,6.33,6.33,6.33,6.33,9.69,9.69,11.18,11.18,7.45,7.45,7.45,7.45,7.45,7.45,10.43,11.92,11.92,10.43,6.71,6.71,6.71,6.71
N_9_36,N_8_37,3.564609390724042,3.64,3.64,3.64,3.64,3.64,3.64,5.56,5.56,6.42,6.42,4.28,4.28,4.28,4.28,4.28,4.28,5.99,6.84,6.84,5.99,3.85,3.85,3.85,3.85
N_9_36,N_8_35,3.7523806804578035,3.83,3.83,3.83,3.83,3.83,3.83,5.85,5.85,6.75,6.75,4.5,4.5,4.5,4.5,4.5,4.5,6.3,7.2,7.2,6.3,4.05,4.05,4.05,4.05
N_9_36,N_9_35,1.4014146423884044,2.3,2.3,2.3,2.3,2.3,2.3,3.81,3.81,4.48,4.48,2.8,2.8,2.8,2.8,2.8,2.8,4.15,4.82,4.82,4.15,2.47,2.47,2.47,2.47
N_9_36,N_10_35,6.528241771811584,6.66,6.66,6.66,6.66,6.66,6.66,10.18,10.18,11.75,11.75,7.83,7.83,7.83,7.83,7.83,7.83,10.97,12.53,12.53,10.97,7.05,7.05,7.05,7.05
N_9_37,N_10_37,13.260010007333277,7.36,7.36,7.36,7.36,7.36,7.36,9.15,9.15,9.95,9.95,7.96,7.96,7.96,7.96,7.96,7.96,9.55,10.34,10.34,9.55,7.56,7.56,7.56,7.56
N_9_37,N_11_36,5.259377149257425,5.36,5.36,5.36,5.36,5.36,5.36,8.2,8.2,9.47,9.47,6.31,6.31,6.31,6.31,6.31,6.31,8.84,10.1,10.1,8.84,5.68,5.68,5.68,5.68
N_9_37,N_8_36,11.40749208224306,6.33,6.33,6.33,6.33,6.33,6.33,7.87,7.87,8.56,8.56,6.84,6.84,6.84,6.84,6.84,6.84,8.21,8.9,8.9,8.21,6.5,6.5,6.5,6.5
N_9_37,N_8_35,5.488935148505908,5.6,5.6,5.6,5.6,5.6,5.6,8.56,8.56,9.88,9.88,6.59,6.59,6.59,6.59,6.59,6.59,9.22,10.54,10.54,9.22,5.93,5.93,5.93,5.93
N_9_37,N_9_38,0.8005073832680596,1.31,1.31,1.31,1.31,1.31,1.31,2.18,2.18,2.56,2.56,1.6,1.6,1.6,1.6,1.6,1.6,2.37,2.75,2.75,2.37,1.41,1.41,1.41,1.41
N_9_37,N_10_39,13.955604669988158,7.75,7.75,7.75,7.75,7.75,7.75,9.63,9.63,10.47,10.47,8.37,8.37,8.37,8.37,8.37,8.37,10.05,10.89,10.89,10.05,7.95,7.95,7.95,7.95
N_9_37,N_7_38,6.509165365707117,6.64,6.64,6.64,6.64,6.64,6.64,10.15,10.15,11.72,11.72,7.81,7.81,7.81,7.81,7.81,7.81,10.94,12.5,12.5,10.94,7.03,7.03,7.03,7.03
N_9_37,N_10_35,6.752260941936128,6.89,6.89,6.89,6.89,6.89,6.89,10.53,10.53,12.15,12.15,8.1,8.1,8.1,8.1,8.1,8.1,11.34,12.96,12.96,11.34,7.29,7.29,7.29,7.29
N_9_38,N_10_38,12.612371776642126,7.0,7.0,7.0,7.0,7.0,7.0,8.7,8.7,9.46,9.46,7.57,7.57,7.57,7.57,7.57,7.57,9.08,9.84,9.84,9.08,7.19,7.19,7.19,7.19
N_9_38,N_6_38,4.2224575280981345,4.31,4.31,4.31,4.31,4.31,4.31,6.59,6.59,7.6,7.6,5.07,5.07,5.07,5.07,5.07,5.07,7.09,8.11,8.11,7.09,4.56,4.56,4.56,4.56
N_9_38,N_8_37,4.582486392653305,4.67,4.67,4.67,4.67,4.67,4.67,7.15,7.15,8.25,8.25,5.5,5.5,5.5,5.5,5.5,5.5,7.7,8.8,8.8,7.7,4.95,4.95,4.95,4.95
N_9_38,N_10_37,2.174232176125589,3.57,3.57,3.57,3.57,3.57,3.57,5.91,5.91,6.96,6.96,4.35,4.35,4.35,4.35,4.35,4.35,6.44,7.48,7.48,6.44,3.83,3.83,3.83,3.83
N_9_38,N_7_36,1.8742322498764328,3.07,3.07,3.07,3.07,3.07,3.07,5.1,5.1,6.0,6.0,3.75,3.75,3.75,3.75,3.75,3.75,5.55,6.45,6.45,5.55,3.3,3.3,3.3,3.3
N_9_39,N_10_39,4.802018387835856,4.9,4.9,4.9,4.9,4.9,4.9,7.49,7.49,8.64,8.64,5.76,5.76,5.76,5.76,5.76,5.76,8.07,9.22,9.22,8.07,5.19,5.19,5.19,5.19
N_9_39,N_11_37,4.830179717766848,4.93,4.93,4.93,4.93,4.93,4.93,7.54,7.54,8.69,8.69,5.8,5.8,5.8,5.8,5.8,5.8,8.11,9.27,9.27,8.11,5.22,5.22,5.22,5.22
N_9_39,N_11_38,5.5844060317187925,5.7,5.7,5.7,5.7,5.7,5.7,8.71,8.71,10.05,10.05,6.7,6.7,6.7,6.7,6.7,6.7,9.38,10.72,10.72,9.38,6.03,6.03,6.03,6.03
N_9_39,N_7_38,11.431340000448634,6.34,6.34,6.34,6.34,6.34,6.34,7.89,7.89,8.57,8.57,6.86,6.86,6.86,6.86,6.86,6.86,8.23,8.92,8.92,8.23,6.52,6.52,6.52,6.52
N_9_39,N_12_39,3.9844802816631786,4.06,4.06,4.06,4.06,4.06,4.06,6.22,6.22,7.17,7.17,4.78,4.78,4.78,4.78,4.78,4.78,6.69,7.65,7.65,6.69,4.3,4.3,4.3,4.3
N_9_4,N_8_6,4.205562843125088,4.29,4.29,4.29,4.29,4.29,4.29,6.56,6.56,7.57,7.57,5.05,5.05,5.05,5.05,5.05,5.05,7.07,8.07,8.07,7.07,4.54,4.54,4.54,4.54
N_9_4,N_11_4,5.9525571788968925,6.07,6.07,6.07,6.07,6.07,6.07,9.29,9.29,10.71,10.71,7.14,7.14,7.14,7.14,7.14,7.14,10.0,11.43,11.43,10.0,6.43,6.43,6.43,6.43
N_9_4,N_10_2,9.193198890672662,5.1,5.1,5.1,5.1,5.1,5.1,6.34,6.34,6.89,6.89,5.52,5.52,5.52,5.52,5.52,5.52,6.62,7.17,7.17,6.62,5.24,5.24,5.24,5.24
N_9_4,N_9_1,10.365677235987187,5.75,5.75,5.75,5.75,5.75,5.75,7.15,7.15,7.77,7.77,6.22,6.22,6.22,6.22,6.22,6.22,7.46,8.09,8.09,7.46,5.91,5.91,5.91,5.91
N_9_4,N_8_4,6.621784228306197,6.75,6.75,6.75,6.75,6.75,6.75,10.33,10.33,11.92,11.92,7.95,7.95,7.95,7.95,7.95,7.95,11.12,12.71,12.71,11.12,7.15,7.15,7.15,7.15
N_9_4,N_9_2,6.817077276329655,6.95,6.95,6.95,6.95,6.95,6.95,10.63,10.63,12.27,12.27,8.18,8.18,8.18,8.18,8.18,8.18,11.45,13.09,13.09,11.45,7.36,7.36,7.36,7.36
N_9_4,N_9_7,9.528323462000337,5.29,5.29,5.29,5.29,5.29,5.29,6.57,6.57,7.15,7.15,5.72,5.72,5.72,5.72,5.72,5.72,6.86,7.43,7.43,6.86,5.43,5.43,5.43,5.43
N_9_5,N_8_3,14.768100670201465,8.2,8.2,8.2,8.2,8.2,8.2,10.19,10.19,11.08,11.08,8.86,8.86,8.86,8.86,8.86,8.86,10.63,11.52,11.52,10.63,8.42,8.42,8.42,8.42
N_9_5,N_10_3,3.68073582904471,3.75,3.75,3.75,3.75,3.75,3.75,5.74,5.74,6.63,6.63,4.42,4.42,4.42,4.42,4.42,4.42,6.18,7.07,7.07,6.18,3.98,3.98,3.98,3.98
N_9_5,N_9_7,1.7862500501509564,2.93,2.93,2.93,2.93,2.93,2.93,4.86,4.86,5.72,5.72,3.57,3.57,3.57,3.57,3.57,3.57,5.29,6.14,6.14,5.29,3.14,3.14,3.14,3.14
N_9_5,N_7_7,11.99300248980729,6.66,6.66,6.66,6.66,6.66,6.66,8.28,8.28,8.99,8.99,7.2,7.2,7.2,7.2,7.2,7.2,8.63,9.35,9.35,8.63,6.84,6.84,6.84,6.84
N_9_5,N_10_5,8.790321320528927,4.88,4.88,4.88,4.88,4.88,4.88,6.07,6.07,6.59,6.59,5.27,5.27,5.27,5.27,5.27,5.27,6.33,6.86,6.86,6.33,5.01,5.01,5.01,5.01
N_9_5,N_10_4,8.588635292014432,4.77,4.77,4.77,4.77,4.77,4.77,5.93,5.93,6.44,6.44,5.15,5.15,5.15,5.15,5.15,5.15,6.18,6.7,6.7,6.18,4.9,4.9,4.9,4.9
N_9_6,N_7_6,12.345068400211785,6.85,6.85,6.85,6.85,6.85,6.85,8.52,8.52,9.26,9.26,7.41,7.41,7.41,7.41,7.41,7.41,8.89,9.63,9.63,8.89,7.04,7.04,7.04,7.04
N_9_6,N_7_8,8.722143599963042,4.84,4.84,4.84,4.84,4.84,4.84,6.02,6.02,6.54,6.54,5.23,5.23,5.23,5.23,5.23,5.23,6.28,6.8,6.8,6.28,4.97,4.97,4.97,4.97
N_9_6,N_9_8,6.918770656084908,7.06,7.06,7.06,7.06,7.06,7.06,10.79,10.79,12.45,12.45,8.3,8.3,8.3,8.3,8.3,8.3,11.62,13.28,13.28,11.62,7.47,7.47,7.47,7.47
N_9_6,N_7_4,4.612982283949467,4.71,4.71,4.71,4.71,4.71,4.71,7.2,7.2,8.3,8.3,5.54,5.54,5.54,5.54,5.54,5.54,7.75,8.86,8.86,7.75,4.98,4.98,4.98,4.98
N_9_6,N_9_3,5.764126823617892,5.88,5.88,5.88,5.88,5.88,5.88,8.99,8.99,10.38,10.38,6.92,6.92,6.92,6.92,6.92,6.92,9.68,11.07,11.07,9.68,6.23,6.23,6.23,6.23
N_9_7,N_10_6,5.838757185265257,5.96,5.96,5.96,5.96,5.96,5.96,9.11,9.11,10.51,10.51,7.01,7.01,7.01,7.01,7.01,7.01,9.81,11.21,11.21,9.81,6.31,6.31,6.31,6.31
N_9_7,N_9_4,9.528323462000337,5.29,5.29,5.29,5.29,5.29,5.29,6.57,6.57,7.15,7.15,5.72,5.72,5.72,5.72,5.72,5.72,6.86,7.43,7.43,6.86,5.43,5.43,5.43,5.43
N_9_7,N_9_5,1.7862500501509564,2.93,2.93,2.93,2.93,2.93,2.93,4.86,4.86,5.72,5.72,3.57,3.57,3.57,3.57,3.57,3.57,5.29,6.14,6.14,5.29,3.14,3.14,3.14,3.14
N_9_7,N_10_8,10.202517860969028,5.66,5.66,5.66,5.66,5.66,5.66,7.04,7.04,7.65,7.65,6.12,6.12,6.12,6.12,6.12,6.12,7.35,7.96,7.96,7.35,5.82,5.82,5.82,5.82
N_9_7,N_6_7,10.818495115650812,6.0,6.0,6.0,6.0,6.0,6.0,7.46,7.46,8.11,8.11,6.49,6.49,6.49,6.49,6.49,6.49,7.79,8.44,8.44,7.79,6.17,6.17,6.17,6.17
N_9_7,N_8_9,6.548845439095627,6.68,6.68,6.68,6.68,6.68,6.68,10.22,10.22,11.79,11.79,7.86,7.86,7.86,7.86,7.86,7.86,11.0,12.57,12.57,11.0,7.07,7.07,7.07,7.07
N_9_8,N_11_10,4.463274520412038,4.55,4.55,4.55,4.55,4.55,4.55,6.96,6.96,8.03,8.03,5.36,5.36,5.36,5.36,5.36,5.36,7.5,8.57,8.57,7.5,4.82,4.82,4.82,4.82
N_9_8,N_7_7,12.15704031712312,6.75,6.75,6.75,6.75,6.75,6.75,8.39,8.39,9.12,9.12,7.29,7.29,7.29,7.29,7.29,7.29,8.75,9.48,9.48,8.75,6.93,6.93,6.93,6.93
N_9_8,N_9_6,6.918770656084908,7.06,7.06,7.06,7.06,7.06,7.06,10.79,10.79,12.45,12.45,8.3,8.3,8.3,8.3,8.3,8.3,11.62,13.28,13.28,11.62,7.47,7.47,7.47,7.47
N_9_9,N_10_8,3.4157072366946806,3.48,3.48,3.48,3.48,3.48,3.48,5.33,5.33,6.15,6.15,4.1,4.1,4.1,4.1,4.1,4.1,5.74,6.56,6.56,5.74,3.69,3.69,3.69,3.69
N_9_9,N_11_7,6.552117878072941,6.68,6.68,6.68,6.68,6.68,6.68,10.22,10.22,11.79,11.79,7.86,7.86,7.86,7.86,7.86,7.86,11.01,12.58,12.58,11.01,7.08,7.08,7.08,7.08
N_9_9,N_12_9,11.996813655952831,6.66,6.66,6.66,6.66,6.66,6.66,8.28,8.28,9.0,9.0,7.2,7.2,7.2,7.2,7.2,7.2,8.64,9.36,9.36,8.64,6.84,6.84,6.84,6.84
N_9_9,N_11_10,10.044787592439832,5.57,5.57,5.57,5.57,5.57,5.57,6.93,6.93,7.53,7.53,6.03,6.03,6.03,6.03,6.03,6.03,7.23,7.83,7.83,7.23,5.73,5.73,5.73,5.73
N_9_9,N_6_9,13.827920343955162,7.67,7.67,7.67,7.67,7.67,7.67,9.54,9.54,10.37,10.37,8.3,8.3,8.3,8.3,8.3,8.3,9.96,10.79,10.79,9.96,7.88,7.88,7.88,7.88
N_9_9,N_8_9,1.2407417871724595,2.03,2.03,2.03,2.03,2.03,2.03,3.37,3.37,3.97,3.97,2.48,2.48,2.48,2.48,2.48,2.48,3.67,4.27,4.27,3.67,2.18,2.18,2.18,2.18
